Id,interaction,aa_A,aa_C,aa_D,aa_E,aa_F,aa_G,aa_H,aa_I,aa_K,aa_L,aa_M,aa_N,aa_P,aa_Q,aa_R,aa_S,aa_T,aa_V,aa_W,aa_Y,nt_A,nt_C,nt_G,nt_U,dataset_id2,RPIEmbeddor_pred
RNCMPT00251_min,0,0.1028446389496717,0.0306345733041575,0.0547045951859956,0.0481400437636761,0.0525164113785558,0.0678336980306345,0.024070021881838,0.0437636761487965,0.0306345733041575,0.0919037199124726,0.0284463894967177,0.0328227571115973,0.0459518599562363,0.037199124726477,0.0634573304157549,0.0853391684901531,0.0547045951859956,0.0787746170678337,0.0065645514223194,0.0196936542669584,0.2333333333333333,0.1666666666666666,0.3,0.3,RNCMPT00251_min,0
RNCMPT00047_min,0,0.0967741935483871,0.0058651026392961,0.0410557184750733,0.0791788856304985,0.0146627565982404,0.0615835777126099,0.0175953079178885,0.0557184750733137,0.0703812316715542,0.0967741935483871,0.0381231671554252,0.0410557184750733,0.0967741935483871,0.032258064516129,0.0586510263929618,0.032258064516129,0.064516129032258,0.0615835777126099,0.002932551319648,0.032258064516129,0.1842105263157894,0.2105263157894736,0.3684210526315789,0.2368421052631578,RNCMPT00047_min,0
RNCMPT00021_min,0,0.0179640718562874,0.0,0.0778443113772455,0.0838323353293413,0.0538922155688622,0.1257485029940119,0.0119760479041916,0.0538922155688622,0.0359281437125748,0.0419161676646706,0.029940119760479,0.0538922155688622,0.0898203592814371,0.0359281437125748,0.1616766467065868,0.029940119760479,0.0179640718562874,0.0718562874251497,0.0,0.0059880239520958,0.2368421052631578,0.2894736842105263,0.2368421052631578,0.2368421052631578,RNCMPT00021_min,0
5GXH,1,0.0461309523809523,0.03125,0.0550595238095238,0.0446428571428571,0.0327380952380952,0.0788690476190476,0.0461309523809523,0.0610119047619047,0.0491071428571428,0.0907738095238095,0.0104166666666666,0.0327380952380952,0.0595238095238095,0.0342261904761904,0.0431547619047619,0.0922619047619047,0.0654761904761904,0.0654761904761904,0.0327380952380952,0.0282738095238095,0.1428571428571428,0.0,0.1428571428571428,0.7142857142857143,5GXH,1
RNCMPT00078_min,0,0.0467836257309941,0.0175438596491228,0.0467836257309941,0.0467836257309941,0.0409356725146198,0.0643274853801169,0.0409356725146198,0.0467836257309941,0.0350877192982456,0.023391812865497,0.0116959064327485,0.023391812865497,0.0701754385964912,0.0467836257309941,0.1871345029239766,0.1403508771929824,0.0350877192982456,0.0409356725146198,0.0,0.0350877192982456,0.2368421052631578,0.1052631578947368,0.4210526315789473,0.2368421052631578,RNCMPT00078_min,0
4JXZ,1,0.0650557620817843,0.0185873605947955,0.0650557620817843,0.0799256505576208,0.0446096654275092,0.0594795539033457,0.0297397769516728,0.0650557620817843,0.0576208178438661,0.0743494423791821,0.020446096654275,0.0501858736059479,0.0501858736059479,0.0278810408921933,0.0724907063197026,0.0501858736059479,0.0501858736059479,0.0631970260223048,0.0148698884758364,0.0408921933085501,0.1971830985915492,0.3098591549295774,0.2957746478873239,0.1971830985915492,4JXZ,1
RNCMPT00106_min,0,0.0495049504950495,0.0099009900990099,0.099009900990099,0.0544554455445544,0.0346534653465346,0.1633663366336633,0.0099009900990099,0.0346534653465346,0.0396039603960396,0.0297029702970297,0.0148514851485148,0.0297029702970297,0.0693069306930693,0.0049504950495049,0.1237623762376237,0.0495049504950495,0.0297029702970297,0.0841584158415841,0.0049504950495049,0.0643564356435643,0.1428571428571428,0.3428571428571428,0.3142857142857143,0.2,RNCMPT00106_min,1
RNCMPT00166_min,0,0.088659793814433,0.0144329896907216,0.0371134020618556,0.0391752577319587,0.0494845360824742,0.0865979381443299,0.0268041237113402,0.0391752577319587,0.0432989690721649,0.0927835051546391,0.0288659793814433,0.0185567010309278,0.0989690721649484,0.0824742268041237,0.0412371134020618,0.0721649484536082,0.0597938144329896,0.0556701030927835,0.0,0.0247422680412371,0.2894736842105263,0.2368421052631578,0.3157894736842105,0.1578947368421052,RNCMPT00166_min,1
3T5N,1,0.0602836879432624,0.0141843971631205,0.0744680851063829,0.0390070921985815,0.0177304964539007,0.0602836879432624,0.0070921985815602,0.0531914893617021,0.0780141843971631,0.1489361702127659,0.0248226950354609,0.0602836879432624,0.0248226950354609,0.0460992907801418,0.0460992907801418,0.0851063829787234,0.0638297872340425,0.0567375886524822,0.0141843971631205,0.0248226950354609,0.1666666666666666,0.3333333333333333,0.0,0.5,3T5N,1
RNCMPT00173_min,0,0.073170731707317,0.016260162601626,0.040650406504065,0.0447154471544715,0.024390243902439,0.073170731707317,0.016260162601626,0.040650406504065,0.073170731707317,0.0691056910569105,0.024390243902439,0.065040650406504,0.089430894308943,0.0772357723577235,0.032520325203252,0.0853658536585365,0.0609756097560975,0.0365853658536585,0.0040650406504065,0.0528455284552845,0.1578947368421052,0.3157894736842105,0.2894736842105263,0.2368421052631578,RNCMPT00173_min,0
2OIH,1,0.0631578947368421,0.0,0.0526315789473684,0.0421052631578947,0.0631578947368421,0.031578947368421,0.0210526315789473,0.1052631578947368,0.1157894736842105,0.0736842105263157,0.0421052631578947,0.0526315789473684,0.0421052631578947,0.0421052631578947,0.0631578947368421,0.0842105263157894,0.0421052631578947,0.031578947368421,0.0,0.031578947368421,0.136986301369863,0.3424657534246575,0.3424657534246575,0.1780821917808219,2OIH,1
RNCMPT00055_min,0,0.0714285714285714,0.0109890109890109,0.0842490842490842,0.0586080586080586,0.0238095238095238,0.0622710622710622,0.0164835164835164,0.0366300366300366,0.0531135531135531,0.0494505494505494,0.0183150183150183,0.0274725274725274,0.0512820512820512,0.0714285714285714,0.0695970695970696,0.119047619047619,0.0604395604395604,0.0439560439560439,0.0073260073260073,0.0641025641025641,0.1666666666666666,0.3333333333333333,0.2333333333333333,0.2666666666666666,RNCMPT00055_min,1
3Q0R,1,0.0583090379008746,0.0262390670553935,0.0437317784256559,0.0670553935860058,0.0379008746355685,0.0466472303206997,0.0495626822157434,0.0728862973760933,0.0641399416909621,0.0962099125364431,0.0262390670553935,0.032069970845481,0.0291545189504373,0.0932944606413994,0.0583090379008746,0.0466472303206997,0.0349854227405247,0.0787172011661807,0.0,0.0379008746355685,0.375,0.0,0.25,0.375,3Q0R,1
RNCMPT00076_min,0,0.0461538461538461,0.0153846153846153,0.0653846153846153,0.0576923076923076,0.0653846153846153,0.123076923076923,0.0192307692307692,0.0346153846153846,0.073076923076923,0.0615384615384615,0.0307692307692307,0.0538461538461538,0.0346153846153846,0.05,0.0538461538461538,0.0653846153846153,0.0423076923076923,0.0769230769230769,0.0115384615384615,0.0192307692307692,0.3157894736842105,0.2894736842105263,0.1842105263157894,0.2105263157894736,RNCMPT00076_min,1
4JK0,1,0.0416666666666666,0.0166666666666666,0.0416666666666666,0.0583333333333333,0.0666666666666666,0.0833333333333333,0.0333333333333333,0.0333333333333333,0.0416666666666666,0.0916666666666666,0.0166666666666666,0.025,0.0416666666666666,0.0416666666666666,0.0833333333333333,0.1083333333333333,0.0583333333333333,0.05,0.0333333333333333,0.0333333333333333,0.0,0.2857142857142857,0.2857142857142857,0.4285714285714285,4JK0,1
4PRF,1,0.0631578947368421,0.0,0.0526315789473684,0.0421052631578947,0.0631578947368421,0.031578947368421,0.0210526315789473,0.1052631578947368,0.1157894736842105,0.0736842105263157,0.0421052631578947,0.0526315789473684,0.0421052631578947,0.0421052631578947,0.0631578947368421,0.0842105263157894,0.0421052631578947,0.031578947368421,0.0,0.031578947368421,0.1486486486486486,0.3378378378378378,0.3378378378378378,0.1756756756756756,4PRF,0
RNCMPT00001_min,0,0.0735294117647058,0.0117647058823529,0.05,0.0852941176470588,0.0352941176470588,0.0941176470588235,0.0088235294117647,0.05,0.0735294117647058,0.0735294117647058,0.0323529411764705,0.0470588235294117,0.0470588235294117,0.0235294117647058,0.0676470588235294,0.0441176470588235,0.0470588235294117,0.0823529411764705,0.0088235294117647,0.0441176470588235,0.1842105263157894,0.2631578947368421,0.2368421052631578,0.3157894736842105,RNCMPT00001_min,1
2FK6,1,0.0846905537459283,0.006514657980456,0.0586319218241042,0.0846905537459283,0.0423452768729641,0.0781758957654723,0.0293159609120521,0.0586319218241042,0.0749185667752443,0.0879478827361563,0.01628664495114,0.019543973941368,0.0423452768729641,0.0358306188925081,0.0456026058631921,0.0456026058631921,0.0651465798045602,0.0879478827361563,0.003257328990228,0.0325732899022801,0.1886792452830188,0.2830188679245283,0.320754716981132,0.2075471698113207,2FK6,1
5WZJ,1,0.0730337078651685,0.0337078651685393,0.0505617977528089,0.0823970037453183,0.0374531835205992,0.046816479400749,0.0262172284644194,0.0617977528089887,0.0580524344569288,0.1310861423220973,0.0243445692883895,0.0337078651685393,0.0280898876404494,0.0374531835205992,0.048689138576779,0.099250936329588,0.0355805243445692,0.0543071161048689,0.0074906367041198,0.0299625468164794,0.1818181818181818,0.0909090909090909,0.4545454545454545,0.2727272727272727,5WZJ,1
RNCMPT00143_min,0,0.0584795321637426,0.0,0.0584795321637426,0.1228070175438596,0.0292397660818713,0.0760233918128654,0.0292397660818713,0.0584795321637426,0.087719298245614,0.0701754385964912,0.0058479532163742,0.0292397660818713,0.0409356725146198,0.0175438596491228,0.1403508771929824,0.0292397660818713,0.0467836257309941,0.0467836257309941,0.0116959064327485,0.0409356725146198,0.1025641025641025,0.1282051282051282,0.4871794871794871,0.282051282051282,RNCMPT00143_min,1
RNCMPT00014_min,0,0.1074561403508772,0.0109649122807017,0.0350877192982456,0.0307017543859649,0.0328947368421052,0.0635964912280701,0.0153508771929824,0.0482456140350877,0.0394736842105263,0.1008771929824561,0.0197368421052631,0.0592105263157894,0.0548245614035087,0.0614035087719298,0.0307017543859649,0.0964912280701754,0.0921052631578947,0.0635964912280701,0.0021929824561403,0.0350877192982456,0.3157894736842105,0.2368421052631578,0.3157894736842105,0.131578947368421,RNCMPT00014_min,0
RNCMPT00269_min,0,0.0981132075471698,0.0056603773584905,0.0471698113207547,0.0320754716981132,0.0452830188679245,0.0716981132075471,0.0283018867924528,0.0528301886792452,0.0622641509433962,0.1,0.0226415094339622,0.0698113207547169,0.0528301886792452,0.0547169811320754,0.0339622641509433,0.0886792452830188,0.0433962264150943,0.0716981132075471,0.0,0.0188679245283018,0.2631578947368421,0.1052631578947368,0.4473684210526316,0.1842105263157894,RNCMPT00269_min,0
RNCMPT00096_min,0,0.0418848167539267,0.0,0.1151832460732984,0.0471204188481675,0.0575916230366492,0.0785340314136125,0.0366492146596858,0.06282722513089,0.1047120418848167,0.0418848167539267,0.0209424083769633,0.0366492146596858,0.0471204188481675,0.0575916230366492,0.0575916230366492,0.0418848167539267,0.0366492146596858,0.0890052356020942,0.0052356020942408,0.0209424083769633,0.2631578947368421,0.3421052631578947,0.2105263157894736,0.1842105263157894,RNCMPT00096_min,1
3K5Q,1,0.065,0.0325,0.0675,0.0525,0.0425,0.04,0.025,0.0625,0.065,0.1125,0.035,0.045,0.0175,0.0575,0.055,0.0775,0.0475,0.0675,0.0075,0.025,0.3333333333333333,0.1111111111111111,0.1111111111111111,0.4444444444444444,3K5Q,1
RNCMPT00199_min,0,0.032520325203252,0.016260162601626,0.08130081300813,0.1016260162601626,0.0528455284552845,0.065040650406504,0.008130081300813,0.040650406504065,0.08130081300813,0.0528455284552845,0.016260162601626,0.08130081300813,0.0203252032520325,0.0121951219512195,0.1341463414634146,0.0528455284552845,0.0203252032520325,0.065040650406504,0.0121951219512195,0.0528455284552845,0.4210526315789473,0.2894736842105263,0.1578947368421052,0.131578947368421,RNCMPT00199_min,1
5I9H,1,0.0570652173913043,0.029891304347826,0.0760869565217391,0.1195652173913043,0.0271739130434782,0.0815217391304347,0.0,0.0543478260869565,0.1304347826086956,0.1413043478260869,0.0271739130434782,0.0217391304347826,0.029891304347826,0.0,0.0135869565217391,0.0027173913043478,0.0652173913043478,0.0896739130434782,0.0,0.0326086956521739,0.0,0.0909090909090909,0.1818181818181818,0.7272727272727273,5I9H,1
RNCMPT00256_min,0,0.0589887640449438,0.0028089887640449,0.0646067415730337,0.0533707865168539,0.0505617977528089,0.1292134831460674,0.0196629213483146,0.0365168539325842,0.0561797752808988,0.0393258426966292,0.0196629213483146,0.0702247191011236,0.0308988764044943,0.0561797752808988,0.0505617977528089,0.0786516853932584,0.0646067415730337,0.0589887640449438,0.0112359550561797,0.047752808988764,0.3142857142857143,0.2,0.3142857142857143,0.1714285714285714,RNCMPT00256_min,1
RNCMPT00226_min,0,0.0443349753694581,0.0246305418719211,0.0246305418719211,0.0541871921182266,0.0443349753694581,0.064039408866995,0.0098522167487684,0.0886699507389162,0.064039408866995,0.0492610837438423,0.0098522167487684,0.0886699507389162,0.0246305418719211,0.0591133004926108,0.0541871921182266,0.083743842364532,0.0344827586206896,0.1182266009852216,0.0,0.0591133004926108,0.2105263157894736,0.2105263157894736,0.2894736842105263,0.2894736842105263,RNCMPT00226_min,1
7CGM,1,0.0544412607449856,0.0229226361031518,0.0544412607449856,0.0716332378223495,0.0429799426934097,0.0372492836676217,0.0401146131805157,0.0716332378223495,0.0687679083094555,0.0659025787965616,0.0286532951289398,0.0401146131805157,0.0315186246418338,0.0744985673352435,0.0601719197707736,0.0573065902578796,0.0286532951289398,0.1031518624641833,0.0028653295128939,0.0429799426934097,0.375,0.0,0.125,0.5,7CGM,1
RNCMPT00035_min,0,0.0579710144927536,0.0289855072463768,0.0531400966183574,0.072463768115942,0.038647342995169,0.1111111111111111,0.0144927536231884,0.0289855072463768,0.0628019323671497,0.0628019323671497,0.0144927536231884,0.0434782608695652,0.0579710144927536,0.0434782608695652,0.072463768115942,0.038647342995169,0.0628019323671497,0.0917874396135265,0.0048309178743961,0.038647342995169,0.2285714285714285,0.2,0.3714285714285714,0.2,RNCMPT00035_min,1
RNCMPT00152_min,0,0.073170731707317,0.016260162601626,0.040650406504065,0.040650406504065,0.0284552845528455,0.073170731707317,0.016260162601626,0.0365853658536585,0.0772357723577235,0.0772357723577235,0.024390243902439,0.0528455284552845,0.08130081300813,0.065040650406504,0.0365853658536585,0.0975609756097561,0.0691056910569105,0.0447154471544715,0.008130081300813,0.040650406504065,0.1842105263157894,0.3947368421052631,0.2105263157894736,0.2105263157894736,RNCMPT00152_min,1
RNCMPT00058_min,0,0.0703125,0.0234375,0.0546875,0.0625,0.0390625,0.109375,0.0078125,0.015625,0.0234375,0.03125,0.015625,0.0234375,0.046875,0.0,0.21875,0.140625,0.0234375,0.046875,0.015625,0.03125,0.2894736842105263,0.2368421052631578,0.2894736842105263,0.1842105263157894,RNCMPT00058_min,1
6ZDQ,1,0.0251107828655834,0.0162481536189069,0.0561299852289512,0.053175775480059,0.0605612998522895,0.0398818316100443,0.017725258493353,0.0709010339734121,0.0960118168389955,0.1285081240768094,0.0118168389955686,0.0472673559822747,0.0206794682422452,0.0339734121122599,0.053175775480059,0.0930576070901034,0.0443131462333825,0.0709010339734121,0.0147710487444608,0.0457902511078286,0.2923076923076923,0.1538461538461538,0.2923076923076923,0.2615384615384615,6ZDQ,1
RNCMPT00234_min,0,0.0588235294117647,0.0030959752321981,0.0495356037151702,0.0650154798761609,0.0495356037151702,0.0247678018575851,0.0154798761609907,0.0712074303405572,0.1238390092879257,0.0619195046439628,0.0402476780185758,0.1083591331269349,0.0464396284829721,0.0526315789473684,0.0278637770897832,0.0340557275541795,0.0495356037151702,0.0588235294117647,0.0061919504643962,0.0526315789473684,0.2105263157894736,0.1052631578947368,0.4473684210526316,0.2368421052631578,RNCMPT00234_min,1
RNCMPT00159_min,0,0.088235294117647,0.0073529411764705,0.0735294117647058,0.0294117647058823,0.0441176470588235,0.0808823529411764,0.0147058823529411,0.0441176470588235,0.0735294117647058,0.0735294117647058,0.0147058823529411,0.0661764705882353,0.0367647058823529,0.0220588235294117,0.0808823529411764,0.0808823529411764,0.0294117647058823,0.0661764705882353,0.0,0.0735294117647058,0.3142857142857143,0.1714285714285714,0.3142857142857143,0.2,RNCMPT00159_min,0
RNCMPT00085_min,0,0.1013824884792626,0.0276497695852534,0.0437788018433179,0.0599078341013824,0.0299539170506912,0.1013824884792626,0.0276497695852534,0.0276497695852534,0.0391705069124423,0.0691244239631336,0.0230414746543778,0.032258064516129,0.1059907834101382,0.0414746543778801,0.0668202764976958,0.0714285714285714,0.0576036866359447,0.0552995391705069,0.0,0.0184331797235023,0.2285714285714285,0.2857142857142857,0.2571428571428571,0.2285714285714285,RNCMPT00085_min,1
RNCMPT00032_min,0,0.0707692307692307,0.0092307692307692,0.0492307692307692,0.0461538461538461,0.0553846153846153,0.0892307692307692,0.0246153846153846,0.0584615384615384,0.0523076923076923,0.0676923076923076,0.0307692307692307,0.0707692307692307,0.0369230769230769,0.0369230769230769,0.0615384615384615,0.0861538461538461,0.0492307692307692,0.0676923076923076,0.0061538461538461,0.0307692307692307,0.2631578947368421,0.1578947368421052,0.3684210526315789,0.2105263157894736,RNCMPT00032_min,0
RNCMPT00228_min,0,0.0854922279792746,0.0207253886010362,0.0414507772020725,0.0492227979274611,0.0336787564766839,0.1036269430051813,0.0259067357512953,0.0284974093264248,0.0336787564766839,0.0803108808290155,0.0181347150259067,0.0518134715025906,0.0569948186528497,0.0595854922279792,0.0466321243523316,0.0906735751295336,0.0492227979274611,0.0725388601036269,0.0155440414507772,0.0362694300518134,0.2894736842105263,0.3157894736842105,0.1842105263157894,0.2105263157894736,RNCMPT00228_min,0
RNCMPT00262_min,0,0.0893371757925072,0.0115273775216138,0.0489913544668587,0.0893371757925072,0.0489913544668587,0.0893371757925072,0.0028818443804034,0.063400576368876,0.031700288184438,0.063400576368876,0.0230547550432276,0.0576368876080691,0.063400576368876,0.0403458213256484,0.0576368876080691,0.063400576368876,0.0518731988472622,0.0778097982708933,0.0,0.0259365994236311,0.3157894736842105,0.1842105263157894,0.3157894736842105,0.1842105263157894,RNCMPT00262_min,0
2ZH5,1,0.0526315789473684,0.0137299771167048,0.034324942791762,0.1418764302059496,0.0732265446224256,0.0617848970251716,0.0183066361556064,0.045766590389016,0.0823798627002288,0.0892448512585812,0.0160183066361556,0.0320366132723112,0.0411899313501144,0.0068649885583524,0.091533180778032,0.0411899313501144,0.0251716247139588,0.0869565217391304,0.0137299771167048,0.0320366132723112,0.0588235294117647,0.3823529411764705,0.3823529411764705,0.1764705882352941,2ZH5,1
3K64,1,0.065,0.0325,0.0675,0.0525,0.0425,0.04,0.025,0.0625,0.065,0.1125,0.035,0.045,0.0175,0.0575,0.055,0.0775,0.0475,0.0675,0.0075,0.025,0.1111111111111111,0.1111111111111111,0.2222222222222222,0.5555555555555556,3K64,1
RNCMPT00044_min,0,0.0746268656716417,0.017910447761194,0.0238805970149253,0.0597014925373134,0.0149253731343283,0.1044776119402985,0.0149253731343283,0.1104477611940298,0.0507462686567164,0.0626865671641791,0.0328358208955223,0.0328358208955223,0.0567164179104477,0.0567164179104477,0.0388059701492537,0.1044776119402985,0.0716417910447761,0.053731343283582,0.0029850746268656,0.0149253731343283,0.2368421052631578,0.1842105263157894,0.3684210526315789,0.2105263157894736,RNCMPT00044_min,0
1ZJW,1,0.0660377358490566,0.0188679245283018,0.0660377358490566,0.0811320754716981,0.0452830188679245,0.0584905660377358,0.030188679245283,0.0660377358490566,0.0528301886792452,0.0754716981132075,0.020754716981132,0.0509433962264151,0.0490566037735849,0.030188679245283,0.0716981132075471,0.0490566037735849,0.0509433962264151,0.0622641509433962,0.0132075471698113,0.0415094339622641,0.2027027027027027,0.3108108108108108,0.2837837837837837,0.2027027027027027,1ZJW,1
RNCMPT00153_min,0,0.0748792270531401,0.0096618357487922,0.0531400966183574,0.0700483091787439,0.0555555555555555,0.0748792270531401,0.0169082125603864,0.038647342995169,0.0845410628019323,0.0579710144927536,0.038647342995169,0.0555555555555555,0.0410628019323671,0.038647342995169,0.0628019323671497,0.0652173913043478,0.0483091787439613,0.0748792270531401,0.002415458937198,0.036231884057971,0.2631578947368421,0.2894736842105263,0.2631578947368421,0.1842105263157894,RNCMPT00153_min,0
RNCMPT00171_min,0,0.0706806282722513,0.0157068062827225,0.0654450261780104,0.06282722513089,0.06282722513089,0.0837696335078534,0.013089005235602,0.0445026178010471,0.0890052356020942,0.0759162303664921,0.0209424083769633,0.0497382198952879,0.0418848167539267,0.0157068062827225,0.0863874345549738,0.0549738219895288,0.031413612565445,0.0732984293193717,0.0078534031413612,0.0340314136125654,0.2,0.2333333333333333,0.3666666666666666,0.2,RNCMPT00171_min,0
RNCMPT00123_min,0,0.1834319526627219,0.0059171597633136,0.029585798816568,0.0414201183431952,0.0473372781065088,0.0710059171597633,0.0236686390532544,0.0414201183431952,0.0355029585798816,0.0473372781065088,0.0118343195266272,0.0532544378698224,0.0473372781065088,0.0355029585798816,0.0710059171597633,0.0710059171597633,0.0473372781065088,0.1242603550295858,0.0059171597633136,0.0059171597633136,0.2,0.4,0.1714285714285714,0.2285714285714285,RNCMPT00123_min,0
RNCMPT00077_min,0,0.0693333333333333,0.016,0.0346666666666666,0.0453333333333333,0.0426666666666666,0.0986666666666666,0.0213333333333333,0.0426666666666666,0.0506666666666666,0.0346666666666666,0.04,0.0613333333333333,0.0613333333333333,0.088,0.032,0.0666666666666666,0.0586666666666666,0.064,0.0266666666666666,0.0453333333333333,0.2894736842105263,0.1578947368421052,0.4473684210526316,0.1052631578947368,RNCMPT00077_min,0
RNCMPT00010_min,0,0.0526315789473684,0.0121457489878542,0.0404858299595141,0.0647773279352226,0.0404858299595141,0.068825910931174,0.020242914979757,0.0323886639676113,0.0809716599190283,0.068825910931174,0.0323886639676113,0.0404858299595141,0.0566801619433198,0.020242914979757,0.1012145748987854,0.0931174089068826,0.0526315789473684,0.0647773279352226,0.0040485829959514,0.0526315789473684,0.2571428571428571,0.4571428571428571,0.1428571428571428,0.1428571428571428,RNCMPT00010_min,1
RNCMPT00061_min,0,0.0314960629921259,0.0078740157480314,0.0708661417322834,0.0551181102362204,0.0551181102362204,0.1889763779527559,0.0157480314960629,0.0314960629921259,0.0551181102362204,0.0551181102362204,0.0236220472440944,0.0314960629921259,0.0314960629921259,0.0314960629921259,0.1102362204724409,0.1023622047244094,0.0314960629921259,0.0472440944881889,0.0078740157480314,0.0157480314960629,0.3157894736842105,0.2105263157894736,0.2105263157894736,0.2631578947368421,RNCMPT00061_min,0
RNCMPT00216_min,0,0.0962962962962963,0.0148148148148148,0.037037037037037,0.0592592592592592,0.037037037037037,0.0703703703703703,0.037037037037037,0.0333333333333333,0.037037037037037,0.0666666666666666,0.0148148148148148,0.0407407407407407,0.0629629629629629,0.0333333333333333,0.1074074074074074,0.0925925925925925,0.0666666666666666,0.0851851851851851,0.0037037037037037,0.0037037037037037,0.2368421052631578,0.131578947368421,0.3421052631578947,0.2894736842105263,RNCMPT00216_min,0
4J7L,1,0.0586592178770949,0.0251396648044692,0.0418994413407821,0.0614525139664804,0.0502793296089385,0.0726256983240223,0.0279329608938547,0.0027932960893854,0.0223463687150838,0.1005586592178771,0.0223463687150838,0.0307262569832402,0.1005586592178771,0.0502793296089385,0.0782122905027933,0.0698324022346368,0.047486033519553,0.0614525139664804,0.0279329608938547,0.047486033519553,0.0,0.0,0.0,1.0,4J7L,1
1VC6,1,0.0631578947368421,0.0,0.0526315789473684,0.0421052631578947,0.0631578947368421,0.031578947368421,0.0210526315789473,0.1052631578947368,0.1157894736842105,0.0736842105263157,0.0421052631578947,0.0526315789473684,0.0421052631578947,0.0421052631578947,0.0631578947368421,0.0842105263157894,0.0421052631578947,0.031578947368421,0.0,0.031578947368421,0.1388888888888889,0.3472222222222222,0.3472222222222222,0.1666666666666666,1VC6,0
1QRS,1,0.0661625708884688,0.0189035916824196,0.0642722117202268,0.0812854442344045,0.0453686200378071,0.0586011342155009,0.0302457466918714,0.0661625708884688,0.052930056710775,0.0756143667296786,0.0207939508506616,0.052930056710775,0.0491493383742911,0.0283553875236294,0.0718336483931947,0.0491493383742911,0.051039697542533,0.0623818525519848,0.0132325141776937,0.0415879017013232,0.2027027027027027,0.3108108108108108,0.2837837837837837,0.2027027027027027,1QRS,1
6FPQ,1,0.0804597701149425,0.0172413793103448,0.057471264367816,0.0632183908045977,0.0344827586206896,0.0517241379310344,0.0344827586206896,0.0862068965517241,0.0632183908045977,0.0517241379310344,0.0402298850574712,0.0517241379310344,0.0172413793103448,0.0172413793103448,0.0747126436781609,0.1149425287356321,0.0344827586206896,0.0517241379310344,0.0172413793103448,0.0402298850574712,0.4285714285714285,0.2857142857142857,0.0,0.2857142857142857,6FPQ,1
RNCMPT00132_min,0,0.1070496083550913,0.010443864229765,0.031331592689295,0.04177545691906,0.0391644908616188,0.0704960835509138,0.0052219321148825,0.0600522193211488,0.0548302872062663,0.0678851174934725,0.0130548302872062,0.1357702349869451,0.04177545691906,0.0443864229765013,0.0365535248041775,0.0835509138381201,0.0678851174934725,0.0548302872062663,0.0052219321148825,0.0287206266318537,0.2571428571428571,0.1714285714285714,0.3428571428571428,0.2285714285714285,RNCMPT00132_min,1
RNCMPT00006_min,0,0.0726256983240223,0.0223463687150838,0.0223463687150838,0.0335195530726257,0.0391061452513966,0.0614525139664804,0.0111731843575419,0.0670391061452514,0.0614525139664804,0.0670391061452514,0.0446927374301676,0.0446927374301676,0.0726256983240223,0.0391061452513966,0.0837988826815642,0.0670391061452514,0.0558659217877094,0.0726256983240223,0.0111731843575419,0.0502793296089385,0.1333333333333333,0.1,0.3,0.4666666666666667,RNCMPT00006_min,1
RNCMPT00287_min,0,0.0701754385964912,0.0,0.0526315789473684,0.0292397660818713,0.0409356725146198,0.1345029239766081,0.0175438596491228,0.0175438596491228,0.1052631578947368,0.0467836257309941,0.0058479532163742,0.0350877192982456,0.0409356725146198,0.0350877192982456,0.0584795321637426,0.0818713450292397,0.1111111111111111,0.0760233918128654,0.0116959064327485,0.0292397660818713,0.2285714285714285,0.1428571428571428,0.4,0.2285714285714285,RNCMPT00287_min,0
RNCMPT00107_min,0,0.0495049504950495,0.0099009900990099,0.099009900990099,0.0544554455445544,0.0346534653465346,0.1633663366336633,0.0099009900990099,0.0346534653465346,0.0396039603960396,0.0297029702970297,0.0148514851485148,0.0297029702970297,0.0693069306930693,0.0049504950495049,0.1237623762376237,0.0495049504950495,0.0297029702970297,0.0841584158415841,0.0049504950495049,0.0643564356435643,0.2857142857142857,0.4,0.1142857142857142,0.2,RNCMPT00107_min,1
RNCMPT00183_min,0,0.1139455782312925,0.0153061224489795,0.0476190476190476,0.0272108843537414,0.042517006802721,0.086734693877551,0.0255102040816326,0.0408163265306122,0.0510204081632653,0.0765306122448979,0.0289115646258503,0.0595238095238095,0.0493197278911564,0.0918367346938775,0.0289115646258503,0.0731292517006802,0.0561224489795918,0.0612244897959183,0.0017006802721088,0.0221088435374149,0.2857142857142857,0.2285714285714285,0.3428571428571428,0.1428571428571428,RNCMPT00183_min,1
4KRF,1,0.0624235006119951,0.0244798041615667,0.0465116279069767,0.0452876376988984,0.040391676866585,0.0538555691554467,0.0281517747858017,0.0673194614443084,0.0673194614443084,0.0734394124847001,0.02203182374541,0.0318237454100367,0.0660954712362301,0.0648714810281517,0.0673194614443084,0.040391676866585,0.0563035495716034,0.0869033047735618,0.0085679314565483,0.0465116279069767,0.25,0.0,0.3333333333333333,0.4166666666666667,4KRF,1
RNCMPT00108_min,0,0.0495049504950495,0.0099009900990099,0.099009900990099,0.0544554455445544,0.0346534653465346,0.1633663366336633,0.0099009900990099,0.0346534653465346,0.0396039603960396,0.0297029702970297,0.0148514851485148,0.0297029702970297,0.0693069306930693,0.0049504950495049,0.1237623762376237,0.0495049504950495,0.0297029702970297,0.0841584158415841,0.0049504950495049,0.0643564356435643,0.2894736842105263,0.2894736842105263,0.2105263157894736,0.2105263157894736,RNCMPT00108_min,1
RNCMPT00064_min,0,0.0711610486891385,0.0224719101123595,0.0411985018726591,0.0861423220973782,0.0374531835205992,0.0599250936329588,0.0112359550561797,0.0337078651685393,0.1048689138576779,0.0749063670411985,0.0299625468164794,0.0299625468164794,0.0786516853932584,0.0411985018726591,0.0599250936329588,0.0749063670411985,0.0411985018726591,0.0749063670411985,0.0,0.0262172284644194,0.2666666666666666,0.1333333333333333,0.3333333333333333,0.2666666666666666,RNCMPT00064_min,1
5WZI,1,0.073170731707317,0.0337711069418386,0.0506566604127579,0.0825515947467167,0.0375234521575985,0.0469043151969981,0.0262664165103189,0.0619136960600375,0.0581613508442776,0.1313320825515947,0.024390243902439,0.0318949343339587,0.0281425891181988,0.0375234521575985,0.048780487804878,0.099437148217636,0.0356472795497185,0.0544090056285178,0.0075046904315197,0.0300187617260788,0.1818181818181818,0.0909090909090909,0.5454545454545454,0.1818181818181818,5WZI,1
RNCMPT00097_min,0,0.0579710144927536,0.0289855072463768,0.0531400966183574,0.072463768115942,0.038647342995169,0.1111111111111111,0.0144927536231884,0.0289855072463768,0.0628019323671497,0.0628019323671497,0.0144927536231884,0.0434782608695652,0.0579710144927536,0.0434782608695652,0.072463768115942,0.038647342995169,0.0628019323671497,0.0917874396135265,0.0048309178743961,0.038647342995169,0.2631578947368421,0.2105263157894736,0.3421052631578947,0.1842105263157894,RNCMPT00097_min,1
2ZH2,1,0.0526315789473684,0.0137299771167048,0.034324942791762,0.1418764302059496,0.0732265446224256,0.0617848970251716,0.0183066361556064,0.045766590389016,0.0823798627002288,0.0892448512585812,0.0160183066361556,0.0320366132723112,0.0411899313501144,0.0068649885583524,0.091533180778032,0.0411899313501144,0.0251716247139588,0.0869565217391304,0.0137299771167048,0.0320366132723112,0.088235294117647,0.3823529411764705,0.3823529411764705,0.1470588235294117,2ZH2,0
RNCMPT00230_min,0,0.0978520286396181,0.0095465393794749,0.0525059665871121,0.0787589498806682,0.0405727923627685,0.0859188544152744,0.0190930787589498,0.0381861575178997,0.0739856801909307,0.0835322195704057,0.0190930787589498,0.0405727923627685,0.0620525059665871,0.0238663484486873,0.0525059665871121,0.0668257756563245,0.0381861575178997,0.0930787589498806,0.0023866348448687,0.0214797136038186,0.2631578947368421,0.2894736842105263,0.131578947368421,0.3157894736842105,RNCMPT00230_min,1
1QRT,1,0.0661625708884688,0.0189035916824196,0.0642722117202268,0.0812854442344045,0.0453686200378071,0.0604914933837429,0.0302457466918714,0.0661625708884688,0.052930056710775,0.0756143667296786,0.0207939508506616,0.051039697542533,0.0491493383742911,0.0283553875236294,0.0718336483931947,0.0491493383742911,0.051039697542533,0.0623818525519848,0.0132325141776937,0.0415879017013232,0.2027027027027027,0.3108108108108108,0.2837837837837837,0.2027027027027027,1QRT,1
RNCMPT00112_min,0,0.0707692307692307,0.0092307692307692,0.0492307692307692,0.0461538461538461,0.0553846153846153,0.0892307692307692,0.0246153846153846,0.0584615384615384,0.0523076923076923,0.0676923076923076,0.0307692307692307,0.0707692307692307,0.0369230769230769,0.0369230769230769,0.0615384615384615,0.0861538461538461,0.0492307692307692,0.0676923076923076,0.0061538461538461,0.0307692307692307,0.2105263157894736,0.3421052631578947,0.2631578947368421,0.1842105263157894,RNCMPT00112_min,1
RNCMPT00133_min,0,0.0983606557377049,0.0,0.0327868852459016,0.0546448087431694,0.0437158469945355,0.0710382513661202,0.0327868852459016,0.0109289617486338,0.0491803278688524,0.0983606557377049,0.0327868852459016,0.0710382513661202,0.081967213114754,0.0327868852459016,0.0327868852459016,0.1147540983606557,0.0655737704918032,0.0491803278688524,0.0054644808743169,0.0218579234972677,0.3421052631578947,0.1052631578947368,0.3684210526315789,0.1842105263157894,RNCMPT00133_min,1
1EUY,1,0.0661625708884688,0.0189035916824196,0.0661625708884688,0.0812854442344045,0.0453686200378071,0.0586011342155009,0.0302457466918714,0.0661625708884688,0.052930056710775,0.0756143667296786,0.0207939508506616,0.051039697542533,0.0491493383742911,0.0283553875236294,0.0718336483931947,0.0491493383742911,0.051039697542533,0.0623818525519848,0.0132325141776937,0.0415879017013232,0.2191780821917808,0.3013698630136986,0.3013698630136986,0.1780821917808219,1EUY,1
5ELK,1,0.0495867768595041,0.0826446280991735,0.0413223140495867,0.0578512396694214,0.024793388429752,0.0661157024793388,0.0495867768595041,0.0165289256198347,0.0826446280991735,0.024793388429752,0.0082644628099173,0.0413223140495867,0.1239669421487603,0.0578512396694214,0.0826446280991735,0.0495867768595041,0.0413223140495867,0.0165289256198347,0.0165289256198347,0.0661157024793388,0.3333333333333333,0.1666666666666666,0.1666666666666666,0.3333333333333333,5ELK,1
RNCMPT00288_min,0,0.0678466076696165,0.0117994100294985,0.0560471976401179,0.0973451327433628,0.0383480825958702,0.0825958702064896,0.0117994100294985,0.0442477876106194,0.0943952802359882,0.0678466076696165,0.0206489675516224,0.0353982300884955,0.0678466076696165,0.023598820058997,0.0678466076696165,0.0353982300884955,0.0442477876106194,0.0825958702064896,0.0088495575221238,0.0412979351032448,0.1666666666666666,0.2,0.4666666666666667,0.1666666666666666,RNCMPT00288_min,1
RNCMPT00100_min,0,0.0736434108527131,0.0116279069767441,0.0387596899224806,0.0503875968992248,0.0503875968992248,0.1085271317829457,0.0193798449612403,0.0348837209302325,0.0930232558139534,0.0620155038759689,0.0271317829457364,0.0426356589147286,0.0581395348837209,0.0581395348837209,0.0387596899224806,0.065891472868217,0.0736434108527131,0.0813953488372093,0.003875968992248,0.0077519379844961,0.2,0.3714285714285714,0.1714285714285714,0.2571428571428571,RNCMPT00100_min,1
RNCMPT00114_min,0,0.1349036402569593,0.0149892933618843,0.038543897216274,0.038543897216274,0.0406852248394004,0.0578158458244111,0.0171306209850107,0.0449678800856531,0.0685224839400428,0.0920770877944325,0.025695931477516,0.0513918629550321,0.0578158458244111,0.0728051391862955,0.0171306209850107,0.0792291220556745,0.0706638115631691,0.0578158458244111,0.0042826552462526,0.0149892933618843,0.0666666666666666,0.4,0.3333333333333333,0.2,RNCMPT00114_min,0
7C45,1,0.0881355932203389,0.0338983050847457,0.0610169491525423,0.0508474576271186,0.0440677966101694,0.0644067796610169,0.0271186440677966,0.0338983050847457,0.0644067796610169,0.1016949152542373,0.0135593220338983,0.0203389830508474,0.0406779661016949,0.0406779661016949,0.0610169491525423,0.0610169491525423,0.0542372881355932,0.1016949152542373,0.0101694915254237,0.0271186440677966,0.0,0.0,0.0,1.0,7C45,1
RNCMPT00023_min,0,0.0442477876106194,0.0088495575221238,0.0663716814159292,0.0752212389380531,0.0619469026548672,0.1283185840707964,0.0353982300884955,0.0353982300884955,0.0752212389380531,0.0353982300884955,0.0221238938053097,0.0309734513274336,0.0309734513274336,0.0309734513274336,0.084070796460177,0.0752212389380531,0.0619469026548672,0.0752212389380531,0.0044247787610619,0.0176991150442477,0.1052631578947368,0.3157894736842105,0.2368421052631578,0.3421052631578947,RNCMPT00023_min,1
RNCMPT00088_min,0,0.0543478260869565,0.0108695652173913,0.108695652173913,0.0543478260869565,0.0652173913043478,0.0543478260869565,0.0108695652173913,0.0434782608695652,0.0217391304347826,0.0652173913043478,0.0108695652173913,0.0326086956521739,0.0543478260869565,0.0434782608695652,0.1521739130434782,0.0326086956521739,0.0434782608695652,0.0760869565217391,0.0108695652173913,0.0543478260869565,0.2857142857142857,0.1714285714285714,0.1428571428571428,0.4,RNCMPT00088_min,0
4D26,1,0.0720930232558139,0.0116279069767441,0.0627906976744186,0.055813953488372,0.0488372093023255,0.0674418604651162,0.0209302325581395,0.0744186046511627,0.055813953488372,0.0813953488372093,0.027906976744186,0.0465116279069767,0.0441860465116279,0.0441860465116279,0.0604651162790697,0.0627906976744186,0.0534883720930232,0.0860465116279069,0.0,0.0232558139534883,0.3333333333333333,0.1666666666666666,0.1666666666666666,0.3333333333333333,4D26,1
RNCMPT00012_min,0,0.0622710622710622,0.0366300366300366,0.0879120879120879,0.0512820512820512,0.0586080586080586,0.0805860805860805,0.0146520146520146,0.0512820512820512,0.0476190476190476,0.0842490842490842,0.0183150183150183,0.0219780219780219,0.0695970695970696,0.0476190476190476,0.0549450549450549,0.0695970695970696,0.0219780219780219,0.0732600732600732,0.0073260073260073,0.0402930402930402,0.2,0.1714285714285714,0.4285714285714285,0.2,RNCMPT00012_min,1
RNCMPT00157_min,0,0.0705882352941176,0.0117647058823529,0.0352941176470588,0.1,0.0470588235294117,0.0764705882352941,0.0176470588235294,0.0470588235294117,0.0529411764705882,0.0411764705882352,0.0294117647058823,0.0529411764705882,0.0529411764705882,0.0176470588235294,0.1117647058823529,0.088235294117647,0.0470588235294117,0.0588235294117647,0.0,0.0411764705882352,0.2666666666666666,0.1333333333333333,0.3333333333333333,0.2666666666666666,RNCMPT00157_min,1
RNCMPT00161_min,0,0.0560344827586206,0.0043103448275862,0.043103448275862,0.0948275862068965,0.0344827586206896,0.0948275862068965,0.021551724137931,0.0689655172413793,0.0603448275862069,0.0818965517241379,0.0258620689655172,0.0387931034482758,0.021551724137931,0.043103448275862,0.0862068965517241,0.0560344827586206,0.0474137931034482,0.0948275862068965,0.0,0.0258620689655172,0.2,0.4,0.3,0.1,RNCMPT00161_min,1
5WWG,1,0.0597826086956521,0.0054347826086956,0.0652173913043478,0.1032608695652173,0.0597826086956521,0.0815217391304347,0.0380434782608695,0.0489130434782608,0.092391304347826,0.0434782608695652,0.0217391304347826,0.0163043478260869,0.0271739130434782,0.0326086956521739,0.0869565217391304,0.0543478260869565,0.0543478260869565,0.0760869565217391,0.0054347826086956,0.0271739130434782,0.375,0.125,0.25,0.25,5WWG,1
5LTA,1,0.0787965616045845,0.0128939828080229,0.0501432664756446,0.0830945558739255,0.0343839541547277,0.0429799426934097,0.0257879656160458,0.0558739255014326,0.0573065902578796,0.1031518624641833,0.0243553008595988,0.0315186246418338,0.0544412607449856,0.0458452722063037,0.0687679083094555,0.0558739255014326,0.0644699140401146,0.0616045845272206,0.0071633237822349,0.0415472779369627,0.0,0.0,0.0,1.0,5LTA,1
3Q0S,1,0.0583090379008746,0.0262390670553935,0.0437317784256559,0.0670553935860058,0.0379008746355685,0.0466472303206997,0.0495626822157434,0.0728862973760933,0.0641399416909621,0.0962099125364431,0.0262390670553935,0.032069970845481,0.0291545189504373,0.0932944606413994,0.0583090379008746,0.0466472303206997,0.0349854227405247,0.0787172011661807,0.0,0.0379008746355685,0.25,0.25,0.125,0.375,3Q0S,1
1J1U,1,0.0633333333333333,0.0066666666666666,0.0566666666666666,0.11,0.03,0.06,0.0233333333333333,0.09,0.1033333333333333,0.11,0.0333333333333333,0.0433333333333333,0.04,0.02,0.0466666666666666,0.03,0.0233333333333333,0.06,0.0,0.05,0.1756756756756756,0.2972972972972973,0.3378378378378378,0.1891891891891892,1J1U,1
RNCMPT00154_min,0,0.0693069306930693,0.0198019801980198,0.0858085808580858,0.0594059405940594,0.0396039603960396,0.0495049504950495,0.0264026402640264,0.0561056105610561,0.0561056105610561,0.066006600660066,0.0264026402640264,0.0363036303630363,0.0396039603960396,0.0528052805280528,0.0759075907590759,0.099009900990099,0.0462046204620462,0.0495049504950495,0.0099009900990099,0.0363036303630363,0.2631578947368421,0.3157894736842105,0.2631578947368421,0.1578947368421052,RNCMPT00154_min,1
3QGB,1,0.065,0.0325,0.0675,0.0525,0.0425,0.04,0.025,0.0625,0.065,0.1125,0.035,0.045,0.0175,0.0575,0.0525,0.0775,0.0475,0.0675,0.0075,0.0275,0.2222222222222222,0.2222222222222222,0.2222222222222222,0.3333333333333333,3QGB,1
RNCMPT00081_min,0,0.1556420233463035,0.0116731517509727,0.0428015564202334,0.0330739299610894,0.0350194552529182,0.0505836575875486,0.036964980544747,0.0252918287937743,0.046692607003891,0.0856031128404669,0.0408560311284046,0.0350194552529182,0.0408560311284046,0.1322957198443579,0.0350194552529182,0.0700389105058365,0.0447470817120622,0.0505836575875486,0.0,0.0272373540856031,0.2857142857142857,0.2857142857142857,0.2571428571428571,0.1714285714285714,RNCMPT00081_min,0
RNCMPT00235_min,0,0.0224719101123595,0.0168539325842696,0.0505617977528089,0.0580524344569288,0.0449438202247191,0.0243445692883895,0.0224719101123595,0.0786516853932584,0.095505617977528,0.0823970037453183,0.0168539325842696,0.1348314606741573,0.0318352059925093,0.0337078651685393,0.0355805243445692,0.0898876404494382,0.0430711610486891,0.0580524344569288,0.0018726591760299,0.0580524344569288,0.2105263157894736,0.1842105263157894,0.4736842105263157,0.131578947368421,RNCMPT00235_min,1
3K62,1,0.065,0.0325,0.0675,0.0525,0.0425,0.04,0.025,0.0625,0.065,0.1125,0.035,0.045,0.0175,0.0575,0.055,0.0775,0.0475,0.0675,0.0075,0.025,0.1111111111111111,0.1111111111111111,0.2222222222222222,0.5555555555555556,3K62,1
2BX2,1,0.084,0.006,0.044,0.1,0.026,0.06,0.032,0.086,0.042,0.104,0.018,0.034,0.046,0.042,0.09,0.066,0.036,0.058,0.004,0.022,0.2142857142857142,0.0714285714285714,0.1428571428571428,0.5714285714285714,2BX2,0
2VOP,1,0.0489130434782608,0.0054347826086956,0.0815217391304347,0.092391304347826,0.0652173913043478,0.0326086956521739,0.0108695652173913,0.0760869565217391,0.1304347826086956,0.092391304347826,0.0217391304347826,0.0380434782608695,0.0380434782608695,0.0271739130434782,0.0434782608695652,0.0489130434782608,0.0489130434782608,0.0543478260869565,0.0108695652173913,0.0326086956521739,0.2,0.0,0.0,0.8,2VOP,0
RNCMPT00206_min,0,0.0909090909090909,0.0142045454545454,0.0454545454545454,0.0511363636363636,0.0539772727272727,0.0625,0.034090909090909,0.0454545454545454,0.0426136363636363,0.0738636363636363,0.0085227272727272,0.0539772727272727,0.0568181818181818,0.0511363636363636,0.0397727272727272,0.09375,0.0454545454545454,0.096590909090909,0.002840909090909,0.0369318181818181,0.1,0.2,0.5,0.2,RNCMPT00206_min,0
RNCMPT00024_min,0,0.0472103004291845,0.0042918454935622,0.0600858369098712,0.0944206008583691,0.0643776824034334,0.1287553648068669,0.0300429184549356,0.03862660944206,0.0772532188841201,0.0429184549356223,0.0214592274678111,0.0257510729613733,0.0343347639484978,0.0300429184549356,0.0858369098712446,0.0686695278969957,0.0515021459227467,0.0686695278969957,0.0042918454935622,0.0214592274678111,0.3714285714285714,0.3714285714285714,0.2285714285714285,0.0285714285714285,RNCMPT00024_min,1
RNCMPT00291_min,0,0.0823529411764705,0.0117647058823529,0.0529411764705882,0.0794117647058823,0.038235294117647,0.0941176470588235,0.0147058823529411,0.0558823529411764,0.0735294117647058,0.0705882352941176,0.0264705882352941,0.05,0.05,0.0264705882352941,0.0705882352941176,0.0264705882352941,0.0470588235294117,0.0764705882352941,0.0088235294117647,0.0441176470588235,0.1714285714285714,0.3142857142857143,0.2857142857142857,0.2285714285714285,RNCMPT00291_min,0
RNCMPT00034_min,0,0.0601092896174863,0.0,0.0546448087431694,0.1092896174863388,0.0437158469945355,0.0710382513661202,0.0218579234972677,0.0491803278688524,0.1147540983606557,0.1147540983606557,0.0273224043715847,0.0491803278688524,0.0491803278688524,0.0437158469945355,0.0437158469945355,0.0382513661202185,0.0218579234972677,0.0601092896174863,0.0,0.0273224043715847,0.2631578947368421,0.2894736842105263,0.2368421052631578,0.2105263157894736,RNCMPT00034_min,0
1KUQ,1,0.0357142857142857,0.0119047619047619,0.0357142857142857,0.0952380952380952,0.0238095238095238,0.0595238095238095,0.0595238095238095,0.0476190476190476,0.0833333333333333,0.1428571428571428,0.0238095238095238,0.0119047619047619,0.0238095238095238,0.0595238095238095,0.1309523809523809,0.0357142857142857,0.0357142857142857,0.0595238095238095,0.0,0.0238095238095238,0.1052631578947368,0.2982456140350877,0.4210526315789473,0.175438596491228,1KUQ,1
5V7C,1,0.0277777777777777,0.0138888888888888,0.0486111111111111,0.1041666666666666,0.0972222222222222,0.0625,0.0347222222222222,0.0208333333333333,0.1111111111111111,0.125,0.0138888888888888,0.0347222222222222,0.0138888888888888,0.0555555555555555,0.0694444444444444,0.0347222222222222,0.0208333333333333,0.0138888888888888,0.0138888888888888,0.0833333333333333,0.0,0.375,0.125,0.5,5V7C,1
7CGH,1,0.0550724637681159,0.0202898550724637,0.0521739130434782,0.072463768115942,0.0434782608695652,0.0376811594202898,0.0434782608695652,0.072463768115942,0.0666666666666666,0.0666666666666666,0.0289855072463768,0.0434782608695652,0.0318840579710144,0.0753623188405797,0.0579710144927536,0.0579710144927536,0.0231884057971014,0.1043478260869565,0.0028985507246376,0.0434782608695652,0.375,0.125,0.125,0.375,7CGH,1
1VC0,1,0.0631578947368421,0.0,0.0526315789473684,0.0421052631578947,0.0631578947368421,0.031578947368421,0.0210526315789473,0.1052631578947368,0.1157894736842105,0.0736842105263157,0.0421052631578947,0.0526315789473684,0.0421052631578947,0.0421052631578947,0.0631578947368421,0.0842105263157894,0.0421052631578947,0.031578947368421,0.0,0.031578947368421,0.136986301369863,0.3424657534246575,0.3424657534246575,0.1780821917808219,1VC0,1
RNCMPT00203_min,0,0.0466321243523316,0.005181347150259,0.0362694300518134,0.0466321243523316,0.0569948186528497,0.0414507772020725,0.0259067357512953,0.1139896373056994,0.1036269430051813,0.0880829015544041,0.0207253886010362,0.1243523316062176,0.0466321243523316,0.0362694300518134,0.0103626943005181,0.0414507772020725,0.0518134715025906,0.0414507772020725,0.005181347150259,0.0569948186528497,0.1428571428571428,0.2571428571428571,0.3428571428571428,0.2571428571428571,RNCMPT00203_min,0
5BZ5,1,0.0327868852459016,0.0245901639344262,0.0573770491803278,0.040983606557377,0.0710382513661202,0.0382513661202185,0.0081967213114754,0.1174863387978142,0.0792349726775956,0.1393442622950819,0.0081967213114754,0.0683060109289617,0.0245901639344262,0.0601092896174863,0.0191256830601092,0.0601092896174863,0.0573770491803278,0.0601092896174863,0.0,0.0327868852459016,0.3,0.1,0.1,0.5,5BZ5,0
6FQL,1,0.0512820512820512,0.0179487179487179,0.0692307692307692,0.0384615384615384,0.0717948717948717,0.1358974358974359,0.0358974358974358,0.0435897435897435,0.0435897435897435,0.0615384615384615,0.0128205128205128,0.0512820512820512,0.0461538461538461,0.0461538461538461,0.0589743589743589,0.0666666666666666,0.0358974358974358,0.0871794871794871,0.0076923076923076,0.0179487179487179,0.3076923076923077,0.1538461538461538,0.1538461538461538,0.3846153846153846,6FQL,1
7CGL,1,0.0549132947976878,0.0231213872832369,0.0549132947976878,0.0722543352601156,0.0433526011560693,0.0375722543352601,0.0404624277456647,0.0722543352601156,0.0664739884393063,0.0664739884393063,0.0289017341040462,0.0404624277456647,0.0317919075144508,0.0751445086705202,0.0606936416184971,0.0578034682080924,0.0231213872832369,0.1040462427745664,0.0028901734104046,0.0433526011560693,0.375,0.125,0.125,0.375,7CGL,0
5BYM,1,0.0330578512396694,0.024793388429752,0.0578512396694214,0.0413223140495867,0.071625344352617,0.0330578512396694,0.0082644628099173,0.1184573002754821,0.0798898071625344,0.1377410468319559,0.0110192837465564,0.0661157024793388,0.024793388429752,0.0606060606060606,0.0192837465564738,0.0606060606060606,0.0578512396694214,0.0606060606060606,0.0,0.0330578512396694,0.3333333333333333,0.1111111111111111,0.1111111111111111,0.4444444444444444,5BYM,0
2XS7,1,0.0232558139534883,0.0,0.0581395348837209,0.0581395348837209,0.0697674418604651,0.1046511627906976,0.0116279069767441,0.0930232558139534,0.1046511627906976,0.0348837209302325,0.0232558139534883,0.0348837209302325,0.0348837209302325,0.0348837209302325,0.0581395348837209,0.0581395348837209,0.0465116279069767,0.1162790697674418,0.0,0.0348837209302325,0.0,0.0,0.2,0.8,2XS7,0
3PEY,1,0.0716112531969309,0.0076726342710997,0.0664961636828644,0.0511508951406649,0.0409207161125319,0.0562659846547314,0.0127877237851662,0.0716112531969309,0.0818414322250639,0.1048593350383631,0.0281329923273657,0.0434782608695652,0.0409207161125319,0.0588235294117647,0.0511508951406649,0.0485933503836317,0.0664961636828644,0.0741687979539642,0.0025575447570332,0.0204603580562659,0.0,0.0,0.0,1.0,3PEY,1
RNCMPT00257_min,0,0.0684039087947882,0.01628664495114,0.0358306188925081,0.0944625407166123,0.0521172638436482,0.0586319218241042,0.019543973941368,0.0781758957654723,0.0488599348534201,0.0716612377850162,0.0293159609120521,0.0781758957654723,0.0586319218241042,0.0325732899022801,0.0586319218241042,0.0651465798045602,0.0521172638436482,0.0618892508143322,0.0,0.019543973941368,0.3684210526315789,0.1052631578947368,0.3947368421052631,0.131578947368421,RNCMPT00257_min,0
6JVX,1,0.1149425287356321,0.0114942528735632,0.0804597701149425,0.0459770114942528,0.057471264367816,0.1034482758620689,0.0114942528735632,0.057471264367816,0.0804597701149425,0.0459770114942528,0.0114942528735632,0.0344827586206896,0.0459770114942528,0.0114942528735632,0.0689655172413793,0.0229885057471264,0.0919540229885057,0.057471264367816,0.0,0.0459770114942528,0.0,0.0,0.5,0.5,6JVX,1
RNCMPT00026_min,0,0.0474137931034482,0.0107758620689655,0.0732758620689655,0.0732758620689655,0.0258620689655172,0.1206896551724138,0.0086206896551724,0.0754310344827586,0.0452586206896551,0.0625,0.0258620689655172,0.0258620689655172,0.0883620689655172,0.0452586206896551,0.0775862068965517,0.0668103448275862,0.0517241379310344,0.0323275862068965,0.0064655172413793,0.0366379310344827,0.2333333333333333,0.1,0.3666666666666666,0.3,RNCMPT00026_min,1
5KLA,1,0.0563798219584569,0.0237388724035608,0.0415430267062314,0.0712166172106825,0.0356083086053412,0.0504451038575667,0.0504451038575667,0.0623145400593471,0.0712166172106825,0.0919881305637982,0.0267062314540059,0.0445103857566765,0.0237388724035608,0.0919881305637982,0.0445103857566765,0.0445103857566765,0.0474777448071216,0.086053412462908,0.0,0.0356083086053412,0.375,0.125,0.125,0.375,5KLA,1
RNCMPT00109_min,0,0.0495049504950495,0.0099009900990099,0.099009900990099,0.0544554455445544,0.0346534653465346,0.1633663366336633,0.0099009900990099,0.0346534653465346,0.0396039603960396,0.0297029702970297,0.0148514851485148,0.0297029702970297,0.0693069306930693,0.0049504950495049,0.1237623762376237,0.0495049504950495,0.0297029702970297,0.0841584158415841,0.0049504950495049,0.0643564356435643,0.1842105263157894,0.2368421052631578,0.1842105263157894,0.3947368421052631,RNCMPT00109_min,1
RNCMPT00252_min,0,0.0742705570291777,0.0053050397877984,0.0716180371352785,0.0716180371352785,0.0477453580901856,0.039787798408488,0.0318302387267904,0.0318302387267904,0.0848806366047745,0.1087533156498673,0.013262599469496,0.0583554376657824,0.0318302387267904,0.0371352785145888,0.1087533156498673,0.0583554376657824,0.0583554376657824,0.0477453580901856,0.0053050397877984,0.013262599469496,0.3666666666666666,0.1666666666666666,0.4,0.0666666666666666,RNCMPT00252_min,0
RNCMPT00025_min,0,0.099236641221374,0.0076335877862595,0.0610687022900763,0.0458015267175572,0.0458015267175572,0.0763358778625954,0.015267175572519,0.0381679389312977,0.0687022900763358,0.0534351145038167,0.0305343511450381,0.0687022900763358,0.0381679389312977,0.0229007633587786,0.0610687022900763,0.099236641221374,0.0305343511450381,0.1068702290076335,0.0,0.0305343511450381,0.2857142857142857,0.1428571428571428,0.3428571428571428,0.2285714285714285,RNCMPT00025_min,0
5WWX,1,0.0357142857142857,0.0,0.0238095238095238,0.0714285714285714,0.0119047619047619,0.0714285714285714,0.0952380952380952,0.0595238095238095,0.0357142857142857,0.0238095238095238,0.0476190476190476,0.0238095238095238,0.0833333333333333,0.0595238095238095,0.0833333333333333,0.0238095238095238,0.0952380952380952,0.1309523809523809,0.0,0.0238095238095238,0.4,0.0,0.4,0.2,5WWX,1
RNCMPT00146_min,0,0.0303030303030303,0.0216450216450216,0.0606060606060606,0.0735930735930736,0.0735930735930736,0.0692640692640692,0.0303030303030303,0.0346320346320346,0.0865800865800865,0.0519480519480519,0.0129870129870129,0.0606060606060606,0.0389610389610389,0.0346320346320346,0.0606060606060606,0.0649350649350649,0.0519480519480519,0.0909090909090909,0.0086580086580086,0.0432900432900432,0.2894736842105263,0.3157894736842105,0.0526315789473684,0.3421052631578947,RNCMPT00146_min,0
4J5V,1,0.040983606557377,0.0163934426229508,0.0491803278688524,0.0573770491803278,0.0655737704918032,0.081967213114754,0.0245901639344262,0.0327868852459016,0.040983606557377,0.0901639344262295,0.0163934426229508,0.0327868852459016,0.040983606557377,0.040983606557377,0.081967213114754,0.1065573770491803,0.0655737704918032,0.0491803278688524,0.0327868852459016,0.0327868852459016,0.1578947368421052,0.5263157894736842,0.3157894736842105,0.0,4J5V,0
RNCMPT00164_min,0,0.0851063829787234,0.0186170212765957,0.0425531914893617,0.0957446808510638,0.0186170212765957,0.0452127659574468,0.0079787234042553,0.0611702127659574,0.1462765957446808,0.0718085106382978,0.0212765957446808,0.0558510638297872,0.0345744680851063,0.0186170212765957,0.0186170212765957,0.0957446808510638,0.0611702127659574,0.0797872340425532,0.0,0.0212765957446808,0.3421052631578947,0.1052631578947368,0.3157894736842105,0.2368421052631578,RNCMPT00164_min,1
RNCMPT00241_min,0,0.0609243697478991,0.0147058823529411,0.0546218487394958,0.0714285714285714,0.0525210084033613,0.0714285714285714,0.0168067226890756,0.0462184873949579,0.0672268907563025,0.0693277310924369,0.01890756302521,0.0336134453781512,0.0567226890756302,0.0525210084033613,0.0609243697478991,0.0903361344537815,0.0357142857142857,0.0840336134453781,0.0042016806722689,0.0378151260504201,0.2368421052631578,0.2105263157894736,0.2368421052631578,0.3157894736842105,RNCMPT00241_min,1
RNCMPT00045_min,0,0.048780487804878,0.0182926829268292,0.073170731707317,0.073170731707317,0.073170731707317,0.048780487804878,0.024390243902439,0.0365853658536585,0.048780487804878,0.048780487804878,0.0060975609756097,0.0121951219512195,0.0365853658536585,0.0548780487804878,0.1585365853658536,0.1280487804878048,0.024390243902439,0.0426829268292682,0.0,0.0426829268292682,0.2105263157894736,0.4473684210526316,0.1052631578947368,0.2368421052631578,RNCMPT00045_min,1
RNCMPT00051_min,0,0.1123595505617977,0.0112359550561797,0.0898876404494382,0.0337078651685393,0.0561797752808988,0.1011235955056179,0.0112359550561797,0.0561797752808988,0.0786516853932584,0.0449438202247191,0.0112359550561797,0.0337078651685393,0.0449438202247191,0.0224719101123595,0.0786516853932584,0.0224719101123595,0.0898876404494382,0.0561797752808988,0.0,0.0449438202247191,0.2631578947368421,0.2894736842105263,0.2105263157894736,0.2368421052631578,RNCMPT00051_min,0
RNCMPT00246_min,0,0.0880503144654088,0.0188679245283018,0.0220125786163522,0.0628930817610062,0.0157232704402515,0.10062893081761,0.0125786163522012,0.110062893081761,0.0534591194968553,0.0628930817610062,0.0345911949685534,0.0314465408805031,0.0660377358490566,0.0534591194968553,0.0377358490566037,0.1037735849056603,0.0628930817610062,0.0534591194968553,0.0,0.0094339622641509,0.3157894736842105,0.0789473684210526,0.4473684210526316,0.1578947368421052,RNCMPT00246_min,0
2DR5,1,0.0526315789473684,0.0137299771167048,0.034324942791762,0.1418764302059496,0.0732265446224256,0.0617848970251716,0.0183066361556064,0.045766590389016,0.0823798627002288,0.0892448512585812,0.0160183066361556,0.0320366132723112,0.0411899313501144,0.0068649885583524,0.091533180778032,0.0411899313501144,0.0251716247139588,0.0869565217391304,0.0137299771167048,0.0320366132723112,0.0625,0.375,0.40625,0.15625,2DR5,1
2DR9,1,0.0526315789473684,0.0137299771167048,0.034324942791762,0.1418764302059496,0.0732265446224256,0.0617848970251716,0.0183066361556064,0.045766590389016,0.0823798627002288,0.0892448512585812,0.0160183066361556,0.0320366132723112,0.0411899313501144,0.0068649885583524,0.091533180778032,0.0411899313501144,0.0251716247139588,0.0869565217391304,0.0137299771167048,0.0320366132723112,0.0588235294117647,0.4117647058823529,0.3823529411764705,0.1470588235294117,2DR9,1
3PEW,1,0.0716112531969309,0.0076726342710997,0.0664961636828644,0.0511508951406649,0.0409207161125319,0.0562659846547314,0.0127877237851662,0.0716112531969309,0.0818414322250639,0.1023017902813299,0.0281329923273657,0.0434782608695652,0.0409207161125319,0.0588235294117647,0.0511508951406649,0.0485933503836317,0.0664961636828644,0.0767263427109974,0.0025575447570332,0.0204603580562659,0.0,0.0,0.0,1.0,3PEW,0
RNCMPT00202_min,0,0.0380622837370242,0.0069204152249134,0.0553633217993079,0.0484429065743944,0.0415224913494809,0.0276816608996539,0.0173010380622837,0.1072664359861591,0.1141868512110726,0.0449826989619377,0.0449826989619377,0.1799307958477508,0.0346020761245674,0.0242214532871972,0.0173010380622837,0.0484429065743944,0.0553633217993079,0.0380622837370242,0.0,0.0553633217993079,0.3684210526315789,0.2368421052631578,0.2368421052631578,0.1578947368421052,RNCMPT00202_min,1
RNCMPT00259_min,0,0.0685483870967741,0.0120967741935483,0.0282258064516129,0.0604838709677419,0.0564516129032258,0.0483870967741935,0.0241935483870967,0.0725806451612903,0.0403225806451612,0.0564516129032258,0.0241935483870967,0.0483870967741935,0.0806451612903225,0.0725806451612903,0.0725806451612903,0.1008064516129032,0.0524193548387096,0.0443548387096774,0.0040322580645161,0.032258064516129,0.3421052631578947,0.0789473684210526,0.3157894736842105,0.2631578947368421,RNCMPT00259_min,1
RNCMPT00261_min,0,0.0343980343980344,0.0171990171990172,0.0589680589680589,0.0761670761670761,0.0614250614250614,0.0466830466830466,0.0171990171990172,0.0761670761670761,0.1007371007371007,0.0687960687960688,0.0147420147420147,0.0712530712530712,0.0589680589680589,0.0417690417690417,0.054054054054054,0.0687960687960688,0.0614250614250614,0.0368550368550368,0.0024570024570024,0.0319410319410319,0.3333333333333333,0.1666666666666666,0.4333333333333333,0.0666666666666666,RNCMPT00261_min,1
RNCMPT00080_min,0,0.0698924731182795,0.0161290322580645,0.0591397849462365,0.0618279569892473,0.0456989247311828,0.0725806451612903,0.0134408602150537,0.053763440860215,0.0510752688172043,0.0779569892473118,0.0268817204301075,0.0403225806451612,0.0698924731182795,0.0591397849462365,0.0403225806451612,0.0591397849462365,0.0564516129032258,0.0994623655913978,0.0,0.0268817204301075,0.2631578947368421,0.1842105263157894,0.3421052631578947,0.2105263157894736,RNCMPT00080_min,1
RNCMPT00155_min,0,0.0772946859903381,0.0096618357487922,0.0579710144927536,0.072463768115942,0.0579710144927536,0.0748792270531401,0.0096618357487922,0.0434782608695652,0.0845410628019323,0.0579710144927536,0.0434782608695652,0.0483091787439613,0.0483091787439613,0.038647342995169,0.0700483091787439,0.0603864734299516,0.036231884057971,0.0700483091787439,0.002415458937198,0.036231884057971,0.3,0.1333333333333333,0.2666666666666666,0.3,RNCMPT00155_min,1
6TQB,1,0.0849673202614379,0.0130718954248366,0.0457516339869281,0.065359477124183,0.0326797385620915,0.0392156862745098,0.0326797385620915,0.0392156862745098,0.0522875816993464,0.1372549019607843,0.0261437908496732,0.0130718954248366,0.0326797385620915,0.0980392156862745,0.0718954248366013,0.0980392156862745,0.0196078431372549,0.065359477124183,0.0130718954248366,0.0196078431372549,0.3684210526315789,0.1052631578947368,0.1052631578947368,0.4210526315789473,6TQB,1
RNCMPT00011_min,0,0.0798611111111111,0.0104166666666666,0.0520833333333333,0.078125,0.0243055555555555,0.0538194444444444,0.0173611111111111,0.0625,0.0659722222222222,0.0850694444444444,0.0243055555555555,0.0520833333333333,0.0555555555555555,0.046875,0.0520833333333333,0.0868055555555555,0.0572916666666666,0.0625,0.0069444444444444,0.0260416666666666,0.3421052631578947,0.2105263157894736,0.3157894736842105,0.131578947368421,RNCMPT00011_min,0
3I5X,1,0.0589390962671905,0.0117878192534381,0.0648330058939096,0.0844793713163064,0.0510805500982318,0.0412573673870334,0.0196463654223968,0.0943025540275049,0.1021611001964636,0.0923379174852652,0.0157170923379174,0.043222003929273,0.0392927308447937,0.0235756385068762,0.0510805500982318,0.0707269155206286,0.0451866404715127,0.068762278978389,0.0,0.0216110019646365,0.0,0.0,0.0,1.0,3I5X,1
RNCMPT00015_min,0,0.0524193548387096,0.0040322580645161,0.032258064516129,0.1088709677419354,0.0403225806451612,0.0806451612903225,0.0241935483870967,0.064516129032258,0.0604838709677419,0.0725806451612903,0.0362903225806451,0.0282258064516129,0.0161290322580645,0.0604838709677419,0.0967741935483871,0.0846774193548387,0.0443548387096774,0.0766129032258064,0.0,0.0161290322580645,0.1842105263157894,0.3157894736842105,0.2105263157894736,0.2894736842105263,RNCMPT00015_min,1
1AV6,1,0.0380622837370242,0.0069204152249134,0.0553633217993079,0.0449826989619377,0.0553633217993079,0.0380622837370242,0.0276816608996539,0.0692041522491349,0.0692041522491349,0.1176470588235294,0.0311418685121107,0.0553633217993079,0.0553633217993079,0.0346020761245674,0.0519031141868512,0.0622837370242214,0.0415224913494809,0.0692041522491349,0.0103806228373702,0.0657439446366782,0.8333333333333334,0.0,0.1666666666666666,0.0,1AV6,1
RNCMPT00145_min,0,0.074074074074074,0.0,0.0324074074074074,0.074074074074074,0.0694444444444444,0.037037037037037,0.0092592592592592,0.0694444444444444,0.1342592592592592,0.074074074074074,0.0416666666666666,0.0648148148148148,0.074074074074074,0.0555555555555555,0.0231481481481481,0.0555555555555555,0.0601851851851851,0.0324074074074074,0.0,0.0185185185185185,0.2631578947368421,0.131578947368421,0.4473684210526316,0.1578947368421052,RNCMPT00145_min,0
RNCMPT00111_min,0,0.0581395348837209,0.0,0.0813953488372093,0.0465116279069767,0.0116279069767441,0.0465116279069767,0.0116279069767441,0.0697674418604651,0.1162790697674418,0.1744186046511628,0.0348837209302325,0.0348837209302325,0.0465116279069767,0.0,0.0581395348837209,0.0930232558139534,0.0348837209302325,0.0232558139534883,0.0232558139534883,0.0348837209302325,0.2857142857142857,0.1142857142857142,0.3714285714285714,0.2285714285714285,RNCMPT00111_min,1
RNCMPT00274_min,0,0.0707692307692307,0.0092307692307692,0.0492307692307692,0.0461538461538461,0.0553846153846153,0.0892307692307692,0.0246153846153846,0.0584615384615384,0.0523076923076923,0.0676923076923076,0.0307692307692307,0.0707692307692307,0.0369230769230769,0.0369230769230769,0.0615384615384615,0.0861538461538461,0.0492307692307692,0.0676923076923076,0.0061538461538461,0.0307692307692307,0.2857142857142857,0.3428571428571428,0.2285714285714285,0.1428571428571428,RNCMPT00274_min,1
4YB1,1,0.0760869565217391,0.0,0.0543478260869565,0.0326086956521739,0.0652173913043478,0.0326086956521739,0.0217391304347826,0.108695652173913,0.1195652173913043,0.0760869565217391,0.0434782608695652,0.0543478260869565,0.0326086956521739,0.0434782608695652,0.0652173913043478,0.0760869565217391,0.0326086956521739,0.0326086956521739,0.0,0.0326086956521739,0.2747252747252747,0.2747252747252747,0.3076923076923077,0.1428571428571428,4YB1,1
2F8K,1,0.0595238095238095,0.0,0.0833333333333333,0.0476190476190476,0.0119047619047619,0.0476190476190476,0.0119047619047619,0.0714285714285714,0.119047619047619,0.1785714285714285,0.0238095238095238,0.0238095238095238,0.0476190476190476,0.0,0.0595238095238095,0.0833333333333333,0.0357142857142857,0.0238095238095238,0.0238095238095238,0.0476190476190476,0.3125,0.125,0.125,0.4375,2F8K,1
5DNO,1,0.0848484848484848,0.0181818181818181,0.0606060606060606,0.0606060606060606,0.0303030303030303,0.0484848484848484,0.0363636363636363,0.0909090909090909,0.0606060606060606,0.0484848484848484,0.0484848484848484,0.0424242424242424,0.0121212121212121,0.0181818181818181,0.0727272727272727,0.1151515151515151,0.0363636363636363,0.0545454545454545,0.0181818181818181,0.0424242424242424,0.4285714285714285,0.2857142857142857,0.0,0.2857142857142857,5DNO,1
RNCMPT00219_min,0,0.0954198473282442,0.0229007633587786,0.049618320610687,0.0458015267175572,0.0381679389312977,0.0648854961832061,0.0458015267175572,0.0419847328244274,0.0610687022900763,0.0572519083969465,0.0114503816793893,0.0381679389312977,0.0572519083969465,0.049618320610687,0.0572519083969465,0.1030534351145038,0.0687022900763358,0.0763358778625954,0.0038167938931297,0.0114503816793893,0.2571428571428571,0.2285714285714285,0.4,0.1142857142857142,RNCMPT00219_min,1
3AM1,1,0.0296610169491525,0.0,0.0847457627118644,0.0805084745762711,0.0381355932203389,0.0254237288135593,0.0,0.1271186440677966,0.1779661016949152,0.0889830508474576,0.0127118644067796,0.059322033898305,0.0254237288135593,0.0,0.0423728813559322,0.059322033898305,0.0296610169491525,0.0550847457627118,0.0127118644067796,0.0508474576271186,0.074074074074074,0.3580246913580246,0.419753086419753,0.1481481481481481,3AM1,0
RNCMPT00218_min,0,0.0712074303405572,0.0309597523219814,0.0402476780185758,0.0495356037151702,0.0433436532507739,0.0743034055727554,0.0247678018575851,0.0154798761609907,0.0433436532507739,0.0866873065015479,0.0247678018575851,0.0526315789473684,0.0681114551083591,0.0340557275541795,0.0712074303405572,0.1114551083591331,0.0743034055727554,0.0681114551083591,0.0092879256965944,0.0061919504643962,0.2631578947368421,0.2368421052631578,0.2368421052631578,0.2631578947368421,RNCMPT00218_min,1
5H1L,1,0.0454545454545454,0.0307917888563049,0.0557184750733137,0.0439882697947214,0.032258064516129,0.0821114369501466,0.0454545454545454,0.0615835777126099,0.0498533724340175,0.0894428152492668,0.0102639296187683,0.032258064516129,0.0601173020527859,0.0307917888563049,0.0439882697947214,0.0923753665689149,0.0659824046920821,0.0659824046920821,0.033724340175953,0.0278592375366568,0.1428571428571428,0.0,0.1428571428571428,0.7142857142857143,5H1L,1
RNCMPT00127_min,0,0.078125,0.0234375,0.046875,0.0625,0.03125,0.2890625,0.0,0.015625,0.0234375,0.03125,0.015625,0.03125,0.03125,0.0,0.1328125,0.0703125,0.0234375,0.046875,0.015625,0.03125,0.3157894736842105,0.1578947368421052,0.3157894736842105,0.2105263157894736,RNCMPT00127_min,1
RNCMPT00093_min,0,0.0522565320665083,0.009501187648456,0.0356294536817102,0.0451306413301662,0.0285035629453681,0.171021377672209,0.014251781472684,0.0190023752969121,0.0403800475059382,0.0308788598574821,0.0308788598574821,0.0712589073634204,0.0878859857482185,0.0570071258907363,0.0356294536817102,0.0878859857482185,0.0617577197149643,0.0427553444180522,0.0190023752969121,0.0593824228028503,0.2368421052631578,0.3684210526315789,0.2368421052631578,0.1578947368421052,RNCMPT00093_min,1
2ZH9,1,0.0526315789473684,0.0137299771167048,0.034324942791762,0.1418764302059496,0.0732265446224256,0.0617848970251716,0.0183066361556064,0.045766590389016,0.0823798627002288,0.0892448512585812,0.0160183066361556,0.0320366132723112,0.0411899313501144,0.0068649885583524,0.091533180778032,0.0411899313501144,0.0251716247139588,0.0869565217391304,0.0137299771167048,0.0320366132723112,0.0606060606060606,0.3636363636363636,0.3939393939393939,0.1818181818181818,2ZH9,1
RNCMPT00136_min,0,0.0707692307692307,0.0092307692307692,0.0492307692307692,0.0461538461538461,0.0553846153846153,0.0892307692307692,0.0246153846153846,0.0584615384615384,0.0523076923076923,0.0676923076923076,0.0307692307692307,0.0707692307692307,0.0369230769230769,0.0369230769230769,0.0615384615384615,0.0861538461538461,0.0492307692307692,0.0676923076923076,0.0061538461538461,0.0307692307692307,0.1842105263157894,0.3684210526315789,0.2631578947368421,0.1842105263157894,RNCMPT00136_min,0
RNCMPT00212_min,0,0.0893617021276595,0.0127659574468085,0.0425531914893617,0.0638297872340425,0.0382978723404255,0.051063829787234,0.0382978723404255,0.0340425531914893,0.0553191489361702,0.076595744680851,0.0297872340425531,0.0297872340425531,0.0468085106382978,0.0425531914893617,0.0893617021276595,0.0936170212765957,0.0680851063829787,0.0638297872340425,0.0042553191489361,0.0297872340425531,0.2,0.2,0.2571428571428571,0.3428571428571428,RNCMPT00212_min,1
3V74,1,0.065989847715736,0.032994923857868,0.065989847715736,0.0532994923857868,0.0431472081218274,0.0380710659898477,0.0228426395939086,0.0634517766497461,0.065989847715736,0.1142131979695431,0.0355329949238578,0.0456852791878172,0.0126903553299492,0.0583756345177665,0.0558375634517766,0.0786802030456852,0.0456852791878172,0.0685279187817258,0.0076142131979695,0.0253807106598984,0.2727272727272727,0.2727272727272727,0.1818181818181818,0.2727272727272727,3V74,1
RNCMPT00137_min,0,0.0833333333333333,0.0208333333333333,0.03125,0.0625,0.0,0.1041666666666666,0.0104166666666666,0.1354166666666666,0.0208333333333333,0.0520833333333333,0.0416666666666666,0.0729166666666666,0.0416666666666666,0.0729166666666666,0.0729166666666666,0.0729166666666666,0.0729166666666666,0.0208333333333333,0.0,0.0104166666666666,0.2,0.1666666666666666,0.3333333333333333,0.3,RNCMPT00137_min,0
RNCMPT00090_min,0,0.0543478260869565,0.0108695652173913,0.108695652173913,0.0543478260869565,0.0652173913043478,0.0543478260869565,0.0108695652173913,0.0434782608695652,0.0217391304347826,0.0652173913043478,0.0108695652173913,0.0326086956521739,0.0543478260869565,0.0434782608695652,0.1521739130434782,0.0326086956521739,0.0434782608695652,0.0760869565217391,0.0108695652173913,0.0543478260869565,0.2,0.3,0.3333333333333333,0.1666666666666666,RNCMPT00090_min,0
RNCMPT00033_min,0,0.0818030050083472,0.003338898163606,0.030050083472454,0.0834724540901502,0.0333889816360601,0.0751252086811352,0.031719532554257,0.0834724540901502,0.0684474123539232,0.0717863105175292,0.015025041736227,0.0383973288814691,0.0634390651085141,0.0617696160267111,0.0500834724540901,0.0634390651085141,0.0550918196994991,0.0634390651085141,0.003338898163606,0.023372287145242,0.2368421052631578,0.1578947368421052,0.4473684210526316,0.1578947368421052,RNCMPT00033_min,0
RNCMPT00052_min,0,0.0621468926553672,0.0338983050847457,0.0451977401129943,0.1016949152542373,0.0338983050847457,0.0734463276836158,0.0451977401129943,0.0677966101694915,0.0847457627118644,0.0621468926553672,0.0225988700564971,0.0508474576271186,0.0282485875706214,0.0282485875706214,0.0564971751412429,0.0508474576271186,0.0508474576271186,0.0621468926553672,0.0056497175141242,0.0338983050847457,0.2368421052631578,0.2894736842105263,0.2631578947368421,0.2105263157894736,RNCMPT00052_min,1
RNCMPT00215_min,0,0.0825958702064896,0.0147492625368731,0.0206489675516224,0.0648967551622418,0.0176991150442477,0.0943952802359882,0.0147492625368731,0.1002949852507374,0.0560471976401179,0.0678466076696165,0.0324483775811209,0.0383480825958702,0.0766961651917404,0.0589970501474926,0.0353982300884955,0.0825958702064896,0.079646017699115,0.0471976401179941,0.0,0.0147492625368731,0.2894736842105263,0.131578947368421,0.4210526315789473,0.1578947368421052,RNCMPT00215_min,0
RNCMPT00169_min,0,0.054054054054054,0.0108108108108108,0.0648648648648648,0.0972972972972973,0.0432432432432432,0.0756756756756756,0.027027027027027,0.0432432432432432,0.1081081081081081,0.1027027027027027,0.0486486486486486,0.0324324324324324,0.0594594594594594,0.0378378378378378,0.0432432432432432,0.0432432432432432,0.0216216216216216,0.0594594594594594,0.0,0.027027027027027,0.3421052631578947,0.2105263157894736,0.2631578947368421,0.1842105263157894,RNCMPT00169_min,1
RNCMPT00089_min,0,0.0543478260869565,0.0108695652173913,0.108695652173913,0.0543478260869565,0.0652173913043478,0.0543478260869565,0.0108695652173913,0.0434782608695652,0.0217391304347826,0.0652173913043478,0.0108695652173913,0.0326086956521739,0.0543478260869565,0.0434782608695652,0.1521739130434782,0.0326086956521739,0.0434782608695652,0.0760869565217391,0.0108695652173913,0.0543478260869565,0.2631578947368421,0.2631578947368421,0.2105263157894736,0.2631578947368421,RNCMPT00089_min,0
6NOC,1,0.0671641791044776,0.0298507462686567,0.0671641791044776,0.0522388059701492,0.0422885572139303,0.0398009950248756,0.0248756218905472,0.0621890547263681,0.0646766169154228,0.1119402985074626,0.0348258706467661,0.044776119402985,0.017412935323383,0.0572139303482587,0.0522388059701492,0.0771144278606965,0.0497512437810945,0.0696517412935323,0.0074626865671641,0.0273631840796019,0.5,0.0,0.125,0.375,6NOC,1
4TYW,1,0.0590551181102362,0.0118110236220472,0.0629921259842519,0.0846456692913385,0.0511811023622047,0.0413385826771653,0.0196850393700787,0.0944881889763779,0.1023622047244094,0.09251968503937,0.0157480314960629,0.0433070866141732,0.0393700787401574,0.0236220472440944,0.0511811023622047,0.0708661417322834,0.0452755905511811,0.0688976377952756,0.0,0.0216535433070866,1.0,0.0,0.0,0.0,4TYW,1
5YKI,1,0.0652741514360313,0.0130548302872062,0.04177545691906,0.0783289817232376,0.0287206266318537,0.0469973890339425,0.0548302872062663,0.0600522193211488,0.0600522193211488,0.0861618798955613,0.0365535248041775,0.04177545691906,0.0261096605744125,0.0809399477806788,0.06266318537859,0.04177545691906,0.0339425587467362,0.0966057441253263,0.0,0.0443864229765013,0.2222222222222222,0.0,0.2222222222222222,0.5555555555555556,5YKI,1
RNCMPT00172_min,0,0.077720207253886,0.0103626943005181,0.0328151986183074,0.077720207253886,0.0276338514680483,0.0673575129533678,0.0207253886010362,0.079447322970639,0.081174438687392,0.077720207253886,0.0138169257340241,0.0414507772020725,0.0708117443868739,0.0725388601036269,0.0449050086355785,0.0656303972366148,0.0518134715025906,0.0656303972366148,0.003454231433506,0.0172711571675302,0.2631578947368421,0.3157894736842105,0.1842105263157894,0.2368421052631578,RNCMPT00172_min,0
RNCMPT00217_min,0,0.0751295336787564,0.0129533678756476,0.0569948186528497,0.082901554404145,0.0518134715025906,0.0932642487046632,0.0310880829015544,0.0414507772020725,0.0207253886010362,0.0569948186528497,0.0233160621761658,0.0518134715025906,0.0647668393782383,0.0362694300518134,0.0984455958549222,0.0595854922279792,0.0492227979274611,0.0621761658031088,0.005181347150259,0.0259067357512953,0.2894736842105263,0.1842105263157894,0.3684210526315789,0.1578947368421052,RNCMPT00217_min,0
1SJ3,1,0.0631578947368421,0.0,0.0526315789473684,0.0421052631578947,0.0631578947368421,0.031578947368421,0.0210526315789473,0.1052631578947368,0.1157894736842105,0.0736842105263157,0.0421052631578947,0.0526315789473684,0.0421052631578947,0.0421052631578947,0.0631578947368421,0.0842105263157894,0.0421052631578947,0.031578947368421,0.0,0.031578947368421,0.136986301369863,0.3424657534246575,0.3424657534246575,0.1780821917808219,1SJ3,1
RNCMPT00118_min,0,0.0824742268041237,0.0103092783505154,0.056701030927835,0.1082474226804123,0.0257731958762886,0.056701030927835,0.0206185567010309,0.0360824742268041,0.0773195876288659,0.0876288659793814,0.0257731958762886,0.0412371134020618,0.0463917525773195,0.0360824742268041,0.0721649484536082,0.0360824742268041,0.056701030927835,0.1030927835051546,0.0103092783505154,0.0103092783505154,0.3684210526315789,0.1842105263157894,0.2894736842105263,0.1578947368421052,RNCMPT00118_min,1
5EN1,1,0.0597826086956521,0.0054347826086956,0.0652173913043478,0.1032608695652173,0.0597826086956521,0.0815217391304347,0.0380434782608695,0.0489130434782608,0.092391304347826,0.0434782608695652,0.0217391304347826,0.0163043478260869,0.0271739130434782,0.0326086956521739,0.0869565217391304,0.0543478260869565,0.0543478260869565,0.0760869565217391,0.0054347826086956,0.0271739130434782,0.2857142857142857,0.1428571428571428,0.4285714285714285,0.1428571428571428,5EN1,1
RNCMPT00270_min,0,0.0918367346938775,0.0204081632653061,0.0612244897959183,0.0306122448979591,0.0918367346938775,0.0714285714285714,0.010204081632653,0.0510204081632653,0.1122448979591836,0.0714285714285714,0.010204081632653,0.0408163265306122,0.0612244897959183,0.0612244897959183,0.010204081632653,0.0714285714285714,0.0510204081632653,0.0612244897959183,0.0,0.0204081632653061,0.2894736842105263,0.0789473684210526,0.4473684210526316,0.1842105263157894,RNCMPT00270_min,0
5NPM,1,0.1090047393364928,0.0,0.0521327014218009,0.0758293838862559,0.0331753554502369,0.1090047393364928,0.0284360189573459,0.0853080568720379,0.0805687203791469,0.0663507109004739,0.0142180094786729,0.0284360189573459,0.0568720379146919,0.0142180094786729,0.0616113744075829,0.0331753554502369,0.0521327014218009,0.0805687203791469,0.0047393364928909,0.0142180094786729,0.1625,0.2875,0.4,0.15,5NPM,1
4KNQ,1,0.040983606557377,0.0163934426229508,0.0491803278688524,0.0573770491803278,0.0655737704918032,0.081967213114754,0.0327868852459016,0.0327868852459016,0.040983606557377,0.0901639344262295,0.0163934426229508,0.0245901639344262,0.040983606557377,0.040983606557377,0.081967213114754,0.1065573770491803,0.0655737704918032,0.0491803278688524,0.0327868852459016,0.0327868852459016,0.0,0.65,0.35,0.0,4KNQ,1
3V6Y,1,0.0661577608142493,0.0330788804071246,0.0661577608142493,0.0534351145038167,0.0432569974554707,0.0381679389312977,0.0229007633587786,0.0610687022900763,0.0636132315521628,0.1145038167938931,0.0356234096692111,0.0458015267175572,0.0127226463104325,0.0585241730279898,0.0559796437659033,0.0788804071246819,0.0458015267175572,0.0712468193384223,0.0076335877862595,0.0254452926208651,0.1818181818181818,0.3636363636363636,0.1818181818181818,0.2727272727272727,3V6Y,1
RNCMPT00268_min,0,0.0981132075471698,0.0056603773584905,0.0471698113207547,0.0320754716981132,0.0452830188679245,0.0716981132075471,0.0283018867924528,0.0528301886792452,0.0622641509433962,0.1,0.0226415094339622,0.0698113207547169,0.0528301886792452,0.0547169811320754,0.0339622641509433,0.0886792452830188,0.0433962264150943,0.0716981132075471,0.0,0.0188679245283018,0.3947368421052631,0.131578947368421,0.4473684210526316,0.0263157894736842,RNCMPT00268_min,1
5I9D,1,0.0583333333333333,0.0277777777777777,0.0777777777777777,0.1083333333333333,0.0277777777777777,0.0833333333333333,0.0,0.0555555555555555,0.1361111111111111,0.1444444444444444,0.0277777777777777,0.0277777777777777,0.0305555555555555,0.0,0.0083333333333333,0.0055555555555555,0.0611111111111111,0.0861111111111111,0.0,0.0333333333333333,0.1818181818181818,0.0909090909090909,0.0,0.7272727272727273,5I9D,1
7CGK,1,0.0549132947976878,0.0231213872832369,0.0549132947976878,0.0722543352601156,0.0433526011560693,0.0375722543352601,0.0404624277456647,0.0722543352601156,0.0664739884393063,0.0664739884393063,0.0289017341040462,0.0404624277456647,0.0317919075144508,0.0751445086705202,0.0606936416184971,0.0578034682080924,0.0231213872832369,0.1040462427745664,0.0028901734104046,0.0433526011560693,0.5,0.0,0.125,0.375,7CGK,1
3K5Y,1,0.065,0.0325,0.0675,0.0525,0.0425,0.04,0.025,0.0625,0.065,0.1125,0.035,0.045,0.0175,0.0575,0.055,0.0775,0.0475,0.0675,0.0075,0.025,0.2222222222222222,0.2222222222222222,0.2222222222222222,0.3333333333333333,3K5Y,1
RNCMPT00179_min,0,0.1612903225806451,0.0040322580645161,0.0362903225806451,0.032258064516129,0.032258064516129,0.0725806451612903,0.0161290322580645,0.032258064516129,0.032258064516129,0.0846774193548387,0.0282258064516129,0.0443548387096774,0.064516129032258,0.1169354838709677,0.0362903225806451,0.0282258064516129,0.0604838709677419,0.064516129032258,0.0,0.0524193548387096,0.3421052631578947,0.2631578947368421,0.1842105263157894,0.2105263157894736,RNCMPT00179_min,1
RNCMPT00053_min,0,0.0392156862745098,0.0130718954248366,0.0130718954248366,0.0849673202614379,0.0522875816993464,0.065359477124183,0.0130718954248366,0.0718954248366013,0.0849673202614379,0.0849673202614379,0.0261437908496732,0.0522875816993464,0.0718954248366013,0.0588235294117647,0.065359477124183,0.0718954248366013,0.0588235294117647,0.0392156862745098,0.0130718954248366,0.0196078431372549,0.3333333333333333,0.2333333333333333,0.2666666666666666,0.1666666666666666,RNCMPT00053_min,1
RNCMPT00016_min,0,0.0541516245487364,0.003610108303249,0.0613718411552346,0.0866425992779783,0.0324909747292418,0.0505415162454873,0.0288808664259927,0.0685920577617328,0.0685920577617328,0.0830324909747292,0.0216606498194945,0.0577617328519855,0.0469314079422382,0.0577617328519855,0.0685920577617328,0.0722021660649819,0.0433212996389891,0.0794223826714801,0.0,0.0144404332129963,0.1333333333333333,0.2333333333333333,0.2,0.4333333333333333,RNCMPT00016_min,1
2ZH1,1,0.0526315789473684,0.0137299771167048,0.034324942791762,0.1418764302059496,0.0732265446224256,0.0617848970251716,0.0183066361556064,0.045766590389016,0.0823798627002288,0.0892448512585812,0.0160183066361556,0.0320366132723112,0.0411899313501144,0.0068649885583524,0.091533180778032,0.0411899313501144,0.0251716247139588,0.0869565217391304,0.0137299771167048,0.0320366132723112,0.0909090909090909,0.3636363636363636,0.3939393939393939,0.1515151515151515,2ZH1,1
RNCMPT00279_min,0,0.0852941176470588,0.0205882352941176,0.05,0.0941176470588235,0.0323529411764705,0.0823529411764705,0.0176470588235294,0.05,0.0617647058823529,0.0617647058823529,0.038235294117647,0.038235294117647,0.0558823529411764,0.0294117647058823,0.0676470588235294,0.0205882352941176,0.0411764705882352,0.088235294117647,0.0088235294117647,0.0558823529411764,0.1714285714285714,0.3142857142857143,0.2857142857142857,0.2285714285714285,RNCMPT00279_min,0
1FXL,1,0.0538922155688622,0.0059880239520958,0.0359281437125748,0.0658682634730539,0.0419161676646706,0.0838323353293413,0.0,0.0898203592814371,0.0778443113772455,0.0838323353293413,0.0119760479041916,0.0479041916167664,0.0359281437125748,0.0538922155688622,0.059880239520958,0.0838323353293413,0.0718562874251497,0.059880239520958,0.0,0.0359281437125748,0.1111111111111111,0.0,0.0,0.8888888888888888,1FXL,1
RNCMPT00156_min,0,0.0677966101694915,0.0225988700564971,0.0338983050847457,0.0847457627118644,0.0282485875706214,0.0508474576271186,0.0225988700564971,0.0338983050847457,0.1073446327683615,0.0734463276836158,0.0169491525423728,0.0508474576271186,0.0451977401129943,0.0677966101694915,0.0508474576271186,0.0734463276836158,0.0338983050847457,0.0847457627118644,0.0,0.0508474576271186,0.0512820512820512,0.2307692307692307,0.3076923076923077,0.4102564102564102,RNCMPT00156_min,1
RNCMPT00265_min,0,0.0767123287671232,0.0054794520547945,0.0520547945205479,0.0767123287671232,0.0054794520547945,0.1178082191780822,0.0191780821917808,0.0794520547945205,0.0465753424657534,0.0630136986301369,0.0301369863013698,0.0465753424657534,0.0383561643835616,0.0438356164383561,0.0602739726027397,0.0712328767123287,0.073972602739726,0.0630136986301369,0.0054794520547945,0.0246575342465753,0.1025641025641025,0.1282051282051282,0.4358974358974359,0.3333333333333333,RNCMPT00265_min,1
2XZL,1,0.0582010582010582,0.0251322751322751,0.0502645502645502,0.0568783068783068,0.0304232804232804,0.0595238095238095,0.0251322751322751,0.0621693121693121,0.0701058201058201,0.115079365079365,0.0132275132275132,0.0462962962962962,0.0462962962962962,0.0449735449735449,0.0542328042328042,0.0727513227513227,0.0489417989417989,0.0727513227513227,0.0158730158730158,0.0317460317460317,0.0,0.0,0.0,1.0,2XZL,0
2IX1,1,0.1088646967340591,0.0108864696734059,0.0762052877138413,0.0824261275272161,0.0435458786936236,0.0575427682737169,0.0248833592534992,0.062208398133748,0.0497667185069984,0.093312597200622,0.0233281493001555,0.0279937791601866,0.0482115085536547,0.031104199066874,0.077760497667185,0.0326594090202177,0.0497667185069984,0.0684292379471228,0.0139968895800933,0.0171073094867807,1.0,0.0,0.0,0.0,2IX1,1
RNCMPT00163_min,0,0.0403225806451612,0.0080645161290322,0.0806451612903225,0.0443548387096774,0.0282258064516129,0.1411290322580645,0.0120967741935483,0.0282258064516129,0.032258064516129,0.0241935483870967,0.0120967741935483,0.0282258064516129,0.0685483870967741,0.0040322580645161,0.1733870967741935,0.1129032258064516,0.0282258064516129,0.0685483870967741,0.0040322580645161,0.0604838709677419,0.2,0.2333333333333333,0.2666666666666666,0.3,RNCMPT00163_min,0
6FQ3,1,0.0512820512820512,0.0179487179487179,0.0692307692307692,0.0384615384615384,0.0717948717948717,0.1358974358974359,0.0358974358974358,0.0435897435897435,0.0435897435897435,0.0615384615384615,0.0128205128205128,0.0512820512820512,0.0461538461538461,0.0461538461538461,0.0589743589743589,0.0666666666666666,0.0358974358974358,0.0871794871794871,0.0076923076923076,0.0179487179487179,0.2307692307692307,0.3846153846153846,0.2307692307692307,0.1538461538461538,6FQ3,1
6XH2,1,0.075268817204301,0.0,0.043010752688172,0.032258064516129,0.064516129032258,0.032258064516129,0.021505376344086,0.0967741935483871,0.0967741935483871,0.064516129032258,0.021505376344086,0.053763440860215,0.075268817204301,0.043010752688172,0.075268817204301,0.064516129032258,0.064516129032258,0.043010752688172,0.0,0.032258064516129,0.1481481481481481,0.2962962962962963,0.3333333333333333,0.2222222222222222,6XH2,1
7CGF,1,0.0553935860058309,0.0233236151603498,0.0553935860058309,0.0699708454810495,0.0437317784256559,0.0349854227405247,0.0408163265306122,0.0728862973760933,0.0670553935860058,0.0670553935860058,0.0291545189504373,0.0408163265306122,0.032069970845481,0.0728862973760933,0.0612244897959183,0.0583090379008746,0.0233236151603498,0.1049562682215743,0.0029154518950437,0.0437317784256559,0.375,0.0,0.25,0.375,7CGF,0
5WZK,1,0.0701754385964912,0.0350877192982456,0.0506822612085769,0.0838206627680311,0.0389863547758284,0.0467836257309941,0.0272904483430799,0.0643274853801169,0.0545808966861598,0.1267056530214425,0.0253411306042884,0.0331384015594541,0.0272904483430799,0.0409356725146198,0.0487329434697855,0.0955165692007797,0.037037037037037,0.0565302144249512,0.0077972709551656,0.0292397660818713,0.2727272727272727,0.0909090909090909,0.4545454545454545,0.1818181818181818,5WZK,1
RNCMPT00245_min,0,0.0292682926829268,0.0146341463414634,0.0536585365853658,0.0829268292682926,0.0585365853658536,0.1121951219512195,0.0195121951219512,0.0439024390243902,0.1219512195121951,0.0439024390243902,0.0146341463414634,0.0536585365853658,0.0341463414634146,0.0634146341463414,0.048780487804878,0.0341463414634146,0.0439024390243902,0.0634146341463414,0.0146341463414634,0.048780487804878,0.3421052631578947,0.2368421052631578,0.2368421052631578,0.1842105263157894,RNCMPT00245_min,1
2DR7,1,0.0526315789473684,0.0137299771167048,0.034324942791762,0.1418764302059496,0.0732265446224256,0.0617848970251716,0.0183066361556064,0.045766590389016,0.0823798627002288,0.0892448512585812,0.0160183066361556,0.0320366132723112,0.0411899313501144,0.0068649885583524,0.091533180778032,0.0411899313501144,0.0251716247139588,0.0869565217391304,0.0137299771167048,0.0320366132723112,0.0606060606060606,0.3939393939393939,0.3939393939393939,0.1515151515151515,2DR7,1
RNCMPT00197_min,0,0.070110701107011,0.003690036900369,0.025830258302583,0.047970479704797,0.047970479704797,0.081180811808118,0.047970479704797,0.040590405904059,0.066420664206642,0.040590405904059,0.029520295202952,0.062730627306273,0.070110701107011,0.066420664206642,0.025830258302583,0.07380073800738,0.055350553505535,0.059040590405904,0.014760147601476,0.070110701107011,0.2631578947368421,0.2368421052631578,0.3421052631578947,0.1578947368421052,RNCMPT00197_min,0
RNCMPT00229_min,0,0.0890207715133531,0.0089020771513353,0.0445103857566765,0.0563798219584569,0.0445103857566765,0.1068249258160237,0.0237388724035608,0.0267062314540059,0.0385756676557863,0.0445103857566765,0.0207715133531157,0.0474777448071216,0.0712166172106825,0.0712166172106825,0.0504451038575667,0.0504451038575667,0.0563798219584569,0.0771513353115727,0.0178041543026706,0.0534124629080118,0.3428571428571428,0.2571428571428571,0.2571428571428571,0.1428571428571428,RNCMPT00229_min,1
1G2E,1,0.0538922155688622,0.0059880239520958,0.0359281437125748,0.0658682634730539,0.0419161676646706,0.0838323353293413,0.0,0.0898203592814371,0.0778443113772455,0.0838323353293413,0.0119760479041916,0.0479041916167664,0.0359281437125748,0.0538922155688622,0.059880239520958,0.0838323353293413,0.0718562874251497,0.059880239520958,0.0,0.0359281437125748,0.3,0.0,0.0,0.7,1G2E,1
1EXD,1,0.0661625708884688,0.0189035916824196,0.0661625708884688,0.0812854442344045,0.0453686200378071,0.0586011342155009,0.0302457466918714,0.0661625708884688,0.052930056710775,0.0756143667296786,0.0207939508506616,0.051039697542533,0.0491493383742911,0.0283553875236294,0.0718336483931947,0.0491493383742911,0.051039697542533,0.0623818525519848,0.0132325141776937,0.0415879017013232,0.2054794520547945,0.2876712328767123,0.3150684931506849,0.1917808219178082,1EXD,1
7CGI,1,0.0550724637681159,0.0202898550724637,0.0521739130434782,0.072463768115942,0.0434782608695652,0.0376811594202898,0.0434782608695652,0.072463768115942,0.0666666666666666,0.0666666666666666,0.0289855072463768,0.0434782608695652,0.0318840579710144,0.0753623188405797,0.0579710144927536,0.0579710144927536,0.0231884057971014,0.1043478260869565,0.0028985507246376,0.0434782608695652,0.375,0.0,0.125,0.5,7CGI,0
RNCMPT00004_min,0,0.133056133056133,0.0124740124740124,0.0353430353430353,0.0395010395010395,0.0478170478170478,0.0935550935550935,0.0187110187110187,0.0395010395010395,0.0415800415800415,0.0706860706860706,0.0498960498960499,0.0457380457380457,0.0914760914760914,0.0852390852390852,0.0353430353430353,0.0665280665280665,0.0374220374220374,0.0291060291060291,0.0,0.027027027027027,0.3428571428571428,0.2285714285714285,0.2571428571428571,0.1714285714285714,RNCMPT00004_min,1
7DIC,1,0.0541795665634674,0.0092879256965944,0.0743034055727554,0.0526315789473684,0.0510835913312693,0.0325077399380804,0.023219814241486,0.0897832817337461,0.0773993808049535,0.1006191950464396,0.0154798761609907,0.0773993808049535,0.0356037151702786,0.0386996904024767,0.0356037151702786,0.0557275541795665,0.0681114551083591,0.0650154798761609,0.0061919504643962,0.0371517027863777,1.0,0.0,0.0,0.0,7DIC,0
RNCMPT00160_min,0,0.0637254901960784,0.0122549019607843,0.0539215686274509,0.0735294117647058,0.0588235294117647,0.1348039215686274,0.0294117647058823,0.0318627450980392,0.0392156862745098,0.0490196078431372,0.0416666666666666,0.0367647058823529,0.0392156862745098,0.0245098039215686,0.0759803921568627,0.0808823529411764,0.0416666666666666,0.0563725490196078,0.0049019607843137,0.0514705882352941,0.2105263157894736,0.2368421052631578,0.2631578947368421,0.2894736842105263,RNCMPT00160_min,1
1QTQ,1,0.0661625708884688,0.0189035916824196,0.0661625708884688,0.0812854442344045,0.0453686200378071,0.0586011342155009,0.0302457466918714,0.0661625708884688,0.052930056710775,0.0756143667296786,0.0207939508506616,0.051039697542533,0.0491493383742911,0.0283553875236294,0.0718336483931947,0.0491493383742911,0.051039697542533,0.0623818525519848,0.0132325141776937,0.0415879017013232,0.2027027027027027,0.3108108108108108,0.2837837837837837,0.2027027027027027,1QTQ,1
4QG3,1,0.1052631578947368,0.0,0.0526315789473684,0.0745614035087719,0.0307017543859649,0.1008771929824561,0.0307017543859649,0.0789473684210526,0.087719298245614,0.0701754385964912,0.0131578947368421,0.0307017543859649,0.0614035087719298,0.0131578947368421,0.0657894736842105,0.0307017543859649,0.0482456140350877,0.0833333333333333,0.0043859649122807,0.0175438596491228,0.1625,0.2875,0.4,0.15,4QG3,1
RNCMPT00037_min,0,0.0553359683794466,0.0079051383399209,0.0553359683794466,0.0513833992094861,0.0316205533596837,0.0790513833992094,0.0316205533596837,0.0474308300395256,0.1146245059288537,0.0948616600790513,0.0316205533596837,0.0395256916996047,0.0513833992094861,0.0474308300395256,0.0632411067193675,0.0632411067193675,0.0316205533596837,0.0632411067193675,0.0039525691699604,0.0355731225296442,0.2285714285714285,0.1142857142857142,0.3714285714285714,0.2857142857142857,RNCMPT00037_min,1
RNCMPT00167_min,0,0.1145038167938931,0.0076335877862595,0.0687022900763358,0.0381679389312977,0.0534351145038167,0.0839694656488549,0.015267175572519,0.0381679389312977,0.0763358778625954,0.0305343511450381,0.0458015267175572,0.0687022900763358,0.0305343511450381,0.0229007633587786,0.0534351145038167,0.0839694656488549,0.015267175572519,0.099236641221374,0.0,0.0534351145038167,0.1666666666666666,0.2333333333333333,0.3333333333333333,0.2666666666666666,RNCMPT00167_min,0
4J39,1,0.040983606557377,0.0163934426229508,0.0491803278688524,0.0573770491803278,0.0655737704918032,0.081967213114754,0.0245901639344262,0.0327868852459016,0.040983606557377,0.0901639344262295,0.0163934426229508,0.0327868852459016,0.040983606557377,0.040983606557377,0.081967213114754,0.1065573770491803,0.0655737704918032,0.0491803278688524,0.0327868852459016,0.0327868852459016,0.1578947368421052,0.3684210526315789,0.3157894736842105,0.1578947368421052,4J39,1
6NOF,1,0.0671641791044776,0.0298507462686567,0.0671641791044776,0.0522388059701492,0.0422885572139303,0.0398009950248756,0.0273631840796019,0.0621890547263681,0.0646766169154228,0.1119402985074626,0.0348258706467661,0.044776119402985,0.017412935323383,0.0547263681592039,0.0522388059701492,0.0796019900497512,0.0497512437810945,0.0671641791044776,0.0074626865671641,0.0273631840796019,0.5,0.0,0.125,0.375,6NOF,1
5I9F,1,0.0618556701030927,0.0283505154639175,0.0773195876288659,0.1185567010309278,0.0335051546391752,0.0824742268041237,0.0,0.0515463917525773,0.1314432989690721,0.1391752577319587,0.0257731958762886,0.0257731958762886,0.0283505154639175,0.0025773195876288,0.018041237113402,0.0025773195876288,0.056701030927835,0.0850515463917525,0.0,0.0309278350515463,0.0,0.0909090909090909,0.0,0.9090909090909092,5I9F,1
RNCMPT00177_min,0,0.085972850678733,0.0090497737556561,0.0452488687782805,0.1085972850678733,0.0678733031674208,0.0769230769230769,0.0090497737556561,0.0407239819004524,0.0678733031674208,0.090497737556561,0.0090497737556561,0.0271493212669683,0.0633484162895927,0.0316742081447963,0.090497737556561,0.0542986425339366,0.0497737556561085,0.0542986425339366,0.0,0.0180995475113122,0.2105263157894736,0.1842105263157894,0.3421052631578947,0.2631578947368421,RNCMPT00177_min,1
RNCMPT00099_min,0,0.0478723404255319,0.0159574468085106,0.0531914893617021,0.0638297872340425,0.0691489361702127,0.0797872340425532,0.026595744680851,0.0372340425531914,0.1117021276595744,0.0425531914893617,0.0212765957446808,0.026595744680851,0.0638297872340425,0.0531914893617021,0.0372340425531914,0.0585106382978723,0.0797872340425532,0.0957446808510638,0.0053191489361702,0.0106382978723404,0.2857142857142857,0.4,0.1142857142857142,0.2,RNCMPT00099_min,0
4TYY,1,0.0594059405940594,0.0118811881188118,0.0613861386138613,0.0831683168316831,0.0514851485148514,0.0415841584158415,0.0198019801980198,0.095049504950495,0.1029702970297029,0.093069306930693,0.0158415841584158,0.0415841584158415,0.0396039603960396,0.0237623762376237,0.0514851485148514,0.0712871287128712,0.0455445544554455,0.0693069306930693,0.0,0.0217821782178217,1.0,0.0,0.0,0.0,4TYY,1
RNCMPT00040_min,0,0.08,0.02,0.04,0.09,0.07,0.05,0.03,0.03,0.12,0.01,0.02,0.04,0.05,0.07,0.05,0.03,0.08,0.11,0.0,0.01,0.2857142857142857,0.4,0.1142857142857142,0.2,RNCMPT00040_min,0
RNCMPT00113_min,0,0.0621468926553672,0.0338983050847457,0.0451977401129943,0.1016949152542373,0.0338983050847457,0.0734463276836158,0.0451977401129943,0.0677966101694915,0.0847457627118644,0.0621468926553672,0.0225988700564971,0.0508474576271186,0.0282485875706214,0.0282485875706214,0.0564971751412429,0.0508474576271186,0.0508474576271186,0.0621468926553672,0.0056497175141242,0.0338983050847457,0.1578947368421052,0.3684210526315789,0.1578947368421052,0.3157894736842105,RNCMPT00113_min,1
6R9P,1,0.0378912685337726,0.0181219110378912,0.0510708401976935,0.0807248764415156,0.0461285008237232,0.0395387149917627,0.0247116968698517,0.0741350906095551,0.0675453047775947,0.1087314662273476,0.014827018121911,0.0708401976935749,0.0362438220757825,0.0280065897858319,0.0444810543657331,0.0675453047775947,0.0691927512355848,0.0560131795716639,0.0065897858319604,0.057660626029654,0.5,0.0,0.0,0.5,6R9P,0
RNCMPT00151_min,0,0.054054054054054,0.0135135135135135,0.0878378378378378,0.0608108108108108,0.0472972972972973,0.081081081081081,0.0,0.0337837837837837,0.1486486486486486,0.0878378378378378,0.027027027027027,0.027027027027027,0.054054054054054,0.0067567567567567,0.0945945945945946,0.0608108108108108,0.0202702702702702,0.054054054054054,0.0202702702702702,0.0202702702702702,0.1578947368421052,0.4210526315789473,0.2368421052631578,0.1842105263157894,RNCMPT00151_min,1
2ASB,1,0.1194690265486725,0.0088495575221238,0.0486725663716814,0.0663716814159292,0.0132743362831858,0.0929203539823008,0.0132743362831858,0.0707964601769911,0.0309734513274336,0.0619469026548672,0.0088495575221238,0.0353982300884955,0.0619469026548672,0.0265486725663716,0.1017699115044247,0.0663716814159292,0.0353982300884955,0.1194690265486725,0.0044247787610619,0.0132743362831858,0.4545454545454545,0.1818181818181818,0.1818181818181818,0.1818181818181818,2ASB,1
2DRB,1,0.0526315789473684,0.0137299771167048,0.034324942791762,0.1418764302059496,0.0732265446224256,0.0617848970251716,0.0183066361556064,0.045766590389016,0.0823798627002288,0.0892448512585812,0.0160183066361556,0.0320366132723112,0.0411899313501144,0.0068649885583524,0.091533180778032,0.0411899313501144,0.0251716247139588,0.0869565217391304,0.0137299771167048,0.0320366132723112,0.0857142857142857,0.4,0.3714285714285714,0.1428571428571428,2DRB,1
RNCMPT00184_min,0,0.1068702290076335,0.0076335877862595,0.0458015267175572,0.0381679389312977,0.0610687022900763,0.0916030534351145,0.0305343511450381,0.0610687022900763,0.0534351145038167,0.0458015267175572,0.0229007633587786,0.0229007633587786,0.0763358778625954,0.0610687022900763,0.0610687022900763,0.015267175572519,0.0763358778625954,0.0687022900763358,0.0,0.0534351145038167,0.2894736842105263,0.3157894736842105,0.2631578947368421,0.131578947368421,RNCMPT00184_min,0
RNCMPT00278_min,0,0.0734463276836158,0.0225988700564971,0.0451977401129943,0.0734463276836158,0.03954802259887,0.0508474576271186,0.0282485875706214,0.0508474576271186,0.096045197740113,0.0790960451977401,0.0112994350282485,0.0508474576271186,0.0508474576271186,0.0508474576271186,0.0508474576271186,0.0564971751412429,0.0621468926553672,0.0564971751412429,0.0,0.0508474576271186,0.2631578947368421,0.1578947368421052,0.3684210526315789,0.2105263157894736,RNCMPT00278_min,1
4ZLD,1,0.0993377483443708,0.0132450331125827,0.0397350993377483,0.0728476821192053,0.0331125827814569,0.0397350993377483,0.0331125827814569,0.0397350993377483,0.0529801324503311,0.1456953642384106,0.0264900662251655,0.0132450331125827,0.0331125827814569,0.0794701986754966,0.0728476821192053,0.0927152317880794,0.0132450331125827,0.0662251655629139,0.0132450331125827,0.0198675496688741,0.2352941176470588,0.1176470588235294,0.2352941176470588,0.4117647058823529,4ZLD,1
RNCMPT00060_min,0,0.0823529411764705,0.0117647058823529,0.0117647058823529,0.0705882352941176,0.0411764705882352,0.0647058823529411,0.0235294117647058,0.0470588235294117,0.1117647058823529,0.0705882352941176,0.0117647058823529,0.0470588235294117,0.1,0.0470588235294117,0.0588235294117647,0.0764705882352941,0.0411764705882352,0.0705882352941176,0.0,0.0117647058823529,0.3947368421052631,0.131578947368421,0.4473684210526316,0.0263157894736842,RNCMPT00060_min,1
6NOH,1,0.0646766169154228,0.0298507462686567,0.0671641791044776,0.0522388059701492,0.0422885572139303,0.0398009950248756,0.0273631840796019,0.0621890547263681,0.0646766169154228,0.1119402985074626,0.0348258706467661,0.044776119402985,0.017412935323383,0.0547263681592039,0.0522388059701492,0.0820895522388059,0.0497512437810945,0.0671641791044776,0.0074626865671641,0.0273631840796019,0.5,0.0,0.125,0.375,6NOH,1
RNCMPT00087_min,0,0.0681818181818181,0.0303030303030303,0.053030303030303,0.0378787878787878,0.053030303030303,0.0681818181818181,0.0075757575757575,0.0606060606060606,0.1136363636363636,0.0681818181818181,0.0227272727272727,0.0681818181818181,0.0378787878787878,0.0151515151515151,0.0681818181818181,0.0909090909090909,0.0378787878787878,0.053030303030303,0.0,0.0454545454545454,0.2105263157894736,0.3947368421052631,0.2105263157894736,0.1842105263157894,RNCMPT00087_min,1
6L1W,1,0.041860465116279,0.0697674418604651,0.0325581395348837,0.0744186046511627,0.0325581395348837,0.0511627906976744,0.0465116279069767,0.041860465116279,0.0511627906976744,0.1348837209302325,0.0186046511627906,0.0511627906976744,0.0372093023255813,0.0604651162790697,0.0790697674418604,0.0604651162790697,0.0325581395348837,0.055813953488372,0.0,0.027906976744186,0.0,0.3333333333333333,0.3333333333333333,0.3333333333333333,6L1W,1
RNCMPT00117_min,0,0.0707692307692307,0.0092307692307692,0.0492307692307692,0.0461538461538461,0.0553846153846153,0.0892307692307692,0.0246153846153846,0.0584615384615384,0.0523076923076923,0.0676923076923076,0.0307692307692307,0.0707692307692307,0.0369230769230769,0.0369230769230769,0.0615384615384615,0.0861538461538461,0.0492307692307692,0.0676923076923076,0.0061538461538461,0.0307692307692307,0.2285714285714285,0.2857142857142857,0.2285714285714285,0.2571428571428571,RNCMPT00117_min,0
RNCMPT00280_min,0,0.0823529411764705,0.0205882352941176,0.0470588235294117,0.0970588235294117,0.038235294117647,0.0823529411764705,0.0117647058823529,0.0558823529411764,0.0676470588235294,0.0529411764705882,0.038235294117647,0.0352941176470588,0.0558823529411764,0.0294117647058823,0.0676470588235294,0.0352941176470588,0.0441176470588235,0.0823529411764705,0.0088235294117647,0.0470588235294117,0.2333333333333333,0.1666666666666666,0.3666666666666666,0.2333333333333333,RNCMPT00280_min,0
RNCMPT00094_min,0,0.0273972602739726,0.0,0.073972602739726,0.0246575342465753,0.0465753424657534,0.2273972602739726,0.021917808219178,0.0328767123287671,0.0575342465753424,0.021917808219178,0.0191780821917808,0.1506849315068493,0.0356164383561643,0.0575342465753424,0.0520547945205479,0.0328767123287671,0.0191780821917808,0.0493150684931506,0.0191780821917808,0.0301369863013698,0.1842105263157894,0.2894736842105263,0.1842105263157894,0.3421052631578947,RNCMPT00094_min,0
RNCMPT00236_min,0,0.0709677419354838,0.0064516129032258,0.0516129032258064,0.0612903225806451,0.0451612903225806,0.064516129032258,0.0096774193548387,0.0838709677419354,0.064516129032258,0.0612903225806451,0.0258064516129032,0.1,0.032258064516129,0.0225806451612903,0.0548387096774193,0.0806451612903225,0.0483870967741935,0.0580645161290322,0.0161290322580645,0.0419354838709677,0.3421052631578947,0.1842105263157894,0.2105263157894736,0.2631578947368421,RNCMPT00236_min,1
RNCMPT00018_min,0,0.0391061452513966,0.0,0.0670391061452514,0.0391061452513966,0.0558659217877094,0.2793296089385474,0.0055865921787709,0.0446927374301676,0.0558659217877094,0.0167597765363128,0.0167597765363128,0.0558659217877094,0.0446927374301676,0.0279329608938547,0.0893854748603352,0.0614525139664804,0.0446927374301676,0.0279329608938547,0.0055865921787709,0.0223463687150838,0.2894736842105263,0.131578947368421,0.3947368421052631,0.1842105263157894,RNCMPT00018_min,1
RNCMPT00050_min,0,0.0546875,0.0,0.0546875,0.0625,0.0625,0.203125,0.03125,0.0234375,0.0234375,0.03125,0.0234375,0.03125,0.0234375,0.03125,0.1015625,0.1015625,0.0390625,0.0546875,0.0,0.046875,0.1714285714285714,0.1714285714285714,0.4571428571428571,0.2,RNCMPT00050_min,0
RNCMPT00039_min,0,0.079059829059829,0.0149572649572649,0.047008547008547,0.0448717948717948,0.0256410256410256,0.0619658119658119,0.0384615384615384,0.0256410256410256,0.0363247863247863,0.047008547008547,0.0555555555555555,0.0512820512820512,0.1025641025641025,0.0961538461538461,0.0641025641025641,0.0641025641025641,0.0555555555555555,0.0363247863247863,0.0021367521367521,0.0512820512820512,0.2368421052631578,0.1578947368421052,0.4210526315789473,0.1842105263157894,RNCMPT00039_min,1
RNCMPT00254_min,0,0.0782918149466192,0.0142348754448398,0.0533807829181494,0.096085409252669,0.0391459074733096,0.0782918149466192,0.0355871886120996,0.0427046263345195,0.0889679715302491,0.0533807829181494,0.0106761565836298,0.0355871886120996,0.0142348754448398,0.0249110320284697,0.1032028469750889,0.0747330960854092,0.0498220640569395,0.0854092526690391,0.0035587188612099,0.0177935943060498,0.2,0.2285714285714285,0.2857142857142857,0.2857142857142857,RNCMPT00254_min,0
RNCMPT00209_min,0,0.1255060728744939,0.0,0.0566801619433198,0.0850202429149797,0.048582995951417,0.0647773279352226,0.0040485829959514,0.048582995951417,0.0769230769230769,0.0647773279352226,0.0161943319838056,0.0404858299595141,0.0566801619433198,0.0566801619433198,0.0769230769230769,0.0242914979757085,0.0607287449392712,0.0728744939271255,0.0,0.020242914979757,0.2666666666666666,0.2,0.3,0.2333333333333333,RNCMPT00209_min,1
4PDB,1,0.0775193798449612,0.0,0.0542635658914728,0.0775193798449612,0.0155038759689922,0.0775193798449612,0.0077519379844961,0.0852713178294573,0.0930232558139534,0.0930232558139534,0.0232558139534883,0.0465116279069767,0.0310077519379844,0.0232558139534883,0.0852713178294573,0.0310077519379844,0.0465116279069767,0.0930232558139534,0.0077519379844961,0.0310077519379844,0.1842105263157894,0.2631578947368421,0.3157894736842105,0.2368421052631578,4PDB,1
2ZH3,1,0.0526315789473684,0.0137299771167048,0.034324942791762,0.1418764302059496,0.0732265446224256,0.0617848970251716,0.0183066361556064,0.045766590389016,0.0823798627002288,0.0892448512585812,0.0160183066361556,0.0320366132723112,0.0411899313501144,0.0068649885583524,0.091533180778032,0.0411899313501144,0.0251716247139588,0.0869565217391304,0.0137299771167048,0.0320366132723112,0.088235294117647,0.3823529411764705,0.3823529411764705,0.1470588235294117,2ZH3,0
RNCMPT00224_min,0,0.1037735849056603,0.0047169811320754,0.0754716981132075,0.0518867924528301,0.0518867924528301,0.070754716981132,0.0235849056603773,0.0566037735849056,0.0613207547169811,0.080188679245283,0.0283018867924528,0.0566037735849056,0.0754716981132075,0.0377358490566037,0.0330188679245283,0.0566037735849056,0.0377358490566037,0.0518867924528301,0.0047169811320754,0.0377358490566037,0.1666666666666666,0.3,0.3666666666666666,0.1666666666666666,RNCMPT00224_min,0
2DRA,1,0.0526315789473684,0.0137299771167048,0.034324942791762,0.1418764302059496,0.0732265446224256,0.0617848970251716,0.0183066361556064,0.045766590389016,0.0823798627002288,0.0892448512585812,0.0160183066361556,0.0320366132723112,0.0411899313501144,0.0068649885583524,0.091533180778032,0.0411899313501144,0.0251716247139588,0.0869565217391304,0.0137299771167048,0.0320366132723112,0.0588235294117647,0.4117647058823529,0.3823529411764705,0.1470588235294117,2DRA,1
2ANN,1,0.081081081081081,0.0067567567567567,0.0202702702702702,0.0675675675675675,0.0202702702702702,0.1013513513513513,0.0067567567567567,0.1148648648648648,0.081081081081081,0.0608108108108108,0.0135135135135135,0.0337837837837837,0.0472972972972973,0.081081081081081,0.0337837837837837,0.0608108108108108,0.0608108108108108,0.081081081081081,0.0067567567567567,0.0202702702702702,0.217391304347826,0.391304347826087,0.3043478260869565,0.0869565217391304,2ANN,1
RNCMPT00182_min,0,0.0693277310924369,0.0084033613445378,0.0399159663865546,0.0252100840336134,0.0273109243697479,0.0924369747899159,0.0525210084033613,0.0294117647058823,0.0336134453781512,0.0693277310924369,0.0378151260504201,0.0756302521008403,0.0714285714285714,0.1281512605042016,0.0378151260504201,0.0861344537815126,0.042016806722689,0.0336134453781512,0.0,0.0399159663865546,0.2105263157894736,0.3947368421052631,0.2631578947368421,0.131578947368421,RNCMPT00182_min,1
2ZH4,1,0.0526315789473684,0.0137299771167048,0.034324942791762,0.1418764302059496,0.0732265446224256,0.0617848970251716,0.0183066361556064,0.045766590389016,0.0823798627002288,0.0892448512585812,0.0160183066361556,0.0320366132723112,0.0411899313501144,0.0068649885583524,0.091533180778032,0.0411899313501144,0.0251716247139588,0.0869565217391304,0.0137299771167048,0.0320366132723112,0.0588235294117647,0.3823529411764705,0.4117647058823529,0.1470588235294117,2ZH4,0
RNCMPT00071_min,0,0.0780141843971631,0.0,0.0319148936170212,0.0496453900709219,0.0531914893617021,0.0709219858156028,0.0177304964539007,0.0602836879432624,0.0780141843971631,0.0638297872340425,0.0602836879432624,0.0460992907801418,0.1241134751773049,0.0673758865248227,0.0460992907801418,0.0425531914893617,0.0425531914893617,0.0496453900709219,0.0,0.0177304964539007,0.2105263157894736,0.1052631578947368,0.5,0.1842105263157894,RNCMPT00071_min,1
2RD2,1,0.0661625708884688,0.0170132325141776,0.0661625708884688,0.0812854442344045,0.0453686200378071,0.0586011342155009,0.0302457466918714,0.0661625708884688,0.052930056710775,0.0756143667296786,0.0207939508506616,0.051039697542533,0.0491493383742911,0.0283553875236294,0.0737240075614366,0.0491493383742911,0.051039697542533,0.0623818525519848,0.0132325141776937,0.0415879017013232,0.2027027027027027,0.3108108108108108,0.2837837837837837,0.2027027027027027,2RD2,0
3QGC,1,0.065,0.0325,0.0675,0.0525,0.0425,0.04,0.025,0.0625,0.065,0.1125,0.035,0.045,0.0175,0.0575,0.0525,0.0775,0.0475,0.0675,0.0075,0.0275,0.1111111111111111,0.2222222222222222,0.2222222222222222,0.4444444444444444,3QGC,1
RNCMPT00134_min,0,0.0373443983402489,0.0,0.0663900414937759,0.0705394190871369,0.0207468879668049,0.1327800829875518,0.0124481327800829,0.0207468879668049,0.0456431535269709,0.0580912863070539,0.0124481327800829,0.0373443983402489,0.0165975103734439,0.0124481327800829,0.1825726141078838,0.1286307053941908,0.0248962655601659,0.0622406639004149,0.0041493775933609,0.0539419087136929,0.2631578947368421,0.2894736842105263,0.1578947368421052,0.2894736842105263,RNCMPT00134_min,0
4D25,1,0.072599531615925,0.0117096018735363,0.063231850117096,0.0562060889929742,0.0491803278688524,0.0655737704918032,0.0210772833723653,0.0749414519906323,0.0562060889929742,0.081967213114754,0.0281030444964871,0.0468384074941452,0.0444964871194379,0.0444964871194379,0.0608899297423887,0.063231850117096,0.0515222482435597,0.0843091334894613,0.0,0.0234192037470726,0.3333333333333333,0.1666666666666666,0.1666666666666666,0.3333333333333333,4D25,1
RNCMPT00263_min,0,0.0809523809523809,0.0047619047619047,0.0952380952380952,0.0904761904761904,0.0476190476190476,0.1095238095238095,0.0047619047619047,0.0095238095238095,0.0142857142857142,0.0571428571428571,0.0333333333333333,0.0428571428571428,0.0095238095238095,0.0476190476190476,0.119047619047619,0.0761904761904762,0.0380952380952381,0.0952380952380952,0.0095238095238095,0.0142857142857142,0.3,0.3,0.2,0.2,RNCMPT00263_min,0
1LNG,1,0.0229885057471264,0.0344827586206896,0.0459770114942528,0.1034482758620689,0.0,0.057471264367816,0.0114942528735632,0.1149425287356321,0.1954022988505747,0.0919540229885057,0.0114942528735632,0.0229885057471264,0.057471264367816,0.0229885057471264,0.0689655172413793,0.0344827586206896,0.0,0.0344827586206896,0.0229885057471264,0.0459770114942528,0.1958762886597938,0.2989690721649484,0.3608247422680412,0.1443298969072164,1LNG,0
RNCMPT00170_min,0,0.0435967302452316,0.0163487738419618,0.0653950953678474,0.0871934604904632,0.0272479564032697,0.0762942779291553,0.0217983651226158,0.0408719346049046,0.0653950953678474,0.0681198910081744,0.0217983651226158,0.0354223433242506,0.0708446866485013,0.0490463215258855,0.0953678474114441,0.0653950953678474,0.0517711171662125,0.0463215258855585,0.0081743869209809,0.0435967302452316,0.1666666666666666,0.0333333333333333,0.5,0.3,RNCMPT00170_min,1
RNCMPT00057_min,0,0.073170731707317,0.016260162601626,0.040650406504065,0.0447154471544715,0.024390243902439,0.073170731707317,0.016260162601626,0.040650406504065,0.073170731707317,0.0691056910569105,0.024390243902439,0.065040650406504,0.089430894308943,0.0772357723577235,0.032520325203252,0.0853658536585365,0.0609756097560975,0.0365853658536585,0.0040650406504065,0.0528455284552845,0.2894736842105263,0.2631578947368421,0.2894736842105263,0.1578947368421052,RNCMPT00057_min,0
RNCMPT00122_min,0,0.1346153846153846,0.0144230769230769,0.0288461538461538,0.0336538461538461,0.0649038461538461,0.0841346153846153,0.0264423076923076,0.0384615384615384,0.0360576923076923,0.0745192307692307,0.0384615384615384,0.0456730769230769,0.1033653846153846,0.0865384615384615,0.03125,0.0552884615384615,0.0432692307692307,0.0432692307692307,0.0,0.016826923076923,0.1842105263157894,0.3421052631578947,0.1842105263157894,0.2894736842105263,RNCMPT00122_min,1
4JGN,1,0.04,0.016,0.048,0.056,0.064,0.08,0.032,0.032,0.04,0.088,0.016,0.04,0.04,0.04,0.08,0.112,0.064,0.048,0.032,0.032,0.0,0.3,0.3,0.4,4JGN,1
1O0B,1,0.0660377358490566,0.0188679245283018,0.0660377358490566,0.0811320754716981,0.0452830188679245,0.0584905660377358,0.030188679245283,0.0660377358490566,0.0528301886792452,0.0754716981132075,0.020754716981132,0.0509433962264151,0.0490566037735849,0.030188679245283,0.0716981132075471,0.0490566037735849,0.0509433962264151,0.0622641509433962,0.0132075471698113,0.0415094339622641,0.2027027027027027,0.3108108108108108,0.2837837837837837,0.2027027027027027,1O0B,1
2ZHA,1,0.0526315789473684,0.0137299771167048,0.034324942791762,0.1418764302059496,0.0732265446224256,0.0617848970251716,0.0183066361556064,0.045766590389016,0.0823798627002288,0.0892448512585812,0.0160183066361556,0.0320366132723112,0.0411899313501144,0.0068649885583524,0.091533180778032,0.0411899313501144,0.0251716247139588,0.0869565217391304,0.0137299771167048,0.0320366132723112,0.0606060606060606,0.3636363636363636,0.3939393939393939,0.1818181818181818,2ZHA,0
RNCMPT00009_min,0,0.0777777777777777,0.0111111111111111,0.0111111111111111,0.0666666666666666,0.0666666666666666,0.1,0.0333333333333333,0.0555555555555555,0.0777777777777777,0.0666666666666666,0.0111111111111111,0.0666666666666666,0.0111111111111111,0.0333333333333333,0.0555555555555555,0.0666666666666666,0.0444444444444444,0.1,0.0111111111111111,0.0333333333333333,0.2857142857142857,0.3142857142857143,0.2285714285714285,0.1714285714285714,RNCMPT00009_min,0
5WZG,1,0.0730337078651685,0.0337078651685393,0.0505617977528089,0.0823970037453183,0.0374531835205992,0.046816479400749,0.0262172284644194,0.0617977528089887,0.0580524344569288,0.1310861423220973,0.0243445692883895,0.0337078651685393,0.0280898876404494,0.0374531835205992,0.048689138576779,0.099250936329588,0.0355805243445692,0.0543071161048689,0.0074906367041198,0.0299625468164794,0.3,0.1,0.4,0.2,5WZG,1
RNCMPT00142_min,0,0.0476190476190476,0.0059523809523809,0.0476190476190476,0.0952380952380952,0.0238095238095238,0.0535714285714285,0.0416666666666666,0.0773809523809523,0.1011904761904761,0.0773809523809523,0.0416666666666666,0.0357142857142857,0.0595238095238095,0.0238095238095238,0.0773809523809523,0.0595238095238095,0.0238095238095238,0.0595238095238095,0.0,0.0476190476190476,0.0769230769230769,0.1538461538461538,0.3333333333333333,0.4358974358974359,RNCMPT00142_min,1
2DR8,1,0.0526315789473684,0.0137299771167048,0.034324942791762,0.1418764302059496,0.0732265446224256,0.0617848970251716,0.0183066361556064,0.045766590389016,0.0823798627002288,0.0892448512585812,0.0160183066361556,0.0320366132723112,0.0411899313501144,0.0068649885583524,0.091533180778032,0.0411899313501144,0.0251716247139588,0.0869565217391304,0.0137299771167048,0.0320366132723112,0.0606060606060606,0.3939393939393939,0.3939393939393939,0.1515151515151515,2DR8,1
5WZH,1,0.073170731707317,0.0337711069418386,0.0506566604127579,0.0825515947467167,0.0375234521575985,0.0469043151969981,0.0262664165103189,0.0619136960600375,0.0581613508442776,0.1313320825515947,0.024390243902439,0.0337711069418386,0.0262664165103189,0.0375234521575985,0.048780487804878,0.099437148217636,0.0356472795497185,0.0544090056285178,0.0075046904315197,0.0300187617260788,0.2727272727272727,0.0909090909090909,0.4545454545454545,0.1818181818181818,5WZH,1
1SJF,1,0.0631578947368421,0.0,0.0526315789473684,0.0421052631578947,0.0631578947368421,0.031578947368421,0.0210526315789473,0.1052631578947368,0.1157894736842105,0.0736842105263157,0.0421052631578947,0.0526315789473684,0.0421052631578947,0.0421052631578947,0.0631578947368421,0.0842105263157894,0.0421052631578947,0.031578947368421,0.0,0.031578947368421,0.1486486486486486,0.3378378378378378,0.3378378378378378,0.1756756756756756,1SJF,0
RNCMPT00255_min,0,0.0855745721271393,0.0097799511002444,0.0586797066014669,0.0782396088019559,0.0488997555012225,0.0782396088019559,0.0073349633251833,0.0268948655256723,0.0635696821515892,0.0709046454767726,0.0317848410757946,0.0342298288508557,0.0415647921760391,0.0586797066014669,0.0904645476772616,0.0684596577017114,0.0342298288508557,0.0733496332518337,0.0024449877750611,0.0366748166259168,0.1025641025641025,0.1794871794871795,0.3846153846153846,0.3333333333333333,RNCMPT00255_min,1
RNCMPT00139_min,0,0.0833333333333333,0.0098039215686274,0.0588235294117647,0.0735294117647058,0.0637254901960784,0.0759803921568627,0.0098039215686274,0.0367647058823529,0.0906862745098039,0.0686274509803921,0.0269607843137254,0.0539215686274509,0.0294117647058823,0.0367647058823529,0.0612745098039215,0.0637254901960784,0.0441176470588235,0.0735294117647058,0.0024509803921568,0.0367647058823529,0.2368421052631578,0.1842105263157894,0.2631578947368421,0.3157894736842105,RNCMPT00139_min,1
1VBX,1,0.0631578947368421,0.0,0.0526315789473684,0.0421052631578947,0.0631578947368421,0.031578947368421,0.0210526315789473,0.1052631578947368,0.1157894736842105,0.0736842105263157,0.0421052631578947,0.0526315789473684,0.0421052631578947,0.0421052631578947,0.0631578947368421,0.0842105263157894,0.0421052631578947,0.031578947368421,0.0,0.031578947368421,0.136986301369863,0.3424657534246575,0.3424657534246575,0.1780821917808219,1VBX,1
RNCMPT00082_min,0,0.0581395348837209,0.0,0.0813953488372093,0.0465116279069767,0.0116279069767441,0.0465116279069767,0.0116279069767441,0.0697674418604651,0.1162790697674418,0.1744186046511628,0.0348837209302325,0.0348837209302325,0.0465116279069767,0.0,0.0581395348837209,0.0930232558139534,0.0348837209302325,0.0232558139534883,0.0232558139534883,0.0348837209302325,0.1578947368421052,0.3157894736842105,0.2631578947368421,0.2631578947368421,RNCMPT00082_min,0
RNCMPT00065_min,0,0.043010752688172,0.010752688172043,0.064516129032258,0.075268817204301,0.021505376344086,0.0806451612903225,0.0268817204301075,0.064516129032258,0.0913978494623656,0.075268817204301,0.0161290322580645,0.043010752688172,0.075268817204301,0.053763440860215,0.0913978494623656,0.032258064516129,0.0483870967741935,0.064516129032258,0.0053763440860215,0.0161290322580645,0.3421052631578947,0.2894736842105263,0.2894736842105263,0.0789473684210526,RNCMPT00065_min,0
RNCMPT00046_min,0,0.0997442455242966,0.0204603580562659,0.0358056265984654,0.0613810741687979,0.0306905370843989,0.0639386189258312,0.0434782608695652,0.0588235294117647,0.0639386189258312,0.0792838874680307,0.0255754475703324,0.0434782608695652,0.0306905370843989,0.0843989769820971,0.0409207161125319,0.0434782608695652,0.0511508951406649,0.0869565217391304,0.0,0.0358056265984654,0.2105263157894736,0.2368421052631578,0.2368421052631578,0.3157894736842105,RNCMPT00046_min,1
3MOJ,1,0.0666666666666666,0.0,0.0666666666666666,0.0133333333333333,0.0266666666666666,0.1066666666666666,0.0133333333333333,0.1066666666666666,0.1733333333333333,0.0533333333333333,0.04,0.08,0.0133333333333333,0.0133333333333333,0.0133333333333333,0.0266666666666666,0.0533333333333333,0.1066666666666666,0.0,0.0266666666666666,0.217391304347826,0.2318840579710145,0.3043478260869565,0.2463768115942029,3MOJ,0
1GTR,1,0.0661625708884688,0.0189035916824196,0.0661625708884688,0.0812854442344045,0.0453686200378071,0.0586011342155009,0.0302457466918714,0.0661625708884688,0.052930056710775,0.0756143667296786,0.0207939508506616,0.051039697542533,0.0491493383742911,0.0283553875236294,0.0718336483931947,0.0491493383742911,0.051039697542533,0.0623818525519848,0.0132325141776937,0.0415879017013232,0.2027027027027027,0.3108108108108108,0.2837837837837837,0.2027027027027027,1GTR,1
5WWW,1,0.1063829787234042,0.0212765957446808,0.0106382978723404,0.0851063829787234,0.0212765957446808,0.0531914893617021,0.0851063829787234,0.0638297872340425,0.0744680851063829,0.0425531914893617,0.0319148936170212,0.0212765957446808,0.0425531914893617,0.0212765957446808,0.0851063829787234,0.0638297872340425,0.0638297872340425,0.0957446808510638,0.0,0.0106382978723404,0.1666666666666666,0.0,0.3333333333333333,0.5,5WWW,1
RNCMPT00038_min,0,0.1492146596858638,0.0366492146596858,0.0235602094240837,0.0340314136125654,0.0287958115183246,0.0418848167539267,0.0261780104712041,0.0366492146596858,0.0418848167539267,0.0680628272251308,0.0418848167539267,0.0523560209424083,0.0916230366492146,0.0654450261780104,0.0445026178010471,0.0523560209424083,0.0785340314136125,0.06282722513089,0.0026178010471204,0.0209424083769633,0.2631578947368421,0.1842105263157894,0.2894736842105263,0.2631578947368421,RNCMPT00038_min,1
4JXX,1,0.0652985074626865,0.0186567164179104,0.0652985074626865,0.0802238805970149,0.044776119402985,0.0578358208955223,0.0298507462686567,0.0652985074626865,0.0559701492537313,0.0746268656716417,0.0205223880597014,0.0503731343283582,0.0503731343283582,0.0279850746268656,0.0727611940298507,0.0503731343283582,0.0503731343283582,0.0634328358208955,0.0149253731343283,0.0410447761194029,0.1971830985915492,0.323943661971831,0.2957746478873239,0.1830985915492957,4JXX,1
2DVI,1,0.0533642691415313,0.0139211136890951,0.0348027842227378,0.1415313225058004,0.074245939675174,0.062645011600928,0.0162412993039443,0.0464037122969837,0.0812064965197215,0.0881670533642691,0.0139211136890951,0.0324825986078886,0.0394431554524361,0.0069605568445475,0.0928074245939675,0.0417633410672853,0.025522041763341,0.0881670533642691,0.0139211136890951,0.0324825986078886,0.0588235294117647,0.4117647058823529,0.3823529411764705,0.1470588235294117,2DVI,1
3I62,1,0.0589390962671905,0.0117878192534381,0.0648330058939096,0.0844793713163064,0.0510805500982318,0.0412573673870334,0.0196463654223968,0.0943025540275049,0.1021611001964636,0.0923379174852652,0.0157170923379174,0.043222003929273,0.0392927308447937,0.0235756385068762,0.0510805500982318,0.0707269155206286,0.0451866404715127,0.068762278978389,0.0,0.0216110019646365,0.0,0.0,0.0,1.0,3I62,1
RNCMPT00240_min,0,0.032258064516129,0.007168458781362,0.03584229390681,0.068100358422939,0.060931899641577,0.046594982078853,0.028673835125448,0.0931899641577061,0.1254480286738351,0.089605734767025,0.010752688172043,0.1254480286738351,0.03584229390681,0.028673835125448,0.010752688172043,0.046594982078853,0.039426523297491,0.053763440860215,0.010752688172043,0.050179211469534,0.3157894736842105,0.2105263157894736,0.2631578947368421,0.2105263157894736,RNCMPT00240_min,0
5GXI,1,0.0464767616191904,0.0314842578710644,0.0554722638680659,0.0434782608695652,0.032983508245877,0.0749625187406296,0.0449775112443778,0.0614692653673163,0.0494752623688155,0.0914542728635682,0.0104947526236881,0.032983508245877,0.0599700149925037,0.0344827586206896,0.0419790104947526,0.0929535232383808,0.0659670164917541,0.0659670164917541,0.0344827586206896,0.0284857571214392,0.2,0.0,0.0,0.8,5GXI,1
RNCMPT00200_min,0,0.0615384615384615,0.0065934065934065,0.0351648351648351,0.0769230769230769,0.0505494505494505,0.0615384615384615,0.0131868131868131,0.0571428571428571,0.0813186813186813,0.0615384615384615,0.0263736263736263,0.0967032967032967,0.0725274725274725,0.0593406593406593,0.0263736263736263,0.0813186813186813,0.0395604395604395,0.0527472527472527,0.0065934065934065,0.0329670329670329,0.4333333333333333,0.1,0.3,0.1666666666666666,RNCMPT00200_min,1
RNCMPT00084_min,0,0.1071428571428571,0.0027472527472527,0.0302197802197802,0.0604395604395604,0.0329670329670329,0.1208791208791208,0.0054945054945054,0.0192307692307692,0.0329670329670329,0.0137362637362637,0.0054945054945054,0.0329670329670329,0.1593406593406593,0.0576923076923076,0.1098901098901098,0.0467032967032967,0.0631868131868131,0.0796703296703296,0.0054945054945054,0.0137362637362637,0.2,0.3142857142857143,0.2571428571428571,0.2285714285714285,RNCMPT00084_min,0
RNCMPT00186_min,0,0.0870786516853932,0.0252808988764044,0.0308988764044943,0.0561797752808988,0.0112359550561797,0.1011235955056179,0.0196629213483146,0.095505617977528,0.0393258426966292,0.0674157303370786,0.0337078651685393,0.0393258426966292,0.0533707865168539,0.0561797752808988,0.0449438202247191,0.098314606741573,0.0702247191011236,0.0533707865168539,0.0028089887640449,0.0140449438202247,0.2894736842105263,0.1578947368421052,0.2894736842105263,0.2631578947368421,RNCMPT00186_min,1
RNCMPT00178_min,0,0.062730627306273,0.0276752767527675,0.040590405904059,0.070110701107011,0.0387453874538745,0.077490774907749,0.025830258302583,0.0387453874538745,0.059040590405904,0.077490774907749,0.022140221402214,0.0498154981549815,0.0535055350553505,0.033210332103321,0.055350553505535,0.088560885608856,0.051660516605166,0.0793357933579335,0.003690036900369,0.044280442804428,0.2666666666666666,0.2333333333333333,0.2666666666666666,0.2333333333333333,RNCMPT00178_min,1
RNCMPT00013_min,0,0.0661375661375661,0.0132275132275132,0.0449735449735449,0.037037037037037,0.0555555555555555,0.1243386243386243,0.0132275132275132,0.0264550264550264,0.0476190476190476,0.0264550264550264,0.0238095238095238,0.0291005291005291,0.1666666666666666,0.0608465608465608,0.0423280423280423,0.0634920634920634,0.0449735449735449,0.0634920634920634,0.0158730158730158,0.0343915343915343,0.2,0.1666666666666666,0.2333333333333333,0.4,RNCMPT00013_min,0
RNCMPT00086_min,0,0.0529891304347826,0.0230978260869565,0.0543478260869565,0.077445652173913,0.029891304347826,0.0339673913043478,0.0230978260869565,0.0353260869565217,0.0720108695652173,0.0747282608695652,0.0258152173913043,0.0434782608695652,0.0896739130434782,0.0543478260869565,0.0584239130434782,0.1019021739130434,0.0570652173913043,0.0625,0.0054347826086956,0.0244565217391304,0.2894736842105263,0.2105263157894736,0.3421052631578947,0.1578947368421052,RNCMPT00086_min,1
RNCMPT00020_min,0,0.0646551724137931,0.0086206896551724,0.0344827586206896,0.1034482758620689,0.0344827586206896,0.0948275862068965,0.0172413793103448,0.0517241379310344,0.0517241379310344,0.0991379310344827,0.0172413793103448,0.0344827586206896,0.0344827586206896,0.0560344827586206,0.0818965517241379,0.0646551724137931,0.0560344827586206,0.0732758620689655,0.0,0.021551724137931,0.2368421052631578,0.3421052631578947,0.1842105263157894,0.2368421052631578,RNCMPT00020_min,0
RNCMPT00232_min,0,0.1031390134529148,0.0044843049327354,0.0582959641255605,0.0717488789237668,0.0493273542600896,0.0672645739910313,0.0179372197309417,0.0717488789237668,0.0538116591928251,0.0672645739910313,0.0448430493273542,0.0627802690582959,0.0762331838565022,0.0448430493273542,0.0403587443946188,0.0493273542600896,0.0313901345291479,0.0448430493273542,0.0044843049327354,0.0358744394618834,0.2368421052631578,0.2631578947368421,0.3157894736842105,0.1842105263157894,RNCMPT00232_min,0
RNCMPT00056_min,0,0.0457516339869281,0.0065359477124183,0.0718954248366013,0.1176470588235294,0.0261437908496732,0.1176470588235294,0.0261437908496732,0.0392156862745098,0.0784313725490196,0.0522875816993464,0.0196078431372549,0.0196078431372549,0.0392156862745098,0.0326797385620915,0.1241830065359477,0.0522875816993464,0.0326797385620915,0.0457516339869281,0.0130718954248366,0.0392156862745098,0.2105263157894736,0.2105263157894736,0.2631578947368421,0.3157894736842105,RNCMPT00056_min,1
5ZW4,1,0.0879629629629629,0.0,0.0694444444444444,0.0925925925925925,0.0277777777777777,0.0416666666666666,0.037037037037037,0.0972222222222222,0.074074074074074,0.0879629629629629,0.0231481481481481,0.0416666666666666,0.0509259259259259,0.0324074074074074,0.0555555555555555,0.0277777777777777,0.0277777777777777,0.0648148148148148,0.0046296296296296,0.0555555555555555,0.0625,0.375,0.3125,0.25,5ZW4,0
4TZ0,1,0.0590551181102362,0.0118110236220472,0.0629921259842519,0.0846456692913385,0.0511811023622047,0.0413385826771653,0.0196850393700787,0.0944881889763779,0.1023622047244094,0.09251968503937,0.0157480314960629,0.0433070866141732,0.0393700787401574,0.0236220472440944,0.0511811023622047,0.0708661417322834,0.0452755905511811,0.0688976377952756,0.0,0.0216535433070866,1.0,0.0,0.0,0.0,4TZ0,1
1VBY,1,0.0631578947368421,0.0,0.0526315789473684,0.0421052631578947,0.0631578947368421,0.031578947368421,0.0210526315789473,0.1052631578947368,0.1157894736842105,0.0736842105263157,0.0421052631578947,0.0526315789473684,0.0421052631578947,0.0421052631578947,0.0631578947368421,0.0842105263157894,0.0421052631578947,0.031578947368421,0.0,0.031578947368421,0.136986301369863,0.3424657534246575,0.3424657534246575,0.1780821917808219,1VBY,1
3RC8,1,0.0688524590163934,0.0229508196721311,0.0704918032786885,0.0524590163934426,0.0491803278688524,0.0459016393442622,0.0295081967213114,0.0770491803278688,0.0622950819672131,0.1098360655737704,0.0229508196721311,0.0344262295081967,0.0590163934426229,0.0377049180327868,0.0524590163934426,0.060655737704918,0.040983606557377,0.060655737704918,0.0098360655737704,0.0327868852459016,0.0,0.8333333333333334,0.1666666666666666,0.0,3RC8,1
5I9G,1,0.0586666666666666,0.0266666666666666,0.0746666666666666,0.1173333333333333,0.0293333333333333,0.0826666666666666,0.0,0.0533333333333333,0.1333333333333333,0.144,0.0266666666666666,0.0266666666666666,0.0293333333333333,0.0026666666666666,0.0106666666666666,0.008,0.0586666666666666,0.088,0.0,0.0293333333333333,0.0,0.25,0.0833333333333333,0.6666666666666666,5I9G,0
2Q66,1,0.0655105973025048,0.0154142581888246,0.0597302504816955,0.071290944123314,0.0558766859344894,0.048169556840077,0.0173410404624277,0.071290944123314,0.0751445086705202,0.094412331406551,0.0154142581888246,0.048169556840077,0.0520231213872832,0.0308285163776493,0.0520231213872832,0.0539499036608863,0.0500963391136801,0.0770712909441233,0.0134874759152215,0.0327552986512524,1.0,0.0,0.0,0.0,2Q66,0
1O0C,1,0.0660377358490566,0.0188679245283018,0.0660377358490566,0.0830188679245283,0.0452830188679245,0.0584905660377358,0.030188679245283,0.0660377358490566,0.0528301886792452,0.0754716981132075,0.020754716981132,0.0509433962264151,0.0490566037735849,0.0283018867924528,0.0716981132075471,0.0490566037735849,0.0509433962264151,0.0622641509433962,0.0132075471698113,0.0415094339622641,0.2027027027027027,0.3108108108108108,0.2837837837837837,0.2027027027027027,1O0C,1
1SJ4,1,0.0631578947368421,0.0,0.0526315789473684,0.0421052631578947,0.0631578947368421,0.031578947368421,0.0210526315789473,0.1052631578947368,0.1157894736842105,0.0736842105263157,0.0421052631578947,0.0526315789473684,0.0421052631578947,0.0421052631578947,0.0631578947368421,0.0842105263157894,0.0421052631578947,0.031578947368421,0.0,0.031578947368421,0.136986301369863,0.3424657534246575,0.3424657534246575,0.1780821917808219,1SJ4,0
4KXT,1,0.0632754342431761,0.0248138957816377,0.0471464019851116,0.0446650124069478,0.0372208436724565,0.0570719602977667,0.0285359801488833,0.0657568238213399,0.0669975186104218,0.0732009925558312,0.0235732009925558,0.032258064516129,0.0657568238213399,0.064516129032258,0.0669975186104218,0.0409429280397022,0.0558312655086848,0.0856079404466501,0.0086848635235732,0.0471464019851116,0.8333333333333334,0.0,0.0,0.1666666666666666,4KXT,1
5Z9X,1,0.0451388888888888,0.0173611111111111,0.09375,0.0798611111111111,0.0277777777777777,0.0381944444444444,0.03125,0.0347222222222222,0.0798611111111111,0.1284722222222222,0.0243055555555555,0.0381944444444444,0.0381944444444444,0.03125,0.0416666666666666,0.0659722222222222,0.0486111111111111,0.1076388888888889,0.0069444444444444,0.0208333333333333,0.2222222222222222,0.3333333333333333,0.2222222222222222,0.2222222222222222,5Z9X,1
2ZH6,1,0.0526315789473684,0.0137299771167048,0.034324942791762,0.1418764302059496,0.0732265446224256,0.0617848970251716,0.0183066361556064,0.045766590389016,0.0823798627002288,0.0892448512585812,0.0160183066361556,0.0320366132723112,0.0411899313501144,0.0068649885583524,0.091533180778032,0.0411899313501144,0.0251716247139588,0.0869565217391304,0.0137299771167048,0.0320366132723112,0.0588235294117647,0.3823529411764705,0.3823529411764705,0.1764705882352941,2ZH6,1
7CGG,1,0.0549132947976878,0.0202312138728323,0.0549132947976878,0.0722543352601156,0.0433526011560693,0.0375722543352601,0.0433526011560693,0.0722543352601156,0.0664739884393063,0.0664739884393063,0.0289017341040462,0.0433526011560693,0.0317919075144508,0.0751445086705202,0.0578034682080924,0.0578034682080924,0.0231213872832369,0.1040462427745664,0.0028901734104046,0.0433526011560693,0.5,0.0,0.125,0.375,7CGG,1
5ZC9,1,0.0634920634920634,0.0105820105820105,0.0687830687830687,0.0687830687830687,0.037037037037037,0.0555555555555555,0.0132275132275132,0.0873015873015873,0.0529100529100529,0.0952380952380952,0.0396825396825396,0.0343915343915343,0.0264550264550264,0.0529100529100529,0.0714285714285714,0.0476190476190476,0.0661375661375661,0.0714285714285714,0.0052910052910052,0.0317460317460317,0.5,0.0,0.5,0.0,5ZC9,0
4YCP,1,0.0941558441558441,0.0162337662337662,0.0519480519480519,0.0714285714285714,0.0162337662337662,0.0714285714285714,0.0194805194805194,0.0584415584415584,0.0422077922077922,0.1103896103896103,0.0194805194805194,0.0357142857142857,0.0487012987012987,0.0616883116883116,0.0681818181818181,0.0357142857142857,0.0324675324675324,0.0941558441558441,0.0259740259740259,0.0259740259740259,0.1935483870967742,0.2419354838709677,0.3225806451612903,0.2419354838709677,4YCP,1
3O3I,1,0.0185185185185185,0.0092592592592592,0.0648148148148148,0.0833333333333333,0.0555555555555555,0.037037037037037,0.0185185185185185,0.037037037037037,0.0925925925925925,0.1018518518518518,0.0185185185185185,0.0462962962962962,0.0462962962962962,0.074074074074074,0.0185185185185185,0.0555555555555555,0.074074074074074,0.074074074074074,0.0092592592592592,0.0648148148148148,0.2142857142857142,0.2142857142857142,0.2142857142857142,0.3571428571428571,3O3I,1
1GTS,1,0.0661625708884688,0.0189035916824196,0.0661625708884688,0.0812854442344045,0.0453686200378071,0.0586011342155009,0.0302457466918714,0.0661625708884688,0.052930056710775,0.0756143667296786,0.0207939508506616,0.051039697542533,0.0491493383742911,0.0283553875236294,0.0718336483931947,0.0491493383742911,0.051039697542533,0.0623818525519848,0.0132325141776937,0.0415879017013232,0.2027027027027027,0.3108108108108108,0.2837837837837837,0.2027027027027027,1GTS,1
RNCMPT00239_min,0,0.0870786516853932,0.0252808988764044,0.0308988764044943,0.0561797752808988,0.0112359550561797,0.1011235955056179,0.0196629213483146,0.095505617977528,0.0393258426966292,0.0674157303370786,0.0337078651685393,0.0393258426966292,0.0533707865168539,0.0561797752808988,0.0449438202247191,0.098314606741573,0.0702247191011236,0.0533707865168539,0.0028089887640449,0.0140449438202247,0.1,0.1666666666666666,0.4333333333333333,0.3,RNCMPT00239_min,0
RNCMPT00059_min,0,0.0117647058823529,0.0058823529411764,0.0705882352941176,0.0470588235294117,0.0764705882352941,0.1,0.0235294117647058,0.0352941176470588,0.0823529411764705,0.1,0.0176470588235294,0.0588235294117647,0.0176470588235294,0.0588235294117647,0.1058823529411764,0.0588235294117647,0.0529411764705882,0.0588235294117647,0.0,0.0176470588235294,0.2894736842105263,0.3157894736842105,0.2368421052631578,0.1578947368421052,RNCMPT00059_min,1
1VBZ,1,0.0631578947368421,0.0,0.0526315789473684,0.0421052631578947,0.0631578947368421,0.031578947368421,0.0210526315789473,0.1052631578947368,0.1157894736842105,0.0736842105263157,0.0421052631578947,0.0526315789473684,0.0421052631578947,0.0421052631578947,0.0631578947368421,0.0842105263157894,0.0421052631578947,0.031578947368421,0.0,0.031578947368421,0.136986301369863,0.3424657534246575,0.3424657534246575,0.1780821917808219,1VBZ,1
RNCMPT00284_min,0,0.0839160839160839,0.0139860139860139,0.0349650349650349,0.0419580419580419,0.0489510489510489,0.1118881118881118,0.0139860139860139,0.0489510489510489,0.0209790209790209,0.0629370629370629,0.0139860139860139,0.0489510489510489,0.1118881118881118,0.0349650349650349,0.0839160839160839,0.0489510489510489,0.0559440559440559,0.0559440559440559,0.0069930069930069,0.0559440559440559,0.3684210526315789,0.1842105263157894,0.2368421052631578,0.2105263157894736,RNCMPT00284_min,0
5BZV,1,0.0329670329670329,0.0247252747252747,0.0576923076923076,0.0412087912087912,0.0714285714285714,0.0329670329670329,0.0082417582417582,0.1181318681318681,0.0796703296703296,0.1401098901098901,0.0082417582417582,0.0686813186813186,0.0247252747252747,0.0604395604395604,0.0192307692307692,0.0604395604395604,0.0576923076923076,0.0604395604395604,0.0,0.0329670329670329,0.3333333333333333,0.1111111111111111,0.1111111111111111,0.4444444444444444,5BZV,0
3I61,1,0.0589390962671905,0.0117878192534381,0.0648330058939096,0.0844793713163064,0.0510805500982318,0.0412573673870334,0.0196463654223968,0.0943025540275049,0.1021611001964636,0.0923379174852652,0.0157170923379174,0.043222003929273,0.0392927308447937,0.0235756385068762,0.0510805500982318,0.0707269155206286,0.0451866404715127,0.068762278978389,0.0,0.0216110019646365,0.0,0.0,0.0,1.0,3I61,0
RNCMPT00148_min,0,0.1124260355029585,0.0118343195266272,0.0355029585798816,0.059171597633136,0.0502958579881656,0.0976331360946745,0.0325443786982248,0.0502958579881656,0.0621301775147929,0.0414201183431952,0.029585798816568,0.0680473372781065,0.0562130177514792,0.0325443786982248,0.0325443786982248,0.0798816568047337,0.0532544378698224,0.0621301775147929,0.0118343195266272,0.0207100591715976,0.2631578947368421,0.4736842105263157,0.1842105263157894,0.0789473684210526,RNCMPT00148_min,1
RNCMPT00073_min,0,0.064516129032258,0.032258064516129,0.064516129032258,0.0725806451612903,0.0483870967741935,0.1290322580645161,0.0161290322580645,0.0161290322580645,0.032258064516129,0.0403225806451612,0.0161290322580645,0.0241935483870967,0.0725806451612903,0.0,0.1451612903225806,0.0483870967741935,0.032258064516129,0.064516129032258,0.0080645161290322,0.0725806451612903,0.2631578947368421,0.2368421052631578,0.2631578947368421,0.2368421052631578,RNCMPT00073_min,1
RNCMPT00003_min,0,0.1225165562913907,0.0149006622516556,0.0447019867549668,0.0314569536423841,0.0413907284768211,0.0579470198675496,0.0149006622516556,0.0413907284768211,0.0562913907284768,0.0877483443708609,0.0281456953642384,0.0943708609271523,0.0529801324503311,0.0562913907284768,0.021523178807947,0.0993377483443708,0.0612582781456953,0.0562913907284768,0.0033112582781456,0.0132450331125827,0.3157894736842105,0.4736842105263157,0.1052631578947368,0.1052631578947368,RNCMPT00003_min,0
RNCMPT00067_min,0,0.0316742081447963,0.0090497737556561,0.085972850678733,0.0723981900452488,0.0407239819004524,0.1266968325791855,0.0180995475113122,0.0226244343891402,0.0361990950226244,0.0542986425339366,0.0180995475113122,0.0180995475113122,0.0633484162895927,0.0180995475113122,0.1357466063348416,0.0769230769230769,0.0271493212669683,0.0542986425339366,0.0135746606334841,0.0769230769230769,0.3714285714285714,0.2571428571428571,0.2571428571428571,0.1142857142857142,RNCMPT00067_min,1
RNCMPT00110_min,0,0.0495049504950495,0.0099009900990099,0.099009900990099,0.0544554455445544,0.0346534653465346,0.1633663366336633,0.0099009900990099,0.0346534653465346,0.0396039603960396,0.0297029702970297,0.0148514851485148,0.0297029702970297,0.0693069306930693,0.0049504950495049,0.1237623762376237,0.0495049504950495,0.0297029702970297,0.0841584158415841,0.0049504950495049,0.0643564356435643,0.3421052631578947,0.2631578947368421,0.2105263157894736,0.1842105263157894,RNCMPT00110_min,1
RNCMPT00049_min,0,0.0761750405186385,0.0145867098865478,0.06645056726094,0.1134521880064829,0.0388978930307941,0.0632090761750405,0.0162074554294975,0.0307941653160453,0.126418152350081,0.0875202593192868,0.019448946515397,0.0340356564019448,0.0356564019448946,0.0470016207455429,0.0583468395461912,0.0583468395461912,0.0405186385737439,0.0632090761750405,0.0016207455429497,0.0081037277147487,0.2894736842105263,0.2631578947368421,0.2631578947368421,0.1842105263157894,RNCMPT00049_min,1
3K5Z,1,0.065989847715736,0.032994923857868,0.065989847715736,0.0507614213197969,0.0431472081218274,0.0380710659898477,0.0253807106598984,0.0634517766497461,0.065989847715736,0.1142131979695431,0.032994923857868,0.0431472081218274,0.0177664974619289,0.0583756345177665,0.0558375634517766,0.0761421319796954,0.0482233502538071,0.0685279187817258,0.0076142131979695,0.0253807106598984,0.3333333333333333,0.2222222222222222,0.1111111111111111,0.3333333333333333,3K5Z,1
RNCMPT00124_min,0,0.0397727272727272,0.0198863636363636,0.0681818181818181,0.0568181818181818,0.0426136363636363,0.09375,0.0113636363636363,0.0255681818181818,0.0369318181818181,0.0511363636363636,0.03125,0.0284090909090909,0.1107954545454545,0.0284090909090909,0.1164772727272727,0.0738636363636363,0.0482954545454545,0.0568181818181818,0.002840909090909,0.0568181818181818,0.1052631578947368,0.4473684210526316,0.2105263157894736,0.2368421052631578,RNCMPT00124_min,1
RNCMPT00072_min,0,0.05,0.0,0.1,0.0416666666666666,0.0333333333333333,0.1166666666666666,0.025,0.0083333333333333,0.0333333333333333,0.0416666666666666,0.0416666666666666,0.0083333333333333,0.0833333333333333,0.0083333333333333,0.175,0.0583333333333333,0.0416666666666666,0.0666666666666666,0.0,0.0666666666666666,0.3333333333333333,0.1333333333333333,0.4333333333333333,0.1,RNCMPT00072_min,1
3K61,1,0.0661577608142493,0.0330788804071246,0.0661577608142493,0.0508905852417302,0.0432569974554707,0.0381679389312977,0.0254452926208651,0.0636132315521628,0.0661577608142493,0.1119592875318066,0.0330788804071246,0.0432569974554707,0.0178117048346055,0.0585241730279898,0.0559796437659033,0.0763358778625954,0.0483460559796437,0.0687022900763358,0.0076335877862595,0.0254452926208651,0.4444444444444444,0.1111111111111111,0.1111111111111111,0.3333333333333333,3K61,1
2RE8,1,0.0661625708884688,0.0170132325141776,0.0661625708884688,0.0812854442344045,0.0453686200378071,0.0586011342155009,0.0302457466918714,0.0661625708884688,0.052930056710775,0.0756143667296786,0.0207939508506616,0.051039697542533,0.0491493383742911,0.0283553875236294,0.0737240075614366,0.0491493383742911,0.051039697542533,0.0623818525519848,0.0132325141776937,0.0415879017013232,0.2027027027027027,0.3108108108108108,0.2837837837837837,0.2027027027027027,2RE8,1
RNCMPT00019_min,0,0.0543478260869565,0.0108695652173913,0.108695652173913,0.0543478260869565,0.0652173913043478,0.0543478260869565,0.0108695652173913,0.0434782608695652,0.0217391304347826,0.0652173913043478,0.0108695652173913,0.0326086956521739,0.0543478260869565,0.0434782608695652,0.1521739130434782,0.0326086956521739,0.0434782608695652,0.0760869565217391,0.0108695652173913,0.0543478260869565,0.1,0.3333333333333333,0.1666666666666666,0.4,RNCMPT00019_min,1
5EX7,1,0.0401459854014598,0.0218978102189781,0.0547445255474452,0.0474452554744525,0.0620437956204379,0.0875912408759124,0.0328467153284671,0.0948905109489051,0.0583941605839416,0.0474452554744525,0.0145985401459854,0.0766423357664233,0.0218978102189781,0.072992700729927,0.0547445255474452,0.0401459854014598,0.0328467153284671,0.0985401459854014,0.0,0.0401459854014598,0.0,0.0,0.2857142857142857,0.7142857142857143,5EX7,1
RNCMPT00120_min,0,0.0926966292134831,0.0112359550561797,0.0308988764044943,0.047752808988764,0.0365168539325842,0.0842696629213483,0.0,0.0505617977528089,0.0561797752808988,0.1011235955056179,0.0196629213483146,0.0786516853932584,0.047752808988764,0.0449438202247191,0.0449438202247191,0.0870786516853932,0.0617977528089887,0.0674157303370786,0.0056179775280898,0.0308988764044943,0.2333333333333333,0.3,0.3333333333333333,0.1333333333333333,RNCMPT00120_min,1
3Q0Q,1,0.0583090379008746,0.0262390670553935,0.0437317784256559,0.0670553935860058,0.0379008746355685,0.0466472303206997,0.0495626822157434,0.0728862973760933,0.0641399416909621,0.0962099125364431,0.0262390670553935,0.032069970845481,0.0291545189504373,0.0932944606413994,0.0583090379008746,0.0466472303206997,0.0349854227405247,0.0787172011661807,0.0,0.0379008746355685,0.5,0.0,0.125,0.375,3Q0Q,1
RNCMPT00248_min,0,0.0732984293193717,0.0104712041884816,0.06282722513089,0.0732984293193717,0.0418848167539267,0.0890052356020942,0.0366492146596858,0.0575916230366492,0.0732984293193717,0.0523560209424083,0.0209424083769633,0.0523560209424083,0.0890052356020942,0.031413612565445,0.0523560209424083,0.0366492146596858,0.0366492146596858,0.0575916230366492,0.0052356020942408,0.0471204188481675,0.3142857142857143,0.1714285714285714,0.2571428571428571,0.2571428571428571,RNCMPT00248_min,0
7CGJ,1,0.0550724637681159,0.0202898550724637,0.0521739130434782,0.072463768115942,0.0434782608695652,0.0376811594202898,0.0434782608695652,0.072463768115942,0.0666666666666666,0.0666666666666666,0.0289855072463768,0.0434782608695652,0.0318840579710144,0.0753623188405797,0.0579710144927536,0.0579710144927536,0.0231884057971014,0.1043478260869565,0.0028985507246376,0.0434782608695652,0.375,0.0,0.25,0.375,7CGJ,1
RNCMPT00185_min,0,0.0552486187845303,0.0,0.0552486187845303,0.1270718232044199,0.0331491712707182,0.0773480662983425,0.0220994475138121,0.0497237569060773,0.1104972375690607,0.1104972375690607,0.0220994475138121,0.0331491712707182,0.0386740331491712,0.0276243093922651,0.0662983425414364,0.0883977900552486,0.005524861878453,0.0441988950276243,0.0,0.0331491712707182,0.1666666666666666,0.2,0.3333333333333333,0.3,RNCMPT00185_min,1
5BZ1,1,0.0323450134770889,0.0242587601078167,0.0566037735849056,0.0404312668463611,0.0700808625336927,0.0350404312668463,0.0080862533692722,0.1159029649595687,0.0781671159029649,0.137466307277628,0.0080862533692722,0.0754716981132075,0.0242587601078167,0.059299191374663,0.0188679245283018,0.059299191374663,0.0566037735849056,0.0646900269541779,0.0,0.0350404312668463,0.2,0.0,0.2,0.6,5BZ1,0
6XH3,1,0.0681818181818181,0.0,0.0454545454545454,0.0227272727272727,0.0681818181818181,0.034090909090909,0.0227272727272727,0.1022727272727272,0.0909090909090909,0.0681818181818181,0.0227272727272727,0.0568181818181818,0.0568181818181818,0.0454545454545454,0.0909090909090909,0.0681818181818181,0.0681818181818181,0.034090909090909,0.0,0.034090909090909,0.1481481481481481,0.2962962962962963,0.3333333333333333,0.2222222222222222,6XH3,1
5HO4,1,0.0614525139664804,0.0055865921787709,0.0670391061452514,0.1005586592178771,0.0614525139664804,0.0837988826815642,0.0391061452513966,0.0502793296089385,0.0837988826815642,0.0446927374301676,0.0223463687150838,0.0167597765363128,0.0279329608938547,0.0279329608938547,0.0837988826815642,0.0558659217877094,0.0558659217877094,0.0782122905027933,0.0055865921787709,0.0279329608938547,0.4,0.2,0.3,0.1,5HO4,0
2XS2,1,0.0227272727272727,0.0,0.0568181818181818,0.0568181818181818,0.0681818181818181,0.1022727272727272,0.0227272727272727,0.0909090909090909,0.1022727272727272,0.034090909090909,0.0227272727272727,0.034090909090909,0.034090909090909,0.034090909090909,0.0568181818181818,0.0568181818181818,0.0454545454545454,0.125,0.0,0.034090909090909,0.0,0.1428571428571428,0.1428571428571428,0.7142857142857143,2XS2,1
RNCMPT00074_min,0,0.0316742081447963,0.0090497737556561,0.085972850678733,0.0723981900452488,0.0407239819004524,0.1266968325791855,0.0180995475113122,0.0226244343891402,0.0361990950226244,0.0542986425339366,0.0180995475113122,0.0180995475113122,0.0633484162895927,0.0180995475113122,0.1357466063348416,0.0769230769230769,0.0271493212669683,0.0542986425339366,0.0135746606334841,0.0769230769230769,0.2,0.2285714285714285,0.1428571428571428,0.4285714285714285,RNCMPT00074_min,0
RNCMPT00069_min,0,0.073394495412844,0.0160550458715596,0.0435779816513761,0.0504587155963302,0.0504587155963302,0.0665137614678899,0.0298165137614678,0.0619266055045871,0.0688073394495412,0.0756880733944954,0.0275229357798165,0.0756880733944954,0.0779816513761468,0.0412844036697247,0.0344036697247706,0.055045871559633,0.0619266055045871,0.0596330275229357,0.0068807339449541,0.0229357798165137,0.1578947368421052,0.3684210526315789,0.2894736842105263,0.1842105263157894,RNCMPT00069_min,1
RNCMPT00258_min,0,0.0478260869565217,0.008695652173913,0.1260869565217391,0.0869565217391304,0.0565217391304347,0.0608695652173913,0.0130434782608695,0.0347826086956521,0.0913043478260869,0.0260869565217391,0.0043478260869565,0.0391304347826087,0.0260869565217391,0.0304347826086956,0.1347826086956521,0.0695652173913043,0.0130434782608695,0.0695652173913043,0.0,0.0608695652173913,0.2894736842105263,0.2105263157894736,0.131578947368421,0.3684210526315789,RNCMPT00258_min,0
RNCMPT00283_min,0,0.0620689655172413,0.0068965517241379,0.0551724137931034,0.0275862068965517,0.0413793103448275,0.0827586206896551,0.0206896551724137,0.0482758620689655,0.0551724137931034,0.0758620689655172,0.0275862068965517,0.0275862068965517,0.0689655172413793,0.0689655172413793,0.0482758620689655,0.0551724137931034,0.096551724137931,0.0689655172413793,0.0,0.0620689655172413,0.3421052631578947,0.2105263157894736,0.3421052631578947,0.1052631578947368,RNCMPT00283_min,1
7D7V,1,0.0652173913043478,0.0,0.0543478260869565,0.0434782608695652,0.0652173913043478,0.0326086956521739,0.0217391304347826,0.108695652173913,0.108695652173913,0.0760869565217391,0.0326086956521739,0.0543478260869565,0.0326086956521739,0.0434782608695652,0.0652173913043478,0.0869565217391304,0.0434782608695652,0.0326086956521739,0.0,0.0326086956521739,0.1403508771929824,0.4035087719298245,0.3157894736842105,0.1403508771929824,7D7V,0
RNCMPT00281_min,0,0.0619469026548672,0.0088495575221238,0.0560471976401179,0.0914454277286135,0.0471976401179941,0.0884955752212389,0.0206489675516224,0.0442477876106194,0.0973451327433628,0.0648967551622418,0.023598820058997,0.0353982300884955,0.0589970501474926,0.0353982300884955,0.0619469026548672,0.0324483775811209,0.0471976401179941,0.079646017699115,0.0088495575221238,0.0353982300884955,0.1578947368421052,0.3947368421052631,0.1052631578947368,0.3421052631578947,RNCMPT00281_min,1
RNCMPT00253_min,0,0.0896226415094339,0.0165094339622641,0.0636792452830188,0.0566037735849056,0.0518867924528301,0.070754716981132,0.0188679245283018,0.0518867924528301,0.070754716981132,0.0778301886792452,0.035377358490566,0.0589622641509434,0.0377358490566037,0.0518867924528301,0.070754716981132,0.0518867924528301,0.025943396226415,0.0660377358490566,0.0023584905660377,0.0306603773584905,0.2,0.1333333333333333,0.1666666666666666,0.5,RNCMPT00253_min,1
RNCMPT00079_min,0,0.0666666666666666,0.016,0.0586666666666666,0.0506666666666666,0.0453333333333333,0.08,0.0133333333333333,0.0426666666666666,0.0453333333333333,0.0853333333333333,0.04,0.04,0.0746666666666666,0.0613333333333333,0.0373333333333333,0.0506666666666666,0.0613333333333333,0.0986666666666666,0.0026666666666666,0.0293333333333333,0.1428571428571428,0.2857142857142857,0.2571428571428571,0.3142857142857143,RNCMPT00079_min,1
RNCMPT00066_min,0,0.0448979591836734,0.0081632653061224,0.1061224489795918,0.0408163265306122,0.0448979591836734,0.1714285714285714,0.0163265306122449,0.0204081632653061,0.0448979591836734,0.0326530612244898,0.0204081632653061,0.0244897959183673,0.0489795918367346,0.0163265306122449,0.1469387755102041,0.0816326530612244,0.0244897959183673,0.0571428571428571,0.0040816326530612,0.0448979591836734,0.1428571428571428,0.3142857142857143,0.1714285714285714,0.3714285714285714,RNCMPT00066_min,0
6DU4,1,0.0557491289198606,0.0278745644599303,0.0557491289198606,0.0522648083623693,0.0418118466898954,0.0557491289198606,0.0174216027874564,0.0592334494773519,0.0696864111498257,0.1114982578397212,0.024390243902439,0.0522648083623693,0.0696864111498257,0.0278745644599303,0.0627177700348432,0.0557491289198606,0.0452961672473867,0.0592334494773519,0.0174216027874564,0.0383275261324041,0.2758620689655172,0.2413793103448276,0.3448275862068966,0.1379310344827586,6DU4,1
2PJP,1,0.0909090909090909,0.0165289256198347,0.0991735537190082,0.0743801652892562,0.0495867768595041,0.0661157024793388,0.0082644628099173,0.0743801652892562,0.0330578512396694,0.0826446280991735,0.0165289256198347,0.024793388429752,0.0165289256198347,0.0743801652892562,0.1239669421487603,0.0165289256198347,0.0495867768595041,0.0330578512396694,0.024793388429752,0.024793388429752,0.0869565217391304,0.3478260869565217,0.391304347826087,0.1739130434782608,2PJP,1
2ZH8,1,0.0526315789473684,0.0137299771167048,0.034324942791762,0.1418764302059496,0.0732265446224256,0.0617848970251716,0.0183066361556064,0.045766590389016,0.0823798627002288,0.0892448512585812,0.0160183066361556,0.0320366132723112,0.0411899313501144,0.0068649885583524,0.091533180778032,0.0411899313501144,0.0251716247139588,0.0869565217391304,0.0137299771167048,0.0320366132723112,0.0588235294117647,0.3823529411764705,0.4117647058823529,0.1470588235294117,2ZH8,1
RNCMPT00031_min,0,0.0360824742268041,0.0103092783505154,0.0979381443298969,0.0670103092783505,0.0670103092783505,0.0927835051546391,0.0103092783505154,0.0618556701030927,0.1030927835051546,0.0412371134020618,0.0206185567010309,0.0360824742268041,0.0360824742268041,0.0515463917525773,0.0618556701030927,0.0618556701030927,0.0618556701030927,0.056701030927835,0.0103092783505154,0.0154639175257731,0.3421052631578947,0.2105263157894736,0.2631578947368421,0.1842105263157894,RNCMPT00031_min,0
5ELX,1,0.0716112531969309,0.0076726342710997,0.0664961636828644,0.0511508951406649,0.0409207161125319,0.0562659846547314,0.0127877237851662,0.0716112531969309,0.0818414322250639,0.1048593350383631,0.0281329923273657,0.0434782608695652,0.0409207161125319,0.0588235294117647,0.0511508951406649,0.0485933503836317,0.0664961636828644,0.0741687979539642,0.0025575447570332,0.0204603580562659,0.0,0.0,0.0,1.0,5ELX,0
RNCMPT00237_min,0,0.0808510638297872,0.0042553191489361,0.0723404255319148,0.0468085106382978,0.0425531914893617,0.0808510638297872,0.0170212765957446,0.0468085106382978,0.0553191489361702,0.0808510638297872,0.0212765957446808,0.0638297872340425,0.0553191489361702,0.0340425531914893,0.0468085106382978,0.076595744680851,0.0553191489361702,0.0723404255319148,0.0042553191489361,0.0425531914893617,0.2571428571428571,0.3714285714285714,0.2571428571428571,0.1142857142857142,RNCMPT00237_min,0
3QG9,1,0.065,0.0325,0.0675,0.0525,0.0425,0.04,0.025,0.0625,0.065,0.1125,0.035,0.045,0.0175,0.0575,0.055,0.0775,0.0475,0.0675,0.0075,0.025,0.1111111111111111,0.2222222222222222,0.2222222222222222,0.4444444444444444,3QG9,1
RNCMPT00285_min,0,0.0839694656488549,0.0076335877862595,0.0534351145038167,0.0305343511450381,0.0610687022900763,0.0839694656488549,0.0305343511450381,0.0687022900763358,0.0534351145038167,0.0305343511450381,0.0229007633587786,0.0229007633587786,0.0839694656488549,0.0534351145038167,0.0610687022900763,0.0381679389312977,0.0839694656488549,0.0687022900763358,0.0,0.0610687022900763,0.3157894736842105,0.2631578947368421,0.1052631578947368,0.3157894736842105,RNCMPT00285_min,0
4KRE,1,0.0625782227784731,0.0250312891113892,0.0450563204005006,0.0438047559449311,0.0413016270337922,0.0550688360450563,0.0287859824780976,0.0663329161451814,0.065081351689612,0.0738423028785982,0.0225281602002503,0.030037546933667,0.065081351689612,0.0625782227784731,0.0688360450563204,0.0413016270337922,0.0575719649561952,0.0888610763454317,0.0087609511889862,0.0475594493116395,0.7272727272727273,0.0,0.0,0.2727272727272727,4KRE,1
6CMN,1,0.0769230769230769,0.0,0.0439560439560439,0.0329670329670329,0.0659340659340659,0.0329670329670329,0.0219780219780219,0.0989010989010989,0.0989010989010989,0.0659340659340659,0.0219780219780219,0.0549450549450549,0.0659340659340659,0.0549450549450549,0.0769230769230769,0.0659340659340659,0.0549450549450549,0.0329670329670329,0.0,0.0329670329670329,0.1481481481481481,0.2962962962962963,0.3333333333333333,0.2222222222222222,6CMN,0
3G0H,1,0.0661764705882353,0.0196078431372549,0.0441176470588235,0.0686274509803921,0.0367647058823529,0.0514705882352941,0.0147058823529411,0.0588235294117647,0.0759803921568627,0.1078431372549019,0.0294117647058823,0.0514705882352941,0.0441176470588235,0.0661764705882353,0.0539215686274509,0.0563725490196078,0.0441176470588235,0.0784313725490196,0.0073529411764705,0.0245098039215686,0.0,0.0,0.0,1.0,3G0H,1
5BZU,1,0.0329670329670329,0.0247252747252747,0.0576923076923076,0.0412087912087912,0.0714285714285714,0.0357142857142857,0.0082417582417582,0.1181318681318681,0.0796703296703296,0.1401098901098901,0.0082417582417582,0.0686813186813186,0.0247252747252747,0.0604395604395604,0.0192307692307692,0.0604395604395604,0.0576923076923076,0.0576923076923076,0.0,0.0329670329670329,0.375,0.0,0.125,0.5,5BZU,1
RNCMPT00220_min,0,0.0492424242424242,0.0037878787878787,0.0303030303030303,0.0416666666666666,0.034090909090909,0.0568181818181818,0.0189393939393939,0.0681818181818181,0.034090909090909,0.053030303030303,0.0378787878787878,0.0795454545454545,0.0681818181818181,0.1325757575757575,0.0568181818181818,0.0568181818181818,0.0643939393939393,0.0871212121212121,0.0,0.0265151515151515,0.2368421052631578,0.2105263157894736,0.3684210526315789,0.1842105263157894,RNCMPT00220_min,1
RNCMPT00181_min,0,0.157051282051282,0.0128205128205128,0.0352564102564102,0.0352564102564102,0.0448717948717948,0.0512820512820512,0.0224358974358974,0.0096153846153846,0.0416666666666666,0.1185897435897435,0.032051282051282,0.0448717948717948,0.0608974358974358,0.0897435897435897,0.0448717948717948,0.0929487179487179,0.0384615384615384,0.048076923076923,0.0,0.0192307692307692,0.3157894736842105,0.2894736842105263,0.2368421052631578,0.1578947368421052,RNCMPT00181_min,1
RNCMPT00225_min,0,0.1048689138576779,0.0074906367041198,0.0599250936329588,0.0374531835205992,0.0299625468164794,0.0861423220973782,0.0074906367041198,0.0374531835205992,0.0861423220973782,0.1011235955056179,0.0262172284644194,0.0299625468164794,0.0449438202247191,0.0299625468164794,0.048689138576779,0.0898876404494382,0.0898876404494382,0.0524344569288389,0.0074906367041198,0.0224719101123595,0.3157894736842105,0.3157894736842105,0.2631578947368421,0.1052631578947368,RNCMPT00225_min,1
6XH1,1,0.0697674418604651,0.0,0.0465116279069767,0.0232558139534883,0.0697674418604651,0.0348837209302325,0.0232558139534883,0.0930232558139534,0.1046511627906976,0.0697674418604651,0.0232558139534883,0.0581395348837209,0.0581395348837209,0.0465116279069767,0.0930232558139534,0.0697674418604651,0.0465116279069767,0.0348837209302325,0.0,0.0348837209302325,0.1481481481481481,0.2962962962962963,0.3333333333333333,0.2222222222222222,6XH1,1
RNCMPT00140_min,0,0.0761670761670761,0.0049140049140049,0.054054054054054,0.0786240786240786,0.0589680589680589,0.0491400491400491,0.0122850122850122,0.0515970515970515,0.1081081081081081,0.0909090909090909,0.0049140049140049,0.0614250614250614,0.0442260442260442,0.027027027027027,0.0515970515970515,0.0786240786240786,0.0565110565110565,0.0835380835380835,0.0024570024570024,0.0049140049140049,0.2368421052631578,0.1578947368421052,0.3947368421052631,0.2105263157894736,RNCMPT00140_min,1
RNCMPT00119_min,0,0.0823529411764705,0.0117647058823529,0.0509803921568627,0.0352941176470588,0.0313725490196078,0.0901960784313725,0.0196078431372549,0.0509803921568627,0.0431372549019607,0.0823529411764705,0.0431372549019607,0.0862745098039215,0.0705882352941176,0.0313725490196078,0.0666666666666666,0.0666666666666666,0.0470588235294117,0.0549019607843137,0.0,0.0352941176470588,0.2285714285714285,0.1714285714285714,0.4285714285714285,0.1714285714285714,RNCMPT00119_min,1
5WWE,1,0.0632183908045977,0.0057471264367816,0.0689655172413793,0.0977011494252873,0.0632183908045977,0.0804597701149425,0.0402298850574712,0.0517241379310344,0.0862068965517241,0.0459770114942528,0.0172413793103448,0.0172413793103448,0.028735632183908,0.0229885057471264,0.0862068965517241,0.0517241379310344,0.057471264367816,0.0804597701149425,0.0057471264367816,0.028735632183908,0.3,0.2,0.4,0.1,5WWE,1
1U0B,1,0.106290672451193,0.0108459869848156,0.0824295010845987,0.0737527114967462,0.0412147505422993,0.0672451193058568,0.0347071583514099,0.0455531453362256,0.0498915401301518,0.0780911062906724,0.0455531453362256,0.0390455531453362,0.0325379609544468,0.0347071583514099,0.0650759219088937,0.0412147505422993,0.0390455531453362,0.0629067245119305,0.0151843817787418,0.0347071583514099,0.2162162162162162,0.2837837837837837,0.2837837837837837,0.2162162162162162,1U0B,1
RNCMPT00168_min,0,0.0828402366863905,0.0059171597633136,0.0532544378698224,0.0650887573964497,0.0532544378698224,0.0769230769230769,0.0177514792899408,0.029585798816568,0.0532544378698224,0.0414201183431952,0.0118343195266272,0.0710059171597633,0.059171597633136,0.0710059171597633,0.0532544378698224,0.059171597633136,0.0946745562130177,0.0769230769230769,0.0059171597633136,0.0177514792899408,0.3,0.0666666666666666,0.2666666666666666,0.3666666666666666,RNCMPT00168_min,1
7DOL,1,0.0601769911504424,0.0088495575221238,0.0707964601769911,0.0530973451327433,0.0442477876106194,0.0283185840707964,0.0265486725663716,0.0938053097345132,0.063716814159292,0.1044247787610619,0.015929203539823,0.079646017699115,0.0371681415929203,0.0389380530973451,0.0371681415929203,0.0584070796460177,0.0690265486725663,0.0654867256637168,0.0070796460176991,0.0371681415929203,1.0,0.0,0.0,0.0,7DOL,0
RNCMPT00028_min,0,0.018348623853211,0.018348623853211,0.0412844036697247,0.0779816513761468,0.055045871559633,0.128440366972477,0.0275229357798165,0.0321100917431192,0.0688073394495412,0.055045871559633,0.0275229357798165,0.0825688073394495,0.0458715596330275,0.0412844036697247,0.055045871559633,0.0596330275229357,0.0596330275229357,0.0688073394495412,0.0091743119266055,0.0275229357798165,0.2894736842105263,0.2105263157894736,0.2368421052631578,0.2631578947368421,RNCMPT00028_min,0
RNCMPT00282_min,0,0.0405405405405405,0.0135135135135135,0.081081081081081,0.0743243243243243,0.0405405405405405,0.0608108108108108,0.0,0.0337837837837837,0.1351351351351351,0.0675675675675675,0.0202702702702702,0.0337837837837837,0.0472972972972973,0.0337837837837837,0.1081081081081081,0.054054054054054,0.0337837837837837,0.0743243243243243,0.0202702702702702,0.027027027027027,0.3421052631578947,0.2368421052631578,0.1578947368421052,0.2631578947368421,RNCMPT00282_min,1
RNCMPT00095_min,0,0.0418848167539267,0.0,0.1151832460732984,0.0471204188481675,0.0575916230366492,0.0785340314136125,0.0366492146596858,0.06282722513089,0.1047120418848167,0.0418848167539267,0.0209424083769633,0.0366492146596858,0.0471204188481675,0.0575916230366492,0.0575916230366492,0.0418848167539267,0.0366492146596858,0.0890052356020942,0.0052356020942408,0.0209424083769633,0.0789473684210526,0.3947368421052631,0.2105263157894736,0.3157894736842105,RNCMPT00095_min,1
RNCMPT00150_min,0,0.0895140664961636,0.0230179028132992,0.0358056265984654,0.0639386189258312,0.0409207161125319,0.0895140664961636,0.0230179028132992,0.0332480818414322,0.0409207161125319,0.1099744245524296,0.0230179028132992,0.0127877237851662,0.0741687979539642,0.0409207161125319,0.0792838874680307,0.0537084398976982,0.0613810741687979,0.0792838874680307,0.0051150895140664,0.0204603580562659,0.2368421052631578,0.2368421052631578,0.3157894736842105,0.2105263157894736,RNCMPT00150_min,1
3OVA,1,0.0534883720930232,0.013953488372093,0.0348837209302325,0.141860465116279,0.0744186046511627,0.0627906976744186,0.0162790697674418,0.0465116279069767,0.0790697674418604,0.0883720930232558,0.013953488372093,0.0325581395348837,0.0395348837209302,0.0069767441860465,0.0930232558139534,0.041860465116279,0.0255813953488372,0.0883720930232558,0.013953488372093,0.0325581395348837,0.2647058823529412,0.2352941176470588,0.2058823529411764,0.2941176470588235,3OVA,1
6GX6,1,0.0691823899371069,0.0125786163522012,0.0566037735849056,0.0817610062893081,0.0314465408805031,0.050314465408805,0.0188679245283018,0.0628930817610062,0.0754716981132075,0.10062893081761,0.0062893081761006,0.050314465408805,0.0566037735849056,0.050314465408805,0.0314465408805031,0.0817610062893081,0.0314465408805031,0.0880503144654088,0.0125786163522012,0.0314465408805031,0.5,0.5,0.0,0.0,6GX6,1
RNCMPT00144_min,0,0.0762711864406779,0.0254237288135593,0.0338983050847457,0.059322033898305,0.0423728813559322,0.135593220338983,0.0169491525423728,0.0254237288135593,0.0508474576271186,0.0423728813559322,0.0254237288135593,0.0762711864406779,0.0762711864406779,0.0338983050847457,0.0847457627118644,0.0508474576271186,0.0508474576271186,0.0762711864406779,0.0,0.0169491525423728,0.3714285714285714,0.1714285714285714,0.3714285714285714,0.0857142857142857,RNCMPT00144_min,1
