dataset_id2,plddt_mean,plddt_std,plddt_median,pae_mean,pae_std,pae_median,pae(res_nt)_mean,pae(res_nt)_std,pae(res_nt)_median,pae(nt_res)_mean,pae(nt_res)_std,pae(nt_res)_median,distance_angstroms_mean,distance_angstroms_std,distance_angstroms_median,contact_prob_res_nt_mean,contact_prob_res_nt_std,contact_prob_res_nt_median,pct_ol_max_min_mer,fraction_disordered,has_clash,iptm,ptm,ranking_score,prot_rna_pae_min,rna_prot_pae_min,prot_rna_iptm,rna_prot_iptm,rna_mfe_value,rna_entr,rna_gc_skew,rna_au_skew,rna_au,interaction,rbp_name
"RNCMPT00001,max,GAUAAUU,RBD_v3_002261",68.8907703703704,10.2166244399813,71.9675,10.2859259259259,3.34685557400944,9.25,10.8488888888889,3.48726610335688,9.9,9.72296296296296,3.63863884548491,8.9,3.5036854006626,0.89172872179381,3.54088497161865,0.085111111111111,0.097121762833674,0.06,22.962962962963,0.11,0,0.45,0.62,0.54,6.8,5.39,0.45,0.45,-6.71999979019165,0.943824487357175,0.076923076923077,0.28,0.657894736842105,1,A1CF
"RNCMPT00001,max,GAUAAUU,RBD_v3_114230",68.8907703703704,10.2166244399813,71.9675,10.2859259259259,3.34685557400944,9.25,10.8488888888889,3.48726610335688,9.9,9.72296296296296,3.63863884548491,8.9,3.5036854006626,0.89172872179381,3.54088497161865,0.085111111111111,0.097121762833674,0.06,22.962962962963,0.11,0,0.45,0.62,0.54,6.8,5.39,0.45,0.45,-6.71999979019165,0.943824487357175,0.076923076923077,0.28,0.657894736842105,1,A1CF
"RNCMPT00001,max,UAAUUGG,RBD_v3_090143",68.5081807017544,10.1736511978345,71.969,11.0605263157895,2.34718315158595,10.4,11.3385964912281,2.76317467705478,10.6,10.7824561403509,2.40336215876861,10.4,3.51800691767743,0.94840361205959,3.59720063209534,0.048947368421053,0.05277047345931,0.03,29.8245614035088,0.11,0,0.38,0.63,0.49,7.76,6,0.38,0.38,-6.76000022888184,0.977747995787952,0.2,-0.043478260869565,0.605263157894737,1,A1CF
"RNCMPT00001,min,AGAGUCG,RBD_v3_238144",75.0883849557522,7.69093341638179,77.5136,9.25353982300885,2.5764880999538,8.85,9.5858407079646,3.06960523452578,9.3,8.9212389380531,2.56721956763933,8.3,3.49296011122982,0.929792714116221,3.55232858657837,0.163451327433628,0.149366339626439,0.12,45.1327433628319,0.11,0,0.48,0.66,0.57,5.39,4.55,0.48,0.48,-3.8199999332428,0.956937798773912,-0.411764705882353,0.076923076923077,0.433333333333333,0,A1CF
"RNCMPT00001,min,GAGUCGU,RBD_v3_157972",67.2158602272727,11.8850974982006,71.4488,12.5460227272727,5.10712383681217,10.075,12.2659090909091,5.35118176578699,9.6,12.8261363636364,4.98447000418003,10.75,3.63968966630372,0.925466786220975,3.69699454307556,0.108295454545455,0.105897603881471,0.09,6.81818181818182,0.08,0,0.35,0.63,0.45,6.82,7.92,0.35,0.35,-5.26999998092651,0.986863224815062,-0.052631578947368,0.263157894736842,0.5,0,A1CF
"RNCMPT00001,min,GUUCGUC,RBD_v3_205588",75.2398,12.1859559941106,79.0246,6.5921568627451,4.28168626301624,5.05,6.89411764705882,5.3505293855732,4.9,6.29019607843137,3.60578728723483,5.4,3.56485312125262,0.938668560094268,3.84986400604248,0.128627450980392,0.165590091585736,0.05,80.3921568627451,0.12,0,0.5,0.63,0.59,2.86,3.01,0.5,0.5,-6.73000001907349,0.986863224815062,-0.052631578947368,-0.263157894736842,0.5,0,A1CF
"RNCMPT00002,max,AGACGUA,RBD_v3_014856",86.6452075,5.10963777271969,88.92275,2.645,1.60191391938774,1.9,2.265,1.37739069555632,1.65,3.025,1.91950180502316,2.2,3.67089994549751,0.758915232378263,3.67034041881561,0.37675,0.361247038848657,0.22,2.5,0.53,0,0.56,0.51,0.81,1.2,1.4,0.56,0.56,-4.71000003814697,0.994949047732144,0,0.142857142857143,0.466666666666667,1,ANKHD1
"RNCMPT00002,max,AGACGUA,RBD_v3_117126",86.6452075,5.10963777271969,88.92275,2.645,1.60191391938774,1.9,2.265,1.37739069555632,1.65,3.025,1.91950180502316,2.2,3.67089994549751,0.758915232378263,3.67034041881561,0.37675,0.361247038848657,0.22,2.5,0.53,0,0.56,0.51,0.81,1.2,1.4,0.56,0.56,-4.71000003814697,0.994949047732144,0,0.142857142857143,0.466666666666667,1,ANKHD1
"RNCMPT00002,max,AGACGUU,RBD_v3_078194",66.148584375,3.81200952357316,66.12145,13.175,1.38517496274635,13.325,11.315625,1.32229257779446,11.15,15.034375,2.18906510830242,15.1,3.83327070623636,0.763041229396311,3.92983937263489,0.2178125,0.248981595057585,0.12,21.875,0.53,0,0.26,0.44,0.56,7.75,10.38,0.26,0.26,-4.69000005722046,0.98362673042881,0,0.263157894736842,0.542857142857143,1,ANKHD1
"RNCMPT00002,min,AAUAGUG,RBD_v3_217751",70.8460523809524,3.63707555731512,71.625,14.0666666666667,0.892655215261376,14.1,11.2571428571429,0.663001831499302,11.1,16.8761904761905,1.59652897308654,16.5,3.99744761557806,0.647986928446513,4.01948213577271,0.17,0.133753504626982,0.21,100,0.52,0,0.2,0.44,0.51,9.02,14.05,0.2,0.2,-3.89000010490417,0.973142269226386,0.222222222222222,0.3,0.526315789473684,0,ANKHD1
"RNCMPT00002,min,AUAGUGA,RBD_v3_101399",67.14465,3.19900673085789,67.80865,12.6767857142857,0.973584646290226,12.675,11.8285714285714,1.27594761963112,11.75,13.525,1.22493386064839,13.3,4.06154021195003,0.633891969421982,4.12058258056641,0.147857142857143,0.121391840071641,0.11,42.8571428571429,0.52,0,0.17,0.44,0.49,7.71,10.3,0.17,0.17,-3.49000000953674,0.963726052712248,0.142857142857143,0.411764705882353,0.447368421052632,0,ANKHD1
"RNCMPT00002,min,CCCCCCC,RBD_v3_124269",83.5309977272727,4.32254934287887,85.18885,2.62954545454545,0.887203483504009,2.4,2.35454545454545,0.875892779212463,2.1,2.90454545454545,0.972638355185964,2.7,3.57202791083943,0.862876231416263,3.76333177089691,0.495454545454545,0.378795241647961,0.525,34.0909090909091,0.54,0,0.56,0.5,0.82,1.38,1.54,0.56,0.56,-5.94000005722046,0.952472309466181,-0.217391304347826,0,0.342857142857143,0,ANKHD1
"RNCMPT00003,max,GUGUUGU,RBD_v3_089401",58.9486369863014,9.50872515573523,56.8281,18.6421232876712,3.92359655715467,19.9,19.3479452054795,3.87980126007332,20.15,17.936301369863,4.32216229628717,19,3.68020549334892,0.89829174273607,3.80105292797089,0.112808219178082,0.152969427419608,0.04,34.2465753424658,0.52,0,0.25,0.33,0.52,10.41,4.96,0.25,0.25,-4.17000007629395,0.898903759248604,0.333333333333333,-0.619047619047619,0.538461538461538,1,ARET
"RNCMPT00003,max,UGUUUGU,RBD_v3_004498",60.2316263736264,6.72769157256179,60.9855,19.6362637362637,4.93162169594268,18.45,19.9285714285714,4.75720005685617,19.9,19.343956043956,5.33891809246465,17.7,3.56632699285235,0.950067086856478,3.60994863510132,0.102197802197802,0.121662577080147,0.06,6.59340659340659,0.52,0,0.25,0.32,0.52,11.06,9.18,0.25,0.25,-6.65000009536743,0.936633188743122,0.294117647058823,-0.454545454545455,0.564102564102564,1,ARET
"RNCMPT00003,max,UGUUUGU,RBD_v3_048536",55.3286451923077,7.3319027730443,56.51955,20.2875,4.15633070766227,18.6,20.8057692307692,4.13093531624561,19.15,19.7692307692308,4.40286925254048,18.45,3.51220520528463,0.940662208284727,3.56848514080048,0.078461538461539,0.093681646727267,0.03,25,0.51,0,0.23,0.33,0.5,14.42,9.68,0.23,0.23,-3.91000008583069,0.924316871408977,0.294117647058823,-0.523809523809524,0.552631578947368,1,ARET
"RNCMPT00003,min,AGAGUCG,RBD_v3_058127",63.7628752066116,7.8769525151364,63.4133,15.5747933884298,5.7094991168481,15.25,15.4578512396694,5.15355463193635,15.8,15.6917355371901,6.42494600206699,15.4,3.50045093105844,0.990365605440672,3.51040816307068,0.174628099173554,0.196808033890532,0.08,19.0082644628099,0.53,0,0.37,0.32,0.62,6.28,4.58,0.37,0.37,-4.94999980926514,0.959147917027245,0,0,0.333333333333333,0,ARET
"RNCMPT00003,min,AGAGUCG,RBD_v3_190750",58.924125862069,6.99315335471987,60.2355,16.7935344827586,2.449059537086,16.975,16.6784482758621,2.46646397251939,17.3,16.9086206896552,3.14909425116154,17.35,3.59362357623618,0.932323754905953,3.66458976268768,0.083879310344828,0.08088393780166,0.06,2.58620689655172,0.52,0,0.27,0.32,0.54,10.42,7.11,0.27,0.27,-3.75999999046326,0.990492780969678,-0.222222222222222,0,0.526315789473684,0,ARET
"RNCMPT00003,min,CCCCCCA,RBD_v3_110219",58.5549904,6.66655535192124,59.2727,17.7764,1.78304713812456,17.65,17.3576,1.6834231637907,17.1,18.1952,2.56410884978551,18.3,3.61460929822922,0.965988152547366,3.80391788482666,0.07032,0.079503864787374,0.03,16.8,0.51,0,0.27,0.32,0.53,13.36,8.01,0.27,0.27,-5.73000001907349,0.953353793718457,-0.272727272727273,0.375,0.421052631578947,0,ARET
"RNCMPT00004,max,GUGUUUG,RBD_v3_157511",65.858028125,11.159432638103,65.2958,16.0067708333333,7.78820504890389,20.35,15.4385416666667,7.51837566151887,19.3,16.575,8.11244657755502,21.15,3.46888795495033,0.959009645832173,3.43414974212646,0.126875,0.178486694181947,0.04,28.125,0.44,0,0.35,0.36,0.57,3.72,3.66,0.35,0.35,-6.1100001335144,0.969100929771736,0.285714285714286,-0.142857142857143,0.6,1,BRUNOL4
"RNCMPT00004,max,GUGUUUG,RBD_v3_220170",57.2561227272727,7.96409772489398,59.91375,20.9988636363636,2.19891531871793,21.8,21.5704545454545,2.25180178640716,22.35,20.4272727272727,2.53003690276695,20.95,3.53699657456441,0.906898272372632,3.70325708389282,0.0525,0.067640870458044,0.025,10.2272727272727,0.45,0,0.19,0.35,0.45,15.2,11.44,0.19,0.19,-4.44999980926514,0.9843247536825,0.2,-0.1,0.571428571428571,1,BRUNOL4
"RNCMPT00004,max,UUUGUGG,RBD_v3_143968",67.6509666666667,11.9374003557447,65.21125,15.0029761904762,7.29853241226757,18.85,16.0761904761905,6.87349754093281,17.75,13.9297619047619,7.85770713302619,18.55,3.59049425096739,0.964955132565686,3.58768010139465,0.095714285714286,0.131646530338198,0.025,0,0.43,0,0.34,0.36,0.56,7.4,2.85,0.34,0.34,-6.90000009536743,0.92297078266936,0.333333333333333,-0.523809523809524,0.538461538461538,1,BRUNOL4
"RNCMPT00004,min,GACUCAC,RBD_v3_032276",69.6040241758242,10.2323003853846,72.9638,10.9208791208791,4.78760010591056,9,10.2274725274725,4.82629524201802,8.1,11.6142857142857,4.87994925812808,10.1,3.51758137116065,0.962930896651866,3.6938624382019,0.202087912087912,0.209281928314237,0.1,39.5604395604396,0.45,0,0.3,0.4,0.54,5.36,5.01,0.3,0.3,-6.05000019073486,0.947927637120239,-0.083333333333333,0.428571428571429,0.368421052631579,0,BRUNOL4
"RNCMPT00004,min,GACUCAC,RBD_v3_086033",67.8193010869565,13.5037785987258,64.62215,15.6038043478261,8.76004990732827,19.825,15.7880434782609,9.00502719658723,20.05,15.4195652173913,8.5659848536046,19.8,3.53205095685047,0.916702919637928,3.55267345905304,0.128478260869565,0.210853497301834,0.03,29.3478260869565,0.44,0,0.34,0.36,0.57,2.55,2.19,0.34,0.34,-6.19000005722046,0.97808936524446,-0.142857142857143,0.142857142857143,0.4,0,BRUNOL4
"RNCMPT00004,min,GACUCAC,RBD_v3_169556",69.2996209302325,10.7445141673005,73.983,12.2470930232558,4.87096049624207,10.975,11.45,4.75851558663364,10.05,13.0441860465116,5.14316461634875,11.85,3.35180674597274,1.07854147960314,3.31630539894104,0.16906976744186,0.162420137167755,0.12,39.5348837209302,0.43,0,0.36,0.37,0.58,6.22,6.15,0.36,0.36,-4.92999982833862,0.966457281989699,-0.111111111111111,0.333333333333333,0.4,0,BRUNOL4
"RNCMPT00005,max,UUUUUUC,RBD_v3_008256",58.2501485714286,7.05213140577183,59.9743,20.0064285714286,2.02020449224236,20.45,19.7571428571429,2.22831394169994,20.1,20.2557142857143,2.42592493726459,20.45,3.55648336240223,0.817603948114917,3.551140666008,0.069,0.05639277371735,0.05,74.2857142857143,0.34,0,0.16,0.37,0.38,15.46,14.27,0.16,0.16,-3.53999996185303,0.986863224815062,-0.125,-0.090909090909091,0.578947368421053,1,TIAR-3
"RNCMPT00005,max,UUUUUUU,RBD_v3_029559",61.1291,9.54220738004228,63.79265,12.1828947368421,4.46078134136147,11.625,11.8763157894737,4.52795372240935,11.2,12.4894736842105,4.62083914305237,12.05,3.55075021323405,1.03997904402997,3.73798751831055,0.109342105263158,0.138230103101708,0.04,73.6842105263158,0.34,0,0.29,0.42,0.49,5.98,5.69,0.29,0.29,-4.38000011444092,0.960336745459753,0.125,-0.363636363636364,0.578947368421053,1,TIAR-3
"RNCMPT00005,max,UUUUUUU,RBD_v3_152636",59.3743612244898,4.95626941588531,60.633,15.3571428571429,1.35354472897401,15.25,15.0489795918367,1.4259678656062,15.2,15.665306122449,1.90214254421255,15.7,3.45950937757687,0.957088419252852,3.61389231681824,0.107142857142857,0.079030584796858,0.08,73.4693877551021,0.35,0,0.18,0.38,0.39,11.31,10.73,0.18,0.18,-5.11999988555908,0.972861409666655,0.125,-0.272727272727273,0.578947368421053,1,TIAR-3
"RNCMPT00005,min,AGUGAGA,RBD_v3_101399",66.016323655914,7.82892537566269,68.6468,12.9564516129032,5.25428513425849,12.25,12.9634408602151,5.58717057089832,12.3,12.9494623655914,5.10425278047021,12.7,3.55721638920487,0.978643081693011,3.54877114295959,0.165913978494624,0.162876564086319,0.1,64.5161290322581,0.35,0,0.3,0.44,0.5,4.38,4.76,0.3,0.3,-3.49000000953674,0.963726052712248,0.142857142857143,0.411764705882353,0.447368421052632,0,TIAR-3
"RNCMPT00005,min,AGUGAGA,RBD_v3_138028",70.7679875,9.36577143523074,72.51485,10.38515625,6.39411112806585,6.8,10.046875,6.1982068259411,6.5,10.7234375,6.72275789466774,6.7,3.52855330705643,0.961432431320889,3.47602069377899,0.24046875,0.244614563593876,0.11,3.125,0.34,0,0.39,0.44,0.57,2.96,3.1,0.39,0.39,-3.3199999332428,0.934903450457374,-0.047619047619048,0.571428571428571,0.4,0,TIAR-3
"RNCMPT00005,min,AGUGAGA,RBD_v3_229715",67.085955,11.1527000291511,68.76745,9.788125,5.5788663368493,7.525,9.59,5.78786596294898,7.55,9.98625,5.54824054104234,8.6,3.44828642904758,0.948990019398749,3.538409948349,0.206125,0.24133328889549,0.095,0,0.35,0,0.35,0.41,0.54,2.64,2.99,0.35,0.35,-4.21000003814697,0.92967993171725,0.263157894736842,0.454545454545455,0.366666666666667,0,TIAR-3
"RNCMPT00006,max,ACAGAUG,RBD_v3_023883",67.5942,6.00181871500849,65.97315,12.5625,1.13254714845708,12.5,12.475,1.68890239633551,12.1,12.65,1.57562961880392,12.25,3.57522025704384,0.939802817164806,3.74763476848602,0.093333333333333,0.135539715555086,0.01,0,0.32,0,0.36,0.63,0.57,8.43,10.12,0.36,0.36,-4.53999996185303,0.984984399005478,0.176470588235294,0.222222222222222,0.514285714285714,1,CG14718
"RNCMPT00006,max,ACAGAUG,RBD_v3_158046",63.5948065217391,6.61724770612214,64.51505,13.8869565217391,3.03734962650387,13.3,13.9021739130435,2.67619042093087,13.75,13.8717391304348,3.66434247814003,13.6,3.46733456461326,0.873607562164152,3.45814752578735,0.035217391304348,0.040537452117204,0.02,54.3478260869565,0.31,0,0.32,0.62,0.53,8.64,7.06,0.32,0.32,-4.51999998092651,0.918612027345416,0.142857142857143,0.647058823529412,0.447368421052632,1,CG14718
"RNCMPT00006,max,CAGAGCC,RBD_v3_222190",71.0808415584416,4.77553738815001,70.6318,17.4909090909091,1.59381467407946,17.6,16.7077922077922,1.65400361434136,16.8,18.274025974026,1.98934018401518,18.3,3.46715758140985,1.01777079737065,3.58616065979004,0.03012987012987,0.034849054449663,0.02,0,0.31,0,0.27,0.61,0.49,11.64,14.25,0.27,0.27,-5.32000017166138,0.914209556007552,0.1,0.666666666666667,0.473684210526316,1,CG14718
"RNCMPT00006,min,UUUUUUC,RBD_v3_127040",64.568768,3.78205779957991,65.18205,10.358,1.08479096077144,10.225,9.786,0.945453136148513,9.8,10.93,1.66381047782566,10.8,3.55085453271866,0.886032290552244,3.50109612941742,0.0484,0.035361688019548,0.04,88,0.3,0,0.31,0.63,0.53,7.48,7.85,0.31,0.31,-4.98999977111816,0.940829129511555,-0.222222222222222,-0.5,0.526315789473684,0,CG14718
"RNCMPT00006,min,UUUUUUC,RBD_v3_205335",75.4144690140845,4.08282231342807,76.5572,5.38732394366197,1.35690610028474,5.2,4.62816901408451,1.47456367382661,4.2,6.14647887323944,1.44576534214487,5.9,3.49264713744043,0.887198624239689,3.59664845466614,0.149718309859155,0.17178035669329,0.09,38.0281690140845,0.29,0,0.5,0.67,0.68,2.46,3.39,0.5,0.5,-3.29999995231628,0.9795363654177,-0.066666666666667,-0.130434782608696,0.605263157894737,0,CG14718
"RNCMPT00006,min,UUUUUUU,RBD_v3_145790",60.04308,10.347161056686,62.4917,16.0433333333333,5.19382938075209,13.05,14.9111111111111,5.61132062815156,11.2,17.1755555555556,4.88016186186276,15.7,3.5245420826806,0.885997831014562,3.64378809928894,0.006,0.005799686511904,0.01,22.2222222222222,0.32,0,0.26,0.63,0.5,7.73,9.44,0.26,0.26,-0.990000009536743,0.876992274071747,0.5,-0.555555555555556,0.6,0,CG14718
"RNCMPT00007,max,CCAACGA,RBD_v3_096103",66.0870512195122,4.28239016503179,66.837,23.6353658536585,0.426943190371831,23.75,22.6487804878049,0.662993948396029,22.7,24.6219512195122,0.612989475897404,24.7,3.89623320393446,0.857114419129567,4.14317083358765,0.057804878048781,0.062749987853463,0.03,0,0.35,0,0.11,0.52,0.37,19.47,22.99,0.11,0.11,-4.65000009536743,0.959253543925123,-0.4,0.222222222222222,0.473684210526316,1,CG2950
"RNCMPT00007,max,CCAACGA,RBD_v3_162909",71.5407027777778,3.19625372687518,71.2705,12.5083333333333,0.868455114392382,12.45,11.5277777777778,1.04542844562439,11.65,13.4888888888889,1.08253083830116,13.6,3.54569770230187,0.944399322400991,3.48026299476624,0.193055555555556,0.202383221275797,0.09,61.1111111111111,0.35,0,0.28,0.55,0.51,8.22,11.11,0.28,0.28,-5.05000019073486,0.990492780969678,-0.047619047619048,0.176470588235294,0.447368421052632,1,CG2950
"RNCMPT00007,max,UCAACGA,RBD_v3_194234",76.2934407407407,8.21622946817946,75.2398,11.4277777777778,7.25483356548536,6.525,12.9277777777778,7.3249745100121,8.25,9.92777777777778,7.28271193181228,5.45,3.7289335043342,0.873047520009709,3.65402734279633,0.363333333333333,0.343286007607167,0.305,0,0.38,0,0.45,0.55,0.66,4.82,2.37,0.45,0.45,-4.03000020980835,0.972004874858178,0.2,0.333333333333333,0.473684210526316,1,CG2950
"RNCMPT00007,min,AGUCGUU,RBD_v3_213756",60.2244982758621,3.42927416352112,60.08045,20.2043103448276,2.90888361781567,20.55,20.1551724137931,3.49963268317125,20.05,20.2534482758621,2.54242704304519,20.85,3.73978104879116,0.842472305975091,3.84067034721374,0.095862068965517,0.088199026981915,0.07,3.44827586206897,0.38,0,0.12,0.52,0.39,12.62,15.89,0.12,0.12,-2.07999992370605,0.894050732318146,0.625,0.36,0.609756097560976,0,CG2950
"RNCMPT00007,min,GAGUCGU,RBD_v3_175671",89.6310368421053,5.34669373399042,91.2503,2.61315789473684,1.40802162388025,2.05,2.26578947368421,1.07509303577034,1.9,2.96052631578947,1.76826980234447,2.25,3.61562840562118,0.723631196589889,3.83372604846954,0.458157894736842,0.364126910331934,0.615,0,0.36,0,0.55,0.61,0.74,1.51,1.51,0.55,0.55,-5.5,0.972311607127289,0.285714285714286,0.25,0.533333333333333,0,CG2950
"RNCMPT00007,min,UCGUCGU,RBD_v3_019417",72.6058211538462,3.90650208610714,73.4887,14.4057692307692,3.71572775240801,14.65,15.0942307692308,3.84572150662079,15.25,13.7173076923077,3.90272509890035,13,3.82659194102654,0.798611772500593,3.89242434501648,0.259230769230769,0.274167875821968,0.165,0,0.38,0,0.22,0.54,0.48,8.68,7.7,0.22,0.22,-5.23000001907349,0.986863224815062,-0.142857142857143,-0.176470588235294,0.447368421052632,0,CG2950
"RNCMPT00008,max,AACACAU,RBD_v3_021520",76.7290189189189,12.6651949967583,81.5375,6.23423423423423,5.10914946658524,4.5,6.33513513513514,5.31917028131009,4.4,6.13333333333333,5.00500355704775,4.5,3.68320949872335,0.849086165636743,3.78597474098206,0.282342342342342,0.322724072840604,0.13,58.5585585585586,0.08,0,0.67,0.73,0.72,1.55,1.82,0.67,0.67,-4.01000022888184,0.984029002132122,-0.058823529411765,0.238095238095238,0.552631578947368,1,CNOT4
"RNCMPT00008,max,AACACAU,RBD_v3_036856",75.90324921875,11.9685430681373,79.10335,5.89609375,3.37934677431349,4.975,6.2109375,4.00464758296901,4.9,5.58125,2.93066196064286,5.1,3.53530368488282,0.922665414796291,3.73132383823395,0.231171875,0.284955089965496,0.07,53.125,0.1,0,0.67,0.74,0.73,1.95,2.02,0.67,0.67,-3.51999998092651,0.994221288054791,-0.052631578947368,0.125,0.457142857142857,1,CNOT4
"RNCMPT00008,max,ACACAUA,RBD_v3_159752",66.4859869565217,4.99212148251131,67.6907,13.5485507246377,2.87527455229334,13.55,13.0507246376812,3.29873519381943,12.2,14.0463768115942,2.97833252351561,14.7,3.63606408152027,0.963485012522827,3.83679747581482,0.030144927536232,0.032015288334279,0.02,56.5217391304348,0.15,0,0.35,0.65,0.49,7.02,8.35,0.35,0.35,-4.1399998664856,0.977747995787952,0.294117647058823,0.142857142857143,0.552631578947368,1,CNOT4
"RNCMPT00008,min,AGGGGGG,RBD_v3_080401",73.6999112359551,10.9154557586358,76.7303,5.49494382022472,3.27332577733033,4.35,5.7438202247191,3.7705182624294,4.5,5.24606741573034,2.89113284574872,4.2,3.62901451480523,0.854956210534487,3.68591451644897,0.175393258426966,0.224914408870733,0.05,24.7191011235955,0.11,0,0.66,0.72,0.73,1.76,2.22,0.66,0.66,-6.8600001335144,0.904129670962501,0.565217391304348,0.2,0.394736842105263,0,CNOT4
"RNCMPT00008,min,AGGGGGG,RBD_v3_233807",76.4279147058824,7.61211906580679,78.20495,6.875,3.42109893315697,5.5,7.33676470588235,3.92237760714902,5.5,6.41323529411765,3.10208906075008,5.4,3.44804800959194,1.04466733736747,3.52099180221558,0.189117647058824,0.199841245157307,0.11,8.82352941176471,0.12,0,0.55,0.69,0.64,3.15,3.56,0.55,0.55,-5.90999984741211,0.965647640116437,0.4,-0.111111111111111,0.473684210526316,0,CNOT4
"RNCMPT00008,min,AGGGGGG,RBD_v3_235519",74.2121982758621,5.97469867811406,74.13025,7.11853448275862,2.83428949897818,6.05,7.56379310344828,3.63651521082488,6.15,6.67327586206897,2.31657009423398,6.1,3.64093632893316,1.01380736326875,3.84297430515289,0.120603448275862,0.103287600106848,0.09,10.3448275862069,0.11,0,0.54,0.71,0.63,3.6,2.98,0.54,0.54,-4.55000019073486,0.910294928333273,0.523809523809524,0.411764705882353,0.447368421052632,0,CNOT4
"RNCMPT00009,max,CGGCGUG,RBD_v3_235806",79.432721875,7.89053421370247,81.8298,3.19453125,1.66938153141235,2.55,3.221875,1.98185969663416,2.3,3.1671875,1.46861933731533,2.6,3.52327963337302,0.944687625437895,3.5476861000061,0.23515625,0.266231741679646,0.09,1.5625,0.1,0,0.71,0.8,0.78,1.42,1.66,0.71,0.71,-6.19000005722046,0.913938983765516,0.238095238095238,-0.333333333333333,0.3,1,CG33714
"RNCMPT00009,max,CGUGGCG,RBD_v3_130938",64.6329208333333,4.92167468634841,65.6529,12.2541666666667,1.56030352862809,12.05,11.3166666666667,1.44272286852407,10.7,13.1916666666667,2.03831061051243,13.35,3.50724965333939,1.09393591509439,3.55557084083557,0.0825,0.105387483787831,0.03,0,0.14,0,0.29,0.65,0.44,7.78,9.51,0.29,0.29,-8.68000030517578,0.919578216770809,0.4,0,0.333333333333333,1,CG33714
"RNCMPT00009,max,CGUGGCG,RBD_v3_229791",77.7043407407408,5.61409228406922,77.6252,4.0537037037037,2.19417611688507,3.6,4.38888888888889,3.02354012240534,3.6,3.71851851851852,1.44675686039687,3.5,3.07758231516238,1.12251666750969,3.31903076171875,0.287407407407407,0.306250181696556,0.13,0,0.11,0,0.62,0.75,0.7,2.74,2.55,0.62,0.62,-7.03000020980835,0.944623214254579,0.2,-0.2,0.333333333333333,1,CG33714
"RNCMPT00009,min,CACCCAC,RBD_v3_058855",58.1299233333333,3.70223895162833,58.8286,21.4216666666667,1.51000589935667,22.175,19.2266666666667,1.83377006292451,19.9,23.6166666666667,1.36080182583483,23.95,3.35078046321869,1.01702253821792,3.50693464279175,0.018,0.018080280742404,0.01,30,0.14,0,0.09,0.59,0.27,15.28,20.96,0.09,0.09,-4.34999990463257,0.982030026212329,-0.157894736842105,0.25,0.457142857142857,0,CG33714
"RNCMPT00009,min,GGGGGGG,RBD_v3_036931",82.5885487804878,8.10383433382378,86.3566,4.19634146341463,4.42866218857205,2.2,3.84634146341463,3.84175074419044,2.1,4.54634146341463,5.05025234819883,2.5,3.51557206235281,0.769664543566381,3.49577307701111,0.51780487804878,0.360586412633102,0.58,0,0.12,0,0.65,0.68,0.72,1.46,1.61,0.65,0.65,-5.09000015258789,0.903687976849985,0.578947368421053,0.375,0.457142857142857,0,CG33714
"RNCMPT00009,min,GGGGGGG,RBD_v3_193991",74.7417828571429,3.53921009261918,74.9483,8.62428571428572,1.26254711202554,8.3,9.25142857142857,1.95227942620497,8.7,7.99714285714286,1.04978589253622,7.9,3.49662659849439,1.00824548343426,3.70275926589966,0.143714285714286,0.109008518671052,0.13,0,0.14,0,0.46,0.63,0.57,6.12,5.42,0.46,0.46,-7.57999992370606,0.913224371008154,0.619047619047619,0.058823529411765,0.447368421052632,0,CG33714
"RNCMPT00010,max,AUACUUU,RBD_v3_066475",55.2581457142857,10.361406643072,57.56555,16.6471428571429,3.75409810580274,17.325,16.2228571428571,3.63589876569309,16.4,17.0714285714286,4.1319940393472,17.9,3.21551174521446,1.01678490135623,3.36419260501862,0.083571428571429,0.092908490342055,0.03,32.8571428571429,0.32,0,0.19,0.39,0.39,8.85,9.95,0.19,0.19,-5.1399998664856,0.997098982459257,0,0.1,0.526315789473684,1,CG5213
"RNCMPT00010,max,UACUUUA,RBD_v3_011511",74.7741689655172,5.11975519637299,76.9586,6.19137931034483,1.01225252403429,6.1,5.92758620689655,1.07334475613255,6,6.4551724137931,1.1475396684387,6.3,3.54524533501987,0.883890360883639,3.60483527183533,0.299655172413793,0.202757468747775,0.33,0,0.33,0,0.42,0.43,0.59,3.73,4.16,0.42,0.42,-6.15000009536743,0.982848200563012,-0.2,-0.222222222222222,0.473684210526316,1,CG5213
"RNCMPT00010,max,UACUUUA,RBD_v3_206289",64.2067828571429,9.3157407279055,64.90605,12.5928571428571,5.49077807713438,9.775,12.3457142857143,5.29135706859112,10.2,12.84,5.7951353912483,9.7,3.43804768664496,0.949758510016187,3.352778673172,0.059714285714286,0.059514251820654,0.03,55.7142857142857,0.33,0,0.27,0.42,0.46,5.55,5.19,0.27,0.27,-1.00999999046326,0.990492780969678,-0.176470588235294,0.047619047619048,0.552631578947368,1,CG5213
"RNCMPT00010,min,CCCCCCC,RBD_v3_012123",62.1492852941176,9.66427984496879,63.95295,12.6470588235294,3.80339481462169,13.625,12.5691176470588,4.05312694296679,13.8,12.725,3.84848778209769,13.5,3.58968980960986,0.894125574791444,3.75186920166016,0.076470588235294,0.081511187875669,0.04,1.47058823529412,0.3,0,0.3,0.41,0.48,5.86,5.4,0.3,0.3,-1.38999998569489,0.911089994731706,-0.523809523809524,0.285714285714286,0.4,0,CG5213
"RNCMPT00010,min,GGGGGGG,RBD_v3_027318",64.4958,4.89696073246082,66.031,10.5655844155844,1.45492041155675,10.45,9.60779220779221,1.74979444159399,9.3,11.5233766233766,2.16058569690185,11.7,3.50126637576462,0.94264222330936,3.51323962211609,0.061948051948052,0.116777329282327,0.01,44.1558441558442,0.32,0,0.3,0.41,0.48,5.72,6.51,0.3,0.3,-7.92999982833862,0.870865411154553,0.259259259259259,0.636363636363636,0.289473684210526,0,CG5213
"RNCMPT00010,min,GGGGGGG,RBD_v3_098031",63.4835730769231,7.45457555289576,62.3849,14.5336538461538,5.61065838299434,13.9,15.0451923076923,5.6252530438478,15.15,14.0221153846154,5.79060096703034,14.65,3.56760347290681,1.00414021602708,3.67509007453918,0.105384615384615,0.170629463286966,0.03,9.61538461538462,0.31,0,0.33,0.41,0.5,5.79,3.93,0.33,0.33,-4.28000020980835,0.819126679735637,0.818181818181818,0.25,0.421052631578947,0,CG5213
"RNCMPT00011,max,UGUGUGU,RBD_v3_045407",72.9723380952381,5.50574377665026,73.5297,5.78928571428571,2.86506577871718,4.5,5.17380952380952,2.76123510044094,3.9,6.40476190476191,3.12128431828735,5.1,3.59139692215692,0.86285056751273,3.46486616134644,0.325952380952381,0.297862789853917,0.21,50,0.28,0,0.38,0.48,0.54,2.61,3.29,0.38,0.38,-4.67000007629395,0.910557832060097,0.368421052631579,-0.578947368421053,0.5,1,PAPI
"RNCMPT00011,max,UGUUUGU,RBD_v3_048536",66.680380952381,4.04988575463791,68.1679,11.602380952381,4.03067848477388,9.65,10.2857142857143,3.90720945359802,8.7,12.9190476190476,4.3187520243259,11.3,3.85073834373837,0.780509240833529,3.91016554832458,0.271904761904762,0.249311432702535,0.18,0,0.28,0,0.36,0.47,0.52,7.02,9.27,0.36,0.36,-3.91000008583069,0.924316871408977,0.294117647058823,-0.523809523809524,0.552631578947368,1,PAPI
"RNCMPT00011,max,UGUUUGU,RBD_v3_163719",71.956828,5.07476729708861,73.6014,4.812,0.794549138400724,4.6,4.252,0.965280615503423,3.9,5.372,0.773800146463327,5.2,3.6828048992157,0.785792615052323,3.55031490325928,0.416,0.257504045275668,0.5,44,0.27,0,0.32,0.48,0.49,2.91,4.06,0.32,0.32,-5.96999979019165,0.953122975909535,0.176470588235294,-0.428571428571429,0.552631578947368,1,PAPI
"RNCMPT00011,min,GAGUCGU,RBD_v3_193537",69.9024558823529,10.7079652498047,74.62135,8.42205882352941,7.44994601542847,4.575,8.05882352941176,7.25196389898329,4.2,8.78529411764706,7.67076829753772,4.8,3.85083774258109,0.737419496436099,3.80323112010956,0.266176470588235,0.256893029334194,0.17,0,0.28,0,0.5,0.47,0.64,2.91,3.69,0.5,0.5,-5.57999992370606,0.956268333993228,0.444444444444444,0.176470588235294,0.485714285714286,0,PAPI
"RNCMPT00011,min,GAGUCGU,RBD_v3_210386",56.019240625,5.44696922285669,57.44445,24.1359375,1.00082501249977,24.45,23.084375,1.00870705328893,23.45,25.1875,1.14180106735777,25.35,3.55130008980632,0.912889907818338,3.69400715827942,0.045625,0.072509732383471,0.005,6.25,0.28,0,0.19,0.46,0.39,20.05,22.36,0.19,0.19,-6.67999982833862,0.986863224815062,0.090909090909091,0.125,0.421052631578947,0,PAPI
"RNCMPT00011,min,GAGUCGU,RBD_v3_210666",71.9357925925926,3.56648089070854,71.0618,8.90740740740741,2.33911980913366,8.2,7.98888888888889,2.02110657682167,7.2,9.82592592592593,2.74976818499761,9.2,3.65583204340052,0.880812221781746,3.80106592178345,0.266666666666667,0.217043065560023,0.2,25.9259259259259,0.28,0,0.4,0.47,0.55,5.28,6.05,0.4,0.4,-4.59999990463257,0.956399193314886,0.2,0.444444444444444,0.473684210526316,0,PAPI
"RNCMPT00012,max,CUUUUUU,RBD_v3_029559",65.0476133333333,6.7363778769836,66.66225,14.3966666666667,2.51754633483132,13.5,13.9783333333333,2.25404282114338,13.4,14.815,2.99218331940895,14,3.55655858318011,0.929384221862718,3.69425582885742,0.156333333333333,0.158477573312245,0.08,0,0.15,0,0.35,0.74,0.5,9.11,9.62,0.35,0.35,-4.38000011444092,0.960336745459753,0.125,-0.363636363636364,0.578947368421053,1,CPEB2
"RNCMPT00012,max,UUUUUUU,RBD_v3_037447",63.6264457142857,5.43672001058838,65.03325,12.7457142857143,1.76297966763335,12.825,12.98,2.18549898126296,13.35,12.5114285714286,1.88891064819197,12.35,3.44234571456909,0.85814975182405,3.4548773765564,0.097142857142857,0.131811710868774,0.07,51.4285714285714,0.15,0,0.35,0.73,0.5,6.97,8.73,0.35,0.35,-1.16999995708466,0.984984399005478,-0.222222222222222,-0.176470588235294,0.485714285714286,1,CPEB2
"RNCMPT00012,max,UUUUUUU,RBD_v3_159452",70.5252,3.94382672631545,71.99685,15.3519230769231,1.15190978546332,15.2,14.9923076923077,1.09541702631393,14.8,15.7115384615385,1.94428946879356,16,3.70584198603263,0.870375254143829,3.76359438896179,0.042692307692308,0.04503844511594,0.025,0,0.15,0,0.34,0.73,0.49,10.54,11.55,0.34,0.34,-7.1399998664856,0.972861409666655,0.125,-0.272727272727273,0.578947368421053,1,CPEB2
"RNCMPT00012,min,AAGUGGG,RBD_v3_165394",75.9594727272727,7.41938731126855,77.6737,5.52090909090909,3.1288486065474,4.35,5.30909090909091,4.35159709835335,3.9,5.73272727272727,1.99963464676393,5.3,3.65758664391258,0.887098204659339,3.72288513183594,0.073636363636364,0.080653893303737,0.05,1.81818181818182,0.15,0,0.57,0.76,0.68,2.51,3.24,0.57,0.57,-4.07999992370606,0.982848200563012,-0.066666666666667,0.043478260869565,0.605263157894737,0,CPEB2
"RNCMPT00012,min,GGGAGUG,RBD_v3_126397",66.7787235294118,10.3013185409502,70.70265,8.63235294117647,2.45393021203,8.575,9.24705882352941,3.18159213819144,9.2,8.01764705882353,2.03945713997919,7.35,3.6217961732079,0.962045306281983,3.78029561042786,0.039411764705882,0.038084052875272,0.03,50,0.14,0,0.51,0.77,0.63,4.32,5.07,0.51,0.51,-6.67999982833862,0.929985803806722,0.428571428571429,0.411764705882353,0.447368421052632,0,CPEB2
"RNCMPT00012,min,GGGAGUG,RBD_v3_176967",70.0031202898551,12.5591552061409,74.5543,9.64710144927536,5.4260529207132,6.9,9.58840579710145,5.56230845623639,7.6,9.70579710144928,5.55326835555558,6.9,3.78756000339121,0.911512080759444,3.96652317047119,0.101594202898551,0.144828734437751,0.03,40.5797101449275,0.15,0,0.57,0.79,0.69,3.92,4.53,0.57,0.57,-3.14000010490417,0.938770814254659,0.529411764705882,0.222222222222222,0.514285714285714,0,CPEB2
"RNCMPT00013,max,UAGAUAG,RBD_v3_063948",76.5885052631579,11.3378240082475,80.8307,5.02315789473684,4.3352023347607,3.3,4.89578947368421,4.75671788753444,2.9,5.15052631578947,4.06706736532447,3.6,3.50973004416416,0.788083810335613,3.44840240478516,0.370421052631579,0.371511907513625,0.2,45.2631578947368,0.53,0,0.61,0.45,0.84,1.34,1.69,0.61,0.61,-6.01999998092651,0.994985417684099,0.157894736842105,0.052631578947368,0.5,1,DAZAP1
"RNCMPT00013,max,UAGGAUA,RBD_v3_171852",77.0245445652174,12.0707008709844,78.30065,7.55108695652174,5.79246373904746,4.125,7.30760869565217,5.75251944221924,4.95,7.7945652173913,6.11451819654826,4,3.46386816579363,0.888253836667874,3.53769385814667,0.330978260869565,0.30301075229393,0.25,0,0.55,0,0.46,0.33,0.71,1.24,1.35,0.46,0.46,-5.05000019073486,0.973041590739604,0.285714285714286,0.047619047619048,0.6,1,DAZAP1
"RNCMPT00013,max,UAGGAUA,RBD_v3_230955",67.6604454545455,8.33768747631951,69.0405,11.6461038961039,1.97412149405099,11.45,10.5337662337662,2.53878391887525,10.4,12.7584415584416,1.84293463411446,12.5,3.61544578880459,0.85687650087799,3.78707075119019,0.213636363636364,0.226767380758513,0.09,0,0.55,0,0.3,0.3,0.57,6.46,8.74,0.3,0.3,-2.16000008583069,0.945053740070628,0.454545454545455,-0.052631578947368,0.633333333333333,1,DAZAP1
"RNCMPT00013,min,CUCAUCC,RBD_v3_095596",62.1587263157895,11.2516978496624,62.65685,14.3335526315789,5.90975119700705,12.275,13.8434210526316,5.93683047933414,13.15,14.8236842105263,6.09495678783813,11.9,3.58744485166512,1.06833525563495,3.72467517852783,0.104868421052632,0.129568446992855,0.03,0,0.55,0,0.29,0.3,0.56,5.11,7.23,0.29,0.29,-6.1100001335144,0.981649930192858,-0.3,0,0.473684210526316,0,DAZAP1
"RNCMPT00013,min,CUCAUCC,RBD_v3_143206",60.244808045977,9.16414045046586,63.0515,14.6132183908046,5.0486209248119,13.2,14.0747126436782,4.74832206326258,13.2,15.151724137931,5.6334107572788,13.8,3.55324555676559,1.05810994326825,3.63426780700684,0.05551724137931,0.117757719548367,0.02,42.5287356321839,0.55,0,0.28,0.3,0.56,7.31,7.38,0.28,0.28,-5.05999994277954,0.96214231424466,-0.1,-0.444444444444444,0.473684210526316,0,DAZAP1
"RNCMPT00013,min,UGUCUGU,RBD_v3_136349",67.4881804123711,9.18582002833986,66.5059,12.7329896907216,5.28924757663847,12.6,12.0659793814433,5.23885496788854,12.6,13.4,5.47528538069022,11.8,3.46906942436376,0.942019744710235,3.5705029964447,0.202474226804124,0.175624071337017,0.16,15.4639175257732,0.56,0,0.33,0.29,0.6,4.04,4.76,0.33,0.33,-6.17999982833862,0.956937798773912,0.166666666666667,-0.333333333333333,0.6,0,DAZAP1
"RNCMPT00014,max,CUAAGUU,RBD_v3_016871",64.8020066225165,7.12977628047958,66.1745,11.0980132450331,2.95204381626641,11.05,11.0701986754967,3.33398249749428,11,11.1258278145695,3.07849451466479,11.1,3.5541357686188,0.957563653163972,3.71064186096191,0.190794701986755,0.220252955118451,0.08,46.3576158940397,0.39,0,0.28,0.42,0.5,4.67,5.6,0.28,0.28,-5.09000015258789,0.991926560584619,0.176470588235294,-0.111111111111111,0.514285714285714,1,EXC-7
"RNCMPT00014,max,CUAAGUU,RBD_v3_206830",70.7279276119403,10.8083243560449,72.5207,10.85,8.00516515588107,5.9,10.9850746268657,7.93894471749688,6.6,10.7149253731343,8.13129577908838,5.4,3.49811559426251,0.921978046896516,3.63460290431976,0.15910447761194,0.229960646147972,0.04,50.7462686567164,0.39,0,0.55,0.45,0.73,3.15,2.51,0.55,0.55,-4.44000005722046,0.981449048557565,0.285714285714286,0.125,0.533333333333333,1,EXC-7
"RNCMPT00014,max,UUAAGUU,RBD_v3_059946",66.542926446281,9.75879591841611,67.8515,9.87727272727273,3.14263026778525,9.35,10.6066115702479,3.12846436070452,9.9,9.14793388429752,3.63911846407785,8.5,3.50504464206617,0.866754002624507,3.44866442680359,0.147520661157025,0.172869319582431,0.08,55.3719008264463,0.4,0,0.33,0.43,0.55,4.82,3.01,0.33,0.33,-5.01999998092651,0.982848200563012,0.066666666666667,0.043478260869565,0.605263157894737,1,EXC-7
"RNCMPT00014,min,AACCCCA,RBD_v3_026727",69.6198666666667,12.0428518041982,74.2372,10.3112612612613,7.29871310165107,6.3,10.2702702702703,7.21738550741566,6.3,10.3522522522523,7.47138598371203,6.3,3.64453649735666,0.942304346677126,3.74249958992004,0.197927927927928,0.241507075436037,0.07,5.40540540540541,0.4,0,0.4,0.43,0.61,4.17,3.87,0.4,0.4,-5.23000001907349,0.899378293754075,0.142857142857143,0.714285714285714,0.4,0,EXC-7
"RNCMPT00014,min,AACCCCA,RBD_v3_058230",58.5752516853933,8.54233895103347,57.5301,17.2483146067416,4.01091868754275,15.95,16.8955056179775,4.21307246211014,15.5,17.6011235955056,4.02648883762895,17,3.40018509211165,1.01319085398207,3.61552238464355,0.107977528089888,0.129730312705741,0.05,28.0898876404494,0.41,0,0.26,0.44,0.5,9.26,10.61,0.26,0.26,-5.36999988555908,0.974436160642641,-0.181818181818182,0.25,0.421052631578947,0,EXC-7
"RNCMPT00014,min,ACCACCC,RBD_v3_023827",65.1701648854962,7.53832729146321,67.195,11.3793893129771,2.27793656821431,10.85,11.2473282442748,3.01267395269934,10.5,11.5114503816794,2.32215553780315,11.2,3.62638747874107,0.909941910335271,3.72197318077087,0.158091603053435,0.147398541396691,0.11,0,0.4,0,0.32,0.41,0.54,6.79,6.59,0.32,0.32,-4.98000001907349,0.963726052712248,0.142857142857143,0.411764705882353,0.447368421052632,0,EXC-7
"RNCMPT00015,max,ACGGACG,RBD_v3_023644",76.2215545454545,9.98739936859182,72.1914,6.05757575757576,3.20468698128517,6.9,5.24545454545455,2.81939337818954,5.7,6.86969696969697,3.79351550764721,7.7,3.69373074986718,0.702633292566652,3.86740744113922,0.228181818181818,0.288470284249704,0.105,15.1515151515152,0.36,0,0.56,0.61,0.75,1.35,1.44,0.56,0.56,-3.36999988555908,0.958009674650531,-0.066666666666667,0.4,0.571428571428571,1,FMR1
"RNCMPT00015,max,GGACAUA,RBD_v3_061956",62.2234893939394,8.06869657210226,62.2655,12.9439393939394,3.92059174449976,12.9,11.9757575757576,3.93786590411455,12.55,13.9121212121212,4.19741734335679,13.1,3.55677734721791,0.962245482637442,3.60572981834412,0.13030303030303,0.141094291406843,0.085,40.9090909090909,0.36,0,0.4,0.57,0.61,6.31,7.49,0.4,0.4,-4.26000022888184,0.994985417684099,-0.047619047619048,0.058823529411765,0.447368421052632,1,FMR1
"RNCMPT00015,max,GGACAUA,RBD_v3_094377",73.6402634920635,12.116002707474,68.6363,9.32698412698413,5.36514156230895,8.55,8.77460317460317,5.51809247820787,8.4,9.87936507936508,5.32147683631208,8.5,3.75222470646813,0.720496175723155,3.67728233337402,0.20015873015873,0.33092973654145,0.02,0,0.35,0,0.41,0.58,0.62,2.31,3.28,0.41,0.41,-6.86999988555908,0.997098982459257,0,0.1,0.526315789473684,1,FMR1
"RNCMPT00015,min,GGGGGGG,RBD_v3_036931",82.5558693548387,3.91133281210871,83.75175,3.77983870967742,0.778684245305395,3.775,3.51935483870968,1.02266747150346,3.35,4.04032258064516,0.866017770881034,3.9,3.66580833927278,0.680545712867307,3.56160831451416,0.408709677419355,0.342356749370066,0.365,33.8709677419355,0.35,0,0.49,0.61,0.69,2.14,2.35,0.49,0.49,-5.09000015258789,0.903687976849985,0.578947368421053,0.375,0.457142857142857,0,FMR1
"RNCMPT00015,min,GGGGGGG,RBD_v3_133314",74.524838028169,10.3238214158375,72.1275,7.46971830985916,3.72557262016036,7.05,7.17887323943662,3.7811908741241,5.9,7.76056338028169,4.09991215492093,6.6,3.5354582776486,0.799997692812241,3.3178973197937,0.234929577464789,0.244884073094869,0.13,8.45070422535211,0.35,0,0.52,0.6,0.71,2.27,3.24,0.52,0.52,-3.83999991416931,0.850787562123518,0.529411764705882,0.692307692307692,0.433333333333333,0,FMR1
"RNCMPT00015,min,GGGGGGG,RBD_v3_237979",80.2444907407407,8.01424872052526,81.8683,4.08796296296296,1.93356487625263,3.2,4.33333333333333,2.60217615751067,3.25,3.84259259259259,1.52978008677926,3.1,3.47119820338708,0.982546770038587,3.59150302410126,0.210925925925926,0.290752235303587,0.06,38.8888888888889,0.36,0,0.72,0.62,0.88,1.82,1.93,0.72,0.72,-5.3899998664856,0.933432100436087,0.523809523809524,0.176470588235294,0.447368421052632,0,FMR1
"RNCMPT00016,max,GACAAGA,RBD_v3_044993",84.8579784615385,5.09725946748877,85.74,4.46538461538462,2.03483190101409,4.05,3.81384615384615,2.01136434751676,3.5,5.11692307692308,2.34057746819356,4.5,3.52818704201625,0.807593768730389,3.46734762191772,0.312615384615385,0.299871206328009,0.19,43.0769230769231,0.42,0,0.51,0.57,0.73,1.73,2.37,0.51,0.51,-3.38000011444092,0.959253543925123,0.222222222222222,0.4,0.526315789473684,1,FMR1
"RNCMPT00016,max,GACAAGA,RBD_v3_062374",82.0460492307692,4.92406755047095,82.752,5.38307692307692,2.83214358033193,4.9,4.70923076923077,2.87106921921755,4.3,6.05692307692308,3.00764490666957,5.4,3.65220123437735,0.772515107395646,3.62455582618713,0.247230769230769,0.213750056230312,0.2,41.5384615384615,0.42,0,0.45,0.56,0.68,2.32,3.17,0.45,0.45,-4.76000022888184,0.972861409666655,0.125,0.272727272727273,0.578947368421053,1,FMR1
"RNCMPT00016,max,GACAAGA,RBD_v3_109777",80.7278033333333,8.54398502710407,77.3227,6.77916666666667,2.7433786491167,5.9,5.84666666666667,2.63409629224828,4.7,7.71166666666667,2.98834411756273,7.15,3.72011146942774,0.791551494384729,3.64915442466736,0.2835,0.265309700704923,0.18,46.6666666666667,0.4,0,0.49,0.57,0.7,2.75,3.86,0.49,0.49,-4.03999996185303,0.959253543925123,0.294117647058823,0.333333333333333,0.552631578947368,1,FMR1
"RNCMPT00016,min,CUGUUCU,RBD_v3_059445",79.6254568965517,8.12892659200985,80.0108,5.43706896551724,2.46096829368619,5.275,4.24137931034483,1.60962395987262,4.1,6.63275862068966,3.4304819328472,6.2,3.72105060774704,0.658948569768954,3.70375537872314,0.362586206896552,0.323107501228728,0.275,39.6551724137931,0.43,0,0.59,0.58,0.8,1.73,1.87,0.59,0.59,-6.15000009536743,0.974726007693974,-0.263157894736842,-0.263157894736842,0.5,0,FMR1
"RNCMPT00016,min,CUGUUCU,RBD_v3_115692",85.3243333333333,3.48370297482171,86.85815,4.98166666666667,0.957320554296293,4.8,4.38,0.757218139207473,4.3,5.58333333333333,1.24376606441425,5.3,3.67646336158117,0.73246758597145,3.69187295436859,0.313,0.289531726568359,0.205,0,0.39,0,0.4,0.56,0.63,3.15,3.85,0.4,0.4,-2.5699999332428,0.991935556609076,0.142857142857143,-0.125,0.533333333333333,0,FMR1
"RNCMPT00016,min,UGUUCUC,RBD_v3_217225",87.1569191176471,5.05649591652244,87.925,3,1.03155439876525,2.75,2.46176470588235,0.760013631410492,2.2,3.53823529411765,1.3868281658954,3.1,3.65612470402437,0.809047869282461,3.63070869445801,0.419117647058824,0.38606988499732,0.275,0,0.42,0,0.56,0.59,0.78,1.49,1.8,0.56,0.56,-1.53999996185303,0.921185496588554,-0.333333333333333,-0.5,0.571428571428571,0,FMR1
"RNCMPT00017,max,UGCAUGA,RBD_v3_028186",78.8174372093023,7.54014084446019,80.1705,4.91162790697674,2.22600531620526,4.2,4.38139534883721,2.63350715043769,3.6,5.44186046511628,2.04290089708349,4.9,3.55314294681993,0.893065471038577,3.60768699645996,0.305813953488372,0.274271611625268,0.23,90.6976744186047,0.78,0,0.43,0.28,0.79,1.93,2.73,0.43,0.43,-4.94999980926514,0.994985417684099,-0.052631578947368,0.157894736842105,0.5,1,FOX-1
"RNCMPT00017,max,UGCAUGA,RBD_v3_030778",72.8238807692308,7.15751742756506,75.2831,6.12403846153846,1.41308626162929,5.825,6.18846153846154,2.08398692613357,5.65,6.05961538461539,1.06867328696308,6,3.51213849507845,0.837508425039652,3.52847957611084,0.130192307692308,0.107054876611646,0.12,3.84615384615385,0.81,0,0.53,0.28,0.88,3.64,3.91,0.53,0.53,-4.48999977111816,0.994985417684099,-0.111111111111111,0.1,0.526315789473684,1,FOX-1
"RNCMPT00017,max,UGCAUGC,RBD_v3_031356",56.8835,7.22251602985414,59.3642,17.4707317073171,1.69988880554568,17.55,16.4658536585366,2.25694591828178,16.7,18.4756097560976,1.7846260795759,18.6,3.597806331588,1.06816483123475,3.87252998352051,0.080975609756098,0.06061373103715,0.07,0,0.81,0,0.19,0.26,0.61,11.7,14.98,0.19,0.19,-5.46000003814697,0.991355861529484,-0.142857142857143,-0.058823529411765,0.447368421052632,1,FOX-1
"RNCMPT00017,min,CGGCGCG,RBD_v3_162955",73.2180128205128,5.62484420828372,74.738,7.72692307692308,1.92954337909824,7.5,7.9,2.23524401117052,7.3,7.55384615384615,1.89011920451792,7.1,3.50156722313318,1.02328663251045,3.58691716194153,0.268974358974359,0.217034982285719,0.21,0,0.72,0,0.21,0.26,0.58,3.64,3.99,0.21,0.21,-7.38000011444092,0.982848200563011,0.043478260869565,0.066666666666667,0.394736842105263,0,FOX-1
"RNCMPT00017,min,GGCGCGC,RBD_v3_109790",69.0899698412698,5.28383992299329,70.7491,12.081746031746,1.55439806800403,12.05,13.0412698412698,1.71159564495173,13.1,11.1222222222222,2.01385879349655,11.1,3.61789212908064,0.831640269793414,3.76742362976074,0.122380952380952,0.104135678954604,0.08,0,0.72,0,0.23,0.26,0.6,7.85,6.3,0.23,0.23,-6.76000022888184,0.977747995787952,0.043478260869565,0.2,0.394736842105263,0,FOX-1
"RNCMPT00017,min,GGCGCGC,RBD_v3_138106",65.2256921052632,7.34057666533533,67.4833,11.2526315789474,1.54818757891812,10.85,10.8578947368421,1.45149160538809,10.6,11.6473684210526,1.92068918403747,11.3,3.5676686167717,0.851567024188105,3.63629770278931,0.18921052631579,0.140026668868148,0.17,0,0.81,0,0.27,0.26,0.67,7.9,8.78,0.27,0.27,-4.73000001907349,0.951897834098959,0.1,0.2,0.333333333333333,0,FOX-1
"RNCMPT00018,max,UACGCGC,RBD_v3_194714",60.81087,8.99465357260288,64.27585,14.2216666666667,1.35039479114592,13.975,12.8933333333333,1.42875236949351,12.65,15.55,2.18296697812546,15.1,3.52055752674739,0.96720649974352,3.58432471752167,0.128666666666667,0.112026269497253,0.09,13.3333333333333,0.48,0,0.24,0.49,0.53,10.1,12.47,0.24,0.24,-4.17999982833862,0.982848200563011,-0.222222222222222,-0.2,0.526315789473684,1,FUS
"RNCMPT00018,max,UGCGCGC,RBD_v3_170737",69.0730622222222,8.21840132049275,73.138,8.11777777777778,1.8559228149224,7.65,8.77777777777778,2.264136288149,8.1,7.45777777777778,1.86309723662811,7.1,3.42856523725722,0.944988145930802,3.39662623405456,0.082888888888889,0.060325715239787,0.07,0,0.48,0,0.43,0.53,0.69,5.72,5.41,0.43,0.43,-4.32999992370606,0.989242296754326,0.111111111111111,-0.2,0.526315789473684,1,FUS
"RNCMPT00018,max,UGCGCGC,RBD_v3_240155",69.0730622222222,8.21840132049275,73.138,8.11777777777778,1.8559228149224,7.65,8.77777777777778,2.264136288149,8.1,7.45777777777778,1.86309723662811,7.1,3.42856523725722,0.944988145930802,3.39662623405456,0.082888888888889,0.060325715239787,0.07,0,0.48,0,0.43,0.53,0.69,5.72,5.41,0.43,0.43,-4.32999992370606,0.989242296754326,0.111111111111111,-0.2,0.526315789473684,1,FUS
"RNCMPT00018,min,AGGGGGG,RBD_v3_008089",60.284375862069,7.42777771811689,63.627,16.1620689655172,1.39422630697957,16.5,16.2172413793103,1.46093633515272,15.9,16.1068965517241,2.12836809290974,16.3,3.51923769917981,0.953154028116742,3.43577456474304,0.086206896551724,0.075186140112554,0.07,0,0.47,0,0.19,0.48,0.49,12.64,11.73,0.19,0.19,-5.96999979019165,0.940829129511555,0.5,0.222222222222222,0.473684210526316,0,FUS
"RNCMPT00018,min,AGGGGGG,RBD_v3_110571",57.4102333333333,7.6686903532133,60.2495,14.2705882352941,1.4504887614383,14.15,12.1450980392157,1.87790454767969,12,16.3960784313726,1.46314193218754,16.5,3.51038375438428,1.08387266009644,3.7521333694458,0.037058823529412,0.057733668431759,0.01,41.1764705882353,0.49,0,0.29,0.5,0.57,8.47,13.64,0.29,0.29,-6.73000001907349,0.9795363654177,0.3,-0.111111111111111,0.473684210526316,0,FUS
"RNCMPT00018,min,AGGGGGG,RBD_v3_213678",61.5083957446809,8.68623033431943,63.2524,15.386170212766,3.77229174559392,14.65,15.168085106383,3.07189973674263,15.5,15.6042553191489,4.70383550468489,15,3.31658112115048,1.1110017971598,3.3596019744873,0.042127659574468,0.043184949583047,0.03,4.25531914893617,0.48,0,0.3,0.5,0.58,9.54,6.51,0.3,0.3,-4.42000007629395,0.982030026212329,0.157894736842105,0.25,0.457142857142857,0,FUS
"RNCMPT00019,max,AGAGAAC,RBD_v3_140658",64.5717965517241,5.18599967298514,65.1692,7.82931034482759,1.77947209474063,7.45,8.02758620689655,2.60026050229644,7.4,7.63103448275862,1.32479201825253,7.4,3.48237097674403,0.804716977423358,3.49322485923767,0.331034482758621,0.323533447460407,0.28,3.44827586206897,0.11,0,0.33,0.63,0.45,4.73,5.44,0.33,0.33,-3.80999994277954,0.9611460538546,-0.058823529411765,0.444444444444444,0.514285714285714,1,SRSF10
"RNCMPT00019,max,AGAGACA,RBD_v3_000179",78.9461515625,5.32416021731879,80.2704,4.36953125,1.51850012641704,3.7,4.4078125,2.18648842823954,3.35,4.33125,1.16671768595927,4.05,3.3953752387315,1.00065046987371,3.48066961765289,0.30015625,0.190725367150264,0.265,34.375,0,0,0.63,0.67,0.64,2.32,3.08,0.63,0.63,-3.25,0.89632683791415,0,0.7,0.526315789473684,1,SRSF10
"RNCMPT00019,max,AGAGACA,RBD_v3_110944",78.9461515625,5.32416021731879,80.2704,4.36953125,1.51850012641704,3.7,4.4078125,2.18648842823954,3.35,4.33125,1.16671768595927,4.05,3.3953752387315,1.00065046987371,3.48066961765289,0.30015625,0.190725367150264,0.265,34.375,0,0,0.63,0.67,0.64,2.32,3.08,0.63,0.63,-3.25,0.89632683791415,0,0.7,0.526315789473684,1,SRSF10
"RNCMPT00019,min,UUUCUUU,RBD_v3_036113",70.3586075757576,6.0303416146711,70.70565,9.4030303030303,1.8669777879252,9.525,9.08484848484849,2.27320461187708,9.3,9.72121212121212,1.89473076240522,9.7,3.42584551645048,1.07128325468052,3.48690390586853,0.101666666666667,0.066992154152175,0.09,0,0,0,0.43,0.64,0.47,4.91,6.43,0.43,0.43,-5.46999979019165,0.996886877160992,0,-0.111111111111111,0.473684210526316,0,SRSF10
"RNCMPT00019,min,UUUCUUU,RBD_v3_205372",62.1021276595745,6.19820629434531,62.5225,9.99042553191489,1.30031928762467,9.65,9.4936170212766,1.80511402209042,9,10.4872340425532,1.46815723320924,10,3.48665162096632,0.938054762251228,3.4909393787384,0.152340425531915,0.127146146070908,0.13,82.9787234042553,0.08,0,0.26,0.61,0.37,6.11,7.77,0.26,0.26,-4.51999998092651,0.972861409666655,0.066666666666667,-0.217391304347826,0.605263157894737,0,SRSF10
"RNCMPT00019,min,UUUUCUU,RBD_v3_173774",68.2938857142857,6.42049463497409,70.0171,7.59142857142857,1.81911766404217,6.8,7.16285714285714,2.58514827362739,5.6,8.02,1.3437874481786,7.7,3.19467158658164,0.852392964102362,3.09098291397095,0.220857142857143,0.116779617192371,0.21,97.1428571428571,0,0,0.38,0.64,0.43,4.28,6.37,0.38,0.38,-7.21000003814697,0.922946411418153,0.125,-0.545454545454545,0.578947368421053,0,SRSF10
"RNCMPT00020,max,GGACAGA,RBD_v3_206033",78.7953472972973,9.05489923340864,80.338,5.86081081081081,4.70367293289059,4.8,4.97027027027027,4.29573632930198,4,6.75135135135135,5.16254273240447,5.55,3.66405689394152,0.837555025478786,3.5786817073822,0.314459459459459,0.333179543073988,0.17,9.45945945945946,0.28,0,0.49,0.63,0.66,1.34,1.6,0.49,0.49,-4.11999988555908,0.940829129511555,0.363636363636364,0.375,0.421052631578947,1,FXR2
"RNCMPT00020,max,GGACAGG,RBD_v3_149215",72.255206779661,8.94517239295077,71.8609,9.53813559322034,4.97915775822553,9.3,9.07796610169492,4.88827124778633,9.8,9.99830508474576,5.2951015595556,8.6,3.7372328042984,0.81354744553525,3.81883239746094,0.211186440677966,0.288199432540078,0.06,18.6440677966102,0.29,0,0.42,0.62,0.6,2.59,3.13,0.42,0.42,-5.88000011444092,0.947927637120239,0.047619047619048,0.529411764705882,0.447368421052632,1,FXR2
"RNCMPT00020,max,GGACAGG,RBD_v3_231818",72.255206779661,8.94517239295077,71.8609,9.53813559322034,4.97915775822553,9.3,9.07796610169492,4.88827124778633,9.8,9.99830508474576,5.2951015595556,8.6,3.7372328042984,0.81354744553525,3.81883239746094,0.211186440677966,0.288199432540078,0.06,18.6440677966102,0.29,0,0.42,0.62,0.6,2.59,3.13,0.42,0.42,-5.88000011444092,0.947927637120239,0.047619047619048,0.529411764705882,0.447368421052632,1,FXR2
"RNCMPT00020,min,CCAUGUC,RBD_v3_203687",87.8235965517241,4.79401488364716,89.0066,3.04655172413793,1.15657522719347,2.65,2.53793103448276,0.862477243220881,2.2,3.5551724137931,1.50013956657766,3.2,3.70809400492701,0.731739472184345,3.89819383621216,0.326206896551724,0.339920303612305,0.15,0,0.31,0,0.5,0.61,0.68,1.56,1.85,0.5,0.5,-4.17999982833862,0.994985417684099,-0.111111111111111,-0.1,0.526315789473684,0,FXR2
"RNCMPT00020,min,CCCCUCC,RBD_v3_006599",69.1209575342466,5.42986300210639,69.5311,11.8595890410959,3.79758382189553,10.8,11.5301369863014,3.42672036807413,11.1,12.1890410958904,4.2863336328588,11.1,3.81938751266427,0.895476688809078,3.95836639404297,0.094520547945206,0.117674705767524,0.04,21.9178082191781,0.29,0,0.38,0.6,0.57,5.73,5.8,0.38,0.38,-4.71999979019165,0.981649930192858,-0.3,0,0.473684210526316,0,FXR2
"RNCMPT00020,min,CUCACCC,RBD_v3_157859",86.2724587301587,6.72399837077649,88.3234,3.25793650793651,2.28761050057814,2.5,2.69047619047619,1.8330051375,2,3.82539682539683,2.77598969587473,2.8,3.5830611804175,0.678665593015275,3.48161649703979,0.283015873015873,0.279917239616116,0.19,46.031746031746,0.3,0,0.55,0.64,0.72,1.26,1.42,0.55,0.55,-4.01999998092651,0.99900044193615,-0.052631578947368,-0.052631578947368,0.5,0,FXR2
"RNCMPT00021,max,AGGAUAA,RBD_v3_144446",63.6166657142857,9.95510496496626,68.108,17.4871428571429,1.57145225345028,17,17.3742857142857,1.50983888060221,17,17.6,1.91157465118651,17.1,3.67632656097412,0.848162560068922,3.84276986122131,0.146,0.169535698132212,0.03,0,0.45,0,0.16,0.48,0.45,13.63,13.3,0.16,0.16,-6.65000009536743,0.974436160642641,0.25,0.181818181818182,0.578947368421053,1,G3BP2
"RNCMPT00021,max,AGGAUGA,RBD_v3_102675",79.9927702702703,10.0565333851478,84.6239,4.10405405405405,2.88606273461062,2.4,4.43513513513514,3.61003356526533,2.2,3.77297297297297,2.35155370017459,2.7,3.44382008024164,0.865708060683544,3.40023350715637,0.407027027027027,0.368019208925483,0.26,8.10810810810811,0.44,0,0.48,0.53,0.71,1.44,1.48,0.48,0.48,-4.1399998664856,0.984462539680632,-0.058823529411765,-0.230769230769231,0.433333333333333,1,G3BP2
"RNCMPT00021,max,AGGAUGA,RBD_v3_187050",79.6350531914894,6.90219268918443,80.0931,4.85106382978723,2.25464470742216,4.2,4.28936170212766,2.36084307367122,3.9,5.41276595744681,2.33364959752601,4.6,3.51241056462552,0.844923172248145,3.64238739013672,0.280851063829787,0.268286266540166,0.24,0,0.44,0,0.47,0.53,0.7,1.83,2.72,0.47,0.47,-4.78000020980835,0.982848200563012,0.222222222222222,0.2,0.526315789473684,1,G3BP2
"RNCMPT00021,min,CCCCCCC,RBD_v3_197556",76.6069777777778,7.90040206868743,80.3452,6.21666666666667,2.674562714592,5.175,6.15277777777778,3.01325510855061,4.6,6.28055555555556,2.4773049232058,5.3,3.58788846929868,0.930425776855209,3.53535306453705,0.313888888888889,0.269627020453682,0.315,0,0.44,0,0.41,0.5,0.65,3.18,3.48,0.41,0.41,-3.79999995231628,0.9795363654177,-0.3,0.111111111111111,0.473684210526316,0,G3BP2
"RNCMPT00021,min,GAGUCGU,RBD_v3_033189",78.318844,14.9416154907129,83.7435,5.577,6.15103450731697,3.025,5.338,6.50550441972812,2.6,5.816,5.86519864131138,3.3,3.50060574054718,0.857230288709391,3.42825841903687,0.3282,0.335399183429086,0.185,0,0.46,0,0.5,0.54,0.74,1.28,1.56,0.5,0.5,-5.05999994277954,0.945231600849419,0.333333333333333,0.411764705882353,0.447368421052632,0,G3BP2
"RNCMPT00021,min,GAGUCGU,RBD_v3_098126",66.8338580645161,12.1313145231608,70.4383,11.5354838709677,5.32577545417192,9.85,10.9290322580645,6.02177434492837,9.05,12.141935483871,4.77591458538749,10.35,3.50090819116562,0.918926229548312,3.49981904029846,0.242903225806452,0.262112396719449,0.095,0,0.45,0,0.35,0.51,0.6,3.39,5.61,0.35,0.35,-6.26000022888184,0.997098982459257,-0.1,0,0.473684210526316,0,G3BP2
"RNCMPT00022,max,UAGGGUA,RBD_v3_091891",75.326010989011,9.08618173728597,74.638,10.5868131868132,4.65188632686208,10.65,10.3417582417582,4.51666213859714,9.3,10.8318681318681,5.03348518801567,11.1,3.57326544510139,0.787309304251074,3.61495471000671,0.221208791208791,0.238769229195776,0.12,7.69230769230769,0.2,0,0.56,0.71,0.69,3.81,2.94,0.56,0.56,-2.78999996185303,0.925325483357417,0.230769230769231,0.36,0.657894736842105,1,HNRNPA1
"RNCMPT00022,max,UAGGGUA,RBD_v3_211236",82.515124742268,9.05730241913524,81.6224,4.67731958762887,2.72175859030208,4.35,4.00824742268041,2.2954061960383,3.5,5.34639175257732,3.20497860938227,5.1,3.60293267559759,0.739677960235037,3.61172461509705,0.371237113402062,0.367945471877171,0.22,45.360824742268,0.2,0,0.67,0.75,0.78,1.15,1.33,0.67,0.67,-2.22000002861023,0.945053740070628,0.538461538461538,0.058823529411765,0.566666666666667,1,HNRNPA1
"RNCMPT00022,max,UUAGGGA,RBD_v3_233439",80.3775939759036,9.85308019358945,84.3811,6.21024096385542,4.39695542556427,4.45,5.65783132530121,4.08516413026477,3.5,6.76265060240964,4.84362066860222,5.1,3.48959758985473,0.775836938366803,3.48544931411743,0.359036144578313,0.331451407091602,0.32,3.6144578313253,0.2,0,0.63,0.71,0.74,1.61,1.87,0.63,0.63,-4.09999990463257,0.915737194004865,0.473684210526316,0.473684210526316,0.5,1,HNRNPA1
"RNCMPT00022,min,CCCUAUC,RBD_v3_167518",79.8454777777778,5.19334211768425,80.6704,4.73,1.0903189691762,4.4,4.00444444444444,1.01106504501566,3.8,5.45555555555556,1.30289111307325,5,3.64369949234857,0.8912636490236,3.64450311660767,0.202,0.211902636304335,0.13,46.6666666666667,0.2,0,0.51,0.71,0.65,2.56,3.97,0.51,0.51,-3.82999992370606,0.967225909741359,-0.294117647058823,0.230769230769231,0.433333333333333,0,HNRNPA1
"RNCMPT00022,min,CCCUCUG,RBD_v3_107106",78.4226453488372,8.15183372933617,79.32065,7.15232558139535,4.20240062329046,5.375,6.61395348837209,4.22672624785209,4.2,7.6906976744186,4.34567067610639,6.45,3.4852702686953,0.832036131767298,3.53617131710052,0.280116279069767,0.281861435235561,0.19,6.97674418604651,0.2,0,0.55,0.7,0.68,1.62,2.21,0.55,0.55,-3.76999998092651,0.967761204891595,-0.4,0,0.473684210526316,0,HNRNPA1
"RNCMPT00022,min,CCCUGCU,RBD_v3_101886",80.9551697674419,4.63383102891553,82.1915,8.92906976744186,1.84052375303684,8.4,9.10232558139535,1.29347968712179,8.6,8.75581395348837,2.66309007103915,8,3.77916954838952,0.706399249600164,3.80834984779358,0.326976744186046,0.277381762744837,0.25,0,0.2,0,0.49,0.69,0.63,6.53,4.65,0.49,0.49,-3.58999991416931,0.994985417684099,-0.1,0.111111111111111,0.473684210526316,0,HNRNPA1
"RNCMPT00023,max,UAGGGAA,RBD_v3_062154",88.4488679245283,4.48294152601639,89.3293,2.63679245283019,0.956010889833587,2.35,2.16603773584906,0.698609441959365,2,3.10754716981132,1.25328016644996,2.6,3.60808013745074,0.690040564634122,3.5897810459137,0.467547169811321,0.358736595355987,0.53,0,0.2,0,0.63,0.72,0.75,1.27,1.59,0.63,0.63,-3.45000004768372,0.940490301733755,0.5,0.263157894736842,0.542857142857143,1,HNRNPA1L2
"RNCMPT00023,max,UUAGGGU,RBD_v3_030985",65.3135457627119,6.9634092254784,66.8523,13.4364406779661,3.11853886601466,12.95,13.0915254237288,3.15143641842067,12.5,13.7813559322034,3.33469072753349,13.3,3.61065495923414,0.793850780776819,3.55231487751007,0.129830508474576,0.124947736430299,0.085,0,0.2,0,0.37,0.68,0.53,6.52,6.91,0.37,0.37,-4,0.97042113639059,0.142857142857143,0.083333333333333,0.631578947368421,1,HNRNPA1L2
"RNCMPT00023,max,UUAGGGU,RBD_v3_225514",77.6627323809524,12.282515625767,79.5549,6.60380952380952,4.36282203593226,5.5,6.34190476190476,4.59974457803368,4.4,6.86571428571429,4.24247815305169,6.2,3.41505228394554,0.921525258687423,3.41203927993774,0.31847619047619,0.329167893075102,0.16,40,0.2,0,0.64,0.72,0.76,1.34,1.38,0.64,0.64,-3.82999992370606,0.966457281989699,0.428571428571429,0,0.533333333333333,1,HNRNPA1L2
"RNCMPT00023,min,CCUGCCC,RBD_v3_240297",70.7993888888889,7.65649282514943,70.1532,8.60138888888889,2.95687277970625,8.45,7.89027777777778,2.71543111106429,7.9,9.3125,3.39950027396323,8.25,3.5802695022689,0.835628823844445,3.65175938606262,0.199166666666667,0.236474993466986,0.09,18.0555555555556,0.2,0,0.46,0.68,0.61,3.32,4.67,0.46,0.46,-3.67000007629394,0.944298080965623,-0.142857142857143,-0.529411764705882,0.447368421052632,0,HNRNPA1L2
"RNCMPT00023,min,GACCCAC,RBD_v3_062235",84.3806372093023,7.59469814309779,87.0535,3.82674418604651,2.00877091174137,3.1,3.16279069767442,1.61009068892969,2.6,4.4906976744186,2.46014071930936,3.6,3.63108790198038,0.673351106384831,3.5478720664978,0.42906976744186,0.374209095824198,0.39,0,0.21,0,0.57,0.68,0.7,1.79,2.33,0.57,0.57,-3.50999999046326,0.97042113639059,-0.368421052631579,0.157894736842105,0.5,0,HNRNPA1L2
"RNCMPT00023,min,GACCCAC,RBD_v3_142476",86.2078170212766,7.70546665537495,88.6853,3.25,2.26264562346632,2.4,2.59787234042553,1.62500693800554,2.1,3.90212765957447,2.93068395057047,2.6,3.55303594406615,0.590145271428964,3.52066707611084,0.41468085106383,0.398458175557768,0.31,0,0.21,0,0.62,0.7,0.74,1.38,1.63,0.62,0.62,-4.6100001335144,0.974436160642641,-0.181818181818182,0.25,0.421052631578947,0,HNRNPA1L2
"RNCMPT00024,max,GAUAGGG,RBD_v3_151402",77.6720081300813,13.8683676180227,76.1498,6.98292682926829,5.30482624855792,7.4,6.11219512195122,4.98873461017879,6.1,7.85365853658537,5.75888896221904,8.2,3.58185025443876,0.805341100284218,3.54603862762451,0.263252032520325,0.381114620543133,0.03,45.5284552845528,0.22,0,0.69,0.74,0.81,1.05,1.05,0.69,0.69,-3.74000000953674,0.941457095004174,0.142857142857143,0.428571428571429,0.6,1,HNRNPA2B1
"RNCMPT00024,max,GAUAGGG,RBD_v3_215126",87.86178,4.73698288542558,88.8619,2.72181818181818,1.11537087488969,2.5,2.24,0.76050665373182,2.2,3.20363636363636,1.53923545672707,2.8,3.56995554187081,0.75328785954246,3.53917860984802,0.507636363636364,0.421025923528265,0.57,96.3636363636364,0.22,0,0.64,0.72,0.77,1.29,1.46,0.64,0.64,-4.01000022888184,0.963443790866632,0.428571428571429,-0.125,0.533333333333333,1,HNRNPA2B1
"RNCMPT00024,max,UAGGGAA,RBD_v3_153573",79.05453125,12.8638746641848,80.58455,7.22083333333333,5.40334529258285,4.125,6.67291666666667,5.22051578751748,3.35,7.76875,5.75214948381999,5.1,3.49997206528982,0.761960075035856,3.50927603244781,0.309583333333333,0.342694943880711,0.14,44.7916666666667,0.22,0,0.66,0.74,0.78,1.32,1.3,0.66,0.66,-7.71000003814697,0.953353793718457,0.157894736842105,0.473684210526316,0.5,1,HNRNPA2B1
"RNCMPT00024,min,CCCCGCU,RBD_v3_116028",82.3111089887641,9.94223165883157,83.4594,4.45786516853933,2.53502621104887,4.2,3.73370786516854,2.12270966521056,3.5,5.18202247191011,3.020180676329,4.7,3.69056498334649,0.802083806379985,3.64619207382202,0.369213483146067,0.350688364373624,0.3,19.1011235955056,0.22,0,0.65,0.74,0.78,1.34,1.53,0.65,0.65,-4.73999977111816,0.997098982459257,-0.1,0,0.473684210526316,0,HNRNPA2B1
"RNCMPT00024,min,CCGCCCC,RBD_v3_228331",69.5430566037736,8.40629951662876,72.2682,12.5141509433962,2.93028577889746,11.6,13.3264150943396,2.85974386584346,12.5,11.7018867924528,3.27416992217039,11.2,3.6403776069857,0.710814608948939,3.53733515739441,0.075471698113208,0.085430269309939,0.03,1.88679245283019,0.21,0,0.41,0.7,0.57,9.12,6.76,0.41,0.41,-4.34000015258789,0.847335327448649,-0.238095238095238,0.857142857142857,0.4,0,HNRNPA2B1
"RNCMPT00024,min,CCUCCCC,RBD_v3_147055",88.6484434782609,4.53671361394529,90.0056,2.6695652173913,1.05406505496417,2.225,2.2195652173913,0.610507826946785,2,3.1195652173913,1.57036719912784,2.5,3.56447221921838,0.943349665808437,3.74607527256012,0.46804347826087,0.38813296441765,0.5,0,0.22,0,0.64,0.72,0.77,1.38,1.55,0.64,0.64,-5.84999990463257,0.978771866509032,-0.111111111111111,-0.166666666666667,0.4,0,HNRNPA2B1
"RNCMPT00025,max,AUUUUUG,RBD_v3_141431",64.208485,6.2901492240073,63.75545,17.4408333333333,3.36806401750155,16.8,18.5616666666667,3.4168124538278,17.6,16.32,3.55111822922951,16.1,3.56788702110449,1.07402305410219,3.73469257354736,0.1585,0.154764172703318,0.1,61.6666666666667,0.31,0,0.23,0.54,0.45,12.93,10.36,0.23,0.23,-0.449999988079071,0.974436160642641,-0.25,-0.181818181818182,0.578947368421053,1,HNRNPC
"RNCMPT00025,max,CUUUUUU,RBD_v3_152636",74.179692,11.4764356299375,78.6262,8.81,5.76847519908416,6.725,8.882,5.97384400908644,6.75,8.738,5.69080497157386,6.4,3.24026646971703,0.918722596054776,3.32764267921448,0.2644,0.181885364211323,0.25,56,0.3,0,0.42,0.56,0.6,3.98,4.83,0.42,0.42,-5.11999988555908,0.972861409666655,0.125,-0.272727272727273,0.578947368421053,1,HNRNPC
"RNCMPT00025,max,UUUUUGC,RBD_v3_008256",83.2270457627119,10.1893230694637,88.5145,6.38050847457627,3.65102745280474,4.45,6.99152542372881,4.49947461054001,4.4,5.76949152542373,2.87571605699245,4.3,3.32846477880316,0.928528675764781,3.27711296081543,0.370169491525424,0.240240479558926,0.36,0,0.27,0,0.53,0.65,0.69,3.28,3.3,0.53,0.53,-3.53999996185303,0.986863224815062,-0.125,-0.090909090909091,0.578947368421053,1,HNRNPC
"RNCMPT00025,min,GAGUGAG,RBD_v3_087100",83.108717948718,6.46143468506849,85.3686,12.0615384615385,2.65358400981879,11.7,13.0282051282051,2.68327654360237,13,11.0948717948718,2.87703691851518,10.8,3.53184053225395,0.884080113247253,3.49117875099182,0.284102564102564,0.200311835169672,0.23,0,0.3,0,0.36,0.57,0.55,8.23,6.19,0.36,0.36,-3.75,0.894675309810996,0.68421052631579,0.263157894736842,0.5,0,HNRNPC
"RNCMPT00025,min,GAGUGAG,RBD_v3_184833",76.1576395348837,9.4470936044131,80.736,8.12325581395349,3.80488953655452,6.5,8.45348837209302,4.7646190492405,6.5,7.79302325581395,3.00320426884331,6.6,3.5228145399759,1.19408167887856,3.72273063659668,0.292325581395349,0.240186804376672,0.28,0,0.28,0,0.41,0.6,0.59,4.7,4.49,0.41,0.41,-5.51999998092651,0.994985417684099,0.111111111111111,0.1,0.526315789473684,0,HNRNPC
"RNCMPT00025,min,GAGUGAG,RBD_v3_219104",83.8794794871795,8.95374042707056,88.0381,5.72307692307692,2.5881014722706,4.7,6.3974358974359,3.31356757807456,5,5.04871794871795,2.35079737814436,4,3.36121328518941,0.983120269526191,3.31436228752136,0.365641025641026,0.263656423876893,0.27,0,0.31,0,0.56,0.58,0.71,3.41,2.37,0.56,0.56,-4.76000022888184,0.966806202301564,0.411764705882353,0.111111111111111,0.514285714285714,0,HNRNPC
"RNCMPT00026,max,AGACCAA,RBD_v3_026840",74.2803265486726,9.73049404409385,76.5092,8.75752212389381,3.82205898394286,8.05,8.05221238938053,4.09420534207304,7.4,9.46283185840708,3.77896420734631,8.7,3.60093184909989,0.889132700861715,3.60407495498657,0.18787610619469,0.232810665438347,0.07,0,0.44,0,0.48,0.46,0.7,4.48,4.07,0.48,0.48,-2.63000011444092,0.915732641867936,-0.25,0.545454545454545,0.578947368421053,1,HNRNPK
"RNCMPT00026,max,AGACCAA,RBD_v3_217627",86.5229639534884,7.48508649168327,86.6901,2.53197674418605,2.52173974482485,2,2.41162790697674,2.87735248427117,1.75,2.65232558139535,2.26262350298919,2.1,3.64602465269177,0.725246422258715,3.67456591129303,0.367325581395349,0.363623672362786,0.21,0,0.42,0,0.65,0.5,0.83,1.12,1.11,0.65,0.65,-3.00999999046326,0.858728194033465,-0.263157894736842,0.789473684210526,0.5,1,HNRNPK
"RNCMPT00026,max,CCAAACC,RBD_v3_092003",77.0613920353982,8.66115501459306,76.4878,6.58938053097345,3.17709050502462,6.9,5.9787610619469,3.21845824135213,6.2,7.2,3.3635652853143,7.2,3.6059124596351,0.865929340540759,3.69193959236145,0.225132743362832,0.261288411544763,0.1,13.2743362831858,0.43,0,0.53,0.48,0.73,1.56,1.46,0.53,0.53,-3.47000002861023,0.932804536676998,-0.368421052631579,0.473684210526316,0.5,1,HNRNPK
"RNCMPT00026,min,GGUGGGU,RBD_v3_135832",81.9120267123288,11.2031776931756,84.89775,4.47945205479452,4.09544604632695,3.325,4.27191780821918,4.15862615163469,3.3,4.68698630136986,4.13590274845029,3.3,3.55277154502803,0.945406563416084,3.62991440296173,0.313013698630137,0.347029502597578,0.13,26.027397260274,0.44,0,0.61,0.49,0.81,1.2,1.11,0.61,0.61,-2.26999998092651,0.938770814254659,0.529411764705882,0.222222222222222,0.514285714285714,0,HNRNPK
"RNCMPT00026,min,UGGGUGU,RBD_v3_193862",66.2779816513762,12.1995595605847,64.1409,15.9628440366972,6.17513833879274,17.15,15.7348623853211,6.3701325084594,17.3,16.1908256880734,6.16658470342532,17.3,3.57601393034699,0.81744719898617,3.59868955612183,0.17394495412844,0.222348651598839,0.06,14.6788990825688,0.42,0,0.38,0.43,0.6,3.69,4.07,0.38,0.38,-4.48999977111816,0.923691626784717,0.555555555555556,0.294117647058823,0.485714285714286,0,HNRNPK
"RNCMPT00026,min,UGUGGGU,RBD_v3_070950",77.7066771929825,12.3330830920713,84.4537,7.57061403508772,6.38245940960062,4.05,6.90701754385965,5.83317820895167,4,8.23421052631579,7.02077610801158,4.15,3.65504817690766,0.795433161770065,3.64737033843994,0.324912280701754,0.334675237149575,0.19,30.7017543859649,0.44,0,0.6,0.46,0.79,1.17,1.38,0.6,0.6,-5.09999990463257,0.93695455156163,0.571428571428571,-0.125,0.533333333333333,0,HNRNPK
"RNCMPT00027,max,ACAAACA,RBD_v3_240735",74.1853510791367,11.5790752074929,77.3802,7.01690647482014,5.39666615403864,4.5,6.72014388489209,5.40133075197128,4.3,7.3136690647482,5.52588377663489,5,3.64994442891732,0.844969350678944,3.70654940605164,0.275251798561151,0.295782751589822,0.11,4.31654676258993,0.26,0,0.57,0.6,0.71,1.31,1.26,0.57,0.57,-4.09000015258789,0.957368817970507,-0.285714285714286,0.166666666666667,0.631578947368421,1,HNRNPL
"RNCMPT00027,max,ACAUACA,RBD_v3_147622",69.9831031496063,10.5320050275561,70.0232,9.98740157480315,5.23852475486172,9.45,9.90944881889764,5.26426155256255,8.8,10.0653543307087,5.35051366697044,9.1,3.62539860394996,0.892487813105491,3.63925766944885,0.216220472440945,0.216596798749073,0.16,27.5590551181102,0.26,0,0.41,0.46,0.55,3.46,2.5,0.41,0.41,-0.899999976158142,0.953122975909535,-0.076923076923077,0.2,0.657894736842105,1,HNRNPL
"RNCMPT00027,max,ACAUACA,RBD_v3_202152",61.5801933884298,9.94510862459309,61.2777,18.0429752066116,7.681884278898,20.25,17.2570247933884,7.84908515312752,19,18.8289256198347,7.62059094402056,21.7,3.68387373518353,0.918648681679042,3.8795428276062,0.094876033057851,0.181006978237854,0.02,33.8842975206612,0.25,0,0.32,0.42,0.47,4.32,5.74,0.32,0.32,-7.76000022888184,0.972861409666655,-0.066666666666667,0.217391304347826,0.605263157894737,1,HNRNPL
"RNCMPT00027,min,GGUGUGG,RBD_v3_094561",68.0181570247934,12.1751192049731,63.1683,11.4847107438017,6.83760083099087,12.75,10.8677685950413,6.14468896522345,12.6,12.101652892562,7.74190957786551,12.3,3.56837656872332,0.900135364233377,3.67214941978455,0.167685950413223,0.239783792650026,0.04,28.9256198347107,0.26,0,0.44,0.44,0.57,1.88,1.6,0.44,0.44,-7.63000011444092,0.822556758031061,0.565217391304348,-0.75,0.41025641025641,0,HNRNPL
"RNCMPT00027,min,GGUGUGG,RBD_v3_174943",58.9699950549451,7.18185322971584,59.05865,17.9491758241758,3.98248747635216,18.45,17.8115384615385,3.87077573651328,18.1,18.0868131868132,4.41284435630516,19,3.56144705971519,0.97427022758853,3.64174425601959,0.086483516483517,0.15882422701184,0.02,34.0659340659341,0.26,0,0.32,0.47,0.48,7.66,6.75,0.32,0.32,-6.73000001907349,0.839186476532114,0.5,-0.733333333333333,0.384615384615385,0,HNRNPL
"RNCMPT00027,min,GUGGGUG,RBD_v3_046788",52.4380842639594,13.459107529628,54.2948,20.1944162436548,5.35853260919596,22.6,20.2928934010152,4.9679329103606,21.9,20.0959390862944,5.91596626885496,23.2,3.3517455561512,1.08808099139289,3.30917286872864,0.081319796954315,0.136308040489178,0.02,32.48730964467,0.26,0,0.27,0.42,0.43,9.39,6.45,0.27,0.27,-10.0699996948242,0.899507835327561,0.636363636363636,0,0.421052631578947,0,HNRNPL
"RNCMPT00028,max,UAGGAUA,RBD_v3_203452",80.0276810126582,7.25357989800114,82.071,3.92341772151899,2.26576861135349,3.2,3.54936708860759,2.85351215970243,2.4,4.29746835443038,2.21005712210343,3.5,3.34113866618917,0.813054622075116,3.34744834899902,0.417594936708861,0.374758777765773,0.34,73.4177215189874,0.22,0,0.44,0.48,0.56,1.46,1.95,0.44,0.44,-4.38000011444092,0.922984896232518,0.578947368421053,0.263157894736842,0.5,1,HRB27C
"RNCMPT00028,max,UAGGAUA,RBD_v3_230077",76.2767708333333,9.3378747592453,74.4162,6.2890625,3.91018375611415,5.1,6.29895833333333,4.32660058102424,4.6,6.27916666666667,3.72428493077719,5.3,3.44497969436149,0.912951012341057,3.41158449649811,0.2440625,0.283004846992154,0.11,53.125,0.23,0,0.45,0.46,0.56,1.41,1.71,0.45,0.45,-5.15999984741211,0.962298943521553,0.333333333333333,0.3,0.526315789473684,1,HRB27C
"RNCMPT00028,max,UAGGGUA,RBD_v3_227436",78.6487139534884,7.05584709463448,80.1809,4.88546511627907,2.3752382701416,4.425,4.5,2.81504362101821,3.8,5.27093023255814,2.32013520290976,5.2,3.36941514735998,0.833806965851541,3.45848512649536,0.341860465116279,0.310954930072272,0.275,0,0.23,0,0.45,0.48,0.57,1.4,2.02,0.45,0.45,-6.03999996185303,0.962298943521553,0.368421052631579,0.263157894736842,0.5,1,HRB27C
"RNCMPT00028,min,UCGUCUC,RBD_v3_013217",63.2958469387755,9.12470777302675,63.1597,14.4147959183673,3.54296318104651,13.175,14.5122448979592,4.17677094500471,12.9,14.3173469387755,3.15872300669618,13.45,3.41897187610062,0.980383685968082,3.5179808139801,0.083571428571429,0.107772670253679,0.04,26.530612244898,0.23,0,0.26,0.4,0.4,8.42,7.28,0.26,0.26,-2.41000008583069,0.994985417684099,-0.157894736842105,0.052631578947368,0.5,0,HRB27C
"RNCMPT00028,min,UCGUCUU,RBD_v3_118131",67.2135764044944,11.7022017228987,65.651,11.1084269662921,5.3737643186124,9.8,10.1707865168539,4.81192180109113,9.8,12.0460674157303,6.08395909114091,10.2,3.34187176254358,0.973164456858025,3.34218764305115,0.118876404494382,0.193640002219719,0.01,47.1910112359551,0.22,0,0.36,0.42,0.48,4.11,3.69,0.36,0.36,-4.01000022888184,0.994985417684099,0.058823529411765,0.047619047619048,0.552631578947368,0,HRB27C
"RNCMPT00028,min,UCGUCUU,RBD_v3_170821",60.28681875,7.84105174150177,61.7722,15.3635416666667,4.37877944521354,14.65,13.925,4.69792787469002,13.55,16.8020833333333,4.28581452472583,16.65,3.49686496208111,0.967341478880476,3.61141705513,0.0578125,0.088902112046429,0.03,0,0.22,0,0.25,0.4,0.39,6.35,9.83,0.25,0.25,-5.65999984741211,0.99900044193615,0,0,0.473684210526316,0,HRB27C
"RNCMPT00029,max,GGUAGGG,RBD_v3_060079",84.4434301587302,8.02551463632999,87.5025,3.24761904761905,1.32136380461532,2.8,3.24761904761905,1.37628030046128,2.7,3.24761904761905,1.33837372943111,2.7,3.31540188524458,0.922925703536384,3.35206365585327,0.367777777777778,0.365466756108936,0.2,0,0.25,0,0.64,0.72,0.78,1.64,1.41,0.64,0.64,-4,0.876679667510711,0.75,0,0.466666666666667,1,HRB87F
"RNCMPT00029,max,GGUAGGG,RBD_v3_110848",71.8154860215054,10.3612731793694,72.0623,13.4075268817204,6.56762872565692,11.9,13.6215053763441,6.53159294543545,11.7,13.1935483870968,6.7430448297811,12.8,3.47780781727965,1.02082691868064,3.59415769577026,0.154516129032258,0.207020877591526,0.04,35.4838709677419,0.25,0,0.54,0.69,0.69,4.08,2.86,0.54,0.54,-5.15000009536743,0.922984896232518,0.578947368421053,0.263157894736842,0.5,1,HRB87F
"RNCMPT00029,max,GUUAGGG,RBD_v3_029456",79.9518872093023,7.55727967564734,80.34375,7.64825581395349,3.67124315917501,6.875,8.03372093023256,3.9457083302097,6.75,7.26279069767442,3.76747837377385,6.45,3.48146188813587,0.773169443360314,3.47995030879974,0.369302325581395,0.283344690097225,0.385,12.7906976744186,0.24,0,0.62,0.7,0.75,2.64,2.44,0.62,0.62,-2.91000008583069,0.959253543925123,0.4,0.222222222222222,0.473684210526316,1,HRB87F
"RNCMPT00029,min,ACCCCCC,RBD_v3_172392",70.1109633802817,5.30081849869135,71.2645,14.7908450704225,2.86891355567567,14.6,15.8859154929577,2.60281692318413,15.3,13.6957746478873,3.80527590964058,14.2,3.39069922205428,0.893154866988593,3.39861631393433,0.232394366197183,0.196995031037641,0.2,19.7183098591549,0.23,0,0.4,0.67,0.57,10,5.58,0.4,0.4,-3.83999991416931,0.959253543925123,-0.4,0.222222222222222,0.473684210526316,0,HRB87F
"RNCMPT00029,min,CCCCCCA,RBD_v3_017248",75.9399364705882,9.80940781846751,75.2242,8.76529411764706,4.62455933247784,8.5,8.28470588235294,4.61409604938402,7.9,9.24588235294118,4.84368889678637,9.2,3.55326551269082,0.771909825241048,3.49470520019531,0.291058823529412,0.288246023924222,0.22,0,0.23,0,0.59,0.7,0.73,2.22,2.74,0.59,0.59,-2.1800000667572,0.957615612623957,-0.428571428571429,-0.058823529411765,0.447368421052632,0,HRB87F
"RNCMPT00029,min,CCCCCCC,RBD_v3_190041",69.6913842105263,7.50819010661476,71.6618,10.5921052631579,3.48927936524461,9.55,10.3421052631579,3.32339904360092,9,10.8421052631579,3.81495868580986,9.5,3.6300457987869,0.822443177534532,3.72626423835754,0.18140350877193,0.180638140614355,0.12,0,0.25,0,0.45,0.67,0.62,5.89,6.17,0.45,0.45,-3.70000004768372,0.967551496936124,-0.368421052631579,-0.125,0.457142857142857,0,HRB87F
"RNCMPT00031,max,UAUAUAG,RBD_v3_164163",64.5254361904762,5.28708840702307,66.0796,15.4642857142857,2.09022121443515,15.2,14.5019047619048,2.06830388298745,14.5,16.4266666666667,2.43240410778919,15.9,3.41911725827626,0.946519337183701,3.50008630752563,0.054476190476191,0.053510979325975,0.04,0,0.13,0,0.3,0.71,0.45,9.47,11.3,0.3,0.3,-4.73999977111816,0.991355861529484,0,-0.2,0.526315789473684,1,Hrp1p
"RNCMPT00031,max,UAUGUAA,RBD_v3_176750",77.2957284090909,5.48380799398837,78.8041,7.60340909090909,2.04931717608385,6.95,8.16477272727273,2.34917641585532,7.7,7.04204545454546,1.98631650028122,6.6,3.47744438594038,0.864843117132791,3.53105509281158,0.233863636363636,0.178109044593292,0.255,80.6818181818182,0.13,0,0.61,0.74,0.7,4.38,3.8,0.61,0.61,-6.65000009536743,0.979649455264845,0.25,-0.090909090909091,0.578947368421053,1,Hrp1p
"RNCMPT00031,max,UAUGUAG,RBD_v3_077175",70.0305212121212,6.12093102243354,72.17345,9.59242424242424,1.84629030187235,9.225,10.1060606060606,1.92872048362709,9.7,9.07878787878788,2.02054944176579,8.55,3.5812350674109,0.996277508427701,3.71501958370209,0.082424242424243,0.067506366789434,0.07,0,0.13,0,0.47,0.71,0.59,6.51,5.62,0.47,0.47,-3.46000003814697,0.9795363654177,-0.066666666666667,0.130434782608696,0.605263157894737,1,Hrp1p
"RNCMPT00031,min,AGAGUCG,RBD_v3_056515",74.8031911392405,6.90890962951222,77.3478,7.46075949367089,2.63992607324227,6.65,7.13291139240506,2.81665019805475,6,7.78860759493671,2.62756528337606,7,3.49115589449677,0.980659267971699,3.46601438522339,0.167974683544304,0.172785473532009,0.09,0,0.13,0,0.56,0.73,0.66,3.44,4.38,0.56,0.56,-5.55000019073486,0.991926560584619,-0.111111111111111,-0.176470588235294,0.485714285714286,0,Hrp1p
"RNCMPT00031,min,AGAGUCG,RBD_v3_184328",65.8886292682927,9.71814370546765,67.39585,13.6798780487805,3.70541695356395,12.325,14.4487804878049,3.28859773119779,14.05,12.9109756097561,4.45160551138883,11.45,3.47375321388245,0.97034850814312,3.46345365047455,0.205,0.202687194379497,0.115,29.2682926829268,0.12,0,0.39,0.66,0.5,8.18,6.32,0.39,0.39,-5.15000009536743,0.949021239177807,0.333333333333333,0.285714285714286,0.4,0,Hrp1p
"RNCMPT00031,min,GAGUCGU,RBD_v3_061647",72.8621594594595,5.67493453286525,74.3774,8.35202702702703,1.86053901434962,7.925,8.44054054054054,2.26188907101273,7.45,8.26351351351351,1.8804381830012,7.85,3.46486240544835,0.935403246321292,3.60263097286224,0.206486486486486,0.167719861285651,0.17,0,0.14,0,0.48,0.69,0.59,4.83,4.84,0.48,0.48,-5.63000011444092,0.9795363654177,0.111111111111111,0.3,0.526315789473684,0,Hrp1p
"RNCMPT00032,max,UUAUUUU,RBD_v3_157967",77.3026485507246,13.1923419076507,78.80345,8.03768115942029,7.37569200413998,3.15,7.8036231884058,7.10558954873407,3.6,8.27173913043478,7.70564291410986,2.9,3.52604632101197,0.896272536093571,3.55323171615601,0.316159420289855,0.357853133157459,0.145,45.6521739130435,0.17,0,0.57,0.57,0.65,1.08,1.16,0.57,0.57,-3.97000002861023,0.984029002132122,-0.058823529411765,-0.238095238095238,0.552631578947368,1,HuR
"RNCMPT00032,max,UUAUUUU,RBD_v3_205754",77.1980064,12.4249871603993,82.7409,7.962,7.30350225311736,4.05,7.5112,6.65022696677921,4,8.4128,8.0223274717825,3.8,3.55165708065033,0.884058607991965,3.51317262649536,0.27376,0.275846684860245,0.12,33.6,0.18,0,0.5,0.55,0.6,2.04,2.13,0.5,0.5,-5.23999977111816,0.967761204891595,0,-0.4,0.526315789473684,1,HuR
"RNCMPT00032,max,UUUUUUU,RBD_v3_125120",72.3351093457944,5.36730471988858,72.8449,7.36214953271028,2.35277677297842,7.6,7.28130841121495,2.53779472091314,7.8,7.44299065420561,2.5676548344683,7.5,3.43506284907599,1.0046128571638,3.47493934631348,0.249252336448598,0.223896459116411,0.16,0,0.2,0,0.4,0.55,0.52,2.24,2.36,0.4,0.4,-5.73000001907349,0.916149385545777,0.263157894736842,-0.6,0.512820512820513,1,HuR
"RNCMPT00032,min,AGAGUCG,RBD_v3_160610",76.2971839622642,5.6052316421126,77.87605,7.57358490566038,1.79895746987989,7.15,7.68396226415094,1.9894549046435,7,7.46320754716981,2.12268138926299,7.25,3.61090244662087,0.791539204730343,3.64261674880981,0.274245283018868,0.238638791055825,0.21,0,0.18,0,0.45,0.55,0.56,4.92,4.48,0.45,0.45,-6.25,0.959253543925123,-0.12,-0.076923076923077,0.342105263157895,0,HuR
"RNCMPT00032,min,AGAGUCG,RBD_v3_240732",81.5454262711864,7.13603345738089,83.9334,4.29364406779661,1.83932060350714,3.75,4.50508474576271,2.04085818456573,3.9,4.08220338983051,1.90198418014632,3.5,3.52857920577971,0.904809717972966,3.5244208574295,0.358813559322034,0.297993774648235,0.305,60.1694915254237,0.19,0,0.51,0.55,0.62,1.99,1.87,0.51,0.51,-5.36999988555908,0.954306349436356,0,0.2,0.333333333333333,0,HuR
"RNCMPT00032,min,GUGAGUC,RBD_v3_178007",75.4329872727273,8.04023993190432,78.25795,6.71,2.61050102400483,5.8,6.71909090909091,2.72260316118804,6.1,6.70090909090909,2.72590345109419,5.65,3.43303018645807,0.903398035947994,3.37235164642334,0.259818181818182,0.232552575956105,0.18,0,0.19,0,0.49,0.55,0.59,3.75,3.42,0.49,0.49,-5.48000001907349,0.965647640116437,0.4,0.111111111111111,0.473684210526316,0,HuR
"RNCMPT00033,max,AAACAUU,RBD_v3_238142",59.0879121428571,6.49439704482984,60.5989,17.0714285714286,2.11908205029169,16.975,17.0821428571429,2.10214922076229,17.2,17.0607142857143,2.48598073314132,16.9,3.57601945740836,0.875803589404668,3.58841145038605,0.120785714285714,0.118115099681909,0.075,27.8571428571429,0.16,0,0.28,0.38,0.38,11.96,11.69,0.28,0.28,-4.78999996185303,0.922946411418153,0.166666666666667,0.307692307692308,0.68421052631579,1,IGF2BP2
"RNCMPT00033,max,AACACAA,RBD_v3_006084",67.1801928057554,9.90935307472985,69.6736,12.0892086330935,6.00803436287045,9.8,11.7093525179856,6.60163453723669,9.8,12.4690647482014,5.64632558370721,10.3,3.62951979577113,0.807436543381814,3.61341261863708,0.217697841726619,0.230425933734328,0.11,20.1438848920863,0.14,0,0.42,0.41,0.49,4.18,4.71,0.42,0.42,-1.08000004291534,0.899507835327561,0.333333333333333,0.384615384615385,0.68421052631579,1,IGF2BP2
"RNCMPT00033,max,AACACAA,RBD_v3_056235",51.762084137931,9.14686942765784,54.5585,22.6351724137931,2.11434521761081,23.3,22.6958620689655,2.04385514891144,22.7,22.5744827586207,2.63148087032401,23.2,3.51190223200568,1.01394774178581,3.62456107139587,0.061862068965517,0.093229005730934,0.02,42.7586206896552,0.17,0,0.22,0.36,0.33,17.19,14.63,0.22,0.22,-4.03000020980835,0.973088862120474,-0.066666666666667,0.3,0.571428571428571,1,IGF2BP2
"RNCMPT00033,min,AGGGGGG,RBD_v3_127075",65.9889701754386,13.992502311772,68.46095,12.6236842105263,5.83101719494233,13.425,12.4815789473684,5.96732349527424,13.1,12.7657894736842,5.78461231516014,13.65,3.62512975512889,0.804397268357212,3.60329961776733,0.17140350877193,0.242055640473269,0.06,35.9649122807018,0.13,0,0.37,0.36,0.43,3.34,3.16,0.37,0.37,-6.69999980926514,0.949021239177807,0.333333333333333,0.285714285714286,0.4,0,IGF2BP2
"RNCMPT00033,min,AGGGGGG,RBD_v3_166168",63.1361212643678,14.0061447760632,67.9186,14.3818965517241,7.16602068456855,15.475,14.1022988505747,7.45857890680363,14.35,14.6614942528736,6.96542742817641,15.65,3.63303841068142,1.00599876775304,3.78621220588684,0.167873563218391,0.255251357680297,0.03,23.5632183908046,0.17,0,0.36,0.42,0.46,3.78,4.51,0.36,0.36,-8.27999973297119,0.861061533652559,0.523809523809524,-0.666666666666667,0.461538461538462,0,IGF2BP2
"RNCMPT00033,min,GGGGGGC,RBD_v3_202620",65.26354,15.5033530725563,59.95515,14.3276923076923,8.21035709488459,15.775,13.8830769230769,8.25517585782698,14.25,14.7723076923077,8.31966024373942,17.7,3.68960406871942,0.758665483934147,3.76700174808502,0.160692307692308,0.257276096563304,0.04,4.61538461538462,0.14,0,0.44,0.37,0.5,1.6,1.64,0.44,0.44,-4.82000017166138,0.894131551764662,0.68421052631579,-0.125,0.457142857142857,0,IGF2BP2
"RNCMPT00034,max,AGAUAAA,RBD_v3_058877",77.4720132075472,11.5953430968252,82.2097,6.45094339622642,4.15611794834802,4.95,5.79622641509434,4.81236237622003,4.1,7.10566037735849,3.86768739759501,6,3.68792631941022,0.762665286198895,3.68322443962097,0.31,0.297838366077462,0.18,69.811320754717,0.18,0,0.55,0.66,0.66,1.84,2.82,0.55,0.55,-5,0.9795363654177,0.176470588235294,0.238095238095238,0.552631578947368,1,KHDRBS3
"RNCMPT00034,max,AGAUAAA,RBD_v3_213884",83.8776758064516,10.8988666935978,87.833,3.91209677419355,3.39315469882429,2.3,4.31774193548387,4.520827002305,2.25,3.50645161290323,2.60742137348987,2.5,3.82626594266584,0.837294163941711,3.93148279190063,0.407258064516129,0.392495878039706,0.205,70.9677419354839,0.16,0,0.75,0.73,0.83,1.3,1.33,0.75,0.75,-3.24000000953674,0.948924692132234,0.066666666666667,0.391304347826087,0.605263157894737,1,KHDRBS3
"RNCMPT00034,max,AGAUAAA,RBD_v3_240203",65.4551816326531,7.28523930208294,68.3325,15.5183673469388,3.68155161296315,14.05,14.4836734693878,4.40238320585072,13.1,16.5530612244898,3.19857403390013,15.7,3.92526353621969,0.76447621658105,4.01888418197632,0.13734693877551,0.125079566513414,0.1,75.5102040816327,0.17,0,0.26,0.61,0.42,8.57,10.82,0.26,0.26,-3.03999996185303,0.949021239177807,-0.125,0.473684210526316,0.542857142857143,1,KHDRBS3
"RNCMPT00034,min,CCCCCCC,RBD_v3_072654",78.294384,7.46594579238563,80.7223,7.903,3.58553514065864,6.65,7.122,3.13858735934575,5.95,8.684,4.10601152120216,7.45,3.81358464002609,0.773424478939099,3.88158893585205,0.2844,0.206042991353053,0.245,4,0.18,0,0.46,0.63,0.58,3.72,4.26,0.46,0.46,-5.96999979019165,0.984029002132122,-0.238095238095238,-0.058823529411765,0.447368421052632,0,KHDRBS3
"RNCMPT00034,min,CCCCCCC,RBD_v3_081256",72.0795155844156,6.69778745311631,74.0034,10.3577922077922,3.75910355473238,11.9,10.3012987012987,3.17322239946173,11,10.4142857142857,4.72798817473681,12.2,3.41571876832417,0.984425648250138,3.55375218391418,0.231948051948052,0.261267351279947,0.11,1.2987012987013,0.17,0,0.54,0.65,0.65,4,2.84,0.54,0.54,-4.09000015258789,0.994985417684099,-0.1,0.111111111111111,0.473684210526316,0,KHDRBS3
"RNCMPT00034,min,CCCCCCC,RBD_v3_103200",74.2694693548387,7.51346112371455,74.73275,15.0137096774194,6.01432831071643,11.65,14.6225806451613,6.20239032068372,11.4,15.4048387096774,6.01700942600021,12.65,3.47993321764854,0.957380462642862,3.62247955799103,0.20758064516129,0.246727336620089,0.075,9.67741935483871,0.18,0,0.4,0.62,0.54,6.53,5.38,0.4,0.4,-6.3600001335144,0.994985417684099,-0.047619047619048,0.058823529411765,0.447368421052632,0,KHDRBS3
"RNCMPT00035,max,CGUCGCG,RBD_v3_043484",71.5332708333333,8.72639331126904,73.84385,7.32083333333333,2.78364970385264,6.175,6.86458333333333,2.29035810480085,5.95,7.77708333333333,3.4402028381152,7.15,3.36397676169872,0.919143176025628,3.40705835819244,0.364791666666667,0.28897463323358,0.325,0,0.12,0,0.42,0.49,0.49,3.57,3.03,0.42,0.42,-2.97000002861023,0.953122975909535,-0.363636363636364,-0.25,0.421052631578947,1,LARK
"RNCMPT00035,max,UCGCGCG,RBD_v3_157981",70.2044818181818,8.5496065298216,70.2177,7.29747474747475,3.61081407052576,8.95,7.23939393939394,3.75026034965134,9.1,7.35555555555556,3.75750194433456,8.3,3.48217426406013,0.956620065037069,3.40551424026489,0.283737373737374,0.308808063559815,0.12,0,0.11,0,0.53,0.54,0.59,1.47,1.6,0.53,0.53,-5.25,0.950885655964214,-0.25,-0.333333333333333,0.384615384615385,1,LARK
"RNCMPT00035,max,UCGCGCG,RBD_v3_228493",56.3467735632184,14.3710921290694,59.639,17.2028735632184,4.78556669824617,16.45,17.1942528735632,4.93403830835703,15.4,17.2114942528736,4.94352819320974,16.9,3.56899491671858,0.852733210869316,3.55403995513916,0.05264367816092,0.071046328974356,0.02,21.8390804597701,0.06,0,0.27,0.47,0.35,9.74,9.08,0.27,0.27,-5.5,0.962298943521553,-0.3,-0.333333333333333,0.473684210526316,1,LARK
"RNCMPT00035,min,AGGGUGG,RBD_v3_162024",56.0945,10.3584524644097,56.0387,19.1867088607595,1.06919898308654,19,19.0443037974684,1.77920659611301,19.1,19.3291139240506,1.6696500400041,19.7,3.55622568764264,0.96439949636864,3.57553195953369,0.085316455696203,0.12943501926804,0.02,45.5696202531646,0.12,0,0.2,0.46,0.31,13.77,13.94,0.2,0.2,-3.66000008583069,0.867838621753482,0.727272727272727,0,0.421052631578947,0,LARK
"RNCMPT00035,min,AGGGUGG,RBD_v3_176149",59.3585261904762,11.2477104349062,58.26515,17.297619047619,5.4340509682387,15.85,17.6583333333333,5.69267566482578,14.95,16.9369047619048,5.37062020519146,17.2,3.43981058398883,0.930477221946306,3.39360797405243,0.22547619047619,0.247797064083587,0.1,0,0.12,0,0.31,0.46,0.4,8.96,7.32,0.31,0.31,-5.73999977111816,0.968368772952233,0.333333333333333,0.176470588235294,0.447368421052632,0,LARK
"RNCMPT00035,min,GCGAGGG,RBD_v3_050392",61.2053222222222,12.1860159733427,62.9364,10.65,6.63822803378819,9.35,10.0737373737374,6.80006881505675,7.1,11.2262626262626,6.63302784092506,11.7,3.52847147589982,0.939413462884801,3.49940633773804,0.198383838383838,0.3217322599353,0.01,6.06060606060606,0.1,0,0.43,0.52,0.5,2.03,2.9,0.43,0.43,-5.90999984741211,0.866850386902503,0.36,0.692307692307692,0.342105263157895,0,LARK
"RNCMPT00036,max,AACGGAG,RBD_v3_019641",63.5373147540984,11.2596955030444,67.8789,14.5311475409836,3.05878739500948,13.85,15.216393442623,2.98692597430139,14.5,13.8459016393443,3.54746734871005,13.6,3.66016733255543,0.833550362451469,3.66646075248718,0.09655737704918,0.11209943868283,0.05,4.91803278688525,0.32,0,0.36,0.6,0.56,8.32,7.13,0.36,0.36,-4.51999998092651,0.951604231569008,0,0.473684210526316,0.542857142857143,1,LIN28A
"RNCMPT00036,max,AGGAGAA,RBD_v3_111459",53.5866432835821,9.57992994834614,57.963,21.5694029850746,2.02757421909294,21.8,21.5567164179104,2.37277639962243,22,21.5820895522388,2.07239616643314,21.7,3.60792037444328,0.909635665486566,3.76178431510925,0.053283582089552,0.064394335806373,0.03,10.4477611940299,0.32,0,0.14,0.54,0.38,15.88,16.67,0.14,0.14,-4.09999990463257,0.959719404281602,0.25,0.368421052631579,0.542857142857143,1,LIN28A
"RNCMPT00036,max,AGGAGAA,RBD_v3_117012",54.1045647887324,12.9435958238825,60.1834,22.1704225352113,1.1619742271788,22.05,23.5661971830986,1.07795357201529,23.6,20.7746478873239,1.70551360591458,20.8,3.4855870554145,0.987780541312753,3.62561440467834,0.086760563380282,0.088410966480204,0.05,56.3380281690141,0.32,0,0.18,0.58,0.42,20.24,15.05,0.18,0.18,-3.90000009536743,0.931107089101555,0.466666666666667,0.304347826086957,0.605263157894737,1,LIN28A
"RNCMPT00036,min,GGGGGGC,RBD_v3_030565",71.9730892857143,11.7450692948098,76.22855,7.47321428571429,2.80261183842556,6.25,8.10535714285714,3.30219869689367,6.85,6.84107142857143,2.48682176030621,6,3.55511766885008,0.783759612797507,3.6433846950531,0.184107142857143,0.166643623948225,0.135,0,0.32,0,0.49,0.62,0.68,4.21,3.64,0.49,0.49,-5.5,0.943824487357175,0.454545454545455,-0.125,0.421052631578947,0,LIN28A
"RNCMPT00036,min,GGGGGGC,RBD_v3_063164",60.8454962962963,14.6348683704102,64.51425,15.3046296296296,5.03907625293358,14.525,15.6,4.71533027715361,14.75,15.0092592592593,5.62062470571197,13.35,3.49890423262561,0.868212158763401,3.61887085437775,0.10462962962963,0.116046720632991,0.045,5.55555555555556,0.32,0,0.4,0.6,0.6,8.16,5.4,0.4,0.4,-6.15000009536743,0.99900044193615,0,0,0.526315789473684,0,LIN28A
"RNCMPT00036,min,GGGGGGG,RBD_v3_097241",66.5437733333333,18.3179987695613,78.18175,10.5608333333333,5.5625952032734,7.125,10.5083333333333,5.53250155411887,7.9,10.6133333333333,5.68323334405142,7.15,3.28709964156151,0.95009525323629,3.1134831905365,0.21,0.223917357636355,0.1,55,0.32,0,0.47,0.62,0.66,4.56,4.81,0.47,0.47,-6.73000001907349,0.90381624798073,0.545454545454545,0.076923076923077,0.371428571428571,0,LIN28A
"RNCMPT00037,max,AUCUUGU,RBD_v3_179722",68.9212614457832,8.16234026985733,68.8566,8.12530120481928,4.38029382502306,9.3,7.66144578313253,4.26528331845129,8.8,8.58915662650602,4.56054158230681,10,3.34674059096948,1.0066639461597,3.39219117164612,0.258433734939759,0.298318384214366,0.1,12.0481927710843,0.27,0,0.57,0.47,0.69,2.21,2.68,0.57,0.57,-5,0.991355861529484,-0.058823529411765,-0.142857142857143,0.552631578947368,1,MATR3
"RNCMPT00037,max,CAAUCUU,RBD_v3_145925",76.577067032967,5.01323864943954,77.1655,5.67637362637363,1.87846480846196,5.5,5.73076923076923,1.94494743189129,5.2,5.62197802197802,1.97528069441632,5.6,3.42876548557491,0.95205371881381,3.33961796760559,0.255714285714286,0.216928779183619,0.18,43.956043956044,0.27,0,0.61,0.62,0.75,3.21,2.87,0.61,0.61,-6.94000005722046,0.994985417684099,0.052631578947368,0.157894736842105,0.5,1,MATR3
"RNCMPT00037,max,CAUCUUG,RBD_v3_187060",69.0641823529412,12.6792275762889,65.58625,10.4860294117647,5.92102152836996,7.925,10.0205882352941,5.55379549721937,8.55,10.9514705882353,6.45876686735814,8.2,3.32666490884388,1.03204425459186,3.30526411533356,0.207205882352941,0.234468885936587,0.095,8.82352941176471,0.28,0,0.36,0.39,0.5,3.61,3.18,0.36,0.36,-4.34999990463257,0.97042113639059,0.142857142857143,0.083333333333333,0.631578947368421,1,MATR3
"RNCMPT00037,min,AGGGGGG,RBD_v3_022887",82.4429678571429,4.13992410053865,82.84695,3.04285714285714,2.91607501729525,2.525,2.8125,2.95056620144184,2.2,3.27321428571429,2.97721597051086,2.5,3.60463858076504,0.768423280514294,3.62406396865845,0.375714285714286,0.397921221727742,0.12,67.8571428571429,0.28,0,0.53,0.44,0.66,1.37,1.64,0.53,0.53,-2.5,0.832426548990259,0.777777777777778,0.166666666666667,0.4,0,MATR3
"RNCMPT00037,min,AGGGGGG,RBD_v3_040386",61.2589883495146,8.5091961171003,60.5223,13.0771844660194,4.21288742152256,13.8,13.4757281553398,4.19227735432331,13.4,12.678640776699,4.47011098878389,13.1,3.57037850259577,0.922776998355321,3.65977168083191,0.053203883495146,0.06092769086534,0.03,31.0679611650485,0.25,0,0.35,0.44,0.49,6.5,5.01,0.35,0.35,-5.05000019073486,0.90422705362151,0.363636363636364,0.538461538461538,0.371428571428571,0,MATR3
"RNCMPT00037,min,AGGGGGG,RBD_v3_204569",63.16621,12.9710029315402,64.12185,11.820625,6.7396742106121,12.15,11.7425,6.85720124108659,11,11.89875,6.69801583599505,12.4,3.51955336928368,1.01012079183997,3.69768154621124,0.186375,0.227986473893696,0.075,0,0.28,0,0.36,0.42,0.51,3.25,3.36,0.36,0.36,-3.1800000667572,0.9457129758338,0.529411764705882,-0.111111111111111,0.514285714285714,0,MATR3
"RNCMPT00038,max,AGCUUGC,RBD_v3_000447",60.6847603773585,6.45984259257916,62.3733,23.3811320754717,2.02648868392269,23.7,21.6301886792453,2.41195618866165,21.4,25.1320754716981,1.85770470296688,25.5,3.51006902501268,1.29220414089269,4.01617527008057,0.017735849056604,0.028665277134672,0.01,45.2830188679245,0.54,0,0.25,0.31,0.53,13.53,20.36,0.25,0.25,-5.1399998664856,0.986244883437476,0.176470588235294,-0.076923076923077,0.433333333333333,1,MBNL1
"RNCMPT00038,max,AGCUUGC,RBD_v3_109662",60.6847603773585,6.45984259257916,62.3733,23.3811320754717,2.02648868392269,23.7,21.6301886792453,2.41195618866165,21.4,25.1320754716981,1.85770470296688,25.5,3.51006902501268,1.29220414089269,4.01617527008057,0.017735849056604,0.028665277134672,0.01,45.2830188679245,0.54,0,0.25,0.31,0.53,13.53,20.36,0.25,0.25,-5.1399998664856,0.986244883437476,0.176470588235294,-0.076923076923077,0.433333333333333,1,MBNL1
"RNCMPT00038,max,GCUUGCU,RBD_v3_053484",63.5078731343284,8.81126686740683,66.7578,22.8888059701493,1.31704504235815,22.8,21.8522388059701,1.45522654791067,21.6,23.9253731343284,1.91393164150609,23.9,3.35894307627607,1.00799199156374,3.44133567810059,0.160597014925373,0.150955347572225,0.11,7.46268656716418,0.54,0,0.23,0.3,0.51,16.3,17.61,0.23,0.23,-4.86999988555908,0.992445111258051,0.157894736842105,0,0.457142857142857,1,MBNL1
"RNCMPT00038,min,AGGUGUG,RBD_v3_016500",55.2988378640777,5.48757615312055,56.3355,23.9072815533981,1.69610869181792,24.25,23.9330097087379,1.7993674460174,23.6,23.8815533980583,1.84973488152346,24.1,3.41391434571118,1.12041747979644,3.51086044311523,0.042912621359223,0.074341963817467,0.01,15.5339805825243,0.52,0,0.17,0.31,0.46,19.62,19,0.17,0.17,-6.09999990463257,0.962298943521553,0.368421052631579,0.263157894736842,0.5,0,MBNL1
"RNCMPT00038,min,AGGUGUG,RBD_v3_150384",71.1366194805195,7.51229336834735,71.9526,10.925974025974,5.88712695985247,8.35,10.3532467532468,5.10326480679885,8.4,11.4987012987013,6.85531859420294,8.2,3.55238814477797,1.00513976053182,3.64973759651184,0.177532467532468,0.204374242919286,0.07,5.1948051948052,0.53,0,0.5,0.34,0.73,4.25,5.11,0.5,0.5,-4.94999980926514,0.990492780969678,0.222222222222222,0,0.526315789473684,0,MBNL1
"RNCMPT00038,min,AGUGGUG,RBD_v3_024885",60.4105430232558,6.36193076702054,60.45305,23.5982558139535,2.29369272872138,24.075,23.4127906976744,2.4532234022933,23.55,23.7837209302326,2.30262563507868,24.25,3.4023470393447,1.07987068468764,3.54210293292999,0.048488372093023,0.073011158564741,0.01,2.32558139534884,0.53,0,0.15,0.31,0.44,17.91,17.83,0.15,0.15,-5.32000017166138,0.909104773482882,0.5,-0.304347826086957,0.657142857142857,0,MBNL1
"RNCMPT00039,max,UAAUAUU,RBD_v3_034143",49.9424043478261,5.77774199558411,51.17445,20.7739130434783,2.46479070850143,20.3,19.9239130434783,3.03609286804301,19.65,21.6239130434783,2.20405533128858,21.05,3.5369183835776,0.952694581089486,3.63535273075104,0.046086956521739,0.046450846702943,0.04,26.0869565217391,0.79,0,0.15,0.21,0.56,15.87,18.19,0.15,0.15,-3.52999997138977,0.967761204891595,0.2,0.217391304347826,0.605263157894737,1,MEX-5
"RNCMPT00039,max,UAAUAUU,RBD_v3_045196",54.5944978723404,5.79620798110392,56.0599,17.681914893617,3.22040750749631,17.5,16.068085106383,3.61104022005575,15.2,19.2957446808511,3.21057745360066,19.8,3.43960139599252,1.06073928729286,3.7251341342926,0.12468085106383,0.151870240148418,0.04,0,0.77,0,0.19,0.22,0.58,10.72,11.29,0.19,0.19,-3.24000000953674,0.957368817970507,0.333333333333333,0.217391304347826,0.605263157894737,1,MEX-5
"RNCMPT00039,max,UAAUAUU,RBD_v3_048705",53.139887755102,3.95917066871505,52.9034,19.0428571428571,2.24698872568007,18.9,17.8387755102041,2.64526434773309,17.6,20.2469387755102,2.30462415959887,20,3.48696158126909,1.09199485862366,3.36516880989075,0.07734693877551,0.062675603647009,0.06,61.2244897959184,0.8,0,0.16,0.22,0.57,13.64,15.1,0.16,0.16,-3.19000005722046,0.986863224815062,0.176470588235294,0.142857142857143,0.552631578947368,1,MEX-5
"RNCMPT00039,min,CAGUCGA,RBD_v3_018083",61.8538,4.74564278590673,62.0684,12.4986111111111,1.2165810472157,12.275,12.1833333333333,1.28918578955867,11.9,12.8138888888889,1.55014336254569,12.5,3.47679181231393,0.978387064362434,3.68282163143158,0.080555555555556,0.068575066041089,0.07,0,0.78,0,0.28,0.23,0.66,10.06,10.68,0.28,0.28,-4.15999984741211,0.9795363654177,0.111111111111111,0.3,0.526315789473684,0,MEX-5
"RNCMPT00039,min,CAGUCGA,RBD_v3_139246",53.0491869565217,6.05452134999984,53.3239,20.6510869565217,1.46319623998798,20.575,19.1304347826087,1.86986268838916,18.7,22.1717391304348,1.47281484745342,22.45,3.26851217254348,1.09310163402992,3.34475708007812,0.031086956521739,0.047433146444681,0.01,6.52173913043478,0.79,0,0.2,0.21,0.6,16.07,17.71,0.2,0.2,-2.65000009536743,0.959864040722423,-0.263157894736842,0.375,0.457142857142857,0,MEX-5
"RNCMPT00039,min,GUGAGUC,RBD_v3_131385",53.3014948717949,8.52724376306376,54.135,18.7551282051282,2.67731195889388,18.05,17.3769230769231,2.96510064961515,16.2,20.1333333333333,2.56405654479621,19.6,3.32575055574759,0.995250671301917,3.50117421150208,0.144102564102564,0.129487206210497,0.09,0,0.83,0,0.19,0.21,0.61,12.93,15.31,0.19,0.19,-5.88000011444092,0.943824487357175,0.454545454545455,0.125,0.421052631578947,0,MEX-5
"RNCMPT00040,max,AGUAGUU,RBD_v3_101106",79.7331015625,5.68509269222621,79.95225,3.63203125,1.52037399292839,3.175,3.51875,1.69966149757803,3.2,3.7453125,1.48654597924608,3.5,3.47516188863665,0.93100282010593,3.4328590631485,0.3834375,0.295044891660978,0.27,82.8125,0.18,0,0.59,0.65,0.7,1.52,1.86,0.59,0.59,-2.54999995231628,0.98986211886685,0.066666666666667,-0.1,0.571428571428571,1,MSI
"RNCMPT00040,max,AGUAGUU,RBD_v3_234645",76.1507046875,6.43547363322591,76.5835,4.5265625,1.33237968127684,4.35,4.2828125,1.66643376348874,4,4.7703125,1.22379577187938,4.7,3.39192528277636,0.908537874765788,3.32799959182739,0.32,0.243890425565539,0.245,78.125,0.18,0,0.54,0.64,0.65,2.12,3.02,0.54,0.54,-5.98999977111816,0.940829129511555,0.5,-0.222222222222222,0.473684210526316,1,MSI
"RNCMPT00040,max,UAGGUAG,RBD_v3_229896",70.8353238095238,6.5773550624586,69.9333,7.67539682539683,2.38560658776812,7.25,7.42222222222222,3.00636123666213,6.9,7.92857142857143,1.98863128253585,7.8,3.46239249479203,0.900142853331737,3.45355701446533,0.213174603174603,0.225887678317269,0.1,14.2857142857143,0.19,0,0.45,0.63,0.58,3.23,4.55,0.45,0.45,-4.21999979019165,0.9611460538546,0.444444444444444,0.058823529411765,0.485714285714286,1,MSI
"RNCMPT00040,min,CCCCCCC,RBD_v3_153897",62.9095111111111,5.08827752238219,64.15105,12.7203703703704,1.81720079467353,12.3,11.4666666666667,2.26299184167149,11.15,13.9740740740741,1.84382551308723,13.8,3.71524285828626,0.968934983164504,3.77905917167664,0.108703703703704,0.094650225932338,0.08,0,0.2,0,0.22,0.58,0.39,7.5,11.15,0.22,0.22,-4.44999980926514,0.973142269226386,-0.3,-0.222222222222222,0.473684210526316,0,MSI
"RNCMPT00040,min,CCCCCCC,RBD_v3_181436",63.5159022727273,5.98468111312614,65.28785,14.175,2.91151482988687,13.8,12.2681818181818,3.46334780417517,12,16.0818181818182,2.49420469938865,15.6,3.61713803356344,0.83957224134189,3.66732323169708,0.190454545454545,0.131201151183523,0.165,4.54545454545455,0.19,0,0.23,0.56,0.39,7.28,11.21,0.23,0.23,-1.87000000476837,0.933588161157007,-0.555555555555556,0.176470588235294,0.485714285714286,0,MSI
"RNCMPT00040,min,CCCCCCU,RBD_v3_059971",73.0269326923077,6.62414417879467,73.7635,6.31826923076923,2.91034377132152,5.3,5.24230769230769,3.32302402756628,4.15,7.39423076923077,2.71996348458321,6.7,3.76793743096865,0.865433561738839,4.00329256057739,0.258653846153846,0.202145636164156,0.215,5.76923076923077,0.15,0,0.46,0.64,0.57,2.54,4.59,0.46,0.46,-3.28999996185303,0.903687976849985,-0.375,-0.578947368421053,0.542857142857143,0,MSI
"RNCMPT00041,max,UAGGUAG,RBD_v3_152603",67.5523032786885,12.4555152549914,63.6775,14.8393442622951,8.47455561644237,21.3,14.272131147541,8.56854968567301,20.1,15.4065573770492,8.45071730392277,21.3,3.78989316596359,0.791872821484791,3.89200472831726,0.186393442622951,0.255147230613263,0.03,45.9016393442623,0.24,0,0.34,0.43,0.48,4.06,4.85,0.34,0.34,-6.82000017166138,0.982030026212328,0.25,0.157894736842105,0.542857142857143,1,MSI1
"RNCMPT00041,max,UAGGUAG,RBD_v3_241293",67.5523032786885,12.4555152549914,63.6775,14.8393442622951,8.47455561644237,21.3,14.272131147541,8.56854968567301,20.1,15.4065573770492,8.45071730392277,21.3,3.78989316596359,0.791872821484791,3.89200472831726,0.186393442622951,0.255147230613263,0.03,45.9016393442623,0.24,0,0.34,0.43,0.48,4.06,4.85,0.34,0.34,-6.82000017166138,0.982030026212328,0.25,0.157894736842105,0.542857142857143,1,MSI1
"RNCMPT00041,max,UAGUUAG,RBD_v3_043887",69.6452844660194,12.3434985184133,70.4145,9.42281553398058,3.94133311215036,8.45,9.69805825242718,4.3594607640666,9.2,9.14757281553398,3.72000012281768,8.6,3.61683110531094,0.875005494170002,3.61599850654602,0.195922330097087,0.211976861913451,0.11,44.6601941747573,0.23,0,0.37,0.46,0.5,4.51,3.82,0.37,0.37,-4.5,0.9795363654177,-0.066666666666667,0.130434782608696,0.605263157894737,1,MSI1
"RNCMPT00041,min,GUCGUCU,RBD_v3_154646",80.426480952381,6.25622210058303,83.0173,3.76666666666667,1.55150071593432,3.35,3.47857142857143,2.218605991057,2.7,4.05476190476191,1.14470198080322,3.8,3.22766835065115,0.900744614026891,3.25091290473938,0.318571428571429,0.290890738255427,0.19,0,0.23,0,0.37,0.44,0.5,1.82,2.61,0.37,0.37,-5.42000007629395,0.99900044193615,0,0,0.473684210526316,0,MSI1
"RNCMPT00041,min,UCGUCUU,RBD_v3_023327",64.7106912087912,8.35927524643732,66.2412,13.7972527472527,2.00764320974402,13.7,13.5285714285714,2.10176041103567,13.4,14.0659340659341,2.23035721006598,13.9,3.67616800685505,0.846516283740412,3.77688241004944,0.080549450549451,0.117240139479831,0.04,0,0.25,0,0.22,0.44,0.39,9.11,9.7,0.22,0.22,-1.25999999046326,0.873232899252036,0.6,-0.4,0.666666666666667,0,MSI1
"RNCMPT00041,min,UCGUCUU,RBD_v3_191229",63.669252,6.88383790340589,65.9497,13.912,3.11162641056392,14.15,13.108,3.31665575624082,13.6,14.716,3.06700135267288,14.7,3.47785395781199,0.862530035378792,3.49702024459839,0.074666666666667,0.09255142227846,0.03,33.3333333333333,0.23,0,0.25,0.43,0.4,7.18,9.83,0.25,0.25,-4.03999996185303,0.945053740070628,-0.111111111111111,-0.5,0.4,0,MSI1
"RNCMPT00042,max,AGAAAAA,RBD_v3_078881",70.8396611111111,5.3655888164749,72.67945,7.84791666666667,1.8282108066416,7.4,7.06388888888889,1.87152912968382,6.75,8.63194444444444,1.90852988101556,8.05,3.55609335170852,0.911453301216073,3.75529205799103,0.2175,0.160498782409492,0.17,58.3333333333333,0.24,0,0.39,0.55,0.55,3.84,6.13,0.39,0.39,-4.71000003814697,0.90647263812994,0.5,0.454545454545455,0.578947368421053,1,Nab2p
"RNCMPT00042,max,GAAAAAA,RBD_v3_145240",55.6520879310345,2.89618518108864,55.57565,17.2198275862069,1.72074148969646,17.425,17.4336206896552,2.08839209901311,18.05,17.0060344827586,1.83432436528043,16.7,3.58045697726052,0.805709026893312,3.66372394561768,0.046637931034483,0.041050212423689,0.03,19.8275862068966,0.25,0,0.13,0.5,0.33,11.98,13.4,0.13,0.13,-3.01999998092651,0.936610717806957,0.25,0.454545454545455,0.578947368421053,1,Nab2p
"RNCMPT00042,max,GAAAAAA,RBD_v3_203948",81.9127,3.65407322909129,82.03535,3.30743243243243,0.808968666631324,3.175,3.08783783783784,0.723566642177466,2.95,3.52702702702703,0.967173157747749,3.5,3.61208462876243,0.968636826003346,3.8092235326767,0.372972972972973,0.257350726674333,0.35,52.7027027027027,0.16,0,0.61,0.66,0.7,1.87,2.15,0.61,0.61,-3.02999997138977,0.889357990482426,0.142857142857143,0.583333333333333,0.631578947368421,1,Nab2p
"RNCMPT00042,min,AGGGGGG,RBD_v3_044820",55.1344686567164,2.76475588577764,55.1033,18.4059701492537,1.75496098523628,18.3,19.065671641791,1.63739929033874,18.9,17.7462686567164,2.19857587226912,18,3.34432844083701,0.943276593904005,3.32052731513977,0.045970149253731,0.04101218228078,0.03,1.49253731343284,0.16,0,0.17,0.52,0.32,15.1,13.56,0.17,0.17,-5.98000001907349,0.990492780969678,0.047619047619048,0.176470588235294,0.447368421052632,0,Nab2p
"RNCMPT00042,min,AGGGGGG,RBD_v3_091465",62.3141616438356,4.47067593856623,62.551,13.1541095890411,1.89391850963994,12.6,12.6164383561644,2.31012347545357,12.2,13.6917808219178,1.76389353299404,13.3,3.45995456796803,0.985967876315764,3.456538438797,0.101506849315068,0.060660055337482,0.09,0,0.15,0,0.22,0.53,0.36,8.72,11.14,0.22,0.22,-6.80000019073486,0.899507835327561,0.636363636363636,0,0.421052631578947,0,Nab2p
"RNCMPT00042,min,AGGGGGG,RBD_v3_134069",59.8918148648649,3.31540310054314,59.92025,19.1358108108108,2.00739250672257,19.225,19.7067567567568,2.2626406612496,19.5,18.5648648648649,2.06805000021908,18.8,3.46350032010594,0.953321440858086,3.55974888801575,0.055945945945946,0.04765512288059,0.04,31.0810810810811,0.17,0,0.16,0.56,0.33,15.41,13.49,0.16,0.16,-0.239999994635582,0.889642209207132,0.571428571428571,-0.5,0.533333333333333,0,Nab2p
"RNCMPT00043,max,AAAAACA,RBD_v3_134704",75.0134928571429,8.82843842098663,76.72815,8.98131868131868,4.22719195715459,8.05,8.70659340659341,4.15641160038073,8.35,9.25604395604396,4.49043695449074,7.75,3.49169525274864,0.914734269877116,3.46554160118103,0.157857142857143,0.176131923901393,0.06,21.978021978022,0.1,0,0.54,0.57,0.6,3.14,3.17,0.54,0.54,-4.78999996185303,0.922946411418153,0.166666666666667,0.307692307692308,0.68421052631579,1,PABPC4
"RNCMPT00043,max,AAAAACA,RBD_v3_225575",65.2005064935065,7.71818971598805,64.59825,16.336038961039,4.30725371140589,14.95,15.8285714285714,4.45554239981666,15.45,16.8435064935065,4.34115320549187,15.35,3.42071800959575,0.922494246726735,3.50284028053284,0.085194805194805,0.10881549281286,0.03,20.7792207792208,0.1,0,0.33,0.52,0.41,8.15,8.48,0.33,0.33,-4.09000015258789,0.922946411418153,0.125,0.545454545454545,0.578947368421053,1,PABPC4
"RNCMPT00043,max,AAAAACA,RBD_v3_238142",75.0134928571429,8.82843842098663,76.72815,8.98131868131868,4.22719195715459,8.05,8.70659340659341,4.15641160038073,8.35,9.25604395604396,4.49043695449074,7.75,3.49169525274864,0.914734269877116,3.46554160118103,0.157857142857143,0.176131923901393,0.06,21.978021978022,0.1,0,0.54,0.57,0.6,3.14,3.17,0.54,0.54,-4.78999996185303,0.922946411418153,0.166666666666667,0.307692307692308,0.68421052631579,1,PABPC4
"RNCMPT00043,min,GUUUGGG,RBD_v3_041678",63.5731866666667,7.23405160666377,64.7434,15.9376666666667,4.74525880181438,14.675,15.584,5.08871735266384,14.05,16.2913333333333,4.58361447988634,15.15,3.50156394322713,0.982461238062323,3.64168751239777,0.051666666666667,0.045663147531742,0.04,25.3333333333333,0.1,0,0.27,0.52,0.37,8.41,6.2,0.27,0.27,-5.90000009536743,0.888645233242761,0.5,-0.578947368421053,0.487179487179487,0,PABPC4
"RNCMPT00043,min,UGUUUGG,RBD_v3_106110",69.7084,7.46709891198155,70.8243,11.9983660130719,3.32281991401017,11.9,11.2248366013072,2.87038602405192,10.5,12.7718954248366,4.07925524543551,12.9,3.50171088549047,0.912409792371698,3.59433078765869,0.123660130718954,0.139707173241913,0.05,20.9150326797386,0.1,0,0.38,0.54,0.46,6.03,5.18,0.38,0.38,-5.75,0.970672678000034,0.222222222222222,-0.166666666666667,0.4,0,PABPC4
"RNCMPT00043,min,UGUUUGG,RBD_v3_184459",65.0835404624278,10.596675775339,67.7065,16.4361271676301,4.50254882932751,14.85,16.6364161849711,4.17591417232446,15.3,16.235838150289,5.01652953991254,14.9,3.44952903799928,0.983985442435788,3.58542585372925,0.079942196531792,0.104093524081051,0.04,32.3699421965318,0.1,0,0.36,0.53,0.44,8.7,7.95,0.36,0.36,-6.67000007629395,0.865734969249999,0.6,-0.578947368421053,0.487179487179487,0,PABPC4
"RNCMPT00044,max,CCCCCCC,RBD_v3_095560",72.4873074074074,7.58395896092973,72.9425,8.27777777777778,3.28401205882259,6.35,7.87037037037037,3.04591834314917,6.2,8.68518518518519,3.67351762498656,6.9,3.48156060223226,0.921091105783608,3.49221706390381,0.26787037037037,0.269676340885711,0.135,28.7037037037037,0.13,0,0.61,0.59,0.68,3.95,4.11,0.61,0.61,-4.69000005722046,0.885447218023071,-0.130434782608696,0.142857142857143,0.233333333333333,1,PCBP2
"RNCMPT00044,max,CCUUCCC,RBD_v3_003952",66.1978185714286,9.53389154474926,63.8404,11.3457142857143,6.51573759745767,15.1,10.7271428571429,6.2388200628322,13.85,11.9642857142857,6.89828871268528,15.5,3.83247381278447,0.648524933888708,3.79285860061645,0.188571428571429,0.242363278142817,0.09,52.8571428571429,0.13,0,0.34,0.51,0.44,3.09,2.88,0.34,0.34,-2.33999991416931,0.947927637120239,-0.529411764705882,0.047619047619048,0.552631578947368,1,PCBP2
"RNCMPT00044,max,CCUUUCC,RBD_v3_066099",65.7742933333333,6.15865494228473,66.301,12.7433333333333,2.9954618453031,13.75,12.5142857142857,3.2224998827782,13.5,12.972380952381,3.02853402077941,13.7,3.67754618553888,0.765736995053636,3.70822906494141,0.13952380952381,0.132224902754454,0.09,27.6190476190476,0.14,0,0.35,0.54,0.46,5.49,6.31,0.35,0.35,-5.65000009536743,0.96214231424466,-0.1,-0.444444444444444,0.473684210526316,1,PCBP2
"RNCMPT00044,min,GGGCGGG,RBD_v3_023026",60.7218341666667,6.98645865449783,59.7759,17.1333333333333,4.96028908301874,19.15,16.285,5.22258588836455,17.9,17.9816666666667,4.81244855187312,20.2,3.58885676860809,0.89823043348876,3.72255063056946,0.119166666666667,0.166079779013578,0.03,32.5,0.16,0,0.33,0.53,0.45,6.28,8.1,0.33,0.33,-4.09999990463257,0.916131448512134,0.5,0.428571428571429,0.466666666666667,0,PCBP2
"RNCMPT00044,min,GGGCGGG,RBD_v3_078608",58.8159171171171,7.85042157296344,57.2776,18.3630630630631,2.77109029831968,18.55,18.4855855855856,2.75373620070316,17.7,18.2405405405405,3.19804992792848,18.6,3.7636486528156,0.846195027083,3.86100888252258,0.096306306306306,0.122985053991627,0.05,27.9279279279279,0.16,0,0.27,0.52,0.4,12.13,9.66,0.27,0.27,-6.03000020980835,0.944298080965623,0.142857142857143,0.529411764705882,0.447368421052632,0,PCBP2
"RNCMPT00044,min,GGGCGGG,RBD_v3_214839",71.3371369863014,8.55476993033561,70.5804,9.16780821917808,2.57515331074101,9.45,8.42876712328767,1.89820671600379,8.4,9.90684931506849,3.61252946036135,10.3,3.69414190723471,0.746633775683868,3.63967728614807,0.294109589041096,0.278955570020859,0.2,8.21917808219178,0.16,0,0.43,0.56,0.54,4.63,4.11,0.43,0.43,-3.5,0.994221288054791,0.176470588235294,0,0.514285714285714,0,PCBP2
"RNCMPT00045,max,GCGCGCG,RBD_v3_037870",78.4506604651163,10.0417662605724,81.1028,5.26860465116279,3.77553249564775,3.95,5.56046511627907,4.49804928803183,3.4,4.97674418604651,3.58879454554645,3.9,3.63883909236553,0.836598097074439,3.71280360221863,0.354418604651163,0.311442896436672,0.27,13.953488372093,0.41,0,0.49,0.56,0.71,1.79,1.95,0.49,0.49,-3.8199999332428,0.9380060247158,-0.304347826086957,-0.166666666666667,0.342857142857143,1,PPRC1
"RNCMPT00045,max,GCGCGCG,RBD_v3_162833",66.3295533333333,13.30728941062,70.1439,11.0333333333333,3.9405958248145,10.4,11.3955555555556,4.06279995007673,11.5,10.6711111111111,4.20673822154962,9.4,3.41630074448056,0.883979225675244,3.42064785957336,0.175111111111111,0.138738180859786,0.11,2.22222222222222,0.42,0,0.4,0.54,0.64,4.35,4.45,0.4,0.4,-6.03999996185303,0.871201335151849,0.130434782608696,0.428571428571429,0.233333333333333,1,PPRC1
"RNCMPT00045,max,UGCGCGC,RBD_v3_235837",74.3810323529412,10.8630981241842,75.72745,5.20955882352941,2.91770531069713,4.25,5.79852941176471,3.7047163424784,4.7,4.62058823529412,2.25087437892706,3.8,3.54336806079921,0.97473322056615,3.74177038669586,0.270294117647059,0.257090323800308,0.21,8.82352941176471,0.43,0,0.51,0.59,0.74,1.61,1.56,0.51,0.51,-5.80999994277954,0.99900044193615,0.052631578947368,0.052631578947368,0.5,1,PPRC1
"RNCMPT00045,min,GGGGGGG,RBD_v3_162504",73.1647262295082,9.66869001150796,76.089,10.9975409836066,3.12912962112348,10.4,11.7590163934426,3.43183027208419,11.9,10.2360655737705,3.61967000277121,9.6,3.56173118997793,0.916664012298451,3.56559300422668,0.20327868852459,0.211121776166232,0.12,8.19672131147541,0.4,0,0.39,0.54,0.62,5.41,5.26,0.39,0.39,-4.46999979019165,0.944007746882425,0.428571428571429,0.294117647058823,0.447368421052632,0,PPRC1
"RNCMPT00045,min,GGGGGGG,RBD_v3_223121",76.7912685714286,9.87941370922894,81.3127,5.81571428571429,3.31189414944724,4.75,6.65714285714286,4.16732991920032,4.7,4.97428571428571,2.63821941480845,4.4,3.43139086110251,0.931456217908999,3.48191404342651,0.269142857142857,0.233331012393419,0.17,2.85714285714286,0.4,0,0.42,0.52,0.64,3.02,2.3,0.42,0.42,-3.78999996185303,0.9080733740971,0.565217391304348,0.333333333333333,0.439024390243902,0,PPRC1
"RNCMPT00045,min,GGGGGGG,RBD_v3_224570",70.3784772727273,9.03117070463269,71.90095,10.4193181818182,4.40193160440894,9.175,12.0045454545455,4.31255358149144,11.15,8.83409090909091,4.92459150386257,7.2,3.34365951743993,1.02793569481199,3.46375870704651,0.262727272727273,0.22660655008456,0.2,6.81818181818182,0.39,0,0.4,0.49,0.61,5.55,3.45,0.4,0.4,-3.67000007629394,0.84727116198025,0.478260869565217,0.666666666666667,0.342857142857143,0,PPRC1
"RNCMPT00047,max,ACUAACA,RBD_v3_101765",87.8120024691358,10.2954611800902,91.7751,3.42839506172839,4.22010025259772,1.5,3.4037037037037,4.63636291839963,1.3,3.45308641975309,3.92957015523814,1.6,3.69979906965185,0.653484342282111,3.63021039962769,0.511604938271605,0.423120717969835,0.47,77.7777777777778,0.45,0,0.64,0.6,0.86,0.98,0.98,0.64,0.64,-0.280000001192093,0.93550956043942,-0.5,0.272727272727273,0.578947368421053,1,QKI
"RNCMPT00047,max,ACUAACA,RBD_v3_136295",85.268688,12.3397653831015,89.388,4.21266666666667,5.89707951844359,1.9,4.132,5.86960010608946,1.7,4.29333333333333,5.94795748120296,1.9,3.6219987154007,0.81569541711393,3.69138741493225,0.324666666666667,0.409324867124936,0.08,65.3333333333333,0.43,0,0.66,0.6,0.87,1.08,1.08,0.66,0.66,-5.59000015258789,0.997098982459257,0,0.1,0.526315789473684,1,QKI
"RNCMPT00047,max,UACUAAC,RBD_v3_135151",63.7870705882353,13.6707797339125,68.7032,12.1382352941176,4.80645646032546,10.375,11.6235294117647,4.35993008457769,10.25,12.6529411764706,5.36857830448747,10.6,3.62833712381475,0.969273932515143,3.67746961116791,0.090441176470588,0.099272485306321,0.065,29.4117647058824,0.46,0,0.29,0.55,0.57,6.9,7,0.29,0.29,-4.21000003814697,0.996886877160992,-0.111111111111111,0,0.526315789473684,1,QKI
"RNCMPT00047,min,GGCGGGC,RBD_v3_105764",68.6534742424242,12.3570268353779,73.74465,9.48560606060606,4.32676611473916,7.375,9.15454545454546,4.26055907556316,7.9,9.81666666666667,4.50171192508031,7.7,3.70725001530214,0.726163348137508,3.74515521526337,0.205757575757576,0.184424765615939,0.125,0,0.43,0,0.38,0.55,0.63,4.73,4.85,0.38,0.38,-4.57000017166138,0.99900044193615,0,0,0.526315789473684,0,QKI
"RNCMPT00047,min,GGCGGGC,RBD_v3_156207",86.6740707692308,11.8320229659376,90.2462,3.56769230769231,4.84215240402924,1.7,3.44461538461538,4.89754500902081,1.5,3.69076923076923,4.79976311514834,1.9,3.82233148538149,0.72191379104213,3.90636825561523,0.425384615384615,0.408427154318387,0.29,3.07692307692308,0.44,0,0.55,0.58,0.78,1.02,1.03,0.55,0.55,-6.21999979019165,0.991926560584619,0.111111111111111,0.176470588235294,0.485714285714286,0,QKI
"RNCMPT00047,min,GGCGGGC,RBD_v3_166585",88.7776848484848,11.15920109738,92.68675,2.95909090909091,4.23674320758209,1.4,2.88939393939394,4.41553651371639,1.3,3.02878787878788,4.0968192221439,1.5,3.79994101596601,0.868415154826465,3.78707146644592,0.466818181818182,0.426095543965685,0.33,0,0.43,0,0.62,0.58,0.83,0.99,0.99,0.62,0.62,-4.3899998664856,0.991935556609076,0.2,-0.066666666666667,0.5,0,QKI
"RNCMPT00049,max,AGAGUAG,RBD_v3_019295",71.2577007042254,10.9964941641377,69.056,12.1929577464789,6.0435523099436,12.475,11.1323943661972,5.72427392398787,11.35,13.2535211267606,6.52296175574611,14.3,3.48492185834428,0.89289850412023,3.55517160892487,0.160845070422535,0.231555005360372,0.05,12.6760563380282,0.3,0,0.57,0.41,0.69,1.15,1.49,0.57,0.57,-4.40999984741211,0.958358093480701,0.466666666666667,-0.066666666666667,0.5,1,RBM28
"RNCMPT00049,max,AGAGUAG,RBD_v3_073041",62.2506116591928,7.23977886957288,62.6029,18.2356502242153,4.95024755078398,18.15,17.5520179372197,5.11887365845342,16.7,18.9192825112108,4.97214179981681,19.5,3.42901802250088,1.05354344459408,3.56943941116333,0.059910313901345,0.089276324915632,0.02,5.82959641255605,0.31,0,0.31,0.36,0.47,8.09,6.92,0.31,0.31,-4.71000003814697,0.908467802873953,0.5,0.473684210526316,0.542857142857143,1,RBM28
"RNCMPT00049,max,AGAGUAG,RBD_v3_115591",62.2545572254335,10.5624361197913,60.6583,17.1184971098266,7.74553915476236,20.25,16.5861271676301,7.72306523720685,19.6,17.6508670520231,7.86760075790011,20.2,3.50474430164161,0.937920715823875,3.57089734077454,0.112080924855491,0.200355075313282,0.02,0,0.3,0,0.38,0.36,0.53,3.83,3.69,0.38,0.38,-5.09000015258789,0.968368772952233,0.176470588235294,0.333333333333333,0.552631578947368,1,RBM28
"RNCMPT00049,min,AGGGGGC,RBD_v3_046490",51.9643896713615,9.38638054518084,54.6136,22.3920187793427,3.69971724564985,23.8,22.0661971830986,4.15908678957287,23.1,22.7178403755869,3.40681351601323,23.9,3.43075914324169,1.0777334991588,3.53428292274475,0.031549295774648,0.053039177954477,0.01,13.6150234741784,0.33,0,0.22,0.36,0.41,12.2,14.43,0.22,0.22,-5.23999977111816,0.925823624801245,0.6,0,0.473684210526316,0,RBM28
"RNCMPT00049,min,GGGGGCC,RBD_v3_009932",60.6416923809524,13.8136122013443,57.3087,18.447380952381,7.73514661191172,20.425,18.3595238095238,7.93363198784574,19.95,18.5352380952381,7.65598844264726,21,3.46268508718127,1.03687566144823,3.51074767112732,0.093095238095238,0.174721762341126,0.02,8.0952380952381,0.31,0,0.33,0.38,0.5,2.16,2.37,0.33,0.33,-5.96000003814697,0.990492780969678,0,0.222222222222222,0.473684210526316,0,RBM28
"RNCMPT00049,min,GGGGGGC,RBD_v3_008495",61.5222486187845,11.2482169334107,63.1359,18.6049723756906,3.60416466270609,19.25,18.667955801105,3.59721662743603,19.3,18.5419889502762,3.99460809089919,19.8,3.522358502143,0.981686283145506,3.51391196250916,0.107127071823204,0.16342014831151,0.04,21.5469613259669,0.33,0,0.25,0.37,0.44,10.95,6.94,0.25,0.25,-4.32000017166138,0.900697291641643,0.368421052631579,0.625,0.457142857142857,0,RBM28
"RNCMPT00050,max,AGAUACU,RBD_v3_224582",74.27675,6.53031920729996,76.41345,6.05625,1.9170017822979,5.375,5.915,2.53524388145629,4.9,6.1975,1.90538878191733,5.65,3.64566373378038,0.939834639852316,3.77891302108765,0.2115,0.17151736101108,0.195,97.5,0.38,0,0.46,0.53,0.67,3.07,3.13,0.46,0.46,-4.09999990463257,0.957368817970507,0.285714285714286,0.166666666666667,0.631578947368421,1,RBM3
"RNCMPT00050,max,GAUACGA,RBD_v3_130370",73.5849184210526,7.78719702227352,76.3605,8.13552631578947,2.37517873850144,7.125,7.86578947368421,3.33979092368673,6.6,8.40526315789474,1.90886231412369,7.95,3.4145238085797,0.983770876398969,3.51941537857056,0.296578947368421,0.236497829437379,0.315,0,0.37,0,0.41,0.57,0.62,5.39,5.87,0.41,0.41,-3.61999988555908,0.949308682562995,0.157894736842105,0.5,0.457142857142857,1,RBM3
"RNCMPT00050,max,GAUACGA,RBD_v3_210309",64.1198116666667,8.52717341198108,66.7703,10.4416666666667,3.51363164612239,9.775,10.3,4.54286551844143,9.5,10.5833333333333,2.77422560070659,9.9,3.49797946810722,0.979236566811075,3.40735673904419,0.070666666666667,0.129338167537355,0.03,70,0.38,0,0.31,0.52,0.54,4.8,7.48,0.31,0.31,-2.69000005722046,0.994985417684099,-0.111111111111111,0.1,0.526315789473684,1,RBM3
"RNCMPT00050,min,AGGGGGG,RBD_v3_095475",65.5565369565217,6.35450515962612,67.99455,12.5989130434783,2.63612698080673,12.125,12.4804347826087,3.37096224740503,12.15,12.7173913043478,2.28485879435578,12.3,3.54379572557366,1.02031855567857,3.43825364112854,0.14695652173913,0.117886377786549,0.115,0,0.37,0,0.24,0.52,0.48,7.18,9.5,0.24,0.24,-10.5799999237061,0.926483873285953,0.454545454545455,-0.076923076923077,0.371428571428571,0,RBM3
"RNCMPT00050,min,AGGGGGG,RBD_v3_115041",85.7258744680851,8.12089756833695,89.4446,3.24893617021277,1.8996421105069,2.45,2.73404255319149,2.00024744075247,1.8,3.76382978723404,2.22118510591657,3,3.28445811601395,0.975503971054015,3.3308379650116,0.477659574468085,0.361934493027804,0.52,0,0.38,0,0.52,0.59,0.72,1.31,1.75,0.52,0.52,-1.71000003814697,0.913938983765516,0.625,-0.142857142857143,0.466666666666667,0,RBM3
"RNCMPT00050,min,AGGGGGG,RBD_v3_190677",72.3035229166667,6.86419145616659,74.85095,8.32291666666667,2.69467477872944,7.25,7.7875,3.04816826753938,6.6,8.85833333333333,2.66720296025737,7.95,3.64873812099298,0.76379222589842,3.60479664802551,0.271666666666667,0.218089707614495,0.235,0,0.36,0,0.36,0.56,0.58,4.91,5.83,0.36,0.36,-6.61999988555908,0.908731734293732,0.416666666666667,0.428571428571429,0.368421052631579,0,RBM3
"RNCMPT00051,max,GUGUGUG,RBD_v3_100125",82.3761516666667,7.76668165665105,84.5348,3.36416666666667,1.42451572700942,3.25,3.41666666666667,1.90558204700115,3.2,3.31166666666667,1.15275523541139,3.3,3.39998409350713,0.869045069443441,3.35395812988281,0.367166666666667,0.403098556593401,0.15,0,0,0,0.74,0.76,0.75,1.39,1.57,0.74,0.74,-4.75,0.863344222122634,0.619047619047619,-0.555555555555556,0.461538461538462,1,RBM38
"RNCMPT00051,max,GUGUGUG,RBD_v3_232088",77.731996,10.8063811964998,83.5474,5.639,3.11859613235422,3.95,5.298,3.62353362318709,3.1,5.98,2.70094465711838,4.85,3.49813872337341,0.865437689282582,3.32343089580536,0.2856,0.255918992285146,0.2,0,0,0,0.63,0.71,0.65,1.97,3.14,0.63,0.63,-6.40000009536743,0.994985417684099,0.052631578947368,-0.157894736842105,0.5,1,RBM38
"RNCMPT00051,max,UGUGUGU,RBD_v3_235740",69.9616145454546,7.14061176498927,72.3849,6.59545454545455,2.23263406812556,6.1,6.99272727272727,3.26490057391887,6.2,6.19818181818182,1.41283677192652,6.1,3.39688844247298,1.00097965174971,3.52402567863464,0.092727272727273,0.205385405964409,0.01,0,0,0,0.45,0.67,0.5,2.88,3.54,0.45,0.45,-3.84999990463257,0.999099007916163,0.058823529411765,0,0.514285714285714,1,RBM38
"RNCMPT00051,min,ACAGGCG,RBD_v3_068254",76.1551255319149,6.13771729594856,78.2567,6.94893617021277,2.99647418465694,6.15,6.55957446808511,3.38517609679179,5.5,7.33829787234042,2.8213898202905,6.5,3.64458298683166,0.791814457682044,3.72442269325256,0.355744680851064,0.290499904069812,0.33,23.4042553191489,0,0,0.49,0.67,0.52,3.23,4.14,0.49,0.49,-7.05000019073486,0.982848200563011,0.157894736842105,0.263157894736842,0.5,0,RBM38
"RNCMPT00051,min,CGGCGCC,RBD_v3_016686",82.97967,8.80175426375843,87.0036,3.33875,1.85681307828556,2.425,3.56,2.62949736836841,2.15,3.1175,1.17099289450208,2.7,3.57641306519508,0.949507555769429,3.69124209880829,0.3375,0.316022962489299,0.33,0,0,0,0.68,0.78,0.7,1.43,1.87,0.68,0.68,-3.15000009536743,0.986389195400269,-0.052631578947368,0.25,0.457142857142857,0,RBM38
"RNCMPT00051,min,CGGCGCC,RBD_v3_030843",81.1215235294118,11.1840333576503,87.3141,4.28529411764706,3.23775067164918,2.65,3.99803921568627,3.29815040263954,2.3,4.57254901960784,3.28700948774856,3.1,3.40377481778463,0.691970318256556,3.26934266090393,0.400588235294118,0.323341378513211,0.29,0,0,0,0.69,0.73,0.7,1.41,1.74,0.69,0.69,-1.42999994754791,0.98986211886685,-0.222222222222222,0.058823529411765,0.485714285714286,0,RBM38
"RNCMPT00052,max,CGCGCGG,RBD_v3_206656",69.1966840909091,6.57149797287955,69.37645,7.80511363636364,2.1302830173629,7.375,7.64772727272727,1.99792865570086,7.2,7.9625,2.7158247408455,7.4,3.48785714805126,0.88396823494209,3.43204236030579,0.156590909090909,0.120123369185398,0.125,1.13636363636364,0.02,0,0.46,0.54,0.49,4.51,3.53,0.46,0.46,-4.78999996185303,0.973041590739604,-0.047619047619048,0.285714285714286,0.4,1,RBM4
"RNCMPT00052,max,GCGCGCG,RBD_v3_147842",54.4369549019608,11.0392976150384,59.10725,20.4470588235294,5.35137542942042,23.575,19.7274509803922,5.45409568808625,22.5,21.1666666666667,5.3580943363748,23.7,3.56536137356478,0.901843329356167,3.51447713375092,0.078725490196079,0.080427958892039,0.05,0.980392156862745,0.13,0,0.22,0.42,0.32,9.43,12.23,0.22,0.22,-5.1399998664856,0.994985417684099,0.047619047619048,0.058823529411765,0.447368421052632,1,RBM4
"RNCMPT00052,max,GCGCGCG,RBD_v3_149085",79.944843956044,7.67639890390177,80.5162,4.07637362637363,1.93990751009968,3.85,3.88131868131868,1.87906076348514,3.7,4.27142857142857,2.214160774765,3.3,3.47580865582267,0.897136987013555,3.39610266685486,0.305494505494506,0.225424359012378,0.29,28.5714285714286,0.02,0,0.55,0.58,0.56,1.41,1.55,0.55,0.55,-4.51999998092651,0.959147917027245,0,0,0.333333333333333,1,RBM4
"RNCMPT00052,min,CCCCCCA,RBD_v3_025151",66.0199857142857,14.9644109235368,72.316,8.91547619047619,4.72698594836634,9.3,8.14880952380952,4.33399267899647,8.5,9.68214285714286,5.28289261569687,10.35,3.40933912850562,0.957283872822665,3.44202327728271,0.265238095238095,0.220309072001057,0.175,21.4285714285714,0.12,0,0.44,0.5,0.52,1.57,2.04,0.44,0.44,-4.80000019073486,0.940829129511555,-0.363636363636364,-0.375,0.421052631578947,0,RBM4
"RNCMPT00052,min,CCCCCCC,RBD_v3_166722",56.0754208333333,9.78034485696232,58.8947,15.3923611111111,4.16811893705013,14.425,14.7569444444444,4.63677359866975,13.35,16.0277777777778,3.88678592815841,15.45,3.39892336726189,0.891542073662725,3.43451833724976,0.134305555555556,0.118271904309446,0.09,27.7777777777778,0.12,0,0.21,0.42,0.31,7.87,10.72,0.21,0.21,-2.58999991416931,0.994985417684099,-0.047619047619048,0.058823529411765,0.447368421052632,0,RBM4
"RNCMPT00052,min,UUUUUUU,RBD_v3_117413",54.8172957446809,10.3896144141034,57.67755,17.8255319148936,4.94162017248169,18.325,18.086170212766,5.11646301434572,19.5,17.5648936170213,5.07519176917851,16.9,3.4895281005413,0.873656125120937,3.48119962215424,0.060531914893617,0.043880752909034,0.05,50,0.12,0,0.22,0.44,0.33,6.89,8.24,0.22,0.22,-3.14000010490417,0.944623214254579,-0.142857142857143,-0.5,0.533333333333333,0,RBM4
"RNCMPT00053,max,AUACAUU,RBD_v3_020368",86.0970791666667,5.79836145409397,86.73815,2.37708333333333,1.69473396937406,1.925,2.5125,2.5248235666187,1.9,2.24166666666667,0.915547350143405,1.95,3.60320431739092,0.79044262281901,3.61037015914917,0.427083333333333,0.32240425485111,0.45,0,0.23,0,0.65,0.71,0.78,1.44,1.52,0.65,0.65,-4.82999992370606,0.982848200563011,0.066666666666667,-0.043478260869565,0.605263157894737,1,RBM41
"RNCMPT00053,max,UUACAUU,RBD_v3_003688",85.2747864864865,11.8357411058192,91.1248,3.47432432432432,3.39375696483062,1.9,3.72432432432432,4.25528464940331,1.7,3.22432432432432,2.60548624225087,2.1,3.62444922408542,0.889074986732999,3.5019736289978,0.472972972972973,0.401738339835388,0.55,13.5135135135135,0.22,0,0.66,0.7,0.78,1.27,1.39,0.66,0.66,-4.19999980926514,0.960336745459753,0,0.25,0.631578947368421,1,RBM41
"RNCMPT00053,max,UUACAUU,RBD_v3_109106",69.7950470588235,9.65390050728415,71.6757,9.96470588235294,3.34937746630097,8.85,9.78039215686275,3.90763455854527,8.3,10.1490196078431,3.28574938478391,9.2,3.49912364342633,1.03120883743212,3.55500769615173,0.277647058823529,0.293425208428275,0.12,76.4705882352941,0.24,0,0.41,0.66,0.58,6.17,6.19,0.41,0.41,-2.72000002861023,0.946693261978261,0.166666666666667,0,0.68421052631579,1,RBM41
"RNCMPT00053,min,AGUGAGU,RBD_v3_137169",72.7423609375,13.789067499344,75.7784,7.42734375,4.70963997619321,5.975,7.553125,5.54522442186868,4.5,7.3015625,4.07958495350411,6.95,3.58208246901631,0.810936944701696,3.57452881336212,0.20453125,0.298487880626588,0.025,31.25,0.22,0,0.6,0.72,0.73,2.56,2.28,0.6,0.6,-3.04999995231628,0.978771866509031,0.066666666666667,0.333333333333333,0.5,0,RBM41
"RNCMPT00053,min,GUGUGAG,RBD_v3_031458",68.342350877193,9.74523158216591,68.5626,8.09298245614035,3.07124391092616,7.55,7.82631578947369,3.79428735619133,7.5,8.35964912280702,2.59366395892559,8.2,3.44215807684681,0.950591461306381,3.4213981628418,0.200350877192982,0.231323559051885,0.08,57.8947368421053,0.22,0,0.45,0.69,0.61,3.29,5.39,0.45,0.45,-6.73000001907349,0.917315963834773,0.6,0.222222222222222,0.473684210526316,0,RBM41
"RNCMPT00053,min,GUGUGAG,RBD_v3_032476",82.9843723404255,14.7889087521506,89.0059,4.46595744680851,6.20520561953902,2,4.7,7.03247127074921,1.8,4.23191489361702,5.47838068676513,2.2,3.50132098603756,0.923494719816664,3.58028531074524,0.424468085106383,0.353312329561489,0.45,82.9787234042553,0.22,0,0.65,0.72,0.77,1.31,1.73,0.65,0.65,-2.27999997138977,0.879106695338456,0.666666666666667,0.411764705882353,0.485714285714286,0,RBM41
"RNCMPT00054,max,AUGAUUA,RBD_v3_224059",73.5330023622047,13.0114785764398,77.8955,9.15590551181102,4.47188134733603,7.8,9.89133858267717,4.63533741553736,8.3,8.42047244094488,4.45375423201091,7.1,3.5330129110907,0.886045073537656,3.57267808914185,0.096062992125984,0.10690566588037,0.06,7.08661417322835,0.11,0,0.5,0.65,0.59,5.15,3.71,0.5,0.5,-5.17000007629395,0.988591321492785,0.125,0,0.578947368421053,1,RBM46
"RNCMPT00054,max,GAAUCAA,RBD_v3_020188",81.0994919642857,7.66289302273384,80.6259,5.17008928571429,2.86111283570273,5.3,4.86785714285714,2.86743801540692,4.8,5.47232142857143,3.10295441377264,5.3,3.45952060605798,0.87630176393056,3.48082029819489,0.218928571428571,0.251841352688686,0.1,0,0.12,0,0.69,0.71,0.76,1.41,1.25,0.69,0.69,-4.71999979019165,0.991355861529484,0,0.2,0.526315789473684,1,RBM46
"RNCMPT00054,max,GAAUCAA,RBD_v3_103262",71.1362691588785,9.27627947492258,69.9478,9.66261682242991,4.07078925555113,10.45,9.24672897196262,4.23884368704595,9.7,10.0785046728972,4.20944643062915,10.7,3.57923601498114,0.935771883724526,3.61879515647888,0.119626168224299,0.126736431551266,0.09,9.34579439252336,0.12,0,0.53,0.62,0.61,3.26,3.33,0.53,0.53,-2.61999988555908,0.93246865953145,-0.2,0.5,0.571428571428571,1,RBM46
"RNCMPT00054,min,CGGGUUU,RBD_v3_019329",80.0848183486238,8.74346180798104,80.5907,5.38807339449541,3.12184580878406,5.45,5.25596330275229,3.25842018050388,5.3,5.52018348623853,3.15931250774225,5.3,3.48690256066279,0.87399046608932,3.62631940841675,0.224220183486238,0.23868192680102,0.1,11.0091743119266,0.13,0,0.65,0.68,0.72,1.59,1.54,0.65,0.65,-2.74000000953674,0.956268333993228,0.166666666666667,-0.130434782608696,0.657142857142857,0,RBM46
"RNCMPT00054,min,CGGGUUU,RBD_v3_171394",85.8940647058824,9.52706681261392,87.87615,3.81372549019608,4.07539803597404,2.85,4.17450980392157,4.7251525466393,3,3.45294117647059,3.47787080312628,2.5,3.55850489466798,0.813452229656989,3.47141921520233,0.349901960784314,0.317401251808468,0.275,0,0.12,0,0.71,0.72,0.77,1.28,1.24,0.71,0.71,-5.36999988555908,0.958358093480701,0.222222222222222,-0.333333333333333,0.4,0,RBM46
"RNCMPT00054,min,GGGUUUU,RBD_v3_036071",75.1229105263158,5.79962628351678,76.1047,7.84736842105263,2.00705054238782,7.2,7.51929824561404,1.79736300853811,7,8.17543859649123,2.48712977874916,7.4,3.5739551092449,0.922542077670201,3.57696485519409,0.152456140350877,0.140614476771399,0.13,21.0526315789474,0.12,0,0.46,0.63,0.56,4.98,4.68,0.46,0.46,-10.5600004196167,0.858670786525195,0.545454545454545,-0.647058823529412,0.435897435897436,0,RBM46
"RNCMPT00055,max,ACGAAGG,RBD_v3_098406",64.7146538461538,9.32534576609251,67.0968,11.0653846153846,3.74195947115421,11.25,10.6923076923077,4.08548190464263,10.5,11.4384615384615,3.69265845912217,11.2,3.29145910779198,0.939424633350147,3.26528215408325,0.15010989010989,0.133062178493903,0.13,21.978021978022,0.46,0,0.36,0.29,0.58,4.29,5.44,0.36,0.36,-4.65000009536743,0.92736708276031,-0.052631578947368,0.625,0.457142857142857,1,RBM5
"RNCMPT00055,max,ACGAAGG,RBD_v3_102192",66.9585414634146,9.56422943337877,63.0281,10.1493902439024,5.87961268304467,8.5,9.05853658536585,5.41718689739989,9.35,11.240243902439,6.62896487005469,8.7,3.49570526437062,0.936173175244763,3.51611232757568,0.139756097560976,0.171240756151388,0.05,20.7317073170732,0.47,0,0.46,0.3,0.66,2.29,3.22,0.46,0.46,-1.82000005245209,0.842737648613667,0.5,0.666666666666667,0.6,1,RBM5
"RNCMPT00055,max,ACGAAGG,RBD_v3_116228",58.2669242105263,11.5835373029242,58.2814,15.2778947368421,5.95586031707103,18.35,14.4536842105263,5.65363393824952,17.1,16.1021052631579,6.48699154851491,19.2,3.46502707992729,1.08339759371832,3.61472940444946,0.070736842105263,0.093697590800599,0.04,41.0526315789474,0.47,0,0.39,0.29,0.6,4.89,6.01,0.39,0.39,-3.29999995231628,0.954306349436356,0.25,0.428571428571429,0.466666666666667,1,RBM5
"RNCMPT00055,min,AGACCCU,RBD_v3_211274",54.4596931818182,9.3226822974294,57.58115,16.6409090909091,3.89025119194997,17,15.8409090909091,3.87875546943095,17.2,17.4409090909091,4.26387219093233,17.55,3.3461775390262,1.12573773192439,3.40110552310944,0.05,0.060799274042853,0.02,0,0.44,0,0.32,0.28,0.53,7.54,8.87,0.32,0.32,-3.01999998092651,0.982848200563012,0.222222222222222,0.2,0.526315789473684,0,RBM5
"RNCMPT00055,min,AGACCCU,RBD_v3_220946",73.511700952381,10.7831996712345,75.8814,7.05428571428572,3.71764965482816,7,6.76285714285714,3.79701950783205,7.1,7.34571428571429,4.00410915309387,6.9,3.6093567950385,0.92660693624605,3.77351570129395,0.243714285714286,0.260056418223701,0.13,4.76190476190476,0.48,0,0.45,0.31,0.66,1.48,1.65,0.45,0.45,-3.1800000667572,0.962298943521553,-0.263157894736842,0.368421052631579,0.5,0,RBM5
"RNCMPT00055,min,CCCUUAC,RBD_v3_165348",61.1838128571429,6.60635360747014,62.69655,16.355,6.27182074897285,14.625,15.8657142857143,6.71817534135455,15.75,16.8442857142857,5.93451304949072,14.75,3.47551572322845,0.906038798180204,3.54051041603088,0.011714285714286,0.013723082065136,0.01,5.71428571428571,0.47,0,0.41,0.28,0.61,6.16,8.36,0.41,0.41,-3.91000008583069,0.973088862120474,-0.3,0.066666666666667,0.428571428571429,0,RBM5
"RNCMPT00056,max,GUGCGCG,RBD_v3_068291",72.9322129032258,5.41588184569186,74.1322,5.68870967741936,1.50231541724873,5,5.58709677419355,2.04886016042805,4.8,5.79032258064516,1.14959553429592,5.6,3.48336858518662,1.02178058823513,3.89401912689209,0.151935483870968,0.135951446108251,0.13,0,0.42,0,0.45,0.53,0.68,3.2,4.04,0.45,0.45,-3.85999989509583,0.984029002132122,-0.181818181818182,0,0.421052631578947,1,RBM8A
"RNCMPT00056,min,AGGGGGG,RBD_v3_073145",60.04258125,4.91725920938603,61.15545,24.365625,0.481566454396483,24.325,23.7625,0.748220110217129,23.55,24.96875,0.572385359700963,25.05,3.3996297121048,1.0721463820748,3.34332370758057,0.056875,0.050822403196491,0.045,0,0.42,0,0.09,0.47,0.38,19.88,23.05,0.09,0.09,-6.6399998664856,0.9795363654177,0.238095238095238,0.176470588235294,0.447368421052632,0,RBM8A
"RNCMPT00056,min,AGGGGGG,RBD_v3_211338",63.7289133333333,6.24110086541067,65.5305,11.6916666666667,2.45718802465455,10.9,10.6033333333333,2.79821166207046,10.05,12.78,2.32592584457948,12.5,3.86721853017807,0.867980078416907,4.05494904518127,0.018666666666667,0.025425121073639,0.01,0,0.42,0,0.29,0.52,0.55,7.13,7.36,0.29,0.29,-6.17999982833862,0.904129670962501,0.565217391304348,0.2,0.394736842105263,0,RBM8A
"RNCMPT00056,min,GGGGGGG,RBD_v3_133483",54.0059806451613,6.30148017428812,56.144,25.2145161290323,1.43156054409091,25.25,24.1645161290323,1.87892671262023,23.9,26.2645161290323,1.22896932077162,26.1,3.73763818125571,0.913419786655936,3.91122531890869,0.009032258064516,0.007897188828808,0.01,3.2258064516129,0.42,0,0.1,0.48,0.39,19.36,23.47,0.1,0.1,-5.80999994277954,0.897658806274979,0.181818181818182,0.692307692307692,0.371428571428571,0,RBM8A
"RNCMPT00057,max,ACAUAUA,RBD_v3_043957",73.854724,6.45839378169342,74.8777,7.44266666666667,1.86537970436087,7.05,6.99733333333333,2.15857644114177,6.4,7.888,1.82393693584673,7.7,3.5247963587443,0.793796301523782,3.53468441963196,0.150666666666667,0.127960438706164,0.12,24,0.3,0,0.41,0.56,0.6,3.74,4.24,0.41,0.41,-4.94999980926514,0.957615612623957,0.2,0.304347826086957,0.605263157894737,1,RBMS3
"RNCMPT00057,max,AUAUAGC,RBD_v3_121401",74.3977321428572,7.44639853020132,76.02455,7.84017857142857,2.15991202772994,7.2,8.03214285714286,2.54509204283332,7.65,7.64821428571429,2.01854953067598,6.95,3.54852295879807,0.951433046576984,3.74052512645721,0.123035714285714,0.10907744776254,0.09,0,0.29,0,0.41,0.56,0.59,4.34,4.86,0.41,0.41,-4.84000015258789,0.953353793718457,0.157894736842105,0.473684210526316,0.5,1,RBMS3
"RNCMPT00057,max,AUAUAGC,RBD_v3_236027",74.3977321428572,7.44639853020132,76.02455,7.84017857142857,2.15991202772994,7.2,8.03214285714286,2.54509204283332,7.65,7.64821428571429,2.01854953067598,6.95,3.54852295879807,0.951433046576984,3.74052512645721,0.123035714285714,0.10907744776254,0.09,0,0.29,0,0.41,0.56,0.59,4.34,4.86,0.41,0.41,-4.84000015258789,0.953353793718457,0.157894736842105,0.473684210526316,0.5,1,RBMS3
"RNCMPT00057,min,AGAGUCG,RBD_v3_108208",69.7129098591549,5.56314564091615,71.4152,11.2669014084507,1.99497482372177,10.9,11.0605633802817,2.53689792988205,10.3,11.4732394366197,1.91467697734249,11.3,3.40474088259146,0.988954084298607,3.27076363563538,0.09056338028169,0.077180443932083,0.08,30.9859154929577,0.31,0,0.35,0.59,0.55,6.47,7.41,0.35,0.35,-5.51000022888184,0.948069982513254,0.263157894736842,0.272727272727273,0.366666666666667,0,RBMS3
"RNCMPT00057,min,AGAGUCG,RBD_v3_148682",71.2156910714286,4.97336566033239,71.8373,8.88125,1.89627775343746,8.35,8.01964285714286,1.91761401394898,7.6,9.74285714285714,2.13182441225241,9.2,3.41850615612098,1.01270492214768,3.62305212020874,0.061785714285714,0.068439944287134,0.03,0,0.3,0,0.34,0.56,0.53,4.62,5.98,0.34,0.34,-4.67999982833862,0.998395815990818,0,0,0.533333333333333,0,RBMS3
"RNCMPT00057,min,AGAGUCG,RBD_v3_148750",83.9849066666667,8.57433496706377,86.63325,4.18416666666667,2.41084224094702,3.425,4.10166666666667,3.06480799114706,3.3,4.26666666666667,2.05489631613288,3.55,3.55547022620837,0.939485754637743,3.53509831428528,0.3145,0.264737958065476,0.22,0,0.31,0,0.57,0.62,0.74,1.46,1.68,0.57,0.57,-6.26999998092651,0.994985417684099,-0.111111111111111,-0.1,0.526315789473684,0,RBMS3
"RNCMPT00058,max,AACAACG,RBD_v3_221482",56.2209290909091,14.5630199254656,63.4498,13.2581818181818,4.2454306987845,12,13.3781818181818,4.85713262879833,12.7,13.1381818181818,3.91372186738134,11.8,3.35539462132887,0.997499947192184,3.47127389907837,0.064363636363636,0.108316471104158,0.02,7.27272727272727,0.33,0,0.26,0.51,0.48,5.73,8.42,0.26,0.26,-5.34000015258789,0.973142269226386,0.222222222222222,0.3,0.526315789473684,1,RBP1
"RNCMPT00058,max,ACAACAG,RBD_v3_004244",71.9500557142857,14.3735566419086,75.3759,7.03,4.74562651443334,5.75,8.31285714285714,5.96124978211812,6.95,5.74714285714286,3.6814348741923,4.3,3.45243271333831,1.06899861321027,3.61252462863922,0.267428571428571,0.280443157144606,0.095,65.7142857142857,0.34,0,0.54,0.6,0.72,1.88,1.68,0.54,0.54,-4,0.96214231424466,0.1,0.444444444444444,0.473684210526316,1,RBP1
"RNCMPT00058,max,ACAACAG,RBD_v3_117466",71.9500557142857,14.3735566419086,75.3759,7.03,4.74562651443334,5.75,8.31285714285714,5.96124978211812,6.95,5.74714285714286,3.6814348741923,4.3,3.45243271333831,1.06899861321027,3.61252462863922,0.267428571428571,0.280443157144606,0.095,65.7142857142857,0.34,0,0.54,0.6,0.72,1.88,1.68,0.54,0.54,-4,0.96214231424466,0.1,0.444444444444444,0.473684210526316,1,RBP1
"RNCMPT00058,min,GCACCCC,RBD_v3_151744",51.1902923076923,9.42772675046897,55.3716,17.3076923076923,2.00981378064756,17.425,16.1692307692308,2.19075942258892,16.1,18.4461538461538,2.28125021952932,18.7,3.45623307503187,0.867699848033637,3.52241575717926,0.058846153846154,0.058800221626695,0.03,0,0.36,0,0.14,0.5,0.39,11.52,12.99,0.14,0.14,-6.15000009536743,0.988591321492785,0.1,0.222222222222222,0.473684210526316,0,RBP1
"RNCMPT00058,min,GGGCCCC,RBD_v3_158155",55.2171717391304,10.3854174344963,58.8904,14.5076086956522,3.30491162079352,14.15,14.7717391304348,3.36000416953963,14.6,14.2434782608696,3.46722124883974,13.8,3.28710728495017,1.03181943337429,3.28768908977509,0.100869565217391,0.137563336313076,0.035,4.34782608695652,0.33,0,0.23,0.52,0.45,7.75,8.67,0.23,0.23,-5.90999984741211,0.941252681369194,0.217391304347826,0.466666666666667,0.394736842105263,0,RBP1
"RNCMPT00058,min,GGGCCCC,RBD_v3_170968",63.4335704918033,12.2406328872509,66.5648,9.84672131147541,3.19370303425949,9.55,10.5377049180328,4.74240318595352,9.1,9.15573770491803,1.98137364725956,9.2,3.44197781164138,1.02143351251095,3.37240195274353,0.238524590163934,0.217384728577192,0.14,6.55737704918033,0.32,0,0.36,0.54,0.56,4.59,5.75,0.36,0.36,-6.32000017166138,0.947927637120239,-0.047619047619048,0.529411764705882,0.447368421052632,0,RBP1
"RNCMPT00059,max,GAAGGAC,RBD_v3_185388",69.2610193548387,12.4792011791199,74.6645,7.05806451612903,5.76013739382134,4.3,6.9741935483871,6.5348791236939,3.8,7.14193548387097,5.18271320150288,5.2,3.68334446030278,0.930553677723625,3.88473606109619,0.209354838709677,0.19466099564578,0.14,6.45161290322581,0.46,0,0.39,0.5,0.65,2.84,3.65,0.39,0.39,-5.34999990463257,0.970134489327324,0,0.368421052631579,0.542857142857143,1,REF2
"RNCMPT00059,max,GAAGGCC,RBD_v3_005437",69.061203030303,10.1666741850668,72.1145,7.97424242424242,3.04361835475375,6.7,7.59393939393939,3.93215425959004,5.7,8.35454545454545,2.30584731024884,7.9,3.58513381986907,0.941835891617231,3.71804857254028,0.223030303030303,0.17481212859247,0.17,0,0.46,0,0.31,0.47,0.57,3.99,4.95,0.31,0.31,-4.01999998092651,0.99900044193615,-0.052631578947368,0.052631578947368,0.5,1,REF2
"RNCMPT00059,max,GAAGGCC,RBD_v3_116456",69.061203030303,10.1666741850668,72.1145,7.97424242424242,3.04361835475375,6.7,7.59393939393939,3.93215425959004,5.7,8.35454545454545,2.30584731024884,7.9,3.58513381986907,0.941835891617231,3.71804857254028,0.223030303030303,0.17481212859247,0.17,0,0.46,0,0.31,0.47,0.57,3.99,4.95,0.31,0.31,-4.01999998092651,0.99900044193615,-0.052631578947368,0.052631578947368,0.5,1,REF2
"RNCMPT00059,min,CCCCCCA,RBD_v3_015622",74.7303888888889,13.0219579668519,79.7477,5.53055555555556,5.61246351721115,3.5,5.16666666666667,5.93028121543301,3.05,5.89444444444444,5.30410187798332,4,3.09421818123923,0.949311395011195,3.20825397968292,0.478888888888889,0.36035748409027,0.575,5.55555555555556,0.46,0,0.43,0.5,0.67,2.44,3.27,0.43,0.43,-2.0699999332428,0.982848200563011,-0.222222222222222,0.2,0.526315789473684,0,REF2
"RNCMPT00059,min,CCCCCCC,RBD_v3_116498",77.4777104166667,9.29562303281427,79.30145,4.03645833333333,2.83632853000879,3.475,3.83541666666667,3.91007915158136,2.55,4.2375,1.85387747764723,3.65,3.57543967664242,1.00152642033707,3.75368618965149,0.216875,0.215101720123294,0.16,0,0.47,0,0.41,0.51,0.66,1.19,2.2,0.41,0.41,-3.61999988555908,0.977747995787952,-0.142857142857143,0.294117647058823,0.447368421052632,0,REF2
"RNCMPT00059,min,CCCCUAC,RBD_v3_002659",43.92795,6.79975936751523,45.3637,19.785,1.65580628228197,19.6,18.78,2.38271553764467,18.6,20.79,1.06086966421161,20.75,4.0094500541687,0.678618536177758,4.16663014888763,0.02,0.015634719199412,0.02,10,0.48,0,0.14,0.43,0.43,15.61,18.53,0.14,0.14,-2.23000001907349,0.949336790478027,-0.5,0,0.473684210526316,0,REF2
"RNCMPT00060,max,AGAGAAA,RBD_v3_202498",71.3125605263158,7.5069278825139,72.95225,10.9592105263158,2.95216034646453,10.4,12.0315789473684,3.21164311429506,11.25,9.88684210526316,2.92917948594516,9.2,3.55976444169095,0.856433834235035,3.57398545742035,0.063684210526316,0.070841316873608,0.03,100,0.48,0,0.31,0.48,0.58,8.12,5.85,0.31,0.31,-4.53000020980835,0.9795363654177,0.176470588235294,0.238095238095238,0.552631578947368,1,RNP4F
"RNCMPT00060,max,AGAGAAA,RBD_v3_206234",66.19985,4.27825013368215,65.3448,9.78684210526316,1.39519853331647,9.65,9.26052631578948,1.7589215789541,8.8,10.3131578947368,1.43039798896247,10.15,3.63033373418607,1.07483446142203,3.87122595310211,0.078421052631579,0.08903465209983,0.05,28.9473684210526,0.48,0,0.31,0.49,0.58,5.59,8.25,0.31,0.31,-5.40000009536743,0.984984399005478,-0.176470588235294,0.222222222222222,0.514285714285714,1,RNP4F
"RNCMPT00060,max,AGAGAAG,RBD_v3_036241",74.6809471698113,7.71044323026603,75.5984,7.65,3.9281161074803,6.85,7.45660377358491,3.83348151834908,6.6,7.84339622641509,4.18010440769322,7.2,3.30914298993237,1.01176421180572,3.32612800598145,0.07377358490566,0.080937450091326,0.04,86.7924528301887,0.48,0,0.37,0.5,0.63,3.7,3.31,0.37,0.37,-5.1399998664856,0.953122975909535,0.25,0.363636363636364,0.578947368421053,1,RNP4F
"RNCMPT00060,min,AGGGGGG,RBD_v3_070537",74.9148022222222,8.70891636374335,77.6793,6.34666666666667,3.21425093776281,5.1,6.16666666666667,4.22180487038854,4.1,6.52666666666667,2.4598041311528,6,3.62811288303799,0.884311599601247,3.65231919288635,0.214,0.186978365301735,0.13,0,0.48,0,0.42,0.5,0.68,2.37,3.48,0.42,0.42,-4.86999988555908,0.960336745459753,0.363636363636364,0.125,0.421052631578947,0,RNP4F
"RNCMPT00060,min,GGGGGGG,RBD_v3_164249",75.5785808510638,9.20264411253726,78.2225,6.69468085106383,3.76764304772362,5.55,6.20851063829787,4.47654902931275,4.9,7.18085106382979,3.31286282986629,5.9,3.45552957565226,1.07029361411592,3.37097430229187,0.262978723404255,0.231628590388344,0.18,2.12765957446808,0.48,0,0.39,0.51,0.65,2.66,4.02,0.39,0.39,-0.150000005960464,0.890825284633636,0.733333333333333,0.066666666666667,0.5,0,RNP4F
"RNCMPT00060,min,GGGGGGG,RBD_v3_169706",69.9931122807018,7.78739796619857,72.5615,9.70789473684211,2.9300443297732,8.7,9.68070175438596,3.48042683119733,8.3,9.73508771929825,2.54821304531446,9.2,3.58259660005569,0.98027162339507,3.71674060821533,0.134385964912281,0.118878953199397,0.1,17.5438596491228,0.48,0,0.46,0.51,0.71,5.38,6.02,0.46,0.46,-6.03999996185303,0.785807602645209,0.545454545454545,0.875,0.421052631578947,0,RNP4F
"RNCMPT00061,max,ACGACGA,RBD_v3_092612",62.1268204081633,9.81119042174079,65.1264,14.6418367346939,2.07937157320566,14.35,14.1204081632653,2.8262887614795,14,15.1632653061224,1.83617513207381,15.1,3.64869230620715,0.817517744996823,3.69189238548279,0.20530612244898,0.167420404481457,0.17,0,0.36,0,0.23,0.51,0.47,8.8,9.8,0.23,0.23,-4.6399998664856,0.9611460538546,0.238095238095238,0.285714285714286,0.4,1,RSF1
"RNCMPT00061,max,ACGACGA,RBD_v3_170781",60.087725,8.12124756759659,62.59855,13.565625,3.04242680883152,12.65,12.909375,3.24984956227505,12.1,14.221875,3.12737490402455,13.55,3.6925769969821,0.824035517701984,3.88583517074585,0.19875,0.197659694522454,0.095,71.875,0.37,0,0.22,0.51,0.46,7.29,9.58,0.22,0.22,-3.01999998092651,0.975087864633188,-0.222222222222222,0.294117647058823,0.485714285714286,1,RSF1
"RNCMPT00061,max,ACGACGA,RBD_v3_223533",65.2243723404255,8.35501722303802,67.7511,10.2074468085106,2.86191215196893,9.4,10.2276595744681,3.81938431913355,9.1,10.1872340425532,2.1756175556336,10,3.70854496702235,1.00502165169181,3.83950662612915,0.185744680851064,0.157573235986802,0.17,0,0.37,0,0.38,0.54,0.6,5.88,6.96,0.38,0.38,-3.28999996185303,0.982848200563011,-0.157894736842105,0.263157894736842,0.5,1,RSF1
"RNCMPT00061,min,GUCGUUU,RBD_v3_183167",59.0528342105263,7.95556185483435,63.32835,13.6210526315789,1.67189128942092,13.55,12.1921052631579,1.77541492355516,11.65,15.05,1.92083174551927,15.15,3.57201066142634,0.813963657659885,3.66864097118378,0.117368421052632,0.107544691163439,0.085,52.6315789473684,0.37,0,0.18,0.51,0.43,9.28,10.38,0.18,0.18,-4.98999977111816,0.984029002132122,0.058823529411765,-0.238095238095238,0.552631578947368,0,RSF1
"RNCMPT00061,min,GUGUGUC,RBD_v3_167595",71.2866647058823,10.0412451488811,74.919,7.09411764705882,2.52177681184716,6.275,7.48823529411765,3.61208113485525,6.25,6.7,1.5554401111563,6.25,3.27361470110276,0.896351396927353,3.31044256687164,0.190294117647059,0.153059411996496,0.14,0,0.37,0,0.41,0.56,0.63,4.23,4.62,0.41,0.41,-7.11999988555908,0.994221288054791,-0.052631578947368,-0.125,0.457142857142857,0,RSF1
"RNCMPT00061,min,UGUUUGU,RBD_v3_217904",60.3693405405405,9.41361381833835,64.6478,12.4878378378378,3.12630873496306,11.6,12.2810810810811,3.68403747702601,11.3,12.6945945945946,2.84984852871809,12.1,3.33240765172082,1.03222452983252,3.43299460411072,0.238378378378378,0.172956537789018,0.19,91.8918918918919,0.37,0,0.22,0.5,0.46,8.58,8.87,0.22,0.22,-3.61999988555908,0.989242296754326,0,0.090909090909091,0.578947368421053,0,RSF1
"RNCMPT00062,max,AUAAAAG,RBD_v3_228958",77.15528,11.7874817135549,81.88485,6.29,4.82669834868024,3.475,5.595,4.12123171484662,3.5,6.985,5.66681762843117,3.45,3.72340461015701,0.626181103859299,3.72778356075287,0.3215,0.366026881480174,0.135,0,0.73,0,0.5,0.36,0.83,1.89,1.98,0.5,0.5,-2.71000003814697,0.885594562190918,0.5,0.545454545454545,0.578947368421053,1,KHDRBS1
"RNCMPT00062,max,GAUAAAA,RBD_v3_052691",74.0480054054054,4.79268308923705,75.3884,8.97162162162162,1.51302403871906,8.6,7.98918918918919,1.37027648949315,7.7,9.95405405405406,1.87832587910301,9.8,3.69558894956434,0.594226813312934,3.81131505966187,0.381081081081081,0.287873272502018,0.42,100,0.74,0,0.22,0.31,0.61,5.67,6.4,0.22,0.22,-5.11999988555908,0.972861409666655,0.125,0.272727272727273,0.578947368421053,1,KHDRBS1
"RNCMPT00062,max,UAAAAGC,RBD_v3_127796",78.6945617021277,6.85620945330814,81.4559,6.02127659574468,1.7586353615446,5.4,5.28723404255319,2.19570895961593,4.3,6.75531914893617,1.63651385980107,6.4,3.74111331523733,0.815827568523941,3.66615438461304,0.311489361702128,0.286758334274125,0.26,0,0.74,0,0.47,0.35,0.81,3.04,4.89,0.47,0.47,-5.34000015258789,0.974436160642641,0.2,0.130434782608696,0.605263157894737,1,KHDRBS1
"RNCMPT00062,min,GGGGGCC,RBD_v3_009111",65.077096969697,6.22170716305445,68.0649,12.9984848484848,1.92583118615723,12.7,12.1,2.04190474802328,11.4,13.8969696969697,2.02291325328177,13.8,3.56057075659434,0.883792077448117,3.79007172584534,0.168484848484848,0.143529640060015,0.13,6.06060606060606,0.73,0,0.26,0.31,0.63,9.26,10.44,0.26,0.26,-5.3899998664856,0.941189146523286,0.333333333333333,0.4,0.571428571428571,0,KHDRBS1
"RNCMPT00062,min,GGGGGGC,RBD_v3_063164",70.1685063829787,4.6244289235868,71.2492,11.1085106382979,1.66123707012131,10.95,10.8404255319149,1.56422776814577,10.7,11.3765957446809,1.96736557089594,11,3.67725157991369,0.870419720058914,3.63230299949646,0.204893617021277,0.218849485108567,0.09,0,0.73,0,0.37,0.33,0.72,8.56,7.23,0.37,0.37,-6.15000009536743,0.99900044193615,0,0,0.526315789473684,0,KHDRBS1
"RNCMPT00062,min,GGGGGGC,RBD_v3_107730",62.623175,7.78372618945395,64.80985,13.0916666666667,1.66110666795328,13.05,12.6041666666667,1.9900795628986,11.65,13.5791666666667,1.70191175540579,13.95,3.70235866308212,0.839757419599047,3.7881166934967,0.269166666666667,0.242718600112517,0.235,0,0.75,0,0.3,0.31,0.68,9.53,9.23,0.3,0.3,-2.91000008583069,0.863631833804917,0.7,0.333333333333333,0.428571428571429,0,KHDRBS1
"RNCMPT00063,max,GCUGGUC,RBD_v3_002136",69.9085954545455,2.67686422134223,70.333,17.3045454545455,1.70851572249891,17.1,16.2545454545455,2.1860438876628,16.95,18.3545454545455,1.82801669074574,18.05,3.35281391577287,0.964417177428148,3.35347068309784,0.027272727272727,0.0214213552063,0.02,95.4545454545455,0.43,0,0.18,0.5,0.47,9.96,15.71,0.18,0.18,-6.21999979019165,0.986863224815062,-0.142857142857143,-0.176470588235294,0.447368421052632,1,SAMD4A
"RNCMPT00063,max,GCUGGUC,RBD_v3_101848",68.0152047619048,2.81664656506211,68.8195,22.9738095238095,0.662121410244951,23.1,21.6142857142857,0.919394210491732,21.6,24.3333333333333,1.02192628566513,24.1,3.71384031432016,0.835927661853596,3.64181280136108,0.034285714285714,0.037090622611575,0.02,95.2380952380952,0.43,0,0.11,0.49,0.4,18.84,22.4,0.11,0.11,-7.38000011444092,0.977747995787952,0.294117647058823,-0.142857142857143,0.552631578947368,1,SAMD4A
"RNCMPT00063,max,GCUGGUC,RBD_v3_114193",69.9085954545455,2.67686422134223,70.333,17.3045454545455,1.70851572249891,17.1,16.2545454545455,2.1860438876628,16.95,18.3545454545455,1.82801669074574,18.05,3.35281391577287,0.964417177428148,3.35347068309784,0.027272727272727,0.0214213552063,0.02,95.4545454545455,0.43,0,0.18,0.5,0.47,9.96,15.71,0.18,0.18,-6.21999979019165,0.986863224815062,-0.142857142857143,-0.176470588235294,0.447368421052632,1,SAMD4A
"RNCMPT00063,min,AGUCGUU,RBD_v3_044642",60.8181384615385,2.80810350722005,61.3398,19.0769230769231,1.03857891074591,19.15,16.4538461538462,1.39347932004196,16.4,21.7,1.261744823647,21.6,3.55453217488069,0.941628614765257,3.60240137577057,0.036923076923077,0.044611140381679,0.015,11.5384615384615,0.42,0,0.15,0.5,0.43,12.92,18.91,0.15,0.15,-6.36999988555908,0.994985417684099,-0.052631578947368,-0.157894736842105,0.5,0,SAMD4A
"RNCMPT00063,min,AGUCGUU,RBD_v3_196349",75.249203125,3.02006086944472,75.61075,7.546875,0.622551656102631,7.3,7.146875,0.753479830412673,7.2,7.946875,1.02169510476305,7.8,3.47681180480868,1.16774822074518,3.53972768783569,0.0678125,0.088380934121161,0.03,84.375,0.42,0,0.44,0.56,0.67,5.59,6.07,0.44,0.44,-6.90999984741211,0.948069982513254,0.263157894736842,-0.272727272727273,0.366666666666667,0,SAMD4A
"RNCMPT00063,min,GAGUCGU,RBD_v3_239744",62.9956,2.55284092923942,63.2265,17.9217391304348,1.03877398090211,17.8,15.8173913043478,1.29602615500861,15.6,20.0260869565217,0.979432763159069,19.8,3.55568553572116,1.12399780031358,3.8850839138031,0.036086956521739,0.047361197239434,0.03,60.8695652173913,0.43,0,0.16,0.51,0.45,12.11,17.82,0.16,0.16,-3,0.982030026212328,-0.294117647058823,-0.111111111111111,0.514285714285714,0,SAMD4A
"RNCMPT00064,max,AGAAAAA,RBD_v3_116048",72.9525065934066,7.00237403289932,74.9269,8.11648351648352,2.73282571450072,7.1,7.68021978021978,2.71564274283557,6.7,8.55274725274725,2.88757263148058,7.7,3.49014509379209,0.954919439479058,3.64906787872314,0.13043956043956,0.11697019646913,0.1,52.7472527472528,0.31,0,0.43,0.61,0.62,4.33,4.65,0.43,0.43,-3.44000005722046,0.909527941990676,0.384615384615385,0.529411764705882,0.566666666666667,1,SART3
"RNCMPT00064,max,AGAAAAA,RBD_v3_140436",69.3739471153846,7.55278545163558,71.769,10.3927884615385,2.73830627856078,10,10.4346153846154,2.85992630873796,10,10.3509615384615,2.81862719433455,9.8,3.49742301496176,0.829421054629667,3.41452634334564,0.066346153846154,0.073101308772735,0.04,15.3846153846154,0.3,0,0.41,0.59,0.6,5.98,6.1,0.41,0.41,-5.6100001335144,0.924316871408977,0.294117647058823,0.523809523809524,0.552631578947368,1,SART3
"RNCMPT00064,max,AGAAAAC,RBD_v3_075295",75.952612173913,6.0979496834268,77.985,6.53565217391304,1.74925755199711,6.05,6.78260869565217,2.44853199376384,5.8,6.28869565217391,1.3730338553595,6.2,3.31458093498064,0.967705506946691,3.2507336139679,0.172434782608696,0.15520553042432,0.11,32.1739130434783,0.31,0,0.49,0.6,0.67,3.5,3.72,0.49,0.49,-5.38000011444092,0.92011998794489,0,0.647058823529412,0.485714285714286,1,SART3
"RNCMPT00064,min,ACUGUUU,RBD_v3_022653",66.5786621621622,8.58273636032932,67.4819,15.1837837837838,3.625441428685,14.4,14.9495495495496,3.6750726368548,14.1,15.418018018018,3.86113968568863,15.3,3.46601750829198,1.01337769926842,3.49598360061645,0.168468468468468,0.20211696972612,0.07,1.8018018018018,0.31,0,0.35,0.58,0.55,8.36,7.86,0.35,0.35,-3.61999988555908,0.972004874858178,-0.333333333333333,-0.2,0.526315789473684,0,SART3
"RNCMPT00064,min,ACUGUUU,RBD_v3_053156",59.298798989899,8.38575282689482,60.6633,17.9025252525253,3.78434863331029,19.15,16.7787878787879,3.70014541157376,17.5,19.0262626262626,4.17383946618786,20.2,3.51992979194179,0.930069912701563,3.54132890701294,0.133434343434343,0.133318412894305,0.09,1.01010101010101,0.28,0,0.24,0.53,0.44,9.66,9.51,0.24,0.24,-5.55000019073486,0.978568368830295,-0.090909090909091,-0.294117647058823,0.435897435897436,0,SART3
"RNCMPT00064,min,UUUGCAG,RBD_v3_022234",67.0200080645161,6.12099076187696,68.66275,17.7887096774194,1.88036487902361,17.475,16.0290322580645,2.28145676044102,16.15,19.5483870967742,1.93566542423655,19.3,3.6111539121597,0.924922207838964,3.87189865112305,0.06258064516129,0.076863419082289,0.03,69.3548387096774,0.31,0,0.27,0.58,0.49,10.24,14.74,0.27,0.27,-5.80000019073486,0.951604231569008,0.230769230769231,-0.272727272727273,0.628571428571429,0,SART3
"RNCMPT00065,max,ACUAAUA,RBD_v3_062804",62.8237927272727,10.5834024196251,61.2078,10.5236363636364,7.42029732178028,8.775,10.4081818181818,6.90812753368702,10.4,10.6390909090909,8.16988310758848,7.15,3.58478002439846,0.906641955889337,3.67841947078705,0.240545454545455,0.268375460545829,0.125,50,0.16,0,0.45,0.52,0.54,1.87,2.28,0.45,0.45,-5.19000005722046,0.948091287100033,0.411764705882353,0.333333333333333,0.514285714285714,1,SF1
"RNCMPT00065,max,ACUAAUG,RBD_v3_217045",64.3023675675676,12.0672924540939,69.2231,8.46351351351351,6.97623803171576,4.6,9.35945945945946,7.75925287532669,5,7.56756756756757,6.57119300917765,4.7,3.66022192706933,0.92512042598291,3.69158399105072,0.274864864864865,0.255874772684915,0.17,13.5135135135135,0.22,0,0.47,0.52,0.59,2.14,2.18,0.47,0.47,-5.6399998664856,0.973088862120474,-0.066666666666667,0.3,0.571428571428571,1,SF1
"RNCMPT00065,max,GACUAAU,RBD_v3_188118",60.8286126582278,10.1643660225617,63.6604,9.42594936708861,4.69470419564246,8.25,9.70632911392405,5.90393918416301,7.7,9.14556962025316,3.70103233929415,8.2,3.58103655410718,0.916844401227182,3.73360371589661,0.205316455696202,0.200517506384764,0.11,21.5189873417721,0.17,0,0.37,0.49,0.47,2.83,4.51,0.37,0.37,-3.58999991416931,0.96214231424466,-0.1,0.444444444444444,0.473684210526316,1,SF1
"RNCMPT00065,min,CCCCCUC,RBD_v3_201912",68.6624025316456,10.2703780344871,71.7314,6.58797468354431,4.89549253166175,4.2,6.99620253164557,5.50143205221347,4.3,6.17974683544304,4.62937609316948,4.2,3.59881648911705,0.813676924443571,3.70348739624023,0.312658227848101,0.263086750150044,0.22,0,0.24,0,0.46,0.52,0.59,1.97,2.51,0.46,0.46,-5.21999979019165,0.9795363654177,-0.3,-0.111111111111111,0.473684210526316,0,SF1
"RNCMPT00065,min,CUCCCCC,RBD_v3_237750",59.600276119403,9.06432190988867,59.6517,10.765671641791,7.06386026833397,8.15,11.134328358209,6.97820312546462,9.1,10.3970149253731,7.44796026885486,7.1,3.81059782896469,0.670686317569239,3.91190433502197,0.214626865671642,0.212270042121943,0.15,8.95522388059701,0.25,0,0.4,0.48,0.54,2.92,2.6,0.4,0.4,-5.48000001907349,0.927015079774185,0,0.625,0.421052631578947,0,SF1
"RNCMPT00065,min,UUAGCUU,RBD_v3_154684",65.1380229885057,11.4711785038985,70.4396,8.26954022988506,6.39167043494454,4.7,8.50344827586207,6.42079557984113,5,8.03563218390805,6.77179473671208,4.7,3.57215919713864,0.875140450933225,3.68036150932312,0.248965517241379,0.240121260465094,0.14,1.14942528735632,0.26,0,0.44,0.51,0.59,2.09,2.59,0.44,0.44,-3.92000007629394,0.994985417684099,0.058823529411765,0.047619047619048,0.552631578947368,0,SF1
"RNCMPT00066,max,AGGAGGA,RBD_v3_039490",63.9882322580645,8.47730742186716,66.0309,15.0846774193548,4.53065685453888,16.875,14.0209677419355,4.87419222721004,15.6,16.1483870967742,4.45221410880591,18.3,3.64313539574223,0.958856585558853,3.65656757354736,0.189677419354839,0.177865004454571,0.155,22.5806451612903,0.36,0,0.22,0.37,0.43,5.97,8.02,0.22,0.22,-5.51000022888184,0.956399193314886,0.411764705882353,0.238095238095238,0.552631578947368,1,SF2
"RNCMPT00066,max,AGGAGGA,RBD_v3_051049",67.4725964285714,12.4900833369838,70.9021,10.8125,6.55619052951173,8.85,10.8428571428571,6.91886463451106,8.45,10.7821428571429,6.38980980250346,9.5,3.47191741211074,0.968673773959285,3.37531661987305,0.276785714285714,0.302337235934981,0.155,3.57142857142857,0.37,0,0.27,0.37,0.47,3.7,4.37,0.27,0.27,-4.19999980926514,0.944007746882425,0.428571428571429,0.294117647058823,0.447368421052632,1,SF2
"RNCMPT00066,max,GGAGGGA,RBD_v3_071955",63.0766904761905,6.44801756574839,65.594,15.325,1.10333474565773,15.2,14.402380952381,1.64798296451622,14.1,16.247619047619,2.00563086544081,16.2,3.41698826778503,1.01526132323329,3.37105751037598,0.061904761904762,0.114938755595086,0.02,0,0.34,0,0.22,0.39,0.43,10.79,12.12,0.22,0.22,-4.98000001907349,0.974436160642641,0.368421052631579,-0.052631578947368,0.5,1,SF2
"RNCMPT00066,min,UCGUCUU,RBD_v3_160018",56.9002304347826,5.95832190383499,58.94395,19.1489130434783,1.28419837211281,19.125,16.1760869565217,1.87310612888013,16,22.1217391304348,1.20700051431054,22.05,3.64710912497147,0.930014839207611,3.63270008563995,0.012826086956522,0.013930469159885,0.01,0,0.36,0,0.16,0.35,0.37,11.08,18.25,0.16,0.16,-3.1800000667572,0.97042113639059,-0.142857142857143,-0.083333333333333,0.631578947368421,0,SF2
"RNCMPT00066,min,UGUCCUU,RBD_v3_044988",54.3491108108108,8.89105856995241,59.0211,18.2175675675676,1.93312557131565,17.45,16.3810810810811,2.67963905507168,15.6,20.0540540540541,1.43982919407411,20,3.64908201307864,0.941538968407049,3.60788655281067,0.025135135135135,0.018502495570661,0.02,54.0540540540541,0.36,0,0.22,0.35,0.43,12.94,16.14,0.22,0.22,-2.74000000953674,0.972861409666655,-0.125,-0.272727272727273,0.578947368421053,0,SF2
"RNCMPT00066,min,UUCGUUC,RBD_v3_099915",56.5860515151515,6.61584694592845,58.619,21.0712121212121,2.32909687107438,20,19.9333333333333,2.75711201561827,18.6,22.2090909090909,2.23751587094422,21.8,3.7012856945847,0.818996157664877,3.83385014533997,0.01,0.008291561975889,0.01,51.5151515151515,0.37,0,0.15,0.34,0.37,15.15,17.74,0.15,0.15,-3.0699999332428,0.946371799620937,-0.294117647058823,-0.444444444444444,0.514285714285714,0,SF2
"RNCMPT00067,max,GGGAGCC,RBD_v3_003612",60.1461213114754,13.1613247595257,66.2709,13.4868852459016,2.93955639566223,12.2,13.5491803278689,3.55019356048933,12.2,13.4245901639344,2.72168181692282,12.3,3.43100348847811,1.02380208339733,3.43239212036133,0.08016393442623,0.092258546185501,0.04,26.2295081967213,0.3,0,0.36,0.4,0.52,7.51,9.03,0.36,0.36,-4.23999977111816,0.884365025251893,0.368421052631579,0.636363636363636,0.366666666666667,1,SRSF9
"RNCMPT00067,max,GGGGAGC,RBD_v3_176195",60.6616310344828,8.04423697016795,63.3645,13.1568965517241,2.1518980051644,12.4,14.5689655172414,2.44337346544191,14.4,11.7448275862069,2.2291231791409,11.1,3.44345406417189,1.00004261685112,3.77273941040039,0.054137931034483,0.068947041860263,0.04,0,0.24,0,0.21,0.39,0.36,10.37,8.16,0.21,0.21,-4.09999990463257,0.9795363654177,0.3,0.111111111111111,0.473684210526316,1,SRSF9
"RNCMPT00067,max,GGGGAGC,RBD_v3_186352",58.726848,10.491608146013,62.40565,12.473,2.95118810388118,11.6,11.572,3.98189986446322,10,13.374,2.39035562207802,12.75,3.61762360572815,1.00868829698598,3.81983876228333,0.0826,0.117504841411331,0.035,80,0.29,0,0.34,0.41,0.5,6.57,9.39,0.34,0.34,-4.15000009536743,0.908467802873953,0.5,0.473684210526316,0.542857142857143,1,SRSF9
"RNCMPT00067,min,GUGGUUU,RBD_v3_033293",70.4316939393939,10.2200576992482,72.7665,12.9863636363636,4.10210588932962,14.075,13.830303030303,4.43891773701549,15.3,12.1424242424242,4.12448824260699,12,3.5534735918045,0.944958431512641,3.66267621517181,0.166363636363636,0.181918294116523,0.1,0,0.28,0,0.46,0.53,0.61,5.75,5.46,0.46,0.46,-3,0.947730922119161,0.5,0,0.6,0,SRSF9
"RNCMPT00067,min,GUGUUCG,RBD_v3_043282",64.1137854166667,9.32939405302356,65.9865,12.621875,3.2893429831257,11.925,12.2979166666667,3.8142783028551,11.35,12.9458333333333,2.9828558594096,12.55,3.30296853929758,1.05277557304899,3.45475673675537,0.116041666666667,0.116924044873172,0.055,0,0.28,0,0.32,0.48,0.49,7.59,7.78,0.32,0.32,-5.55999994277954,0.996804280445991,-0.052631578947368,0,0.457142857142857,0,SRSF9
"RNCMPT00067,min,UAGUCCU,RBD_v3_027733",56.0215222222222,8.70123914135042,58.76415,21.0407407407407,2.09955237983418,21.275,19.2222222222222,2.59329081144102,19.55,22.8592592592593,1.81071428817558,23,3.60921296146181,0.950397643615125,3.88299763202667,0.054814814814815,0.066268201223221,0.03,11.1111111111111,0.29,0,0.16,0.36,0.35,14.81,18.29,0.16,0.16,-2.6800000667572,0.948007703303971,0,0.529411764705882,0.485714285714286,0,SRSF9
"RNCMPT00068,max,AUAAUUA,RBD_v3_217404",58.9152884057971,10.5061963336843,64.0622,15.9391304347826,3.0793891387791,16,16.2275362318841,3.62693696964204,17.3,15.6507246376812,2.83889079356118,15.7,3.38708508748939,1.0558777998585,3.41357088088989,0.099275362318841,0.090575266728183,0.08,30.4347826086957,0.54,0,0.22,0.29,0.5,8.36,10.71,0.22,0.22,-5.15999984741211,0.957615612623957,0.142857142857143,0.25,0.631578947368421,1,SHEP
"RNCMPT00068,max,AUAUUAG,RBD_v3_122805",73.0835117647059,8.08820994496863,73.534,8.45882352941177,2.45909735254399,8.725,8.59117647058824,2.77584115497394,9.2,8.3264705882353,2.5994613475929,8.55,3.44660476726644,0.899009707885103,3.40033638477325,0.273382352941177,0.216489014537174,0.315,50,0.55,0,0.34,0.32,0.61,3.75,3.66,0.34,0.34,-2.74000000953674,0.948924692132234,0,0.333333333333333,0.631578947368421,1,SHEP
"RNCMPT00068,max,UAUAUUA,RBD_v3_023250",62.7146363636364,11.0888759659861,63.0607,13.4845454545455,6.50443490248564,11.25,12.5418181818182,6.34150615679748,9,14.4272727272727,6.80229957156251,13.5,3.54201462702318,0.921442060707462,3.65471625328064,0.098181818181818,0.113856487137535,0.02,54.5454545454545,0.55,0,0.3,0.29,0.57,4.72,5.31,0.3,0.3,-2.73000001907349,0.984984399005478,0,-0.047619047619048,0.6,1,SHEP
"RNCMPT00068,min,CCCCCCC,RBD_v3_183991",64.1617181818182,9.56779883242865,65.6672,12.0441558441558,3.26849971645182,11.7,11.7688311688312,3.26029784481579,10.8,12.3194805194805,3.61655691744448,12.3,3.59453610708187,1.03555532572283,3.58829879760742,0.172987012987013,0.164693215076627,0.11,0,0.54,0,0.27,0.31,0.55,7.25,6.62,0.27,0.27,-5.67000007629395,0.944298080965623,0.04,0.384615384615385,0.342105263157895,0,SHEP
"RNCMPT00068,min,CCCCCCU,RBD_v3_183023",67.082245,17.9424709691548,75.1911,10.6975,6.17650663216799,8.5,10.76875,6.27189014673075,8.45,10.62625,6.20613709631264,8.45,3.68950583338737,0.890875775111235,3.77696013450623,0.274,0.257193223920032,0.22,18.75,0.55,0,0.31,0.31,0.58,3.76,3.94,0.31,0.31,-5.01999998092651,0.947223225702869,-0.304347826086957,-0.333333333333333,0.394736842105263,0,SHEP
"RNCMPT00068,min,GCCCCCC,RBD_v3_083576",70.3078029411765,14.5627382127615,69.81915,10.0860294117647,5.56410970730655,11.175,9.48235294117647,5.58042798274364,10.75,10.6897058823529,5.72874760885266,11.45,3.71357336114435,0.947257608899575,3.78515303134918,0.189705882352941,0.214399338578252,0.105,0,0.54,0,0.39,0.3,0.65,2.09,2.43,0.39,0.39,-4.82999992370606,0.954306349436356,0,-0.2,0.333333333333333,0,SHEP
"RNCMPT00069,max,ACACACA,RBD_v3_003309",69.1571383333333,13.2602824937536,68.8926,10.41375,5.1669845671152,11,9.825,5.09516577607778,10,11.0025,5.44147567880489,11.65,3.6502901305755,1.04331912539439,3.71561300754547,0.215166666666667,0.209444978167422,0.13,0,0.27,0,0.41,0.54,0.57,2.71,2.96,0.41,0.41,-1.78999996185303,0.973142269226386,-0.222222222222222,0.3,0.526315789473684,1,SM
"RNCMPT00069,max,ACACACA,RBD_v3_023851",69.8591343137255,16.4904832563038,72.6254,9.33774509803922,6.06437183524921,9.55,9.34411764705882,6.19604750298846,10.35,9.33137254901961,6.23920819411694,7.3,3.52911437025257,0.93337945093652,3.52951645851135,0.257549019607843,0.287968082233375,0.11,32.3529411764706,0.22,0,0.46,0.54,0.59,1.33,1.72,0.46,0.46,-4.53000020980835,0.94841021822029,-0.333333333333333,0.4,0.526315789473684,1,SM
"RNCMPT00069,max,ACACACA,RBD_v3_115487",69.1571383333333,13.2602824937536,68.8926,10.41375,5.1669845671152,11,9.825,5.09516577607778,10,11.0025,5.44147567880489,11.65,3.6502901305755,1.04331912539439,3.71561300754547,0.215166666666667,0.209444978167422,0.13,0,0.27,0,0.41,0.54,0.57,2.71,2.96,0.41,0.41,-1.78999996185303,0.973142269226386,-0.222222222222222,0.3,0.526315789473684,1,SM
"RNCMPT00069,min,AGAGUCG,RBD_v3_104533",62.5786708333333,8.99649413690506,64.81945,13.1100694444444,3.12826936594549,13.55,12.8111111111111,3.35828192652992,13,13.4090277777778,3.25975487504457,13.4,3.54621036847432,0.916977662060589,3.63703620433807,0.072430555555556,0.115457415197833,0.03,25.6944444444444,0.25,0,0.46,0.55,0.61,5.85,6.78,0.46,0.46,-6.98999977111816,0.994985417684099,0.157894736842105,-0.052631578947368,0.5,0,SM
"RNCMPT00069,min,AGAGUCG,RBD_v3_160610",72.320113592233,12.7483886847038,77.2242,6.13106796116505,3.65414830414275,4.75,6.41941747572816,4.84790349375786,4.5,5.84271844660194,2.67609614491207,5,3.59445388745336,0.938282409849049,3.73681831359863,0.327961165048544,0.292062843168065,0.22,35.9223300970874,0.26,0,0.5,0.64,0.66,1.67,2.16,0.5,0.5,-6.25,0.959253543925123,-0.12,-0.076923076923077,0.342105263157895,0,SM
"RNCMPT00069,min,GAGUCGU,RBD_v3_153659",59.8641797979798,10.8229908622658,59.8065,15.6161616161616,7.06026112529042,14.4,15.6979797979798,6.44888820979593,14.9,15.5343434343434,7.93581601601455,12.8,3.60656469337868,1.02564322051723,3.80503368377686,0.142727272727273,0.181904988554062,0.04,1.01010101010101,0.27,0,0.37,0.52,0.53,4.95,5.78,0.37,0.37,-5.01000022888184,0.866864491212075,0.652173913043478,0.333333333333333,0.394736842105263,0,SM
"RNCMPT00070,max,AGAUCAA,RBD_v3_229571",78.8746881188119,10.1674469436657,82.5348,4.07673267326733,2.91478613586345,2.95,4.61089108910891,3.79262181057113,3,3.54257425742574,2.37416707645665,2.6,3.68030133872929,0.910609089793531,3.70798921585083,0.326336633663366,0.346088782748812,0.18,71.2871287128713,0.08,0,0.71,0.72,0.75,1.31,1.36,0.71,0.71,-1.22000002861023,0.970134489327324,0,0.368421052631579,0.542857142857143,1,SNRNP70
"RNCMPT00070,max,AUCAAGA,RBD_v3_086909",72.0404837606838,13.2310791673656,73.4585,5.63119658119658,3.91099646937152,4.4,6.12222222222222,4.44239200693669,4.4,5.14017094017094,3.56602888932396,4.2,3.60234201769543,0.833143106605572,3.6121335029602,0.275726495726496,0.34114744572246,0.08,60.6837606837607,0.08,0,0.72,0.72,0.76,1.33,1.43,0.72,0.72,-7.05999994277954,0.979649455264845,0.25,0.090909090909091,0.578947368421053,1,SNRNP70
"RNCMPT00070,max,GAUCAAG,RBD_v3_172434",73.4915660869565,14.1395144008709,77.4093,6.11173913043478,5.55435395217905,3.1,6.84869565217391,6.21482897278323,3.5,5.37478260869565,5.14585241737939,3.1,3.56795363322548,0.904964364684188,3.67322325706482,0.281130434782609,0.342538934187079,0.09,61.7391304347826,0.08,0,0.71,0.7,0.75,1.23,1.36,0.71,0.71,-4.42000007629395,0.972861409666655,0.125,0.272727272727273,0.578947368421053,1,SNRNP70
"RNCMPT00070,min,GCCCACC,RBD_v3_125136",77.195112037037,10.010422623266,80.75035,4.30972222222222,2.69383562776352,3.5,4.91666666666667,3.59021255195626,3.55,3.70277777777778,2.05533080918924,2.95,3.71452145112885,0.840232953778461,3.75642621517181,0.299074074074074,0.309009684501889,0.16,0,0.09,0,0.7,0.71,0.74,1.46,1.43,0.7,0.7,-3.11999988555908,0.94841021822029,-0.4,0.333333333333333,0.473684210526316,0,SNRNP70
"RNCMPT00070,min,GCCCGCC,RBD_v3_119665",76.1145989361702,10.0865155180684,79.7535,4.51702127659575,3.22631612880438,2.85,5.25638297872341,4.28236088314269,3.2,3.77765957446809,2.38274054987647,2.7,3.63559866331993,0.827938058509141,3.61893367767334,0.318297872340426,0.319995424355299,0.165,2.12765957446808,0.08,0,0.66,0.71,0.71,1.53,1.62,0.66,0.66,-1.96000003814697,0.978771866509031,-0.166666666666667,0.111111111111111,0.6,0,SNRNP70
"RNCMPT00070,min,GCCCGCC,RBD_v3_186736",72.4055865168539,9.41246593356374,74.5941,5.84269662921348,3.40022183903456,4.5,6.18988764044944,3.91192945139434,4.6,5.49550561797753,3.23998141522306,4.5,3.41845027851255,0.923533597422775,3.40562415122986,0.255955056179775,0.210225631498439,0.21,14.6067415730337,0.16,0,0.56,0.68,0.67,2.31,2.98,0.56,0.56,-5,0.974726007693974,-0.263157894736842,-0.263157894736842,0.5,0,SNRNP70
"RNCMPT00071,max,AUUGCAC,RBD_v3_133839",87.0040142857143,9.67658073982157,92.0929,3.19571428571429,3.04661540474518,1.6,3.20714285714286,3.57103165496266,1.5,3.18428571428571,2.87107694354139,1.8,3.63899894356728,0.829049301825484,3.54973638057709,0.393428571428571,0.421494531105153,0.12,67.1428571428571,0.37,0,0.73,0.52,0.87,0.97,0.98,0.73,0.73,-4.17999982833862,0.994221288054791,-0.125,0.052631578947368,0.542857142857143,1,SNRPA
"RNCMPT00071,max,AUUGCAC,RBD_v3_233166",87.0040142857143,9.67658073982157,92.0929,3.19571428571429,3.04661540474518,1.6,3.20714285714286,3.57103165496266,1.5,3.18428571428571,2.87107694354139,1.8,3.63899894356728,0.829049301825484,3.54973638057709,0.393428571428571,0.421494531105153,0.12,67.1428571428571,0.37,0,0.73,0.52,0.87,0.97,0.98,0.73,0.73,-4.17999982833862,0.994221288054791,-0.125,0.052631578947368,0.542857142857143,1,SNRPA
"RNCMPT00071,max,UUGCACA,RBD_v3_168565",88.46358,8.75561510407393,92.3506,2.95846153846154,2.93483348695524,1.6,3.25538461538461,4.07837401612268,1.5,2.66153846153846,2.03805148270446,1.7,3.64317668309579,0.87469811059077,3.53426933288574,0.435692307692308,0.426958609054969,0.24,83.0769230769231,0.37,0,0.63,0.52,0.79,1.03,0.99,0.63,0.63,-5.23999977111816,0.996886877160992,0.111111111111111,0,0.526315789473684,1,SNRPA
"RNCMPT00071,min,GGGGGGG,RBD_v3_026081",85.7532130434783,10.229823315706,89.9234,3.5,3.06279860489025,1.65,3.87826086956522,4.23517725044785,1.6,3.12173913043478,2.34676683503179,1.7,3.57615221928859,0.896705024604665,3.54868245124817,0.36695652173913,0.407338218870301,0.13,0,0.37,0,0.54,0.51,0.72,0.98,0.96,0.54,0.54,-4,0.902797502680033,0.68421052631579,0.157894736842105,0.5,0,SNRPA
"RNCMPT00071,min,GGGGGGG,RBD_v3_054011",73.517235,11.3855046098309,76.44335,8.68,3.73598390756381,8.75,9.247,3.88481776804384,8.6,8.113,4.03834286945934,8.4,3.56577487587929,0.917889551267568,3.50452935695648,0.2302,0.266469548357819,0.105,18,0.37,0,0.43,0.47,0.62,3.32,1.82,0.43,0.43,-5.1100001335144,0.953353793718457,0.473684210526316,0.157894736842105,0.5,0,SNRPA
"RNCMPT00071,min,GGGGGUG,RBD_v3_193503",76.3799779069768,14.8275102777982,83.8678,11.053488372093,9.44573290121204,4.65,11.7720930232558,9.10121712820732,5.85,10.3348837209302,9.96125160387649,4.1,3.54384792752044,0.884569207186365,3.56532680988312,0.236511627906977,0.335754698418741,0.05,26.7441860465116,0.37,0,0.46,0.48,0.65,2.69,1.45,0.46,0.46,-4.3600001335144,0.914189532743129,0.625,0.263157894736842,0.542857142857143,0,SNRPA
"RNCMPT00072,max,AGGAGAA,RBD_v3_111459",61.7396540540541,9.62016109015851,62.4734,13.4952702702703,4.36148435929378,11.975,12.9243243243243,4.43809198824366,11.1,14.0662162162162,4.44433692380947,12.7,3.51722759974969,0.898233027611249,3.61662030220032,0.067162162162162,0.090954154796321,0.03,10.8108108108108,0.32,0,0.27,0.58,0.49,7.39,8.43,0.27,0.27,-4.09999990463257,0.959719404281602,0.25,0.368421052631579,0.542857142857143,1,SRSF2
"RNCMPT00072,max,AGGAGAA,RBD_v3_127223",69.4903883333333,16.6334177599692,73.66105,7.34,5.55811972840224,5.775,7.9,6.25974494525624,6.9,6.78,5.10754841851329,4.6,3.45346471269925,0.997367800964435,3.48799192905426,0.341333333333333,0.328000964584499,0.195,1.66666666666667,0.32,0,0.59,0.63,0.76,1.71,1.82,0.59,0.59,-5.01999998092651,0.972004874858178,0.333333333333333,0.2,0.526315789473684,1,SRSF2
"RNCMPT00072,max,AGGAGAG,RBD_v3_106344",53.3636481012658,12.0011383567737,53.1181,17.6025316455696,5.26601281279286,18.4,17.5101265822785,5.40179445342979,18.5,17.6949367088608,5.28509997319938,16.9,3.57700819229778,0.940105252822933,3.74446606636047,0.079113924050633,0.113918435434482,0.02,10.126582278481,0.23,0,0.3,0.57,0.47,9.44,9.25,0.3,0.3,-5.67999982833862,0.941252681369194,0.555555555555556,0.1,0.526315789473684,1,SRSF2
"RNCMPT00072,min,CCAUUUU,RBD_v3_023952",59.0229388888889,8.62208235494401,60.4131,11.015,2.58580231176044,10.525,10.7855555555556,3.63956291705693,9.6,11.2444444444444,2.14973795691376,10.9,3.50169187121921,1.11681272262795,3.65562438964844,0.153333333333333,0.20663162684711,0.05,0,0.32,0,0.35,0.6,0.56,4.98,7.21,0.35,0.35,-7.01000022888184,0.996804280445991,-0.058823529411765,0.111111111111111,0.514285714285714,0,SRSF2
"RNCMPT00072,min,GGGGGGC,RBD_v3_223282",72.0302513513514,11.3246566007902,74.36885,6.30405405405405,5.07934817275326,3.7,6.84054054054054,5.56734409317033,3.6,5.76756756756757,5.14816387292551,3.75,3.61306490285977,0.783057215351415,3.51888906955719,0.331351351351351,0.306242469627627,0.195,8.10810810810811,0.28,0,0.56,0.63,0.72,1.71,2.21,0.56,0.56,-6.30999994277954,0.885447218023071,0.529411764705882,0.538461538461538,0.433333333333333,0,SRSF2
"RNCMPT00072,min,GGGGGGG,RBD_v3_011654",57.0449040816327,8.82570309413456,59.0941,17.6663265306122,2.44866859561609,17.5,16.8510204081633,2.80521259213537,16.2,18.4816326530612,2.32546352632005,18.4,3.21420314603922,0.987396052129276,3.25554704666138,0.066938775510204,0.064491733373118,0.04,0,0.32,0,0.15,0.56,0.39,10.7,13.97,0.15,0.15,-7.73000001907349,0.926125028789024,0.478260869565217,0.2,0.394736842105263,0,SRSF2
"RNCMPT00073,max,ACGACGA,RBD_v3_077725",55.9831144444444,10.537914432487,54.29895,11.7088888888889,2.96771559119338,11.65,11.3666666666667,2.89908935721609,11.3,12.0511111111111,3.51223365800376,11.8,3.28601740201314,1.13348272555367,3.3564475774765,0.097555555555556,0.082697650349229,0.065,43.3333333333333,0.08,0,0.38,0.54,0.45,5.09,6.36,0.38,0.38,-7.17000007629395,0.996886877160992,0,0.111111111111111,0.473684210526316,1,SRSF7
"RNCMPT00073,max,CGACGAC,RBD_v3_172245",55.5007676470588,9.36347212625937,53.9459,13.1029411764706,3.44161193525738,13.85,12.7602941176471,3.52759440699514,12.9,13.4455882352941,4.07399594162744,12.45,3.58207838149632,1.03185629470779,3.76293277740479,0.162205882352941,0.164224505854304,0.12,30.8823529411765,0.19,0,0.3,0.53,0.44,6.35,7.89,0.3,0.3,-6.25,0.916111015484444,0,0.666666666666667,0.473684210526316,1,SRSF7
"RNCMPT00073,max,GACGACG,RBD_v3_055960",53.0952457142857,12.8483758014156,52.11795,11.1171428571429,4.61168086646059,12.65,11.0828571428571,4.93388083806486,12.75,11.1514285714286,4.64223655670919,11.65,3.46804170438222,0.954704789168454,3.5360449552536,0.188428571428571,0.194315116213932,0.105,42.8571428571429,0.22,0,0.41,0.55,0.55,3.21,3.93,0.41,0.41,-3.82999992370606,0.939363066899027,0,0.4,0.333333333333333,1,SRSF7
"RNCMPT00073,min,UUUGUCC,RBD_v3_026735",52.1306234375,9.87588201585202,50.08265,17.04765625,4.1794321563822,15.225,16.3015625,4.04888745006987,14.5,17.79375,4.41522887648489,16.5,3.4319735839963,0.939491244023544,3.47384834289551,0.05046875,0.054697717299516,0.03,60.9375,0.23,0,0.27,0.53,0.44,9.8,9.93,0.27,0.27,-6.15000009536743,0.986863224815062,-0.125,0.090909090909091,0.578947368421053,0,SRSF7
"RNCMPT00073,min,UUUGUCC,RBD_v3_110550",56.867698630137,10.4122188791915,54.7687,12.3691780821918,3.6735506414188,11.7,11.6698630136986,3.91466916906095,11.6,13.0684931506849,3.79267849914399,12.1,3.31006928421047,0.96888066770989,3.43775200843811,0.120547945205479,0.087605339939966,0.1,60.2739726027397,0.15,0,0.37,0.54,0.48,4.53,7.04,0.37,0.37,-2.92000007629395,0.99900044193615,0.052631578947368,0.052631578947368,0.5,0,SRSF7
"RNCMPT00073,min,UUUUGUC,RBD_v3_120107",47.196,8.36177967259932,45.6168,16.15,4.58410166720134,15.3,15.58,4.30920388183689,14.8,16.72,5.11260813135154,15.2,3.5177476644516,0.87934880641263,3.55174803733826,0.088235294117647,0.094329418612044,0.04,49.4117647058824,0.07,0,0.21,0.53,0.31,8.32,10.2,0.21,0.21,-3.78999996185303,0.943824487357175,-0.125,-0.454545454545455,0.578947368421053,0,SRSF7
"RNCMPT00074,max,AGGACAA,RBD_v3_020823",50.6104285714286,10.1847149900599,55.2322,19.9397959183673,3.02670371429872,20.65,18.9877551020408,3.09876538943746,20.2,20.8918367346939,3.39858038590465,20.5,3.42186213147884,1.02447346396279,3.40667033195496,0.023469387755102,0.041157776726082,0.01,0,0.27,0,0.17,0.37,0.35,11.74,14.75,0.17,0.17,-4.67000007629395,0.936610717806957,0.25,0.454545454545455,0.578947368421053,1,SRSF9
"RNCMPT00074,max,AGGAGCA,RBD_v3_065928",66.7740756756757,8.84060498531273,68.256,18.5608108108108,3.27002665498682,20.2,17.5486486486486,3.43103657981258,18.7,19.572972972973,3.36432663302684,21.3,3.55299150621569,0.984776699248727,3.52364158630371,0.240810810810811,0.216466296816982,0.16,0,0.29,0,0.23,0.39,0.4,10.34,10.73,0.23,0.23,-4.90999984741211,0.929985803806722,0.5,0.333333333333333,0.473684210526316,1,SRSF9
"RNCMPT00074,max,GAGGAGC,RBD_v3_106705",62.6601375,11.6600445540119,68.36475,9.546875,4.09087472113759,8.625,9.36666666666667,5.14927523647677,7.6,9.72708333333333,3.31237136776874,9.5,3.31246347477039,0.928664244639574,3.27185440063477,0.083958333333333,0.081833759441915,0.055,0,0.3,0,0.36,0.43,0.53,4.15,4.99,0.36,0.36,-4.28999996185303,0.872951854449475,0.68421052631579,0.375,0.457142857142857,1,SRSF9
"RNCMPT00074,min,ACUGUUU,RBD_v3_002893",57.1331574074074,7.7088026021617,58.9505,15.9027777777778,2.0351954304812,15.675,14.8592592592593,2.27110799312188,14.45,16.9462962962963,2.07907027143647,16.8,3.76241967854676,0.826860795311263,3.80780899524689,0.070555555555556,0.064527796165586,0.05,81.4814814814815,0.29,0,0.18,0.38,0.37,10.03,12.37,0.18,0.18,-2.30999994277954,0.9380060247158,-0.230769230769231,-0.363636363636364,0.628571428571429,0,SRSF9
"RNCMPT00074,min,CUGUUUC,RBD_v3_177649",71.1839925925926,8.43923582376828,74.8154,7.47592592592593,1.96147365961894,6.85,8.4962962962963,2.87100645465629,7.6,6.45555555555556,1.46269859488795,6.1,3.38653309256942,1.01085733319543,3.31331562995911,0.263333333333333,0.21427875446573,0.21,0,0.28,0,0.31,0.39,0.47,5.65,3.8,0.31,0.31,-1.80999994277954,0.938770814254659,-0.466666666666667,-0.3,0.571428571428571,0,SRSF9
"RNCMPT00074,min,GUUUGUG,RBD_v3_001244",60.69976,8.38125615097185,62.5497,16.8616666666667,3.53502291444479,15.025,16.0783333333333,3.77516827177624,14.3,17.645,3.57161241657564,16.65,3.6188200255235,0.900855798851669,3.70713174343109,0.059,0.083801622086967,0.02,88.3333333333333,0.27,0,0.34,0.4,0.48,8.83,11.74,0.34,0.34,-5.05000019073486,0.956739401689847,0.375,-0.285714285714286,0.466666666666667,0,SRSF9
"RNCMPT00075,max,UCCGAUA,RBD_v3_058286",60.1073418367347,7.1790113147353,61.8776,14.9852040816327,5.83049311447336,13,14.2683673469388,5.32882836465519,12,15.7020408163265,6.48951540757251,13.55,3.7020103645568,0.911766560351067,3.82223606109619,0.116326530612245,0.204169869416449,0.02,17.3469387755102,0.3,0,0.59,0.56,0.73,6.95,5.75,0.59,0.59,-5.03999996185303,0.986863224815062,0.052631578947368,0.263157894736842,0.5,1,TUT1
"RNCMPT00075,max,UCCGAUA,RBD_v3_063226",76.6930595890411,9.74752908102659,77.8826,4.49315068493151,4.43592166738846,2.8,4.59041095890411,4.62382628189257,2.8,4.3958904109589,4.4293982888989,2.7,3.68256023648667,0.819927119809101,3.744784116745,0.303561643835616,0.316508407527983,0.16,35.6164383561644,0.31,0,0.84,0.6,0.94,1.43,1.64,0.84,0.84,-4.80999994277954,0.984029002132122,0,0.181818181818182,0.578947368421053,1,TUT1
"RNCMPT00075,max,UUCGAUA,RBD_v3_152819",57.1701660550459,7.76116246520694,55.4667,18.1522935779817,2.6639689941707,18.55,17.6596330275229,2.4641172736212,18.2,18.6449541284404,3.14832366443231,18.5,3.47243019036197,0.934532617817337,3.53638648986816,0.059724770642202,0.073275971449344,0.03,4.58715596330275,0.29,0,0.44,0.56,0.61,11.52,10.88,0.44,0.44,-4.98999977111816,0.984984399005478,0.176470588235294,-0.222222222222222,0.514285714285714,1,TUT1
"RNCMPT00075,min,AGGGGGC,RBD_v3_024571",67.2952692307692,9.62014381283925,69.3655,12.0972527472527,5.51020448621042,12.65,12.1043956043956,5.6643507441603,14.2,12.0901098901099,5.81639550361361,11,3.72202074789739,0.918769801793107,3.94882965087891,0.236923076923077,0.255997796464875,0.12,16.4835164835165,0.29,0,0.44,0.59,0.62,4.47,4.97,0.44,0.44,-2.9300000667572,0.93695455156163,0.222222222222222,0.5,0.4,0,TUT1
"RNCMPT00075,min,AGGGGGC,RBD_v3_105434",63.3919173076923,15.1679469864034,59.3811,13.9240384615385,8.01434293113703,19.15,13.3435897435897,7.74406061265918,17.4,14.5044871794872,8.39234938038301,19.5,3.66340323518484,0.886037305511786,3.72378826141357,0.117692307692308,0.245317032939264,0.015,24.3589743589744,0.31,0,0.67,0.58,0.81,1.32,1.36,0.67,0.67,-3.07999992370605,0.948069982513254,0.5,0,0.466666666666667,0,TUT1
"RNCMPT00075,min,AGGGGGG,RBD_v3_131732",57.3477232394366,9.54384377038778,57.5251,17.85,2.27047812629539,18.25,17.3669014084507,2.00363930698124,17.5,18.3330985915493,2.89376247342834,18.7,3.72199408143339,0.928305855974469,3.88940119743347,0.089295774647887,0.127405355707171,0.02,33.8028169014084,0.29,0,0.4,0.56,0.58,12.54,10.17,0.4,0.4,-5.07999992370606,0.802467797371566,0.636363636363636,0,0.266666666666667,0,TUT1
"RNCMPT00076,max,AGAAUGA,RBD_v3_122590",61.344355952381,5.69555150273664,62.4718,17.0077380952381,4.73831787324667,17.95,17.7714285714286,4.96271814921737,18.2,16.2440476190476,4.6883950857018,16.3,3.61328415643601,0.957796861635824,3.6869660615921,0.068333333333333,0.06842167861444,0.04,0,0.37,0,0.22,0.39,0.43,9.15,7.94,0.22,0.22,-4.69999980926514,0.930962789489506,0.6,0.1,0.571428571428571,1,TARDBP
"RNCMPT00076,max,AGAAUGA,RBD_v3_190636",70.4224684931507,5.39285768575944,71.4481,10.9780821917808,3.4636102943213,11.95,10.5547945205479,3.96106190503571,12.6,11.4013698630137,3.30506736990862,10.8,3.57822019759923,0.956728676449582,3.55994606018066,0.193835616438356,0.177604665049047,0.15,0,0.37,0,0.33,0.44,0.54,4.11,6.05,0.33,0.33,-5.8600001335144,0.943154140846086,0.428571428571429,0.166666666666667,0.631578947368421,1,TARDBP
"RNCMPT00076,max,GAAUGAG,RBD_v3_036671",59.6600971014493,5.80411261061983,60.3123,14.0565217391304,2.99715444757335,14.85,13.1913043478261,3.39678650606348,14,14.9217391304348,2.83651969670049,15.5,3.45665317687435,0.928436899403301,3.38915753364563,0.048840579710145,0.039761651340281,0.04,42.0289855072464,0.37,0,0.22,0.38,0.43,6.2,8.12,0.22,0.22,-3.89000010490417,0.953667851750936,0.5,0.052631578947368,0.542857142857143,1,TARDBP
"RNCMPT00076,min,CAUUUCA,RBD_v3_005890",66.4306986666667,6.98434776276313,67.9797,9.764,4.07489479220845,9.6,9.81866666666667,4.24587855274791,9,9.70933333333333,4.01531437742421,9.6,3.55728473504384,0.878441420724167,3.60758781433106,0.114933333333333,0.101640241729045,0.09,46.6666666666667,0.37,0,0.31,0.42,0.52,3.6,4.16,0.31,0.31,-5.28000020980835,0.991355861529484,0.058823529411765,0.142857142857143,0.552631578947368,0,TARDBP
"RNCMPT00076,min,CAUUUCA,RBD_v3_172826",65.8168574712644,5.84422971612155,67.2499,9.13390804597701,1.75132000470731,8.8,8.69655172413793,1.92072226457714,8.4,9.57126436781609,1.96592531299481,9,3.41450203629746,0.92093458481057,3.37585926055908,0.128505747126437,0.120662210955348,0.09,25.2873563218391,0.37,0,0.31,0.42,0.51,4.99,6.16,0.31,0.31,-4.53000020980835,0.972861409666655,0.066666666666667,-0.217391304347826,0.605263157894737,0,TARDBP
"RNCMPT00076,min,CAUUUCA,RBD_v3_211225",70.2017641975309,6.526130165732,70.3663,8.37407407407407,3.84862078470255,8.8,7.67654320987654,4.00874891970482,8.9,9.07160493827161,3.87127997463052,8.7,3.48224596624021,0.871118061699683,3.46443891525268,0.175802469135803,0.228773163841013,0.04,0,0.35,0,0.37,0.45,0.56,2.42,3.51,0.37,0.37,-4.59000015258789,0.982848200563011,-0.222222222222222,0.2,0.526315789473684,0,TARDBP
"RNCMPT00077,max,UUUUUCG,RBD_v3_210431",66.5433661538462,12.8112869925694,66.65945,11.67,7.13572353637646,8.575,11.5907692307692,7.48710981335158,8.75,11.7492307692308,6.91984278794675,9.2,3.50857333403367,0.897683150492375,3.55141460895538,0.147615384615385,0.172140216175781,0.07,37.6923076923077,0.3,0,0.34,0.39,0.5,2.98,2.7,0.34,0.34,-9.28999996185303,0.900117575482587,0.647058823529412,-0.333333333333333,0.552631578947368,1,TIA1
"RNCMPT00077,max,UUUUUUG,RBD_v3_152636",70.2698963768116,12.3773397277256,70.17065,9.93514492753623,7.26688923652501,7.175,10.1688405797101,7.68872338292068,6.8,9.70144927536232,6.95209872746255,6.95,3.55012498731199,0.898558521164993,3.54292821884155,0.241376811594203,0.275188567145458,0.12,26.8115942028986,0.29,0,0.43,0.4,0.57,1.44,1.45,0.43,0.43,-5.11999988555908,0.972861409666655,0.125,-0.272727272727273,0.578947368421053,1,TIA1
"RNCMPT00077,max,UUUUUUG,RBD_v3_225797",60.8520429824561,9.12301544838651,59.46245,16.9372807017544,5.82444426079072,16.05,17.0710526315789,5.47714032491394,16.5,16.8035087719298,6.37132583449496,16,3.44714460979428,0.98437026205624,3.48187386989593,0.170964912280702,0.197376462083262,0.075,35.9649122807018,0.31,0,0.27,0.33,0.44,8.55,6.94,0.27,0.27,-4.57999992370606,0.957615612623957,0.2,-0.304347826086957,0.605263157894737,1,TIA1
"RNCMPT00077,min,AGGGGGG,RBD_v3_021242",67.5719891666667,14.7434861096068,69.93665,11.1266666666667,6.58205458629984,9.2,10.7766666666667,6.86478938739808,8.2,11.4766666666667,6.4767811973133,9.9,3.64069861322641,0.911682463394992,3.72330188751221,0.208416666666667,0.214988746366934,0.135,11.6666666666667,0.29,0,0.34,0.35,0.49,1.89,2.46,0.34,0.34,-6.65000009536743,0.93695455156163,0.1,0.4,0.333333333333333,0,TIA1
"RNCMPT00077,min,GGGGGGC,RBD_v3_015998",71.8131275510204,9.68089065036295,71.0537,9.74795918367347,5.5032741817909,9.45,9.4,5.72129319964365,8.7,10.0959183673469,5.49417532938006,9.8,3.37685448417858,0.953429878251522,3.48027181625366,0.179081632653061,0.165386686749593,0.13,9.18367346938776,0.32,0,0.38,0.35,0.53,2.69,3.38,0.38,0.38,-7.53000020980835,0.934136706203068,0.142857142857143,0.111111111111111,0.3,0,TIA1
"RNCMPT00077,min,GGGGGGG,RBD_v3_044649",67.9994509615385,8.7305280534255,69.82145,10.3913461538462,4.70942270856484,8.8,9.19230769230769,4.22718185881718,7.45,11.5903846153846,5.49420735081427,10.55,3.47277590173941,0.917180646480959,3.49256575107574,0.179903846153846,0.163858186331297,0.14,51.9230769230769,0.31,0,0.33,0.35,0.49,3.55,4.16,0.33,0.33,-6.03000020980835,0.899616505266622,0.478260869565217,0.466666666666667,0.394736842105263,0,TIA1
"RNCMPT00078,max,AGAAGAA,RBD_v3_027072",63.2042159090909,14.5554672414837,66.9357,10.1073863636364,5.05499945867141,8.825,9.525,4.73932557401913,7.75,10.6897727272727,5.57931400580211,9.3,3.45386617800052,0.973272126846549,3.44495248794556,0.292954545454546,0.290730981591681,0.19,69.3181818181818,0.44,0,0.41,0.55,0.66,3.52,3.84,0.41,0.41,-4.23999977111816,0.953353793718457,0.157894736842105,0.473684210526316,0.5,1,TRA2
"RNCMPT00078,max,AGAAGAA,RBD_v3_055639",64.4370842105263,9.58877837340141,66.8486,9.61578947368421,4.28188832983451,8.1,9.42105263157895,4.56092631733735,7.7,9.81052631578947,4.17696421760924,8.7,3.33716969741018,1.01331251008818,3.32342147827148,0.170175438596491,0.15106161500799,0.12,75.4385964912281,0.46,0,0.35,0.52,0.61,3.77,5.46,0.35,0.35,-10.0799999237061,0.959253543925123,0.4,0.222222222222222,0.473684210526316,1,TRA2
"RNCMPT00078,max,AGAAGAA,RBD_v3_105475",69.4613041666667,10.7124409475249,70.29735,7.45416666666667,3.6681801720537,6.375,8.09166666666667,4.29538730648076,6.9,6.81666666666667,3.2501787599809,5.9,3.5112437589301,0.945067162739146,3.6824768781662,0.296388888888889,0.309339621718501,0.135,62.5,0.45,0,0.45,0.57,0.7,3.42,3.5,0.45,0.45,-4.1100001335144,0.932804536676998,0.444444444444444,0.4,0.526315789473684,1,TRA2
"RNCMPT00078,min,AGGGGGG,RBD_v3_062286",57.1253597014925,10.4384930893923,59.7116,18.1746268656716,4.14220126237912,17.35,17.2522388059702,4.70117194315177,15.4,19.0970149253731,3.8881704877999,17.6,3.61898283638171,0.97725622006025,3.86077857017517,0.102089552238806,0.135686105153087,0.04,4.47761194029851,0.46,0,0.16,0.5,0.45,9.63,12.98,0.16,0.16,-5.42999982833862,0.981649930192858,0.3,0,0.473684210526316,0,TRA2
"RNCMPT00078,min,AGGGGGG,RBD_v3_075285",63.1523760869565,13.4051562501099,65.3959,11.1521739130435,5.02770056256933,9.25,10.7434782608696,5.49426578550211,8.85,11.5608695652174,4.78258313563657,9.4,3.61290465230527,0.767414348886282,3.62078869342804,0.266521739130435,0.212605188515179,0.225,0,0.45,0,0.37,0.51,0.63,3.98,5.07,0.37,0.37,-4.48999977111816,0.989242296754326,0.111111111111111,-0.2,0.526315789473684,0,TRA2
"RNCMPT00078,min,GGGGGGG,RBD_v3_112821",62.2244983050847,12.5969860333047,63.8825,12.0432203389831,4.06773954031659,10.6,12.0322033898305,4.09223152503265,10.3,12.0542372881356,4.32651496424397,10.9,3.6597338470362,0.821023941581369,3.75902438163757,0.23864406779661,0.179678425653267,0.21,0,0.44,0,0.34,0.51,0.6,6.23,6.06,0.34,0.34,-7.28000020980835,0.925823624801245,0.6,0,0.473684210526316,0,TRA2
"RNCMPT00079,max,UUUUUUC,RBD_v3_138040",76.9142375,5.05264124086163,78.0742,7.39444444444444,1.9014737715552,6.85,7.60277777777778,2.01613018123043,6.95,7.18611111111111,1.97579048581029,6.75,3.63814706769254,0.818925010081472,3.63534486293793,0.190694444444444,0.158552664986543,0.125,0,0.17,0,0.4,0.53,0.51,4.74,4.17,0.4,0.4,-4.46000003814697,0.915129625944227,0,-0.5,0.631578947368421,1,U2AF2
"RNCMPT00079,max,UUUUUUU,RBD_v3_029559",82.2682118421053,4.34854673983442,83.311,4.51644736842105,1.33898937406525,4.25,4.09868421052632,1.60495012766151,3.85,4.93421052631579,1.30154294400443,4.65,3.60256768057221,0.886196408875448,3.57423043251038,0.221710526315789,0.155575389295306,0.215,85.5263157894737,0.17,0,0.44,0.53,0.54,2.06,2.95,0.44,0.44,-4.38000011444092,0.960336745459753,0.125,-0.363636363636364,0.578947368421053,1,U2AF2
"RNCMPT00079,max,UUUUUUU,RBD_v3_159452",73.7199362068966,3.89089269384056,74.8602,8.15948275862069,1.58469812545492,7.8,8.40344827586207,1.45710184802686,8.35,7.91551724137931,2.00620106425648,7.45,3.62839902063896,0.916044996159373,3.65488731861114,0.08051724137931,0.076397446769891,0.06,91.3793103448276,0.17,0,0.39,0.55,0.5,5.39,5.1,0.39,0.39,-7.1399998664856,0.972861409666655,0.125,-0.272727272727273,0.578947368421053,1,U2AF2
"RNCMPT00079,min,AGAGUCG,RBD_v3_072002",72.7051915492958,4.34435080718944,72.9778,10.4549295774648,1.85736285649415,10.3,11.6788732394366,2.09563597526981,11.7,9.23098591549296,2.08981144394114,9.1,3.67354670376845,0.806175814706169,3.75916218757629,0.106338028169014,0.094146382020155,0.08,70.4225352112676,0.18,0,0.34,0.51,0.47,6.91,4.69,0.34,0.34,-5.46999979019165,0.952472309466181,0.4,0.2,0.428571428571429,0,U2AF2
"RNCMPT00079,min,GAGUCGU,RBD_v3_051562",79.7328514705882,5.39431986927799,80.51305,5.94632352941177,2.01730047518938,5.525,6.025,2.14617848501755,5.4,5.86764705882353,2.07741524075678,5.45,3.55197482950547,0.898479487644292,3.64479184150696,0.123382352941176,0.116805876642666,0.09,22.0588235294118,0.17,0,0.46,0.55,0.56,2.91,3,0.46,0.46,-1.10000002384186,0.973041590739604,-0.052631578947368,-0.375,0.457142857142857,0,U2AF2
"RNCMPT00079,min,GAGUGAG,RBD_v3_138028",80.8688783783784,8.25856021678844,82.81415,4.47094594594595,2.46144248214914,4.05,4.23378378378378,2.37937928057494,3.7,4.70810810810811,2.74224968921788,4.2,3.56202266989527,0.862478537201732,3.62227976322174,0.372837837837838,0.316247346711574,0.285,13.5135135135135,0.18,0,0.54,0.55,0.63,1.37,1.49,0.54,0.54,-3.3199999332428,0.934903450457374,-0.047619047619048,0.571428571428571,0.4,0,U2AF2
"RNCMPT00080,max,UUUUUCC,RBD_v3_007520",77.6293135802469,5.4618282564484,79.3216,5.52530864197531,2.18790886831453,4.65,5.37654320987654,2.32111350459958,4.6,5.67407407407407,2.29656143929233,4.7,3.80051520430012,0.831524130626136,3.82782244682312,0.250123456790123,0.183599386077136,0.21,0,0.15,0,0.44,0.52,0.53,2.99,3.29,0.44,0.44,-2.94000005722046,0.915732641867936,-0.25,-0.545454545454545,0.578947368421053,1,U2AF50
"RNCMPT00080,max,UUUUUCC,RBD_v3_116610",77.6293135802469,5.4618282564484,79.3216,5.52530864197531,2.18790886831453,4.65,5.37654320987654,2.32111350459958,4.6,5.67407407407407,2.29656143929233,4.7,3.80051520430012,0.831524130626136,3.82782244682312,0.250123456790123,0.183599386077136,0.21,0,0.15,0,0.44,0.52,0.53,2.99,3.29,0.44,0.44,-2.94000005722046,0.915732641867936,-0.25,-0.545454545454545,0.578947368421053,1,U2AF50
"RNCMPT00080,max,UUUUUUU,RBD_v3_029559",76.0323897058824,4.66921061771463,76.9018,6.375,1.60687654746902,6,6.08235294117647,1.97173619806691,5.95,6.66764705882353,1.45811585401249,6.6,3.4011154385174,0.958747558273721,3.55646347999573,0.179852941176471,0.120589257795618,0.15,83.8235294117647,0.15,0,0.4,0.51,0.49,3,4.12,0.4,0.4,-4.38000011444092,0.960336745459753,0.125,-0.363636363636364,0.578947368421053,1,U2AF50
"RNCMPT00080,min,GUGAGUC,RBD_v3_020775",69.9311072727273,4.17437720171146,70.9018,8.96818181818182,2.23522647034643,8.35,9.42727272727273,2.63856404167498,8.8,8.50909090909091,2.12247869834206,7.9,3.52792089635676,0.809646218702378,3.48492217063904,0.115090909090909,0.096164841640159,0.08,0,0.15,0,0.33,0.5,0.44,4.85,5.68,0.33,0.33,-2.98000001907349,0.922946411418153,0.285714285714286,0.416666666666667,0.631578947368421,0,U2AF50
"RNCMPT00080,min,UGAGUCG,RBD_v3_073940",71.6449337837838,6.74617848565763,72.92155,9.40202702702703,3.28571460909346,9.25,9.29864864864865,3.798431299973,8.5,9.50540540540541,3.05662952939514,9.1,3.5702611030759,0.866576627120099,3.50443136692047,0.180135135135135,0.164579108206967,0.13,0,0.15,0,0.36,0.49,0.46,4.7,4.55,0.36,0.36,-7.48000001907349,0.9795363654177,0.3,0.111111111111111,0.473684210526316,0,U2AF50
"RNCMPT00080,min,UGAGUCG,RBD_v3_149682",63.0995017857143,3.94703861645854,63.59155,17.8598214285714,1.08980480499354,17.875,17.5821428571429,0.912759480986019,17.4,18.1375,1.75432582233435,18.35,3.80102515433516,0.822380420692616,3.86817836761475,0.039464285714286,0.041006413815719,0.03,0,0.14,0,0.2,0.43,0.32,13.83,13.65,0.2,0.2,-3.8199999332428,0.986389195400269,0.25,0.052631578947368,0.542857142857143,0,U2AF50
"RNCMPT00081,max,AUGUUGU,RBD_v3_150739",50.5768582089552,9.31306487895332,53.2433,20.2115671641791,1.89534366295884,19.8,19.2462686567164,2.45677387076892,18.8,21.1768656716418,1.90850546492269,21.2,3.46465780541523,0.986032366685827,3.49298989772797,0.039402985074627,0.042933086493221,0.02,29.8507462686567,0.38,0,0.21,0.28,0.41,13.78,14.83,0.21,0.21,-1.87999999523163,0.953667851750936,0.384615384615385,0.090909090909091,0.628571428571429,1,UNC-75
"RNCMPT00081,max,UGUUGUG,RBD_v3_021065",51.1530673611111,8.6356062431152,53.1356,19.915625,2.13398629534992,20.4,19.4048611111111,2.35758943681951,19.8,20.4263888888889,2.23619263438048,20.8,3.52616880254613,0.91237080553594,3.56770801544189,0.047430555555556,0.059493744488439,0.02,36.8055555555556,0.29,0,0.19,0.28,0.35,11.43,13.08,0.19,0.19,-6.3899998664856,0.964043773721552,0.333333333333333,0.130434782608696,0.605263157894737,1,UNC-75
"RNCMPT00081,max,UGUUGUG,RBD_v3_177863",57.9981410852713,13.0873980320622,56.7634,14.943023255814,6.95892453129558,14.5,14.9201550387597,7.46093346041735,13.9,14.9658914728682,6.67324995930617,15.3,3.60840885860975,0.941788597638191,3.7726833820343,0.138992248062015,0.208356084029092,0.05,31.7829457364341,0.24,0,0.29,0.3,0.41,3.35,2.76,0.29,0.29,-6.84000015258789,0.95123947226555,0.5,0,0.578947368421053,1,UNC-75
"RNCMPT00081,min,GACGCAC,RBD_v3_040657",57.167262,7.47987927030506,58.57585,18.307,4.4848567874616,17.525,18.133,5.06208036046027,16.7,18.481,4.14343084797118,18.5,3.53384483158588,0.971096146136106,3.67758893966675,0.0939,0.09794757410333,0.055,35,0.36,0,0.23,0.3,0.42,10.18,8.6,0.23,0.23,-7.05000019073486,0.969100929771736,0.142857142857143,0.285714285714286,0.4,0,UNC-75
"RNCMPT00081,min,GACGCAC,RBD_v3_080544",57.3300643478261,8.93552126141455,57.4966,18.3817391304348,4.42843350008594,18.5,18.5434782608696,4.64458051350745,17.9,18.22,4.50286848146862,19.1,3.60575173885926,0.92464026362253,3.72160077095032,0.074086956521739,0.073076451821578,0.05,37.3913043478261,0.33,0,0.24,0.3,0.42,10.45,6.73,0.24,0.24,-3.64000010490417,0.986389195400269,-0.052631578947368,0.25,0.457142857142857,0,UNC-75
"RNCMPT00081,min,GACGCAC,RBD_v3_166594",54.4925689320388,10.0221666438287,55.5631,18.3655339805825,4.52968979766271,20.6,18.3728155339806,4.58191659047928,20,18.3582524271845,4.73241894520241,20.4,3.46615506028666,0.869131818383124,3.40626788139343,0.059417475728155,0.073535708848957,0.03,33.9805825242718,0.38,0,0.23,0.29,0.44,9.16,6.91,0.23,0.23,-5.73000001907349,0.982848200563011,0.157894736842105,0.263157894736842,0.5,0,UNC-75
"RNCMPT00082,max,GCUGGUC,RBD_v3_002136",71.7240105263158,6.52396318607151,74.1894,13.5921052631579,1.45728659176097,13.75,14.3263157894737,2.19743337789622,15,12.8578947368421,1.67010172327373,12.9,3.57213962078094,0.896468567272349,3.74737930297852,0.041578947368421,0.028918113872477,0.04,94.7368421052632,0,0,0.29,0.63,0.36,8.84,10.36,0.29,0.29,-6.21999979019165,0.986863224815062,-0.142857142857143,-0.176470588235294,0.447368421052632,1,Vts1p
"RNCMPT00082,max,GCUGGUC,RBD_v3_114193",71.7240105263158,6.52396318607151,74.1894,13.5921052631579,1.45728659176097,13.75,14.3263157894737,2.19743337789622,15,12.8578947368421,1.67010172327373,12.9,3.57213962078094,0.896468567272349,3.74737930297852,0.041578947368421,0.028918113872477,0.04,94.7368421052632,0,0,0.29,0.63,0.36,8.84,10.36,0.29,0.29,-6.21999979019165,0.986863224815062,-0.142857142857143,-0.176470588235294,0.447368421052632,1,Vts1p
"RNCMPT00082,max,GCUGGUC,RBD_v3_164319",83.1092264705882,5.74139324894011,83.6834,4.59705882352941,2.0533026307402,3.7,4.94705882352941,3.22107033727099,3.4,4.24705882352941,0.969296931744593,3.85,3.7803982776754,0.741104041432243,3.69681107997894,0.210588235294118,0.214926924529479,0.125,0,0,0,0.53,0.73,0.57,2.52,3.19,0.53,0.53,-4.67000007629395,0.994221288054791,-0.125,-0.052631578947368,0.542857142857143,1,Vts1p
"RNCMPT00082,min,ACCCCCC,RBD_v3_124783",65.7903181818182,8.99211894700905,67.0196,16.0636363636364,1.27862674914784,16.1,15.1848484848485,1.84968260995657,14.8,16.9424242424242,1.42829231580722,17.4,3.65468031348604,0.851328894132048,3.74376893043518,0.071818181818182,0.06217186589681,0.05,0,0,0,0.22,0.64,0.31,9.39,13.21,0.22,0.22,-3.99000000953674,0.991355861529484,-0.2,0,0.473684210526316,0,Vts1p
"RNCMPT00082,min,ACCCCCC,RBD_v3_168238",61.7620558139535,9.06931673977342,66.2373,13.3139534883721,2.24118180934681,12.9,12.7906976744186,3.38623361171224,11.2,13.8372093023256,1.50333332105595,13.8,3.7429569488348,1.00394991640632,3.94400095939636,0.015348837209302,0.020511185938793,0.01,0,0,0,0.28,0.71,0.37,8.64,11.33,0.28,0.28,-5.69000005722046,0.910055982235463,-0.090909090909091,0.25,0.266666666666667,0,Vts1p
"RNCMPT00082,min,ACCCCCC,RBD_v3_197990",66.2841170212766,8.84521693774613,70.056,7.40106382978723,2.52109554692137,6.15,8.32553191489362,4.18020532495019,5.8,6.47659574468085,1.05916553822941,6.5,3.48887891972319,0.982514205091108,3.58944344520569,0.136382978723404,0.198772598189324,0.03,8.51063829787234,0.02,0,0.43,0.68,0.49,4.19,4.55,0.43,0.43,-4.11999988555908,0.952472309466181,-0.4,0.2,0.428571428571429,0,Vts1p
"RNCMPT00083,max,AACACCA,RBD_v3_013992",62.444858,5.17266549091019,63.64905,15.102,2.61578723468536,15.1,16.046,2.62765589646059,15.95,14.158,2.93272110184799,14.3,3.63731720209122,0.976978031034085,3.74858486652374,0.0536,0.063463310949987,0.03,0,0.73,0,0.21,0.33,0.6,11.21,9.19,0.21,0.21,-0.360000014305115,0.90422705362151,-0.538461538461538,0.363636363636364,0.628571428571429,1,YBX1
"RNCMPT00083,max,GAACAUC,RBD_v3_030723",82.1197634920635,15.0691545460373,89.4863,4.42222222222222,5.35641594317249,1.9,4.39047619047619,5.63347467078352,1.8,4.45396825396825,5.20613240747267,2.1,3.65949646821098,0.836390943815044,3.81117653846741,0.338730158730159,0.392487896108797,0.05,63.4920634920635,0.73,0,0.51,0.37,0.84,1.15,1.07,0.51,0.51,-3.75,0.973142269226386,-0.222222222222222,0.3,0.526315789473684,1,YBX1
"RNCMPT00083,max,GAACAUC,RBD_v3_118226",82.1197634920635,15.0691545460373,89.4863,4.42222222222222,5.35641594317249,1.9,4.39047619047619,5.63347467078352,1.8,4.45396825396825,5.20613240747267,2.1,3.65949646821098,0.836390943815044,3.81117653846741,0.338730158730159,0.392487896108797,0.05,63.4920634920635,0.73,0,0.51,0.37,0.84,1.15,1.07,0.51,0.51,-3.75,0.973142269226386,-0.222222222222222,0.3,0.526315789473684,1,YBX1
"RNCMPT00083,min,CCCCCCC,RBD_v3_099115",60.3937542372881,10.026666994438,64.3568,14.2474576271186,4.6581539902961,12.65,15.0847457627119,4.49658159660632,13.8,13.4101694915254,5.05049314475924,11.8,3.663778990002,0.89446023709608,3.73575472831726,0.071186440677966,0.088553213025349,0.03,8.47457627118644,0.73,0,0.27,0.33,0.65,8.85,6.89,0.27,0.27,-5.86999988555908,0.938734143998914,0.047619047619048,-0.111111111111111,0.3,0,YBX1
"RNCMPT00083,min,UUUUUUU,RBD_v3_049924",59.8946175438597,12.1239457897985,64.7242,14.1570175438597,4.1002878665982,12.3,14.6614035087719,3.69993988300413,13.2,13.6526315789474,4.64554722530687,12.1,3.41584526865106,0.836217620156639,3.35087919235229,0.124385964912281,0.122780546735391,0.08,43.859649122807,0.73,0,0.27,0.33,0.65,9.13,6.7,0.27,0.27,-2.04999995231628,0.899793366642591,0.076923076923077,-0.647058823529412,0.566666666666667,0,YBX1
"RNCMPT00083,min,UUUUUUU,RBD_v3_240329",56.7107173076923,8.91974724770988,58.2921,18.05,2.52235106635868,17.675,18.575,2.64514909324412,18.5,17.525,2.74489722654851,16.55,3.40344147842664,0.865401145383189,3.42027401924133,0.030576923076923,0.023879884186869,0.03,32.6923076923077,0.73,0,0.26,0.33,0.64,11.43,11.75,0.26,0.26,-3.67000007629394,0.882357082908222,0.066666666666667,-0.652173913043478,0.605263157894737,0,YBX1
"RNCMPT00084,max,AACAACU,RBD_v3_027354",74.95742,4.6273758289121,76.3373,8.23454545454545,1.91492366947946,7.75,7.87818181818182,1.94181004802897,7.3,8.59090909090909,2.38647987531556,8.2,3.59844012043693,0.915383434967951,3.57694983482361,0.302,0.284132207099285,0.2,1.81818181818182,0.76,0,0.45,0.33,0.81,5.61,5.36,0.45,0.45,-6.40999984741211,0.972004874858178,0.2,0.333333333333333,0.473684210526316,1,YBX2
"RNCMPT00084,max,AACAACU,RBD_v3_225575",72.2419194444445,11.1617965551343,74.5353,7.74236111111111,4.27315283973155,5.875,7.69027777777778,4.42706654926396,5.85,7.79444444444445,4.26703343494028,6.55,3.63818250265386,0.829308916541399,3.69832217693329,0.257638888888889,0.304623956848558,0.095,58.3333333333333,0.76,0,0.64,0.35,0.96,4.25,3.49,0.64,0.64,-4.09000015258789,0.922946411418153,0.125,0.545454545454545,0.578947368421053,1,YBX2
"RNCMPT00084,max,AACAUCA,RBD_v3_155132",61.9382833333333,5.3515731329455,63.5509,15.5425925925926,2.93738761177869,14.775,15.5888888888889,2.44715211197005,15.15,15.4962962962963,3.70318389084582,14.5,3.45901113527792,0.88828456972859,3.47838008403778,0.085925925925926,0.070162036676795,0.075,59.2592592592593,0.76,0,0.3,0.31,0.68,11.62,11.39,0.3,0.3,-4.94999980926514,0.977747995787952,-0.333333333333333,0.1,0.526315789473684,1,YBX2
"RNCMPT00084,min,GCCCCUC,RBD_v3_180883",67.1783919354839,9.03608164211948,69.1189,9.87177419354839,3.93726022915809,8.625,10.2112903225806,4.04609120577856,9.05,9.53225806451613,4.06773688211849,8.5,3.50744213596467,0.897273953507719,3.55069839954376,0.092903225806452,0.134839152469169,0.04,25.8064516129032,0.76,0,0.44,0.34,0.8,6.29,5.76,0.44,0.44,-4.55999994277954,0.98986211886685,-0.1,-0.066666666666667,0.428571428571429,0,YBX2
"RNCMPT00084,min,GGGCUCC,RBD_v3_024151",75.2971215686275,9.79255016077658,79.1709,7.32941176470588,2.58944350142242,6.55,7.19411764705882,2.30099211338986,6.5,7.46470588235294,3.05756919983256,6.7,3.54594153516433,0.918748984635664,3.61496138572693,0.352745098039216,0.272228421964883,0.31,3.92156862745098,0.76,0,0.46,0.33,0.81,4.81,4.05,0.46,0.46,-5.76000022888184,0.973211645383088,0.333333333333333,-0.176470588235294,0.485714285714286,0,YBX2
"RNCMPT00084,min,GGGCUCC,RBD_v3_074559",62.2228869565217,4.23660405186401,63.6678,22.7445652173913,1.51962086868438,22.8,22.1130434782609,1.96079447567699,22.55,23.3760869565217,1.83620197177746,23.4,3.37497819765754,0.980883684886881,3.36461961269379,0.015869565217391,0.015716387336722,0.01,30.4347826086957,0.76,0,0.16,0.3,0.57,16.25,18.54,0.16,0.16,-5.51000022888184,0.977747995787952,0.142857142857143,0.294117647058823,0.447368421052632,0,YBX2
"RNCMPT00085,max,CGCAGCG,RBD_v3_078674",58.1034338461538,4.01607881588485,57.7834,15.6953846153846,2.31882114238779,15.35,15.1538461538462,2.40247768740139,14.8,16.2369230769231,2.72204939055399,15.7,3.25833552433894,1.27705095757918,3.33639121055603,0.045846153846154,0.047199454038564,0.03,0,0.73,0,0.23,0.31,0.61,11.57,11.97,0.23,0.23,-5.19000005722046,0.984984399005478,-0.047619047619048,0,0.4,1,ZC3H10
"RNCMPT00085,max,GCAGCGA,RBD_v3_099728",65.6753378378378,7.55066280719599,64.928,10.0162162162162,2.34227613818429,9.6,9.81351351351352,2.63324495233144,9.1,10.2189189189189,2.6345817544766,10.1,3.26442069942887,0.990396038605668,3.28034996986389,0.149189189189189,0.186597879861398,0.06,2.7027027027027,0.73,0,0.53,0.31,0.85,6.51,5.21,0.53,0.53,-6.09000015258789,0.934903450457374,0.047619047619048,0.571428571428571,0.4,1,ZC3H10
"RNCMPT00085,max,GCAGCGA,RBD_v3_168987",63.7536242424242,5.02990017445096,63.8004,11.2833333333333,2.57649632899667,10.825,11.0681818181818,2.85108125728895,10.35,11.4984848484849,2.68330980603275,11.5,3.316676215692,1.07245244696214,3.55137455463409,0.120454545454545,0.103929440830444,0.09,0,0.7,0,0.3,0.31,0.65,7.49,5.89,0.3,0.3,-6.59999990463257,0.947927637120239,0.130434782608696,0.466666666666667,0.394736842105263,1,ZC3H10
"RNCMPT00085,min,AGCCCGU,RBD_v3_083693",52.4649404255319,4.68640504747321,52.4903,21.1234042553192,1.7989686376121,20.9,19.8936170212766,2.28372352846981,19.3,22.3531914893617,1.63279582363048,22.5,3.47135389358439,1.05552904304383,3.50856566429138,0.03468085106383,0.038041799883686,0.02,23.4042553191489,0.73,0,0.19,0.3,0.58,15.97,18.35,0.19,0.19,-4.96000003814697,0.996804280445991,-0.058823529411765,-0.111111111111111,0.514285714285714,0,ZC3H10
"RNCMPT00085,min,AGCCCGU,RBD_v3_226734",59.6280340909091,4.39622034823166,60.1219,14.8977272727273,3.68996052391839,13.425,14.9159090909091,3.96859433739443,14.1,14.8795454545455,3.69245488048229,13.95,3.44023895263672,1.01924568491714,3.60112059116364,0.129318181818182,0.127997051697018,0.07,15.9090909090909,0.73,0,0.25,0.31,0.63,9.91,10.26,0.25,0.25,-5.3899998664856,0.982848200563011,-0.157894736842105,0.263157894736842,0.5,0,ZC3H10
"RNCMPT00085,min,GCCCGUG,RBD_v3_171261",58.9201916666667,5.45783032231336,59.41785,15.521875,3.06027926430447,14.325,14.9229166666667,3.31760228615155,13.6,16.1208333333333,3.005240694388,15,3.40224730968475,0.956771967124638,3.29051387310028,0.082708333333333,0.083455672609956,0.055,18.75,0.73,0,0.23,0.31,0.61,11.03,9.69,0.23,0.23,-5.32000017166138,0.996804280445991,-0.052631578947368,0,0.457142857142857,0,ZC3H10
"RNCMPT00086,max,UUGGUUU,RBD_v3_055884",55.968412631579,5.33662223744176,56.4259,19.4784210526316,4.95417647058315,17.45,18.6136842105263,4.82000729509283,17.5,20.3431578947368,5.22829154454914,19.2,3.41470073430162,0.972489746583767,3.35556554794312,0.022105263157895,0.023104514472842,0.02,32.6315789473684,0.78,0,0.32,0.2,0.68,11.3,9.92,0.32,0.32,-2.99000000953674,0.973041590739604,0.285714285714286,-0.047619047619048,0.6,1,ZC3H14
"RNCMPT00086,max,UUUAUUU,RBD_v3_009249",54.4169018518519,5.26736710462658,54.46245,13.9851851851852,4.72682658743696,13.275,14.0425925925926,4.74427567097531,12.95,13.9277777777778,4.82874321188126,13,3.38719432221519,1.17705204971976,3.6565375328064,0.08962962962963,0.099545437865631,0.03,37.037037037037,0.76,0,0.39,0.21,0.73,7.7,7.3,0.39,0.39,-6.15999984741211,0.952722055612301,0.222222222222222,-0.428571428571429,0.538461538461538,1,ZC3H14
"RNCMPT00086,max,UUUAUUU,RBD_v3_203268",61.3929576271186,7.19128961433981,62.837,20.5686440677966,5.75024660869281,18.2,20.1661016949153,5.18936612199414,18,20.971186440678,6.37470894122471,18.4,3.66373064356335,1.01660844537426,3.80529236793518,0.084237288135593,0.100450766630509,0.05,3.38983050847458,0.75,0,0.34,0.21,0.69,13.1,11.42,0.34,0.34,-3.76999998092651,0.807165417579633,0.714285714285714,-0.666666666666667,0.461538461538462,1,ZC3H14
"RNCMPT00086,min,GGGCGGG,RBD_v3_015564",55.445125,2.27663230941636,56.1084,24.594375,2.14881471228245,23.95,23.94375,2.22897170763061,23.55,25.245,2.2165031188675,24.7,3.38468092121184,1.15072285543439,3.56151819229126,0.01375,0.013442328761478,0.01,23.75,0.77,0,0.19,0.2,0.58,19.18,21.12,0.19,0.19,-4.6399998664856,0.958358093480701,0.157894736842105,0.272727272727273,0.366666666666667,0,ZC3H14
"RNCMPT00086,min,GGGCGGG,RBD_v3_139038",58.230012195122,3.26496010344653,58.8573,15.5817073170732,3.82507771322298,14.2,16.1365853658537,3.37659266847224,15.1,15.0268292682927,4.55631563822371,14.1,3.4522559061283,1.08602690936562,3.80671238899231,0.085121951219512,0.076096056113951,0.06,7.31707317073171,0.77,0,0.29,0.21,0.66,11.73,9.41,0.29,0.29,-4.5,0.977747995787952,0.2,0.043478260869565,0.605263157894737,0,ZC3H14
"RNCMPT00086,min,GGGGGGC,RBD_v3_136946",51.3639769230769,3.99614813410572,52.4697,21.575641025641,3.12040971910977,23.2,19.4897435897436,4.04746801110826,21.6,23.6615384615385,2.41449737437219,24.2,3.48592513035505,1.00735708238782,3.41940307617187,0.043076923076923,0.044316674190828,0.02,0,0.76,0,0.23,0.21,0.6,14.1,19.27,0.23,0.23,-5.30999994277954,0.97042113639059,0.238095238095238,0.294117647058823,0.447368421052632,0,ZC3H14
"RNCMPT00087,max,GAAUUAA,RBD_v3_135861",58.6779462686567,11.7880138393472,59.7121,13.0138059701493,5.32437080821976,13.6,12.1276119402985,5.2639701959849,11.45,13.9,5.64461284193507,14.6,3.63496783865032,0.879195031313486,3.65942907333374,0.136194029850746,0.116611267179729,0.12,41.044776119403,0,0,0.48,0.65,0.52,3.69,5.46,0.48,0.48,-4.67000007629395,0.962715817399016,0.066666666666667,0.304347826086957,0.605263157894737,1,ZCRB1
"RNCMPT00087,max,GAAUUAA,RBD_v3_238794",58.6779462686567,11.7880138393472,59.7121,13.0138059701493,5.32437080821976,13.6,12.1276119402985,5.2639701959849,11.45,13.9,5.64461284193507,14.6,3.63496783865032,0.879195031313486,3.65942907333374,0.136194029850746,0.116611267179729,0.12,41.044776119403,0,0,0.48,0.65,0.52,3.69,5.46,0.48,0.48,-4.67000007629395,0.962715817399016,0.066666666666667,0.304347826086957,0.605263157894737,1,ZCRB1
"RNCMPT00087,max,GAUUUAA,RBD_v3_031561",73.9584122807018,8.978562454414,72.86565,3.95394736842105,1.72842125438321,3.75,4.07105263157895,2.2203692463475,3.55,3.83684210526316,1.36610441287774,3.9,3.45824206398244,0.954295660618661,3.40128886699677,0.280263157894737,0.19374036328334,0.235,43.859649122807,0.12,0,0.63,0.65,0.69,1.58,1.56,0.63,0.63,-4.71999979019165,0.969100929771736,0.285714285714286,-0.142857142857143,0.6,1,ZCRB1
"RNCMPT00087,min,CACCCCC,RBD_v3_143118",64.5601254901961,12.6544096650859,64.016,11.1196078431373,5.62410017824961,12.05,10.5098039215686,5.68108743257997,11.9,11.7294117647059,5.84971164957954,11.7,3.40369144900172,1.00661114538557,3.45291316509247,0.105490196078431,0.133480650512901,0.02,0,0,0,0.57,0.71,0.6,2.86,3.62,0.57,0.57,-4.21999979019165,0.972861409666655,-0.272727272727273,0.125,0.421052631578947,0,ZCRB1
"RNCMPT00087,min,CACCCCC,RBD_v3_227078",72.1013896296296,12.0305604822926,75.0155,7.68703703703704,5.39078803450353,5.55,7.65407407407407,5.16462945981206,5.5,7.72,5.74283200198169,5.5,3.53631125732704,0.899197629914977,3.54550838470459,0.228518518518519,0.19915312685993,0.17,54.8148148148148,0,0,0.72,0.74,0.73,2.03,2.11,0.72,0.72,-6.28000020980835,0.990970393432049,0.157894736842105,0.157894736842105,0.5,0,ZCRB1
"RNCMPT00087,min,CCCCUUC,RBD_v3_195026",58.7167318584071,7.18931015031128,60.5345,16.5942477876106,2.4454928678335,17.15,16.7469026548673,2.56918798999593,17.6,16.441592920354,2.52539691589393,16.6,3.53360954639131,0.912201709921814,3.60290360450745,0.082035398230089,0.096085520798953,0.04,3.53982300884956,0,0,0.34,0.69,0.41,11.11,10.1,0.34,0.34,-5.30999994277954,0.962715817399016,-0.304347826086957,0.066666666666667,0.394736842105263,0,ZCRB1
"RNCMPT00088,max,AGAGAAC,RBD_v3_084411",69.0570159090909,6.46587835573299,69.1967,6.44318181818182,1.94199582392106,6.125,6.87727272727273,2.59676575551326,6.8,6.00909090909091,1.62964087666338,5.8,3.23975761167028,1.04075425743629,3.23429465293884,0.253181818181818,0.221504083927627,0.19,2.27272727272727,0,0,0.54,0.67,0.57,3.09,3.96,0.54,0.54,-6.92000007629395,0.925803629102794,0.3,0.555555555555556,0.473684210526316,1,SRSF10
"RNCMPT00088,max,AGAGACA,RBD_v3_000179",78.9461515625,5.32416021731879,80.2704,4.36953125,1.51850012641704,3.7,4.4078125,2.18648842823954,3.35,4.33125,1.16671768595927,4.05,3.3953752387315,1.00065046987371,3.48066961765289,0.30015625,0.190725367150264,0.265,34.375,0,0,0.63,0.67,0.64,2.32,3.08,0.63,0.63,-3.25,0.89632683791415,0,0.7,0.526315789473684,1,SRSF10
"RNCMPT00088,max,AGAGACA,RBD_v3_110944",78.9461515625,5.32416021731879,80.2704,4.36953125,1.51850012641704,3.7,4.4078125,2.18648842823954,3.35,4.33125,1.16671768595927,4.05,3.3953752387315,1.00065046987371,3.48066961765289,0.30015625,0.190725367150264,0.265,34.375,0,0,0.63,0.67,0.64,2.32,3.08,0.63,0.63,-3.25,0.89632683791415,0,0.7,0.526315789473684,1,SRSF10
"RNCMPT00088,min,UUCUUUU,RBD_v3_199609",73.7992952380952,6.44180841034737,74.0319,4.94603174603175,1.60483899271058,4.65,4.65555555555556,2.28238540876029,4,5.23650793650794,1.44660911492622,5.1,3.58386878929441,1.04276098679719,3.9644193649292,0.302539682539682,0.273448516437433,0.21,26.984126984127,0,0,0.59,0.68,0.61,2.06,2.98,0.59,0.59,-5.09000015258789,0.974726007693974,-0.263157894736842,-0.263157894736842,0.5,0,SRSF10
"RNCMPT00088,min,UUUCUUU,RBD_v3_083963",73.8312880952381,7.9354933968417,74.67525,4.99285714285714,1.94110137923292,5.125,5.0452380952381,2.4348288246492,5,4.94047619047619,1.94247259123828,4.75,3.49978680837722,0.892768427103308,3.59955739974976,0.399285714285714,0.289914982131161,0.375,0,0,0,0.55,0.64,0.57,1.93,2.1,0.55,0.55,-5.21000003814697,0.935122113353606,0.428571428571429,-0.25,0.631578947368421,0,SRSF10
"RNCMPT00088,min,UUUUUUU,RBD_v3_160976",72.090576,5.47869301521106,71.3047,7.244,1.76452109476695,7.425,6.638,2.36512846438861,6.45,7.85,1.68610770227571,7.6,3.30704367399216,0.903829585961784,3.17239809036255,0.1626,0.130051951942605,0.145,68,0,0,0.5,0.68,0.54,3.32,5.17,0.5,0.5,-1.25,0.941189146523286,-0.090909090909091,-0.166666666666667,0.685714285714286,0,SRSF10
"RNCMPT00089,max,AGAGAAA,RBD_v3_129353",75.4944779661017,7.01137406042466,76.2559,4.43305084745763,2.19149236998781,3.9,4.84576271186441,3.29269421357387,3.5,4.02033898305085,1.29837825382507,3.9,3.48740764189575,0.905960125560933,3.45036768913269,0.267966101694915,0.287064690901071,0.13,0,0,0,0.66,0.71,0.67,1.81,2.21,0.66,0.66,-2.1800000667572,0.858013468870691,0.625,0.578947368421053,0.542857142857143,1,SRSF10
"RNCMPT00089,max,AGAGAAC,RBD_v3_007194",68.3031305555556,6.73609399282552,68.78605,7.40763888888889,2.19959438838072,6.775,7.625,3.13457547050341,6.7,7.19027777777778,1.66810677219502,6.9,3.61483215457863,0.929058490266131,3.6938225030899,0.0925,0.079323726092051,0.085,0,0,0,0.51,0.65,0.54,3.55,4.65,0.51,0.51,-3.01999998092651,0.894213273138992,0.111111111111111,0.7,0.526315789473684,1,SRSF10
"RNCMPT00089,max,GAGAAAG,RBD_v3_210476",70.4647186440678,8.53557644574742,69.923,6.62372881355932,2.99187629878959,5.8,6.65593220338983,3.53827696165709,5.8,6.59152542372881,2.98012312494966,5.4,3.42131929528915,1.07535593531206,3.305988073349,0.324576271186441,0.274510988624338,0.3,5.08474576271187,0,0,0.59,0.7,0.61,2.28,3.08,0.59,0.59,-1,0.845802712123929,0.733333333333333,0.5,0.571428571428571,1,SRSF10
"RNCMPT00089,min,CAUUUUG,RBD_v3_126299",78.6425571428571,7.73156792954486,80.9895,3.51632653061224,1.88161023004849,3.05,3.88163265306122,2.62255230877191,3.2,3.15102040816327,1.4007620617869,2.6,3.49981339367069,0.864162747739278,3.71638917922974,0.471020408163265,0.38053824215379,0.45,0,0,0,0.69,0.7,0.69,1.53,1.52,0.69,0.69,-3.89000010490417,0.981649930192858,-0.125,-0.181818181818182,0.578947368421053,0,SRSF10
"RNCMPT00089,min,UCUACUU,RBD_v3_023678",80.8326212765958,5.4135954859215,81.0345,3.32765957446809,1.66817423337476,2.95,3.51489361702128,2.41570754091203,2.9,3.14042553191489,1.28141558518017,2.8,3.51995889683987,0.822138938879558,3.42237639427185,0.48468085106383,0.358292151037267,0.46,2.12765957446808,0,0,0.67,0.71,0.68,1.37,1.55,0.67,0.67,-4.86999988555908,0.991355861529484,-0.142857142857143,0.058823529411765,0.447368421052632,0,SRSF10
"RNCMPT00089,min,UCUACUU,RBD_v3_105262",71.4913152173913,8.1894510051778,73.29715,7.0195652173913,2.49934387525272,6.5,6.5695652173913,3.04104291797822,5.9,7.46956521739131,2.35115759339639,6.95,3.40302990571312,1.12140407568939,3.28682804107666,0.311739130434783,0.249321785363824,0.21,0,0,0,0.47,0.63,0.5,2.81,4.37,0.47,0.47,-4.1399998664856,0.986863224815062,-0.125,0.090909090909091,0.578947368421053,0,SRSF10
"RNCMPT00090,max,AGAGAAA,RBD_v3_017163",85.9949951219512,6.20389719184447,87.3202,2.83292682926829,1.58313809236977,2.35,3.20731707317073,2.4095010109878,2.3,2.45853658536585,0.896932441646554,2.3,3.44175418121059,0.815382825187892,3.39434838294983,0.483170731707317,0.366015293562921,0.5,0,0,0,0.74,0.74,0.74,1.25,1.26,0.74,0.74,-1.36000001430511,0.940829129511555,-0.222222222222222,0.5,0.526315789473684,1,SRSF10
"RNCMPT00090,max,AGAGAAA,RBD_v3_155447",76.7438796296296,5.65540077956477,78.10195,4.77962962962963,1.69718186277486,4.025,5.09444444444445,2.66298291159019,3.9,4.46481481481481,1.05939772982816,4.35,3.4853784110811,0.961853839376975,3.4015109539032,0.257407407407407,0.207484349809312,0.215,0,0,0,0.6,0.67,0.61,2.81,2.9,0.6,0.6,-4.15999984741211,0.949336790478027,0,0.5,0.526315789473684,1,SRSF10
"RNCMPT00090,max,AGAGAAC,RBD_v3_028122",73.5621285714286,7.69543775322198,75.4664,5.17321428571429,2.73748332142224,4.15,5.58214285714286,4.11176171678083,3.85,4.76428571428571,1.5137465347371,4.3,3.37873011614595,0.885577904258482,3.38418793678284,0.255357142857143,0.191320428845188,0.2,0,0,0,0.53,0.66,0.55,2.25,3.23,0.53,0.53,-5.78000020980835,0.994985417684099,0.111111111111111,0.1,0.526315789473684,1,SRSF10
"RNCMPT00090,min,GGGGCGG,RBD_v3_224341",81.8420578947368,5.5823764243231,82.1903,2.99210526315789,1.37739367860632,2.7,3.39649122807018,2.2059954759927,2.8,2.58771929824561,0.711655558599252,2.5,3.42982985053146,0.886521242404417,3.29902482032776,0.423157894736842,0.315652147459016,0.4,22.8070175438596,0,0,0.68,0.7,0.69,1.46,1.53,0.68,0.68,-7.69000005722046,0.977747995787952,0.294117647058823,0.142857142857143,0.552631578947368,0,SRSF10
"RNCMPT00090,min,GGGGGCG,RBD_v3_083774",76.736454,6.40629122383423,78.0219,4.01,1.79880912987295,3.55,4.056,2.40273313761896,3.35,3.964,1.64586804837237,3.3,3.46991032719612,0.995519397723478,3.3581485748291,0.365,0.350621896472132,0.255,0,0,0,0.62,0.7,0.64,1.48,2.07,0.62,0.62,-6.01999998092651,0.972861409666655,0.333333333333333,0.058823529411765,0.447368421052632,0,SRSF10
"RNCMPT00090,min,GGGGGCG,RBD_v3_147529",76.6221305555555,6.97872902734013,78.0383,4.76111111111111,2.12320886231569,4.425,4.92222222222222,2.8260129522614,4.15,4.6,1.70495077432081,3.95,3.60244295994441,0.911292195265002,3.63576328754425,0.399722222222222,0.294312623981576,0.345,0,0,0,0.53,0.63,0.55,2.02,2.54,0.53,0.53,-5.30000019073486,0.957368817970507,0.333333333333333,0.217391304347826,0.605263157894737,0,SRSF10
"RNCMPT00091,max,GACACAA,RBD_v3_103769",63.5295047619048,7.53635362430107,63.62935,14.7571428571429,5.41766705683831,13.5,14.3869047619048,5.79026190056226,12.85,15.127380952381,5.15437959677583,14.2,3.5966250790017,0.896841772663327,3.69001090526581,0.115952380952381,0.15461459945799,0.05,25,0.31,0,0.33,0.44,0.51,6.94,7.33,0.33,0.33,-3.60999989509583,0.953122975909535,0.176470588235294,0.428571428571429,0.552631578947368,1,HNRNPL
"RNCMPT00091,max,GACACGA,RBD_v3_028350",76.9673331521739,10.1075716601717,77.88,5.32635869565217,4.46794268148782,3.925,5.04782608695652,4.3983970816221,3.6,5.60489130434783,4.71904963910292,4.2,3.61539660847705,0.855461546734674,3.64493787288666,0.362065217391304,0.337734457865141,0.225,27.7173913043478,0.29,0,0.68,0.52,0.79,1.18,1.3,0.68,0.68,-4.32000017166138,0.994985417684099,0.058823529411765,0.047619047619048,0.552631578947368,1,HNRNPL
"RNCMPT00091,max,GACACGA,RBD_v3_139392",72.0025441340782,13.7528661750518,76.3236,5.35977653631285,3.8233429920917,3.5,6.08324022346369,4.69821249816604,3.9,4.63631284916201,3.07468274281937,3.1,3.39643596570585,1.04359361887331,3.49774813652039,0.286312849162011,0.343429224022393,0.1,16.2011173184358,0.29,0,0.76,0.6,0.88,1.34,1.26,0.76,0.76,-7.96999979019165,0.97042113639059,0.294117647058823,0.238095238095238,0.552631578947368,1,HNRNPL
"RNCMPT00091,min,GGGGGCC,RBD_v3_009111",67.9638751351351,12.1808833675313,69.2346,12.1940540540541,6.53929737095339,14.05,11.5291891891892,6.27832813974527,13.2,12.8589189189189,6.97007102756204,14.4,3.38133495868863,1.02229083248575,3.46261525154114,0.115351351351351,0.222278250052796,0.02,12.4324324324324,0.3,0,0.46,0.45,0.61,1.54,1.65,0.46,0.46,-5.3899998664856,0.941189146523286,0.333333333333333,0.4,0.571428571428571,0,HNRNPL
"RNCMPT00091,min,GGGGGGC,RBD_v3_187755",67.0889436781609,9.73579992895677,69.5332,15.7344827586207,4.58892948924446,14.45,16.2045977011494,4.13017562681864,15.4,15.264367816092,5.45755241612631,13.2,3.48919260775906,0.892508241427078,3.52682733535767,0.143793103448276,0.149131137697512,0.1,0,0.3,0,0.33,0.41,0.5,9.55,7.66,0.33,0.33,-4.32000017166138,0.941457095004174,0.428571428571429,-0.142857142857143,0.4,0,HNRNPL
"RNCMPT00091,min,GGGGGGG,RBD_v3_161279",61.3870024844721,17.5793472596075,67.6005,14.8770186335404,8.97208517045512,9.35,14.6844720496894,8.65560915682867,9.8,15.0695652173913,9.41423153713475,9,3.51727983836802,0.985401028734469,3.62772130966187,0.128695652173913,0.179778093892104,0.03,21.7391304347826,0.3,0,0.47,0.42,0.61,3.28,4.62,0.47,0.47,-6.09999990463257,0.974436160642641,0.368421052631579,0.052631578947368,0.5,0,HNRNPL
"RNCMPT00093,max,UAGGAUA,RBD_v3_203452",73.0191413793103,12.4759819487663,75.0855,10.1436781609195,7.5371514135049,6.45,9.81609195402299,7.47127636994492,5.6,10.4712643678161,7.68778717438245,6.4,3.33103704041448,0.919652794996816,3.36932063102722,0.231149425287356,0.30820721392398,0.04,52.8735632183908,0.59,0,0.35,0.29,0.64,1.88,2.51,0.35,0.35,-4.38000011444092,0.922984896232518,0.578947368421053,0.263157894736842,0.5,1,HRB27C
"RNCMPT00093,max,UAGGAUA,RBD_v3_230077",77.6200638554217,6.73906763663318,79.5279,6.64036144578313,2.05281570209995,6.2,6.77710843373494,2.36515999052531,6.3,6.50361445783133,2.00623696914741,6.1,3.32264714499554,0.802570912283291,3.40789437294006,0.341084337349398,0.29470535946608,0.26,72.289156626506,0.6,0,0.28,0.3,0.58,3.57,3.57,0.28,0.28,-5.15999984741211,0.962298943521553,0.333333333333333,0.3,0.526315789473684,1,HRB27C
"RNCMPT00093,max,UAGGGUA,RBD_v3_227436",71.4563926315789,10.3462729021927,68.8486,10.6089473684211,6.18855747012422,9.5,10.4031578947368,6.45761059544965,10.8,10.8147368421053,6.04824518987282,9.9,3.50487615873939,0.877806601583019,3.54258394241333,0.230736842105263,0.295174820559019,0.08,0,0.6,0,0.32,0.31,0.61,2.48,3.14,0.32,0.32,-6.03999996185303,0.962298943521553,0.368421052631579,0.263157894736842,0.5,1,HRB27C
"RNCMPT00093,min,GAGUCGU,RBD_v3_079827",61.310541,7.12266095825723,63.69675,15.546,3.46238576006706,15.7,15.502,3.98948061225463,14.9,15.59,3.32637151784756,16.1,3.54166024625301,0.949496023011637,3.55035448074341,0.0463,0.058216853403478,0.02,0,0.6,0,0.3,0.29,0.59,8.74,7.78,0.3,0.3,-4.40999984741211,0.974436160642641,-0.052631578947368,-0.368421052631579,0.5,0,HRB27C
"RNCMPT00093,min,GAGUCGU,RBD_v3_129717",76.1810873563218,8.42916046455186,74.898,8.57126436781609,4.54947372489204,8.35,8.30229885057471,4.52912992854586,8.3,8.84022988505747,4.74176053484296,7.6,3.42916438223302,0.929528622489447,3.44949150085449,0.321034482758621,0.30285476787566,0.23,54.0229885057471,0.59,0,0.35,0.32,0.64,2.32,2.79,0.35,0.35,-5.65999984741211,0.948069982513254,0.263157894736842,0.272727272727273,0.366666666666667,0,HRB27C
"RNCMPT00093,min,GAGUCGU,RBD_v3_233260",67.3682666666667,8.03678286224085,70.42245,14.6776315789474,5.03320870977571,15,15.3850877192982,5.28030624708773,16.6,13.9701754385965,5.12189348671982,13.4,3.45568472251557,0.981926459953169,3.62464261054993,0.192543859649123,0.198435524418747,0.1,16.6666666666667,0.6,0,0.31,0.27,0.6,6.15,6.07,0.31,0.31,-3.26999998092651,0.923219672335508,0.6,-0.2,0.5,0,HRB27C
"RNCMPT00094,max,UAGGUAG,RBD_v3_060079",84.9452921875,8.18489398126458,87.6344,4.1359375,2.11634734655487,3.175,4.1921875,1.95669827892854,3.4,4.0796875,2.35683266657902,3.2,3.36383286863565,0.863603215441981,3.4326696395874,0.384375,0.353678515128488,0.32,0,0.52,0,0.56,0.52,0.81,1.91,1.45,0.56,0.56,-4,0.876679667510711,0.75,0,0.466666666666667,1,HRB98DE
"RNCMPT00094,max,UAGGUAG,RBD_v3_148932",77.5806393258427,10.85187961335,75.9727,10.1606741573034,7.19353589212262,7.05,10.3752808988764,8.03463073908073,7,9.94606741573034,6.58626422218957,7.1,3.53865780455343,0.839541827038364,3.57955837249756,0.308314606741573,0.288697057149784,0.21,43.8202247191011,0.52,0,0.45,0.52,0.73,1.83,1.99,0.45,0.45,-6.11999988555908,0.973088862120474,0.3,0.066666666666667,0.428571428571429,1,HRB98DE
"RNCMPT00094,max,UAGGUAG,RBD_v3_229896",86.9118857142857,5.99131649804874,89.06535,4.25714285714286,1.67756252577201,3.7,4.59047619047619,1.78008077698458,3.75,3.92380952380952,1.70734561117679,3.3,3.35700480710892,0.725376524699039,3.42637455463409,0.436190476190476,0.384295061822594,0.355,83.3333333333333,0.52,0,0.44,0.51,0.72,2.48,2.05,0.44,0.44,-4.21999979019165,0.9611460538546,0.444444444444444,0.058823529411765,0.485714285714286,1,HRB98DE
"RNCMPT00094,min,AGAGUCG,RBD_v3_012837",68.2704083333333,4.41780144785786,68.39045,16.9739583333333,1.65243178580467,16.5,17.6354166666667,1.31221585914548,17.4,16.3125,2.33817759549721,15.85,3.63272340595722,0.826796872010367,3.73455679416656,0.15875,0.149675180221933,0.115,0,0.52,0,0.22,0.49,0.53,14.68,12.32,0.22,0.22,-3.53999996185303,0.941457095004174,0.142857142857143,0.428571428571429,0.6,0,HRB98DE
"RNCMPT00094,min,AGAGUCU,RBD_v3_034782",87.6377711111111,5.90880493703416,89.1963,2.97777777777778,0.937571546091499,2.6,2.82666666666667,0.726260659442976,2.6,3.12888888888889,1.30882011789631,2.8,3.37633154657152,0.778270423292638,3.42023921012878,0.427555555555556,0.322913973595808,0.53,0,0.52,0,0.49,0.52,0.76,1.84,1.75,0.49,0.49,-4.40000009536743,0.973142269226386,-0.222222222222222,-0.3,0.526315789473684,0,HRB98DE
"RNCMPT00094,min,GUGAGUC,RBD_v3_138684",72.1339295454545,5.8571870749505,73.48235,12.7034090909091,2.9302829002102,11.575,13.1977272727273,2.92228714476319,12.2,12.2090909090909,3.09762235764999,11.1,3.56051676381718,0.741680973256207,3.49863386154175,0.184318181818182,0.151079799140207,0.175,2.27272727272727,0.52,0,0.29,0.49,0.59,9.17,7.55,0.29,0.29,-4.26000022888184,0.974436160642641,0.052631578947368,0.368421052631579,0.5,0,HRB98DE
"RNCMPT00095,max,GGUAGGG,RBD_v3_031924",76.4057202247191,10.6299754506492,77.1623,8.49775280898876,5.35242038555052,8.2,8.32022471910112,5.48270379083335,7.9,8.67528089887641,5.3615059133452,8.2,3.47652684570698,0.899871982151196,3.52982378005981,0.23,0.24763426110441,0.12,26.9662921348315,0.06,0,0.69,0.78,0.74,1.89,2.19,0.69,0.69,-5.15000009536743,0.922984896232518,0.578947368421053,0.263157894736842,0.5,1,HRB98DE
"RNCMPT00095,max,GGUAGGG,RBD_v3_060079",85.0037709090909,7.26165388126977,87.6984,2.86545454545455,1.98069088038401,2.1,2.94727272727273,2.88687031264312,1.8,2.78363636363636,1.20027213524817,2.3,3.52277957309376,0.760944809925858,3.5902841091156,0.426545454545455,0.379513422306033,0.31,0,0.05,0,0.73,0.82,0.77,1.28,1.42,0.73,0.73,-4,0.876679667510711,0.75,0,0.466666666666667,1,HRB98DE
"RNCMPT00095,max,GUUAGGG,RBD_v3_086213",86.0971452830189,6.2378718107641,88.726,2.73867924528302,1.3406241912113,2.25,2.3622641509434,1.19054389882788,1.8,3.11509433962264,1.5321423194608,2.6,3.37391983563045,0.678772228849939,3.4612717628479,0.433962264150943,0.379135350413591,0.49,88.6792452830189,0.08,0,0.69,0.79,0.75,1.39,1.66,0.69,0.69,-5.57000017166138,0.91703558151065,0.578947368421053,0.25,0.457142857142857,1,HRB98DE
"RNCMPT00095,min,AGAGUCC,RBD_v3_196418",75.8525641025641,8.31328013549178,78.50055,6.41089743589744,2.49180015557388,5.525,6.43076923076923,3.16951008924001,5.3,6.39102564102564,2.16640140285568,5.8,3.45072122032826,0.904650523744231,3.50593280792236,0.146025641025641,0.187702027911398,0.07,44.8717948717949,0.06,0,0.54,0.74,0.61,2.71,3.23,0.54,0.54,-4.59000015258789,0.97042113639059,-0.157894736842105,-0.368421052631579,0.5,0,HRB98DE
"RNCMPT00095,min,AGAGUCU,RBD_v3_031994",83.4562350877193,5.9918665218984,85.2125,3.29912280701754,1.56072016424396,2.5,2.94912280701754,1.49153837255096,2.1,3.64912280701754,1.7430599947688,3,3.41222614572759,0.754289534929502,3.42370533943176,0.375614035087719,0.397600021305779,0.14,38.5964912280702,0.06,0,0.65,0.75,0.7,1.42,1.64,0.65,0.65,-5.67000007629395,0.977747995787952,0.333333333333333,0.1,0.526315789473684,0,HRB98DE
"RNCMPT00095,min,AGAGUCU,RBD_v3_052889",67.7184084210526,10.6250240261722,65.6189,12.4442105263158,5.17499544227312,12.35,11.6631578947368,5.27049298496747,12.6,13.2252631578947,5.28075527361366,12.9,3.47243221684506,0.935041739253813,3.47472453117371,0.184421052631579,0.252880073289623,0.06,0,0.07,0,0.46,0.73,0.55,2.84,5.39,0.46,0.46,-4.61999988555908,0.988591321492785,-0.222222222222222,0.1,0.526315789473684,0,HRB98DE
"RNCMPT00096,max,GGUAGGG,RBD_v3_031924",76.4057202247191,10.6299754506492,77.1623,8.49775280898876,5.35242038555052,8.2,8.32022471910112,5.48270379083335,7.9,8.67528089887641,5.3615059133452,8.2,3.47652684570698,0.899871982151196,3.52982378005981,0.23,0.24763426110441,0.12,26.9662921348315,0.06,0,0.69,0.78,0.74,1.89,2.19,0.69,0.69,-5.15000009536743,0.922984896232518,0.578947368421053,0.263157894736842,0.5,1,HRB98DE
"RNCMPT00096,max,GGUAGGG,RBD_v3_060079",85.0037709090909,7.26165388126977,87.6984,2.86545454545455,1.98069088038401,2.1,2.94727272727273,2.88687031264312,1.8,2.78363636363636,1.20027213524817,2.3,3.52277957309376,0.760944809925858,3.5902841091156,0.426545454545455,0.379513422306033,0.31,0,0.05,0,0.73,0.82,0.77,1.28,1.42,0.73,0.73,-4,0.876679667510711,0.75,0,0.466666666666667,1,HRB98DE
"RNCMPT00096,max,GGUAGGG,RBD_v3_191146",84.1646857142857,6.74393906278074,85.1839,3.75102040816327,1.69458358318738,3.2,3.0734693877551,1.57252126511908,2.6,4.42857142857143,1.91180542943052,3.9,3.38831941083986,0.820540913342221,3.44656920433044,0.456734693877551,0.380347361823713,0.46,0,0.08,0,0.63,0.78,0.7,1.65,2.16,0.63,0.63,-4.8899998664856,0.917825260474718,0.647058823529412,0.111111111111111,0.514285714285714,1,HRB98DE
"RNCMPT00096,min,AGAGUCU,RBD_v3_039228",81.328705,8.17339267131257,83.80365,3.2275,1.32282520592243,2.725,2.90833333333333,1.30582679395822,2.4,3.54666666666667,1.43059388718689,3.15,3.36460643410683,0.863839012138401,3.31006455421448,0.411333333333333,0.35741286322999,0.385,3.33333333333333,0.06,0,0.62,0.76,0.67,1.52,1.77,0.62,0.62,-5.44999980926514,0.991926560584619,0.111111111111111,-0.176470588235294,0.485714285714286,0,HRB98DE
"RNCMPT00096,min,AGAGUCU,RBD_v3_203049",80.9401517857143,5.83090631901145,82.8821,3.69196428571429,0.837462443430059,3.475,3.56071428571429,1.10924684873502,3.05,3.82321428571429,0.78624332838414,3.6,3.45103458208697,0.914238635885799,3.58260798454285,0.278392857142857,0.241674287086899,0.195,58.9285714285714,0.05,0,0.67,0.76,0.71,2.13,2.7,0.67,0.67,-5.82000017166138,0.986863224815062,0.090909090909091,0.125,0.421052631578947,0,HRB98DE
"RNCMPT00096,min,CCCCCCC,RBD_v3_146093",67.4021626666667,10.3289792708038,69.3212,15.0846666666667,5.01526031587953,13.95,14.8466666666667,4.8872236448678,14,15.3226666666667,5.24998258255369,14.1,3.47119092305501,0.830007492164331,3.66227269172668,0.0988,0.126415873105291,0.03,18.6666666666667,0.06,0,0.47,0.74,0.55,6.42,6.7,0.47,0.47,-3.11999988555908,0.9795363654177,-0.238095238095238,0.176470588235294,0.447368421052632,0,HRB98DE
"RNCMPT00097,max,CGCGCGG,RBD_v3_206656",55.980868,17.4763468630643,63.26595,14.22,6.71116948961709,10.6,13.828,6.75797457883376,10.3,14.612,6.74575119491325,11.35,3.37679201126099,0.902310305148221,3.47089099884033,0.0762,0.085186230563108,0.05,0,0.12,0,0.3,0.46,0.39,7.76,5.52,0.3,0.3,-4.78999996185303,0.973041590739604,-0.047619047619048,0.285714285714286,0.4,1,LARK
"RNCMPT00097,max,CGCGCGU,RBD_v3_179815",69.1966435897436,8.92120480834979,70.7249,7.74615384615385,4.35632306048202,6.35,6.48974358974359,3.49419028130943,4.9,9.0025641025641,5.30156318454568,7.8,3.48243911449726,0.909688069202123,3.43061971664429,0.386410256410256,0.313943400694148,0.36,2.56410256410256,0.12,0,0.39,0.48,0.47,2.72,3,0.39,0.39,-3.25999999046326,0.994221288054791,-0.052631578947368,0.125,0.457142857142857,1,LARK
"RNCMPT00097,max,UCGCGCG,RBD_v3_177480",68.2224888888889,8.54064194365076,67.7225,8.58888888888889,2.77517175735634,7.8,7.74222222222222,2.11332234009185,7.2,9.43555555555556,3.63725393141806,8.8,3.47553947236803,0.790784976315457,3.42153167724609,0.350666666666667,0.31218001799661,0.44,0,0.13,0,0.35,0.47,0.43,4.52,4.78,0.35,0.35,-6.44999980926514,0.974698926669803,0.222222222222222,0,0.4,1,LARK
"RNCMPT00097,min,ACCCCCC,RBD_v3_130727",68.2968987951807,11.2738110330059,71.6651,9.45722891566265,5.81567547683299,10.3,9.10602409638554,5.5658880341926,10.8,9.80843373493976,6.26932533848928,9.5,3.50550945264747,0.935224315086659,3.62049126625061,0.352289156626506,0.266674759892859,0.37,20.4819277108434,0.12,0,0.46,0.48,0.52,1.74,2.29,0.46,0.46,-4.92999982833862,0.892320349714147,-0.272727272727273,0.25,0.266666666666667,0,LARK
"RNCMPT00097,min,CCCCCCA,RBD_v3_002837",53.54624125,10.4157903707431,53.4764,19.2625,2.49680175170993,19.175,19.59,2.54471902903029,19.25,18.935,3.27008303227528,19.2,3.27608896121383,1.17506859119698,3.40683805942535,0.132875,0.169677234548571,0.04,0,0.12,0,0.22,0.45,0.33,12.67,11.16,0.22,0.22,-3.26999998092651,0.924867674165171,-0.363636363636364,0.384615384615385,0.371428571428571,0,LARK
"RNCMPT00097,min,CCCCCCC,RBD_v3_172160",70.2435024390244,5.9385456373799,70.6974,11.5963414634146,1.87897546032081,11.6,11.5853658536585,1.43484510934277,11.8,11.6073170731707,2.6777220023653,11.6,3.50636091755658,0.960094309606139,3.42889404296875,0.323170731707317,0.245035089572802,0.29,0,0.13,0,0.32,0.48,0.42,7.8,6.6,0.32,0.32,-5.32000017166138,0.9795363654177,0.238095238095238,0.176470588235294,0.447368421052632,0,LARK
"RNCMPT00099,max,GUAGGUA,RBD_v3_178131",77.09755,9.8264702920804,80.1578,6.98578431372549,4.05627113459829,7,6.77450980392157,4.38902064617794,6.75,7.19705882352941,3.82952200523574,7.1,3.5341799557209,0.891064571299779,3.521763920784,0.272941176470588,0.268496319775999,0.19,43.1372549019608,0.11,0,0.44,0.47,0.5,1.55,1.94,0.44,0.44,-5.32000017166138,0.933027231207275,0.6,0,0.571428571428571,1,MSI
"RNCMPT00099,max,UAGGUAG,RBD_v3_151154",76.4404371428572,8.33069919977617,77.7528,7.12714285714286,4.77707148871373,5.25,6.93,5.20594281371877,3.55,7.32428571428572,4.60700272629427,6.25,3.52093736784799,0.700956892386871,3.40363538265228,0.306714285714286,0.256553079111626,0.25,52.8571428571429,0.09,0,0.45,0.46,0.5,1.63,2.01,0.45,0.45,-5.82000017166138,0.944298080965623,0.529411764705882,0.142857142857143,0.552631578947368,1,MSI
"RNCMPT00099,max,UAGGUAG,RBD_v3_229896",73.6760183908046,11.0023919644831,74.2642,8.34770114942529,4.94742068132698,9.75,8.55632183908046,5.65752639573789,10.6,8.13908045977012,4.47544609500158,9,3.55245928106637,0.853140407778951,3.51828050613403,0.270344827586207,0.274151750016097,0.2,45.9770114942529,0.1,0,0.45,0.47,0.5,1.39,1.61,0.45,0.45,-4.21999979019165,0.9611460538546,0.444444444444444,0.058823529411765,0.485714285714286,1,MSI
"RNCMPT00099,min,CCCCCCC,RBD_v3_129287",66.1532739130435,12.1334498893848,65.4727,11.4565217391304,7.02420547065842,12.575,10.8260869565217,6.93590545782078,13.2,12.0869565217391,7.31772223901124,10.3,3.56431585809459,0.926051055428335,3.48079752922058,0.171739130434783,0.2206663669093,0.06,13.0434782608696,0.11,0,0.4,0.44,0.46,2.04,2.75,0.4,0.4,-4.71999979019165,0.933946366399879,-0.416666666666667,0,0.368421052631579,0,MSI
"RNCMPT00099,min,CCCCCCC,RBD_v3_153897",75.7337661764706,12.2831669842338,79.99285,7.60514705882353,6.77727292767968,3.2,7.39705882352941,6.79519080571255,2.7,7.81323529411765,6.91832747477943,3.55,3.48129991573446,0.95521901653186,3.40533339977264,0.333823529411765,0.304626168806433,0.21,1.47058823529412,0.12,0,0.45,0.47,0.51,1.26,1.32,0.45,0.45,-4.44999980926514,0.973142269226386,-0.3,-0.222222222222222,0.473684210526316,0,MSI
"RNCMPT00099,min,CCCCCCC,RBD_v3_181436",62.0236472222222,7.67834935590329,63.3639,17.9217592592593,3.90391771322037,18.925,17.8212962962963,4.17310146941155,19,18.0222222222222,3.83981437765273,18.5,3.57514379090733,0.904396785960419,3.57151389122009,0.112037037037037,0.12192965077016,0.06,9.25925925925926,0.12,0,0.23,0.43,0.33,9.44,10.08,0.23,0.23,-1.87000000476837,0.933588161157007,-0.555555555555556,0.176470588235294,0.485714285714286,0,MSI
"RNCMPT00100,max,AGUAGGA,RBD_v3_116665",70.3698813333333,17.9131336716999,73.2263,11.8553333333333,9.71033363377795,6.35,11.9293333333333,10.1674596648345,6.4,11.7813333333333,9.37663417589,7,3.57738505840302,0.767324389579621,3.65799713134766,0.2344,0.302999598608244,0.07,56,0.3,0,0.37,0.39,0.53,1.39,1.57,0.37,0.37,-6.25,0.959253543925123,0.333333333333333,0.294117647058823,0.447368421052632,1,MSI
"RNCMPT00100,max,AGUAGGA,RBD_v3_147955",78.9441141176471,7.82826529595452,81.8637,6.09,3.72678368927775,5.25,6.17764705882353,3.94725270556227,5.4,6.00235294117647,3.69520205229469,5,3.56850327183219,0.803051834934399,3.55935096740723,0.287647058823529,0.254060580790261,0.2,29.4117647058824,0.31,0,0.37,0.42,0.54,2.62,2.23,0.37,0.37,-4.6399998664856,0.974726007693974,0.263157894736842,0.263157894736842,0.5,1,MSI
"RNCMPT00100,max,AGUAGGA,RBD_v3_163505",70.09099375,6.83039940804593,70.36425,11.3536458333333,3.70326488095421,12.325,11.6802083333333,3.91686286369365,12.3,11.0270833333333,3.75355211882983,11.2,3.5412907799085,0.957806331908682,3.73904252052307,0.0590625,0.052175374812665,0.05,33.3333333333333,0.3,0,0.32,0.42,0.49,5.47,3.77,0.32,0.32,-1.88999998569489,0.962715817399016,0,0.363636363636364,0.578947368421053,1,MSI
"RNCMPT00100,min,ACCCCCC,RBD_v3_096931",62.1973720588235,9.87225545822692,61.72025,17.2860294117647,3.50202335532069,18.225,17.6220588235294,3.57549059730459,18.85,16.95,3.57693690354475,17.25,3.58360699169776,0.898995315096787,3.68118035793304,0.147941176470588,0.137749056106736,0.095,23.5294117647059,0.31,0,0.2,0.37,0.39,10.18,10.12,0.2,0.2,-4,0.984029002132122,-0.238095238095238,-0.058823529411765,0.447368421052632,0,MSI
"RNCMPT00100,min,CCCCCCC,RBD_v3_190041",72.6158773195876,10.8775379987989,73.865,9.49742268041237,5.39631611965332,10.45,9.75670103092783,5.63718877959305,10.8,9.23814432989691,5.31512079078346,9.4,3.56541625494809,0.934228228062894,3.61025452613831,0.161340206185567,0.22772712502201,0.04,4.12371134020619,0.3,0,0.36,0.41,0.52,2.21,2.23,0.36,0.36,-3.70000004768372,0.967551496936124,-0.368421052631579,-0.125,0.457142857142857,0,MSI
"RNCMPT00100,min,CCCCCCC,RBD_v3_239770",72.86197,7.53846231544931,72.80185,7.745,2.53524648093654,7.675,7.35444444444444,2.47976807139098,7,8.13555555555556,2.78552886113297,8.3,3.59378990199831,0.844085785799503,3.57419073581696,0.179,0.188453493204885,0.08,16.6666666666667,0.31,0,0.38,0.43,0.55,2.7,3.71,0.38,0.38,-4.23000001907349,0.958009674650531,-0.4,-0.066666666666667,0.428571428571429,0,MSI
"RNCMPT00111,max,GCUGGCC,RBD_v3_019784",73.33803,1.4969868100885,73.43965,4.58,0.316809755299031,4.65,4.39,0.316061286528587,4.3,4.77,0.497467269486673,4.7,3.86566957235336,0.901733514318267,4.23168730735779,0.2825,0.258189546855141,0.21,0,0,0,0.38,0.62,0.43,3.84,3.65,0.38,0.38,-5.30000019073486,0.994985417684099,-0.1,0.111111111111111,0.473684210526316,1,Vts1p
"RNCMPT00111,max,GCUGGUC,RBD_v3_101848",73.0864696969697,8.75534245862507,76.4885,5.7530303030303,2.61052375593539,4.55,5.86363636363636,4.28870742341284,4,5.64242424242424,1.10171182229925,5.2,3.57707321643829,0.944867378863226,3.5999014377594,0.102121212121212,0.090441886581854,0.07,0,0,0,0.47,0.66,0.51,2.88,3.86,0.47,0.47,-7.38000011444092,0.977747995787952,0.294117647058823,-0.142857142857143,0.552631578947368,1,Vts1p
"RNCMPT00111,max,GCUGGUC,RBD_v3_114193",71.7240105263158,6.52396318607151,74.1894,13.5921052631579,1.45728659176097,13.75,14.3263157894737,2.19743337789622,15,12.8578947368421,1.67010172327373,12.9,3.57213962078094,0.896468567272349,3.74737930297852,0.041578947368421,0.028918113872477,0.04,94.7368421052632,0,0,0.29,0.63,0.36,8.84,10.36,0.29,0.29,-6.21999979019165,0.986863224815062,-0.142857142857143,-0.176470588235294,0.447368421052632,1,Vts1p
"RNCMPT00111,min,CGCGUGG,RBD_v3_125172",83.5639,9.55551502443601,88.67905,4.55357142857143,3.56035080906333,2.625,5.58571428571429,5.60170042210824,2.45,3.52142857142857,1.58706744304805,2.95,3.53515893646649,0.922558737234996,3.59054112434387,0.311428571428571,0.319938816902305,0.215,0,0,0,0.59,0.75,0.62,1.54,1.9,0.59,0.59,-5.59000015258789,0.92967993171725,0.263157894736842,-0.454545454545455,0.366666666666667,0,Vts1p
"RNCMPT00111,min,CGCGUGG,RBD_v3_157277",74.9671181818182,7.34415270242484,77.2402,6.86818181818182,2.39748625458189,6,6.5030303030303,3.98477452690902,4.6,7.23333333333333,1.18286375659527,7,3.46263025384961,0.978845311397466,3.50530028343201,0.187878787878788,0.158661541806718,0.13,0,0,0,0.41,0.71,0.47,3.5,5.19,0.41,0.41,-4.36999988555908,0.98986211886685,0.157894736842105,-0.125,0.457142857142857,0,Vts1p
"RNCMPT00111,min,UGAGCGU,RBD_v3_119688",67.3013451612903,5.70628984868678,69.8145,9.55161290322581,2.4121388804326,9.3,9.1741935483871,3.31018305052107,8.3,9.92903225806452,1.95911434894905,9.6,3.62744474411011,0.867354001209549,3.65797638893127,0.116129032258065,0.109625952503801,0.08,0,0,0,0.32,0.65,0.39,4.46,6.92,0.32,0.32,-4.21999979019165,0.986389195400269,0.25,0.052631578947368,0.542857142857143,0,Vts1p
"RNCMPT00112,max,UUAGUUU,RBD_v3_122545",79.3726753846154,6.46215669007966,81.3156,4.72923076923077,2.05677915415545,4.025,4.79461538461538,2.4736537811947,3.85,4.66384615384615,1.88946503425778,4.2,3.54338888480113,0.887212696076684,3.51202392578125,0.308307692307692,0.279582020419626,0.22,45.3846153846154,0.19,0,0.53,0.58,0.63,2.23,2.21,0.53,0.53,-2.66000008583069,0.972861409666655,-0.058823529411765,-0.333333333333333,0.552631578947368,1,HuR
"RNCMPT00112,max,UUAGUUU,RBD_v3_126187",69.2938396825397,10.5649302704908,72.0536,12.7384920634921,5.64487435714353,9.6,12.568253968254,3.92254306885012,11.4,12.9087301587302,7.64374797953224,8.3,3.4453806839292,0.977934113711968,3.45151162147522,0.070476190476191,0.08217889892528,0.035,55.5555555555556,0.21,0,0.39,0.52,0.52,6,4.7,0.39,0.39,-2.86999988555908,0.988591321492785,0.125,0,0.578947368421053,1,HuR
"RNCMPT00112,max,UUUGGUU,RBD_v3_120548",75.6013376068376,12.825961948805,80.7916,6.90128205128205,5.28798027711343,3.9,6.93247863247863,5.19015694832501,4,6.87008547008547,5.55704375882172,3.5,3.43640016490578,0.933388547769511,3.50706076622009,0.302991452991453,0.305981363409449,0.2,53.8461538461539,0.18,0,0.51,0.54,0.61,1.54,1.76,0.51,0.51,-5.17000007629395,0.858542566331178,0.529411764705882,-0.636363636363636,0.564102564102564,1,HuR
"RNCMPT00112,min,AGAGUCG,RBD_v3_002256",84.2500515463918,6.20952612679894,85.5335,3.02525773195876,1.89732711815832,2.15,3.02577319587629,2.41532771890084,2.1,3.02474226804124,1.61587379147186,2.2,3.4356884599961,0.876116360256736,3.46968150138855,0.449484536082474,0.352701984489091,0.46,0,0.19,0,0.62,0.64,0.72,1.28,1.38,0.62,0.62,-3.49000000953674,0.973041590739604,-0.052631578947368,0.375,0.457142857142857,0,HuR
"RNCMPT00112,min,AGAGUCG,RBD_v3_042940",78.2999268656716,10.8824589315774,80.58025,5.6,3.67801331630096,3.75,5.32164179104478,3.38606969227557,3.9,5.87835820895522,4.21995549169948,3.65,3.52047064766955,0.886097837506521,3.52006936073303,0.299776119402985,0.308002212710318,0.175,18.6567164179104,0.21,0,0.52,0.54,0.63,1.77,1.67,0.52,0.52,-3.41000008583069,0.994985417684099,0.058823529411765,-0.047619047619048,0.552631578947368,0,HuR
"RNCMPT00112,min,GUGAGUC,RBD_v3_120052",73.1046336633663,10.9661204608948,73.3702,6.9529702970297,4.35979255115526,6.1,6.0019801980198,3.71687987963076,4.9,7.9039603960396,5.12679082452326,6.6,3.56464985455617,0.869399594866434,3.54196977615356,0.284950495049505,0.348977431254161,0.09,1.98019801980198,0.19,0,0.49,0.53,0.59,1.48,1.92,0.49,0.49,-7.67000007629395,0.9795363654177,-0.130434782608696,0.066666666666667,0.394736842105263,0,HuR
"RNCMPT00113,max,GCGCGCG,RBD_v3_206656",69.1966840909091,6.57149797287955,69.37645,7.80511363636364,2.1302830173629,7.375,7.64772727272727,1.99792865570086,7.2,7.9625,2.7158247408455,7.4,3.48785714805126,0.88396823494209,3.43204236030579,0.156590909090909,0.120123369185398,0.125,3.40909090909091,0.02,0,0.46,0.54,0.49,4.51,3.53,0.46,0.46,-4.78999996185303,0.973041590739604,-0.047619047619048,0.285714285714286,0.4,1,RBM4
"RNCMPT00113,max,GCGCGGG,RBD_v3_131807",66.7214971014493,10.8488317783254,69.4798,10.6463768115942,6.32839259653863,8.85,10.1463768115942,6.14674901424812,9.1,11.1463768115942,6.60965380668007,8.8,3.30966319899628,0.886055428517517,3.40048742294312,0.180144927536232,0.149513847023722,0.12,0,0.02,0,0.43,0.52,0.46,3.33,3.9,0.43,0.43,-8.8100004196167,0.860277608573063,0.52,-0.571428571428571,0.358974358974359,1,RBM4
"RNCMPT00113,max,GCGCGGG,RBD_v3_147741",74.312118,8.20369610943972,76.21725,4.622,1.93902401775072,4,4.696,2.30203774464664,4.1,4.548,1.87322872564614,3.95,3.51533845603466,0.844395665918897,3.54755759239197,0.3199,0.224114396294086,0.3,0,0.06,0,0.49,0.54,0.53,1.78,2.05,0.49,0.49,-3.85999989509583,0.972311607127289,-0.052631578947368,-0.090909090909091,0.366666666666667,1,RBM4
"RNCMPT00113,min,CCCCCCC,RBD_v3_172404",66.7514031914894,7.15349505309963,68.47375,7.98617021276596,2.3536222855822,8.45,7.94468085106383,2.88770538146934,8.45,8.02765957446809,2.20133899893694,8.25,3.49421277578841,0.879985762823015,3.41505324840546,0.217021276595745,0.163008211332416,0.19,35.1063829787234,0,0,0.41,0.52,0.44,2.65,3.84,0.41,0.41,-3.50999999046326,0.94841021822029,-0.4,-0.333333333333333,0.473684210526316,0,RBM4
"RNCMPT00113,min,UUUUUUU,RBD_v3_036271",59.2910406976744,10.4021709560511,63.12675,16.8656976744186,5.96240802927173,19.55,16.6790697674419,6.17709462029006,19.65,17.0523255813953,5.85988810863235,19.85,3.48758408357931,0.852312598923017,3.43726134300232,0.112906976744186,0.105036310573952,0.08,60.4651162790698,0.02,0,0.27,0.46,0.32,6.76,7.29,0.27,0.27,-1.91999995708466,0.941196850822178,-0.090909090909091,-0.368421052631579,0.633333333333333,0,RBM4
"RNCMPT00113,min,UUUUUUU,RBD_v3_083792",63.9551467391304,7.65732973347317,64.87775,11.0771739130435,5.19642424100446,10.75,10.7108695652174,5.82705807667588,10.3,11.4434782608696,4.76704124948038,11.6,3.51745792769867,0.840879881095361,3.49465358257294,0.169130434782609,0.127621109676157,0.165,33.695652173913,0,0,0.32,0.51,0.36,2.67,4.34,0.32,0.32,-3.53999996185303,0.945231600849419,-0.263157894736842,-0.473684210526316,0.5,0,RBM4
"RNCMPT00114,max,UGUUUGU,RBD_v3_004498",55.6514988888889,9.45024916512959,54.28615,16.8933333333333,3.36920288642398,17.65,17.1777777777778,3.36137270574335,18.1,16.6088888888889,3.75214229278001,17.25,3.42736761172613,0.961350511228776,3.45432543754578,0.142111111111111,0.163318771803705,0.07,0,0.37,0,0.25,0.34,0.45,9.24,8.38,0.25,0.25,-6.65000009536743,0.936633188743122,0.294117647058823,-0.454545454545455,0.564102564102564,1,ARET
"RNCMPT00114,max,UGUUUGU,RBD_v3_048536",58.7486575221239,5.91140525246695,59.0748,16.979203539823,3.16426563969569,15.95,17.4761061946903,3.39829984635918,16,16.4823008849558,3.22310935966718,15.9,3.5906351393303,0.868110949311442,3.53089356422424,0.103628318584071,0.094472803596956,0.07,17.6991150442478,0.36,0,0.22,0.38,0.43,11.82,7.85,0.22,0.22,-3.91000008583069,0.924316871408977,0.294117647058823,-0.523809523809524,0.552631578947368,1,ARET
"RNCMPT00114,max,UGUUUGU,RBD_v3_163719",61.5615467391304,9.54040004613638,60.2712,11.6396739130435,4.74803914439157,12.25,10.9097826086957,4.38907384114131,11.3,12.3695652173913,5.22972777074864,13.35,3.51044727408368,0.874769470465914,3.53050458431244,0.215978260869565,0.212846019680062,0.12,36.9565217391304,0.39,0,0.32,0.35,0.52,4.57,3.35,0.32,0.32,-5.96999979019165,0.953122975909535,0.176470588235294,-0.428571428571429,0.552631578947368,1,ARET
"RNCMPT00114,min,AGAGUCG,RBD_v3_012837",55.2814545454545,7.81868694022313,54.92585,19.9704545454545,3.29133696671314,20.1,20.3265151515151,3.20199984857948,20.2,19.6143939393939,3.55626814812059,20,3.52342956987294,0.969873930139896,3.7544709444046,0.051060606060606,0.076370506834338,0.02,31.0606060606061,0.38,0,0.23,0.32,0.43,12.64,10.99,0.23,0.23,-3.53999996185303,0.941457095004174,0.142857142857143,0.428571428571429,0.6,0,ARET
"RNCMPT00114,min,AGAGUCG,RBD_v3_087382",61.0791051282051,5.79560126412542,62.2405,15.6076923076923,2.59503517503746,15.75,15.6769230769231,2.44171310041157,15.9,15.5384615384615,3.20806758231994,16.1,3.44039918928065,0.889015322496131,3.49047088623047,0.123760683760684,0.110918784327858,0.1,0,0.34,0,0.26,0.33,0.44,9.09,6.27,0.26,0.26,-3.25,0.932804536676998,0.368421052631579,0.473684210526316,0.5,0,ARET
"RNCMPT00114,min,AGAGUCG,RBD_v3_101854",58.2574155963303,7.11905801115172,58.2336,19.2435779816514,4.4749513804385,17.75,19.8036697247706,4.56124833882423,17.9,18.6834862385321,4.60129840293633,18.2,3.5037913759914,0.928066811139863,3.59664797782898,0.117064220183486,0.134359266536579,0.05,24.7706422018349,0.32,0,0.21,0.35,0.4,11.16,8.36,0.21,0.21,-5.71000003814697,0.97042113639059,0.157894736842105,0.368421052631579,0.5,0,ARET
"RNCMPT00116,max,AACAUCA,RBD_v3_107323",78.8852583333333,8.73414818398222,81.13875,4.8175,2.01826038954343,4.025,4.69166666666667,1.85035879861605,3.95,4.94333333333333,2.3765354834201,4.35,3.57178005973498,0.938749236284711,3.63412380218506,0.325833333333333,0.296712448064044,0.255,63.3333333333333,0.73,0,0.5,0.36,0.84,2.65,1.81,0.5,0.5,-4.92999982833862,0.972004874858178,-0.142857142857143,0,0.631578947368421,1,YBX1
"RNCMPT00116,max,GAACAUC,RBD_v3_030723",82.1197634920635,15.0691545460373,89.4863,4.42222222222222,5.35641594317249,1.9,4.39047619047619,5.63347467078352,1.8,4.45396825396825,5.20613240747267,2.1,3.65949646821098,0.836390943815044,3.81117653846741,0.338730158730159,0.392487896108797,0.05,63.4920634920635,0.73,0,0.51,0.37,0.84,1.15,1.07,0.51,0.51,-3.75,0.973142269226386,-0.222222222222222,0.3,0.526315789473684,1,YBX1
"RNCMPT00116,max,GAACAUC,RBD_v3_118226",82.1197634920635,15.0691545460373,89.4863,4.42222222222222,5.35641594317249,1.9,4.39047619047619,5.63347467078352,1.8,4.45396825396825,5.20613240747267,2.1,3.65949646821098,0.836390943815044,3.81117653846741,0.338730158730159,0.392487896108797,0.05,63.4920634920635,0.73,0,0.51,0.37,0.84,1.15,1.07,0.51,0.51,-3.75,0.973142269226386,-0.222222222222222,0.3,0.526315789473684,1,YBX1
"RNCMPT00116,min,CCCCCCC,RBD_v3_012658",64.6249956521739,8.74883305887024,67.94775,17.4021739130435,5.720207421664,15.15,19.9086956521739,4.7549191411261,18.65,14.895652173913,6.9102486374865,12,3.56180554369222,0.842984553757003,3.52132225036621,0.097173913043478,0.103379839931912,0.06,0,0.73,0,0.23,0.33,0.61,13.2,5.72,0.23,0.23,-4.46999979019165,0.943824487357175,-0.391304347826087,-0.2,0.394736842105263,0,YBX1
"RNCMPT00116,min,UCCCCCC,RBD_v3_025151",68.9405615384615,15.5740175243165,76.1684,9.64538461538462,6.29770371765651,6.15,9.70923076923077,6.5139927050572,6.2,9.58153846153846,6.32897336431067,6.6,3.62078607449165,0.974940711157232,3.81566166877747,0.199076923076923,0.260154539870794,0.05,33.8461538461538,0.73,0,0.47,0.35,0.81,3.63,3.45,0.47,0.47,-4.80000019073486,0.940829129511555,-0.363636363636364,-0.375,0.421052631578947,0,YBX1
"RNCMPT00116,min,UCCCCCC,RBD_v3_161085",63.7185666666667,13.5219996919834,69.0036,11.7222222222222,5.20901862158315,9.9,11.6765432098765,5.20101604508528,9.2,11.7679012345679,5.44382281031661,10.1,3.57326666955595,0.874970612499672,3.589839220047,0.189012345679012,0.226608720806766,0.07,0,0.73,0,0.35,0.34,0.72,5.59,4.44,0.35,0.35,-4.44999980926514,0.967355608866864,-0.090909090909091,-0.375,0.421052631578947,0,YBX1
"RNCMPT00117,max,UUAGUUU,RBD_v3_236589",83.6588188034188,9.47740266914367,86.9104,4.31495726495727,4.21652774782261,1.9,3.9957264957265,3.7538576287553,2.1,4.63418803418804,4.81413440483195,1.9,3.62819993139332,0.914227130160331,3.6476104259491,0.406153846153846,0.370881629396594,0.28,32.4786324786325,0.19,0,0.56,0.57,0.66,1.1,1.11,0.56,0.56,-7.69999980926514,0.973142269226386,0.222222222222222,-0.3,0.526315789473684,1,HuR
"RNCMPT00117,max,UUAGUUU,RBD_v3_237638",66.7293338842975,6.7469418570015,68.577,13.0190082644628,3.7620542714849,11.55,13.6578512396694,3.16648469826598,13.5,12.3801652892562,4.65753188993754,10.2,3.47654449397867,0.916360582531674,3.43815326690674,0.13396694214876,0.122491355741558,0.09,47.1074380165289,0.21,0,0.32,0.53,0.47,7.97,6.61,0.32,0.32,-4.80999994277954,0.98986211886685,0.066666666666667,-0.1,0.571428571428571,1,HuR
"RNCMPT00117,max,UUUUGGU,RBD_v3_199528",75.9142951219512,11.5144475663692,80.5191,9.37154471544715,9.49788820639519,4.1,9.38130081300813,9.00900596392022,4.2,9.36178861788618,10.0153695030598,3.8,3.50569584674952,0.995936817198266,3.52664256095886,0.230081300813008,0.253740851195678,0.1,22.7642276422764,0.19,0,0.49,0.54,0.6,2.55,2.35,0.49,0.49,-6.30000019073486,0.858670786525195,0.473684210526316,-0.7,0.512820512820513,1,HuR
"RNCMPT00117,min,ACCCCCC,RBD_v3_087960",81.8218298076923,7.91474455397862,84.41875,3.89230769230769,2.83985820470897,2.35,3.72211538461538,2.66960441165212,2.4,4.0625,3.18601883538335,2.3,3.55773107134379,0.888608501782267,3.45453751087189,0.362980769230769,0.296765344219132,0.35,0,0.18,0,0.56,0.59,0.66,1.45,1.42,0.56,0.56,-4.98999977111816,0.931225233564083,-0.36,0.076923076923077,0.342105263157895,0,HuR
"RNCMPT00117,min,CCCCCCC,RBD_v3_165962",77.9999429752066,12.0687901982333,81.0877,7.92685950413223,7.37793456113767,4.25,7.37851239669422,6.72717383219692,4.1,8.47520661157025,8.15006422256634,4.7,3.49331618389807,0.975968452728686,3.50614714622498,0.246115702479339,0.3048397718497,0.11,1.65289256198347,0.2,0,0.53,0.55,0.63,1.4,1.3,0.53,0.53,-3.22000002861023,0.996804280445991,-0.111111111111111,-0.058823529411765,0.485714285714286,0,HuR
"RNCMPT00117,min,CCCCCCC,RBD_v3_166722",62.1465459459459,12.5725063066112,67.1757,16.4423423423423,6.12745015260389,13.3,16.9279279279279,5.67910318097963,15,15.9567567567568,6.76107336316601,12.4,3.45398572946454,1.01031661035598,3.53513169288635,0.074774774774775,0.084065416593236,0.04,5.40540540540541,0.21,0,0.3,0.51,0.45,9.05,7.53,0.3,0.3,-2.58999991416931,0.994985417684099,-0.047619047619048,0.058823529411765,0.447368421052632,0,HuR
"RNCMPT00118,max,ACUAACA,RBD_v3_032845",83.5081947368421,9.50898317366471,85.6484,3.09934210526316,2.99907200559387,2,3.08684210526316,3.48353621502684,1.8,3.11184210526316,2.57127553847052,2.1,3.66113578959515,0.735469126719181,3.54663217067718,0.361447368421053,0.302481752385686,0.33,77.6315789473684,0.22,0,0.69,0.7,0.8,1.19,1.23,0.69,0.69,-4.51999998092651,0.923710060026087,-0.111111111111111,0.6,0.526315789473684,1,HOW
"RNCMPT00118,max,ACUAACC,RBD_v3_226736",86.554087037037,9.0109341429773,90.26415,2.61481481481481,2.38405927868933,1.525,2.78888888888889,3.22014101804574,1.5,2.44074074074074,1.67900672776906,1.6,3.55940048782914,0.797364189905905,3.49798727035522,0.520185185185185,0.406074120665789,0.51,0,0.21,0,0.69,0.73,0.8,1.05,1.08,0.69,0.69,-5.48000001907349,0.941252681369194,-0.466666666666667,0.217391304347826,0.605263157894737,1,HOW
"RNCMPT00118,max,UACUAAC,RBD_v3_090934",86.6808835443038,8.21409674617331,89.0505,2.50506329113924,1.97103374765741,1.75,2.43544303797468,2.17903989529872,1.6,2.5746835443038,1.81365676469126,1.9,3.69382295427443,0.657315839818567,3.52047967910767,0.501139240506329,0.38979938081864,0.5,79.746835443038,0.21,0,0.68,0.7,0.79,1.07,1.16,0.68,0.68,-3.9300000667572,0.959253543925123,-0.4,0.222222222222222,0.473684210526316,1,HOW
"RNCMPT00118,min,CAGGAAA,RBD_v3_191239",87.4129084745763,8.0894776577735,89.4179,2.34322033898305,2.39102952914312,1.55,2.38305084745763,2.64797597019861,1.5,2.30338983050847,2.16913824472356,1.6,3.61757597680819,0.646202093273319,3.59859442710876,0.476101694915254,0.415480681110913,0.37,1.69491525423729,0.2,0,0.7,0.72,0.81,1.12,1.14,0.7,0.7,-4.59000015258789,0.959253543925123,0.222222222222222,0.4,0.526315789473684,0,HOW
"RNCMPT00118,min,GAACAAG,RBD_v3_219734",64.0014226415094,5.68438676557388,65.6011,14.8179245283019,2.02363663362861,14,14.2433962264151,2.49032817067908,13.9,15.3924528301887,2.15744231196641,15.2,3.62418000428182,0.886940755252603,3.68974447250366,0.095094339622642,0.1257534621256,0.02,35.8490566037736,0.15,0,0.28,0.64,0.43,9.96,11.56,0.28,0.28,-2.48000001907349,0.940490301733755,0.5,0.263157894736842,0.542857142857143,0,HOW
"RNCMPT00118,min,UGAGUCG,RBD_v3_085939",81.8033736111111,10.7074225527612,85.6069,3.29305555555556,2.66636992186951,2.125,3.48055555555556,3.37470453120365,2.1,3.10555555555556,2.05816059604775,2.2,3.78702261050542,0.78564409744447,3.71934938430786,0.485833333333333,0.379887863365486,0.455,70.8333333333333,0.22,0,0.66,0.71,0.78,1.33,1.34,0.66,0.66,-5.8899998664856,0.948091287100033,0.411764705882353,0.333333333333333,0.514285714285714,0,HOW
"RNCMPT00119,max,GUUUUUU,RBD_v3_028511",80.9246378378378,5.74972146140612,82.43025,5.22635135135135,1.54809257300305,4.9,5.07297297297297,1.57125700463101,4.95,5.37972972972973,1.72555170686845,4.9,3.53381100055334,0.901856422764763,3.45444774627685,0.218513513513514,0.168926363405004,0.17,82.4324324324324,0.3,0,0.54,0.64,0.71,2.52,3.02,0.54,0.54,-4.15000009536743,0.953353793718457,-0.157894736842105,-0.473684210526316,0.5,1,SXL
"RNCMPT00119,max,UUUUUUU,RBD_v3_037447",82.69002,3.91307714560332,83.6658,4.495,1.0749624662273,4.2,4.37125,1.01883449793242,3.9,4.61875,1.33123087137859,4.2,3.58932748436928,0.859386836689476,3.59433054924011,0.269125,0.192591873522315,0.275,77.5,0.29,0,0.57,0.67,0.73,3.01,2.87,0.57,0.57,-1.16999995708466,0.984984399005478,-0.222222222222222,-0.176470588235294,0.485714285714286,1,SXL
"RNCMPT00119,max,UUUUUUU,RBD_v3_095206",75.1253567010309,6.0319744003986,75.7003,7.19175257731959,2.24564022529827,6.75,7.15773195876289,2.10929663689238,7.1,7.22577319587629,2.59311099962138,6.7,3.60980594526861,0.93455066983744,3.59142136573791,0.20979381443299,0.160058448838771,0.17,58.7628865979382,0.29,0,0.49,0.66,0.67,3.14,3.51,0.49,0.49,-1.52999997138977,0.999099007916163,0,-0.058823529411765,0.485714285714286,1,SXL
"RNCMPT00119,min,GCGUGGG,RBD_v3_218712",82.6511037735849,8.65184752884965,84.454,5.16650943396226,3.56105737171869,4.2,4.86981132075472,3.06134641437767,4.2,5.46320754716981,4.16111993788527,4.1,3.52496213002025,0.907890517975935,3.57219707965851,0.309245283018868,0.337841039299078,0.135,2.83018867924528,0.28,0,0.63,0.66,0.78,1.62,1.64,0.63,0.63,-4.53999996185303,0.931147975710173,0.444444444444444,0.411764705882353,0.485714285714286,0,SXL
"RNCMPT00119,min,GGGGAGC,RBD_v3_166046",74.2043763888889,5.29265797258682,75.67725,9.91458333333333,2.44066830924947,9.3,10.4305555555556,1.96071551246319,10.25,9.39861111111111,3.21012891038401,8.55,3.57161718317204,0.97924096114178,3.71885979175568,0.072361111111111,0.064097044724465,0.045,0,0.28,0,0.4,0.64,0.59,7.25,5.6,0.4,0.4,-4.11999988555908,0.953667851750936,0.428571428571429,0.142857142857143,0.6,0,SXL
"RNCMPT00119,min,GGGGAGC,RBD_v3_225725",86.9159724489796,7.34116280579527,88.9684,3.33724489795918,1.91743642247978,2.85,3.10816326530612,1.4958136405637,2.7,3.56632653061224,2.47569396196491,2.8,3.6130009682811,0.977956882009225,3.66864061355591,0.302244897959184,0.284889309711919,0.215,16.3265306122449,0.3,0,0.64,0.67,0.8,1.51,1.31,0.64,0.64,-7.07999992370606,0.965647640116437,0.111111111111111,-0.4,0.526315789473684,0,SXL
"RNCMPT00120,max,UUAUGUU,RBD_v3_080006",75.7915440944882,7.32890114123804,75.5312,7.62244094488189,2.32445341468492,7,8.24566929133858,2.72431019099292,7.4,6.9992125984252,2.22098562644063,6.5,3.50315861626873,0.916890543189047,3.54411911964416,0.280866141732284,0.257052967248977,0.2,51.1811023622047,0.19,0,0.45,0.53,0.57,4.52,3.41,0.45,0.45,-2.72000002861023,0.916131448512134,0.428571428571429,-0.5,0.533333333333333,1,FNE
"RNCMPT00120,max,UUAUGUU,RBD_v3_240700",69.6537415929204,8.45897724481771,71.01,10.4823008849558,5.40197516933283,7.95,10.7911504424779,5.16647084440564,8.7,10.1734513274336,5.74182676411677,7.4,3.44893785968291,0.979919008859631,3.44364762306213,0.221504424778761,0.196583412135091,0.17,60.1769911504425,0.25,0,0.41,0.52,0.56,4.58,4.43,0.41,0.41,-4.17000007629395,0.965647640116437,-0.25,-0.272727272727273,0.578947368421053,1,FNE
"RNCMPT00120,max,UUUAGUU,RBD_v3_122545",77.3082072580645,7.02932869403678,78.0734,6.22903225806452,2.64329260654756,6.2,6.53387096774194,2.94424855063746,6.45,5.9241935483871,2.64204192306066,5.25,3.59208049889534,0.8866793165413,3.63896870613098,0.296935483870968,0.261506509174082,0.22,51.6129032258065,0.22,0,0.5,0.54,0.61,2.79,2.68,0.5,0.5,-2.66000008583069,0.972861409666655,-0.058823529411765,-0.333333333333333,0.552631578947368,1,FNE
"RNCMPT00120,min,AGAGUCG,RBD_v3_079827",73.2142696,14.5394206466543,72.239,8.9184,6.38505227704873,6.5,8.7584,6.73403948176245,6.6,9.0784,6.17969599419301,7.1,3.53600904846191,0.924560653670003,3.60100412368774,0.3012,0.331096906192617,0.11,28,0.25,0,0.52,0.55,0.65,1.44,1.76,0.52,0.52,-4.40999984741211,0.974436160642641,-0.052631578947368,-0.368421052631579,0.5,0,FNE
"RNCMPT00120,min,AGAGUCG,RBD_v3_208616",73.6941769230769,9.89884339386542,72.9843,9.82136752136752,5.06564372904626,8.55,10.208547008547,4.91872868088221,9.9,9.43418803418803,5.39803863475146,8.3,3.52177842458089,0.901577428421552,3.47479486465454,0.211709401709402,0.209697197941792,0.13,24.7863247863248,0.21,0,0.47,0.53,0.59,3.99,2.4,0.47,0.47,-3,0.98986211886685,-0.125,0.157894736842105,0.542857142857143,0,FNE
"RNCMPT00120,min,AGAGUCG,RBD_v3_227874",87.614512745098,7.94783451315199,90.9924,4.00441176470588,3.88137277275043,1.8,3.8843137254902,3.94857400248204,1.7,4.12450980392157,4.0415523993798,2,3.59836043446672,0.844787759559291,3.59769356250763,0.486470588235294,0.37255778223865,0.535,21.5686274509804,0.24,0,0.57,0.53,0.68,1.02,1.21,0.57,0.57,-5.36999988555908,0.963443790866631,0.052631578947368,0.272727272727273,0.366666666666667,0,FNE
"RNCMPT00121,max,UUGGGUU,RBD_v3_014854",70.7410933884298,12.8410021935124,76.4188,11.7561983471074,7.03365590763419,8.05,11.9694214876033,7.05526804328046,9.9,11.5429752066116,7.17076037862886,7.8,3.50089480118318,0.940020981623671,3.53545331954956,0.178925619834711,0.182427161961939,0.1,5.78512396694215,0.28,0,0.4,0.49,0.56,3.41,3.39,0.4,0.4,-2.80999994277954,0.836994510231803,0.666666666666667,-0.619047619047619,0.538461538461538,1,ELAV
"RNCMPT00121,max,UUGGGUU,RBD_v3_120548",82.991356779661,9.55283068685433,85.08675,4.19025423728814,2.74146116815839,3.425,4.24830508474576,3.22412733971674,3.4,4.13220338983051,2.59436869965161,3.1,3.59835526094598,0.859361615527972,3.5802309513092,0.418305084745763,0.321923452930311,0.46,23.728813559322,0.3,0,0.5,0.51,0.65,1.09,1.26,0.5,0.5,-5.17000007629395,0.858542566331178,0.529411764705882,-0.636363636363636,0.564102564102564,1,ELAV
"RNCMPT00121,max,UUGGGUU,RBD_v3_237081",82.991356779661,9.55283068685433,85.08675,4.19025423728814,2.74146116815839,3.425,4.24830508474576,3.22412733971674,3.4,4.13220338983051,2.59436869965161,3.1,3.59835526094598,0.859361615527972,3.5802309513092,0.418305084745763,0.321923452930311,0.46,23.728813559322,0.3,0,0.5,0.51,0.65,1.09,1.26,0.5,0.5,-5.17000007629395,0.858542566331178,0.529411764705882,-0.636363636363636,0.564102564102564,1,ELAV
"RNCMPT00121,min,GAGUCGU,RBD_v3_070447",67.1663595505618,6.02713592472938,69.304,17.6926966292135,2.43747436538732,18.25,17.8932584269663,3.51719147231298,18.8,17.4921348314607,2.29981346669983,17.8,3.49497545234273,1.01271766434232,3.67100191116333,0.093370786516854,0.101039414229218,0.06,20.2247191011236,0.26,0,0.21,0.47,0.4,10.17,12.1,0.21,0.21,-8.14999961853027,0.986863224815062,0.142857142857143,0.176470588235294,0.447368421052632,0,ELAV
"RNCMPT00121,min,GAGUCGU,RBD_v3_138567",70.7562264957265,9.74497581688223,73.2705,11.041452991453,4.62242608060053,11.3,11.3247863247863,4.54477543891403,11.8,10.7581196581197,4.8978221640925,10.8,3.52938471645372,0.946294076620712,3.58522748947144,0.205299145299145,0.195101974439773,0.15,11.965811965812,0.28,0,0.38,0.49,0.54,3.39,2.75,0.38,0.38,-3.54999995231628,0.994221288054791,0.052631578947368,0.125,0.457142857142857,0,ELAV
"RNCMPT00121,min,GAGUCGU,RBD_v3_148916",68.1283706422018,9.5569508041152,71.9797,14.0848623853211,5.31115834730486,11.85,14.6073394495413,4.55289298387256,13.2,13.5623853211009,6.3952498140015,9.9,3.48791256574316,0.992064289994962,3.59246397018433,0.08651376146789,0.085984237862066,0.06,0,0.28,0,0.32,0.48,0.49,7.37,6.61,0.32,0.32,-0.050000000745058,0.953667851750936,-0.428571428571429,0.142857142857143,0.6,0,ELAV
"RNCMPT00122,max,GUGGUGU,RBD_v3_158272",67.4984536231884,10.1162377119161,67.99,9.51304347826087,4.00394706153956,9.8,8.46231884057971,4.43893539996709,8.2,10.563768115942,3.80359624776701,11.2,3.42026410500209,0.943443542881452,3.55702066421509,0.247826086956522,0.212539751058599,0.19,15.9420289855072,0.55,0,0.29,0.33,0.58,3.44,3.71,0.29,0.29,-7.05999994277954,0.92297078266936,0.454545454545455,-0.411764705882353,0.435897435897436,1,BRU-3
"RNCMPT00122,max,GUGUUGU,RBD_v3_002196",59.63485125,6.85725025539113,60.89805,15.56125,4.25459524469749,16.825,15.74,5.06183536034015,15.75,15.3825,3.92298565581066,16.3,3.56163750290871,0.894441190885587,3.62925791740417,0.104375,0.136176019283309,0.06,15,0.53,0,0.27,0.4,0.56,7.54,7.51,0.27,0.27,-4.67999982833862,0.910054749242409,0.529411764705882,-0.444444444444444,0.514285714285714,1,BRU-3
"RNCMPT00122,max,UGGUGUU,RBD_v3_198904",60.9124231707317,5.44884976622485,61.77565,12.4426829268293,2.88063052459198,12.45,11.959756097561,2.97466087935828,12.2,12.9256097560976,3.20873849199761,12.4,3.4117822479911,1.01709279421824,3.46789705753326,0.120975609756098,0.121803421429145,0.08,75.609756097561,0.56,0,0.22,0.32,0.52,7.34,7.64,0.22,0.22,-4.17000007629395,0.809410810641602,0.7,-0.68421052631579,0.487179487179487,1,BRU-3
"RNCMPT00122,min,CGCUCUC,RBD_v3_085790",60.139805,6.42935669329327,61.71105,11.88125,2.58489251300658,12.175,10.70875,2.97109253016206,11.25,13.05375,2.80108223886068,13.2,3.46774511039257,0.960941153596212,3.4740217924118,0.093125,0.134028088403188,0.045,25,0.56,0,0.31,0.33,0.59,5.06,6.88,0.31,0.31,-3.25999999046326,0.956739401689847,-0.375,-0.285714285714286,0.466666666666667,0,BRU-3
"RNCMPT00122,min,CGCUCUC,RBD_v3_110513",60.0673735294118,6.73278161833461,61.78295,16.3933823529412,3.80626843952365,15.825,16.0985294117647,4.27021942346001,15.9,16.6882352941176,3.50166397169632,16.35,3.40385247153394,0.844742678104969,3.50692880153656,0.121617647058824,0.153852131899117,0.04,8.82352941176471,0.53,0,0.27,0.39,0.56,9.11,9.63,0.27,0.27,-4.90000009536743,0.973041590739604,-0.052631578947368,0.375,0.457142857142857,0,BRU-3
"RNCMPT00122,min,UCCGCUC,RBD_v3_166100",59.8913698795181,9.08073274734566,58.5447,15.216265060241,3.64822132099124,15,14.9048192771084,3.4800793239648,13.9,15.5277108433735,4.61623099490219,15.9,3.57064914487931,1.00299723311601,3.72846007347107,0.141204819277108,0.158786538643992,0.06,1.20481927710843,0.52,0,0.24,0.38,0.53,9.31,6.76,0.24,0.24,-2.64000010490417,0.973142269226386,-0.3,-0.222222222222222,0.473684210526316,0,BRU-3
"RNCMPT00123,max,AUGCAUG,RBD_v3_023963",71.5481194444445,6.61674476637307,72.83525,14.7152777777778,1.80367955042877,14.875,15.2166666666667,2.54047239701596,14.7,14.2138888888889,2.3013229459568,14.25,3.53394396768676,0.834715708757375,3.55268287658691,0.210555555555556,0.155305127216337,0.145,11.1111111111111,0.51,0,0.21,0.45,0.51,9.6,9.49,0.21,0.21,-6.44000005722046,0.989242296754326,0.2,0.111111111111111,0.473684210526316,1,A2BP1
"RNCMPT00123,max,UGCAUGC,RBD_v3_084817",69.7587086956522,7.03831703137511,70.79525,8.53913043478261,2.57187594835361,8.025,7.74347826086957,2.52900087201013,6.75,9.33478260869565,2.88638315707887,8.75,3.5588903401209,1.01357036149074,3.81010472774506,0.143260869565217,0.125628276148787,0.085,0,0.5,0,0.29,0.47,0.58,4.51,5.28,0.29,0.29,-3.15000009536743,0.953353793718457,-0.157894736842105,-0.473684210526316,0.5,1,A2BP1
"RNCMPT00123,max,UUGCAUG,RBD_v3_028511",82.4384018181818,7.09617079441548,84.7094,3.83272727272727,1.93752462784391,3.45,3.50363636363636,1.89228097087279,3,4.16181818181818,2.1658537713619,3.7,3.36137378053232,1.12529367535154,3.57228231430054,0.208545454545455,0.223411414060831,0.1,16.3636363636364,0.5,0,0.46,0.49,0.72,1.45,1.68,0.46,0.46,-4.15000009536743,0.953353793718457,-0.157894736842105,-0.473684210526316,0.5,1,A2BP1
"RNCMPT00123,min,AGAGUCG,RBD_v3_015863",73.3244416666667,11.4389840847425,76.84165,6.45208333333333,3.31572588139722,5.325,6.70833333333333,3.93564362971825,5.45,6.19583333333333,2.90355309360375,5.55,3.74591857939959,0.81897885531783,3.80596268177032,0.183541666666667,0.196971642665091,0.115,79.1666666666667,0.52,0,0.39,0.48,0.67,2.84,2.6,0.39,0.39,-2.69000005722046,0.984462539680632,0,0.285714285714286,0.466666666666667,0,A2BP1
"RNCMPT00123,min,AGAGUCG,RBD_v3_183781",67.43039375,5.61399944136991,68.2067,9.61875,1.83912452875222,9.375,9.7,2.48596057893121,9.4,9.5375,1.8252264552387,9.5,3.22541845962405,1.03603795478036,3.08515179157257,0.1021875,0.090970905487201,0.065,0,0.52,0,0.3,0.46,0.59,5.99,4.84,0.3,0.3,-3.66000008583069,0.977747995787952,0.1,0.333333333333333,0.473684210526316,0,A2BP1
"RNCMPT00123,min,AGAGUCG,RBD_v3_221610",80.4347209302326,9.96147361343783,83.8029,4.29883720930233,2.89715559134943,3.1,4.75116279069767,4.27358286692645,3.3,3.84651162790698,1.67578678567772,3.3,3.45149418642355,0.849042363706651,3.62234807014465,0.418139534883721,0.32464820384059,0.4,4.65116279069768,0.51,0,0.54,0.51,0.79,2.06,2.03,0.54,0.54,-6.15000009536743,0.991355861529484,0.058823529411765,0.142857142857143,0.552631578947368,0,A2BP1
"RNCMPT00124,max,CGCGCGG,RBD_v3_147741",62.4305239130435,11.0260053958345,65.26075,12.3347826086957,4.73232230476066,10.175,11.85,4.38384661126631,10.1,12.8195652173913,5.18118903406962,11,3.45355286805526,0.904562491571564,3.29857528209686,0.312826086956522,0.270626130326432,0.195,0,0.48,0,0.25,0.34,0.51,6.66,6.1,0.25,0.25,-3.85999989509583,0.972311607127289,-0.052631578947368,-0.090909090909091,0.366666666666667,1,LARK
"RNCMPT00124,max,CGCGCGG,RBD_v3_206656",59.6434037735849,9.58443332143651,58.494,16.3066037735849,3.83256589255224,15.35,16.8301886792453,3.58375527719074,16.1,15.7830188679245,4.37500487248329,15.7,3.41338023149742,0.906970022485438,3.45794701576233,0.196981132075472,0.21392472530938,0.11,11.3207547169811,0.48,0,0.21,0.34,0.48,8.98,6.31,0.21,0.21,-4.78999996185303,0.973041590739604,-0.047619047619048,0.285714285714286,0.4,1,LARK
"RNCMPT00124,max,UCGCGCG,RBD_v3_157981",71.4622432835821,7.69713933169869,72.7466,9.40373134328358,5.23796104091315,10.65,9.81641791044776,5.54077439656351,11.7,8.9910447761194,5.10738417727983,9.5,3.62083423493513,0.862954568702687,3.64291024208069,0.243731343283582,0.231842657073881,0.18,0,0.48,0,0.38,0.33,0.61,2.42,2.34,0.38,0.38,-5.25,0.950885655964214,-0.25,-0.333333333333333,0.384615384615385,1,LARK
"RNCMPT00124,min,CCCCCCC,RBD_v3_087545",65.8841461538461,5.70347324525965,65.7454,14.8038461538462,1.24980970211388,14.6,14.2589743589744,1.68159040458696,13.7,15.348717948718,1.89165366181241,15.5,3.33887697488834,0.897300049651043,3.08382606506348,0.343846153846154,0.267381212037434,0.42,0,0.48,0,0.29,0.36,0.55,10.48,10.93,0.29,0.29,-3.05999994277954,0.939363066899027,-0.176470588235294,0.538461538461538,0.433333333333333,0,LARK
"RNCMPT00124,min,CCCCCCC,RBD_v3_147508",67.925411627907,8.51421490067414,71.526,10.1046511627907,4.82880511141076,8.95,9.82790697674419,4.76631661625398,8.9,10.3813953488372,5.03593069915031,8.9,3.24077183770579,0.968161072500388,3.38385605812073,0.354883720930233,0.274871156769713,0.32,6.97674418604651,0.48,0,0.26,0.36,0.52,5.09,4.91,0.26,0.26,-4.3600001335144,0.913224371008154,-0.36,-0.384615384615385,0.342105263157895,0,LARK
"RNCMPT00124,min,GCCCCCC,RBD_v3_146384",75.024,7.32437297521092,77.4069,6.35340909090909,2.07379546790568,6,6.49090909090909,1.59137474308809,6.8,6.21590909090909,2.66710741160376,5.45,3.44265998222611,0.944284556742318,3.36923658847809,0.367272727272727,0.287882111178474,0.41,0,0.48,0,0.38,0.37,0.62,3.84,3.21,0.38,0.38,-1.97000002861023,0.978771866509032,-0.176470588235294,-0.230769230769231,0.433333333333333,0,LARK
"RNCMPT00126,max,UUUUUGG,RBD_v3_089482",84.8930571428572,6.15771076649259,87.3789,3.31190476190476,1.56222324737996,2.6,3.22857142857143,1.94508715879252,2.4,3.3952380952381,1.42199638984032,2.9,3.51771495077345,0.915608002684965,3.52116513252258,0.304920634920635,0.281779329216648,0.2,0,0.15,0,0.69,0.75,0.77,1.77,1.81,0.69,0.69,-2.97000002861023,0.816727012434981,0.80952380952381,-0.444444444444444,0.461538461538462,1,ORB2
"RNCMPT00126,max,UUUUUGG,RBD_v3_099381",70.7845862068966,5.53333085044779,72.7875,11.3448275862069,1.42736926018676,11.3,12.2931034482759,1.60199229409658,12.3,10.3965517241379,1.64718000547704,10.3,3.61646585628904,0.965449230358804,3.53403258323669,0.033103448275862,0.033817097142027,0.02,0,0.15,0,0.39,0.73,0.53,8.37,6.65,0.39,0.39,-7.32999992370606,0.904040964044443,0.6,-0.368421052631579,0.487179487179487,1,ORB2
"RNCMPT00126,max,UUUUUGG,RBD_v3_170136",78.3332744680851,9.93935490314328,81.2026,6.45425531914894,3.90828036502704,5.5,7.10851063829787,4.14434291153165,6.2,5.8,3.7358428418672,4.8,3.70924454546989,0.942761384156339,3.84293532371521,0.084255319148936,0.078594852161633,0.07,4.25531914893617,0.15,0,0.59,0.72,0.69,4.3,3.35,0.59,0.59,-4.76000022888184,0.90659722677393,0.428571428571429,-0.555555555555556,0.461538461538462,1,ORB2
"RNCMPT00126,min,AGAGUCG,RBD_v3_062831",67.7257794117647,5.29582439055751,69.83655,13.3794117647059,1.75422078216645,13.3,14.7147058823529,1.72857137595835,14.15,12.0441176470588,2.07396431640946,11.7,3.47001708956326,1.01373883929079,3.55554640293121,0.042647058823529,0.031747948970203,0.03,61.7647058823529,0.15,0,0.4,0.74,0.54,10.59,7.6,0.4,0.4,-3.49000000953674,0.973142269226386,0.222222222222222,0.3,0.526315789473684,0,ORB2
"RNCMPT00126,min,AGAGUCG,RBD_v3_095150",67.2184621212121,4.98878649877796,68.6716,11.0795454545455,2.32774201043261,10.175,10.9409090909091,2.26986799160231,10.45,11.2181818181818,2.59407070011648,10.6,3.51595718571634,1.02584979890661,3.60855281352997,0.092121212121212,0.125900023235962,0.035,0,0.15,0,0.41,0.74,0.55,6.89,7.1,0.41,0.41,-4.36999988555908,0.982030026212328,-0.111111111111111,-0.294117647058823,0.485714285714286,0,ORB2
"RNCMPT00126,min,AGAGUCG,RBD_v3_117215",73.0783454545455,4.55085009658573,73.647,7.93939393939394,1.66985755153673,7.9,8.46212121212121,1.68931166241576,8.5,7.41666666666667,1.88022775488939,6.95,3.65231382846832,1.00154106922193,3.84580838680267,0.093484848484849,0.09760977921125,0.05,71.2121212121212,0.15,0,0.55,0.77,0.67,4.62,4.66,0.55,0.55,-2.69000005722046,0.984462539680632,0,0.285714285714286,0.466666666666667,0,ORB2
"RNCMPT00127,max,AUCAACG,RBD_v3_002221",56.7385292682927,10.3205110266945,58.8793,15.3439024390244,2.50122957567751,15.05,14.990243902439,2.93025637769537,14.6,15.6975609756098,2.30179145502781,15.7,3.56526796701478,0.837602328465023,3.47331476211548,0.146829268292683,0.137721440313232,0.08,0,0.37,0,0.17,0.5,0.42,9.43,11.41,0.17,0.17,-4.6399998664856,0.979649455264845,-0.333333333333333,0,0.526315789473684,1,RBP1-LIKE
"RNCMPT00127,max,AUCAACG,RBD_v3_114213",56.7385292682927,10.3205110266945,58.8793,15.3439024390244,2.50122957567751,15.05,14.990243902439,2.93025637769537,14.6,15.6975609756098,2.30179145502781,15.7,3.56526796701478,0.837602328465023,3.47331476211548,0.146829268292683,0.137721440313232,0.08,0,0.37,0,0.17,0.5,0.42,9.43,11.41,0.17,0.17,-4.6399998664856,0.979649455264845,-0.333333333333333,0,0.526315789473684,1,RBP1-LIKE
"RNCMPT00127,max,AUCAUCA,RBD_v3_174879",54.240840625,10.1177245930056,57.41615,17.06015625,3.38362278479762,16.25,17.7796875,3.30752771467351,17.05,16.340625,3.76321876539093,15.5,3.5958611862734,1.02710126145994,3.73582983016968,0.06125,0.072495210569772,0.03,40.625,0.35,0,0.21,0.51,0.45,11.42,10.49,0.21,0.21,-4.61999988555908,0.997098982459257,0,0.1,0.526315789473684,1,RBP1-LIKE
"RNCMPT00127,min,GAUGGUG,RBD_v3_006110",60.8331674418605,9.49871997235419,62.7956,13.2767441860465,1.79673476449739,13.25,13.093023255814,2.52373451068029,12.7,13.4604651162791,1.55947786360932,13.4,3.4737973268642,0.857834940659947,3.38402318954468,0.158837209302326,0.110995694947095,0.14,86.046511627907,0.36,0,0.25,0.51,0.48,7.14,9.66,0.25,0.25,-4.51999998092651,0.973211645383088,0.333333333333333,0.176470588235294,0.485714285714286,0,RBP1-LIKE
"RNCMPT00127,min,GAUGGUG,RBD_v3_017802",59.038452631579,7.98114157619844,61.1799,13.7517543859649,1.74992257258001,13.65,13.780701754386,1.82026671873061,13.6,13.7228070175439,2.01467983488512,13.9,3.54890537261963,0.894973852645713,3.50319409370422,0.131052631578947,0.108983685058923,0.13,0,0.37,0,0.25,0.53,0.49,9.58,9.26,0.25,0.25,-6.3600001335144,0.972004874858178,0.333333333333333,0.2,0.526315789473684,0,RBP1-LIKE
"RNCMPT00127,min,GAUGGUG,RBD_v3_094617",53.6769,8.860327772608,54.51975,18.0821428571429,1.82902817820149,17.75,17.352380952381,2.13361460108657,17.35,18.8119047619048,1.82385311520156,18.45,3.54822180242766,1.06275702070697,3.82667577266693,0.055238095238095,0.048400669983173,0.04,4.76190476190476,0.36,0,0.2,0.51,0.44,13.1,14.86,0.2,0.2,-6.6100001335144,0.959253543925123,0.333333333333333,0.294117647058823,0.447368421052632,0,RBP1-LIKE
"RNCMPT00129,max,AGAGUAU,RBD_v3_005236",78.7197571428572,10.0501073571175,77.9919,7.44090909090909,5.15094988220573,7.05,7.71298701298701,5.08639440720228,7.3,7.16883116883117,5.38658811406577,6.5,3.70824167790351,0.84654263738244,3.74392509460449,0.369090909090909,0.32289472709335,0.35,12.987012987013,0.47,0,0.31,0.34,0.55,2.06,1.47,0.31,0.31,-5.53999996185303,0.979649455264845,0.333333333333333,0,0.526315789473684,1,CG11360
"RNCMPT00129,max,AGAGUAU,RBD_v3_065094",67.9148847826087,11.3587285492519,65.5699,12.0510869565217,5.40963212101,12.325,11.6304347826087,5.1914286739797,11.5,12.4717391304348,5.78955721677954,13.1,3.54315261089283,0.974519833614285,3.63715028762817,0.147608695652174,0.201866943258914,0.07,8.69565217391304,0.47,0,0.29,0.34,0.53,4.19,3.82,0.29,0.29,-4.51000022888184,0.99900044193615,0.052631578947368,0.052631578947368,0.5,1,CG11360
"RNCMPT00129,max,AGAGUAU,RBD_v3_155907",68.91491,11.7522178691815,67.8486,13.020625,5.43992329240176,16,13.16875,5.10414559110434,15.35,12.8725,5.86896956862688,16,3.67183703929186,0.835248959202608,3.5771050453186,0.221625,0.218895060401907,0.145,0,0.46,0,0.28,0.34,0.53,4.38,3.14,0.28,0.28,-6.09999990463257,0.967355608866864,0.043478260869565,0.333333333333333,0.394736842105263,1,CG11360
"RNCMPT00129,min,CCCCCCC,RBD_v3_115637",77.44617,9.88650395256886,73.7426,7.24214285714286,4.57359811192905,9.2,7.24571428571429,4.7579281118134,9.7,7.23857142857143,4.54326361841553,8.65,3.67184491327831,0.828228632305215,3.70706689357758,0.362428571428571,0.310606866084443,0.325,45.7142857142857,0.47,0,0.42,0.38,0.65,1.6,1.44,0.42,0.42,-3.02999997138977,0.939363066899027,-0.176470588235294,0.538461538461538,0.433333333333333,0,CG11360
"RNCMPT00129,min,UUUCGUC,RBD_v3_096490",69.7981470588235,9.11289258833706,65.702,14.4376470588235,5.05966134925923,14.95,14.5447058823529,4.18618777257147,15.6,14.3305882352941,6.15749685399861,13.7,3.51172797960394,0.93524172339896,3.33049869537354,0.211647058823529,0.262872624681085,0.07,51.764705882353,0.47,0,0.26,0.34,0.51,7.72,5.07,0.26,0.26,-3.35999989509583,0.946203559296438,0,-0.454545454545455,0.578947368421053,0,CG11360
"RNCMPT00129,min,UUUCGUC,RBD_v3_132833",61.3509540540541,9.53151402392458,57.07975,17.7581081081081,4.95097214078583,16.825,18.0635135135135,4.44215714364722,18.15,17.4527027027027,5.6699211893963,17.15,3.5590247479645,1.02897992107899,3.60935115814209,0.147972972972973,0.196956150670475,0.045,5.40540540540541,0.46,0,0.22,0.36,0.48,10.16,7.85,0.22,0.22,-4.63000011444092,0.984029002132122,-0.058823529411765,-0.238095238095238,0.552631578947368,0,CG11360
"RNCMPT00131,max,AGAAAUU,RBD_v3_175905",68.4588413533835,8.38790493902263,70.8561,10.3131578947368,2.524027676102,9.6,9.9015037593985,2.33533415175742,9.4,10.7248120300752,2.89893935711284,10.1,3.46912249138481,0.937247291214051,3.49726510047913,0.075112781954887,0.069941713193736,0.05,40.6015037593985,0.09,0,0.47,0.66,0.55,5.67,5.09,0.47,0.47,-3.99000000953674,0.981649930192858,0,0.3,0.526315789473684,1,CG17838
"RNCMPT00131,max,AGAAAUU,RBD_v3_182322",63.9811210526316,13.0152488691328,65.3959,16.6390977443609,5.99017294466866,19.75,16.7270676691729,5.87519345677035,19.4,16.5511278195489,6.29595368544718,18.8,3.49206063577107,0.971213856840552,3.54148507118225,0.039323308270677,0.061634252194035,0.02,21.8045112781955,0.08,0,0.48,0.7,0.56,7.6,4.95,0.48,0.48,-5.88000011444092,0.99900044193615,0,0,0.526315789473684,1,CG17838
"RNCMPT00131,max,AGAAAUU,RBD_v3_228533",75.5917669230769,9.34516088000835,75.3278,9.18384615384615,4.43731191493357,9.625,9.06538461538462,4.34203738014934,8.25,9.30230769230769,4.67874072676746,10.9,3.65743196652486,0.85567606032262,3.68420040607452,0.179615384615385,0.233106436235021,0.065,19.2307692307692,0.09,0,0.66,0.73,0.72,2.6,2.21,0.66,0.66,-2.07999992370605,0.981377551942568,-0.294117647058823,0.047619047619048,0.552631578947368,1,CG17838
"RNCMPT00131,min,AGUGAGU,RBD_v3_007663",62.5806827586207,8.42127371561936,64.993,16.9837931034483,2.46820674584401,16.7,15.9468965517241,2.93314523952848,15.6,18.0206896551724,2.4723441573098,18,3.49110844710778,1.05140747440835,3.64764642715454,0.031448275862069,0.031291179764184,0.02,2.06896551724138,0.06,0,0.29,0.62,0.39,10.21,10.11,0.29,0.29,-4.32000017166138,0.986863224815062,0.125,0.090909090909091,0.578947368421053,0,CG17838
"RNCMPT00131,min,AGUGAGU,RBD_v3_130588",65.8405529411765,4.99240013583059,66.8398,14.1466386554622,1.71575119552159,14,12.8655462184874,1.81156533936205,12.7,15.427731092437,2.05186663134781,15.2,3.53204075278354,1.04767814956536,3.71046471595764,0.057142857142857,0.059434379954544,0.03,0,0.07,0,0.31,0.64,0.41,9.79,10.36,0.31,0.31,-3.14000010490417,0.917315963834773,0.466666666666667,0.391304347826087,0.605263157894737,0,CG17838
"RNCMPT00131,min,AGUGAGU,RBD_v3_174808",61.9219040540541,9.24141458013266,62.797,16.5405405405405,4.40604235449885,18.525,15.9601351351351,4.29745597682754,17,17.1209459459459,4.71854430132736,19.05,3.5823730177976,0.950217397502452,3.58835673332214,0.061418918918919,0.089260073538369,0.02,11.4864864864865,0.07,0,0.37,0.69,0.47,7.56,8.78,0.37,0.37,-3.63000011444092,0.967355608866864,0.411764705882353,0.047619047619048,0.552631578947368,0,CG17838
"RNCMPT00132,max,UUUAGUU,RBD_v3_122545",78.5200616666667,8.05731809773562,78.8492,5.84791666666667,2.99894516352626,5.275,5.8075,3.21958717798395,5.15,5.88833333333333,2.98382708775758,5.1,3.64910787244638,0.870800236463466,3.56032431125641,0.327666666666667,0.281561472408954,0.265,53.3333333333333,0.34,0,0.43,0.51,0.62,1.25,1.59,0.43,0.43,-2.66000008583069,0.972861409666655,-0.058823529411765,-0.333333333333333,0.552631578947368,1,RBP9
"RNCMPT00132,max,UUUAGUU,RBD_v3_232147",78.5200616666667,8.05731809773562,78.8492,5.84791666666667,2.99894516352626,5.275,5.8075,3.21958717798395,5.15,5.88833333333333,2.98382708775758,5.1,3.64910787244638,0.870800236463466,3.56032431125641,0.327666666666667,0.281561472408954,0.265,53.3333333333333,0.34,0,0.43,0.51,0.62,1.25,1.59,0.43,0.43,-2.66000008583069,0.972861409666655,-0.058823529411765,-0.333333333333333,0.552631578947368,1,RBP9
"RNCMPT00132,max,UUUGGUU,RBD_v3_237081",81.7614638095238,12.5011877511016,84.1158,5.72809523809524,5.31410914005169,3.15,6.05333333333333,5.52513603498848,3.4,5.40285714285714,5.26111382516276,3.1,3.56962259780793,0.816415864658704,3.58113408088684,0.422571428571428,0.320639470947777,0.41,59.0476190476191,0.32,0,0.46,0.48,0.62,1.47,1.37,0.46,0.46,-5.17000007629395,0.858542566331178,0.529411764705882,-0.636363636363636,0.564102564102564,1,RBP9
"RNCMPT00132,min,AGAGUCG,RBD_v3_012354",64.6981007751938,10.5778448687612,66.9521,15.6984496124031,4.35674736214063,14.6,15.1488372093023,3.25972382551109,14.6,16.2480620155039,6.09723427023466,14.9,3.57314909520999,0.996774974942134,3.71204805374145,0.108682170542636,0.146801204040539,0.03,13.953488372093,0.3,0,0.31,0.47,0.49,8.89,6.5,0.31,0.31,-5.05999994277954,0.97808936524446,0.333333333333333,0.058823529411765,0.485714285714286,0,RBP9
"RNCMPT00132,min,GAGUCGU,RBD_v3_076525",65.5479766990291,7.28130470244474,67.7783,14.5893203883495,5.07651576169107,12.5,15.6155339805825,5.22559232558815,14.7,13.5631067961165,5.2050878256564,11.2,3.56588209022596,0.868310210260318,3.51533007621765,0.156504854368932,0.171331056316586,0.07,24.2718446601942,0.35,0,0.29,0.48,0.5,7.77,7.13,0.29,0.29,-6.59000015258789,0.994985417684099,0.111111111111111,-0.1,0.526315789473684,0,RBP9
"RNCMPT00132,min,GUGAGUC,RBD_v3_237892",67.647321875,7.77019291142618,68.22335,12.24453125,3.25516690656054,11.975,11.81953125,3.68841682516782,11.85,12.66953125,3.45409852623474,11.85,3.57145335152745,0.853936262982105,3.70141017436981,0.1503125,0.181437555688378,0.055,53.125,0.33,0,0.27,0.47,0.48,3.24,5.98,0.27,0.27,-5.88000011444092,0.943824487357175,0.454545454545455,0.125,0.421052631578947,0,RBP9
"RNCMPT00133,max,AGAGCAC,RBD_v3_138176",87.423675,5.91138261024519,89.9707,3.5625,1.67464418296392,2.925,3.00454545454545,1.49945021637072,2.2,4.12045454545455,1.9613212852392,3.45,3.6682206121358,0.792417580693942,3.48667049407959,0.399545454545454,0.315395318906544,0.37,0,0.52,0,0.46,0.5,0.73,1.42,2.03,0.46,0.46,-4.8600001335144,0.991355861529484,-0.058823529411765,0.142857142857143,0.552631578947368,1,CPO
"RNCMPT00133,max,AUGCACA,RBD_v3_019229",84.9727106382979,11.8023364421448,88.6997,5.13723404255319,6.28471634797213,2.7,5.38297872340426,6.74560466071559,2.5,4.89148936170213,5.92407871344948,2.5,3.7260072205929,0.928183439392312,3.58283114433289,0.398936170212766,0.393055113087394,0.22,14.8936170212766,0.52,0,0.54,0.53,0.8,1.27,1.19,0.54,0.54,-2.52999997138977,0.966806202301564,-0.333333333333333,0.2,0.571428571428571,1,CPO
"RNCMPT00133,max,AUUGCAC,RBD_v3_123690",71.9639648648649,7.19814433371609,73.8362,10.9378378378378,2.34379812262909,10.45,11.0459459459459,2.90790059766249,9.8,10.8297297297297,2.21232216672197,10.1,3.54366397213291,1.01880532308774,3.5106737613678,0.181891891891892,0.14047217671992,0.2,0,0.52,0,0.28,0.47,0.58,7.06,6.7,0.28,0.28,-4,0.99900044193615,0,0,0.473684210526316,1,CPO
"RNCMPT00133,min,GAGUCGU,RBD_v3_100507",78.9128689655172,14.353614997137,84.1067,6.54310344827586,5.87467392358154,3.05,6.2448275862069,5.51247938019911,3.75,6.84137931034483,6.36591897371584,3.05,3.54798997681716,0.866560763683628,3.61453831195831,0.313620689655172,0.39667786336488,0.035,3.44827586206897,0.52,0,0.51,0.52,0.77,1.01,1.02,0.51,0.51,-5.51999998092651,0.994985417684099,0.047619047619048,0.058823529411765,0.447368421052632,0,CPO
"RNCMPT00133,min,GAGUCGU,RBD_v3_111585",71.3864,8.51581328920038,72.1613,15.1202127659574,3.38207647135519,13.7,16.5510638297872,2.91076505260891,15.5,13.6893617021277,4.08763958903005,12.4,3.67784840502637,1.01003693817232,3.92161440849304,0.212340425531915,0.174931200960207,0.15,0,0.52,0,0.3,0.46,0.59,10.59,6.42,0.3,0.3,-3.90000009536743,0.925803629102794,0.555555555555556,0.3,0.526315789473684,0,CPO
"RNCMPT00133,min,GUGAGUC,RBD_v3_237140",81.0044933333333,8.74591826412256,84.1202,6.88166666666667,2.47422866187917,6.275,6.74333333333333,2.5802543757696,6.3,7.02,2.48324037471621,6.35,3.58491843938828,0.876386757780414,3.69060182571411,0.362666666666667,0.217206930310045,0.355,86.6666666666667,0.52,0,0.38,0.49,0.66,4.34,4.27,0.38,0.38,-2.19000005722046,0.978771866509031,0.333333333333333,0.066666666666667,0.5,0,CPO
"RNCMPT00134,max,GGAGGGA,RBD_v3_037950",65.4603275362319,8.93326407788665,67.502,9.93623188405797,3.70295871426576,9.15,9.21304347826087,3.98201519494687,8.3,10.6594202898551,3.84303490825322,9.3,3.48015115917593,0.945511997089782,3.53473496437073,0.24,0.255992876739132,0.09,0,0.38,0,0.31,0.39,0.51,4.08,5.16,0.31,0.31,-6.73999977111816,0.939395630564034,0.333333333333333,0.411764705882353,0.414634146341463,1,B52
"RNCMPT00134,max,GGAGGGA,RBD_v3_098883",61.6572803921569,7.89904650640872,63.3676,19.671568627451,2.97612591974803,20.75,18.9352941176471,3.24165535055235,19.9,20.4078431372549,3.20579744445933,20.9,3.56448149914835,0.889742967336067,3.63371586799622,0.15843137254902,0.17943659101777,0.1,0,0.37,0,0.24,0.37,0.45,9.9,13.94,0.24,0.24,-1.86000001430511,0.818251894204589,0.647058823529412,0.692307692307692,0.433333333333333,1,B52
"RNCMPT00134,max,GGAGGGA,RBD_v3_118539",62.7673818181818,9.61205101163947,65.30885,17.1579545454545,3.73361448387014,17.65,15.3204545454545,3.88387121343345,16.2,18.9954545454545,3.7032954868606,18.4,3.34238245202736,1.13488359272269,3.52344882488251,0.148181818181818,0.245814003492267,0.015,63.6363636363636,0.39,0,0.2,0.36,0.43,9.21,11.67,0.2,0.2,-8.09000015258789,0.943824487357175,0.454545454545455,0.125,0.421052631578947,1,B52
"RNCMPT00134,min,CCUGUUC,RBD_v3_037257",54.1443552631579,10.6371141110158,57.8669,21.0032894736842,2.81579278979965,20.625,20.0631578947368,3.30598818732566,19.15,21.9434210526316,2.7094075872198,22.1,3.60645845218709,0.853689207915035,3.55043733119965,0.043026315789474,0.074099387974838,0.01,68.421052631579,0.38,0,0.19,0.35,0.41,14.01,15.9,0.19,0.19,-5.34999990463257,0.92967993171725,-0.2,-0.4,0.333333333333333,0,B52
"RNCMPT00134,min,CUCGUCU,RBD_v3_063190",57.4413704545455,10.5132952782075,60.1881,16.9352272727273,4.1270178932653,14.775,15.9454545454545,4.65235397008892,13.4,17.925,3.85596035152828,16.2,3.6247904761271,0.902203941193844,3.7460298538208,0.085454545454546,0.092295141988473,0.045,0,0.39,0,0.19,0.34,0.42,9.56,10.38,0.19,0.19,-3.84999990463257,0.981377551942568,-0.294117647058823,-0.047619047619048,0.552631578947368,0,B52
"RNCMPT00134,min,UCGUCCU,RBD_v3_160743",58.906975862069,5.35539528317373,60.9995,23.0672413793103,0.838714563022845,23.2,22.4620689655172,1.08048064473424,22.5,23.6724137931034,1.32365741999856,23.7,3.67012136558007,0.841859351711483,3.45376467704773,0.035862068965517,0.023832337182209,0.04,62.0689655172414,0.37,0,0.11,0.34,0.34,18.83,20.45,0.11,0.11,-3.9300000667572,0.977747995787952,-0.294117647058823,-0.142857142857143,0.552631578947368,0,B52
"RNCMPT00136,max,UUAGUUU,RBD_v3_123820",83.6588188034188,9.47740266914367,86.9104,4.31495726495727,4.21652774782261,1.9,3.9957264957265,3.7538576287553,2.1,4.63418803418804,4.81413440483195,1.9,3.62819993139332,0.914227130160331,3.6476104259491,0.406153846153846,0.370881629396594,0.28,32.4786324786325,0.19,0,0.56,0.57,0.66,1.1,1.11,0.56,0.56,-7.69999980926514,0.973142269226386,0.222222222222222,-0.3,0.526315789473684,1,HuR
"RNCMPT00136,max,UUAGUUU,RBD_v3_232147",79.3726753846154,6.46215669007966,81.3156,4.72923076923077,2.05677915415545,4.025,4.79461538461538,2.4736537811947,3.85,4.66384615384615,1.88946503425778,4.2,3.54338888480113,0.887212696076684,3.51202392578125,0.308307692307692,0.279582020419626,0.22,45.3846153846154,0.19,0,0.53,0.58,0.63,2.23,2.21,0.53,0.53,-2.66000008583069,0.972861409666655,-0.058823529411765,-0.333333333333333,0.552631578947368,1,HuR
"RNCMPT00136,max,UUAGUUU,RBD_v3_236589",83.6588188034188,9.47740266914367,86.9104,4.31495726495727,4.21652774782261,1.9,3.9957264957265,3.7538576287553,2.1,4.63418803418804,4.81413440483195,1.9,3.62819993139332,0.914227130160331,3.6476104259491,0.406153846153846,0.370881629396594,0.28,32.4786324786325,0.19,0,0.56,0.57,0.66,1.1,1.11,0.56,0.56,-7.69999980926514,0.973142269226386,0.222222222222222,-0.3,0.526315789473684,1,HuR
"RNCMPT00136,min,AGAGUCG,RBD_v3_100507",75.0056982300885,9.91635325686801,76.6681,5.98495575221239,2.81014492632555,4.95,5.82389380530973,2.79764806630636,4.6,6.14601769911504,3.08918145070798,5.1,3.60610548954094,0.946483582490513,3.6476263999939,0.278318584070796,0.269725067214176,0.14,0,0.19,0,0.48,0.54,0.59,2.62,2.59,0.48,0.48,-5.51999998092651,0.994985417684099,0.047619047619048,0.058823529411765,0.447368421052632,0,HuR
"RNCMPT00136,min,AGAGUCG,RBD_v3_160610",76.2971839622642,5.6052316421126,77.87605,7.57358490566038,1.79895746987989,7.15,7.68396226415094,1.9894549046435,7,7.46320754716981,2.12268138926299,7.25,3.61090244662087,0.791539204730343,3.64261674880981,0.274245283018868,0.238638791055825,0.21,0,0.18,0,0.45,0.55,0.56,4.92,4.48,0.45,0.45,-6.25,0.959253543925123,-0.12,-0.076923076923077,0.342105263157895,0,HuR
"RNCMPT00136,min,GAGUCGU,RBD_v3_153659",66.1576566929134,5.65538464313788,67.7105,15.0511811023622,1.8416743650661,14.9,14.4094488188976,2.02866102806855,14.3,15.6929133858268,2.1432500577158,15.6,3.5806100178422,0.968017337803313,3.65362167358398,0.128110236220472,0.126996639647235,0.09,51.1811023622047,0.19,0,0.26,0.52,0.4,9.91,10.69,0.26,0.26,-5.01000022888184,0.866864491212075,0.652173913043478,0.333333333333333,0.394736842105263,0,HuR
"RNCMPT00137,max,AACCCUU,RBD_v3_153195",74.6509303030303,4.33946634222493,76.6729,6.36969696969697,1.50809997357703,5.95,6.22727272727273,1.86233602084733,5.7,6.51212121212121,1.3963697521962,6.2,3.49210197275335,0.692182947179253,3.44799637794495,0.313636363636364,0.262878514976716,0.29,39.3939393939394,0.23,0,0.43,0.61,0.58,3.52,4.34,0.43,0.43,-3.05999994277954,0.959719404281602,-0.368421052631579,0.25,0.457142857142857,1,MUB
"RNCMPT00137,max,ACCCGGA,RBD_v3_090882",78.4007,4.22520452710841,78.50905,4.045,1.09648622940831,3.7,4.1125,1.4442081496402,3.6,3.9775,0.909349584410015,3.9,3.61298600435257,0.74186797631524,3.63795495033264,0.32775,0.282937770633901,0.245,0,0.23,0,0.53,0.66,0.67,2.71,2.5,0.53,0.53,-4.01000022888184,0.972861409666655,-0.272727272727273,-0.125,0.421052631578947,1,MUB
"RNCMPT00137,max,ACCCGGA,RBD_v3_165047",66.262072972973,4.24194880755484,67.368,14.9594594594595,1.2460960056333,14.9,14.1135135135135,1.2826106541309,14,15.8054054054054,1.60657433101649,16,3.65594073888418,1.00588591114027,3.48371028900146,0.175135135135135,0.165153491260935,0.11,24.3243243243243,0.16,0,0.21,0.58,0.37,10.24,12.74,0.21,0.21,-5.44999980926514,0.948924692132234,-0.333333333333333,0,0.368421052631579,1,MUB
"RNCMPT00137,min,AGAGUCG,RBD_v3_177367",64.26691875,3.87372314217443,65.0428,16.621875,1.82389770068956,16.225,15.26875,2.24505729505162,14.65,17.975,1.61024942968673,17.7,3.59099731221795,0.894739648123917,3.55080890655518,0.1334375,0.119962611783032,0.09,40.625,0.16,0,0.15,0.57,0.31,11.84,15.79,0.15,0.15,-5.07999992370606,0.982848200563011,0.263157894736842,0.157894736842105,0.5,0,MUB
"RNCMPT00137,min,AGGUUUU,RBD_v3_233073",73.3666541666667,3.93202998959981,74.802,18.90625,0.959088391900487,18.975,18.5125,1.45701078746268,18.5,19.3,0.966391765009544,19.35,3.4820955346028,0.783710010791306,3.53248679637909,0.182916666666667,0.163427398231611,0.165,0,0.23,0,0.19,0.61,0.39,12.53,14.29,0.19,0.19,-2.88000011444092,0.949464781845468,0.230769230769231,-0.411764705882353,0.566666666666667,0,MUB
"RNCMPT00137,min,GGGUUUU,RBD_v3_026137",74.3082354166667,4.75900596667483,75.36495,6.62708333333333,1.7437718452329,6.45,6.40416666666667,2.33629624445274,5.7,6.85,1.48036798185523,6.8,3.71563029289246,0.73964593230757,3.81528532505035,0.155416666666667,0.132375326063261,0.115,2.08333333333333,0.16,0,0.41,0.67,0.54,3.63,4.75,0.41,0.41,-4.23000001907349,0.972311607127289,0.333333333333333,-0.2,0.5,0,MUB
"RNCMPT00138,max,AGAUUGA,RBD_v3_077102",62.6178872340426,9.51191869673578,66.8412,10.8021276595745,4.40667672089515,8.85,10.1893617021277,4.96182093338959,7.5,11.4148936170213,4.02173327999175,10,3.40285853629417,1.11525873239971,3.54054093360901,0.09,0.083196989912104,0.06,55.3191489361702,0.46,0,0.3,0.5,0.57,4.03,6.42,0.3,0.3,-3.34999990463257,0.953667851750936,0.428571428571429,0.142857142857143,0.6,1,RIN
"RNCMPT00138,max,AGAUUGA,RBD_v3_084186",68.9304756097561,9.99898697460849,72.6746,10.7292682926829,3.67887509317991,9.45,9.59512195121951,4.24899701220842,7.7,11.8634146341463,3.27862441410731,11,3.55536051494319,0.757755523640557,3.43208813667297,0.108292682926829,0.108579520145937,0.06,0,0.48,0,0.31,0.49,0.58,5.29,5.85,0.31,0.31,-5.36999988555908,0.965647640116437,0.142857142857143,0.166666666666667,0.631578947368421,1,RIN
"RNCMPT00138,max,AGAUUGA,RBD_v3_160573",71.0751916666667,7.33144443734852,73.95415,8.34305555555556,2.57060728727607,7.575,7.78333333333333,3.25729949498047,7.15,8.90277777777778,2.08470431080575,8.15,3.56194882922702,1.02008302129017,3.66505372524261,0.210833333333333,0.159093413709413,0.17,16.6666666666667,0.45,0,0.31,0.5,0.58,3.9,6.19,0.31,0.31,-4.28999996185303,0.986389195400269,0.25,0.052631578947368,0.542857142857143,1,RIN
"RNCMPT00138,min,GUCGUCU,RBD_v3_005046",71.5844548387097,7.70402878191399,75.3236,6.97741935483871,2.76582834818304,5.65,6.81290322580645,3.6534679356728,5.1,7.14193548387097,2.09710501939354,6.4,3.64479364118268,0.780826869524626,3.70817375183106,0.181935483870968,0.141006367582903,0.15,0,0.46,0,0.36,0.5,0.62,3.1,4.7,0.36,0.36,-2.22000002861023,0.97042113639059,0.142857142857143,-0.083333333333333,0.631578947368421,0,RIN
"RNCMPT00138,min,GUCGUCU,RBD_v3_039021",63.1513975609756,7.84711243561884,67.1257,13.0024390243902,2.29224102189081,12.55,12.0512195121951,2.58516169235306,11.8,13.9536585365854,2.19773719550082,13.3,3.3725510864723,0.971724304966865,3.41884279251099,0.148780487804878,0.116193698666305,0.13,0,0.47,0,0.27,0.49,0.55,7.42,9.97,0.27,0.27,-5.6100001335144,0.972861409666655,0.058823529411765,-0.333333333333333,0.552631578947368,0,RIN
"RNCMPT00138,min,UCGUCGU,RBD_v3_110911",70.80286,10.6091564196604,74.71615,10.37875,3.92279478309233,8.825,10.455,5.07249748834149,7.8,10.3025,3.10322309699828,9.15,3.54273783862591,0.95501999259905,3.51423454284668,0.235,0.196103060293332,0.225,0,0.46,0,0.34,0.5,0.6,5.19,5.99,0.34,0.34,-5.15000009536743,0.994985417684099,-0.047619047619048,-0.058823529411765,0.447368421052632,0,RIN
"RNCMPT00139,max,AGAAAAA,RBD_v3_237834",75.7472535294118,9.98686707857997,75.2737,6.71676470588235,4.21184910732673,7.9,6.33352941176471,4.19217281529889,6.8,7.1,4.44499585665504,8.7,3.60022067182204,0.849596911514011,3.63987648487091,0.273117647058823,0.291815857953283,0.16,22.9411764705882,0.06,0,0.55,0.54,0.58,1.37,1.2,0.55,0.55,-1.70000004768372,0.774312077302662,0.166666666666667,0.888888888888889,0.6,1,PABP
"RNCMPT00139,max,AGAAAAU,RBD_v3_145115",69.0577229299363,8.02748389884812,69.7809,13.9404458598726,2.61522988741664,13.1,13.9152866242038,2.10914266228818,13.6,13.9656050955414,3.4121523656085,12.8,3.49677250111938,0.934302950881787,3.56223917007446,0.071464968152866,0.069067184744223,0.04,0,0.06,0,0.35,0.53,0.42,9.79,7.91,0.35,0.35,-5.92000007629395,0.974436160642641,-0.052631578947368,0.368421052631579,0.5,1,PABP
"RNCMPT00139,max,AGAAAAU,RBD_v3_219059",68.3478095238095,6.40921890287552,68.686,15.2914965986395,1.83849974340363,15.2,14.5850340136054,2.11528532812552,14.4,15.9979591836735,2.06289693192541,16,3.39888543823138,0.962458833857609,3.45224094390869,0.03687074829932,0.042390919179563,0.02,2.72108843537415,0.08,0,0.34,0.49,0.41,9.91,10.48,0.34,0.34,-1.39999997615814,0.892320349714147,0.230769230769231,0.647058823529412,0.566666666666667,1,PABP
"RNCMPT00139,min,UUUUCCC,RBD_v3_010961",72.256126446281,6.96357816597389,73.2103,11.7739669421488,1.81542119967555,11.65,12.0123966942149,1.67588634498951,12.3,11.5355371900826,2.67824132296215,11.4,3.48833630301736,0.933111966436431,3.49634194374084,0.17,0.139176147381654,0.14,29.7520661157025,0.07,0,0.37,0.52,0.44,7.69,6.31,0.37,0.37,-2.46000003814697,0.972004874858178,-0.2,-0.333333333333333,0.473684210526316,0,PABP
"RNCMPT00139,min,UUUUCCC,RBD_v3_052903",69.0016993548387,14.3284722651186,64.401,13.0341935483871,8.20542415397957,18,12.5245161290323,8.24534769994086,16.8,13.5438709677419,8.25697724533596,18.4,3.6157171703154,0.888945689527347,3.63818335533142,0.199612903225806,0.257091332174344,0.08,23.2258064516129,0.08,0,0.5,0.52,0.55,1.65,1.63,0.5,0.5,-0.360000014305115,0.982030026212328,-0.25,-0.157894736842105,0.542857142857143,0,PABP
"RNCMPT00139,min,UUUUUUU,RBD_v3_032650",67.5744939597315,7.26208874905972,68.6036,14.5147651006711,2.01376599726651,14.2,14.6724832214765,2.13119871929755,14.3,14.3570469798658,2.27219548055004,14,3.52369681700764,0.812911435091557,3.52506971359253,0.077852348993289,0.068007986001539,0.06,27.5167785234899,0.08,0,0.31,0.52,0.39,10.72,10.1,0.31,0.31,-4.63000011444092,0.986863224815062,0.176470588235294,-0.142857142857143,0.552631578947368,0,PABP
"RNCMPT00140,max,AUGGAAA,RBD_v3_188013",72.7977,11.5141701765123,75.7722,8.47173913043478,7.0651328516916,6.15,8.37739130434783,7.2513647943422,6,8.56608695652174,6.94989444519769,6.4,3.60254907141561,0.963741399885454,3.77433943748474,0.137391304347826,0.132771317424886,0.1,51.304347826087,0.18,0,0.54,0.61,0.65,2.07,2.39,0.54,0.54,-2.60999989509583,0.930962789489506,0.571428571428571,0.142857142857143,0.6,1,MOD
"RNCMPT00140,max,GUGGAAA,RBD_v3_034406",74.663867826087,9.39329111485116,76.4599,7.27608695652174,4.38226763690844,6,7.00782608695652,4.21884136056682,5.8,7.54434782608696,4.68426240340149,5.9,3.70977983682052,0.963049705877767,3.84471940994263,0.133826086956522,0.131419928318026,0.11,15.6521739130435,0.18,0,0.54,0.64,0.65,2.75,2.72,0.54,0.54,-3.02999997138977,0.9457129758338,0.428571428571429,0.238095238095238,0.6,1,MOD
"RNCMPT00140,max,UGGAAAA,RBD_v3_105190",74.3454013245033,8.19639663100793,75.1266,6.60264900662252,4.64201029755956,5.55,6.53973509933775,4.4695574645998,5.5,6.66556291390728,4.9258778758392,5.2,3.5954776260237,0.92193831704717,3.68276619911194,0.193509933774834,0.187489372767264,0.13,7.94701986754967,0.18,0,0.58,0.62,0.68,1.74,1.99,0.58,0.58,-4.63000011444092,0.948091287100033,0.411764705882353,0.333333333333333,0.514285714285714,1,MOD
"RNCMPT00140,min,AGGGGGG,RBD_v3_106185",74.3728125,5.82265742731725,75.04,5.59333333333333,2.22676550041479,5.825,5.85166666666667,2.54128873986876,6.15,5.335,2.07066952189565,5.5,3.56633321344852,0.96147431525191,3.5739449262619,0.162083333333333,0.176382395095769,0.09,0.833333333333333,0.18,0,0.64,0.6,0.73,1.72,2.15,0.64,0.64,-7.23000001907349,0.875300505026247,0.368421052631579,-0.7,0.512820512820513,0,MOD
"RNCMPT00140,min,GGGGGCC,RBD_v3_081252",73.394649122807,6.6012564423691,73.7143,7.48728070175439,3.67926990763828,6.375,7.75964912280702,3.81203774039591,6.6,7.21491228070175,3.68825527633157,6.35,3.67763620876429,0.935413214970922,3.7835066318512,0.109298245614035,0.136742890955923,0.06,27.1929824561403,0.18,0,0.6,0.6,0.69,2.5,2.25,0.6,0.6,-5.44000005722046,0.929985803806722,0.5,0.333333333333333,0.473684210526316,0,MOD
"RNCMPT00140,min,GGGGGCC,RBD_v3_143408",73.324797029703,10.5659792035897,76.2504,7.93811881188119,4.71886717610727,5.7,7.63564356435644,5.04778335823589,5.5,8.24059405940594,4.51294090849463,6.2,3.68279742840493,0.948256428913051,3.71954536437988,0.14970297029703,0.166303670708404,0.09,5.94059405940594,0.18,0,0.52,0.66,0.64,3.1,3.83,0.52,0.52,-7.05999994277954,0.939968042684697,0.157894736842105,-0.454545454545455,0.366666666666667,0,MOD
"RNCMPT00141,max,GAUAUGA,RBD_v3_229806",71.2232795454545,4.16060377849957,71.392,7.08068181818182,3.35512824953451,7,6.975,3.41543180558544,6.7,7.18636363636364,3.38811815155249,7.2,3.80340123989365,0.963563740600948,3.89947986602783,0.144090909090909,0.142573003443086,0.085,93.1818181818182,0.38,0,0.34,0.45,0.55,3.42,3.02,0.34,0.34,-4,0.899507835327561,0.714285714285714,0,0.631578947368421,1,PUF68
"RNCMPT00141,max,UAUGAGG,RBD_v3_084584",62.764924,2.79439014340637,63.5022,13.802,1.58899076984942,14.05,12.452,1.55807573628499,12.5,15.152,2.24965182491276,15.1,3.62122076034546,0.956009044999981,3.68625164031982,0.066,0.085440037453175,0.03,100,0.39,0,0.23,0.44,0.47,8.68,11.41,0.23,0.23,-5.57000017166138,0.97808936524446,0.2,0.2,0.571428571428571,1,PUF68
"RNCMPT00141,max,UAUGAGG,RBD_v3_204950",68.7989060606061,3.42993463685346,69.2784,12.1848484848485,1.19631497005419,11.85,11.3363636363636,1.21984071240321,11,13.0333333333333,1.52513660590344,13.2,3.50748758966272,1.01181290683463,3.545743227005,0.219090909090909,0.149778245173566,0.24,15.1515151515152,0.4,0,0.36,0.43,0.57,8.83,10.49,0.36,0.36,-4.03000020980835,0.930962789489506,0.571428571428571,0.142857142857143,0.6,1,PUF68
"RNCMPT00141,min,AGGGGGC,RBD_v3_130968",68.8854678571429,3.77351478029128,69.7417,12.8017857142857,1.46157462923567,12.975,12.2678571428571,1.16366393628649,12.2,13.3357142857143,2.08667985187781,13.55,3.53468125207084,0.887119303965745,3.46899855136871,0.164285714285714,0.127320783890856,0.12,0,0.4,0,0.27,0.44,0.51,9.5,9.7,0.27,0.27,-4.84000015258789,0.945231600849419,0.473684210526316,0.263157894736842,0.5,0,PUF68
"RNCMPT00141,min,AGGGGGC,RBD_v3_226335",69.8619428571429,4.72101330148635,69.7837,10.9547619047619,6.18094570933536,8.85,11.1015873015873,6.14482452211437,9,10.8079365079365,6.36216897452589,8.8,3.26865010885965,1.07844325685809,3.34599018096924,0.170952380952381,0.178810715253312,0.09,0,0.37,0,0.35,0.44,0.55,4.73,4.69,0.35,0.35,-5.05999994277954,0.994985417684099,0.058823529411765,-0.047619047619048,0.552631578947368,0,PUF68
"RNCMPT00141,min,GGGGGCC,RBD_v3_152881",82.316027027027,4.43616209162133,82.8668,2.43108108108108,0.869175163856783,2.3,2.35675675675676,0.681314310130933,2.2,2.50540540540541,1.18601713167923,2.3,3.57819387397251,0.900845764579677,3.5184633731842,0.441621621621622,0.314276183506672,0.44,0,0.4,0,0.64,0.47,0.81,1.46,1.46,0.64,0.64,-5,0.949464781845467,0.2,0,0.333333333333333,0,PUF68
"RNCMPT00142,max,AUAAUCA,RBD_v3_092273",68.4401215189874,10.5308394140632,72.8366,10.9943037974684,3.99367277897153,10.65,10.8708860759494,4.09177260499132,10,11.1177215189873,4.1186492524909,10.2,3.74158069151866,0.904071528678306,3.84867835044861,0.140506329113924,0.192066352945506,0.04,65.8227848101266,0.25,0,0.41,0.66,0.58,4.13,5.7,0.41,0.41,-4.96999979019165,0.965647640116437,0.142857142857143,0.166666666666667,0.631578947368421,1,QKR58E-1
"RNCMPT00142,max,AUAAUUA,RBD_v3_134623",80.16266625,12.086432794792,84.22135,4.98125,3.29562785743226,4.1,4.6425,3.57054670848434,3,5.32,3.15066398467114,5,3.71751657575369,0.788010724573985,3.64559173583984,0.276375,0.324108294723941,0.115,46.25,0.24,0,0.67,0.73,0.8,1.39,1.49,0.67,0.67,-3.16000008583069,0.933432100436086,0.166666666666667,0.230769230769231,0.68421052631579,1,QKR58E-1
"RNCMPT00142,max,AUAAUUA,RBD_v3_238138",80.16266625,12.086432794792,84.22135,4.98125,3.29562785743226,4.1,4.6425,3.57054670848434,3,5.32,3.15066398467114,5,3.71751657575369,0.788010724573985,3.64559173583984,0.276375,0.324108294723941,0.115,46.25,0.24,0,0.67,0.73,0.8,1.39,1.49,0.67,0.67,-3.16000008583069,0.933432100436086,0.166666666666667,0.230769230769231,0.68421052631579,1,QKR58E-1
"RNCMPT00142,min,AGGGGGG,RBD_v3_106185",86.4998760869565,6.05062840039261,88.77445,2.87282608695652,2.22856970877285,2,3.00869565217391,3.23363064522812,1.9,2.73695652173913,1.30781559958278,2.25,3.45519796013832,1.02612963084908,3.42352187633514,0.436304347826087,0.375436686158944,0.375,0,0.26,0,0.62,0.7,0.77,1.34,1.45,0.62,0.62,-7.23000001907349,0.875300505026247,0.368421052631579,-0.7,0.512820512820513,0,QKR58E-1
"RNCMPT00142,min,AGGGGGG,RBD_v3_120672",81.5455977777778,6.71130092410246,84.7953,5.34888888888889,2.10706303808516,4.45,4.73777777777778,2.3223507769743,3.8,5.96,2.21845564628763,5.5,3.57133267190721,0.820874967707314,3.72794103622437,0.325777777777778,0.32570545037509,0.18,0,0.26,0,0.55,0.68,0.71,2.58,3.54,0.55,0.55,-6.36999988555908,0.938465881018379,0.555555555555556,0.058823529411765,0.485714285714286,0,QKR58E-1
"RNCMPT00142,min,GGGGGCA,RBD_v3_000612",78.878315942029,11.6530442515304,82.3216,4.8231884057971,3.094332814505,3.9,4.25507246376812,3.26791605802824,2.9,5.39130434782609,3.02546734991835,4.6,3.50193633031154,0.948209095870806,3.59933638572693,0.354057971014493,0.352158549021267,0.2,15.9420289855072,0.27,0,0.59,0.7,0.74,1.41,1.95,0.59,0.59,-3.11999988555908,0.949308682562995,0.466666666666667,0.2,0.571428571428571,0,QKR58E-1
"RNCMPT00143,max,AUCAAGA,RBD_v3_216383",61.7999524271845,8.17468509846032,62.5308,10.1873786407767,2.66234378577541,9.75,10.2747572815534,3.15214581274787,9.9,10.1,2.62573985838688,9.7,3.55382506939971,1.08715017833719,3.73980069160461,0.121359223300971,0.130083295665337,0.08,27.1844660194175,0.13,0,0.41,0.68,0.53,3.98,5.35,0.41,0.41,-4.1399998664856,0.982848200563011,-0.222222222222222,0.2,0.526315789473684,1,SNRNP70K
"RNCMPT00143,max,AUCAAGA,RBD_v3_222524",66.3975046296296,8.88920642964583,68.41165,7.15416666666667,3.81764303785542,6.075,7.29166666666667,3.5266707447756,5.95,7.01666666666667,4.47362990042553,5.7,3.53112844129403,0.914572946993116,3.59869277477264,0.21787037037037,0.217483701939266,0.12,0,0.09,0,0.53,0.67,0.6,3.34,3.27,0.53,0.53,-1.52999997138977,0.965647640116437,-0.25,0.272727272727273,0.578947368421053,1,SNRNP70K
"RNCMPT00143,max,GAUCAAG,RBD_v3_083150",66.7100047619048,11.3690023551252,70.2577,8.30333333333333,2.34070652822648,7.45,8.47047619047619,2.86698460627202,7.8,8.13619047619048,2.12105397464797,7.7,3.55855333691552,0.921982580077359,3.61364531517029,0.217619047619048,0.168577326524996,0.17,5.71428571428571,0.09,0,0.52,0.66,0.59,4.58,4.78,0.52,0.52,-3.42000007629395,0.953353793718457,-0.375,0.272727272727273,0.578947368421053,1,SNRNP70K
"RNCMPT00143,min,AGAGUCG,RBD_v3_165415",66.7872610619469,9.4458587719456,68.8744,9.71725663716814,2.98753190293414,8.95,9.75309734513274,3.38122628844234,8.7,9.68141592920354,3.10496574263844,8.7,3.50912669696639,0.961591150027386,3.4958324432373,0.234336283185841,0.217090649705678,0.15,14.1592920353982,0.11,0,0.48,0.68,0.58,4.44,5.86,0.48,0.48,-7.57000017166138,0.868675326932724,0.583333333333333,-0.466666666666667,0.384615384615385,0,SNRNP70K
"RNCMPT00143,min,GUGGUUU,RBD_v3_104491",54.6728329896907,11.2740000344887,57.638,16.5134020618557,3.52001357910435,15.55,15.620618556701,4.14065056644509,14.5,17.4061855670103,3.15709566007634,16.4,3.53438871422994,0.889004055915338,3.54825353622437,0.094948453608248,0.091413936202085,0.07,9.27835051546392,0.11,0,0.27,0.64,0.4,8.79,12.09,0.27,0.27,0,0.86161571439881,0.2,-0.6,0.666666666666667,0,SNRNP70K
"RNCMPT00143,min,GUGGUUU,RBD_v3_120086",76.5236364864865,10.2261811264575,80.00285,5.10608108108108,4.79631674253334,3.2,5.32972972972973,5.27193992861118,2.9,4.88243243243243,4.59679334653131,3.3,3.59834172757896,0.888203792759395,3.60246229171753,0.286891891891892,0.248546049732173,0.205,14.8648648648649,0.12,0,0.65,0.69,0.72,1.68,1.96,0.65,0.65,-6.01999998092651,0.954306349436356,0.428571428571429,-0.25,0.533333333333333,0,SNRNP70K
"RNCMPT00144,max,AUGCGGA,RBD_v3_065826",59.1878333333333,5.72924279670025,59.039,18.7333333333333,0.787764505843382,18.85,18.369696969697,0.954098019232316,18.2,19.0969696969697,0.971945487310389,19,3.52361662279476,0.991011678572666,3.54576516151428,0.081818181818182,0.041037676701915,0.08,0,0.39,0,0.13,0.49,0.4,15.05,15.46,0.13,0.13,-6.42999982833862,0.957608512718804,-0.047619047619048,0.428571428571429,0.4,1,CG7903
"RNCMPT00144,max,AUGCGGA,RBD_v3_209743",72.6270677419355,7.51898410670781,76.2993,7.94838709677419,2.99834631841642,6.6,7.19354838709677,3.13431922261395,5.8,8.70322580645161,3.07359549181603,7.6,3.49129389178368,0.895655584369218,3.35920333862305,0.266129032258064,0.200842847675404,0.29,0,0.4,0,0.36,0.53,0.59,4.54,5.96,0.36,0.36,-4.36999988555908,0.956399193314886,-0.2,0.444444444444444,0.473684210526316,1,CG7903
"RNCMPT00144,max,UUGCGGA,RBD_v3_098489",58.6982730769231,7.0612045066296,61.82115,16.3903846153846,1.65414746807951,16.075,13.95,2.12174456521043,13.4,18.8307692307692,1.67374292668121,18.45,3.08620300201269,1.11175949905226,2.90063154697418,0.057307692307692,0.057240383807776,0.035,11.5384615384615,0.39,0,0.19,0.5,0.45,11.09,15.64,0.19,0.19,-5.11999988555908,0.962298943521553,0.3,0.333333333333333,0.473684210526316,1,CG7903
"RNCMPT00144,min,GGUCGUG,RBD_v3_141800",69.0826466666667,7.41265585960387,71.4879,8.02666666666667,2.04971542740287,7.425,7.04666666666667,2.35617067078874,6.3,9.00666666666667,1.91939885225114,8.75,3.48350014090538,1.09159775205529,3.778205037117,0.18,0.163348580100011,0.115,0,0.41,0,0.32,0.53,0.57,4.2,5.94,0.32,0.32,-5.30000019073486,0.927450666556372,0.578947368421053,0,0.457142857142857,0,CG7903
"RNCMPT00144,min,GGUCGUG,RBD_v3_215931",64.1541272727273,6.52147871369618,65.2579,15.0727272727273,1.60650764318474,15.225,14.2113636363636,2.12583399875786,14.25,15.9340909090909,1.30204547161303,16.05,3.46344224431298,1.10180877736429,3.52636957168579,0.100227272727273,0.09146072066711,0.08,0,0.41,0,0.21,0.51,0.47,9.23,11.14,0.21,0.21,-6.46999979019165,0.900697291641643,0.368421052631579,0.625,0.457142857142857,0,CG7903
"RNCMPT00144,min,GUCGUAU,RBD_v3_155485",75.4897404761905,5.98302817765913,75.98795,6.21071428571429,1.29013781237234,5.975,5.94047619047619,1.90430315323461,5.75,6.48095238095238,1.1125093795687,6.6,3.47704084714254,0.982282842414923,3.48425030708313,0.257380952380952,0.268401406013997,0.11,33.3333333333333,0.39,0,0.48,0.57,0.7,3.03,4.21,0.48,0.48,-5.23999977111816,0.967225909741359,0.157894736842105,-0.090909090909091,0.366666666666667,0,CG7903
"RNCMPT00145,max,AUUGCAC,RBD_v3_028293",78.905108974359,11.5423365378971,82.96735,5.65,4.77969188812988,2.75,5.62948717948718,5.02769237749195,2.9,5.67051282051282,4.70951258884705,2.85,3.62576560179393,0.734139348493816,3.50827085971832,0.412435897435898,0.354372267015498,0.31,56.4102564102564,0.15,0,0.65,0.54,0.7,1.31,1.49,0.65,0.65,-4.05000019073486,0.98986211886685,0.157894736842105,0.125,0.457142857142857,1,SNF
"RNCMPT00145,max,AUUGCAC,RBD_v3_035412",72.2114678571429,18.3674578643216,78.12805,9.70238095238095,8.99730516804125,4.725,9.11190476190476,8.56295474229143,3.65,10.2928571428571,9.5258909802337,4.75,3.730146416596,0.724231397416998,3.58070302009583,0.341071428571429,0.385468008008362,0.12,55.952380952381,0.16,0,0.44,0.46,0.53,1.25,1.47,0.44,0.44,-4.17999982833862,0.994985417684099,-0.157894736842105,0.052631578947368,0.5,1,SNF
"RNCMPT00145,max,AUUGCAC,RBD_v3_072551",86.2721639344262,7.8832786576194,87.6431,2.83606557377049,4.21044466325056,1.9,2.90983606557377,4.47726497309957,2,2.76229508196721,4.03464843302884,1.9,3.76744870279656,0.6789948141505,3.79347252845764,0.431639344262295,0.391689419174039,0.3,75.4098360655738,0.16,0,0.6,0.48,0.65,1.19,1.23,0.6,0.6,-4.42000007629395,0.990492780969678,0.176470588235294,0.047619047619048,0.552631578947368,1,SNF
"RNCMPT00145,min,GGGGGUG,RBD_v3_027985",69.3991794117647,9.14203554172733,69.6094,10.5808823529412,8.08710636215172,6.1,10.0774509803922,8.03739905300074,5.1,11.0843137254902,8.32903480671638,7.2,3.6526099969359,0.834310622038109,3.71559596061707,0.207352941176471,0.262723460645299,0.1,16.6666666666667,0.14,0,0.5,0.47,0.56,2.86,2.89,0.5,0.5,-5.48999977111816,0.977747995787952,0.333333333333333,0.1,0.526315789473684,0,SNF
"RNCMPT00145,min,GGGGGUG,RBD_v3_131696",67.6960596330275,15.5028182594633,66.3744,10.3321100917431,7.51586138497365,9.5,9.8954128440367,7.2344262528283,8.2,10.7688073394495,8.04633223607371,9.3,3.78429280399183,0.761800220062659,3.81354284286499,0.202935779816514,0.3157920751483,0.04,21.1009174311927,0.17,0,0.44,0.45,0.53,1.31,1.37,0.44,0.44,-5.3600001335144,0.898760503741152,0.363636363636364,0.625,0.421052631578947,0,SNF
"RNCMPT00145,min,GGGGGUG,RBD_v3_175536",85.0076525,10.0374435241752,88.43615,3.73875,3.89554252733538,2.2,3.81625,4.56687145356838,2.1,3.66125,3.54252622976988,2.2,3.55012685209513,0.87553916777651,3.49004089832306,0.385625,0.382512823479922,0.21,3.75,0.19,0,0.5,0.52,0.59,1.09,1.36,0.5,0.5,-7.01000022888184,0.818079582972832,0.739130434782609,-0.466666666666667,0.394736842105263,0,SNF
"RNCMPT00146,max,AUGGAUG,RBD_v3_011923",79.4422744444444,11.7638024793595,82.55425,5.52666666666667,4.55523652243008,5.15,5.45555555555556,4.65567458781919,5.3,5.59777777777778,4.60624826687944,4.4,3.5474920100636,0.830580128496889,3.65109384059906,0.302333333333333,0.315701644103871,0.16,40,0.28,0,0.45,0.48,0.59,1.28,1.47,0.45,0.45,-4.5,0.963315111010797,0.333333333333333,0.294117647058823,0.485714285714286,1,CG7804
"RNCMPT00146,max,AUGGAUG,RBD_v3_078401",73.7165774647887,8.11363677704212,72.0678,8.48380281690141,5.3887964111259,10.6,8.56901408450704,5.96033535847716,10.7,8.39859154929578,5.0432838779551,8.6,3.46883554861579,0.867006076915366,3.45312285423279,0.256760563380282,0.301443075165764,0.11,38.0281690140845,0.28,0,0.4,0.45,0.55,1.89,2.06,0.4,0.4,-2.39000010490417,0.903119464326695,0.714285714285714,0,0.533333333333333,1,CG7804
"RNCMPT00146,max,AUGGAUG,RBD_v3_116910",79.4422744444444,11.7638024793595,82.55425,5.52666666666667,4.55523652243008,5.15,5.45555555555556,4.65567458781919,5.3,5.59777777777778,4.60624826687944,4.4,3.5474920100636,0.830580128496889,3.65109384059906,0.302333333333333,0.315701644103871,0.16,40,0.28,0,0.45,0.48,0.59,1.28,1.47,0.45,0.45,-4.5,0.963315111010797,0.333333333333333,0.294117647058823,0.485714285714286,1,CG7804
"RNCMPT00146,min,CAACUUC,RBD_v3_148835",75.957856097561,7.79608696568506,78.6312,3.87073170731707,2.77520214601018,2.8,3.37073170731707,2.44900427750127,2.3,4.37073170731707,3.17137540370413,2.9,3.55515860057459,1.02202964146553,3.51431632041931,0.401219512195122,0.347636269122996,0.5,0,0.28,0,0.4,0.46,0.55,1.53,1.83,0.4,0.4,-3.53999996185303,0.986389195400269,-0.25,-0.052631578947368,0.542857142857143,0,CG7804
"RNCMPT00146,min,CAUUUCU,RBD_v3_068862",78.200671875,5.4656127832957,80.11265,3.840625,1.16067538041852,3.525,3.246875,0.991897619261572,2.9,4.434375,1.45194183101292,4.15,3.55959632620215,0.83698473615867,3.62200963497162,0.3753125,0.213087659911248,0.405,0,0.27,0,0.39,0.47,0.55,1.88,2.87,0.39,0.39,-1.13999998569489,0.897924096859972,-0.714285714285714,-0.083333333333333,0.631578947368421,0,CG7804
"RNCMPT00146,min,CAUUUCU,RBD_v3_167501",59.6988769230769,5.27918450677363,60.3431,13.124358974359,1.36323298945403,12.95,12.8076923076923,1.37828738416933,12.6,13.4410256410256,1.76660810128782,13.4,3.71319394233899,0.809163755637659,3.81824898719788,0.060512820512821,0.057854114076007,0.04,84.6153846153846,0.28,0,0.25,0.42,0.43,8.87,11.43,0.25,0.25,-5.40000009536743,0.991355861529484,-0.058823529411765,-0.142857142857143,0.552631578947368,0,CG7804
"RNCMPT00147,max,AACUAAG,RBD_v3_089066",62.558502173913,5.77850375295232,63.02225,14.2554347826087,1.87279435487514,13.7,13.8478260869565,2.6685609214152,13.1,14.6630434782609,1.39209812803108,14.85,3.56839193468508,0.931600381306424,3.74928081035614,0.050434782608696,0.047091236350969,0.03,82.6086956521739,0.26,0,0.24,0.57,0.43,9.03,11.08,0.24,0.24,-4.11999988555908,0.965647640116437,0.25,0.272727272727273,0.578947368421053,1,CG2931
"RNCMPT00147,max,AACUAAG,RBD_v3_125898",66.1174612244898,6.62044503910098,67.3142,13.8561224489796,2.46962026123327,13.6,13.7551020408163,2.03040033249704,13.7,13.9571428571429,3.19270000678631,13.7,3.51857961927141,0.763163748530156,3.39756512641907,0.119387755102041,0.159966248565978,0.04,0,0.29,0,0.3,0.57,0.5,8.16,7.61,0.3,0.3,-4.96999979019165,0.962715817399016,0.066666666666667,0.304347826086957,0.605263157894737,1,CG2931
"RNCMPT00147,max,AACUAAG,RBD_v3_148644",65.1203031746032,5.55674798339438,63.5455,16.8563492063492,1.79141078085555,17.35,15.9968253968254,1.85106492923609,16.2,17.715873015873,2.09470964568935,18.2,3.74394847665514,0.902576774606502,3.80015420913696,0.128095238095238,0.141317043955931,0.06,6.34920634920635,0.25,0,0.23,0.58,0.43,11.49,13.91,0.23,0.23,-3.10999989509583,0.97042113639059,0.294117647058823,0.238095238095238,0.552631578947368,1,CG2931
"RNCMPT00147,min,CCCCCCC,RBD_v3_005402",67.4910518518518,4.86929165650698,67.38085,18.5342592592593,1.29570495397017,18.575,18.087037037037,1.8000048528547,17.55,18.9814814814815,1.47214053806066,19.3,3.68496013349957,0.818634435296488,3.73488795757294,0.071111111111111,0.064418052862464,0.05,88.8888888888889,0.26,0,0.19,0.57,0.4,13.59,13.15,0.19,0.19,-4.30999994277954,0.986863224815062,-0.263157894736842,-0.052631578947368,0.5,0,CG2931
"RNCMPT00147,min,CCCCUCC,RBD_v3_022466",66.9293283018868,4.87315900143039,66.4808,13.5575471698113,2.30847927437788,13.1,12.5679245283019,2.19420334105269,12,14.5471698113208,2.78965146524304,14.7,3.40330313286691,0.937129069664346,3.61710810661316,0.257547169811321,0.197716829955381,0.21,0,0.27,0,0.25,0.56,0.44,8.17,9.48,0.25,0.25,-3.40000009536743,0.949021239177807,-0.473684210526316,-0.125,0.457142857142857,0,CG2931
"RNCMPT00147,min,CCCCUCC,RBD_v3_123886",65.4618541666667,6.68656643631216,67.1948,13.159375,4.55114734481925,11.425,13.06875,5.54087927003525,10.85,13.25,3.80816591807322,12.1,3.3431735932827,1.0420073334491,3.36576211452484,0.094166666666667,0.115920613578786,0.045,0,0.25,0,0.24,0.54,0.43,5.91,8.08,0.24,0.24,-3.98000001907349,0.981649930192858,0,0.3,0.526315789473684,0,CG2931
"RNCMPT00148,max,CAUUUUU,RBD_v3_016809",68.2433634146341,11.9650563899608,72.44615,11.5109756097561,5.87095815465574,9.25,10.5146341463415,4.95593227146149,9.75,12.5073170731707,6.99918479358608,10.3,3.54599250525963,0.930979897553837,3.76156640052795,0.218658536585366,0.207708022724219,0.145,0,0.15,0,0.34,0.4,0.42,4.05,3.68,0.34,0.34,-4.75,0.994985417684099,-0.058823529411765,0.047619047619048,0.552631578947368,1,ROX8
"RNCMPT00148,max,CCAUUUU,RBD_v3_037447",62.7376202247191,6.64242600681031,63.6879,13.0865168539326,2.44024919606938,12.65,12.2786516853933,1.96743210060222,12.4,13.8943820224719,3.41438665963469,12.8,3.55015427476904,0.826103272480852,3.52314114570618,0.122808988764045,0.092564335907089,0.11,50.561797752809,0.2,0,0.25,0.41,0.38,7.71,8.41,0.25,0.25,-1.16999995708466,0.984984399005478,-0.222222222222222,-0.176470588235294,0.485714285714286,1,ROX8
"RNCMPT00148,max,CCAUUUU,RBD_v3_219605",57.807508,10.2258788971871,57.15115,17.9075,4.75429829446231,20.275,18.333,4.36674890045168,19.85,17.482,5.48837853923169,20.15,3.50875833153725,0.862058974432308,3.48562049865723,0.0952,0.133253612530863,0.035,1,0.2,0,0.25,0.38,0.38,9.59,7.31,0.25,0.25,-4.07000017166138,0.986863224815062,-0.176470588235294,-0.142857142857143,0.552631578947368,1,ROX8
"RNCMPT00148,min,AGAGUCG,RBD_v3_218768",68.7608154639175,11.0090953894698,67.9483,10.1134020618557,5.53692395171534,9.85,9.47216494845361,4.90498773078743,9.2,10.7546391752577,6.48668541158472,9.4,3.61199513047012,0.883407736342885,3.73724460601807,0.161237113402062,0.207240086875699,0.05,54.639175257732,0.2,0,0.39,0.39,0.49,2.97,2.98,0.39,0.39,-5.51000022888184,0.999099007916163,-0.058823529411765,0,0.514285714285714,0,ROX8
"RNCMPT00148,min,CCCCCCC,RBD_v3_004576",62.0311640776699,15.9698332612746,62.5311,13.9961165048544,9.29953796375039,9.5,14.2135922330097,9.62203403289217,9.1,13.778640776699,9.04849300079189,10,3.47489911491431,0.897087675570189,3.44470930099487,0.090776699029126,0.146820480755884,0.02,12.621359223301,0.21,0,0.35,0.4,0.46,3.19,2.78,0.35,0.35,-4.75,0.947927637120239,-0.083333333333333,0.428571428571429,0.368421052631579,0,ROX8
"RNCMPT00148,min,CCCCCCC,RBD_v3_037843",65.9036666666667,8.78790886443493,67.24455,10.4359375,4.63614349219943,9.275,10.465625,4.29346696186562,10.65,10.40625,5.2979005275675,7.95,3.41835851843158,0.96666519513986,3.37921345233917,0.136979166666667,0.128350833279371,0.095,38.5416666666667,0.19,0,0.29,0.38,0.4,3.38,3.92,0.29,0.29,-3.49000000953674,0.878117665519136,-0.44,0.538461538461538,0.342105263157895,0,ROX8
"RNCMPT00149,max,AGUACAG,RBD_v3_033127",66.6906384615385,6.06762005574356,67.85975,11.4134615384615,1.76077015492129,11.4,10.6692307692308,1.2289082083766,10.85,12.1576923076923,2.57653613627647,12.15,3.47149498187579,0.963739543973378,3.6068434715271,0.293076923076923,0.202795842773351,0.26,92.3076923076923,0.2,0,0.25,0.66,0.43,7.57,7.67,0.25,0.25,-5.61999988555908,0.994985417684099,-0.111111111111111,0.1,0.526315789473684,1,ENOX1
"RNCMPT00149,max,AGUACAG,RBD_v3_075442",62.1283901639344,10.3138717970784,61.1845,13.2754098360656,5.89445801120863,12.75,11.8573770491803,5.50470886352141,12.3,14.6934426229508,6.46399950630307,12.8,3.58302255145839,0.808903292401856,3.77733540534973,0.162950819672131,0.185061649748537,0.07,6.55737704918033,0.22,0,0.42,0.63,0.57,3.62,5.09,0.42,0.42,-4.1100001335144,0.956268333993228,-0.3,0.333333333333333,0.428571428571429,1,ENOX1
"RNCMPT00149,max,CCCACAG,RBD_v3_107420",77.4422344827586,8.3607785689786,77.10165,4.6,2.40310471696548,3.825,4.08793103448276,2.11245907974128,3.55,5.11206896551724,2.81076112475313,4.4,3.6855700283215,0.830389539591002,3.81746530532837,0.254655172413793,0.25852629251228,0.12,58.6206896551724,0.2,0,0.61,0.68,0.73,1.51,1.65,0.61,0.61,-1.52999997138977,0.933588161157007,-0.176470588235294,0.555555555555556,0.514285714285714,1,ENOX1
"RNCMPT00149,min,UUUUCGU,RBD_v3_030947",76.9389053571429,8.81541488949731,79.11305,6.35089285714286,3.66700882651872,5.25,5.30892857142857,3.11578250995647,4.35,7.39285714285714,4.28960083512153,5.95,3.60556688479015,0.983495970833734,3.65000689029694,0.324285714285714,0.292884445987319,0.235,67.8571428571429,0.19,0,0.59,0.7,0.71,1.94,2.57,0.59,0.59,-3.10999989509583,0.986863224815062,-0.176470588235294,-0.142857142857143,0.552631578947368,0,ENOX1
"RNCMPT00149,min,UUUUCGU,RBD_v3_171480",77.1060523809524,8.27631967262637,75.1075,5.83412698412699,3.00307403522362,5.8,4.7968253968254,2.6560319818061,4.3,6.87142857142857,3.47680927935039,6.9,3.75721165301308,0.793077234985222,3.76128816604614,0.276349206349206,0.31144461314303,0.14,9.52380952380952,0.19,0,0.57,0.71,0.69,1.57,2.08,0.57,0.57,-1.85000002384186,0.986389195400269,0.25,0.052631578947368,0.542857142857143,0,ENOX1
"RNCMPT00149,min,UUUUUUU,RBD_v3_128298",71.1718086206897,5.23904474824705,71.16995,10.0206896551724,3.39783257131633,9.225,9.46896551724138,3.26089035826331,8.85,10.5724137931034,3.73995933477509,9.6,3.50980050810452,1.0143189675203,3.63565909862518,0.164655172413793,0.130319654470068,0.145,60.3448275862069,0.2,0,0.37,0.67,0.53,5.09,6.39,0.37,0.37,-4.57999992370606,0.946203559296438,0,-0.454545454545455,0.578947368421053,0,ENOX1
"RNCMPT00150,max,GGGAUGG,RBD_v3_085670",70.1891780487805,12.6211007950875,74.7708,11.1896341463415,8.74739374873241,6,11.0292682926829,8.64764990276032,5.9,11.35,8.8831682980987,6,3.56526673130873,0.999817672922284,3.67904829978943,0.193414634146341,0.211492167862426,0.09,50,0.15,0,0.43,0.5,0.51,3.52,3.29,0.43,0.43,-5.19999980926514,0.956399193314886,0.411764705882353,0.238095238095238,0.552631578947368,1,ESRP2
"RNCMPT00150,max,GGGAUGG,RBD_v3_092672",63.9417126984127,8.83141920126917,63.4076,14.731746031746,4.31129706539374,15.7,14.0174603174603,4.12973246351069,15.2,15.4460317460317,4.63854208870129,16,3.54749572939343,1.05635692890055,3.73186278343201,0.160793650793651,0.158218933528132,0.11,22.2222222222222,0.14,0,0.29,0.45,0.39,7.13,6.75,0.29,0.29,-7.57999992370606,0.932804536676998,0.4,0.444444444444444,0.473684210526316,1,ESRP2
"RNCMPT00150,max,UGGGGAA,RBD_v3_077422",65.095978,14.7959036414495,69.0885,13.38,7.64851592914386,9.775,13.056,6.96680643026162,9.75,13.704,8.42161843963838,9.9,3.44261243104935,1.1320370035377,3.69215595722198,0.2188,0.206057649947875,0.185,22,0.12,0,0.34,0.49,0.43,6.01,5.3,0.34,0.34,-4.26000022888184,0.923691626784717,0.555555555555556,0.294117647058823,0.485714285714286,1,ESRP2
"RNCMPT00150,min,UAUUUUC,RBD_v3_182856",70.4735192771084,10.0521609606781,70.919,11.133734939759,5.8674334171336,7.85,10.3602409638554,5.46978261839059,7.9,11.9072289156626,6.39227397861593,8.1,3.50513298109353,1.05596098013593,3.73097515106201,0.199879518072289,0.197777245823726,0.13,42.1686746987952,0.14,0,0.48,0.51,0.56,3.85,4.43,0.48,0.48,-2.64000010490417,0.958358093480701,-0.333333333333333,-0.222222222222222,0.6,0,ESRP2
"RNCMPT00150,min,UUUUUCC,RBD_v3_212050",72.5621371794872,9.98595500536224,75.06685,8.73141025641026,6.07240462958028,6.05,8.0525641025641,5.79349667554955,5.7,9.41025641025641,6.41863338093511,6.4,3.54155867756941,0.988416894976378,3.71568322181702,0.352820512820513,0.28935619282643,0.29,0,0.15,0,0.43,0.53,0.53,3.05,3.83,0.43,0.43,-1.77999997138977,0.949336790478027,-0.285714285714286,-0.25,0.631578947368421,0,ESRP2
"RNCMPT00150,min,UUUUUCC,RBD_v3_233254",68.049275862069,8.42308905190199,68.2879,11.5459770114943,7.77998781307262,8.65,10.7379310344828,7.43163009723743,7.9,12.3540229885057,8.19386901538741,9.1,3.3567688252734,1.04236356766254,3.49388360977173,0.25551724137931,0.264455379894402,0.13,18.3908045977011,0.12,0,0.42,0.51,0.5,2.2,2.63,0.42,0.42,-4.71999979019165,0.991355861529484,0.142857142857143,0.058823529411765,0.447368421052632,0,ESRP2
"RNCMPT00151,max,AACUAAG,RBD_v3_083422",67.9104571428571,6.87019171990941,70.6317,12.0714285714286,1.89906333713269,11.725,11.6589285714286,2.32971139732053,11,12.4839285714286,1.84566093465574,12.25,3.49132127634117,0.878029079805363,3.39696180820465,0.364464285714286,0.287774657061308,0.395,48.2142857142857,0.26,0,0.31,0.58,0.5,7.76,8.26,0.31,0.31,-3.78999996185303,0.952472309466181,0.2,0.4,0.571428571428571,1,RBM42
"RNCMPT00151,max,AACUAAG,RBD_v3_123476",62.48115,4.95893309758468,63.6495,18.7351851851852,1.08269534511903,18.725,17.95,1.50091167263654,17.9,19.5203703703704,1.25312885838181,19.6,3.62947153603589,0.837534272447211,3.49032330513,0.153518518518519,0.151410443140833,0.115,0,0.26,0,0.2,0.58,0.41,13.15,15.36,0.2,0.2,-6.59999990463257,0.951604231569008,0,0.473684210526316,0.542857142857143,1,RBM42
"RNCMPT00151,max,AACUAAG,RBD_v3_148644",53.721044,8.90748472564597,54.33285,17.565,3.58195947401271,16.475,15.824,3.83233077691285,14.8,19.306,3.49643608637745,18.5,3.51169429183006,1.04921334022427,3.42327392101288,0.0278,0.027722384678178,0.02,0,0.3,0,0.18,0.56,0.4,9.85,12.68,0.18,0.18,-3.10999989509583,0.97042113639059,0.294117647058823,0.238095238095238,0.552631578947368,1,RBM42
"RNCMPT00151,min,CCCCCCC,RBD_v3_081256",66.530472,12.9640760778019,67.399,11.728,4.94248718681563,10.875,11.508,5.15434589765307,9.9,11.948,4.95569101835332,10.85,3.44838721036911,0.736311902158403,3.38479137420654,0.3218,0.270280957372818,0.225,0,0.27,0,0.37,0.54,0.54,4.32,4.8,0.37,0.37,-4.09000015258789,0.994985417684099,-0.1,0.111111111111111,0.473684210526316,0,RBM42
"RNCMPT00151,min,CCCCCCC,RBD_v3_122332",80.071428358209,5.83696427914389,81.4974,4.30298507462687,1.63122654626156,3.9,4.48805970149254,2.43997779349431,3.9,4.11791044776119,1.14228974898962,4,3.37076078777883,0.962228444028031,3.47165966033936,0.36044776119403,0.313646359609716,0.35,1.49253731343284,0.26,0,0.59,0.64,0.73,2.06,2.41,0.59,0.59,-6.23000001907349,0.963726052712248,-0.142857142857143,-0.411764705882353,0.447368421052632,0,RBM42
"RNCMPT00151,min,CCCCCCC,RBD_v3_176463",68.1752907692308,9.73539085822513,71.0731,14.3207692307692,4.33878666351994,12.85,14.2184615384615,4.57028077322978,12.4,14.4230769230769,4.34467235641715,13.1,3.56220889274891,0.863691834340676,3.48047280311584,0.138,0.140447944093176,0.09,4.61538461538462,0.27,0,0.34,0.54,0.52,7.53,7.8,0.34,0.34,-5.09999990463257,0.943824487357175,-0.28,-0.076923076923077,0.342105263157895,0,RBM42
"RNCMPT00152,max,AUAUAGC,RBD_v3_121401",76.1894472727273,7.63921720601573,78.0842,6.88454545454545,2.21041040112784,6.25,7.00727272727273,2.76029081569413,6.4,6.76181818181818,1.87147108991938,6.2,3.56766979152506,0.968975849420604,3.50281286239624,0.115090909090909,0.097141987093973,0.09,0,0.3,0,0.44,0.56,0.61,3.22,4.3,0.44,0.44,-4.84000015258789,0.953353793718457,0.157894736842105,0.473684210526316,0.5,1,RBMS1
"RNCMPT00152,max,AUAUAGC,RBD_v3_236027",76.1894472727273,7.63921720601573,78.0842,6.88454545454545,2.21041040112784,6.25,7.00727272727273,2.76029081569413,6.4,6.76181818181818,1.87147108991938,6.2,3.56766979152506,0.968975849420604,3.50281286239624,0.115090909090909,0.097141987093973,0.09,0,0.3,0,0.44,0.56,0.61,3.22,4.3,0.44,0.44,-4.84000015258789,0.953353793718457,0.157894736842105,0.473684210526316,0.5,1,RBMS1
"RNCMPT00152,max,UAUAGCC,RBD_v3_068728",74.6625888888889,7.4912034203233,76.2751,8.39722222222222,2.54532004806956,7.7,8.06388888888889,2.95869716072613,7.15,8.73055555555556,2.47970005506055,8.55,3.49548568245437,1.04688925659512,3.56551682949066,0.179444444444444,0.161540897790132,0.13,0,0.3,0,0.4,0.55,0.59,4.76,5.21,0.4,0.4,-2.1800000667572,0.98986211886685,-0.125,-0.157894736842105,0.542857142857143,1,RBMS1
"RNCMPT00152,min,CCCCCCC,RBD_v3_005753",54.8989256410257,13.8599062496449,60.83885,19.0923076923077,2.56483559285613,20.05,19.4102564102564,2.32069121720399,20.05,18.774358974359,3.04462207995075,19.3,3.47927368757052,1.01938585409399,3.56227958202362,0.054358974358974,0.059861089059171,0.025,28.2051282051282,0.31,0,0.23,0.52,0.44,12.84,11.31,0.23,0.23,-4.26000022888184,0.968368772952233,-0.333333333333333,0.176470588235294,0.447368421052632,0,RBMS1
"RNCMPT00152,min,CCCCCCC,RBD_v3_139546",76.7667684931507,10.2052328866246,79.9813,7.27397260273973,3.81118701971433,6,7.91369863013699,4.69137255053516,6.1,6.63424657534247,3.22835609947584,5.8,3.83617645910341,0.834858543443559,3.98836994171143,0.169315068493151,0.146347462938979,0.13,0,0.3,0,0.49,0.58,0.66,3.8,3.64,0.49,0.49,-5.51000022888184,0.962715817399016,-0.304347826086957,-0.066666666666667,0.394736842105263,0,RBMS1
"RNCMPT00152,min,GUUUUUG,RBD_v3_148971",74.32385,8.64241133583453,77.6295,8.73970588235294,2.76057747073057,7.65,8.65441176470588,3.47830949776577,7,8.825,2.6391639901992,8.2,3.56071335603209,0.911188627482744,3.67378759384155,0.149852941176471,0.133332629131883,0.105,0,0.29,0,0.42,0.61,0.6,4.55,5.67,0.42,0.42,-0.9200000166893,0.8913990575894,0.090909090909091,-0.578947368421053,0.633333333333333,0,RBMS1
"RNCMPT00153,max,AAAACCC,RBD_v3_064608",73.4959692771084,6.98011739895774,75.41785,9.25873493975904,3.33288921375065,8.35,9.61325301204819,3.21439078857216,8.25,8.90421686746988,3.70899565609423,8.3,3.59430719570941,0.876448901499818,3.62381625175476,0.149096385542169,0.142645236095693,0.105,23.4939759036145,0.08,0,0.48,0.55,0.54,5.72,3.67,0.48,0.48,-2.42000007629395,0.918612027345416,-0.142857142857143,0.647058823529412,0.447368421052632,1,PABPC3
"RNCMPT00153,max,AGAAAAC,RBD_v3_060277",66.1173237037037,7.76201160020216,66.7325,15.1111111111111,3.24672433469068,15.2,14.5244444444444,3.1491876864641,14.4,15.6977777777778,3.56796414769039,16.2,3.52919276555379,0.928085849189888,3.50988912582397,0.132888888888889,0.126513916800796,0.09,27.4074074074074,0.08,0,0.34,0.53,0.42,7.93,7.18,0.34,0.34,-3.65000009536743,0.982848200563011,-0.157894736842105,0.263157894736842,0.5,1,PABPC3
"RNCMPT00153,max,AGAAAAC,RBD_v3_139356",75.5020213235294,8.64498829120221,76.8556,8.68860294117647,5.12879657717728,6.9,8.43823529411765,5.08199521657229,6.35,8.93897058823529,5.391394690638,7.2,3.58185651021845,0.802215109584525,3.72095096111298,0.294338235294118,0.266838006637908,0.225,26.4705882352941,0.09,0,0.5,0.54,0.55,2.95,2.75,0.5,0.5,-5.30999994277954,0.986389195400269,-0.052631578947368,0.25,0.457142857142857,1,PABPC3
"RNCMPT00153,min,GUGGUUU,RBD_v3_044501",69.9994227272727,12.2022859326987,70.396,13.0061688311688,9.11362789073522,17.675,12.238961038961,8.79895501585394,15.5,13.7733766233766,9.52146554743298,18.8,3.47832030135316,0.898440314254916,3.50018906593323,0.184090909090909,0.248281975572008,0.075,3.24675324675325,0.08,0,0.47,0.5,0.52,1.39,1.57,0.47,0.47,-4.67000007629395,0.9611460538546,0.285714285714286,-0.238095238095238,0.6,0,PABPC3
"RNCMPT00153,min,GUGGUUU,RBD_v3_110902",66.6572823529412,6.36712390421605,67.05605,16.31,2.2158493102376,16.7,16.0294117647059,2.4332180230694,16.3,16.5905882352941,2.48084369736353,17.1,3.51050215153133,1.00698908440192,3.51339244842529,0.053588235294118,0.057979346275208,0.03,42.9411764705882,0.1,0,0.37,0.52,0.45,10.16,10.31,0.37,0.37,-3,0.947730922119161,0.5,0,0.6,0,PABPC3
"RNCMPT00153,min,GUGGUUU,RBD_v3_177485",71.60495,6.82093166367914,73.51165,10.7282051282051,1.83421055785702,10.3,10.6673076923077,2.17538023258637,10.25,10.7891025641026,2.1076381435748,10.7,3.47711620804591,0.827722661676574,3.47983598709106,0.112435897435897,0.112790824351536,0.07,12.1794871794872,0.08,0,0.48,0.54,0.53,7.11,5.94,0.48,0.48,-3.01999998092651,0.966457281989699,0.428571428571429,0,0.533333333333333,0,PABPC3
"RNCMPT00154,max,CAAGGAG,RBD_v3_218921",69.1969662337662,8.63204675144361,68.5114,7.86493506493507,3.79845073105526,6.85,7.54285714285714,3.87405093883544,6.3,8.18701298701299,4.08966446472564,7.2,3.67813633324264,0.904281841392242,3.75670385360718,0.137272727272727,0.147323814164906,0.06,28.5714285714286,0.24,0,0.42,0.42,0.54,3,2.84,0.42,0.42,-4.55999994277954,0.921185496588554,0.333333333333333,0.5,0.571428571428571,1,RBM5
"RNCMPT00154,max,CAAGGAG,RBD_v3_239632",61.7324230769231,6.12618593944188,62.0791,13.2207692307692,3.04957594782266,12.5,12.9953846153846,2.82712479657064,12,13.4461538461538,3.61853202811051,12.3,3.55472284463736,0.914068189726024,3.34966850280762,0.073538461538462,0.073557604323728,0.04,27.6923076923077,0.25,0,0.34,0.39,0.48,8.01,8.52,0.34,0.34,-1.8400000333786,0.972861409666655,0.058823529411765,0.333333333333333,0.552631578947368,1,RBM5
"RNCMPT00154,max,GAAGGAG,RBD_v3_091855",58.1230581395349,7.16993195192035,58.5758,17.6656976744186,1.5955500918991,17.85,17.0081395348837,1.89415292980198,16.8,18.3232558139535,1.82580679466267,18.5,3.56474248337191,0.909050873102244,3.56988143920898,0.041395348837209,0.052940872472147,0.02,1.16279069767442,0.23,0,0.26,0.38,0.4,11.24,13.56,0.26,0.26,-5.32000017166138,0.960336745459753,-0.125,0.363636363636364,0.578947368421053,1,RBM5
"RNCMPT00154,min,GUUCGUC,RBD_v3_024832",61.0062171428571,7.28327179270199,59.8373,13.2657142857143,2.29020508633487,13.175,12.92,1.95311716665096,12.7,13.6114285714286,3.15822105756504,13.35,3.4771290404456,0.921003599861346,3.38789999485016,0.060285714285714,0.070894316703011,0.02,51.4285714285714,0.28,0,0.26,0.4,0.42,8.11,7.36,0.26,0.26,-5.38000011444092,0.979649455264845,-0.090909090909091,0.25,0.421052631578947,0,RBM5
"RNCMPT00154,min,UCGUCGU,RBD_v3_083816",61.3404883495146,8.92486949055236,61.2195,12.3174757281553,3.520421576372,11.1,12.0776699029126,3.94215358777096,11.1,12.5572815533981,3.35765446673563,11.9,3.6688951253891,0.89657122955931,3.73614692687988,0.085145631067961,0.104561306509438,0.04,0.970873786407767,0.25,0,0.28,0.38,0.42,6.84,7.26,0.28,0.28,-6.23999977111816,0.937924737150508,0.523809523809524,0.058823529411765,0.447368421052632,0,RBM5
"RNCMPT00154,min,UCGUCGU,RBD_v3_145784",66.2745611764706,8.00978745170251,65.5484,9.39470588235294,4.1077309772565,8.5,9.30941176470588,4.66628289738539,7.9,9.48,4.04003182448569,8.8,3.46503482005175,1.08978623352898,3.47904419898987,0.134941176470588,0.149432446350881,0.08,22.3529411764706,0.25,0,0.35,0.41,0.48,3.15,4.16,0.35,0.35,-5.26999998092651,0.98104373803761,0.125,0.263157894736842,0.542857142857143,0,RBM5
"RNCMPT00155,max,AGAAAAA,RBD_v3_116048",67.9150070512821,6.17510388839982,69.2472,14.6349358974359,3.21694314865382,13.975,14.6692307692308,3.47686576293921,13.45,14.600641025641,3.19528880606699,14.6,3.49470582222327,0.913182007890115,3.57192611694336,0.052820512820513,0.052126333779422,0.03,27.5641025641026,0.1,0,0.38,0.53,0.46,8.03,6.92,0.38,0.38,-3.44000005722046,0.909527941990676,0.384615384615385,0.529411764705882,0.566666666666667,1,PABPC1
"RNCMPT00155,max,AGAAAAA,RBD_v3_140436",78.3294128378378,5.6229597234434,79.11565,6.80574324324324,1.86333695661832,6.2,6.9945945945946,1.84286761841924,6.45,6.61689189189189,2.20828337040685,6.25,3.47588094545377,0.844642835610978,3.47155165672302,0.20722972972973,0.175595472591079,0.155,0,0.1,0,0.49,0.56,0.56,4.16,2.92,0.49,0.49,-5.6100001335144,0.924316871408977,0.294117647058823,0.523809523809524,0.552631578947368,1,PABPC1
"RNCMPT00155,max,AGAAAAC,RBD_v3_075295",78.9414691666667,10.4921194405735,80.9559,6.09875,4.35610969807702,3.925,6.08833333333333,4.90662702836869,3.75,6.10916666666667,3.95574246626139,4.15,3.56282229721546,0.814323668635238,3.51939654350281,0.256916666666667,0.273107839793849,0.13,26.6666666666667,0.1,0,0.55,0.53,0.59,2.11,2.04,0.55,0.55,-5.38000011444092,0.92011998794489,0,0.647058823529412,0.485714285714286,1,PABPC1
"RNCMPT00155,min,CGGUUUG,RBD_v3_057299",74.1291072072072,5.66513788052879,75.7182,8.89279279279279,1.92223646789177,8.7,8.43333333333333,2.18704172688852,8.4,9.35225225225225,1.93892410873317,9,3.56647028203483,0.96432821781567,3.68837261199951,0.13990990990991,0.1497785971814,0.09,50.4504504504505,0.1,0,0.42,0.54,0.49,4.52,6.15,0.42,0.42,-3.47000002861023,0.969134464038232,0,-0.333333333333333,0.4,0,PABPC1
"RNCMPT00155,min,UUUGCAG,RBD_v3_014533",74.4591110294118,7.12618235080948,75.757,9.44705882352941,3.81475092486212,7.45,9.28529411764706,3.68398997488813,7.4,9.60882352941177,4.08521218612504,7.75,3.57616142709466,0.915596946497297,3.67604827880859,0.203970588235294,0.150304773891138,0.18,20.5882352941176,0.09,0,0.47,0.56,0.54,4.4,4.14,0.47,0.47,-4.40999984741211,0.972861409666655,-0.333333333333333,-0.058823529411765,0.447368421052632,0,PABPC1
"RNCMPT00155,min,UUUGCAG,RBD_v3_022234",71.4503491017964,10.9190128100432,73.7256,10.9766467065868,7.12900866820201,9.2,10.6820359281437,7.22536783896432,8.3,11.2712574850299,7.08987146039111,9.8,3.46671423869219,0.883415860954601,3.51995491981506,0.176167664670659,0.195724592980865,0.1,29.3413173652695,0.1,0,0.5,0.56,0.56,3.08,2.98,0.5,0.5,-5.80000019073486,0.951604231569008,0.230769230769231,-0.272727272727273,0.628571428571429,0,PABPC1
"RNCMPT00156,max,AGACAGA,RBD_v3_072324",81.3071844036697,10.9683194274268,85.9618,3.7,2.03534736320091,3.1,3.96422018348624,2.5588091463348,3,3.43577981651376,1.67732828429397,3.3,3.50787735204084,0.953692136562973,3.5915367603302,0.322935779816514,0.353362951463803,0.13,57.7981651376147,0.12,0,0.74,0.74,0.8,1.29,1.19,0.74,0.74,-3.20000004768372,0.948007703303971,0,0.529411764705882,0.485714285714286,1,CNOT4
"RNCMPT00156,max,AGACAGA,RBD_v3_160906",76.3049690140845,7.57277318268907,79.1674,6.25915492957746,4.3094274550037,4.55,6.27605633802817,4.46450972476206,4.2,6.24225352112676,4.37498283986287,4.9,3.58562740809481,0.878719686418263,3.62760901451111,0.211267605633803,0.192501796484862,0.15,2.8169014084507,0.12,0,0.6,0.67,0.67,2.53,2.81,0.6,0.6,-5.57000017166138,0.982848200563011,0.2,0.222222222222222,0.473684210526316,1,CNOT4
"RNCMPT00156,max,AGACAGA,RBD_v3_170250",69.1630347368421,8.49263070378088,72.5715,12.2131578947368,5.52989078095328,10.7,12.0842105263158,5.43053454892997,11.1,12.3421052631579,5.73734646477681,10.5,3.44032034497512,1.0850392894405,3.68340635299683,0.089578947368421,0.076504982308534,0.07,8.42105263157895,0.15,0,0.42,0.65,0.54,4.7,5.57,0.42,0.42,-4.40000009536743,0.997098982459257,0,0.1,0.526315789473684,1,CNOT4
"RNCMPT00156,min,CUUUUUU,RBD_v3_085962",74.2580738461539,10.2561132540743,78.0668,6.48615384615385,4.74579178467214,4.3,6.17538461538462,4.90446323417605,3.9,6.79692307692308,4.75782149566536,5.1,3.29176211173718,0.895362143758907,3.30912685394287,0.232461538461538,0.198195222328507,0.18,64.6153846153846,0.14,0,0.52,0.68,0.62,2.04,2.85,0.52,0.52,-1.47000002861023,0.941196850822178,0,-0.444444444444444,0.6,0,CNOT4
"RNCMPT00156,min,CUUUUUU,RBD_v3_226608",74.5051306666667,9.1672969936319,78.3317,7.94066666666667,4.89099208786966,5.8,8.312,5.14983494881147,6,7.56933333333333,4.78990981502116,6.1,3.39847644805908,0.996097136752229,3.26718020439148,0.193866666666667,0.136291552883469,0.19,70.6666666666667,0.11,0,0.57,0.69,0.65,3.64,3.89,0.57,0.57,-4.98000001907349,0.968368772952233,-0.176470588235294,-0.333333333333333,0.552631578947368,0,CNOT4
"RNCMPT00156,min,UUUUUUU,RBD_v3_120276",81.8920811764706,9.65128819053624,85.3675,5.13647058823529,3.63028258964399,3.4,4.59764705882353,3.32758944892789,3.1,5.67529411764706,4.18178891665007,3.9,3.52032509761698,0.942049172103582,3.42831063270569,0.325294117647059,0.259388420985164,0.27,36.4705882352941,0.12,0,0.67,0.72,0.74,1.68,2.19,0.67,0.67,-2.04999995231628,0.899793366642591,0.076923076923077,-0.647058823529412,0.566666666666667,0,CNOT4
"RNCMPT00157,max,AGAAGAA,RBD_v3_225915",61.034942,11.0391869112571,64.2799,16.853,2.61120837614953,16.2,15.962,3.50182984236784,14.25,17.744,2.13351869942973,17.95,3.47771465063095,0.96543895575558,3.57365870475769,0.0824,0.066318957181432,0.06,4,0.45,0,0.18,0.46,0.46,10.09,13.62,0.18,0.18,-2.1800000667572,0.88991499383808,-0.25,0.636363636363636,0.578947368421053,1,PABPN1
"RNCMPT00157,max,AGAAGAC,RBD_v3_146157",61.4729556962025,11.4950389012151,64.228,12.6556962025316,6.28522375497592,9.5,12.2658227848101,6.06116021042154,9,13.0455696202532,6.87180783641421,10.3,3.23422729610642,1.12288529382135,3.29703283309937,0.127848101265823,0.182950679118549,0.05,60.7594936708861,0.47,0,0.33,0.47,0.59,4.95,6.18,0.33,0.33,-5.71999979019165,0.943154140846086,0,0.555555555555556,0.473684210526316,1,PABPN1
"RNCMPT00157,max,AGAAGAU,RBD_v3_070903",53.1205333333333,9.37024543004242,54.8635,20.3296296296296,1.84303570957825,19.7,19.1481481481482,2.57463520498467,18.1,21.5111111111111,1.900269886365,21.2,3.3299513746191,1.05564184359194,3.17808508872986,0.125925925925926,0.088936418916474,0.1,7.40740740740741,0.48,0,0.11,0.44,0.42,14.58,17.05,0.11,0.11,-4.40000009536743,0.972861409666655,-0.333333333333333,0.058823529411765,0.447368421052632,1,PABPN1
"RNCMPT00157,min,UGGUUUU,RBD_v3_185877",67.3886209302326,9.84818181693014,71.1374,13.7441860465116,3.66525204262833,12.5,12.2674418604651,4.75733623596394,10.6,15.2209302325581,2.88894099393622,14.9,3.54471042267112,1.0172661092182,3.74170851707458,0.143720930232558,0.08621742326992,0.14,58.1395348837209,0.48,0,0.25,0.48,0.54,7.69,10.94,0.25,0.25,-3.85999989509583,0.966457281989699,0.428571428571429,0,0.533333333333333,0,PABPN1
"RNCMPT00157,min,UGUUUUU,RBD_v3_030672",71.9947458333333,12.4730875882362,77.63045,8.33229166666667,5.44749102489504,5.775,8.00625,6.44932476261019,4.85,8.65833333333333,4.67272909156101,6.75,3.47695599744717,0.857418217131948,3.58760321140289,0.272083333333333,0.234955480919651,0.185,81.25,0.48,0,0.4,0.5,0.66,2.21,4.04,0.4,0.4,-4.13000011444092,0.97808936524446,-0.058823529411765,-0.333333333333333,0.514285714285714,0,PABPN1
"RNCMPT00157,min,UUUUGGU,RBD_v3_040676",68.1697823529412,10.4491704738454,71.9348,9.96078431372549,3.87892141871281,8.4,9.2843137254902,4.64626183287251,7.3,10.6372549019608,3.47522435444469,9.5,3.3029302592371,1.08626879875874,3.44558000564575,0.195098039215686,0.147300679550634,0.15,39.2156862745098,0.48,0,0.28,0.47,0.56,4.01,6.84,0.28,0.28,-3.27999997138977,0.943824487357175,0.2,-0.391304347826087,0.605263157894737,0,PABPN1
"RNCMPT00158,max,UUUUUUG,RBD_v3_094016",67.3297523809524,6.88034321861706,69.0056,8.71904761904762,2.27665652317305,7.85,7.72380952380952,2.3388353912202,7.2,9.71428571428571,2.48768394869031,8.75,3.6382682351839,0.875424298669416,3.67907071113586,0.223809523809524,0.280243381862653,0.05,0,0.15,0,0.39,0.76,0.54,4.13,6.02,0.39,0.39,-3.01999998092651,0.915129625944227,0,-0.5,0.631578947368421,1,CPEB4
"RNCMPT00158,max,UUUUUUG,RBD_v3_119555",67.3297523809524,6.88034321861706,69.0056,8.71904761904762,2.27665652317305,7.85,7.72380952380952,2.3388353912202,7.2,9.71428571428571,2.48768394869031,8.75,3.6382682351839,0.875424298669416,3.67907071113586,0.223809523809524,0.280243381862653,0.05,0,0.15,0,0.39,0.76,0.54,4.13,6.02,0.39,0.39,-3.01999998092651,0.915129625944227,0,-0.5,0.631578947368421,1,CPEB4
"RNCMPT00158,max,UUUUUUU,RBD_v3_029559",68.1076786885246,9.6779547279563,71.316,11.2286885245902,3.14810073716934,10.2,11.0688524590164,2.66449125748278,10.5,11.3885245901639,3.81121583227959,10.3,3.54104348870574,0.945658624201291,3.6965537071228,0.127213114754098,0.135635923800211,0.08,0,0.15,0,0.44,0.75,0.57,6.52,6.91,0.44,0.44,-4.38000011444092,0.960336745459753,0.125,-0.363636363636364,0.578947368421053,1,CPEB4
"RNCMPT00158,min,AGAGUCG,RBD_v3_001231",61.7530689655172,10.490661298613,60.3368,13.051724137931,4.82753417459644,12.4,12.5379310344828,5.25454998705907,11,13.5655172413793,4.61087812074175,14.4,3.54417144841161,0.913694415227377,3.4539053440094,0.06,0.083066238629181,0.02,6.89655172413793,0.15,0,0.36,0.75,0.51,4.98,6.99,0.36,0.36,-4.34999990463257,0.982848200563011,0.157894736842105,0.263157894736842,0.5,0,CPEB4
"RNCMPT00158,min,GAGUCGU,RBD_v3_188393",66.3297462962963,6.26904106812628,67.6397,12.1888888888889,1.77701962345337,11.95,11.9537037037037,1.82856918628818,12.2,12.4240740740741,2.12460297602405,11.95,3.68576569579266,1.03941805897772,3.86376237869263,0.050925925925926,0.046103596164672,0.03,1.85185185185185,0.14,0,0.34,0.76,0.49,6.92,9.69,0.34,0.34,-3.57999992370605,0.986389195400269,0.052631578947368,0.25,0.457142857142857,0,CPEB4
"RNCMPT00158,min,GUGAGUC,RBD_v3_002522",71.0850890625,4.28413185393984,72.27595,9.08984375,2.12205313293705,8.425,9.5828125,2.24206216638534,9.45,8.596875,2.32392448242192,8.35,3.64244491420686,0.835114437411767,3.85514509677887,0.0628125,0.053347282402036,0.05,0,0.15,0,0.46,0.73,0.59,5.01,5.75,0.46,0.46,-4.51000022888184,0.974436160642641,-0.052631578947368,0.368421052631579,0.5,0,CPEB4
"RNCMPT00159,max,UUUUUUG,RBD_v3_094016",70.3381339622642,10.0934419164689,68.7498,9.66132075471698,3.81921560499608,8.85,9.32075471698113,4.20335756319444,8.1,10.0018867924528,3.74091157987943,9.5,3.71426366410165,0.815560973366497,3.83934950828552,0.293584905660377,0.276336572509396,0.21,0,0.29,0,0.41,0.61,0.59,4.25,4.99,0.41,0.41,-3.01999998092651,0.915129625944227,0,-0.5,0.631578947368421,1,RALY
"RNCMPT00159,max,UUUUUUG,RBD_v3_119555",70.3381339622642,10.0934419164689,68.7498,9.66132075471698,3.81921560499608,8.85,9.32075471698113,4.20335756319444,8.1,10.0018867924528,3.74091157987943,9.5,3.71426366410165,0.815560973366497,3.83934950828552,0.293584905660377,0.276336572509396,0.21,0,0.29,0,0.41,0.61,0.59,4.25,4.99,0.41,0.41,-3.01999998092651,0.915129625944227,0,-0.5,0.631578947368421,1,RALY
"RNCMPT00159,max,UUUUUUU,RBD_v3_152636",73.2506267857143,12.6394421851382,78.65565,7.3375,5.34238838314509,4.425,7.78571428571429,6.51408065295839,4.3,6.88928571428571,4.41384921979273,4.65,3.51897859360491,0.89948949075043,3.61847651004791,0.238035714285714,0.191324756206985,0.185,83.9285714285714,0.18,0,0.57,0.64,0.68,2.3,2.89,0.57,0.57,-5.11999988555908,0.972861409666655,0.125,-0.272727272727273,0.578947368421053,1,RALY
"RNCMPT00159,min,AAGGGGG,RBD_v3_126934",78.9103616666667,11.5556397746756,83.9695,6.1425,4.38370272444097,4.275,6.60666666666667,5.65682029228515,4.05,5.67833333333333,3.20545571294997,4.55,3.44699403246244,0.91738367580643,3.43212735652924,0.2975,0.278364624919869,0.16,16.6666666666667,0.26,0,0.58,0.63,0.72,2.14,2.56,0.58,0.58,-6.8899998664856,0.990492780969678,0.176470588235294,0.047619047619048,0.552631578947368,0,RALY
"RNCMPT00159,min,AAGGGGG,RBD_v3_230339",59.198186440678,9.14475287048408,59.9317,19.0330508474576,4.74227693538164,17.4,19.1932203389831,4.83392695387935,17.3,18.8728813559322,4.80817660286117,17.5,3.62310570983563,0.91346793412766,3.77664923667908,0.072881355932203,0.088708178051982,0.03,0,0.35,0,0.19,0.52,0.43,12.24,11.5,0.19,0.19,-4.21000003814697,0.944007746882425,0.428571428571429,0.294117647058823,0.447368421052632,0,RALY
"RNCMPT00159,min,UGGGGGA,RBD_v3_065419",73.0222909090909,11.0626894022061,75.9594,11.1522727272727,3.69156730037424,9.55,11.6045454545455,4.25107124914741,10.2,10.7,3.32628712628835,9.55,3.78252124786377,0.769960990213504,3.67039346694946,0.247272727272727,0.179577846517411,0.245,0,0.35,0,0.37,0.56,0.58,6.28,6.32,0.37,0.37,-3.46000003814697,0.975087864633188,0.294117647058823,0.222222222222222,0.514285714285714,0,RALY
"RNCMPT00160,max,GGAGGGA,RBD_v3_202924",59.9803107142857,5.62089525703928,58.8621,18.9827380952381,3.69782982633806,19.375,19.4964285714286,3.54086118544565,19.45,18.4690476190476,4.0713804588958,19.8,3.35835169184776,0.969095838347601,3.4028297662735,0.039761904761905,0.047031806476305,0.02,35.7142857142857,0.34,0,0.23,0.33,0.42,11.89,11.5,0.23,0.23,-4.48000001907349,0.937924737150508,0.523809523809524,0.058823529411765,0.447368421052632,1,HNRNPH2
"RNCMPT00160,max,GGGAGGG,RBD_v3_070390",66.701237804878,7.50591799295384,67.2198,16.0237804878049,4.34923170176802,14.3,16.2012195121951,4.08156027725899,15.2,15.8463414634146,4.80180509067963,14.65,3.43248917126074,0.92840186258106,3.40493011474609,0.201707317073171,0.191593737352537,0.13,2.4390243902439,0.32,0,0.28,0.39,0.46,8.77,7.9,0.28,0.28,-3.95000004768372,0.897658806274979,0.733333333333333,0.1,0.571428571428571,1,HNRNPH2
"RNCMPT00160,max,GGGAGGG,RBD_v3_081495",60.7759880597015,5.66042772608921,62.1651,16.4529850746269,3.05439177842946,15.1,15.3253731343284,3.49828283779438,14,17.5805970149254,2.8344866889241,16.5,3.254264337803,1.06910702631076,3.21849894523621,0.040597014925373,0.047125898336102,0.02,49.2537313432836,0.29,0,0.27,0.44,0.45,10.12,12.16,0.27,0.27,-4.92000007629395,0.778338325972432,0.478260869565217,0.714285714285714,0.233333333333333,1,HNRNPH2
"RNCMPT00160,min,AGACCCG,RBD_v3_065061",70.6809670886076,6.14412136619164,72.1007,9.64177215189874,1.84834351306554,9.3,9.07721518987342,1.99216087852366,8.6,10.2063291139241,2.08402604517363,9.8,3.45831529098221,0.975753999255864,3.52108430862427,0.160886075949367,0.211473401815524,0.07,0,0.3,0,0.36,0.55,0.55,6.22,6.52,0.36,0.36,-4.90999984741211,0.994985417684099,-0.157894736842105,-0.052631578947368,0.5,0,HNRNPH2
"RNCMPT00160,min,AGACCCG,RBD_v3_163124",59.2137729411765,6.97353683329561,59.5409,18.3888235294118,4.89292112861717,16.25,18.8647058823529,5.18952025221786,16,17.9129411764706,4.90904869640152,16.8,3.39743995105519,1.06055231047407,3.62031030654907,0.088705882352941,0.153900000273014,0.02,24.7058823529412,0.33,0,0.23,0.33,0.42,12.36,8.57,0.23,0.23,-6.01000022888184,0.994985417684099,0.052631578947368,-0.157894736842105,0.5,0,HNRNPH2
"RNCMPT00160,min,AGGCCCG,RBD_v3_072893",65.163112,6.06601175571971,65.9832,18.4113333333333,4.13793894816474,17.5,17.692,4.32577941734984,17.3,19.1306666666667,4.12126893779788,18,3.39384701013565,1.03110766108704,3.6162166595459,0.070666666666667,0.083201697834374,0.03,8,0.33,0,0.34,0.35,0.51,10.94,12.59,0.34,0.34,-5.55999994277954,0.947927637120239,0.047619047619048,0.529411764705882,0.447368421052632,0,HNRNPH2
"RNCMPT00161,max,AAUGACA,RBD_v3_029838",64.3824754098361,8.62785358928966,60.7291,18.1704918032787,4.97752764138634,21.1,19.1180327868852,4.4550162063574,20.8,17.2229508196721,5.67310595243391,20.6,3.69159094232028,0.981421462158285,3.75544023513794,0.119344262295082,0.158743701738148,0.05,34.4262295081967,0.27,0,0.3,0.57,0.49,11.11,9,0.3,0.3,-2.69000005722046,0.915732641867936,0.25,0.545454545454545,0.578947368421053,1,FXR1
"RNCMPT00161,max,AAUGACA,RBD_v3_050497",73.4584661290323,6.51775040998554,73.1344,11.85,4.02122442816107,9.975,11.3774193548387,3.79729927128279,9.55,12.3225806451613,4.39110200720184,10.7,3.66488675532802,0.812802246773427,3.67007601261139,0.081451612903226,0.09852763237599,0.035,40.3225806451613,0.25,0,0.38,0.61,0.55,6.42,5.94,0.38,0.38,-4.76999998092651,0.956399193314886,0.444444444444444,0.2,0.526315789473684,1,FXR1
"RNCMPT00161,max,AUGACAA,RBD_v3_084176",83.002242,4.88901493304602,83.50245,4.169,1.63606951850701,3.65,3.344,1.39520461523296,2.9,4.994,1.92633838975314,4.65,3.70034565210342,0.736382984044372,3.66255068778992,0.3668,0.307175679309388,0.325,0,0.29,0,0.49,0.61,0.66,1.83,2.58,0.49,0.49,-2.99000000953674,0.882357082908222,0.066666666666667,0.652173913043478,0.605263157894737,1,FXR1
"RNCMPT00161,min,CCAACCC,RBD_v3_171931",79.7273673076923,7.41549903874421,79.48805,5.32884615384615,2.6033979710131,5.525,4.68269230769231,2.62967388970841,4.35,5.975,2.76269795670826,6.3,3.74000740968264,0.729139071850978,3.65411496162415,0.323846153846154,0.305139979746704,0.225,48.0769230769231,0.3,0,0.55,0.63,0.71,1.7,1.88,0.55,0.55,-2,0.855540248122139,0.090909090909091,0.68421052631579,0.633333333333333,0,FXR1
"RNCMPT00161,min,CCCCCCC,RBD_v3_108852",82.0581620689655,7.64895669271025,81.4761,4.94310344827586,2.66022437181696,4.725,4.16206896551724,2.15706327215328,4.2,5.72413793103448,3.21194646919779,5.35,3.53855538368225,0.727936654681234,3.53621792793274,0.197586206896552,0.264862164384047,0.06,0,0.28,0,0.55,0.61,0.7,1.7,1.97,0.55,0.55,-5.25,0.923219672335508,-0.142857142857143,0.333333333333333,0.3,0,FXR1
"RNCMPT00161,min,CCCCUUU,RBD_v3_201456",84.8170342857143,5.25187486243642,85.769,3.27642857142857,1.41120570888692,3.025,2.66285714285714,1.04717306524348,2.4,3.89,1.8038726456541,3.6,3.57214760439737,0.867658516373475,3.66157948970795,0.287142857142857,0.297930751885828,0.155,8.57142857142857,0.29,0,0.53,0.63,0.69,1.33,1.62,0.53,0.53,-4.57999992370606,0.972861409666655,-0.333333333333333,-0.058823529411765,0.447368421052632,0,FXR1
"RNCMPT00162,max,CGGAGGA,RBD_v3_002491",68.94494875,8.90514927234705,72.31465,10.9425,2.42755933064415,10.55,11.58875,2.53382153718025,11.25,10.29625,2.63070687665617,9.7,3.57645780295134,0.931104979776308,3.55759000778198,0.143,0.130523774448192,0.105,6.25,0.32,0,0.46,0.64,0.65,6.63,6.65,0.46,0.46,-3.29999995231628,0.954306349436356,0.25,0.428571428571429,0.466666666666667,1,LIN28A
"RNCMPT00162,max,CGGAGGA,RBD_v3_116228",68.94494875,8.90514927234705,72.31465,10.9425,2.42755933064415,10.55,11.58875,2.53382153718025,11.25,10.29625,2.63070687665617,9.7,3.57645780295134,0.931104979776308,3.55759000778198,0.143,0.130523774448192,0.105,6.25,0.32,0,0.46,0.64,0.65,6.63,6.65,0.46,0.46,-3.29999995231628,0.954306349436356,0.25,0.428571428571429,0.466666666666667,1,LIN28A
"RNCMPT00162,max,GGAGGAG,RBD_v3_065928",64.1490358024691,10.4941848197384,64.4109,21.2413580246914,3.32369137898152,22.6,22.4530864197531,3.70115138908668,23.9,20.0296296296296,3.24370330195459,20.1,3.44137615848471,0.965316011120223,3.41462445259094,0.132469135802469,0.181063047473784,0.02,1.23456790123457,0.31,0,0.25,0.6,0.47,9.08,12.4,0.25,0.25,-4.90999984741211,0.929985803806722,0.5,0.333333333333333,0.473684210526316,1,LIN28A
"RNCMPT00162,min,ACCGCCC,RBD_v3_157306",66.9323949367089,13.557066901236,71.1624,12.9284810126582,5.2246928724868,12.45,13.820253164557,5.50844060363765,13.7,12.0367088607595,5.12125228112927,11.2,3.53818451528308,1.02528750849612,3.73981165885925,0.146455696202532,0.148574750026182,0.11,24.0506329113924,0.32,0,0.4,0.62,0.6,4.46,4.92,0.4,0.4,-2.1800000667572,0.973041590739604,-0.052631578947368,0.375,0.457142857142857,0,LIN28A
"RNCMPT00162,min,CGCCGCC,RBD_v3_049594",72.6396382352941,10.4731645832038,75.52945,10.1051470588235,5.10106909855181,7.625,9.93529411764706,4.21248197501374,8.25,10.275,6.17716968952078,7.4,3.46692009708461,0.887786926180185,3.46937847137451,0.240294117647059,0.200059473159114,0.185,19.1176470588235,0.32,0,0.48,0.63,0.67,4.23,3.8,0.48,0.48,-3.85999989509583,0.978771866509032,0.176470588235294,0.230769230769231,0.433333333333333,0,LIN28A
"RNCMPT00162,min,CGCCGCC,RBD_v3_136214",57.2109053763441,11.3175990135541,62.0262,18.2204301075269,2.55316551770989,17.85,18.652688172043,2.90732176910257,18.4,17.7881720430108,2.6676748328006,17.5,3.56801509216268,0.813005573828594,3.64433217048645,0.073655913978495,0.099692842905603,0.02,18.2795698924731,0.32,0,0.24,0.61,0.47,10.14,10.83,0.24,0.24,-3.74000000953674,0.98104373803761,-0.263157894736842,-0.125,0.457142857142857,0,LIN28A
"RNCMPT00164,max,GUUCGUU,RBD_v3_129456",58.7952964285714,10.3379151475234,54.62295,13.0928571428571,2.32577005510139,12.75,13.3928571428571,2.2180953744028,13,12.7928571428571,2.56499636436513,12.05,3.15803070153509,1.03034017948171,3.22704267501831,0.029285714285714,0.015378814535195,0.03,28.5714285714286,0.48,0,0.3,0.29,0.54,8.62,9.7,0.3,0.3,-4.94000005722046,0.857520736463263,0.3,-0.789473684210526,0.487179487179487,1,ZNF638
"RNCMPT00164,max,GUUCGUU,RBD_v3_189047",72.4130090909091,10.9099735095008,78.2491,8.02272727272727,3.13006645573477,7.075,8.98181818181818,4.24708710974344,6.45,7.06363636363636,2.23767427191407,6.25,3.51752077991312,1.01612240734199,3.42269122600555,0.022727272727273,0.02491544141249,0.02,77.2727272727273,0.48,0,0.54,0.33,0.74,4.3,5.08,0.54,0.54,-5.11999988555908,0.967225909741359,0.294117647058823,-0.230769230769231,0.433333333333333,1,ZNF638
"RNCMPT00164,max,GUUCGUU,RBD_v3_237729",58.7952964285714,10.3379151475234,54.62295,13.0928571428571,2.32577005510139,12.75,13.3928571428571,2.2180953744028,13,12.7928571428571,2.56499636436513,12.05,3.15803070153509,1.03034017948171,3.22704267501831,0.029285714285714,0.015378814535195,0.03,28.5714285714286,0.48,0,0.3,0.29,0.54,8.62,9.7,0.3,0.3,-4.94000005722046,0.857520736463263,0.3,-0.789473684210526,0.487179487179487,1,ZNF638
"RNCMPT00164,min,AGGGGGA,RBD_v3_175568",55.6745586956522,9.27654721354583,55.94485,14.9804347826087,2.69970118224776,14.25,13.8869565217391,2.86485281341155,14.45,16.0739130434783,3.04269140967216,15.75,3.56057902263558,1.18914178368017,3.91151130199432,0.025217391304348,0.030458651785643,0.02,65.2173913043478,0.48,0,0.36,0.36,0.6,8.46,10.97,0.36,0.36,-2.8199999332428,0.938734143998914,0.333333333333333,0.466666666666667,0.5,0,ZNF638
"RNCMPT00164,min,AGGGGGA,RBD_v3_216069",55.45075,9.53220508299264,59.1162,20.0392857142857,1.52544805163655,19.675,17.8357142857143,1.86943312792414,17.3,22.2428571428571,1.61850561925513,21.45,3.63216985974993,1.05918051705731,3.80992066860199,0.007142857142857,0.009944903161977,0,0,0.48,0,0.17,0.33,0.44,16.25,18.71,0.17,0.17,-4.5,0.882248245638574,0.68421052631579,0.368421052631579,0.5,0,ZNF638
"RNCMPT00164,min,AGGGGGC,RBD_v3_081252",58.7662681818182,8.35792844506035,63.71585,15.1022727272727,1.99770566452566,14.975,15.05,2.42344697447566,14.8,15.1545454545455,2.03205907130282,15,3.35853978720578,1.09650345515951,3.2875235080719,0.015,0.015039630187956,0.01,4.54545454545455,0.49,0,0.24,0.32,0.5,11.63,11.69,0.24,0.24,-5.44000005722046,0.929985803806722,0.5,0.333333333333333,0.473684210526316,0,ZNF638
"RNCMPT00165,max,CUUUUUU,RBD_v3_029559",57.6942848484848,8.98884602630193,60.0643,15.970202020202,4.97088933442477,14.75,15.8656565656566,5.8833067478258,13.8,16.0747474747475,4.2864604929976,15.7,3.4339081277751,0.966429959998817,3.41199088096619,0.047878787878788,0.047814964937613,0.04,50.5050505050505,0.29,0,0.25,0.31,0.41,6.09,8.27,0.25,0.25,-4.38000011444092,0.960336745459753,0.125,-0.363636363636364,0.578947368421053,1,TIA1
"RNCMPT00165,max,UUUUUUG,RBD_v3_094016",66.0656064516129,11.8362040433322,65.3729,11.7908602150538,6.22113747042291,14.55,11.8096774193548,6.54296941822703,15.5,11.7720430107527,6.31546352031194,13.3,3.55900476696671,0.83701784034406,3.60560536384583,0.177741935483871,0.223091563539055,0.08,33.3333333333333,0.29,0,0.44,0.34,0.57,2.54,2.85,0.44,0.44,-3.01999998092651,0.915129625944227,0,-0.5,0.631578947368421,1,TIA1
"RNCMPT00165,max,UUUUUUG,RBD_v3_119555",66.0656064516129,11.8362040433322,65.3729,11.7908602150538,6.22113747042291,14.55,11.8096774193548,6.54296941822703,15.5,11.7720430107527,6.31546352031194,13.3,3.55900476696671,0.83701784034406,3.60560536384583,0.177741935483871,0.223091563539055,0.08,33.3333333333333,0.29,0,0.44,0.34,0.57,2.54,2.85,0.44,0.44,-3.01999998092651,0.915129625944227,0,-0.5,0.631578947368421,1,TIA1
"RNCMPT00165,min,AGAGUCG,RBD_v3_085147",67.6560521126761,10.0813586083688,68.6558,11.2007042253521,7.90176062188379,6.6,10.5549295774648,7.98036498865263,5.6,11.8464788732394,7.90552846315097,7.9,3.47717109364523,0.847224525771991,3.43691658973694,0.301267605633803,0.267682805774002,0.23,59.1549295774648,0.3,0,0.35,0.33,0.49,2.59,3.54,0.35,0.35,-4.53000020980835,0.985475297227334,0,0,0.4,0,TIA1
"RNCMPT00165,min,GUGAGUC,RBD_v3_009929",61.3736882978723,10.2726727877754,63.83835,17.6957446808511,5.12164739318637,17.725,17.5595744680851,5.52492532229853,17.6,17.831914893617,5.05352453959105,17.25,3.63124614193084,0.881665486082819,3.73273456096649,0.083617021276596,0.099632130498103,0.045,10.6382978723404,0.3,0,0.39,0.33,0.53,7.17,9.23,0.39,0.39,-4.46999979019165,0.956937798773912,0.263157894736842,0.090909090909091,0.366666666666667,0,TIA1
"RNCMPT00165,min,GUGAGUC,RBD_v3_131385",61.0445983193277,11.2176144807762,59.9279,15.6865546218487,9.08454334896803,15.1,15.6773109243697,9.55768780079272,14.6,15.6957983193277,8.71595454050792,15.6,3.5319688730881,0.953003774300739,3.67442107200623,0.136554621848739,0.210610239159037,0.03,15.1260504201681,0.25,0,0.33,0.31,0.45,2.64,3.5,0.33,0.33,-5.88000011444092,0.943824487357175,0.454545454545455,0.125,0.421052631578947,0,TIA1
"RNCMPT00166,max,GUGUUUG,RBD_v3_174371",56.9889776,8.96755430145221,57.7698,19.9444,3.85184400749362,19.15,20.5552,3.74584621560573,19.4,19.3336,4.25127957966965,19.1,3.40509476327896,1.07475011397269,3.40936183929443,0.07272,0.098622578060127,0.02,21.6,0.44,0,0.25,0.32,0.48,12.08,9.55,0.25,0.25,-5.21999979019165,0.967225909741359,0.375,-0.142857142857143,0.466666666666667,1,BRUNOL5
"RNCMPT00166,max,UGUGUUU,RBD_v3_146939",56.6594307692308,9.05054208850537,57.9323,18.0965034965035,4.861836327675,18.05,18.3167832167832,4.91535372638542,17,17.8762237762238,5.01983331245001,19.2,3.60976742614399,0.986001418134263,3.57111382484436,0.036643356643357,0.049914632136576,0.02,42.6573426573427,0.38,0,0.25,0.37,0.46,9.12,5.78,0.25,0.25,-5.90999984741211,0.946973581051959,0.157894736842105,-0.5,0.512820512820513,1,BRUNOL5
"RNCMPT00166,max,UGUUUGU,RBD_v3_069547",66.6661777777778,9.69289896082933,66.3859,11.4594017094017,3.28079529114678,11.95,11.3521367521368,2.71085297336587,11.6,11.5666666666667,4.04903138693858,12.4,3.50706303578157,0.975685620742114,3.58867335319519,0.157692307692308,0.156013840098843,0.11,41.025641025641,0.44,0,0.36,0.34,0.57,5.68,4.38,0.36,0.36,-4.51999998092651,0.973211645383088,0.25,-0.263157894736842,0.542857142857143,1,BRUNOL5
"RNCMPT00166,min,ACACUGC,RBD_v3_071424",72.347331496063,7.56234810961937,73.5664,8.85472440944882,3.25008811279131,9.15,8.21889763779527,3.13104608219105,8.3,9.49055118110236,3.72651232900586,9.5,3.59410669343678,0.965606798243474,3.69809556007385,0.260551181102362,0.247608584763521,0.19,0,0.41,0,0.4,0.43,0.61,2.76,3.23,0.4,0.4,-2.04999995231628,0.967761204891595,-0.2,0.217391304347826,0.605263157894737,0,BRUNOL5
"RNCMPT00166,min,CAUGCUA,RBD_v3_030020",61.1006463768116,9.69216364212648,59.327,18.1413043478261,5.67186008317105,21.05,18.4884057971015,5.76726401215067,21.4,17.7942028985507,5.70881372394453,20.1,3.39764263318933,0.899267588617691,3.2905535697937,0.128985507246377,0.150822694184227,0.05,47.8260869565217,0.42,0,0.25,0.38,0.49,9.85,7.43,0.25,0.25,-5.96999979019165,0.977747995787952,0.142857142857143,0.294117647058823,0.447368421052632,0,BRUNOL5
"RNCMPT00166,min,CUACCAC,RBD_v3_154632",59.6890716129032,9.85613965450263,57.5637,18.5658064516129,7.05239149554615,21.7,18.961935483871,6.8325735389121,22.1,18.1696774193548,7.37437978192019,21.4,3.44664548250937,1.03464391591186,3.48394966125488,0.090645161290323,0.170726778837267,0.02,30.3225806451613,0.41,0,0.29,0.36,0.5,6.16,4.33,0.29,0.29,-5.57000017166138,0.981649930192858,-0.181818181818182,0.125,0.421052631578947,0,BRUNOL5
"RNCMPT00167,max,UUUUUGC,RBD_v3_008256",79.5482709090909,12.7696880942748,85.7816,8.73181818181818,5.41515674370766,6.1,9.18,5.7373822912157,6.3,8.28363636363636,5.15704349827473,5.8,3.30711522752588,0.899012650747905,3.35257506370544,0.339818181818182,0.244369869248713,0.31,0,0.3,0,0.42,0.59,0.61,4.4,4.25,0.42,0.42,-3.53999996185303,0.986863224815062,-0.125,-0.090909090909091,0.578947368421053,1,HNRNPCL1
"RNCMPT00167,max,UUUUUUG,RBD_v3_094016",69.5877859649123,9.754992583845,65.4908,9.72017543859649,3.0720057961418,10,9.58771929824562,3.42178264815696,9.9,9.85263157894737,3.1327820397006,9.8,3.69939769778335,0.773922680545099,3.73039484024048,0.211578947368421,0.222620669314453,0.1,0,0.26,0,0.39,0.59,0.56,4.24,5.17,0.39,0.39,-3.01999998092651,0.915129625944227,0,-0.5,0.631578947368421,1,HNRNPCL1
"RNCMPT00167,max,UUUUUUG,RBD_v3_119555",69.5877859649123,9.754992583845,65.4908,9.72017543859649,3.0720057961418,10,9.58771929824562,3.42178264815696,9.9,9.85263157894737,3.1327820397006,9.8,3.69939769778335,0.773922680545099,3.73039484024048,0.211578947368421,0.222620669314453,0.1,0,0.26,0,0.39,0.59,0.56,4.24,5.17,0.39,0.39,-3.01999998092651,0.915129625944227,0,-0.5,0.631578947368421,1,HNRNPCL1
"RNCMPT00167,min,AGAGUCG,RBD_v3_123308",59.0901029411765,8.23676225917888,61.14545,24.7602941176471,1.30493117267498,24.45,24.2735294117647,1.66156348851961,23.95,25.2470588235294,1.65460519764423,25.7,3.82261967658997,0.708501948032797,3.6943062543869,0.119117647058824,0.130508739915363,0.07,0,0.28,0,0.07,0.53,0.31,20.17,21,0.07,0.07,-5.05999994277954,0.945231600849419,0.411764705882353,0.333333333333333,0.552631578947368,0,HNRNPCL1
"RNCMPT00167,min,GAGUCGU,RBD_v3_113700",80.91036875,9.78415790189256,82.37165,5.66875,3.71377209513497,4.625,6.215625,4.93877495092386,3.75,5.121875,2.71079375419411,4.9,3.37838712893426,0.906145248410318,3.30133545398712,0.35546875,0.353575522062243,0.23,0,0.27,0,0.56,0.64,0.71,1.54,1.78,0.56,0.56,-4.84999990463257,0.978771866509032,0.176470588235294,0.230769230769231,0.433333333333333,0,HNRNPCL1
"RNCMPT00167,min,GAGUCGU,RBD_v3_129771",75.2556973684211,11.9536824753209,81.74855,7.06907894736842,4.21389738132656,6.425,7.73815789473684,5.22197835065762,6.05,6.4,3.58809141466602,5.65,3.73074805265979,0.876411258860695,3.93033266067505,0.330394736842105,0.307147915677875,0.265,34.2105263157895,0.24,0,0.54,0.66,0.68,1.63,2.47,0.54,0.54,-5.75,0.978771866509031,0.176470588235294,-0.230769230769231,0.433333333333333,0,HNRNPCL1
"RNCMPT00168,max,UGCAUGC,RBD_v3_031356",62.4872875,7.13326196344074,65.10815,13.95125,2.15005925678627,13.45,14.155,2.68499629947699,14.2,13.7475,2.15239729198959,13.6,3.39727313369513,1.04975193168088,3.44218730926514,0.0775,0.064041252730424,0.06,0,0.54,0,0.19,0.44,0.51,9.16,9.71,0.19,0.19,-5.46000003814697,0.991355861529484,-0.142857142857143,-0.058823529411765,0.447368421052632,1,RBFOX1
"RNCMPT00168,max,UGCAUGC,RBD_v3_176762",65.1477375,4.68868222801701,66.11715,12.346875,1.65543764313929,12.25,11.690625,1.86536502957153,11.45,13.003125,1.97214217491146,12.75,3.71937525272369,0.859661536170868,3.85575687885284,0.234375,0.166325322495481,0.23,46.875,0.54,0,0.2,0.45,0.52,8.99,9.53,0.2,0.2,-6.53000020980835,0.991355861529484,0.058823529411765,0.142857142857143,0.552631578947368,1,RBFOX1
"RNCMPT00168,max,UUGCAUG,RBD_v3_230485",68.3158263157895,5.27514377632834,70.0828,23.5157894736842,0.709470191915329,23.3,22.2736842105263,1.05400933227112,22.2,24.7578947368421,0.991248253171326,24.8,2.94514049354352,0.922985506883267,2.97126841545105,0.077894736842105,0.047443410427397,0.09,0,0.54,0,0.13,0.44,0.47,18.27,19.7,0.13,0.13,-4.88000011444092,0.972311607127289,0.285714285714286,0.25,0.533333333333333,1,RBFOX1
"RNCMPT00168,min,UUCGUCG,RBD_v3_176538",76.6739833333333,9.80167142941464,80.61905,7.29642857142857,4.4910669173092,5.8,7.33095238095238,4.82778988445115,5.2,7.26190476190476,4.36979389930644,6.25,3.59350906809171,0.995021444565566,3.54271972179413,0.140952380952381,0.110471484540726,0.145,0,0.54,0,0.39,0.47,0.67,3.88,3.82,0.39,0.39,-5.3600001335144,0.99900044193615,-0.052631578947368,-0.052631578947368,0.5,0,RBFOX1
"RNCMPT00168,min,UUUUUUU,RBD_v3_010118",80.5764255319149,4.19722825318495,81.7071,5.86702127659575,1.20705699388802,5.55,5.5531914893617,1.45375840703088,4.9,6.18085106382979,1.16798568668127,6,3.49867244984241,0.903987662834782,3.49267554283142,0.290212765957447,0.191589340741236,0.28,91.4893617021277,0.54,0,0.4,0.48,0.68,3.62,4.45,0.4,0.4,-2.16000008583069,0.941196850822178,0,-0.444444444444444,0.6,0,RBFOX1
"RNCMPT00168,min,UUUUUUU,RBD_v3_046339",78.2654266666667,6.33294638520721,80.8577,6.1,2.14256112674019,5.3,5.34222222222222,2.3303812494261,4.5,6.85777777777778,2.08778796477482,6.1,3.65951991875966,0.803487905967873,3.83708238601685,0.242666666666667,0.165452547440484,0.23,97.7777777777778,0.54,0,0.39,0.48,0.68,2.67,4.51,0.39,0.39,-1.5900000333786,0.910394084171074,0.6,-0.1,0.666666666666667,0,RBFOX1
"RNCMPT00169,max,AUAAAAG,RBD_v3_066665",71.2318490909091,8.40819466750262,73.3785,8.60636363636364,3.61632172632398,7.3,7.78909090909091,4.14481705476954,6.4,9.42363636363636,3.26757150939709,8.3,3.62422277710655,0.657623196896061,3.76973009109497,0.330363636363636,0.30845471266348,0.19,0,0.22,0,0.39,0.6,0.54,3.77,5.38,0.39,0.39,-2.65000009536743,0.947223225702869,-0.230769230769231,0.2,0.657894736842105,1,KHDRBS1
"RNCMPT00169,max,UAAAAGC,RBD_v3_125730",82.7948842105263,10.4489279406992,86.5713,3.39736842105263,2.58359213272348,1.9,3.28421052631579,2.82209328802501,1.8,3.51052631578947,2.66228179592286,2.3,3.68497974412483,0.767137613796813,3.74971628189087,0.496842105263158,0.410679567019005,0.59,12.280701754386,0.25,0,0.6,0.64,0.73,1.19,1.11,0.6,0.6,-2.16000008583069,0.960964047443681,0,0.333333333333333,0.6,1,KHDRBS1
"RNCMPT00169,max,UAAAAGC,RBD_v3_232425",82.7948842105263,10.4489279406992,86.5713,3.39736842105263,2.58359213272348,1.9,3.28421052631579,2.82209328802501,1.8,3.51052631578947,2.66228179592286,2.3,3.68497974412483,0.767137613796813,3.74971628189087,0.496842105263158,0.410679567019005,0.59,12.280701754386,0.25,0,0.6,0.64,0.73,1.19,1.11,0.6,0.6,-2.16000008583069,0.960964047443681,0,0.333333333333333,0.6,1,KHDRBS1
"RNCMPT00169,min,AGAGUCG,RBD_v3_078093",81.981574025974,10.6560315410224,84.8693,3.23636363636364,2.25794848030528,2.25,3.07922077922078,2.74635345131732,2,3.39350649350649,1.91712076208168,2.5,3.64750378627282,0.854363298049032,3.68311619758606,0.377142857142857,0.413005215791129,0.13,42.8571428571429,0.23,0,0.69,0.66,0.79,1.21,1.36,0.69,0.69,-7.42999982833862,0.93246865953145,0.428571428571429,0.285714285714286,0.4,0,KHDRBS1
"RNCMPT00169,min,GAGUGGG,RBD_v3_100915",81.538806779661,11.5128275474893,85.5992,3.49152542372881,3.35511899863956,2.05,3.74237288135593,3.42683142023359,2.2,3.24067796610169,3.37915101784497,1.9,3.84923050161135,0.807938367575819,4.02018117904663,0.465084745762712,0.431841976531151,0.48,10.1694915254237,0.24,0,0.71,0.67,0.82,1.3,1.26,0.71,0.71,-5.38000011444092,0.953353793718457,0.272727272727273,0.375,0.421052631578947,0,KHDRBS1
"RNCMPT00169,min,GAGUGGG,RBD_v3_131215",72.9420754385965,12.6038009118605,77.6103,10.6710526315789,4.74588117823179,8.55,10.8929824561404,4.31475291666042,9.6,10.4491228070175,5.44577565008674,8.1,3.74292244200121,0.817284093330516,3.72398209571838,0.263684210526316,0.26086827258043,0.2,0,0.22,0,0.44,0.59,0.58,5.14,4.02,0.44,0.44,-4.01000022888184,0.9795363654177,0.111111111111111,0.3,0.526315789473684,0,KHDRBS1
"RNCMPT00170,max,AAUCCAA,RBD_v3_026869",71.0188511627907,13.4521193397546,75.36745,9.35406976744186,6.70541578794283,5.575,8.99069767441861,6.51888889679065,5.55,9.71744186046512,7.2100451472922,5.9,3.55469769863195,0.97802295964588,3.59711372852325,0.139418604651163,0.139725400033425,0.085,20.9302325581395,0.43,0,0.53,0.35,0.71,2.21,2.71,0.53,0.53,-0.25,0.984462539680632,-0.230769230769231,0.058823529411765,0.566666666666667,1,RBM6
"RNCMPT00170,max,AAUCCAA,RBD_v3_070010",77.507875,11.2193255374766,78.27245,7.54583333333333,6.18950339762706,4.625,7.39880952380952,6.07186865199974,4.95,7.69285714285714,6.58424160564561,4.6,3.48959196891103,0.903105942769727,3.55082309246063,0.234166666666667,0.240076334915263,0.11,0,0.43,0,0.68,0.41,0.84,1.11,1.3,0.68,0.68,-5.05000019073486,0.981649930192858,-0.125,-0.181818181818182,0.578947368421053,1,RBM6
"RNCMPT00170,max,UCAUCCA,RBD_v3_008078",74.3905329268293,12.7325124976467,75.5396,7.30060975609756,6.11020949865342,4.525,7.29146341463415,6.19273172574431,4.9,7.30975609756097,6.37970566595526,4.45,3.51965413369784,0.921848793331222,3.5361053943634,0.218536585365854,0.258586480274567,0.09,57.3170731707317,0.41,0,0.46,0.36,0.64,1.42,1.96,0.46,0.46,-5.46999979019165,0.984029002132122,-0.058823529411765,-0.238095238095238,0.552631578947368,1,RBM6
"RNCMPT00170,min,AGGGGGG,RBD_v3_008089",72.9772406779661,11.1795791425493,76.0863,8.5,6.96795621348925,5.35,8.30677966101695,6.54877889135487,5.3,8.69322033898305,7.5856685293269,5.1,3.5945435418921,0.793757739072369,3.51227712631226,0.222542372881356,0.210513274381508,0.14,0,0.42,0,0.35,0.32,0.56,1.89,2.95,0.35,0.35,-5.96999979019165,0.940829129511555,0.5,0.222222222222222,0.473684210526316,0,RBM6
"RNCMPT00170,min,GGGGGGA,RBD_v3_093036",77.4126406779661,13.9062500598201,81.3131,6.47542372881356,5.85539371803642,3.45,7.31186440677966,6.40705658241466,4,5.63898305084746,5.59115733344126,2.8,3.4223411052914,1.08964288300386,3.55069065093994,0.306779661016949,0.250939205977135,0.29,0,0.42,0,0.65,0.36,0.8,1.88,1.88,0.65,0.65,-5.94999980926514,0.963726052712249,0.411764705882353,0.142857142857143,0.552631578947368,0,RBM6
"RNCMPT00170,min,GGGGGGA,RBD_v3_141881",76.4125188235294,11.0270686863918,76.452,7.89470588235294,6.36914541405063,4.75,8.06470588235294,6.43762574324448,4.5,7.72470588235294,6.70102881017878,4.5,3.54293476132786,0.852220318509325,3.5243239402771,0.146470588235294,0.186800797147994,0.06,18.8235294117647,0.43,0,0.66,0.37,0.81,1.25,1.98,0.66,0.66,-1.35000002384186,0.807739890778502,0.875,-0.285714285714286,0.466666666666667,0,RBM6
"RNCMPT00171,max,AGAAAAU,RBD_v3_134489",84.6576295081967,6.63930959872464,85.17895,4.70737704918033,3.27269363701874,3.125,4.41803278688525,3.11342113107302,3.05,4.99672131147541,3.49287194878605,3.1,3.52413430663406,0.881589582779183,3.54474103450775,0.306065573770492,0.338344431522421,0.11,23.7704918032787,0.06,0,0.68,0.59,0.69,1.45,1.56,0.68,0.68,-3.79999995231628,0.849895307661516,0.230769230769231,0.764705882352941,0.566666666666667,1,PABPC5
"RNCMPT00171,max,AGAAAUU,RBD_v3_141548",80.3503675675676,11.1349376275739,82.34585,5.54324324324324,4.34198240191338,3.875,5.21824324324324,4.12516810067148,3.5,5.86824324324324,4.7762598460826,4.1,3.59981878544833,0.90166860005107,3.62354457378387,0.209391891891892,0.281069934288643,0.06,21.6216216216216,0.03,0,0.67,0.63,0.68,1.45,1.44,0.67,0.67,-3.61999988555908,0.949464781845468,0.230769230769231,0.411764705882353,0.566666666666667,1,PABPC5
"RNCMPT00171,max,AGAAAUU,RBD_v3_236647",74.4758135802469,9.33747865755587,76.1122,8.75617283950617,4.22934427112877,8.525,8.11543209876543,4.1141865000839,7.6,9.39691358024691,4.55959057276451,9.1,3.66330234798384,0.828061030331119,3.74995899200439,0.217345679012346,0.236101339464098,0.11,24.0740740740741,0.04,0,0.46,0.58,0.5,2.28,2.5,0.46,0.46,-5.15999984741211,0.931225233564083,-0.066666666666667,0.478260869565217,0.605263157894737,1,PABPC5
"RNCMPT00171,min,GGGGGGC,RBD_v3_059942",69.0973523178808,10.0856931947112,73.0165,14.4658940397351,2.45151226022447,14.75,13.4675496688742,2.60971389667844,13.4,15.464238410596,2.81979536777313,15.2,3.50927710296302,0.996008459455333,3.5580952167511,0.102516556291391,0.101042687632811,0.07,25.8278145695364,0.05,0,0.34,0.59,0.42,8.04,9.26,0.34,0.34,-4.19000005722046,0.91473664917992,0.4,0.2,0.333333333333333,0,PABPC5
"RNCMPT00171,min,GGGGGGC,RBD_v3_110940",75.211704,7.79701907649173,76.5366,11.5035,3.18118883025472,11.125,11.535,2.676699875261,11.15,11.472,3.98626632225184,11.35,3.59637051224709,0.837484800489497,3.53804540634155,0.1853,0.206130560763823,0.09,4,0.04,0,0.42,0.57,0.47,6.23,4.14,0.42,0.42,-5.82000017166138,0.974698926669803,0.222222222222222,0,0.4,0,PABPC5
"RNCMPT00171,min,GGGGGGG,RBD_v3_131732",77.7584071428572,14.6591496417176,83.81875,7.76031746031746,8.01589500295586,3.55,7.25714285714286,7.2901734253328,3.3,8.26349206349206,8.94374957766241,3.5,3.49651258710831,0.977031818975728,3.55764174461365,0.269603174603175,0.3221214697437,0.085,37.3015873015873,0.05,0,0.73,0.57,0.72,1.57,1.55,0.73,0.73,-5.07999992370606,0.802467797371566,0.636363636363636,0,0.266666666666667,0,PABPC5
"RNCMPT00172,max,AACACAA,RBD_v3_093718",62.7176766666667,11.8118602000342,65.8258,13.8211111111111,5.793140220888,12.575,14.0244444444444,5.22650766489422,13.25,13.6177777777778,6.63138934485669,11.75,3.54925761024157,0.886069708084969,3.62143445014954,0.145722222222222,0.209825760531789,0.05,10,0.14,0,0.43,0.48,0.51,6.06,5.21,0.43,0.43,-3.27999997138977,0.98986211886685,-0.058823529411765,0.222222222222222,0.514285714285714,1,IGF2BP3
"RNCMPT00172,max,ACAAACA,RBD_v3_240735",72.7368727272727,5.61777958224076,73.79,6.15324675324675,2.53922306888836,5.9,5.46883116883117,2.63445089356296,5.3,6.83766233766234,2.6723259611018,6.8,3.64447525569371,0.697926480511751,3.73328852653503,0.262597402597403,0.268192794937378,0.14,35.0649350649351,0.13,0,0.38,0.43,0.46,2.37,2.88,0.38,0.38,-4.09000015258789,0.957368817970507,-0.285714285714286,0.166666666666667,0.631578947368421,1,IGF2BP3
"RNCMPT00172,max,CAAUUCA,RBD_v3_180258",77.918575,7.93646818610114,80.72095,5.91203703703704,4.99494543752473,3.95,5.65833333333333,4.79353390409619,3.65,6.16574074074074,5.30596846158494,4.2,3.53665228132848,0.917018239224412,3.6792289018631,0.227314814814815,0.26348351659409,0.105,47.2222222222222,0.13,0,0.47,0.46,0.53,1.54,1.26,0.47,0.47,-2.17000007629395,0.936610717806957,-0.25,0.454545454545455,0.578947368421053,1,IGF2BP3
"RNCMPT00172,min,CCCCCCC,RBD_v3_181436",70.6218933333333,7.76983251618302,72.45055,9.55583333333333,4.54659436371041,10.275,9.88166666666667,4.90379690542297,10.9,9.23,4.33827212632136,9.5,3.65884960989157,0.916976893905753,3.78412318229675,0.23725,0.252759434903572,0.12,0.833333333333333,0.12,0,0.41,0.44,0.47,2.43,2.14,0.41,0.41,-1.87000000476837,0.933588161157007,-0.555555555555556,0.176470588235294,0.485714285714286,0,IGF2BP3
"RNCMPT00172,min,CCUGCCC,RBD_v3_190070",67.0611489795918,7.83582281144611,67.9504,13.502380952381,7.00189390556871,14.05,13.4850340136054,7.25729065394389,14.5,13.5197278911565,6.88228457863666,13.5,3.6323573248727,0.871524246384694,3.6766242980957,0.144285714285714,0.236260826380913,0.04,1.36054421768707,0.09,0,0.47,0.42,0.5,2.26,2.28,0.47,0.47,-1.61000001430511,0.986863224815062,-0.263157894736842,0.052631578947368,0.5,0,IGF2BP3
"RNCMPT00172,min,GCCACCC,RBD_v3_096852",61.885025308642,11.2209805448428,61.5822,14.445987654321,6.04203181035669,17.45,13.8401234567901,5.65310292277358,15.3,15.0518518518519,6.63752949459212,17.75,3.61789294378257,0.880395176251896,3.75285267829895,0.149506172839506,0.231741456036963,0.04,22.2222222222222,0.15,0,0.47,0.39,0.53,2.56,2.09,0.47,0.47,-4.69000005722046,0.996804280445991,-0.111111111111111,-0.058823529411765,0.485714285714286,0,IGF2BP3
"RNCMPT00173,max,AUAUAGC,RBD_v3_121401",74.3977321428572,7.44639853020132,76.02455,7.84017857142857,2.15991202772994,7.2,8.03214285714286,2.54509204283332,7.65,7.64821428571429,2.01854953067598,6.95,3.54852295879807,0.951433046576984,3.74052512645721,0.123035714285714,0.10907744776254,0.09,0,0.29,0,0.41,0.56,0.59,4.34,4.86,0.41,0.41,-4.84000015258789,0.953353793718457,0.157894736842105,0.473684210526316,0.5,1,RBMS3
"RNCMPT00173,max,AUAUAGC,RBD_v3_236027",74.3977321428572,7.44639853020132,76.02455,7.84017857142857,2.15991202772994,7.2,8.03214285714286,2.54509204283332,7.65,7.64821428571429,2.01854953067598,6.95,3.54852295879807,0.951433046576984,3.74052512645721,0.123035714285714,0.10907744776254,0.09,0,0.29,0,0.41,0.56,0.59,4.34,4.86,0.41,0.41,-4.84000015258789,0.953353793718457,0.157894736842105,0.473684210526316,0.5,1,RBMS3
"RNCMPT00173,max,UAUAUAG,RBD_v3_042649",79.2002530612245,3.87579030000668,79.9689,6.10612244897959,1.29408239099907,5.7,6.29795918367347,1.29494044198925,5.9,5.91428571428571,1.49666295470958,5.7,3.51855866519772,1.04202343661989,3.58345222473145,0.109387755102041,0.086154129405418,0.09,97.9591836734694,0.3,0,0.5,0.59,0.67,3.95,3.49,0.5,0.5,-4.61999988555908,0.945231600849419,0.166666666666667,0.076923076923077,0.68421052631579,1,RBMS3
"RNCMPT00173,min,AGAGUCG,RBD_v3_229927",72.0026595238095,4.30531695816614,73.9452,10.1404761904762,1.42598866410326,9.75,10.002380952381,1.23929328705341,9.9,10.2785714285714,1.896792634858,10.1,3.78437376022339,0.999348647731819,3.87624597549438,0.128809523809524,0.119065515495695,0.12,2.38095238095238,0.3,0,0.33,0.54,0.53,7.45,7.18,0.33,0.33,-3.99000000953674,0.996804280445991,0,0.052631578947368,0.542857142857143,0,RBMS3
"RNCMPT00173,min,CCCCCCC,RBD_v3_115165",80.8325586206897,6.83677639568339,81.8203,5.37327586206897,1.71761297841442,5.2,5.39655172413793,2.33170109706403,5.1,5.35,1.3899703392014,5.25,3.48450602950721,0.964562279674846,3.39535796642303,0.256724137931034,0.208742163891452,0.2,0,0.3,0,0.52,0.62,0.69,3.04,2.77,0.52,0.52,-5.57999992370606,0.977747995787952,-0.043478260869565,-0.2,0.394736842105263,0,RBMS3
"RNCMPT00173,min,CCCCCCC,RBD_v3_183991",73.4728936170213,7.91040608234288,76.5093,7.36170212765957,2.16950737661094,6.85,7.32553191489362,3.11856071073949,6.5,7.39787234042553,1.472573813268,7,3.67314239512099,0.873845424672106,3.79335784912109,0.118723404255319,0.079935218914705,0.1,0,0.3,0,0.42,0.57,0.6,4.15,5.5,0.42,0.42,-5.67000007629395,0.944298080965623,0.04,0.384615384615385,0.342105263157895,0,RBMS3
"RNCMPT00174,max,UAUAUUA,RBD_v3_023250",68.0381851851852,10.4804808410397,65.64615,15.2694444444444,10.3485365689791,9.95,14.9092592592593,9.82613512610233,10.45,15.6296296296296,10.9239503123309,9.75,3.54639605901859,1.07087109227371,3.60351300239563,0.20962962962963,0.258682897327349,0.025,50,0.71,0,0.35,0.24,0.68,3.37,3.15,0.35,0.35,-2.73000001907349,0.984984399005478,0,-0.047619047619048,0.6,1,SHEP
"RNCMPT00174,max,UAUUUUA,RBD_v3_005916",60.67442,9.5167075855762,63.7055,10.4177777777778,3.43142488882924,9.15,10.9333333333333,3.94023534137931,8.6,9.90222222222222,3.15958058845624,9.2,3.68739602565765,0.850743259858596,3.72054052352905,0.167111111111111,0.151126410396039,0.1,82.2222222222222,0.71,0,0.3,0.23,0.65,6.61,5.52,0.3,0.3,-2.09999990463257,0.986863224815062,-0.125,-0.090909090909091,0.578947368421053,1,SHEP
"RNCMPT00174,max,UAUUUUA,RBD_v3_116039",60.67442,9.5167075855762,63.7055,10.4177777777778,3.43142488882924,9.15,10.9333333333333,3.94023534137931,8.6,9.90222222222222,3.15958058845624,9.2,3.68739602565765,0.850743259858596,3.72054052352905,0.167111111111111,0.151126410396039,0.1,82.2222222222222,0.71,0,0.3,0.23,0.65,6.61,5.52,0.3,0.3,-2.09999990463257,0.986863224815062,-0.125,-0.090909090909091,0.578947368421053,1,SHEP
"RNCMPT00174,min,AGAGUCG,RBD_v3_003246",56.7721545454546,10.7814039999577,61.3957,17.5045454545455,3.58875910576231,18.5,16.7636363636364,3.66754351315365,17.3,18.2454545454545,3.74540796283674,18.2,3.46484797000885,0.968853054459019,3.56669092178345,0.119272727272727,0.151789993149094,0.05,0,0.72,0,0.21,0.23,0.57,9.91,11.81,0.21,0.21,-4.86999988555908,0.914209556007552,-0.25,0.571428571428571,0.368421052631579,0,SHEP
"RNCMPT00174,min,AGAGUCG,RBD_v3_104687",54.0530703703704,8.14852784219055,56.9144,20.4444444444444,1.33082704696396,20.425,19.8592592592593,1.70377145673927,19.55,21.0296296296296,1.41563101865999,21.1,3.50378822618061,1.03484971739983,3.51650965213776,0.025925925925926,0.025292143497762,0.02,1.85185185185185,0.71,0,0.23,0.25,0.59,15.19,18.08,0.23,0.23,-3.78999996185303,0.970672678000034,0,-0.375,0.533333333333333,0,SHEP
"RNCMPT00174,min,GUGAGUC,RBD_v3_193333",55.7896063492063,7.68711927407335,58.94,20.4166666666667,1.89057509598227,20.75,19.9587301587302,2.28562371812378,20.3,20.8746031746032,1.92512825328669,21.2,3.48036710232023,1.08541636586873,3.7025408744812,0.069365079365079,0.070250083592489,0.05,49.2063492063492,0.71,0,0.19,0.24,0.56,15.34,16.3,0.19,0.19,-4.3600001335144,0.949308682562995,0.466666666666667,0.2,0.571428571428571,0,SHEP
"RNCMPT00175,max,AUAUAUA,RBD_v3_165347",59.0287790322581,5.54034144157427,61.20095,18.7104838709677,1.73791228383166,19.125,17.4741935483871,1.87851838058274,18.2,19.9467741935484,1.90974358779559,20.4,3.72297382450873,0.93389272356362,3.80625879764557,0.054032258064516,0.039607073280337,0.05,74.1935483870968,0.66,0,0.2,0.25,0.53,12.99,15.25,0.2,0.2,-3.20000004768372,0.977747995787952,-0.2,0.043478260869565,0.605263157894737,1,SHEP
"RNCMPT00175,max,UAUAUUA,RBD_v3_023250",63.8395662790698,7.95781741649438,66.6105,14.6651162790698,3.4531577174543,15.2,14.1523255813953,3.5075960175256,14.8,15.1779069767442,3.56873354246674,15.5,3.5320304050002,0.997665742718607,3.55488610267639,0.136279069767442,0.117713975497219,0.1,68.6046511627907,0.65,0,0.3,0.27,0.62,8.52,8.75,0.3,0.3,-2.73000001907349,0.984984399005478,0,-0.047619047619048,0.6,1,SHEP
"RNCMPT00175,max,UAUAUUA,RBD_v3_106267",70.3390934210526,8.58013716231212,72.0167,10.9407894736842,3.78497653472529,10.875,11.1065789473684,4.01720750526418,11.55,10.775,3.75617269748521,10.65,3.52014335519389,0.893121340537008,3.63090074062347,0.196578947368421,0.197183857564991,0.125,39.4736842105263,0.66,0,0.35,0.26,0.66,4.26,4.86,0.35,0.35,-4.09999990463257,0.963443790866632,0.384615384615385,0.176470588235294,0.566666666666667,1,SHEP
"RNCMPT00175,min,CCCCCCC,RBD_v3_183991",61.5193513888889,6.98965455168058,63.73055,19.58125,3.36237924543631,21.475,19.1513888888889,3.55543595138231,21.1,20.0111111111111,3.33832021331618,21.1,3.52417382101218,0.921157639103032,3.56094682216644,0.079583333333333,0.074728381394993,0.05,5.55555555555556,0.65,0,0.22,0.25,0.55,12.47,13.57,0.22,0.22,-5.67000007629395,0.944298080965623,0.04,0.384615384615385,0.342105263157895,0,SHEP
"RNCMPT00175,min,CCCCCCU,RBD_v3_183023",71.315613253012,14.0967892820538,77.0639,9.04036144578313,4.36270542762763,7.7,9.36987951807229,4.56120263718925,8,8.71084337349398,4.39581319783848,7,3.47013719361949,0.937964579803448,3.4048752784729,0.312168674698795,0.27379468982705,0.27,9.63855421686747,0.66,0,0.36,0.27,0.67,3.43,3.9,0.36,0.36,-5.01999998092651,0.947223225702869,-0.304347826086957,-0.333333333333333,0.394736842105263,0,SHEP
"RNCMPT00175,min,GUGAGUC,RBD_v3_230980",70.2323674698795,13.298517062294,72.3998,11.5524096385542,6.00301196562343,14.15,12.0855421686747,6.45704630295973,14.9,11.0192771084337,5.67876785483468,13.1,3.79185535247067,0.790131557464637,3.78640198707581,0.220843373493976,0.256273504903082,0.1,42.1686746987952,0.66,0,0.46,0.28,0.75,2.3,2.52,0.46,0.46,-3.67000007629394,0.957608512718804,0,0.466666666666667,0.428571428571429,0,SHEP
"RNCMPT00176,max,UAGGUAG,RBD_v3_152603",72.4857716049383,9.036254056746,75.0115,14.5833333333333,4.12709037943198,14.4,15.9234567901235,4.81882432770013,16.4,13.2432098765432,3.84096141192557,12.8,3.68382393283608,0.769028285657492,3.7123863697052,0.233333333333333,0.247138625066985,0.09,48.1481481481482,0.49,0,0.25,0.37,0.52,7.58,7.14,0.25,0.25,-6.82000017166138,0.982030026212328,0.25,0.157894736842105,0.542857142857143,1,MSI1
"RNCMPT00176,max,UAGGUAG,RBD_v3_241293",72.4857716049383,9.036254056746,75.0115,14.5833333333333,4.12709037943198,14.4,15.9234567901235,4.81882432770013,16.4,13.2432098765432,3.84096141192557,12.8,3.68382393283608,0.769028285657492,3.7123863697052,0.233333333333333,0.247138625066985,0.09,48.1481481481482,0.49,0,0.25,0.37,0.52,7.58,7.14,0.25,0.25,-6.82000017166138,0.982030026212328,0.25,0.157894736842105,0.542857142857143,1,MSI1
"RNCMPT00176,max,UAGUUAG,RBD_v3_022963",68.9768318681319,13.2242872465264,67.2035,11.5087912087912,6.70467330137301,11.1,11.4010989010989,6.88561293173421,12.1,11.6164835164835,6.66190269344633,9.8,3.57857686084705,0.844024991522508,3.48906683921814,0.172527472527473,0.219532803960256,0.06,51.6483516483517,0.51,0,0.38,0.35,0.63,2.95,3.57,0.38,0.38,-2.6800000667572,0.973142269226386,0,0.083333333333333,0.631578947368421,1,MSI1
"RNCMPT00176,min,CCCCUGC,RBD_v3_053875",63.8655178571429,12.0539981312322,62.6948,15.0267857142857,7.31019030634457,17.9,14.9678571428571,7.21848631988939,18.25,15.0857142857143,7.47542387656053,17.55,3.50957154801914,0.964735882077847,3.53718674182892,0.15452380952381,0.188873673354752,0.05,20.2380952380952,0.51,0,0.33,0.33,0.58,5.58,5.03,0.33,0.33,-3.53999996185303,0.962298943521553,-0.368421052631579,-0.263157894736842,0.5,0,MSI1
"RNCMPT00176,min,CCCUCUG,RBD_v3_061201",68.4754580246914,10.7892244005867,68.1007,13.3851851851852,6.99596957381733,10.1,13,6.62021525329804,10.1,13.7703703703704,7.43411804527686,10.1,3.44090227948295,0.953398862030764,3.49536800384521,0.129135802469136,0.19411464093973,0.01,35.8024691358025,0.51,0,0.37,0.33,0.62,4.97,4.59,0.37,0.37,-4.80000019073486,0.967551496936124,-0.368421052631579,-0.125,0.457142857142857,0,MSI1
"RNCMPT00176,min,CCCUCUG,RBD_v3_177237",60.8819880952381,10.4107918203123,62.3171,17.9666666666667,6.05501551206978,19.025,18.4214285714286,5.61845220354425,19.95,17.5119047619048,6.57542714287843,17.8,3.57147126928681,0.937215438073475,3.69682610034943,0.089761904761905,0.14893983737662,0.02,11.9047619047619,0.51,0,0.23,0.32,0.5,9.56,7.73,0.23,0.23,-4.98999977111816,0.977747995787952,-0.294117647058823,-0.142857142857143,0.552631578947368,0,MSI1
"RNCMPT00177,max,AGAGUAA,RBD_v3_147087",71.5055139534884,6.07320877671061,72.7339,9.61395348837209,2.61416301777442,8.7,8.8046511627907,2.75559633925927,7.6,10.4232558139535,2.68566185948218,10,3.67810787711033,0.947117693258974,3.85512804985046,0.062325581395349,0.069482344770258,0.04,23.2558139534884,0.17,0,0.45,0.71,0.58,5.12,5.22,0.45,0.45,-3.21000003814697,0.97042113639059,0.142857142857143,0.083333333333333,0.631578947368421,1,SFPQ
"RNCMPT00177,max,AGAGUAA,RBD_v3_208884",80.263235483871,5.06104600746712,81.4595,4.76129032258065,1.64371072462175,4.35,3.98064516129032,1.73116903754635,3.3,5.54193548387097,1.6905175131792,5,3.56874659753615,0.975189864502638,3.56355142593384,0.252903225806452,0.159042835915089,0.27,6.45161290322581,0.16,0,0.56,0.72,0.67,2.26,3.36,0.56,0.56,-5.71999979019165,0.988591321492785,0.222222222222222,-0.1,0.526315789473684,1,SFPQ
"RNCMPT00177,max,GUAGUGU,RBD_v3_037143",69.7072263157895,5.71143788885142,71.95615,9.58157894736842,2.87438409507694,8.5,8.35789473684211,2.86786780001274,7.25,10.8052631578947,3.11300214604948,10.05,3.58852852959382,0.922432669805976,3.60955381393433,0.042894736842105,0.037983488214695,0.03,50,0.15,0,0.4,0.71,0.54,4.57,6.45,0.4,0.4,-5.84000015258789,0.989242296754326,0.111111111111111,-0.2,0.526315789473684,1,SFPQ
"RNCMPT00177,min,GGGGGCC,RBD_v3_087406",80.1626045454545,5.55280209246813,82.60325,5.05909090909091,1.90819142204634,4.35,4.5,1.79922463920589,3.7,5.61818181818182,2.10362618565278,5.1,3.6282801899043,0.865089092766003,3.60594153404236,0.221136363636364,0.176835436692396,0.175,2.27272727272727,0.15,0,0.61,0.77,0.72,2.49,2.81,0.61,0.61,-4.59999990463257,0.92967993171725,0.263157894736842,0.454545454545455,0.366666666666667,0,SFPQ
"RNCMPT00177,min,GGGGGCC,RBD_v3_110571",76.0486815789474,5.47321287741884,77.2734,6.69473684210526,2.13129162315491,5.95,5.6,1.74371458115729,5,7.78947368421053,2.63713495987332,6.9,3.69522168134388,0.769967607369681,3.55605959892273,0.231315789473684,0.184437362877036,0.165,0,0.16,0,0.54,0.73,0.66,3.29,3.55,0.54,0.54,-6.73000001907349,0.9795363654177,0.3,-0.111111111111111,0.473684210526316,0,SFPQ
"RNCMPT00177,min,GGGGGCC,RBD_v3_124350",79.2228178571429,8.69439052135442,82.1429,5.90357142857143,2.69440189788042,5.075,6.05357142857143,2.57401288420286,4.95,5.75357142857143,2.86259169581189,5.2,3.56545094932829,0.667051525976482,3.52981662750244,0.246071428571429,0.210648720855085,0.18,0,0.15,0,0.61,0.74,0.71,3.32,2.41,0.61,0.61,-3.51999998092651,0.97808936524446,0.333333333333333,-0.058823529411765,0.485714285714286,0,SFPQ
"RNCMPT00178,max,ACACACA,RBD_v3_049614",72.3465290697674,14.0429374392614,76.3752,7.49622093023256,5.68082855932962,5.55,7.41162790697674,5.94136886593384,5.15,7.58081395348837,5.56526754454602,6.1,3.53121241580608,0.905022198366222,3.57024931907654,0.278604651162791,0.308873307325577,0.12,21.5116279069767,0.24,0,0.58,0.64,0.71,1.19,1.33,0.58,0.58,-4.11999988555908,0.990492780969678,-0.176470588235294,-0.047619047619048,0.552631578947368,1,HNRPLL
"RNCMPT00178,max,ACACGCA,RBD_v3_196275",68.7567572463768,10.4450920158766,66.6107,10.5286231884058,5.01990522375839,8.925,10.2521739130435,5.10443084170103,9.5,10.8050724637681,5.09111609899016,8.7,3.58865787887919,0.965525765206527,3.66596138477325,0.175652173913043,0.228498611287253,0.07,34.0579710144928,0.24,0,0.5,0.71,0.66,2.99,3.81,0.5,0.5,-4.6100001335144,0.979649455264845,0,0.333333333333333,0.473684210526316,1,HNRPLL
"RNCMPT00178,max,GCACACA,RBD_v3_152810",64.8464650306749,7.25553572144245,64.6251,15.8076687116564,4.22669201571908,15.15,16.5693251533742,4.19266454197374,16,15.0460122699387,4.44689162347809,14.5,3.58361007611444,0.946599397723665,3.61422204971314,0.083926380368098,0.132853003250284,0.03,17.7914110429448,0.18,0,0.44,0.71,0.58,8.68,6.51,0.44,0.44,-3.01999998092651,0.98362673042881,-0.066666666666667,0.2,0.571428571428571,1,HNRPLL
"RNCMPT00178,min,AGUGAGU,RBD_v3_187727",72.2817345323741,10.5229200304756,73.9479,8.90287769784173,5.64252349299423,8.1,9.17194244604317,6.48676499594409,8,8.63381294964029,5.2144942083405,8.4,3.47840681693537,0.938154601398295,3.46607780456543,0.382517985611511,0.299330396499214,0.4,27.3381294964029,0.24,0,0.52,0.45,0.62,1.32,1.71,0.52,0.52,-3.39000010490417,0.958358093480701,0.272727272727273,-0.157894736842105,0.633333333333333,0,HNRPLL
"RNCMPT00178,min,AGUGAGU,RBD_v3_201706",62.2756528795812,7.09085429425818,63.3182,16.4534031413613,3.72619481929737,15.6,16.5874345549738,3.18368360214848,15.8,16.3193717277487,4.6765812550169,15.8,3.46722017595281,1.06955186192389,3.54587125778198,0.049371727748691,0.092938140358601,0.01,13.6125654450262,0.24,0,0.44,0.46,0.57,9.72,6.78,0.44,0.44,-3.64000010490417,0.887819176947678,0.7,0.222222222222222,0.473684210526316,0,HNRPLL
"RNCMPT00178,min,GUGUGUC,RBD_v3_019656",76.0550295454545,12.8002602112136,75.90805,7.42386363636364,5.04505119482861,7.875,6.96306818181818,5.21589326313984,6.5,7.88465909090909,5.0956724381972,8.7,3.51043136079203,1.02399622126151,3.64464318752289,0.203465909090909,0.24576394941319,0.1,19.3181818181818,0.24,0,0.72,0.73,0.84,1.29,1.33,0.72,0.72,-5.46000003814697,0.994221288054791,0.176470588235294,0,0.514285714285714,0,HNRPLL
"RNCMPT00179,max,GUGUGUG,RBD_v3_104995",69.4358326530612,5.13978798474006,69.781,10.2428571428571,1.64357968065642,10.1,9.73469387755102,1.58594753754238,9.9,10.7510204081633,2.05539153295461,10.5,3.62114434582847,0.889949915409805,3.81847476959229,0.178571428571429,0.174439578842265,0.11,83.6734693877551,0.64,0,0.35,0.4,0.68,5.93,6.7,0.35,0.35,-5.59000015258789,0.978771866509031,0.333333333333333,-0.066666666666667,0.5,1,SUP-12
"RNCMPT00179,max,GUGUGUG,RBD_v3_138402",74.8666076923077,6.12975467403766,77.1662,6.25128205128205,1.48024212010841,5.8,6.07179487179487,1.60688464819494,5.8,6.43076923076923,1.66798867946333,6.4,3.53838260968526,0.881350157659836,3.50241327285767,0.329487179487179,0.251688495000307,0.33,0,0.62,0,0.34,0.39,0.66,3.76,4.19,0.34,0.34,-7.55999994277954,0.986389195400269,0.25,0.052631578947368,0.542857142857143,1,SUP-12
"RNCMPT00179,max,UUGUGUG,RBD_v3_014236",74.5072166666667,7.71005505166574,76.172,8.134375,2.91617200719229,7.125,7.66458333333333,2.99620253152705,6.65,8.60416666666667,3.12225766198138,7.65,3.61024409284194,0.991906264322108,3.4407604932785,0.080833333333333,0.134161435517595,0.025,75,0.63,0,0.29,0.4,0.63,3.84,4.51,0.29,0.29,-4.67999982833862,0.973041590739604,0.375,0.052631578947368,0.542857142857143,1,SUP-12
"RNCMPT00179,min,ACUCGCA,RBD_v3_118630",78.9613162790698,5.97028555434687,79.9426,6.1093023255814,2.01899479391394,5.4,5.75116279069767,2.12057630228686,5.1,6.46744186046512,2.32222398844119,6.2,3.44518911006839,0.734432055742073,3.45450139045715,0.303953488372093,0.287444732036676,0.19,53.4883720930233,0.63,0,0.34,0.4,0.67,3.33,2.94,0.34,0.34,-3.17000007629395,0.984984399005478,-0.222222222222222,0.176470588235294,0.485714285714286,0,SUP-12
"RNCMPT00179,min,CACUCAC,RBD_v3_228840",63.2698021276596,5.29468493747922,64.4497,12.1074468085106,2.56849598021294,12.15,11.2191489361702,2.66414504581899,11,12.9957446808511,2.77504073192265,12.8,3.43950099640704,0.90360249549721,3.53173065185547,0.073617021276596,0.106473624656325,0.03,0,0.65,0,0.22,0.38,0.58,5.57,8.44,0.22,0.22,-4.65000009536743,0.9795363654177,-0.176470588235294,0.238095238095238,0.552631578947368,0,SUP-12
"RNCMPT00179,min,UACUCAC,RBD_v3_125017",67.6345446808511,5.92000468686684,69.0463,9.79255319148936,1.43398118368151,9.8,9.54255319148936,1.72510172111563,9.2,10.0425531914894,1.69792004226796,10.4,3.40952902905484,0.815287884451815,3.45855259895325,0.075106382978723,0.126213627398077,0.03,0,0.57,0,0.42,0.4,0.7,6.45,5.68,0.42,0.42,-3.60999989509583,0.974726007693974,-0.263157894736842,0.263157894736842,0.5,0,SUP-12
"RNCMPT00180,max,UUGCAUG,RBD_v3_108076",72.8900571428571,4.57056175028121,74.5669,7.96507936507937,1.20374532862239,7.95,7.64126984126984,1.2217959969935,7.3,8.28888888888889,1.57951718951436,7.7,3.30799435244666,0.985142345088473,3.11952376365662,0.128253968253968,0.108129845519466,0.11,0,0.79,0,0.43,0.28,0.8,5.21,5.71,0.43,0.43,-6.11999988555908,0.879639958308835,0.571428571428571,-0.44,0.641025641025641,1,ASD-1
"RNCMPT00180,max,UUGCAUG,RBD_v3_230485",81.2035275,9.08485282654561,84.4426,4.04125,3.11524142991625,3.375,4.33,3.98034916649023,3.25,3.7525,2.41703224467421,3.2,3.36022348105907,0.841928640062293,3.35901629924774,0.3065,0.271052554275895,0.23,5,0.72,0,0.59,0.29,0.89,1.37,1.73,0.59,0.59,-4.88000011444092,0.972311607127289,0.285714285714286,0.25,0.533333333333333,1,ASD-1
"RNCMPT00180,max,UUGCAUG,RBD_v3_230545",76.9228272727273,11.6775313463229,81.5861,5.31136363636364,3.96242326073977,3.675,5.36590909090909,4.82661917315901,3.45,5.25681818181818,3.2272385580182,3.9,3.46705229986798,0.789274335507328,3.54240357875824,0.237954545454545,0.232004205509743,0.155,0,0.71,0,0.46,0.28,0.78,1.92,2.44,0.46,0.46,-2.98000001907349,0.885447218023071,0.538461538461538,0.529411764705882,0.566666666666667,1,ASD-1
"RNCMPT00180,min,AAAUCCC,RBD_v3_240085",64.8836487179487,6.30499732442332,67.4043,14.1910256410256,1.59987136797371,14.1,14.7692307692308,1.56460081442585,14.9,13.6128205128205,2.19055141906511,13.3,3.3688793304639,0.979064868665364,3.5488018989563,0.101025641025641,0.07210353928808,0.08,15.3846153846154,0.81,0,0.25,0.26,0.65,10.61,8.67,0.25,0.25,-3.77999997138977,0.966806202301564,-0.333333333333333,0.2,0.571428571428571,0,ASD-1
"RNCMPT00180,min,CCCACUC,RBD_v3_012226",62.9622710526316,7.1815089464205,65.60195,12.9526315789474,1.47313543938078,12.9,11.9131578947368,1.37136173252081,11.9,13.9921052631579,2.36761729683998,14.2,3.65832843592292,0.881403766453216,3.87825334072113,0.131052631578947,0.111325902711405,0.09,23.6842105263158,0.66,0,0.33,0.27,0.64,9.12,10.44,0.33,0.33,-3.38000011444092,0.990492780969678,-0.222222222222222,0,0.526315789473684,0,ASD-1
"RNCMPT00180,min,CCCACUC,RBD_v3_108855",76.39294,8.4214905715135,79.3283,6.06666666666667,2.80996603020554,4.75,6.18222222222222,3.19746269356934,4.6,5.95111111111111,2.57634538747342,5.3,3.47085727850596,0.954065499616745,3.5827579498291,0.268444444444444,0.228223928666916,0.17,0,0.8,0,0.47,0.28,0.83,3.21,3.01,0.47,0.47,-2.39000010490417,0.982030026212328,-0.294117647058823,-0.111111111111111,0.514285714285714,0,ASD-1
"RNCMPT00181,max,AUGCACA,RBD_v3_057008",59.6920514851485,12.3826923161695,59.108,15.8212871287129,8.29291368137476,21.2,15.6613861386139,8.02849886712366,20.2,15.9811881188119,8.63381390662652,21.3,3.54209376325702,0.985871211983037,3.7373480796814,0.176237623762376,0.235464865681267,0.05,36.6336633663366,0.42,0,0.31,0.35,0.53,4.56,3.19,0.31,0.31,-6.38000011444092,0.947927637120239,0.047619047619048,0.529411764705882,0.447368421052632,1,MEC-8
"RNCMPT00181,max,UUGCACA,RBD_v3_098694",72.9765706666667,12.418002753683,68.4991,11.6293333333333,8.61923561126638,17.05,11.6653333333333,8.68861468965135,17.2,11.5933333333333,8.69438049847441,16.3,3.64529537677765,0.785689531804342,3.60537004470825,0.300933333333333,0.376524552637326,0.04,44,0.41,0,0.43,0.35,0.62,0.97,1.15,0.43,0.43,-4.96000003814697,0.9795363654177,0.111111111111111,0.3,0.526315789473684,1,MEC-8
"RNCMPT00181,max,UUGCACA,RBD_v3_168565",74.3344701298701,16.2107874303296,71.5486,8.62337662337662,6.76341544254038,6.95,7.49090909090909,5.83109138963354,6.1,9.75584415584416,7.79079236404126,7.7,3.71561585308669,0.812834466903998,3.65247106552124,0.326233766233766,0.338922592315239,0.17,54.5454545454545,0.43,0,0.47,0.39,0.66,0.96,0.98,0.47,0.47,-5.23999977111816,0.996886877160992,0.111111111111111,0,0.526315789473684,1,MEC-8
"RNCMPT00181,min,CCCCCCC,RBD_v3_120429",70.824564893617,7.05108389076181,72.75325,17.9446808510638,10.9198755066092,10.6,17.5436170212766,10.9385631195586,10.55,18.3457446808511,10.9309432041321,11.8,3.48786952457529,1.07566346631424,3.52543139457703,0.138085106382979,0.188041842722583,0.04,17.0212765957447,0.42,0,0.45,0.37,0.64,4.28,4.64,0.45,0.45,-4.8899998664856,0.973211645383088,-0.333333333333333,0.176470588235294,0.485714285714286,0,MEC-8
"RNCMPT00181,min,CCCCCCC,RBD_v3_223949",60.1259101123596,11.0506388096617,59.1433,16.1932584269663,6.53227646788707,15.3,16.414606741573,5.91324688847379,14.5,15.9719101123596,7.28544608923168,16.2,3.51037236947692,0.946238860452799,3.46027374267578,0.139550561797753,0.167731590998831,0.08,3.37078651685393,0.42,0,0.27,0.34,0.49,7.78,4.78,0.27,0.27,-1.73000001907349,0.977747995787952,-0.1,0.333333333333333,0.473684210526316,0,MEC-8
"RNCMPT00181,min,CCCCCCC,RBD_v3_228785",76.2356965517241,12.5858348066104,75.83925,5.50172413793104,3.24456313818251,4.95,5.02586206896552,3.21026644490888,4.25,5.97758620689655,3.67690960547359,5.65,3.44645669439743,0.914375496432828,3.32882905006409,0.475,0.304332747256406,0.625,0,0.43,0,0.4,0.36,0.6,1.47,1.68,0.4,0.4,-2.08999991416931,0.938465881018379,-0.555555555555556,-0.058823529411765,0.485714285714286,0,MEC-8
"RNCMPT00182,max,AUAUAUA,RBD_v3_090891",65.5097507936508,4.4948626886657,65.7574,11.2579365079365,2.39202651210504,12.05,10.3190476190476,2.02610838983833,10.7,12.1968253968254,3.06830668095235,12.9,3.50187173533061,0.997078520526489,3.65491318702698,0.114444444444444,0.084905598010241,0.1,52.3809523809524,0.62,0,0.29,0.3,0.6,6.25,6.72,0.29,0.29,-2.32999992370605,0.959719404281602,0,0.130434782608696,0.657142857142857,1,SUP-26
"RNCMPT00182,max,AUAUAUA,RBD_v3_223185",64.5857893939394,13.060161604444,69.8943,11.2416666666667,5.4083310615933,9.125,10.9121212121212,5.86975337318397,8.5,11.5712121212121,5.05839029280189,9.9,3.51103807534232,0.974603290506376,3.5742130279541,0.072727272727273,0.076168748983283,0.06,34.8484848484849,0.63,0,0.29,0.32,0.61,6.11,6.81,0.29,0.29,-2.1800000667572,0.953122975909535,0.076923076923077,0.2,0.657894736842105,1,SUP-26
"RNCMPT00182,max,UAUAUAU,RBD_v3_126005",67.1793328571429,8.80124995254456,69.9438,11.6178571428571,3.01106697486492,10.975,11.5057142857143,2.72316342653522,11,11.73,3.58201424996559,10.75,3.45113114288875,0.924277640032454,3.49838483333588,0.137142857142857,0.149124428710038,0.08,0,0.63,0,0.39,0.32,0.69,7.36,7.25,0.39,0.39,-4.44000005722046,0.96214231424466,0.285714285714286,0.083333333333333,0.631578947368421,1,SUP-26
"RNCMPT00182,min,AGACCCC,RBD_v3_000172",68.81506875,9.18042078077164,72.1095,11.63125,3.55092766774928,12.575,12.128125,4.13784196304198,13.7,11.134375,3.41589276949649,11.45,3.44664503075182,0.951996754712468,3.62024939060211,0.19640625,0.176593580457304,0.135,1.5625,0.62,0,0.34,0.31,0.65,6.22,5.75,0.34,0.34,-6.3600001335144,0.947223225702869,-0.2,0.230769230769231,0.342105263157895,0,SUP-26
"RNCMPT00182,min,CCCUGAC,RBD_v3_010205",72.332575,10.0611313427707,73.01395,10.1183333333333,5.53178003860242,8.5,10.35,5.8880372834118,7.75,9.88666666666667,5.38706758590805,9.45,3.4757743815581,0.888019276768023,3.38379311561584,0.207,0.197383735355907,0.145,10,0.62,0,0.42,0.33,0.71,3.64,3.06,0.42,0.42,-2.47000002861023,0.982030026212329,-0.111111111111111,0.294117647058823,0.485714285714286,0,SUP-26
"RNCMPT00182,min,GACCCAC,RBD_v3_206366",70.971076056338,6.80088010099669,72.9809,8.89859154929578,3.19763273857157,8.4,9.16901408450704,3.47162339750217,8.9,8.62816901408451,3.0848099315652,7.9,3.73687738767812,0.893944878607516,3.87205815315247,0.106619718309859,0.1074236428083,0.06,2.8169014084507,0.62,0,0.32,0.32,0.63,5.01,5.52,0.32,0.32,-4.51000022888184,0.962715817399016,-0.363636363636364,0,0.421052631578947,0,SUP-26
"RNCMPT00183,max,GUGUUGU,RBD_v3_169433",58.9437174757282,5.52388619598216,59.8292,18.1014563106796,3.10015382533183,19.35,17.9961165048544,3.16472352136576,18,18.2067961165049,3.39322456784515,19.5,3.60045075416565,0.840991314146599,3.67941832542419,0.154271844660194,0.16601796466546,0.09,19.4174757281553,0.54,0,0.27,0.34,0.56,11.02,8.52,0.27,0.27,-1.5,0.945053740070628,0.454545454545455,0.052631578947368,0.633333333333333,1,ETR-1
"RNCMPT00183,max,GUUUUGU,RBD_v3_093702",57.2398709090909,6.83815506550405,56.0878,14.5181818181818,3.53322017162033,14.7,13.8381818181818,2.81204360307397,14.4,15.1981818181818,4.51144597453464,14.8,3.5322953787717,0.858729533004418,3.67494368553162,0.165454545454545,0.177970224120218,0.1,74.5454545454546,0.54,0,0.26,0.34,0.55,8.39,5.85,0.26,0.26,-5.15999984741211,0.965647640116437,0.111111111111111,-0.4,0.526315789473684,1,ETR-1
"RNCMPT00183,max,UGUUUGU,RBD_v3_234230",62.1878828828829,9.06601652502229,60.9347,15.2923423423423,4.61959855693012,16.6,15.6882882882883,3.61292474668726,16.9,14.8963963963964,6.06030194159166,16,3.42966234361803,0.96862984290816,3.42331910133362,0.173333333333333,0.203556261301763,0.06,0.900900900900901,0.54,0,0.35,0.35,0.62,7.14,3.25,0.35,0.35,-2.9300000667572,0.885447218023071,0.428571428571429,-0.625,0.533333333333333,1,ETR-1
"RNCMPT00183,min,AGGGGGC,RBD_v3_036614",54.7991630769231,6.34477019470267,57.047,20.7184615384615,1.74479445560435,20.45,19.6792307692308,2.11937156671633,19.15,21.7576923076923,1.7993480897265,21.6,3.60020971298218,0.907712865706755,3.67750358581543,0.030615384615385,0.03200663318252,0.02,9.23076923076923,0.54,0,0.21,0.31,0.5,15.25,15.22,0.21,0.21,-3.44000005722046,0.966806202301564,0.2,0.333333333333333,0.428571428571429,0,ETR-1
"RNCMPT00183,min,GGGCACA,RBD_v3_197282",59.3937726415094,5.72084094040682,59.90595,19.2910377358491,4.63374165982427,19.375,19.0264150943396,5.16490541815014,18,19.5556603773585,4.38154311127244,20.45,3.61485410748788,0.819340776929938,3.67025554180145,0.042547169811321,0.046925702587626,0.02,30.188679245283,0.54,0,0.27,0.33,0.55,9.87,9.84,0.27,0.27,-5.17000007629395,0.988591321492785,-0.1,0.222222222222222,0.473684210526316,0,ETR-1
"RNCMPT00183,min,GGGGCAC,RBD_v3_211306",64.6436336065574,7.04481720069268,65.26845,13.1717213114754,3.61516541523926,11.95,12.1786885245902,4.07378698689291,10.3,14.1647540983607,3.62739626427013,13.7,3.49348509751382,0.968996260243464,3.55118250846863,0.15672131147541,0.157755133106363,0.1,34.4262295081967,0.53,0,0.33,0.35,0.6,6.69,7.93,0.33,0.33,-5.34999990463257,0.968682421551664,0.157894736842105,0.375,0.457142857142857,0,ETR-1
"RNCMPT00184,max,AGUGUGA,RBD_v3_096522",83.636975,9.08084038327784,87.61295,7.13636363636364,6.42653803540502,4.05,7.40454545454546,7.04807262275016,4,6.86818181818182,5.94485404703866,3.95,3.54963407597759,0.991045152302231,3.72873592376709,0.401363636363636,0.334994556770015,0.37,2.27272727272727,0.34,0,0.54,0.6,0.72,2.55,2.25,0.54,0.54,-5.13000011444092,0.941252681369194,0.466666666666667,0.217391304347826,0.605263157894737,1,RBM24
"RNCMPT00184,max,AGUGUGA,RBD_v3_129397",86.8414085106383,8.70782972159888,89.62,3.96063829787234,2.63714965054525,2.7,3.62127659574468,2.99208638638171,2.7,4.3,2.70908295088626,3.3,3.57436026918127,0.958273501093679,3.6625030040741,0.39,0.412526678979148,0.11,2.12765957446808,0.33,0,0.59,0.59,0.76,1.32,1.33,0.59,0.59,-3.22000002861023,0.924727401051466,0.6,0.2,0.571428571428571,1,RBM24
"RNCMPT00184,max,GUGUGUG,RBD_v3_138402",79.272665,8.61951982158177,83.3695,6.87375,3.77282774145158,5.675,6.7175,3.84186703409844,5.2,7.03,3.80250929296391,5.7,3.47014750242233,1.00871106371959,3.52080035209656,0.3495,0.283928033496392,0.36,0,0.33,0,0.46,0.59,0.65,3.51,4.14,0.46,0.46,-7.55999994277954,0.986389195400269,0.25,0.052631578947368,0.542857142857143,1,RBM24
"RNCMPT00184,min,CACAAAU,RBD_v3_066375",74.8775434782609,8.48006908931482,76.5517,8.26884057971014,2.44114699188233,7.85,7.76376811594203,2.85023069316548,7.1,8.77391304347826,2.32724604818613,8.4,3.4987577251766,0.960719453329094,3.46378374099731,0.163333333333333,0.187268811720311,0.06,7.2463768115942,0.34,0,0.4,0.6,0.61,4.62,5.45,0.4,0.4,-7.3899998664856,0.967355608866864,-0.090909090909091,0.375,0.421052631578947,0,RBM24
"RNCMPT00184,min,CACAAAU,RBD_v3_114933",89.0880612244898,5.7334513716949,90.286,2.28673469387755,1.06471707461635,2.05,2.18367346938775,1.56262958646309,1.7,2.38979591836735,0.737463247095288,2.2,3.55744760377067,0.792569099445794,3.54299974441528,0.453265306122449,0.393808264234756,0.44,24.4897959183673,0.33,0,0.59,0.64,0.76,1.13,1.39,0.59,0.59,-4.23000001907349,0.98986211886685,0.125,0.157894736842105,0.542857142857143,0,RBM24
"RNCMPT00184,min,CGCAACA,RBD_v3_041614",87.0073590909091,6.62282944291301,88.79035,3.80113636363636,1.56217977691145,3.45,3.28863636363636,1.53868199550723,2.8,4.31363636363636,1.87871689379188,3.8,3.61565692316402,0.810824300585161,3.65229988098145,0.394090909090909,0.358396416755721,0.4,0,0.33,0,0.49,0.6,0.68,1.78,2.4,0.49,0.49,-1.48000001907349,0.960964047443681,0,0.333333333333333,0.6,0,RBM24
"RNCMPT00185,max,AGAUAAA,RBD_v3_213884",83.66104,9.43228748057163,87.0305,3.73636363636364,3.17039918250541,2.2,3.64181818181818,3.82717819408672,1.8,3.83090909090909,2.66617167123038,2.6,3.82578653855757,0.580165457600803,3.83259224891663,0.438,0.392269748458322,0.27,83.6363636363636,0.18,0,0.63,0.69,0.74,1.25,1.41,0.63,0.63,-3.24000000953674,0.948924692132234,0.066666666666667,0.391304347826087,0.605263157894737,1,KHDRBS2
"RNCMPT00185,max,AUAAACA,RBD_v3_065115",68.9868734693878,7.5423533070415,71.7802,9.35612244897959,2.38038058610254,8.3,8.83673469387755,2.30458726217507,7.8,9.87551020408163,2.66571836880206,9.2,3.62658244736341,1.00686289947374,3.83196973800659,0.254081632653061,0.207925451057053,0.2,71.4285714285714,0.18,0,0.37,0.64,0.51,5.81,5.58,0.37,0.37,-2.25,0.948924692132234,0,0.333333333333333,0.631578947368421,1,KHDRBS2
"RNCMPT00185,max,AUAAACA,RBD_v3_227701",80.2161775510204,9.52593856975227,83.6068,5.22142857142857,3.23005095419045,3.65,4.58979591836735,3.49017937086568,2.8,5.8530612244898,3.02958344502015,4.9,3.84442659786769,0.675769366918948,3.86752605438232,0.369183673469388,0.305701629689077,0.28,95.9183673469388,0.18,0,0.52,0.65,0.63,1.99,2.71,0.52,0.52,-2.52999997138977,0.98104373803761,0,0.142857142857143,0.6,1,KHDRBS2
"RNCMPT00185,min,GUUGGAC,RBD_v3_167307",67.3039828125,9.94999546549398,71.66235,10.34375,3.30936022206182,8.825,9.56875,3.7934310389961,7.75,11.11875,3.16076517760123,10.05,3.67698011919856,0.667984902320648,3.7071818113327,0.208125,0.219442837044545,0.09,71.875,0.19,0,0.32,0.63,0.48,5.21,7.35,0.32,0.32,-4.48000001907349,0.975106032457373,0.333333333333333,0,0.571428571428571,0,KHDRBS2
"RNCMPT00185,min,GUUGGAC,RBD_v3_201524",60.0430638297872,7.2125599704364,61.2651,13.2085106382979,2.91775522613995,12.2,12.5893617021277,3.08314027114318,11.1,13.8276595744681,2.87536025173252,13.3,3.6828270364315,0.675968741255876,3.84929084777832,0.185744680851064,0.152368898470428,0.15,0,0.17,0,0.21,0.62,0.38,8.56,10.03,0.21,0.21,-4.15000009536743,0.973211645383088,-0.076923076923077,-0.090909090909091,0.628571428571429,0,KHDRBS2
"RNCMPT00185,min,UUGUUGG,RBD_v3_055009",81.1055032258065,10.6081507930237,84.5963,4.59758064516129,3.62102724555641,2.95,4.05967741935484,3.59756108994346,2.15,5.13548387096774,3.75224945753062,3.7,3.76571548754169,0.776309209869318,3.80247581005096,0.416612903225806,0.401905068100918,0.22,1.61290322580645,0.27,0,0.57,0.63,0.71,1.39,1.51,0.57,0.57,-4.28999996185303,0.994985417684099,-0.157894736842105,-0.052631578947368,0.5,0,KHDRBS2
"RNCMPT00186,max,CCAUACC,RBD_v3_073630",54.9763459183673,6.00073070903059,54.41115,23.1673469387755,2.48459275055784,23.625,23.5244897959184,2.05917915907605,23.45,22.8102040816327,3.29734319155131,23.4,3.6487480584456,0.946920953215924,3.81562125682831,0.06265306122449,0.119677840927588,0.01,33.6734693877551,0.31,0,0.19,0.47,0.4,17.78,11.22,0.19,0.19,-3.85999989509583,0.949511375587827,-0.5,0.090909090909091,0.578947368421053,1,PCBP1
"RNCMPT00186,max,CCCAACC,RBD_v3_032556",66.1411119266055,9.67244791568379,68.2188,13.2,4.68952733936659,12.2,12.4623853211009,5.07247088944106,11.1,13.9376146788991,4.45480990555123,13.6,3.6211854328803,0.788482775116126,3.51947116851807,0.18,0.204314572276293,0.1,3.6697247706422,0.3,0,0.33,0.52,0.52,5.67,6.4,0.33,0.33,-4.59999990463257,0.986863224815062,-0.142857142857143,0.176470588235294,0.447368421052632,1,PCBP1
"RNCMPT00186,max,CCCAACC,RBD_v3_051431",73.2874489361702,11.4218072881334,72.7133,11.5276595744681,8.04679732264219,11.675,10.4872340425532,7.55339749864868,9.15,12.568085106383,8.69355480908043,13.15,3.60608213125391,0.774440686208558,3.58408057689667,0.227553191489362,0.286355242831752,0.095,53.1914893617021,0.32,0,0.5,0.51,0.66,1.85,1.64,0.5,0.5,-1.23000001907349,0.893490489387963,-0.5,0.555555555555556,0.473684210526316,1,PCBP1
"RNCMPT00186,min,GGGCGGG,RBD_v3_198448",66.7360616666667,4.6318007972187,67.7565,15.8025,3.56982913943311,13.575,14.7,3.5318886290674,13.05,16.905,3.72269380322132,14.9,3.47672634323438,0.967693734359496,3.50019013881683,0.150333333333333,0.155017403797851,0.08,0,0.3,0,0.32,0.5,0.51,9.37,11.22,0.32,0.32,-6.71000003814697,0.953353793718457,0.473684210526316,-0.157894736842105,0.5,0,PCBP1
"RNCMPT00186,min,GGGGGUG,RBD_v3_037768",58.4174698630137,3.81888502476999,59.2857,19.086301369863,3.80746033277991,17.8,17.7917808219178,4.22531239557297,16.4,20.3808219178082,3.640423416088,20.5,3.61389033516792,1.02700953400478,3.88839340209961,0.174657534246575,0.166833934329427,0.14,0,0.32,0,0.27,0.47,0.47,10.44,13.06,0.27,0.27,-10.8100004196167,0.981377551942568,0.294117647058823,0.047619047619048,0.552631578947368,0,PCBP1
"RNCMPT00186,min,GGGGGUG,RBD_v3_097391",58.9933347826087,11.4712937596844,60.0018,17.429347826087,6.67704017541164,19.35,17.6739130434783,7.35175645552588,20.95,17.1847826086957,6.103681734941,17.85,3.68202809535939,0.922083486249694,3.76455390453339,0.108913043478261,0.171332569870202,0.03,0,0.31,0,0.24,0.48,0.45,7.22,7.44,0.24,0.24,-4.94999980926514,0.991355861529484,0.058823529411765,0.142857142857143,0.552631578947368,0,PCBP1
"RNCMPT00187,max,GUGUUGU,RBD_v3_123072",58.9154038095238,7.2413938448038,60.2886,18.53,3.35750164671476,17.6,17.6542857142857,3.60000076312568,16.5,19.4057142857143,3.36762951813714,18.8,3.42650717440106,0.995584002047071,3.42541551589966,0.103428571428571,0.118019136090367,0.06,45.7142857142857,0.42,0,0.3,0.35,0.52,11.75,13.54,0.3,0.3,-7.23000001907349,0.968368772952233,0.333333333333333,-0.176470588235294,0.447368421052632,1,BRUNOL6
"RNCMPT00187,max,GUGUUGU,RBD_v3_162301",60.9718792592593,8.70765660957717,61.6239,17.2744444444444,3.41894887981468,17.6,16.7081481481481,3.35421436520374,16.6,17.8407407407407,3.82082464132361,18.6,3.53431005786966,0.977699983701089,3.54884743690491,0.10837037037037,0.140708269216778,0.04,41.4814814814815,0.42,0,0.28,0.36,0.5,9.67,7.92,0.28,0.28,-4.6399998664856,0.975087864633188,0.294117647058823,-0.222222222222222,0.514285714285714,1,BRUNOL6
"RNCMPT00187,max,UGUGAUG,RBD_v3_160013",62.4421131782946,8.18124578976572,63.6664,14.3565891472868,4.29952477318061,13.55,14.3062015503876,4.59273801672925,13.5,14.406976744186,4.26228346309434,13.4,3.52195423379425,0.971511403519961,3.54378652572632,0.084108527131783,0.085253412716706,0.05,34.8837209302326,0.44,0,0.27,0.37,0.5,6.86,7.52,0.27,0.27,-7.76000022888184,0.97042113639059,0.294117647058823,-0.238095238095238,0.552631578947368,1,BRUNOL6
"RNCMPT00187,min,CACUUUC,RBD_v3_094467",73.0147009345794,9.64847182999694,75.2039,7.94065420560748,5.08022958013172,5.8,7.38411214953271,5.00971037336887,5,8.49719626168224,5.37410734920141,6.6,3.54571057368662,0.914651129163374,3.6564667224884,0.244579439252336,0.245838113529683,0.13,63.5514018691589,0.43,0,0.39,0.43,0.62,2.6,2.06,0.39,0.39,-4.5,0.997098982459257,-0.1,0,0.473684210526316,0,BRUNOL6
"RNCMPT00187,min,CUUUAUA,RBD_v3_128849",63.2353139344262,5.62700362908228,64.0563,18.5270491803279,2.51538364013632,19.05,18.4385245901639,2.53124105455206,19,18.6155737704918,2.96987687898524,19.35,3.5907059282553,0.917589170813944,3.72293269634247,0.145655737704918,0.161137422511808,0.09,36.8852459016393,0.43,0,0.28,0.36,0.51,9.9,10.87,0.28,0.28,-2.69000005722046,0.97808936524446,-0.2,0.2,0.571428571428571,0,BRUNOL6
"RNCMPT00187,min,CUUUAUA,RBD_v3_135807",58.0531811111111,8.32876302986324,59.3968,16.0561111111111,2.89624735676367,15.975,15.25,2.6930726780832,15.3,16.8622222222222,3.83843887326219,16.2,3.70383570988973,0.841336580975832,3.79925191402435,0.154444444444444,0.18037483513108,0.05,33.3333333333333,0.42,0,0.25,0.36,0.48,9.9,8.2,0.25,0.25,-2.97000002861023,0.912408493108431,0,-0.384615384615385,0.68421052631579,0,BRUNOL6
"RNCMPT00197,max,AUACAUG,RBD_v3_011896",72.5322712871287,14.1818835365218,73.1938,8.44950495049505,6.27339021203649,5.25,7.61188118811881,5.5537246443934,4.3,9.28712871287129,7.07121861303038,4.8,3.5119856241906,0.930195768258435,3.45555329322815,0.233663366336634,0.279595145781457,0.08,0,0.21,0,0.42,0.44,0.53,1.47,1.43,0.42,0.42,-7.17000007629395,0.972861409666655,0.066666666666667,-0.217391304347826,0.605263157894737,1,MAL8P1.40
"RNCMPT00197,max,AUACAUG,RBD_v3_119805",72.5322712871287,14.1818835365218,73.1938,8.44950495049505,6.27339021203649,5.25,7.61188118811881,5.5537246443934,4.3,9.28712871287129,7.07121861303038,4.8,3.5119856241906,0.930195768258435,3.45555329322815,0.233663366336634,0.279595145781457,0.08,0,0.21,0,0.42,0.44,0.53,1.47,1.43,0.42,0.42,-7.17000007629395,0.972861409666655,0.066666666666667,-0.217391304347826,0.605263157894737,1,MAL8P1.40
"RNCMPT00197,max,UACAUGA,RBD_v3_212656",73.8653255813953,14.8239592918917,82.1442,6.61860465116279,5.47586722046548,3.8,6.82790697674419,6.37671827754219,3.5,6.4093023255814,4.64444440028895,4.2,3.64243410908899,1.04331796783841,3.77575898170471,0.321860465116279,0.263730163451328,0.33,55.8139534883721,0.21,0,0.41,0.47,0.53,2.38,2.6,0.41,0.41,-4.88000011444092,0.986863224815062,0.125,0.090909090909091,0.578947368421053,1,MAL8P1.40
"RNCMPT00197,min,GACGGGG,RBD_v3_110709",76.0790318181818,5.35191955747297,76.9252,4.47159090909091,1.4649548658526,4.05,4.78181818181818,2.19325315639436,4.25,4.16136363636364,0.92891932938625,4,3.52625893462788,0.954856487625014,3.62479412555695,0.24,0.21755512533181,0.14,0,0.21,0,0.49,0.47,0.59,2.85,2.7,0.49,0.49,-6.63000011444092,0.974436160642641,0.181818181818182,0.25,0.421052631578947,0,MAL8P1.40
"RNCMPT00197,min,GGGGGAC,RBD_v3_173629",68.5612234375,14.0690838182181,68.19605,12.3921875,6.73461927106429,15.775,12.146875,6.60824325885889,16.1,12.6375,7.18449609415888,14.45,3.57393990829587,0.899324117683409,3.53952193260193,0.23390625,0.243816332040824,0.16,26.5625,0.24,0,0.51,0.44,0.62,2.14,2.28,0.51,0.51,-5.11999988555908,0.873232899252036,0.4,0.6,0.333333333333333,0,MAL8P1.40
"RNCMPT00197,min,GGGGGAC,RBD_v3_177821",58.9040817307692,13.7869095507632,60.48705,13.8524038461538,5.43147684956529,15.475,13.5826923076923,5.41905022143775,13.5,14.1221153846154,5.61976326645733,15.2,3.57278593457662,0.972006577847469,3.54621517658234,0.059519230769231,0.087504560854143,0.02,0,0.24,0,0.36,0.44,0.49,6.06,5.75,0.36,0.36,-5.40000009536743,0.959253543925123,0.333333333333333,0.294117647058823,0.447368421052632,0,MAL8P1.40
"RNCMPT00199,max,GGAGGAA,RBD_v3_150109",62.5931722222222,9.13529235043254,64.49565,16.0572222222222,4.43906028819132,14.025,15.8622222222222,4.48627314055168,14.3,16.2522222222222,4.71133530960179,14.05,3.50144723388884,1.04691548883917,3.63501906394958,0.095666666666667,0.134080723631095,0.035,55.5555555555556,0.3,0,0.31,0.37,0.47,8.91,9.97,0.31,0.31,-4.21999979019165,0.852543148912394,0.857142857142857,0.166666666666667,0.631578947368421,1,PF10_0068
"RNCMPT00199,max,GGAGGAA,RBD_v3_191993",51.89416375,9.92759877486722,55.0609,22.000625,1.97664358385495,21.775,21.39125,1.99481566992091,21.4,22.61,2.44724593333564,22.55,3.44566872119904,0.964891760773834,3.25864398479462,0.030375,0.034216131734696,0.02,0,0.29,0,0.13,0.34,0.32,16.62,16.31,0.13,0.13,-5.73999977111816,0.956399193314886,0.444444444444444,0.2,0.526315789473684,1,PF10_0068
"RNCMPT00199,max,GGAGGAA,RBD_v3_211512",63.2417318681319,7.72453594273727,65.312,14.2736263736264,3.60921152253616,13.35,13.7406593406593,3.87960416142272,14.5,14.8065934065934,3.93183028337813,13,3.44351719074197,1.0559930505198,3.55279636383057,0.043406593406593,0.047591310603227,0.03,17.5824175824176,0.31,0,0.31,0.38,0.48,6.85,8.98,0.31,0.31,-5.71999979019165,0.910294928333273,0.523809523809524,0.411764705882353,0.447368421052632,1,PF10_0068
"RNCMPT00199,min,AGACCCG,RBD_v3_028790",62.5007352941176,12.734096478104,63.83705,13.15,6.95046975755929,8.225,13.2294117647059,7.14631851413938,8.55,13.0705882352941,6.97783396284218,9.55,3.34354697430835,1.07656511727571,3.62063682079315,0.088970588235294,0.121607881052081,0.02,14.7058823529412,0.3,0,0.37,0.39,0.52,4.66,4.6,0.37,0.37,-1.42999994754791,0.924316871408977,-0.294117647058823,0.523809523809524,0.552631578947368,0,PF10_0068
"RNCMPT00199,min,CCCAUUU,RBD_v3_014474",64.8282954545455,9.78647909591915,68.89335,16.4477272727273,3.15332888971017,16.275,15.325,3.72690563086797,15.8,17.5704545454545,2.97224209047605,17.05,3.32084013115276,0.989799287185215,3.4111328125,0.049090909090909,0.049594550611102,0.02,61.3636363636364,0.32,0,0.3,0.37,0.48,7.65,10.37,0.3,0.3,-5.63000011444092,0.973041590739604,0.285714285714286,0.047619047619048,0.6,0,PF10_0068
"RNCMPT00199,min,CUGGCCU,RBD_v3_156157",65.6583030612245,8.71272163655974,64.6642,13.934693877551,4.33444849084124,14.325,14.3979591836735,4.82647295164451,14.9,13.4714285714286,4.14701482499917,13.6,3.45671145678783,0.992731459669612,3.5888032913208,0.085816326530612,0.135074805310485,0.03,17.3469387755102,0.3,0,0.33,0.37,0.49,4.61,5.17,0.33,0.33,-3.47000002861023,0.973211645383088,-0.076923076923077,0.090909090909091,0.628571428571429,0,PF10_0068
"RNCMPT00200,max,GUUACAU,RBD_v3_029622",56.2736,8.50451505278436,57.9228,19.2933628318584,4.27454834928697,20.25,19.5566371681416,4.30076563171761,19.9,19.0300884955752,4.46763929664826,20.6,3.48789879389569,0.928076832067756,3.52457737922668,0.031858407079646,0.043804530762207,0.01,29.2035398230088,0.22,0,0.25,0.47,0.4,9.97,8.87,0.25,0.25,-4.15999984741211,0.97042113639059,0.294117647058823,-0.238095238095238,0.552631578947368,1,PF13_0315
"RNCMPT00200,max,GUUACAU,RBD_v3_109106",58.8121696969697,11.241974257197,56.5616,18.4454545454545,5.49725391050716,17.05,18.6535353535354,5.49296977650288,16.2,18.2373737373737,5.78644767589182,18.5,3.4467689118,0.928970641824171,3.59377193450928,0.07030303030303,0.0866196770954,0.03,3.03030303030303,0.22,0,0.33,0.46,0.47,7.38,4.93,0.33,0.33,-2.72000002861023,0.946693261978261,0.166666666666667,0,0.68421052631579,1,PF13_0315
"RNCMPT00200,max,UUACAUG,RBD_v3_016235",72.2491581818182,10.3695920994629,70.31255,10.6636363636364,8.42573033093718,8.1,11.1145454545455,8.78917011209721,10.95,10.2127272727273,8.22727739967336,5.35,3.57122008529576,1.01083732272944,3.87249159812927,0.205454545454545,0.253965382180568,0.09,30,0.22,0,0.64,0.49,0.72,1.23,1.26,0.64,0.64,-5.17999982833862,0.9795363654177,0.066666666666667,-0.130434782608696,0.605263157894737,1,PF13_0315
"RNCMPT00200,min,GACGGGG,RBD_v3_075374",58.5726718446602,9.0139725945543,59.1047,18.8174757281553,5.70952810770211,20.7,18.5932038834951,5.48878110930534,19.3,19.0417475728155,6.11516155449851,21.9,3.65503930177503,0.992583370894255,3.76433086395264,0.023592233009709,0.019845203348547,0.02,4.85436893203883,0.22,0,0.26,0.47,0.41,8.12,6.31,0.26,0.26,-4.55999994277954,0.949308682562995,0.5,0.157894736842105,0.542857142857143,0,PF13_0315
"RNCMPT00200,min,GGGGCAC,RBD_v3_002802",61.3994630630631,14.4868010712882,65.1104,17.4013513513514,7.33610145246673,15.45,17.9513513513514,7.34132592513548,16.7,16.8513513513514,7.58244221708481,14.7,3.41675998015447,0.945732586658513,3.44034194946289,0.115945945945946,0.155413690624138,0.02,38.7387387387387,0.23,0,0.4,0.48,0.53,5.69,5.66,0.4,0.4,-2.75999999046326,0.903452475714004,0.5,0.444444444444444,0.6,0,PF13_0315
"RNCMPT00200,min,GGGGCGA,RBD_v3_146099",61.8087490196078,7.28005372631063,62.8927,17.1696078431373,4.11938280524832,16.625,17.9117647058824,3.82799210914193,16.8,16.4274509803922,4.71708831283014,16.6,3.55605813685585,0.845735678285586,3.49628043174744,0.072156862745098,0.065892613672511,0.06,5.88235294117647,0.22,0,0.28,0.47,0.43,10.23,6.98,0.28,0.28,-6.75,0.981649930192858,0.125,0.181818181818182,0.578947368421053,0,PF13_0315
"RNCMPT00202,max,GUUUUUU,RBD_v3_010930",59.3365744186047,4.7575489498817,60.8686,20.193023255814,1.4388976185223,20.65,18.4837209302326,1.27352720399424,18.2,21.9023255813953,1.97718996992883,22.2,3.3497243759244,0.890766610199245,3.39657711982727,0.038372093023256,0.048889098627021,0.01,44.1860465116279,0.4,0,0.18,0.33,0.41,14.59,16.6,0.18,0.18,-2.42000007629395,0.864141190532738,0.333333333333333,-0.666666666666667,0.6,1,PFI1435w
"RNCMPT00202,max,UUUUUUU,RBD_v3_042895",75.9205948051948,8.74164172004043,78.2662,8.9525974025974,3.8974004165386,7.6,8.98311688311688,3.81090549391178,8.1,8.92207792207792,4.20662458061916,7.5,3.51559581075396,1.01094016983041,3.69793224334717,0.134155844155844,0.156039389842763,0.05,51.9480519480519,0.39,0,0.41,0.37,0.6,4.8,5.06,0.41,0.41,-4.40999984741211,0.975240481605918,0,-0.272727272727273,0.578947368421053,1,PFI1435w
"RNCMPT00202,max,UUUUUUU,RBD_v3_086894",69.2968,5.49644282675859,72.29155,11.3395833333333,1.55968078999091,10.975,9.74583333333333,1.75374857319144,9.2,12.9333333333333,1.63724760196646,12.7,3.46373935043812,0.936730606139037,3.66987502574921,0.0875,0.061449873527305,0.065,0,0.39,0,0.32,0.35,0.52,7.27,10.36,0.32,0.32,-6.40999984741211,0.931225233564083,-0.066666666666667,-0.478260869565217,0.605263157894737,1,PFI1435w
"RNCMPT00202,min,AGAAGAA,RBD_v3_005677",74.8721181818182,4.18571681670643,76.4361,13.9575757575758,1.2351063474025,13.7,11.1666666666667,1.12934346709346,11.2,16.7484848484849,2.09107048125494,16.5,3.55883143164895,0.927819487676295,3.51625394821167,0.084848484848485,0.105981166136996,0.05,0,0.39,0,0.32,0.36,0.52,8.99,10.5,0.32,0.32,-3.49000000953674,0.967761204891595,0,0.4,0.526315789473684,0,PFI1435w
"RNCMPT00202,min,AGAAGAA,RBD_v3_041899",64.9409696428571,5.11218078816466,65.4566,15.3616071428571,3.06502248355136,16.425,14.4232142857143,2.68294214835665,15.05,16.3,3.59494594724821,17.35,3.66778824159077,0.908031058578053,3.7435200214386,0.067678571428572,0.061555328295432,0.05,30.3571428571429,0.39,0,0.22,0.36,0.45,8.92,9.01,0.22,0.22,-3.44000005722046,0.97042113639059,-0.142857142857143,-0.083333333333333,0.631578947368421,0,PFI1435w
"RNCMPT00202,min,AGAAUGA,RBD_v3_177204",80.07165,10.281328999766,83.70945,4.92777777777778,3.74086400341732,3.85,4.8,3.86338119860237,3.65,5.05555555555556,3.66562755838961,3.9,3.66677261723412,0.793044936121995,3.61569404602051,0.306944444444444,0.253837061849238,0.325,33.3333333333333,0.37,0,0.39,0.38,0.57,2.68,2.4,0.39,0.39,-3.47000002861023,0.967551496936123,-0.125,0.368421052631579,0.542857142857143,0,PFI1435w
"RNCMPT00203,max,CCAUCAC,RBD_v3_095283",78.3891756756757,12.017120726797,82.9187,4.27162162162162,3.41499594938568,3.125,4.72837837837838,4.72908576036015,2.75,3.81486486486486,2.18980717437413,3.25,3.78546986225489,0.819655599309961,4.01386654376984,0.305810810810811,0.351700396924135,0.135,47.2972972972973,0.08,0,0.69,0.78,0.74,1.24,1.38,0.69,0.69,-5.94999980926514,0.992445111258051,0,0.157894736842105,0.542857142857143,1,PFI1695c
"RNCMPT00203,max,CCAUCAC,RBD_v3_139521",81.8885076923077,9.9010159859114,84.2292,3.35384615384615,2.93603117059251,2.35,3.84615384615385,3.95605574706759,2.55,2.86153846153846,1.95580120948953,2.2,3.71818821934553,0.710850510924312,3.83487498760223,0.417115384615385,0.388936894616552,0.245,73.0769230769231,0.09,0,0.73,0.81,0.8,1.16,1.21,0.73,0.73,-5.92999982833862,0.991935556609076,-0.058823529411765,0.076923076923077,0.433333333333333,1,PFI1695c
"RNCMPT00203,max,CCUUCAC,RBD_v3_080514",71.1070949152542,12.3531824922027,76.03,6.45508474576271,4.23693422543062,5.55,6.3271186440678,4.73820970513324,4.8,6.58305084745763,3.97947980235733,5.7,3.8566821470099,0.763152152806097,3.99869012832642,0.390677966101695,0.302517394237888,0.32,74.5762711864407,0.1,0,0.63,0.75,0.7,1.97,2.43,0.63,0.63,-6.17000007629395,0.957615612623957,-0.25,0.142857142857143,0.368421052631579,1,PFI1695c
"RNCMPT00203,min,AGUGGGU,RBD_v3_040948",72.980055,12.8395900744129,76.72645,6.5575,4.98003672905982,4.55,6.32625,5.02700917072285,4.2,6.78875,5.25453375667147,4.65,3.67963058650494,0.896971896262109,3.78640902042389,0.281875,0.345902209602071,0.08,50,0.09,0,0.68,0.78,0.74,1.3,1.54,0.68,0.68,-3.46000003814697,0.937170602152408,0.444444444444444,0.166666666666667,0.4,0,PFI1695c
"RNCMPT00203,min,GAGUGUG,RBD_v3_065157",76.3115821428571,12.2291445228208,78.94515,4.60357142857143,3.12729707782727,3.3,4.91071428571429,4.0339774449015,3.35,4.29642857142857,2.31170651532304,3.45,3.62402364824499,0.931269767830383,3.64129543304443,0.47875,0.347359193186116,0.435,0,0.08,0,0.67,0.78,0.74,1.37,1.57,0.67,0.67,-5.80999994277954,0.969100929771736,0.142857142857143,-0.285714285714286,0.4,0,PFI1695c
"RNCMPT00203,min,GUGUGUG,RBD_v3_076723",71.2267919354839,11.6347282855872,74.325,6.74435483870968,3.28103223509966,5.2,6.93870967741936,3.71206958486174,5.55,6.55,3.01671572583361,4.9,3.53638513338181,0.89357100392736,3.53872275352478,0.287903225806452,0.2075077489904,0.21,8.06451612903226,0.09,0,0.63,0.75,0.7,2.82,3.16,0.63,0.63,-4.19999980926514,0.93550956043942,-0.2,-0.555555555555556,0.473684210526316,0,PFI1695c
"RNCMPT00205,max,AGGGGAA,RBD_v3_062797",58.2555653846154,9.22677154497129,61.47135,17.6423076923077,4.28251557710827,15.3,16.0038461538462,4.9633543977665,13.2,19.2807692307692,3.84060036470701,18.45,3.58409471465991,0.873077958377958,3.75552034378052,0.049230769230769,0.042695738587292,0.04,28.8461538461538,0.25,0,0.4,0.4,0.53,8.23,12.66,0.4,0.4,-3.5699999332428,0.94841021822029,0.333333333333333,0.4,0.526315789473684,1,RO3G_00049
"RNCMPT00205,max,AGGGGAA,RBD_v3_143144",51.9458657142857,8.26944081059698,53.7573,17.4978571428571,1.97468463294419,18.15,15.5128571428571,2.45385951126693,15.75,19.4828571428571,1.82589834380361,19.95,3.51597971235003,0.803180023361348,3.48897755146027,0.045,0.052302076883971,0.03,0,0.24,0,0.22,0.38,0.37,10.24,15.05,0.22,0.22,-7.59999990463257,0.93550956043942,0.555555555555556,0.2,0.526315789473684,1,RO3G_00049
"RNCMPT00205,max,AGGGGAA,RBD_v3_224891",57.9779666666667,10.304902909235,59.1815,14.8488505747126,4.6215494797407,16.35,13.9425287356322,4.4190557810756,14.6,15.7551724137931,5.12499026932008,18,3.67842384179433,0.889631900731516,3.70063400268555,0.132068965517241,0.113937334174031,0.11,0,0.25,0,0.26,0.38,0.41,6.15,7.13,0.26,0.26,-3.9300000667572,0.879106695338456,0.411764705882353,0.666666666666667,0.514285714285714,1,RO3G_00049
"RNCMPT00205,min,AGACCCU,RBD_v3_063406",67.7068869565217,10.4597834735951,69.433,9.01521739130435,3.7959608586733,7.825,9.51521739130435,4.40983584432721,7.7,8.51521739130435,3.74147727160183,7.6,3.67460404660391,0.954770749356885,3.678386926651,0.25195652173913,0.24697835771327,0.145,0,0.24,0,0.33,0.42,0.47,5.18,4.59,0.33,0.33,-5.03999996185303,0.982848200563011,-0.263157894736842,0.157894736842105,0.5,0,RO3G_00049
"RNCMPT00205,min,AGACCCU,RBD_v3_184058",65.44785,11.5387909743472,69.9543,8.0796875,3.58614851749285,6.55,8.21875,4.63308143122772,6.35,7.940625,2.75866486816335,7.05,3.46323746070266,0.967559844901445,3.27380228042603,0.15875,0.115890660371275,0.125,0,0.24,0,0.29,0.39,0.43,4.16,4.84,0.29,0.29,-5.73000001907349,0.990970393432049,-0.157894736842105,0.157894736842105,0.5,0,RO3G_00049
"RNCMPT00205,min,AGACCCU,RBD_v3_215163",51.3782714285714,8.68113112181114,54.0485,17.4955357142857,2.18628528425634,17.975,15.3678571428571,2.2970421409723,15.6,19.6232142857143,2.36035367699832,20.05,3.64333772659302,0.847970505174251,3.56658375263214,0.034285714285714,0.041290859338782,0.02,0,0.25,0,0.16,0.38,0.33,9.25,13.31,0.16,0.16,-2.91000008583069,0.967761204891595,-0.2,0.217391304347826,0.605263157894737,0,RO3G_00049
"RNCMPT00206,max,UGCGACA,RBD_v3_014129",71.2449992805755,6.93515331127882,72.9416,7.76007194244604,3.52968354627094,8.2,8.26474820143885,4.35165907574345,7.7,7.25539568345324,3.46071477625503,7.1,3.56337341987829,0.936786744425458,3.64350748062134,0.326618705035971,0.299021481359204,0.22,41.0071942446043,0.08,0,0.59,0.51,0.62,2.06,1.94,0.59,0.59,-3.6800000667572,0.967225909741359,0.142857142857143,0.375,0.533333333333333,1,Pp_0206
"RNCMPT00206,max,UGCGACA,RBD_v3_037630",65.9023805309734,10.704519377029,68.911,12.4787610619469,5.24119076109471,13.2,12.5327433628319,5.28999126514733,12.6,12.4247787610619,5.6598291710315,12.9,3.47518855386076,0.864202174681278,3.46784210205078,0.219469026548673,0.214221350426395,0.14,5.30973451327434,0.08,0,0.34,0.39,0.39,4.3,3.3,0.34,0.34,-6.09999990463257,0.981649930192858,0,0.3,0.526315789473684,1,Pp_0206
"RNCMPT00206,max,UGCGACA,RBD_v3_110167",71.2449992805755,6.93515331127882,72.9416,7.76007194244604,3.52968354627094,8.2,8.26474820143885,4.35165907574345,7.7,7.25539568345324,3.46071477625503,7.1,3.56337341987829,0.936786744425458,3.64350748062134,0.326618705035971,0.299021481359204,0.22,41.0071942446043,0.08,0,0.59,0.51,0.62,2.06,1.94,0.59,0.59,-3.6800000667572,0.967225909741359,0.142857142857143,0.375,0.533333333333333,1,Pp_0206
"RNCMPT00206,min,GGGUGGU,RBD_v3_213602",65.6744016260163,9.79260361739279,67.2253,9.77642276422764,3.87870565914677,8.8,9.34390243902439,4.32829323764686,7.9,10.2089430894309,3.962612322038,9.5,3.4949220319589,0.901397701398265,3.4542191028595,0.090813008130081,0.08749326433967,0.06,0,0.07,0,0.35,0.43,0.4,5.06,4.1,0.35,0.35,-6.15999984741211,0.880482023721841,0.428571428571429,-0.333333333333333,0.3,0,Pp_0206
"RNCMPT00206,min,GGGUUGA,RBD_v3_016359",56.5142460992908,10.2539920492775,56.1792,15.9748226950355,6.30510740849227,16.9,15.7808510638298,6.11395260149879,16.5,16.1687943262411,6.6717756765965,17.4,3.60042530044596,1.03916301305761,3.76305222511291,0.113049645390071,0.160111315127995,0.05,19.8581560283688,0.08,0,0.29,0.39,0.35,4.25,3.99,0.29,0.29,-5.05999994277954,0.897128763388297,0.636363636363636,0.125,0.421052631578947,0,Pp_0206
"RNCMPT00206,min,GGGUUGA,RBD_v3_062466",59.9037567567568,12.8211155318349,62.5735,14.3486486486486,4.70712448151957,14,14.5423423423423,4.5138483792466,13.3,14.154954954955,5.27392796066804,14.7,3.50746582435058,0.93081706447329,3.47771286964416,0.125765765765766,0.170536850454139,0.05,1.8018018018018,0.07,0,0.3,0.4,0.36,8.01,4.79,0.3,0.3,-4.98000001907349,0.967551496936124,0.368421052631579,-0.125,0.457142857142857,0,Pp_0206
"RNCMPT00209,max,AUUGCAC,RBD_v3_006938",85.1934534246575,5.98481416148596,86.0879,3.31027397260274,1.82412381752837,2.5,3.28630136986301,1.94888251944067,2.5,3.33424657534247,1.80863816002862,2.7,3.62273734726318,0.724462426103438,3.52861046791077,0.393150684931507,0.39981202775085,0.15,64.3835616438356,0.14,0,0.65,0.59,0.71,1.26,1.37,0.65,0.65,-4.17000007629395,0.981649930192858,-0.125,0.181818181818182,0.578947368421053,1,NCU08034
"RNCMPT00209,max,AUUGCAC,RBD_v3_028293",88.4613523809524,4.40105579425523,89.5885,2.41746031746032,1.08858293244899,1.9,2.58253968253968,1.47828799002915,1.9,2.25238095238095,0.834315857040219,2,3.60210358907306,0.752374422352894,3.47579622268677,0.45,0.399059377908569,0.39,80.952380952381,0.17,0,0.64,0.5,0.7,1.24,1.21,0.64,0.64,-4.05000019073486,0.98986211886685,0.157894736842105,0.125,0.457142857142857,1,NCU08034
"RNCMPT00209,max,AUUGCAC,RBD_v3_130306",88.1226820895522,4.41384278220668,88.5785,2.35671641791045,0.919028452851494,2,2.31641791044776,1.01512755056534,2.1,2.39701492537313,0.941785883993283,2,3.68027173227339,0.744245872523933,3.59584522247314,0.444179104477612,0.417554747830209,0.36,74.6268656716418,0.15,0,0.65,0.58,0.71,1.15,1.24,0.65,0.65,-4.8600001335144,0.986389195400269,0,0.2,0.428571428571429,1,NCU08034
"RNCMPT00209,min,AGAGUCG,RBD_v3_218768",88.2005545454545,3.77435074464952,88.1407,2.11090909090909,0.740225873253795,1.95,2.28,0.97152038159364,1.9,1.94181818181818,0.577892374027894,1.8,3.64064955061132,0.848955241573879,3.58622765541077,0.429090909090909,0.375648933463309,0.36,30.9090909090909,0.13,0,0.66,0.6,0.72,1.2,1.14,0.66,0.66,-5.51000022888184,0.999099007916163,-0.058823529411765,0,0.514285714285714,0,NCU08034
"RNCMPT00209,min,GUGUGUC,RBD_v3_064330",81.5977719101124,10.625672069568,82.939,3.96348314606742,2.38017097415081,3.75,3.89213483146067,2.47391963193032,3.4,4.03483146067416,2.46231141980252,3.4,3.66268128759406,0.846924907394017,3.60119438171387,0.367640449438202,0.334979722832422,0.28,0,0.17,0,0.52,0.53,0.6,1.19,1.24,0.52,0.52,-2.96000003814697,0.98362673042881,0.066666666666667,-0.2,0.571428571428571,0,NCU08034
"RNCMPT00209,min,GUGUGUC,RBD_v3_162052",72.6332152542373,6.71133033939013,72.8311,8.87372881355932,2.75554857064613,8.75,8.59661016949153,2.7597454968676,8.5,9.15084745762712,3.0519848194902,8.5,3.54067590075024,0.929570022857577,3.55272436141968,0.276101694915254,0.25618566105095,0.13,0,0.15,0,0.34,0.47,0.44,3.7,4.6,0.34,0.34,-4.01999998092651,0.969134464038232,0.384615384615385,-0.058823529411765,0.566666666666667,0,NCU08034
"RNCMPT00212,max,ACAUUUU,RBD_v3_225797",60.150306779661,12.1040957505965,66.1627,17.2406779661017,3.02393433175755,15.8,16.6203389830508,4.23339676370776,14.7,17.8610169491525,2.06598201991313,17.9,3.54943979594667,1.04275083403682,3.76588225364685,0.110847457627119,0.126726533372717,0.05,0,0.2,0,0.27,0.67,0.45,10.33,13.96,0.27,0.27,-4.57999992370606,0.957615612623957,0.2,-0.304347826086957,0.605263157894737,1,Lm_0212
"RNCMPT00212,max,CAUUUUU,RBD_v3_004994",78.4123586956522,3.91860621959594,77.73665,8.86847826086957,0.995119127187638,8.9,9.74565217391304,1.44017074940426,9.5,7.99130434782609,1.48021411168287,7.9,3.52023081157518,0.865554682313949,3.5529158115387,0.250869565217391,0.190517728390084,0.21,32.6086956521739,0.21,0,0.5,0.68,0.64,6.64,5.26,0.5,0.5,-3.16000008583069,0.97808936524446,-0.2,0.2,0.571428571428571,1,Lm_0212
"RNCMPT00212,max,CAUUUUU,RBD_v3_115850",78.4123586956522,3.91860621959594,77.73665,8.86847826086957,0.995119127187638,8.9,9.74565217391304,1.44017074940426,9.5,7.99130434782609,1.48021411168287,7.9,3.52023081157518,0.865554682313949,3.5529158115387,0.250869565217391,0.190517728390084,0.21,32.6086956521739,0.21,0,0.5,0.68,0.64,6.64,5.26,0.5,0.5,-3.16000008583069,0.97808936524446,-0.2,0.2,0.571428571428571,1,Lm_0212
"RNCMPT00212,min,AGAAUGU,RBD_v3_138214",70.4536577464789,8.21351520061663,71.9882,10.3288732394366,4.20046478696815,9.3,10.3887323943662,4.60650314526802,9,10.269014084507,3.96749620755227,9.2,3.64423623555143,0.726088873705248,3.6334080696106,0.04112676056338,0.056658104848913,0.02,22.5352112676056,0.2,0,0.4,0.67,0.56,4.05,6.3,0.4,0.4,-5.09999990463257,0.98104373803761,0.125,-0.263157894736842,0.542857142857143,0,Lm_0212
"RNCMPT00212,min,AGAUGUU,RBD_v3_157779",77.4185127659574,11.0578993359366,79.6435,6.89946808510638,4.30953241158451,5.225,7.13085106382979,5.05919851265818,4.95,6.66808510638298,3.70550920175513,5.6,3.62853270895938,0.923676744294814,3.73541581630707,0.212446808510638,0.177774087460745,0.175,12.7659574468085,0.2,0,0.64,0.71,0.76,2.22,2.54,0.64,0.64,-0.360000014305115,0.999099007916163,-0.058823529411765,0,0.514285714285714,0,Lm_0212
"RNCMPT00212,min,AGAUGUU,RBD_v3_217823",77.5630033333333,9.81339256089484,80.26225,6.24333333333333,2.91424709971411,5.025,6.325,3.50184576028322,4.8,6.16166666666667,2.51261843749292,5.55,3.49013258218765,0.838780501733593,3.42359852790833,0.236833333333333,0.179561534390772,0.19,0,0.21,0,0.57,0.69,0.7,3.15,3.51,0.57,0.57,-3.88000011444092,0.953667851750936,-0.384615384615385,-0.090909090909091,0.628571428571429,0,Lm_0212
"RNCMPT00215,max,AACCCUU,RBD_v3_074098",73.8632268292683,10.5122751054019,74.6048,9.41666666666667,5.33166640616859,8.65,8.57235772357724,4.78029254905926,7.5,10.2609756097561,6.04500381898402,9.8,3.60226901081519,0.814679319237063,3.57691073417664,0.294715447154472,0.294290826389703,0.16,36.5853658536585,0.2,0,0.49,0.53,0.6,2.12,1.5,0.49,0.49,-3.07999992370605,0.988591321492785,-0.222222222222222,-0.1,0.526315789473684,1,PCBP3
"RNCMPT00215,max,AACCCUU,RBD_v3_099314",63.2836722772277,5.95300529566569,65.0487,15.6425742574257,3.2654278903278,15.4,15.5514851485149,3.96279229486952,16.3,15.7336633663366,3.27888021213715,15,3.74607229940962,0.806809604010855,3.71167373657227,0.181584158415842,0.22359218534317,0.08,12.8712871287129,0.23,0,0.26,0.5,0.42,8.5,10.22,0.26,0.26,-4.03000020980835,0.953353793718457,-0.230769230769231,-0.12,0.657894736842105,1,PCBP3
"RNCMPT00215,max,UUUCCCU,RBD_v3_036176",81.7119579365079,8.14885484644172,80.39125,4.0218253968254,2.27309037243789,4.3,3.88095238095238,2.24811794301684,3.65,4.16269841269841,2.39872413176619,4.3,3.66643815570407,0.751247437813199,3.72413432598114,0.360396825396825,0.36024969294899,0.185,29.3650793650794,0.22,0,0.74,0.6,0.82,1.26,1.14,0.74,0.74,-5.82999992370606,0.977747995787952,-0.294117647058823,0.142857142857143,0.552631578947368,1,PCBP3
"RNCMPT00215,min,AGGGUGG,RBD_v3_006832",69.4447810810811,10.7440452959219,73.185,14.159009009009,6.72213507139658,12.5,14.3432432432432,6.19227703194026,13.4,13.9747747747748,7.38359937439321,12.1,3.65638302736454,0.847708069810699,3.66204357147217,0.175495495495496,0.203343590724212,0.1,36.9369369369369,0.22,0,0.39,0.53,0.52,4.86,4.5,0.39,0.39,-5.26999998092651,0.9795363654177,0.238095238095238,0.176470588235294,0.447368421052632,0,PCBP3
"RNCMPT00215,min,GGAGGGG,RBD_v3_103948",62.0015521008403,8.53653686757692,60.6121,16.9441176470588,4.62064809669591,18.3,16.7739495798319,4.13061045648206,18.5,17.1142857142857,5.25578431493656,18.2,3.522510160919,0.961968083457132,3.62631225585937,0.112436974789916,0.11862893569442,0.07,0.840336134453782,0.19,0,0.31,0.5,0.44,8.18,5.81,0.31,0.31,-3.40000009536743,0.90647263812994,0.6,0.333333333333333,0.473684210526316,0,PCBP3
"RNCMPT00215,min,GGAGGGG,RBD_v3_201499",65.3288532110092,9.45501588906717,64.5734,17.3174311926606,6.78963799335943,16.35,17.8623853211009,6.38177075436466,16.8,16.7724770642202,7.38832752537097,16.9,3.62727027420604,0.935566230096825,3.75462007522583,0.052293577981651,0.08231188460523,0.02,33.9449541284404,0.22,0,0.35,0.52,0.5,7.75,4.65,0.35,0.35,-4.82000017166138,0.924316871408977,0.523809523809524,0.294117647058823,0.447368421052632,0,PCBP3
"RNCMPT00216,max,ACAUUGU,RBD_v3_062243",66.3003576271187,6.93709210991533,67.9867,16.3084745762712,2.18302922529233,16.2,16.1508474576271,2.30444644271984,16.1,16.4661016949153,2.39003752455692,16.6,3.48479422977415,0.823937095221499,3.36667060852051,0.092881355932203,0.073038743791781,0.07,6.77966101694915,0.25,0,0.31,0.63,0.5,11.9,11.95,0.31,0.31,-4.69999980926514,0.965647640116437,0.25,0.272727272727273,0.578947368421053,1,Tb_0216
"RNCMPT00216,max,ACAUUGU,RBD_v3_127730",66.6879423076923,8.51987061927737,69.597,12.9788461538462,4.14538171468437,11.825,12.6025641025641,4.16257208069798,11.1,13.3551282051282,4.26357716513848,12.45,3.54887083249214,0.946154966223114,3.55010485649109,0.112435897435897,0.084748457403666,0.095,41.025641025641,0.24,0,0.38,0.64,0.55,7.75,7.82,0.38,0.38,-3.88000011444092,0.970672678000033,0,0.375,0.533333333333333,1,Tb_0216
"RNCMPT00216,max,CAUUGUA,RBD_v3_147322",68.8455616438356,6.97836641013238,70.6641,9.88767123287671,2.57549591802128,9.9,9.23561643835617,2.32745508746581,8.7,10.5397260273973,3.1133556265274,10.1,3.2447471488012,0.941253665984439,3.21497488021851,0.244794520547945,0.177404979175403,0.21,41.0958904109589,0.24,0,0.43,0.63,0.59,5.53,5.87,0.43,0.43,-5.21000003814697,0.990492780969678,-0.176470588235294,-0.047619047619048,0.552631578947368,1,Tb_0216
"RNCMPT00216,min,AGGGGGG,RBD_v3_056948",70.5250786885246,6.32282197701613,71.5301,8.25573770491803,2.05813625967475,7.75,8.56393442622951,2.22628485650311,7.8,7.94754098360656,2.12913179155081,7.5,3.37687636203453,0.887667709305407,3.25657391548157,0.084918032786885,0.065869136698449,0.07,6.55737704918033,0.25,0,0.47,0.62,0.63,4.67,4.41,0.47,0.47,-5.28000020980835,0.982848200563012,0.222222222222222,0.2,0.526315789473684,0,Tb_0216
"RNCMPT00216,min,GGGGGGC,RBD_v3_006108",67.0315842857143,5.76623985583039,68.42315,11.89,1.60695048308044,11.475,11.6185714285714,1.58354700530563,11.3,12.1614285714286,2.16194309120444,12,3.51621689626149,0.894286558937908,3.4270031452179,0.132714285714286,0.087226532138465,0.135,0,0.25,0,0.34,0.63,0.53,7.58,8.43,0.34,0.34,-4.30000019073486,0.949021239177807,0.473684210526316,0.125,0.457142857142857,0,Tb_0216
"RNCMPT00216,min,GGGGGGG,RBD_v3_105870",56.8144725490196,6.00574618081978,56.596,17.2411764705882,1.86493179184529,17.85,15.6745098039216,1.96680890147009,15.8,18.8078431372549,2.27471696149256,19.4,3.35868115284864,1.03295207263266,3.23821806907654,0.01843137254902,0.027083024130965,0.01,45.0980392156863,0.25,0,0.21,0.6,0.41,10.54,12.59,0.21,0.21,-4.71999979019165,0.96214231424466,0.444444444444444,-0.1,0.526315789473684,0,Tb_0216
"RNCMPT00217,max,ACUGUUG,RBD_v3_179778",62.3232228070175,13.3233167120556,65.84585,12.0429824561404,5.70650101709415,10.625,12.1684210526316,5.99525351770046,11.25,11.9175438596491,5.64835704225754,10.2,3.59745788783358,0.832364337159223,3.49574458599091,0.159824561403509,0.152297929120549,0.115,12.280701754386,0.3,0,0.35,0.41,0.51,3.64,4.16,0.35,0.35,-5.3899998664856,0.984029002132122,-0.058823529411765,-0.238095238095238,0.552631578947368,1,Tb_0217
"RNCMPT00217,max,CUUGUUU,RBD_v3_177206",69.2591164835165,11.8321687291446,65.9123,12.6016483516484,9.48320284195357,8.9,13.4626373626374,10.5302279003685,7.4,11.7406593406593,8.54116799223331,7.9,3.502555169902,0.840051245165557,3.48957896232605,0.185494505494505,0.197350583346624,0.07,48.3516483516484,0.31,0,0.42,0.45,0.58,2.61,2.69,0.42,0.42,-5.57999992370606,0.962715817399016,-0.066666666666667,-0.304347826086957,0.605263157894737,1,Tb_0217
"RNCMPT00217,max,UGUUUGU,RBD_v3_004768",73.9451141414142,6.74191797590861,74.6663,8.5,2.18943427601278,8,7.48787878787879,2.40434439820041,6.4,9.51212121212121,2.59828329225093,9.5,3.50392476958458,0.844628798942673,3.51956152915955,0.239191919191919,0.163249382082631,0.24,69.6969696969697,0.3,0,0.4,0.45,0.55,4.96,4.33,0.4,0.4,-6.05999994277954,0.953122975909535,0.25,-0.363636363636364,0.578947368421053,1,Tb_0217
"RNCMPT00217,min,AGGGGGG,RBD_v3_177821",56.2601060869565,10.5263234605781,59.2505,15.375652173913,4.3178554477228,13.35,14.8730434782609,4.64114553575494,13.2,15.8782608695652,4.19704956118813,14.8,3.38326320026232,1.07567695445182,3.39098429679871,0.116695652173913,0.164635278664479,0.05,0,0.29,0,0.24,0.39,0.41,8.41,7.5,0.24,0.24,-5.40000009536743,0.959253543925123,0.333333333333333,0.294117647058823,0.447368421052632,0,Tb_0217
"RNCMPT00217,min,AGGGGGG,RBD_v3_239751",54.1490053435115,8.68652438953855,56.1473,20.2568702290076,4.02166614610441,22.2,21.0893129770992,4.42627212324143,22.5,19.424427480916,3.99913628373107,20.8,3.41866817729164,0.955382873946894,3.48165154457092,0.039007633587786,0.039220382491997,0.02,40.4580152671756,0.3,0,0.21,0.4,0.39,11.47,10.09,0.21,0.21,-3.83999991416931,0.850787562123518,0.529411764705882,0.692307692307692,0.433333333333333,0,Tb_0217
"RNCMPT00217,min,GGGGGGG,RBD_v3_145005",59.3988043010753,10.5443787407744,59.7663,15.8129032258065,6.0282978671691,12.85,15.6709677419355,6.19364296547119,12.1,15.9548387096774,5.99196048575365,13.9,3.4812722667571,0.845853110607589,3.50770497322083,0.045913978494624,0.053083948264493,0.03,35.4838709677419,0.3,0,0.28,0.41,0.46,7.57,7.69,0.28,0.28,-5.46000003814697,0.93232903456152,0.3,0.2,0.333333333333333,0,Tb_0217
"RNCMPT00218,max,CAGUUAU,RBD_v3_123178",71.4656627659574,7.94928896916356,70.05495,9.33085106382979,4.38936340439694,8.15,9.26276595744681,4.59794213068284,8,9.39893617021277,4.54585938693383,7.65,3.38512811001311,1.015503988756,3.4792013168335,0.260425531914894,0.234056857781278,0.175,42.5531914893617,0.43,0,0.31,0.36,0.54,3.34,3.32,0.31,0.31,-5.05999994277954,0.981649930192858,-0.125,-0.181818181818182,0.578947368421053,1,Tb_0218
"RNCMPT00218,max,CAGUUAU,RBD_v3_185385",60.2147380434783,10.0492256887962,62.92865,17.5385869565217,4.8112111704249,18.05,17.4597826086957,5.6606810405049,18.9,17.6173913043478,4.29360906862854,17.1,3.57483563604562,0.890163830573375,3.56386411190033,0.067065217391304,0.065842603587685,0.04,38.0434782608696,0.44,0,0.23,0.32,0.47,8.35,9.45,0.23,0.23,-4.05000019073486,0.972861409666655,0.125,-0.272727272727273,0.578947368421053,1,Tb_0218
"RNCMPT00218,max,CAGUUAU,RBD_v3_235495",71.4656627659574,7.94928896916356,70.05495,9.33085106382979,4.38936340439694,8.15,9.26276595744681,4.59794213068284,8,9.39893617021277,4.54585938693383,7.65,3.38512811001311,1.015503988756,3.4792013168335,0.260425531914894,0.234056857781278,0.175,42.5531914893617,0.43,0,0.31,0.36,0.54,3.34,3.32,0.31,0.31,-5.05999994277954,0.981649930192858,-0.125,-0.181818181818182,0.578947368421053,1,Tb_0218
"RNCMPT00218,min,GAUGAAC,RBD_v3_084224",64.2724506666667,7.22260781634649,64.2397,12.9726666666667,5.16581992480337,12,12.3853333333333,5.1136196872965,10.7,13.56,5.35335206934668,13,3.64143208662669,0.860763035572631,3.63742399215698,0.188533333333333,0.191153633791544,0.11,16,0.41,0,0.26,0.34,0.48,5.56,4.87,0.26,0.26,-5.09000015258789,0.982848200563011,-0.2,0.222222222222222,0.473684210526316,0,Tb_0218
"RNCMPT00218,min,GAUGAAC,RBD_v3_153878",58.631378021978,11.9981713314877,59.0711,15.6989010989011,4.66473161084547,17.55,15.821978021978,4.16538119364848,17.4,15.5758241758242,5.30162114953406,17.5,3.36767111571281,0.974023144644126,3.42342257499695,0.144065934065934,0.136243067281141,0.11,43.956043956044,0.46,0,0.27,0.32,0.51,8.78,7.26,0.27,0.27,-2.26999998092651,0.973088862120474,-0.066666666666667,0.3,0.571428571428571,0,Tb_0218
"RNCMPT00218,min,GAUGAAC,RBD_v3_220109",54.5464769230769,10.9312359647774,60.47455,19.4064102564103,2.27125400133819,18.8,18.3769230769231,2.49357215614509,18.05,20.4358974358974,2.41370407588986,20.35,3.43895621559559,0.902710507299152,3.49763751029968,0.103589743589744,0.1149022663072,0.055,52.5641025641026,0.43,0,0.2,0.31,0.44,13.85,14.03,0.2,0.2,-5.46999979019165,0.982848200563012,0.222222222222222,0.2,0.526315789473684,0,Tb_0218
"RNCMPT00219,max,UAUACUG,RBD_v3_138908",67.8305089552239,8.02951502633257,70.0082,10.6798507462687,3.58933668749167,9.65,11.2298507462687,3.59418785555543,10.5,10.1298507462687,3.73192674768853,9,3.46464563661547,0.900872570028108,3.47939586639404,0.104626865671642,0.097286337111189,0.09,82.089552238806,0.26,0,0.47,0.63,0.63,5.48,4.5,0.47,0.47,-5.98999977111816,0.990492780969678,-0.222222222222222,0,0.526315789473684,1,Tb_0219
"RNCMPT00219,max,UUAUACU,RBD_v3_095756",70.2335,5.33244971916141,71.86115,10.6477272727273,1.75815532301903,10.65,11.9287878787879,1.66897159965837,12.1,9.36666666666667,2.06564077101315,9,3.28574097698385,0.875596718852935,3.20549070835114,0.105757575757576,0.083224637736312,0.095,68.1818181818182,0.26,0,0.45,0.63,0.61,7.95,5.41,0.45,0.45,-4.65999984741211,0.994985417684099,-0.157894736842105,-0.052631578947368,0.5,1,Tb_0219
"RNCMPT00219,max,UUAUACU,RBD_v3_100509",77.7840564516129,4.81192155791716,78.83275,6.15322580645161,1.69977990300726,5.9,6.48548387096774,1.84549489334838,6.15,5.82096774193548,1.67871311922177,5.4,3.45062978806034,1.02956506836317,3.42352819442749,0.129838709677419,0.10737542435625,0.095,85.4838709677419,0.26,0,0.56,0.66,0.71,3.33,3.35,0.56,0.56,-5.28999996185303,0.986863224815062,-0.176470588235294,0.142857142857143,0.552631578947368,1,Tb_0219
"RNCMPT00219,min,GAUGGGG,RBD_v3_032469",71.5793185185185,5.18529176177945,72.8049,11.5203703703704,3.31612328044527,10.55,12.979012345679,3.33236837884794,12.6,10.0617283950617,3.72523717034347,8.9,3.52638663774655,0.998764748241006,3.64810299873352,0.146049382716049,0.122369103661276,0.13,2.46913580246914,0.26,0,0.45,0.67,0.63,7.2,5.25,0.45,0.45,-5.40000009536743,0.959864040722423,0.263157894736842,0.375,0.457142857142857,0,Tb_0219
"RNCMPT00219,min,GAUGGGG,RBD_v3_055042",73.4948029850746,9.65326082443318,75.8473,10.8514925373134,3.70091072073108,9.1,11.4865671641791,3.38055471162639,10.3,10.2164179104478,4.3862939770389,8.4,3.35913652982285,1.00441728018843,3.34527063369751,0.22044776119403,0.221465045027775,0.12,1.49253731343284,0.27,0,0.49,0.64,0.66,6.54,4.86,0.49,0.49,-6.19999980926514,0.963315111010797,0.333333333333333,0.294117647058823,0.485714285714286,0,Tb_0219
"RNCMPT00219,min,GGGGUGG,RBD_v3_131253",70.9394513513514,5.90381504344351,72.5078,11.0141891891892,1.38617242474174,11.05,12.4621621621622,1.39487346140903,12.4,9.56621621621622,1.89500258625819,9.1,3.48499692130733,0.973831132390322,3.59975981712341,0.109459459459459,0.092867439652706,0.09,0,0.26,0,0.42,0.65,0.6,8.42,5.92,0.42,0.42,-7.78000020980835,0.938465881018379,0.272727272727273,0.384615384615385,0.371428571428571,0,Tb_0219
"RNCMPT00220,max,CCUUUCU,RBD_v3_138430",81.351797752809,10.3808646069997,85.1161,3.96404494382022,3.49589035319952,2.15,4.53370786516854,4.53947193114876,2.2,3.39438202247191,2.57564464792805,2.2,3.40402671460355,0.933161352317629,3.32021427154541,0.44752808988764,0.366492220241367,0.35,78.6516853932584,0.2,0,0.74,0.71,0.83,1.33,1.29,0.74,0.74,-4.94000005722046,0.991935556609076,-0.058823529411765,-0.076923076923077,0.433333333333333,1,Tb_0220
"RNCMPT00220,max,CCUUUCU,RBD_v3_143065",71.7156924528302,11.6530720967584,77.168,9.75188679245283,5.41093943805715,7.4,10.8188679245283,6.3720862603345,7.1,8.68490566037736,4.59821856083816,7.4,3.48102278979319,0.881497647708916,3.63077878952026,0.296792452830189,0.283269195051318,0.21,62.2641509433962,0.2,0,0.48,0.64,0.62,3.7,3.27,0.48,0.48,-5.96999979019165,0.984029002132122,-0.058823529411765,-0.238095238095238,0.552631578947368,1,Tb_0220
"RNCMPT00220,max,CUUUCUU,RBD_v3_077686",65.0837934065934,11.9481117144538,69.1312,11.7269230769231,4.00020352046345,11.1,12.4373626373626,4.15995855619442,13,11.0164835164835,4.21469028086456,10.5,3.35670501255727,1.17675752931025,3.53328776359558,0.111098901098901,0.12167763009463,0.05,0,0.2,0,0.36,0.63,0.52,5.33,5.23,0.36,0.36,-6.17999982833862,0.959719404281602,0.25,-0.368421052631579,0.542857142857143,1,Tb_0220
"RNCMPT00220,min,GGGAGGG,RBD_v3_008082",68.621575,9.79534153972324,71.5882,10.2931818181818,2.90304221937638,9.25,10.5772727272727,3.42401012703705,9.35,10.0090909090909,2.66542944130642,9.4,3.33055230839686,1.02665558365869,3.42933988571167,0.076363636363636,0.058959986785932,0.07,0,0.2,0,0.38,0.61,0.53,5.99,6.33,0.38,0.38,-5.48999977111816,0.925286983096462,0.538461538461538,0.04,0.657894736842105,0,Tb_0220
"RNCMPT00220,min,GGGAGGG,RBD_v3_079475",84.628795505618,6.94641887030992,86.7142,3.21797752808989,2.37518237566531,2.1,3.73370786516854,3.54916583734265,2.1,2.70224719101124,1.32510527266961,2.1,3.35301213318043,0.941848969470994,3.35530972480774,0.412247191011236,0.336738206950784,0.35,0,0.2,0,0.67,0.69,0.78,1.18,1.15,0.67,0.67,-3.17000007629395,0.931147975710173,0.411764705882353,0.444444444444444,0.514285714285714,0,Tb_0220
"RNCMPT00220,min,GGGAGGG,RBD_v3_221493",73.5167396226415,10.9190787079765,77.6209,7.57688679245283,3.97890374067257,6.3,8.33584905660377,5.08857148406384,6.5,6.81792452830189,3.02556715406774,6.2,3.42024409602273,0.956353003706284,3.52197778224945,0.126415094339623,0.108172601752898,0.1,59.4339622641509,0.2,0,0.52,0.68,0.65,2.86,3.53,0.52,0.52,-2.79999995231628,0.90422705362151,0.666666666666667,0.176470588235294,0.485714285714286,0,Tb_0220
"RNCMPT00223,max,GUACACG,RBD_v3_026817",48.6167138297872,3.70812923507262,48.87435,19.8686170212766,1.23013208580394,19.65,18.5691489361702,1.40865424955303,18.8,21.168085106383,1.6410207134361,20.9,3.6058906646485,0.941288495017836,3.58808159828186,0.03936170212766,0.038599362372535,0.03,22.3404255319149,0.21,0,0.16,0.32,0.3,14.78,17.33,0.16,0.16,-4.40999984741211,0.994985417684099,-0.111111111111111,0.1,0.526315789473684,1,Lm_0223
"RNCMPT00223,max,UUUCACG,RBD_v3_087181",55.8705073394495,5.46595275209125,56.3227,15.5348623853211,3.11781399401203,14.8,15.3146788990826,3.18636637613702,14.5,15.7550458715596,3.25992746563626,15.1,3.3931576358069,0.929713631836757,3.54477190971375,0.041192660550459,0.038169329617004,0.03,31.1926605504587,0.21,0,0.31,0.4,0.44,9.39,9.79,0.31,0.31,-5.44000005722046,0.999099007916163,0,-0.058823529411765,0.485714285714286,1,Lm_0223
"RNCMPT00223,max,UUUCACG,RBD_v3_197022",47.772696875,4.24308413006768,47.90525,17.946875,2.85421030188184,17.675,17.4020833333333,2.57142103521592,17.15,18.4916666666667,3.32956980520296,18.4,3.45778095318625,1.12040726841448,3.5762825012207,0.029479166666667,0.026212483633674,0.02,44.7916666666667,0.22,0,0.25,0.35,0.38,12.73,11.98,0.25,0.25,-2.4300000667572,0.984029002132122,0.058823529411765,0.238095238095238,0.552631578947368,1,Lm_0223
"RNCMPT00223,min,AGUGAGU,RBD_v3_137169",64.9546424528302,4.81018213625951,64.2399,8.25047169811321,2.00230219025404,8.6,8.79811320754717,2.44929459746214,9.3,7.70283018867925,1.91169122567376,7.5,3.48247275487432,0.957152419809314,3.57319521903992,0.179245283018868,0.182468252232481,0.125,28.3018867924528,0.22,0,0.48,0.43,0.58,4,3.67,0.48,0.48,-3.04999995231628,0.978771866509031,0.066666666666667,0.333333333333333,0.5,0,Lm_0223
"RNCMPT00223,min,AGUGAGU,RBD_v3_208306",53.3589171171171,6.02108851009024,54.8394,14.0432432432432,3.4552692730648,12.7,13.6153153153153,3.29760789879844,12.2,14.4711711711712,3.87393122826711,12.8,3.70816353097692,0.935903844488595,3.79035663604736,0.037657657657658,0.038256430355621,0.03,22.5225225225225,0.19,0,0.34,0.42,0.45,9.19,9.31,0.34,0.34,-4.03999996185303,0.97808936524446,0.333333333333333,0.058823529411765,0.485714285714286,0,Lm_0223
"RNCMPT00223,min,GAGUCGU,RBD_v3_154372",52.0642967213115,6.51581220321707,53.70685,16.5,3.88667994459739,15.25,16.6713114754098,3.75236519368909,14.85,16.3286885245902,4.29567300085568,15.95,3.55424531659142,0.998719130800988,3.59887659549713,0.037295081967213,0.041141499131895,0.03,8.19672131147541,0.21,0,0.31,0.4,0.43,10.85,8.87,0.31,0.31,-4.32999992370606,0.97042113639059,0.157894736842105,0.368421052631579,0.5,0,Lm_0223
"RNCMPT00224,max,ACAAAAG,RBD_v3_089827",62.9585011235955,9.6273559091752,62.2265,11.926404494382,5.45572619264113,13.1,10.8348314606742,5.41871968112721,12.1,13.0179775280899,5.67163119468995,13.9,3.5714187032721,0.977437292108454,3.73012685775757,0.132359550561798,0.137576610656738,0.08,22.4719101123595,0.1,0,0.3,0.46,0.38,3.33,4.9,0.3,0.3,-3.40000009536743,0.962715817399016,0,0.363636363636364,0.578947368421053,1,Sf3b4
"RNCMPT00224,max,ACAAAAG,RBD_v3_101581",69.3194731343284,6.30220037090419,71.0361,7.95,1.6048694839787,7.7,7.33432835820896,2.26291259347302,6.8,8.56567164179105,1.43194635911955,8.7,3.58617003017397,0.866973743449093,3.56223273277283,0.220298507462687,0.163289760569454,0.19,80.5970149253731,0.13,0,0.32,0.5,0.42,4.64,5.85,0.32,0.32,-4.48999977111816,0.925325483357417,0.230769230769231,0.36,0.657894736842105,1,Sf3b4
"RNCMPT00224,max,UCAAAAG,RBD_v3_190853",64.0790042857143,8.83599699910781,64.42325,11.0357142857143,3.64506955915759,12.5,10.3285714285714,3.55634329610508,10.8,11.7428571428571,4.02832620430391,13.25,3.53919041837965,0.860073261464363,3.64746904373169,0.084428571428572,0.072704199473744,0.075,48.5714285714286,0.12,0,0.33,0.49,0.42,4.22,4.94,0.33,0.33,-4.84000015258789,0.945231600849419,0.263157894736842,0.473684210526316,0.5,1,Sf3b4
"RNCMPT00224,min,GGGGGGC,RBD_v3_131114",73.8056765625,5.41850990173094,74.86625,6.04453125,1.79164988225804,5.875,5.8875,2.06070568895899,5.7,6.2015625,1.8978260066685,5.85,3.65565333142877,0.786259044457534,3.77055954933166,0.31515625,0.20592795925945,0.325,0,0.07,0,0.46,0.58,0.52,3.09,3.36,0.46,0.46,-7.07999992370606,0.956739401689847,0.1,0,0.333333333333333,0,Sf3b4
"RNCMPT00224,min,UGGGGGG,RBD_v3_063403",65.3590392857143,8.85844906784023,68.0864,10.4214285714286,3.04400837925703,10.825,10.2464285714286,3.55558276955675,10.5,10.5964285714286,2.75852162551638,10.05,3.42915461957455,0.931500516313045,3.3898503780365,0.125,0.086213266222359,0.12,0,0.11,0,0.32,0.49,0.41,4.8,5.8,0.32,0.32,-4.32999992370606,0.91703558151065,0.428571428571429,0.428571428571429,0.4,0,Sf3b4
"RNCMPT00224,min,UGGGGGG,RBD_v3_179499",68.1105936507936,8.04670827756,67.2557,9.57777777777778,3.68354862407839,11.15,8.87142857142857,3.52669216174118,10,10.284126984127,4.06099488641465,11.3,3.65675726769462,0.82232373384195,3.58009123802185,0.113492063492063,0.087991178629685,0.11,0,0.12,0,0.4,0.51,0.48,3.79,4.49,0.4,0.4,-3.83999991416931,0.91473664917992,0.4,0.2,0.333333333333333,0,Sf3b4
"RNCMPT00225,max,ACACGCA,RBD_v3_014987",81.3213761363636,7.70836784906834,81.8617,3.46193181818182,2.6412727069614,3.175,3.95,3.01848709916344,3.25,2.97386363636364,2.44683677185213,2.6,3.72286556661129,0.812008345004161,3.72666347026825,0.350340909090909,0.366949051753881,0.16,64.7727272727273,0.27,0,0.54,0.51,0.67,1.02,1.03,0.54,0.54,-1.52999997138977,0.897128763388297,-0.125,0.636363636363636,0.578947368421053,1,Tp_0225
"RNCMPT00225,max,ACACGCA,RBD_v3_198606",78.3081405797101,8.63939654301426,79.3515,6.56739130434783,2.69500935945876,6.15,6.74202898550725,3.12035093223886,6.1,6.39275362318841,2.84740949557042,5.8,3.55471356364264,0.866133063637784,3.52466702461243,0.219710144927536,0.280566501577312,0.08,20.2898550724638,0.28,0,0.44,0.48,0.58,2.61,2.6,0.44,0.44,-5.63000011444092,0.990970393432049,0.157894736842105,0.157894736842105,0.5,1,Tp_0225
"RNCMPT00225,max,ACACGCA,RBD_v3_213163",81.8766379746836,9.9443303245709,84.8368,3.57405063291139,3.08029157751854,2.6,4.13291139240506,3.75607956822233,2.9,3.01518987341772,2.57363798221232,1.9,3.6825396245039,0.834680192975312,3.66110587120056,0.402151898734177,0.412607937350092,0.2,70.8860759493671,0.27,0,0.54,0.5,0.67,0.94,0.95,0.54,0.54,-3.47000002861023,0.956399193314886,0.238095238095238,0.411764705882353,0.447368421052632,1,Tp_0225
"RNCMPT00225,min,GGGGGCC,RBD_v3_136946",63.0329149253731,9.72109849247398,65.1693,13.3865671641791,3.27906100391413,13.2,13.2507462686567,3.80312364177724,12.5,13.5223880597015,3.17627668894002,14,3.60045195159627,0.792134448014302,3.48120188713074,0.09955223880597,0.115960192174531,0.06,0,0.29,0,0.29,0.46,0.47,6.18,6.58,0.29,0.29,-5.30999994277954,0.97042113639059,0.238095238095238,0.294117647058823,0.447368421052632,0,Tp_0225
"RNCMPT00225,min,GGGGGCC,RBD_v3_156860",79.3778032967033,10.7952389856151,80.0669,4.28461538461538,3.05660207408754,3.2,4.50769230769231,3.34853967405464,3.9,4.06153846153846,3.13314783957211,2.9,3.62099766338265,0.815916706749004,3.63334560394287,0.280879120879121,0.345075348781967,0.06,9.89010989010989,0.28,0,0.5,0.51,0.64,0.98,1,0.5,0.5,-5.92999982833862,0.949511375587827,-0.090909090909091,0.5,0.421052631578947,0,Tp_0225
"RNCMPT00225,min,GGGGGCC,RBD_v3_207323",81.9455253731343,7.4577063049785,83.4271,3.29402985074627,1.83958004076152,2.45,3.88208955223881,2.6417926290474,2.5,2.70597014925373,1.25310288786687,2.2,3.5901664281959,0.885203332177537,3.60734844207764,0.325223880597015,0.315274571094232,0.2,5.97014925373134,0.28,0,0.62,0.51,0.74,1.58,1.59,0.62,0.62,-4.90000009536743,0.882531241328742,0.578947368421053,-0.272727272727273,0.366666666666667,0,Tp_0225
"RNCMPT00226,max,CAAUAAG,RBD_v3_129759",80.1360732673267,6.00975244361847,81.0885,4.76831683168317,1.88026225261634,4.35,4.62475247524753,2.34986833420913,4,4.91188118811881,1.70336649777509,4.6,3.55301205002435,0.891312884476525,3.64438557624817,0.240594059405941,0.256089132069981,0.12,56.4356435643564,0.25,0,0.63,0.73,0.78,2.21,2.58,0.63,0.63,-4.44000005722046,0.982848200563011,0.157894736842105,0.263157894736842,0.5,1,Tv_0226
"RNCMPT00226,max,CCAAUAA,RBD_v3_035596",64.9878095890411,13.206894741144,68.375,10.4027397260274,6.69750103900161,8.55,9.90958904109589,7.16195900387677,7.8,10.8958904109589,6.42649546703516,9.3,3.83651639174109,0.960669152564086,4.03314352035522,0.108767123287671,0.106209243235012,0.08,2.73972602739726,0.24,0,0.41,0.67,0.58,2.95,4.67,0.41,0.41,-3.51999998092651,0.936610717806957,0.25,0.454545454545455,0.578947368421053,1,Tv_0226
"RNCMPT00226,max,CCAAUAA,RBD_v3_061593",75.0659411214953,10.1306872470964,78.1689,6.45467289719626,3.494433124799,5.9,6.93364485981308,4.20201981812686,6.2,5.97570093457944,3.05341878053744,5.4,3.65126794242413,0.961401799193009,3.79834294319153,0.127289719626168,0.125484495723184,0.07,4.67289719626168,0.18,0,0.61,0.72,0.73,1.99,2.97,0.61,0.61,-3.21000003814697,0.966806202301564,-0.111111111111111,0.411764705882353,0.485714285714286,1,Tv_0226
"RNCMPT00226,min,UGUUUGU,RBD_v3_003265",67.9833571428572,8.48814042664755,67.7506,11.9126984126984,3.59353101861827,12.85,11.7634920634921,3.44642412098543,12.1,12.0619047619048,4.11830800566119,13.4,3.65511951938508,0.915947909030549,3.76294207572937,0.102380952380952,0.123428368748767,0.04,36.5079365079365,0.25,0,0.41,0.71,0.59,5.01,5.45,0.41,0.41,-2.74000000953674,0.93695455156163,0.5,-0.222222222222222,0.6,0,Tv_0226
"RNCMPT00226,min,UGUUUGU,RBD_v3_034402",75.4351657534247,5.49631592483697,76.3183,14.6698630136986,2.25699129444408,14.15,14.8808219178082,3.42586799764537,14.7,14.458904109589,2.11429234394805,14.3,3.45974719197783,0.946536804689409,3.40291929244995,0.152328767123288,0.133182420302477,0.1,13.6986301369863,0.25,0,0.4,0.68,0.58,8.64,8.97,0.4,0.4,-10.8199996948242,0.957011643069708,0.263157894736842,-0.4,0.512820512820513,0,Tv_0226
"RNCMPT00226,min,UUGUAUG,RBD_v3_042316",77.8337392405063,8.68260790628079,80.1486,7.31329113924051,5.41190940320606,4.95,7.28987341772152,5.49334317283571,5,7.33670886075949,5.46532606799776,4.7,3.38919783091243,0.904099383693062,3.33866548538208,0.134683544303798,0.126783031330816,0.11,30.379746835443,0.25,0,0.63,0.69,0.77,2.22,2.65,0.63,0.63,-7.32000017166138,0.990970393432049,0.157894736842105,-0.157894736842105,0.5,0,Tv_0226
"RNCMPT00228,max,UUUUUUU,RBD_v3_029559",68.8235723684211,8.04324775401245,70.6554,10.0289473684211,5.17225459000808,7.75,10.1644736842105,4.66898144345191,7.9,9.89342105263158,5.8133257383662,7.3,3.37847268895099,0.915499944156753,3.32513535022736,0.138026315789474,0.102710203801337,0.11,75,0.27,0,0.35,0.44,0.5,5.08,4.78,0.35,0.35,-4.38000011444092,0.960336745459753,0.125,-0.363636363636364,0.578947368421053,1,Pp_0228
"RNCMPT00228,max,UUUUUUU,RBD_v3_159452",69.6540464285714,7.87272433026515,70.92315,10.3041666666667,5.73396774007115,7.25,9.55595238095238,4.8274903353051,7.25,11.052380952381,6.73847925696149,7.3,3.53648873028301,0.91948671375729,3.54564392566681,0.164166666666667,0.1272811926721,0.16,60.7142857142857,0.31,0,0.36,0.47,0.53,4.14,3.73,0.36,0.36,-7.1399998664856,0.972861409666655,0.125,-0.272727272727273,0.578947368421053,1,Pp_0228
"RNCMPT00228,max,UUUUUUU,RBD_v3_234488",65.5958597826087,7.11050609821552,66.8781,12.1923913043478,4.88666572533178,9.75,11.125,3.8571647333527,9.5,13.2597826086957,6.0953424803059,9.9,3.51460242789725,0.858570393565263,3.47648227214813,0.085760869565217,0.07727834229748,0.06,64.1304347826087,0.28,0,0.34,0.44,0.5,6.22,6.8,0.34,0.34,-2.23000001907349,0.898395815990818,0.333333333333333,-0.555555555555556,0.6,1,Pp_0228
"RNCMPT00228,min,AAACAGC,RBD_v3_127048",69.7068831325301,6.56990841991374,69.4972,12.0873493975904,4.85717876668695,10.5,11.2397590361446,3.77223294676283,10.2,12.9349397590361,6.15030107799491,10.7,3.46568611587387,0.9104375739754,3.54103088378906,0.073493975903615,0.069500548075392,0.05,0,0.29,0,0.33,0.42,0.49,4.85,5.11,0.33,0.33,-3.46000003814697,0.978771866509032,-0.230769230769231,0.176470588235294,0.566666666666667,0,Pp_0228
"RNCMPT00228,min,AAACAGC,RBD_v3_241049",72.5130153846154,6.35985555723334,73.5153,11.7620879120879,2.20615730097154,11.55,9.79010989010989,2.45339016895465,9.2,13.7340659340659,2.53833802933336,13.2,3.55887390689535,0.872408384057537,3.6442756652832,0.308021978021978,0.239064007143693,0.28,72.5274725274725,0.3,0,0.36,0.44,0.52,5.68,7.93,0.36,0.36,-3.01999998092651,0.970672678000033,-0.166666666666667,0.222222222222222,0.6,0,Pp_0228
"RNCMPT00228,min,AAGUCGC,RBD_v3_022427",68.322766,6.17695921168926,69.31005,9.7245,1.50488254181064,9.75,8.542,1.50488631739505,8.3,10.907,2.48946284417447,10.95,3.62110076785088,0.955441543436615,3.61230492591858,0.1545,0.1074533020489,0.13,0,0.27,0,0.34,0.44,0.49,6.19,5.74,0.34,0.34,-3.11999988555908,0.948069982513254,0,0.5,0.533333333333333,0,Pp_0228
"RNCMPT00229,max,GUGUUUU,RBD_v3_106697",62.67726875,9.71266984273942,65.03465,18.5299107142857,2.57303637910009,17.4,17.4571428571429,2.72058268420023,17.05,19.6026785714286,2.98879166947123,19.15,3.43766273025955,1.03304080439591,3.51587927341461,0.100982142857143,0.110020144113167,0.05,0,0.2,0,0.26,0.47,0.4,12.19,13.28,0.26,0.26,-4.11999988555908,0.972861409666655,-0.058823529411765,-0.333333333333333,0.552631578947368,1,Pp_0229
"RNCMPT00229,max,UGUUUUG,RBD_v3_071774",68.454714159292,12.1592697749265,71.5736,8.07300884955752,3.16420433605008,7.8,7.69203539823009,3.02752673672635,7.3,8.45398230088496,3.51821879137294,7.9,3.39232736825943,0.949726160413051,3.37489771842956,0.300973451327434,0.228559013174192,0.28,10.6194690265487,0.2,0,0.49,0.59,0.61,3.19,2.93,0.49,0.49,-2.99000000953674,0.97042113639059,-0.142857142857143,-0.083333333333333,0.631578947368421,1,Pp_0229
"RNCMPT00229,max,UGUUUUG,RBD_v3_108076",57.7882165217391,8.35908829429036,57.0821,15.9904347826087,3.25874596246813,16.45,14.2773913043478,3.39359719279429,14.7,17.7034782608696,3.60099719217219,18.7,3.5463911227558,0.982090991365062,3.7469756603241,0.137652173913043,0.156907227226023,0.07,64.3478260869565,0.21,0,0.24,0.45,0.39,8.24,9.35,0.24,0.24,-6.11999988555908,0.879639958308835,0.571428571428571,-0.44,0.641025641025641,1,Pp_0229
"RNCMPT00229,min,GACGGAC,RBD_v3_018982",62.116980952381,9.61266108857112,64.7947,15.997619047619,2.66933619249215,15.875,15.3714285714286,2.83844397507785,15.35,16.6238095238095,2.94371370430622,16.7,3.51852104777382,0.96240401055915,3.63509631156921,0.141309523809524,0.140753392493985,0.07,0,0.2,0,0.23,0.46,0.37,10.13,10.67,0.23,0.23,-5.84999990463257,0.994985417684099,-0.052631578947368,0.157894736842105,0.5,0,Pp_0229
"RNCMPT00229,min,GACGGAC,RBD_v3_099342",68.8860871559633,9.07421083734416,70.1461,10.8215596330275,3.58400747516786,11.9,9.89357798165138,3.28397554997659,10.6,11.7495412844037,4.54633804313389,12.3,3.48317892726408,0.938076081000154,3.52724266052246,0.208165137614679,0.147423333104807,0.19,0,0.22,0,0.34,0.45,0.48,3.85,4.07,0.34,0.34,-5.59999990463257,0.981649930192858,0.181818181818182,0.125,0.421052631578947,0,Pp_0229
"RNCMPT00229,min,GACGGAC,RBD_v3_114462",70.0526021052632,11.5529427014955,72.4832,9.64,4.42976273318791,11.05,8.54526315789474,3.93834851501945,8.7,10.7347368421053,5.46212818825271,11.2,3.58707860896462,0.888854976622904,3.61744809150696,0.232842105263158,0.171908332561372,0.23,0,0.2,0,0.38,0.49,0.5,3.15,3.18,0.38,0.38,-5.38000011444092,0.96214231424466,0.181818181818182,0.375,0.421052631578947,0,Pp_0229
"RNCMPT00230,max,GAAGGAC,RBD_v3_017741",60.7505483870968,9.07521027391572,62.7191,11.7301075268817,2.97253862176381,10.9,11.4860215053763,3.54332168519172,11.2,11.9741935483871,2.89519479054093,11.2,3.57423083243832,0.961183723887252,3.62857747077942,0.093763440860215,0.13284441683294,0.04,39.7849462365591,0.32,0,0.38,0.4,0.55,6.58,7.25,0.38,0.38,-6.40999984741211,0.982848200563011,0.157894736842105,0.263157894736842,0.5,1,Tb_0230
"RNCMPT00230,max,GAAGGAC,RBD_v3_021219",55.6350585365854,7.87439941236283,57.2271,17.3567073170732,3.03544657966015,17.15,16.480487804878,3.31068002504689,15.9,18.2329268292683,3.13959401629773,18.9,3.53950510810061,1.10217341925702,3.76998841762543,0.037317073170732,0.04280442980675,0.02,9.75609756097561,0.34,0,0.23,0.37,0.43,10.58,12.13,0.23,0.23,-5.26999998092651,0.98986211886685,0.125,0.157894736842105,0.542857142857143,1,Tb_0230
"RNCMPT00230,max,GAAGGAC,RBD_v3_237177",53.851863,7.71396949017066,55.8562,19.6225,1.59031753071041,19.875,18.097,2.04679868293998,18.4,21.148,1.54609184720701,21.05,3.49352973878384,1.13584628568094,3.82261109352112,0.0194,0.019112637946996,0.01,42,0.34,0,0.24,0.35,0.43,12.85,17.83,0.24,0.24,-5.90999984741211,0.973041590739604,0.052631578947368,0.375,0.457142857142857,1,Tb_0230
"RNCMPT00230,min,CCUUUUC,RBD_v3_095164",59.3854558139535,10.6615985529884,60.2014,14.5802325581395,3.75957819184208,15.8,13.643023255814,3.79391279312081,14.55,15.5174418604651,4.02560019231229,16.6,3.41997482887534,1.03448410789122,3.45184171199799,0.063023255813954,0.070695199395081,0.04,66.2790697674419,0.34,0,0.33,0.34,0.5,6.9,7.56,0.33,0.33,-6.23999977111816,0.967225909741359,-0.157894736842105,0.090909090909091,0.366666666666667,0,Tb_0230
"RNCMPT00230,min,UUUGCUU,RBD_v3_045133",67.6581862745098,7.35565376575107,68.0641,11.6647058823529,2.59663809795757,11.45,11.856862745098,2.82901077424324,11.9,11.4725490196078,2.64696644718988,11.1,3.63731089526532,1.00852335602906,3.70685172080994,0.127647058823529,0.15372167362209,0.05,80.3921568627451,0.34,0,0.37,0.36,0.54,7.06,6.75,0.37,0.37,-2.50999999046326,0.967355608866864,-0.375,-0.090909090909091,0.578947368421053,0,Tb_0230
"RNCMPT00230,min,UUUUCUC,RBD_v3_237889",74.7090909090909,8.99271351803528,78.088,6.47424242424242,3.17441990368976,5.225,6.24090909090909,3.63055313745937,4.85,6.70757575757576,2.90677249545374,5.95,3.56891761584715,1.09283923121168,3.69659459590912,0.213484848484848,0.169655691366525,0.17,0,0.33,0,0.41,0.39,0.57,2.83,3.47,0.41,0.41,-3.80999994277954,0.946371799620937,-0.368421052631579,-0.375,0.457142857142857,0,Tb_0230
"RNCMPT00232,max,AUUUUUU,RBD_v3_056008",66.4844944444445,10.8253347196076,66.044,10.6105555555556,4.36762537007049,10.925,10.1088888888889,4.77640842090016,10.75,11.1122222222222,4.07717206957149,11.4,3.73549526664946,0.853766302360786,3.88108026981354,0.165111111111111,0.161740841704116,0.1,33.3333333333333,0.15,0,0.36,0.49,0.46,3.59,4.74,0.36,0.36,-6.32999992370606,0.902797502680033,0.571428571428571,-0.333333333333333,0.631578947368421,1,Smp_067420
"RNCMPT00232,max,AUUUUUU,RBD_v3_119555",68.7587412698413,6.06938400346321,70.187,10.1960317460317,2.90088003314819,9.75,9.91904761904762,2.8321801213255,9,10.4730158730159,3.26551909370576,9.9,3.59282582903665,0.768889682384693,3.61038041114807,0.185555555555556,0.142916372770004,0.15,30.1587301587302,0.14,0,0.28,0.5,0.39,5.93,5.65,0.28,0.28,-3.01999998092651,0.915129625944227,0,-0.5,0.631578947368421,1,Smp_067420
"RNCMPT00232,max,UUUUUUU,RBD_v3_152449",68.3681315789474,5.97175761367497,70.3472,14.0710526315789,2.57659360133999,14.6,13.4368421052632,3.12476465279201,13.9,14.7052631578947,2.32120820238017,15,3.64535273585403,0.896855146149754,3.74599647521973,0.075614035087719,0.064003837604242,0.05,12.280701754386,0.12,0,0.29,0.47,0.39,8.25,9.99,0.29,0.29,-3.69000005722046,0.913224371008154,0.384615384615385,-0.36,0.657894736842105,1,Smp_067420
"RNCMPT00232,min,AGAGUCG,RBD_v3_016813",79.889096969697,8.1323023996892,82.1133,4.12878787878788,2.32230092474718,3.225,4.27272727272727,3.50930830153818,3,3.98484848484849,1.42658736681337,3.5,3.42013445767489,0.823523134052394,3.40381109714508,0.336969696969697,0.225408823095143,0.325,1.51515151515152,0.14,0,0.58,0.68,0.67,1.59,1.85,0.58,0.58,-5.51999998092651,0.994985417684099,-0.058823529411765,0.047619047619048,0.552631578947368,0,Smp_067420
"RNCMPT00232,min,GAGUCGU,RBD_v3_210386",66.9385397058824,11.5785266918581,65.401,11.4926470588235,6.13553550014775,13.8,11.0308823529412,5.81832558754398,11.95,11.9544117647059,6.56404575423878,14,3.49967926565339,0.935959986119248,3.54473519325256,0.196764705882353,0.248838742823064,0.05,0,0.13,0,0.45,0.55,0.54,3.95,3.39,0.45,0.45,-6.67999982833862,0.986863224815062,0.090909090909091,0.125,0.421052631578947,0,Smp_067420
"RNCMPT00232,min,GUGAGUC,RBD_v3_029833",75.9954459016393,7.13956992714018,77.5882,5.1016393442623,2.01515026762098,4.75,4.59180327868853,2.51477600606013,4,5.61147540983607,1.80232242404587,5.2,3.51768736565699,0.817244055516241,3.38754272460937,0.297213114754098,0.17987153885983,0.26,0,0.14,0,0.47,0.53,0.55,2.18,2.88,0.47,0.47,-3.82999992370606,0.991355861529484,-0.2,0,0.473684210526316,0,Smp_067420
"RNCMPT00234,max,AUUGCAC,RBD_v3_006938",81.9206742268041,9.72926452044594,83.2779,4.91907216494845,3.90139827563845,2.85,5.68350515463917,4.68889824506539,3.1,4.15463917525773,3.36312790353454,2.9,3.6402194868658,0.813706481713935,3.66801023483276,0.344226804123711,0.388651072759858,0.12,71.1340206185567,0.29,0,0.63,0.49,0.75,1.1,1.19,0.63,0.63,-4.17000007629395,0.981649930192858,-0.125,0.181818181818182,0.578947368421053,1,MAL13P1.35
"RNCMPT00234,max,AUUGCAC,RBD_v3_035412",81.4894816326531,8.07947883746347,83.94785,3.83265306122449,2.33765789522197,3.025,4.70612244897959,3.52431367381645,3.4,2.95918367346939,1.24510064468733,2.7,3.65465791249762,0.791567591111056,3.62666094303131,0.411122448979592,0.391249340839499,0.265,69.3877551020408,0.28,0,0.67,0.54,0.78,1.27,1.31,0.67,0.67,-4.17999982833862,0.994985417684099,-0.157894736842105,0.052631578947368,0.5,1,MAL13P1.35
"RNCMPT00234,max,AUUGCAC,RBD_v3_130306",85.9064819047619,9.27057809289671,86.8929,3.73047619047619,4.37578287082446,2.8,4.21809523809524,4.46104465500172,2.9,3.24285714285714,4.52813548704221,2.4,3.73494035062336,0.803715328566932,3.66941618919373,0.354666666666667,0.401157140385225,0.11,64.7619047619048,0.33,0,0.67,0.5,0.81,0.98,1.07,0.67,0.67,-4.8600001335144,0.986389195400269,0,0.2,0.428571428571429,1,MAL13P1.35
"RNCMPT00234,min,GGGGGGC,RBD_v3_141495",60.6263290598291,11.4165118894329,63.617,13.6478632478632,4.73276543585173,11.75,13.8025641025641,4.43295770996695,11.8,13.4931623931624,5.19744178610524,11.7,3.50595751226458,0.914440655686463,3.42514300346375,0.15008547008547,0.192284342820621,0.06,6.83760683760684,0.28,0,0.31,0.44,0.47,8.51,6.69,0.31,0.31,-5.90000009536743,0.962298943521553,0.368421052631579,0.263157894736842,0.5,0,MAL13P1.35
"RNCMPT00234,min,GGGGGGG,RBD_v3_169117",68.1639047169811,7.46370246175427,68.63935,10.4278301886792,4.35597608212354,9.35,10.3481132075472,3.7275609574927,9.65,10.5075471698113,5.25394542203798,8.7,3.52259889245033,1.0553626305666,3.68560898303986,0.165471698113208,0.222929124228913,0.05,0,0.27,0,0.42,0.45,0.56,3.94,3.73,0.42,0.42,-3.84999990463257,0.899616505266622,0.619047619047619,0.294117647058823,0.447368421052632,0,MAL13P1.35
"RNCMPT00234,min,GGGGGGG,RBD_v3_218264",70.4139392857143,13.170545027408,72.33485,9.75044642857143,7.60814965943412,6.225,9.28928571428571,7.18651586626025,6.55,10.2116071428571,8.22268610389523,6.2,3.49617959452527,0.981197857493454,3.59466922283173,0.231607142857143,0.315324953428723,0.075,7.14285714285714,0.3,0,0.42,0.45,0.58,1.73,1.77,0.42,0.42,-4.53000020980835,0.913224371008154,0.619047619047619,-0.058823529411765,0.447368421052632,0,MAL13P1.35
"RNCMPT00235,max,CUAAACU,RBD_v3_005450",65.0312356060606,7.38612329195699,66.003,12.6890151515152,2.55573232654743,12.55,12.669696969697,2.66950375335025,12.9,12.7083333333333,2.99054596018003,12.25,3.53825424340638,0.875919354730625,3.58373188972473,0.153181818181818,0.207656197742305,0.06,0,0.19,0,0.37,0.5,0.49,8.19,7.52,0.37,0.37,-3.0699999332428,0.9611460538546,-0.058823529411765,0.444444444444444,0.514285714285714,1,PFF0320c
"RNCMPT00235,max,CUAAACU,RBD_v3_116458",65.0312356060606,7.38612329195699,66.003,12.6890151515152,2.55573232654743,12.55,12.669696969697,2.66950375335025,12.9,12.7083333333333,2.99054596018003,12.25,3.53825424340638,0.875919354730625,3.58373188972473,0.153181818181818,0.207656197742305,0.06,0,0.19,0,0.37,0.5,0.49,8.19,7.52,0.37,0.37,-3.0699999332428,0.9611460538546,-0.058823529411765,0.444444444444444,0.514285714285714,1,PFF0320c
"RNCMPT00235,max,CUAAACU,RBD_v3_203043",79.0878488,8.48541810908968,80.3252,4.3468,3.05196092436829,3.8,4.0472,3.14672323167675,3.2,4.6464,3.07706248691623,4.4,3.56693887138367,0.895621537687106,3.54768991470337,0.31128,0.292229958058883,0.2,27.2,0.19,0,0.67,0.55,0.74,1.42,1.51,0.67,0.67,-2.83999991416931,0.97042113639059,-0.294117647058823,0.238095238095238,0.552631578947368,1,PFF0320c
"RNCMPT00235,min,AGGGGGG,RBD_v3_014874",81.5598723214286,7.7287252760381,83.847,3.73303571428571,3.29309647522046,2.9,3.85535714285714,3.77222756103085,2.8,3.61071428571429,3.05290755350445,2.9,3.66197407831039,0.857434531338818,3.74018466472626,0.377321428571428,0.3250280158205,0.315,1.78571428571429,0.19,0,0.67,0.59,0.75,1.21,1.39,0.67,0.67,-6.82999992370606,0.986863224815062,0.176470588235294,0.142857142857143,0.552631578947368,0,PFF0320c
"RNCMPT00235,min,AGGGGGG,RBD_v3_102568",61.4467791044776,11.1593137304697,60.7435,16.2373134328358,5.77711549172947,16.425,16.4149253731343,5.65324455994426,16.2,16.0597014925373,6.02247818752761,16.4,3.51237171799389,0.964524346480201,3.66433763504028,0.113358208955224,0.173547436820148,0.03,33.5820895522388,0.19,0,0.33,0.47,0.45,6.94,5.25,0.33,0.33,-5.67000007629395,0.949871879349131,0.368421052631579,0.368421052631579,0.5,0,PFF0320c
"RNCMPT00235,min,GGGGGGG,RBD_v3_011032",74.6005181818182,10.7508037179532,77.7875,7.52575757575758,4.89369622887205,5.25,7.58712121212121,4.97553411614478,5.05,7.46439393939394,4.93066634667699,5.5,3.58838009111809,0.909935852570644,3.56096172332764,0.179848484848485,0.217564537581275,0.1,43.9393939393939,0.19,0,0.74,0.6,0.81,2.47,2.19,0.74,0.74,-9.81999969482422,0.90922987573756,0.44,0.230769230769231,0.342105263157895,0,PFF0320c
"RNCMPT00236,max,CUUUUUU,RBD_v3_138040",56.9354032967033,8.06948084329608,57.6301,16.8142857142857,4.10501242192116,17.15,16.6362637362637,3.47817054349989,16.9,16.9923076923077,4.94656403238609,15.9,3.45932030677795,0.992502311242099,3.43621230125427,0.035384615384615,0.026804132861586,0.03,0,0.11,0,0.22,0.34,0.3,9.28,7.97,0.22,0.22,-4.46000003814697,0.915129625944227,0,-0.5,0.631578947368421,1,Tv_0236
"RNCMPT00236,max,UUUUUUU,RBD_v3_126980",73.9019202531645,6.35666726404162,76.4101,5.63670886075949,2.28803617592825,5.1,5.34177215189873,2.58355785268859,4.8,5.93164556962025,2.20265249792488,5.3,3.42892615402801,0.94072238522144,3.52350831031799,0.177341772151899,0.112554361347563,0.17,58.2278481012658,0.12,0,0.41,0.48,0.48,2.37,3.26,0.41,0.41,-2.23000001907349,0.898395815990818,0.333333333333333,-0.555555555555556,0.6,1,Tv_0236
"RNCMPT00236,max,UUUUUUU,RBD_v3_234488",73.9019202531645,6.35666726404162,76.4101,5.63670886075949,2.28803617592825,5.1,5.34177215189873,2.58355785268859,4.8,5.93164556962025,2.20265249792488,5.3,3.42892615402801,0.94072238522144,3.52350831031799,0.177341772151899,0.112554361347563,0.17,58.2278481012658,0.12,0,0.41,0.48,0.48,2.37,3.26,0.41,0.41,-2.23000001907349,0.898395815990818,0.333333333333333,-0.555555555555556,0.6,1,Tv_0236
"RNCMPT00236,min,AGAAUGA,RBD_v3_083674",58.2173669354839,8.41487799506474,59.59175,13.3524193548387,3.32736776040096,13.575,12.3379032258065,3.32801834984425,11.85,14.366935483871,3.7168638273753,14.95,3.65294876021724,0.892441966333972,3.80680775642395,0.12258064516129,0.156775801640649,0.05,20.9677419354839,0.1,0,0.37,0.36,0.42,6.17,6.62,0.37,0.37,-5.80000019073486,0.9795363654177,0.066666666666667,0.130434782608696,0.605263157894737,0,Tv_0236
"RNCMPT00236,min,GAGAAAG,RBD_v3_021458",76.9361035714286,7.88894227954465,77.92145,4.36488095238095,3.21444199435213,2.875,4.53095238095238,3.46861925900929,3.05,4.19880952380952,3.28257517362674,2.85,3.4678528152761,0.92089406518486,3.45401561260223,0.364404761904762,0.328755782176375,0.29,0,0.1,0,0.58,0.62,0.64,1.33,1.4,0.58,0.58,-3.1800000667572,0.973041590739604,0.333333333333333,0.1,0.571428571428571,0,Tv_0236
"RNCMPT00236,min,GAGAAAG,RBD_v3_054403",74.0848494117647,7.62166260506108,73.641,5.37823529411765,3.60715597523754,3.8,5.32,3.63146959626147,3.7,5.43647058823529,3.91236887986049,3.4,3.32825742539238,0.951090093601773,3.42025256156921,0.331647058823529,0.292578223397987,0.24,0,0.11,0,0.52,0.53,0.58,1.42,1.61,0.52,0.52,-5.40000009536743,0.974726007693974,0.263157894736842,0.263157894736842,0.5,0,Tv_0236
"RNCMPT00237,max,AUGGAGU,RBD_v3_069009",74.1277535714286,3.57880550820275,75.0818,8.58035714285714,0.94822829780697,8.4,8.61785714285714,0.891961455498632,8.5,8.54285714285714,1.22184698424559,8.35,3.50272874747004,0.883212200594098,3.6125750541687,0.074285714285714,0.054052688385437,0.065,0,0.16,0,0.45,0.68,0.57,5.51,5.6,0.45,0.45,-5.30999994277954,0.897924096859973,0.714285714285714,0.083333333333333,0.631578947368421,1,Pp_0237
"RNCMPT00237,max,AUGGAGU,RBD_v3_144898",74.8002641975309,9.93256043775105,75.5918,7.0037037037037,3.03289030647518,6.65,6.89506172839506,3.43845536667876,6.5,7.11234567901235,2.78021504186499,6.9,3.47467436282723,0.96303512044242,3.54001641273499,0.186913580246914,0.189602491909446,0.1,16.0493827160494,0.16,0,0.57,0.72,0.68,3.07,3.41,0.57,0.57,-4.61999988555908,0.958358093480701,0.222222222222222,0.333333333333333,0.4,1,Pp_0237
"RNCMPT00237,max,UGGAGUU,RBD_v3_144567",77.894232183908,7.25181035343645,79.657,6.20172413793103,2.18987426998996,5.5,6.14712643678161,2.73567470018334,5.5,6.25632183908046,1.93238623116032,5.7,3.55987212712737,0.850317733902758,3.62035202980041,0.187816091954023,0.183318412068058,0.14,39.0804597701149,0.17,0,0.54,0.72,0.66,3.18,3.59,0.54,0.54,-5.40999984741211,0.948091287100033,0.411764705882353,-0.333333333333333,0.514285714285714,1,Pp_0237
"RNCMPT00237,min,AGACCAC,RBD_v3_052573",79.8832597402597,8.11807798573263,81.6634,4.54935064935065,2.53619189132797,3.7,4.47402597402597,3.37644326245528,3.2,4.62467532467533,1.93357834652395,4.2,3.5440488558311,0.783856991103777,3.65060925483704,0.250779220779221,0.201375312301801,0.18,50.6493506493506,0.17,0,0.59,0.71,0.7,2.22,2.26,0.59,0.59,-3.16000008583069,0.9795363654177,-0.238095238095238,0.176470588235294,0.447368421052632,0,Pp_0237
"RNCMPT00237,min,AGACCAC,RBD_v3_200824",78.6198,8.93353580667626,78.9708,11.9691780821918,7.63492810004432,17.35,12.0849315068493,7.04648594913483,15.9,11.8534246575342,8.35229646051812,16,3.57281675077464,0.903373485728673,3.59445118904114,0.262739726027397,0.206352316533672,0.24,46.5753424657534,0.16,0,0.65,0.72,0.75,3.02,2.21,0.65,0.65,-2.33999991416931,0.97808936524446,0.058823529411765,0.333333333333333,0.514285714285714,0,Pp_0237
"RNCMPT00237,min,GACUCAC,RBD_v3_101693",82.2422573333333,7.79784514302775,83.5367,3.62066666666667,2.30805132111504,2.8,4.04133333333333,3.30503683314853,2.6,3.2,1.36540262352331,2.8,3.48725240548452,0.84756266619926,3.47837972640991,0.2468,0.259631547660411,0.13,52,0.14,0,0.64,0.72,0.72,1.69,1.84,0.64,0.64,-5.17999982833862,0.948007703303971,-0.181818181818182,0.384615384615385,0.371428571428571,0,Pp_0237
"RNCMPT00238,max,GGAGGAA,RBD_v3_150109",62.2369248,4.66223514120427,62.9433,18.1872,4.47968489675262,19.9,17.9224,5.00140083602391,19.7,18.452,4.10567270822904,19.5,3.44047897195816,0.952947671230074,3.41893339157104,0.05496,0.09645844834987,0.02,34.4,0.35,0,0.29,0.32,0.47,9.89,8.29,0.29,0.29,-4.21999979019165,0.852543148912394,0.857142857142857,0.166666666666667,0.631578947368421,1,NCU02404
"RNCMPT00238,max,GGAGGAA,RBD_v3_167934",62.1507887323944,6.27357282562765,62.22335,18.7242957746479,2.05748707083391,18.75,18.8704225352113,2.77109673688277,18.7,18.5781690140845,2.41989731325374,18.7,3.38037637820546,1.20428045097341,3.59679543972015,0.054366197183099,0.078301696844311,0.02,19.7183098591549,0.35,0,0.39,0.34,0.56,11.08,11.07,0.39,0.39,-3.16000008583069,0.904703410999474,0.666666666666667,0.222222222222222,0.6,1,NCU02404
"RNCMPT00238,max,GGAGGAA,RBD_v3_224941",64.3430968253968,10.0600107072022,61.6904,14.4103174603175,6.77929817669655,13.65,14.6396825396825,6.85785491907942,15.2,14.1809523809524,6.90565119544708,12.1,3.39147678254143,1.04159414674583,3.5606861114502,0.128730158730159,0.184062507470767,0.04,3.17460317460317,0.35,0,0.45,0.32,0.6,4.72,4.82,0.45,0.45,-3.8199999332428,0.966457281989699,0.428571428571429,0,0.533333333333333,1,NCU02404
"RNCMPT00238,min,AGACCCU,RBD_v3_038773",58.5481760683761,9.65003277682168,59.8808,20.1653846153846,4.9019808695693,22,19.7735042735043,5.49434494797234,21.6,20.557264957265,4.50649562297381,22.2,3.45195791965876,0.98342127317232,3.51003623008728,0.065299145299145,0.120577437198392,0.02,21.3675213675214,0.34,0,0.23,0.31,0.42,7.76,7.29,0.23,0.23,-4.42000007629395,0.982848200563011,-0.157894736842105,0.263157894736842,0.5,0,NCU02404
"RNCMPT00238,min,AGACCCU,RBD_v3_051760",56.7861009615385,5.95934399055517,56.4431,21.4024038461538,1.75322698046591,21.5,20.7221153846154,2.12630116558104,20.8,22.0826923076923,1.96416648038263,22.35,3.55219342831809,0.996782969079476,3.80655217170715,0.025288461538462,0.032944694190113,0.015,35.5769230769231,0.37,0,0.2,0.31,0.41,15.19,17.19,0.2,0.2,-2.97000002861023,0.985475297227334,-0.2,0.2,0.5,0,NCU02404
"RNCMPT00238,min,AGACCCU,RBD_v3_123814",55.1390964912281,5.31042349353566,56.5318,20.1298245614035,2.58341989928633,20.675,19.1008771929825,2.99859836324857,19.7,21.1587719298246,2.46058527477231,21.55,3.61275690480282,1.03131328491501,3.82575070858002,0.033157894736842,0.03410851474089,0.02,1.75438596491228,0.35,0,0.23,0.31,0.42,12.05,16.06,0.23,0.23,-4.07999992370606,0.996804280445991,0,-0.052631578947368,0.542857142857143,0,NCU02404
"RNCMPT00239,max,AACCCUU,RBD_v3_164995",64.8523558823529,4.31069157773125,64.97955,13.5551470588235,2.23958851007698,14.525,12.2191176470588,1.58756899983471,12.7,14.8911764705882,3.24146342913555,15.2,3.34788755458944,0.89135769857219,3.39181303977966,0.158823529411765,0.165236415087412,0.085,11.7647058823529,0.3,0,0.29,0.5,0.49,8.67,7.31,0.29,0.29,-1.32000005245209,0.956399193314886,-0.444444444444444,0.2,0.526315789473684,1,PCBP1
"RNCMPT00239,max,AUUUCCC,RBD_v3_119948",68.7242309090909,7.07896229330579,68.3698,11.8509090909091,3.81370044609919,13.875,11.0890909090909,3.39965852183042,12.15,12.6127272727273,4.55404063132143,13.95,3.6504325308583,0.851891830084007,3.69634675979614,0.190727272727273,0.219079429652993,0.085,50,0.31,0,0.46,0.51,0.63,4.34,4.86,0.46,0.46,-3.23000001907349,0.934136706203068,-0.411764705882353,0.384615384615385,0.433333333333333,1,PCBP1
"RNCMPT00239,max,CCUUUCC,RBD_v3_002282",62.5090910958904,9.94575467041034,66.1993,14.5417808219178,3.50841858174493,14.75,13.2417808219178,3.74355090235544,12.45,15.8417808219178,3.75190538902321,16.55,3.53249041756538,0.97338063419209,3.74509918689728,0.124657534246575,0.187668689665524,0.03,21.2328767123288,0.3,0,0.36,0.51,0.54,6.43,7.88,0.36,0.36,-1.04999995231628,0.967225909741359,-0.375,0.142857142857143,0.466666666666667,1,PCBP1
"RNCMPT00239,min,GGGUGAG,RBD_v3_117076",60.0778376470588,9.91014684458234,61.949,17.9747058823529,1.9826122668238,17.9,16.1917647058824,3.30879821963554,16.6,19.7576470588235,1.38610248973329,19.7,3.65028029610129,0.791910217564267,3.73506784439087,0.131411764705882,0.159023455451558,0.06,0,0.31,0,0.28,0.5,0.48,10.9,13.21,0.28,0.28,-4.78999996185303,0.972311607127289,0.25,0.285714285714286,0.466666666666667,0,PCBP1
"RNCMPT00239,min,GGGUGAG,RBD_v3_159977",59.8036291338583,10.7656473627195,60.2789,19.5909448818898,5.42650175733268,22.1,19.4811023622047,4.87991888241624,21,19.7007874015748,6.23947362532368,22.9,3.54886398869237,0.972746613165742,3.6036651134491,0.057244094488189,0.093788661153041,0.01,13.3858267716535,0.31,0,0.32,0.49,0.51,10.18,6.91,0.32,0.32,-6.07000017166138,0.97042113639059,0.368421052631579,-0.157894736842105,0.5,0,PCBP1
"RNCMPT00239,min,GGGUGAG,RBD_v3_207160",76.2052382716049,13.0309547515864,73.6791,9.87962962962963,7.25071452417699,14.5,9.67777777777778,7.15513801404278,14,10.0814814814815,7.61342746585122,12.8,3.44545014993644,0.952534072495479,3.43894791603088,0.23,0.312181838036744,0.05,6.17283950617284,0.31,0,0.73,0.48,0.84,1.26,1.26,0.73,0.73,-4.82000017166138,0.970134489327324,0,0.368421052631579,0.542857142857143,0,PCBP1
"RNCMPT00240,max,AUUCCGA,RBD_v3_012219",61.3132848484849,10.4333568890878,66.891,12.1681818181818,4.578137895576,9.55,12.7454545454545,5.19471431535766,9.9,11.5909090909091,4.23736088535391,9.7,3.41817646857464,1.19280809266105,3.77638268470764,0.060606060606061,0.133766106365257,0.02,81.8181818181818,0.13,0,0.39,0.69,0.51,6.77,6.57,0.39,0.39,-3.72000002861023,0.986863224815062,-0.176470588235294,-0.142857142857143,0.552631578947368,1,PF10_0214
"RNCMPT00240,max,AUUCCGA,RBD_v3_149717",68.0697416666667,10.299722244532,67.20445,9.31666666666667,3.45354134059007,9.825,9.55833333333333,3.87802608879589,9.75,9.075,3.22706457684573,9.35,3.53439487445922,0.923357165705538,3.64722108840942,0.123095238095238,0.154763528832116,0.035,30.952380952381,0.13,0,0.42,0.49,0.5,4.01,4.07,0.42,0.42,-5.46000003814697,0.988591321492785,0.222222222222222,0.1,0.526315789473684,1,PF10_0214
"RNCMPT00240,max,AUUCCGA,RBD_v3_193698",62.11176,9.4448866371261,63.633,12.793,2.72248779536628,12.275,13.254,2.70978649659763,12.85,12.332,2.93476279332099,11.6,3.54657827734947,1.03124196228826,3.68876135349274,0.127,0.11555103122139,0.09,10,0.13,0,0.27,0.43,0.37,8.46,7.2,0.27,0.27,-4.40999984741211,0.9795363654177,0.111111111111111,0.3,0.526315789473684,1,PF10_0214
"RNCMPT00240,min,ACACGGA,RBD_v3_008850",60.3323103896104,10.268801645513,64.8149,18.5376623376623,1.72769918198491,18.2,17.6766233766234,2.39714172472003,17.8,19.3987012987013,1.4331134221185,19.1,3.51422780674773,0.993385639712042,3.54984903335571,0.016363636363636,0.021515544619811,0.01,24.6753246753247,0.13,0,0.27,0.46,0.37,13,14.36,0.27,0.27,-4.55999994277954,0.949308682562995,0.2,0.466666666666667,0.428571428571429,0,PF10_0214
"RNCMPT00240,min,ACACGGA,RBD_v3_228694",68.1719861702128,9.51229299757646,67.03705,9.82606382978723,3.00319479282045,10.1,9.9968085106383,3.46864455965397,10.05,9.65531914893617,2.76586788655314,9.85,3.53332953345268,0.959244911107449,3.5935423374176,0.09531914893617,0.090751961709412,0.07,38.2978723404255,0.12,0,0.38,0.47,0.46,4.44,4.9,0.38,0.38,-5.21000003814697,0.989242296754326,0.111111111111111,0.2,0.526315789473684,0,PF10_0214
"RNCMPT00240,min,ACACGGU,RBD_v3_024389",69.4397410958904,10.6719222967696,67.4347,9.77808219178082,5.68700996851945,9.2,9.52876712328767,5.60841330928749,11,10.027397260274,5.93584357652662,8.1,3.49772424567236,0.958164488296387,3.59870266914368,0.181369863013699,0.214652917963532,0.08,0,0.14,0,0.48,0.49,0.55,2.65,2.46,0.48,0.48,-2.0699999332428,0.953667851750936,-0.384615384615385,-0.090909090909091,0.628571428571429,0,PF10_0214
"RNCMPT00241,max,GACGACG,RBD_v3_044367",58.1865377192982,13.6526055314383,59.1708,16.2570175438597,7.50878210666372,17.25,16.1552631578947,7.11149004345079,16.8,16.3587719298246,8.02257667657932,17.95,3.43786843879181,0.995888325824537,3.40220868587494,0.129736842105263,0.214564636490772,0.02,27.1929824561403,0.22,0,0.38,0.48,0.51,4.71,4.3,0.38,0.38,-6.53000020980835,0.962298943521553,0.368421052631579,0.263157894736842,0.5,1,RBM45
"RNCMPT00241,max,GACGACG,RBD_v3_045602",64.3029322580645,13.6011477722899,63.54765,14.004435483871,8.19349834477833,17.55,14.5193548387097,8.23410197609555,17.15,13.4895161290323,8.31280546646648,17.2,3.48981996745833,0.914598664439579,3.68594253063202,0.160403225806452,0.236321398876076,0.03,20.9677419354839,0.22,0,0.43,0.48,0.55,2.34,1.98,0.43,0.43,-3.88000011444092,0.991355861529484,-0.058823529411765,0.142857142857143,0.552631578947368,1,RBM45
"RNCMPT00241,max,GACGGAC,RBD_v3_229876",57.9814815217391,12.1524320695324,58.2098,15.7510869565217,5.82182790231931,15.45,16.1717391304348,5.03579115398801,16.95,15.3304347826087,6.78799423563049,13.8,3.41457672870677,1.00597265172149,3.44226825237274,0.070434782608696,0.082193995174887,0.03,1.08695652173913,0.23,0,0.3,0.44,0.44,7.24,4.99,0.3,0.3,-4.98000001907349,0.982030026212328,0.294117647058823,0.111111111111111,0.514285714285714,1,RBM45
"RNCMPT00241,min,GAGUCGU,RBD_v3_148992",70.9498939130435,8.3497047222745,73.8657,8.84434782608696,3.6583524070401,8.2,8.85391304347826,4.21408013638576,7.5,8.83478260869565,3.57707229787941,8.4,3.50888076191363,0.968033991667366,3.53328967094421,0.210434782608696,0.19159712531424,0.15,3.47826086956522,0.25,0,0.39,0.46,0.53,4.15,3.61,0.39,0.39,-3.73000001907349,0.979649455264845,0,-0.333333333333333,0.473684210526316,0,RBM45
"RNCMPT00241,min,GUCGUCU,RBD_v3_105738",65.0475830188679,13.8217599727572,72.0138,9.97547169811321,5.17812171397704,7.8,11.6490566037736,5.48426499673627,9,8.30188679245283,5.30161407084374,6.1,3.49981051121118,0.974786921616063,3.40564465522766,0.132641509433962,0.141884987867967,0.06,0,0.26,0,0.37,0.45,0.52,6.38,2.96,0.37,0.37,-6.23999977111816,0.991355861529484,0.058823529411765,-0.142857142857143,0.552631578947368,0,RBM45
"RNCMPT00241,min,UCGUCUA,RBD_v3_152008",61.9222042016807,10.255981594316,62.573,15.8075630252101,3.75121245176574,15.35,16.7210084033613,3.18765824331906,16.2,14.8941176470588,4.88290504872411,14.7,3.48175339588598,0.96389990276343,3.51409244537354,0.062100840336135,0.055706159315901,0.05,22.6890756302521,0.26,0,0.3,0.45,0.45,10.66,4.77,0.3,0.3,-6.48000001907349,0.991355861529484,-0.142857142857143,0.058823529411765,0.447368421052632,0,RBM45
"RNCMPT00245,max,AGAUAGA,RBD_v3_038492",65.1709980392157,12.7668236571462,63.793,12.5901960784314,6.10629053678159,14,12.0107843137255,6.21642517473016,13.55,13.1696078431373,6.14110947527111,15.35,3.55723347208079,1.01316313142301,3.71208167076111,0.15843137254902,0.235614827056343,0.04,15.6862745098039,0.19,0,0.37,0.47,0.49,2.73,3.39,0.37,0.37,-4.59000015258789,0.981377551942568,0.294117647058823,-0.047619047619048,0.552631578947368,1,HNRNPAB
"RNCMPT00245,max,AGAUAGA,RBD_v3_052373",82.7078942528736,7.46595586281031,84.677,3.1735632183908,1.63418849572551,2.75,3.75747126436782,2.33992805414681,3.3,2.58965517241379,1.08638877819394,2.3,3.63559394869311,0.894724289797872,3.7459557056427,0.399310344827586,0.345542354632871,0.37,22.9885057471264,0.21,0,0.58,0.55,0.68,1.2,1.21,0.58,0.58,-5.53999996185303,0.96214231424466,0.444444444444444,0.1,0.526315789473684,1,HNRNPAB
"RNCMPT00245,max,AGAUAGA,RBD_v3_063948",68.1791015037594,16.3920311229082,74.6933,8.06654135338346,6.38824299422002,4.25,8.10526315789474,6.98544282656823,4.2,8.02781954887218,5.94699253485448,4.8,3.57801683325517,0.87596862430327,3.6267032623291,0.250601503759398,0.296501723124678,0.09,33.0827067669173,0.12,0,0.48,0.55,0.56,1.51,1.7,0.48,0.48,-6.01999998092651,0.994985417684099,0.157894736842105,0.052631578947368,0.5,1,HNRNPAB
"RNCMPT00245,min,UCGUCUU,RBD_v3_113357",77.6661813333333,8.06692213305223,77.7405,6.28866666666667,5.07604052263055,3.4,5.64933333333333,4.49141443240363,3.1,6.928,5.82328875223373,3.6,3.52020569483439,0.816199585380901,3.55030536651611,0.290266666666667,0.281078873865208,0.17,0,0.2,0,0.44,0.47,0.54,1.28,1.5,0.44,0.44,-2.75999999046326,0.98986211886685,-0.125,0.157894736842105,0.542857142857143,0,HNRNPAB
"RNCMPT00245,min,UCGUCUU,RBD_v3_201482",81.664143902439,7.84715789060118,84.5486,4.66951219512195,5.15223104645915,2.8,4.38048780487805,5.26693551850576,2.2,4.95853658536585,5.06946622484834,3.2,3.36582334303274,0.890367402270572,3.41807866096497,0.397560975609756,0.370484685836033,0.18,0,0.21,0,0.4,0.45,0.52,1.34,1.73,0.4,0.4,-4.23000001907349,0.981649930192858,0,0.3,0.526315789473684,0,HNRNPAB
"RNCMPT00245,min,UCUGUUC,RBD_v3_010608",72.3298616438356,8.49229288642274,75.0742,7.59041095890411,3.19722815643843,6.9,7.23835616438356,3.30889500425185,6.4,7.94246575342466,3.28510602772486,7.3,3.5421783581172,0.736700761423343,3.60903429985046,0.23027397260274,0.191347361584601,0.17,54.7945205479452,0.21,0,0.34,0.48,0.47,2.97,3.42,0.34,0.34,-3.76999998092651,0.954306349436356,0,-0.2,0.333333333333333,0,HNRNPAB
"RNCMPT00246,max,AUUUCCC,RBD_v3_026905",76.2206651376147,8.61711534378139,78.2115,6.81100917431193,4.79121668321008,4.3,5.89357798165138,3.86691271318122,3.9,7.72844036697248,5.76332741698686,4.7,3.53805575567648,0.882685246719998,3.6710159778595,0.256146788990826,0.279741640913344,0.12,41.2844036697248,0.21,0,0.51,0.58,0.63,2.2,2.88,0.51,0.51,-6.51000022888184,0.977747995787952,-0.294117647058823,0.142857142857143,0.552631578947368,1,Pcbp2
"RNCMPT00246,max,CCUUUCC,RBD_v3_122167",71.2790210526316,7.50523498137694,71.7163,9.46578947368421,4.65013412370235,11.125,8.9078947368421,4.36393593469305,10.3,10.0236842105263,5.08062642912079,11.05,3.58813346687116,0.693628612815947,3.61201405525208,0.264736842105263,0.267394707921756,0.17,10.5263157894737,0.24,0,0.49,0.54,0.62,3.24,2.94,0.49,0.49,-3.57999992370605,0.994949047732144,-0.142857142857143,0,0.533333333333333,1,Pcbp2
"RNCMPT00246,max,UUUCCCU,RBD_v3_036176",81.9069280701754,8.45358225743833,84.81685,5.01491228070176,3.92999543912321,3.125,4.80263157894737,3.51128296463771,3,5.22719298245614,4.41606650520091,3.1,3.61864781902547,0.788400949143259,3.5638599395752,0.375614035087719,0.359783698754917,0.23,30.7017543859649,0.23,0,0.72,0.59,0.81,1.35,1.21,0.72,0.72,-5.82999992370606,0.977747995787952,-0.294117647058823,0.142857142857143,0.552631578947368,1,Pcbp2
"RNCMPT00246,min,AGGGGGG,RBD_v3_071168",77.0639754716981,6.00608758840421,78.5625,7.69764150943396,3.58163558059238,7.125,7.45471698113208,3.69037698617497,7.85,7.94056603773585,3.8643616685193,6.4,3.62516120357333,0.782712241370344,3.60924923419952,0.352830188679245,0.341343995509574,0.245,0.943396226415094,0.22,0,0.45,0.57,0.58,2.28,3.23,0.45,0.45,-10.5600004196167,0.824253117675156,0.478260869565217,0.142857142857143,0.233333333333333,0,Pcbp2
"RNCMPT00246,min,AGGGGUG,RBD_v3_099688",59.3558873239437,9.36656082085829,56.0123,18.9401408450704,4.27888186093975,19.3,18.2338028169014,4.12317296896358,18.2,19.6464788732394,4.71659171696547,20.3,3.60052363805368,0.911564520149988,3.71851849555969,0.115915492957746,0.159710250720205,0.05,11.2676056338028,0.14,0,0.28,0.52,0.4,11.17,9.33,0.28,0.28,-8.86999988555908,0.904129670962501,0.5,0.285714285714286,0.368421052631579,0,Pcbp2
"RNCMPT00246,min,AGGGGUG,RBD_v3_227496",68.226820952381,12.3251612559719,72.5482,12.207619047619,7.7741397649032,8.1,12.2838095238095,7.32225432670215,8.3,12.1314285714286,8.26301204960202,8.3,3.6631330819357,0.811879285997306,3.6633825302124,0.164952380952381,0.203011575122454,0.07,14.2857142857143,0.21,0,0.48,0.56,0.61,4.65,3.37,0.48,0.48,-4.21999979019165,0.922946411418153,0.545454545454545,0.125,0.421052631578947,0,Pcbp2
"RNCMPT00248,max,ACGACGA,RBD_v3_043086",83.5505878048781,3.79938585689813,84.5593,2.2109756097561,0.64464255552224,2.1,2.26829268292683,0.772152518739091,2.1,2.15365853658537,0.564844032001583,2,3.60315324911257,0.839476968700682,3.72790789604187,0.452926829268293,0.373237484066372,0.43,0,0.23,0,0.55,0.61,0.68,1.35,1.24,0.55,0.55,-6.23000001907349,0.990492780969678,0,0.222222222222222,0.473684210526316,1,Rbm4.3
"RNCMPT00248,max,ACGACGA,RBD_v3_212621",67.5334074468085,15.982042755679,73.18105,9.64148936170213,6.45393369376704,7.125,9.09787234042553,6.00261553606845,6.4,10.1851063829787,7.03958022708082,7.1,3.45834686908316,0.876974970702223,3.49467468261719,0.215744680851064,0.194690210840733,0.145,32.9787234042553,0.21,0,0.39,0.5,0.52,3.71,3.81,0.39,0.39,-4.07000017166138,0.956739401689847,0.375,0.285714285714286,0.466666666666667,1,Rbm4.3
"RNCMPT00248,max,GACGACG,RBD_v3_046492",56.241294047619,13.8106129596339,57.1189,16.8428571428571,4.16610059264304,16.175,16.7297619047619,4.17501979684809,16,16.9559523809524,4.36509570660548,16.8,3.47314734189283,0.919258439672493,3.45598614215851,0.077380952380952,0.105443630205382,0.02,0,0.19,0,0.27,0.46,0.4,8.55,8.64,0.27,0.27,-5.07999992370606,0.9795363654177,0.238095238095238,0.176470588235294,0.447368421052632,1,Rbm4.3
"RNCMPT00248,min,AAGAUGU,RBD_v3_117268",71.5087382716049,10.1730791564866,70.7451,8.25740740740741,4.18303202766181,9.5,7.99259259259259,4.42051404753389,8.8,8.52222222222222,4.23627194594493,9.3,3.56619916138826,0.792300974210345,3.55357384681702,0.213333333333333,0.260638638731866,0.09,35.8024691358025,0.2,0,0.43,0.51,0.55,1.85,2.04,0.43,0.43,-3.90000009536743,0.956268333993228,0.333333333333333,0.3,0.571428571428571,0,Rbm4.3
"RNCMPT00248,min,AGUGUUG,RBD_v3_044344",63.456556043956,8.16850960067188,65.5736,15.3818681318681,3.84051151456791,14.85,16.3934065934066,3.83984381041735,15.6,14.3703296703297,4.06624299720665,14.1,3.51422654927432,0.97148380800713,3.51374983787537,0.075824175824176,0.095963719233028,0.04,40.6593406593407,0.19,0,0.27,0.54,0.42,8.93,6.23,0.27,0.27,-5.55999994277954,0.956399193314886,0.444444444444444,0.2,0.526315789473684,0,Rbm4.3
"RNCMPT00248,min,AGUGUUG,RBD_v3_084691",79.4317583333333,13.0102997060324,83.82925,5.31805555555556,6.19452699425385,3.075,5.35833333333333,6.49630114537716,2.7,5.27777777777778,6.11920214739102,3.3,3.73138689001401,0.89297394146726,3.70400726795197,0.358611111111111,0.267690149002566,0.455,44.4444444444444,0.23,0,0.44,0.49,0.57,2.01,1.96,0.44,0.44,-5.05999994277954,0.97042113639059,0.368421052631579,0.157894736842105,0.5,0,Rbm4.3
"RNCMPT00249,max,AUUGCAC,RBD_v3_028293",78.6814744897959,10.0427757568479,77.6765,5.25408163265306,3.74401015416686,3.675,5.6234693877551,4.49679842628976,3.6,4.88469387755102,3.21691252507474,3.3,3.75007711381328,0.832311333539669,3.76898396015167,0.347040816326531,0.364542388421467,0.155,52.0408163265306,0.23,0,0.62,0.59,0.73,1.19,1.34,0.62,0.62,-4.05000019073486,0.98986211886685,0.157894736842105,0.125,0.457142857142857,1,Pr_0249
"RNCMPT00249,max,AUUGCAC,RBD_v3_049638",78.2561903508772,13.6819860094386,78.16465,5.37631578947368,4.06819745762933,4.725,5.41491228070175,4.77547629939073,4.1,5.33771929824561,3.84142281786866,4.6,3.65499352415403,0.875261511980139,3.69289100170135,0.361578947368421,0.364896830970042,0.18,45.6140350877193,0.25,0,0.67,0.54,0.76,1.1,1.26,0.67,0.67,-4.76999998092651,0.953667851750936,0.052631578947368,0.5,0.457142857142857,1,Pr_0249
"RNCMPT00249,max,AUUGCAC,RBD_v3_130306",87.2238825396825,6.48378642527352,88.8504,2.8031746031746,3.01322184519774,1.85,2.94126984126984,3.33295543172756,1.9,2.66507936507937,2.88847312774909,1.8,3.62623666960096,0.896928813551231,3.66751480102539,0.465873015873016,0.433007617159534,0.23,73.015873015873,0.23,0,0.65,0.5,0.73,1.13,1.22,0.65,0.65,-4.8600001335144,0.986389195400269,0,0.2,0.428571428571429,1,Pr_0249
"RNCMPT00249,min,GGGGGGG,RBD_v3_055167",79.9451421875,11.850003597867,85.0397,3.93828125,2.51105084856665,3.25,4.01875,3.04599007804614,3.1,3.8578125,2.06711244712222,3.3,3.42541230516508,1.09633377187024,3.49029576778412,0.33140625,0.36529556281768,0.1,0,0.24,0,0.52,0.48,0.63,1.14,1.43,0.52,0.52,-5.51000022888184,0.865307929792571,0.6,0.230769230769231,0.342105263157895,0,Pr_0249
"RNCMPT00249,min,GGGGGGG,RBD_v3_092948",82.0380516666667,9.45943608969805,85.36925,4.00333333333333,3.1302632513255,2.8,4.46833333333333,4.31687629009157,2.65,3.53833333333333,2.02066373276306,2.95,3.54327862262726,0.750920107156543,3.46433079242706,0.4385,0.402710414524012,0.27,1.66666666666667,0.25,0,0.62,0.47,0.71,1.32,1.84,0.62,0.62,-4.17999982833862,0.882610302233557,0.714285714285714,0.058823529411765,0.447368421052632,0,Pr_0249
"RNCMPT00249,min,GGGGGGG,RBD_v3_131335",74.7142476923077,11.609616163109,76.9904,7.11692307692308,3.6506129293059,6.35,7.09384615384615,3.90375928285307,6.5,7.14,3.56746583725759,6.4,3.68142409508045,0.864297265060061,3.89897036552429,0.274769230769231,0.260954424255389,0.13,1.53846153846154,0.24,0,0.37,0.44,0.5,2.29,3.52,0.37,0.37,-5.17999982833862,0.94841021822029,0.4,0.333333333333333,0.473684210526316,0,Pr_0249
"RNCMPT00251,max,AUUCACA,RBD_v3_129200",72.4787435483871,7.89001478671807,74.3201,7.24274193548387,6.68676725278865,3.375,7.45,6.70438442303268,3.55,7.03548387096774,7.04959240245272,3.6,3.51493550308289,0.8828306432145,3.51133453845978,0.339354838709677,0.302610884528662,0.24,82.258064516129,0.13,0,0.55,0.47,0.6,2.55,2.07,0.55,0.55,-4.05999994277954,0.94841021822029,-0.4,0.333333333333333,0.473684210526316,1,Tb_0251
"RNCMPT00251,max,AUUCACA,RBD_v3_203299",58.7777181818182,8.17015765683322,56.89915,14.3166666666667,7.33197598160767,11.875,14.8818181818182,7.06026604621643,12.65,13.7515151515152,7.80193747976927,10.5,3.29778252858104,1.0633231027254,3.40534651279449,0.165454545454545,0.20483525701764,0.06,51.5151515151515,0.13,0,0.28,0.46,0.38,6.31,5.12,0.28,0.28,-4.92000007629395,0.967551496936124,0.368421052631579,0.125,0.457142857142857,1,Tb_0251
"RNCMPT00251,max,AUUCACA,RBD_v3_237707",72.4787435483871,7.89001478671807,74.3201,7.24274193548387,6.68676725278865,3.375,7.45,6.70438442303268,3.55,7.03548387096774,7.04959240245272,3.6,3.51493550308289,0.8828306432145,3.51133453845978,0.339354838709677,0.302610884528662,0.24,82.258064516129,0.13,0,0.55,0.47,0.6,2.55,2.07,0.55,0.55,-4.05999994277954,0.94841021822029,-0.4,0.333333333333333,0.473684210526316,1,Tb_0251
"RNCMPT00251,min,CGUGAGU,RBD_v3_208907",54.1609020833333,8.57720709365481,56.2259,16.7,2.22624576647907,17.05,15.5208333333333,1.84078594839308,15.4,17.8791666666667,3.01174709552045,18.3,3.2979701316605,1.18397787896615,3.22406542301178,0.121041666666667,0.110861991708943,0.09,0,0.13,0,0.28,0.46,0.38,10.18,10.66,0.28,0.28,-4.32000017166138,0.957368817970507,0.285714285714286,-0.166666666666667,0.631578947368421,0,Tb_0251
"RNCMPT00251,min,GAGUGGU,RBD_v3_068788",68.5556671641791,8.73163410278775,67.7127,8.83955223880597,7.45150247872277,5.85,9.03283582089552,7.86140144919238,5,8.64626865671642,7.40817174432374,4.7,3.62998204978544,0.832323561624155,3.70148992538452,0.344776119402985,0.354060250860299,0.14,32.8358208955224,0.13,0,0.49,0.49,0.56,1.56,1.9,0.49,0.49,-4.46000003814697,0.981449048557565,0.285714285714286,-0.125,0.533333333333333,0,Tb_0251
"RNCMPT00251,min,GAGUGGU,RBD_v3_240778",67.6640658823529,9.1360200136153,67.3436,9.67764705882353,6.30801882849253,8.55,9.71176470588235,6.77907164182014,9.7,9.64352941176471,6.14905039240136,8.6,3.50573417719673,0.841763684189114,3.60180711746216,0.285176470588235,0.339879571685766,0.1,28.2352941176471,0.13,0,0.49,0.47,0.55,1.51,2.16,0.49,0.49,-4.84999990463257,0.963443790866632,0.384615384615385,0.176470588235294,0.566666666666667,0,Tb_0251
"RNCMPT00252,max,GUAGAUA,RBD_v3_003163",64.4373633879781,9.00540631947372,66.3582,12.7699453551913,6.50572220630184,9.35,12.6114754098361,6.34711403729395,10.6,12.9284153005465,6.84465470453989,8.5,3.5328320369043,1.01371381144483,3.66742467880249,0.11775956284153,0.164363263935942,0.05,25.6830601092896,0.13,0,0.53,0.5,0.58,3.2,4.96,0.53,0.53,-6.42999982833862,0.946371799620937,0.375,0.368421052631579,0.542857142857143,1,Tb_0252
"RNCMPT00252,max,GUAGAUA,RBD_v3_114558",64.4373633879781,9.00540631947372,66.3582,12.7699453551913,6.50572220630184,9.35,12.6114754098361,6.34711403729395,10.6,12.9284153005465,6.84465470453989,8.5,3.5328320369043,1.01371381144483,3.66742467880249,0.11775956284153,0.164363263935942,0.05,25.6830601092896,0.13,0,0.53,0.5,0.58,3.2,4.96,0.53,0.53,-6.42999982833862,0.946371799620937,0.375,0.368421052631579,0.542857142857143,1,Tb_0252
"RNCMPT00252,max,GUAGAUA,RBD_v3_122927",68.6880905511811,13.669229419111,65.3784,8.95629921259843,5.84762532227923,9,8.79370078740157,5.9506001835682,8.9,9.11889763779528,5.83538375233865,9,3.5771734343739,1.03212236902498,3.77726817131042,0.149763779527559,0.230914209888562,0.02,38.5826771653543,0.15,0,0.52,0.49,0.59,1.59,1.54,0.52,0.52,-4.55999994277954,0.979649455264845,-0.25,0.090909090909091,0.578947368421053,1,Tb_0252
"RNCMPT00252,min,AGGGGGG,RBD_v3_152400",65.0385783333333,7.15269434478692,65.75345,13.68375,3.45178167671385,12.8,13.535,3.63744877811982,12.35,13.8325,3.58639264231818,13.05,3.53806871424119,0.990134185732212,3.58019864559174,0.091833333333333,0.10632899106893,0.06,7.5,0.15,0,0.26,0.46,0.37,8.13,7.97,0.26,0.26,-2.99000000953674,0.931107089101555,0.466666666666667,0.304347826086957,0.605263157894737,0,Tb_0252
"RNCMPT00252,min,GGGGGGC,RBD_v3_131114",60.5507115107914,12.9215555248376,60.2826,17.3723021582734,5.13311984073459,18.95,17.8064748201439,4.39667543427547,18.2,16.9381294964029,6.21904969304463,19.1,3.59178382372685,0.966550007882677,3.70900225639343,0.054892086330935,0.072054396787013,0.02,22.3021582733813,0.12,0,0.36,0.48,0.44,9.73,5.05,0.36,0.36,-7.07999992370606,0.956739401689847,0.1,0,0.333333333333333,0,Tb_0252
"RNCMPT00252,min,GGGGGGC,RBD_v3_195000",75.1368126436782,9.98932496485337,76.4902,5.44827586206897,3.17948957688602,4.7,5.47701149425287,3.25557486615938,4.6,5.41954022988506,3.25089751759024,4.8,3.35126176990312,1.01426932598394,3.29591393470764,0.202988505747126,0.218510363452431,0.11,25.2873563218391,0.13,0,0.66,0.5,0.69,2.01,2.11,0.66,0.66,-7.09999990463257,0.92967993171725,0.2,-0.4,0.333333333333333,0,Tb_0252
"RNCMPT00253,max,AGAAAAA,RBD_v3_100829",64.52295,7.93620418125686,66.6048,15.8527027027027,4.47047678818872,14.975,15.6283783783784,4.52602512972514,15.35,16.077027027027,4.60270690237783,15.2,3.46119124543022,0.96886124258245,3.39216554164886,0.076351351351351,0.093809393149404,0.04,25.6756756756757,0.12,0,0.31,0.57,0.42,7.44,7.39,0.31,0.31,-1.05999994277954,0.923032802997579,0,0.523809523809524,0.6,1,Tb_0253
"RNCMPT00253,max,AGAAAAA,RBD_v3_217452",73.6780842424242,13.688756967356,79.2081,9.18363636363636,7.89657837996082,5.4,9.26727272727273,7.93307497079408,5.6,9.1,7.90090300489019,5.3,3.54513847033183,0.924984519789165,3.67838263511658,0.220181818181818,0.278176713284464,0.09,27.8787878787879,0.12,0,0.6,0.6,0.66,1.29,1.16,0.6,0.6,-6.78000020980835,0.986389195400269,0.052631578947368,0.25,0.457142857142857,1,Tb_0253
"RNCMPT00253,max,AGAAAUA,RBD_v3_020310",71.9490055900621,6.89548290623333,72.3589,9.15031055900621,2.12038835545527,9.4,9.39813664596273,2.1322075429496,9.6,8.90248447204969,2.39705418979627,8.7,3.45351875328129,0.948862839198728,3.48867058753967,0.195776397515528,0.143268278727152,0.17,28.5714285714286,0.12,0,0.51,0.62,0.59,4.63,4.32,0.51,0.51,-2.53999996185303,0.924856017633076,0.230769230769231,0.529411764705882,0.566666666666667,1,Tb_0253
"RNCMPT00253,min,GGUGUUU,RBD_v3_108561",66.3332057803468,8.13629104540563,66.9643,12.8317919075145,3.52451971369997,12.7,12.6751445086705,3.35023699386213,12.1,12.9884393063584,3.95235937676436,13.2,3.42045051479615,1.05360640181102,3.53910231590271,0.112138728323699,0.107549574035036,0.08,20.8092485549133,0.12,0,0.4,0.58,0.49,5.97,5.64,0.4,0.4,-4.55000019073486,0.997098982459257,0,-0.1,0.526315789473684,0,Tb_0253
"RNCMPT00253,min,GGUGUUU,RBD_v3_134312",73.7140437037037,10.8620230669364,76.8726,9.25037037037037,6.95768526092984,6.45,9.44518518518519,6.89789843096852,6.8,9.05555555555556,7.07251002190525,6.1,3.57629624561027,0.909078265281657,3.59034466743469,0.176962962962963,0.174130136932612,0.12,50.3703703703704,0.12,0,0.55,0.6,0.62,3.12,2.56,0.55,0.55,-5.36999988555908,0.956937798773912,0.411764705882353,-0.076923076923077,0.433333333333333,0,Tb_0253
"RNCMPT00253,min,GGUGUUU,RBD_v3_206245",65.8257552447552,9.89574682884818,69.0432,14.2576923076923,5.32442653029317,13,14.3244755244755,5.26768271985631,13.2,14.1909090909091,5.53699350325225,12.7,3.53230396684233,0.886677927977386,3.54676222801208,0.097482517482518,0.136925334498114,0.04,29.3706293706294,0.11,0,0.44,0.6,0.53,5.44,5.24,0.44,0.44,-6.07000017166138,0.923219672335508,0.333333333333333,-0.5,0.4,0,Tb_0253
"RNCMPT00254,max,GAACGCA,RBD_v3_198270",57.651430952381,11.7958951410766,60.31595,16.6210317460317,4.50610853475414,17.025,15.9309523809524,4.21575073809094,16.7,17.3111111111111,4.99627416737268,17.35,3.62866431403728,1.04179316143356,3.85004377365112,0.069365079365079,0.089868757923951,0.04,29.3650793650794,0.31,0,0.3,0.63,0.52,7.94,9.03,0.3,0.3,-4.25,0.931225233564083,0.142857142857143,0.416666666666667,0.631578947368421,1,Lm_0254
"RNCMPT00254,max,UUGAACG,RBD_v3_000201",78.4251604938272,10.8012149648509,82.5242,5.26913580246914,3.97207886299192,3.6,5.23086419753086,4.6452298644768,3.2,5.30740740740741,3.4577368963593,4,3.40947643179952,1.00841707533244,3.42443656921387,0.233827160493827,0.268996133342259,0.09,38.2716049382716,0.31,0,0.59,0.68,0.76,1.59,2.03,0.59,0.59,-7.25,0.977747995787952,0.1,0.333333333333333,0.473684210526316,1,Lm_0254
"RNCMPT00254,max,UUGAACG,RBD_v3_198859",77.3544328947368,12.0358997850529,82.3673,5.92960526315789,4.69839105532649,3.725,5.85657894736842,5.40709004983435,3.3,6.00263157894737,4.28180565289024,4.1,3.57894052878806,1.06594994934582,3.54578351974487,0.173815789473684,0.196135783614401,0.08,51.3157894736842,0.3,0,0.58,0.67,0.75,2.06,2.13,0.58,0.58,-5.76999998092651,0.982030026212328,0.142857142857143,0.047619047619048,0.6,1,Lm_0254
"RNCMPT00254,min,UUUUUAU,RBD_v3_036100",69.3746323943662,6.85795971220459,71.8166,12.4049295774648,3.53998743873455,11.6,12.5014084507042,3.41297913256969,11.9,12.3084507042254,3.93753898770261,11,3.52376993273345,0.980912588954802,3.72856664657593,0.086619718309859,0.106475264222955,0.05,0,0.31,0,0.37,0.65,0.58,7.52,6.43,0.37,0.37,-3.26999998092651,0.910883098895577,-0.4,0.12,0.714285714285714,0,Lm_0254
"RNCMPT00254,min,UUUUUAU,RBD_v3_157599",78.6734164948454,10.2082029437899,82.061,5.76443298969072,4.36535817761846,4.15,5.68453608247423,4.92834785125354,3.9,5.84432989690722,3.96489725256124,4.5,3.47755932439234,0.983227550364582,3.49320816993713,0.247938144329897,0.220363989346461,0.16,3.09278350515464,0.31,0,0.56,0.67,0.74,2.48,2.82,0.56,0.56,-2.28999996185303,0.93232903456152,0.272727272727273,-0.368421052631579,0.633333333333333,0,Lm_0254
"RNCMPT00254,min,UUUUUUU,RBD_v3_002291",72.65845875,9.31798512572399,75.83535,7.081875,3.28759890595792,5.8,6.94125,3.90730227598907,5.55,7.2225,2.8332552731863,6.1,3.42861445434391,0.941047763722746,3.5814026594162,0.0995,0.072981703966981,0.1,76.25,0.31,0,0.49,0.66,0.68,3.51,4.59,0.49,0.49,-1.44000005722046,0.924856017633076,-0.230769230769231,-0.529411764705882,0.566666666666667,0,Lm_0254
"RNCMPT00255,max,AAAACAA,RBD_v3_020726",78.6991279503106,10.001154567275,81.2663,5.76614906832298,5.34321006770647,2.95,6.08012422360248,5.57417953464652,2.9,5.45217391304348,5.19889515854717,2.7,3.55351445800769,0.919880283358206,3.69194197654724,0.237701863354037,0.259680689615162,0.13,7.45341614906832,0.08,0,0.63,0.65,0.68,1.37,1.23,0.63,0.63,-3.69000005722046,0.957615612623957,0.142857142857143,0.25,0.631578947368421,1,Lm_0255
"RNCMPT00255,max,AAAACAA,RBD_v3_179146",65.8766989690722,8.60225619604501,66.9673,14.9670103092784,3.94819900000527,16.2,14.3835051546392,3.73404049512642,14.6,15.5505154639175,4.51391653000613,17.7,3.62598127065246,0.87622443462558,3.67689943313599,0.071752577319588,0.116279210570921,0.01,26.8041237113402,0.09,0,0.36,0.51,0.44,8.13,6.32,0.36,0.36,-6.98999977111816,0.981649930192858,0,0.3,0.526315789473684,1,Lm_0255
"RNCMPT00255,max,AAAACAA,RBD_v3_225575",70.7138980392157,8.24043412966362,72.5258,7.38104575163399,2.91652509607768,7.45,6.87712418300654,2.95475746471121,7,7.88496732026144,3.07103983850983,7.8,3.5467152638373,1.00496846557988,3.63367867469788,0.194509803921569,0.182204848484187,0.13,38.562091503268,0.08,0,0.49,0.55,0.54,2.53,2.73,0.49,0.49,-4.09000015258789,0.922946411418153,0.125,0.545454545454545,0.578947368421053,1,Lm_0255
"RNCMPT00255,min,GGGGGGC,RBD_v3_122622",80.3542328947368,6.80880517313177,81.75815,3.63223684210526,2.1801741219023,2.9,3.57894736842105,2.34598802464572,2.85,3.68552631578947,2.21249934769285,3.1,3.54115956786432,0.97604348772486,3.5956848859787,0.287828947368421,0.262955483763448,0.215,0,0.09,0,0.63,0.64,0.68,1.12,1.16,0.63,0.63,-4.73999977111816,0.947927637120239,0.466666666666667,0.130434782608696,0.605263157894737,0,Lm_0255
"RNCMPT00255,min,GGGGGGC,RBD_v3_145005",61.400196835443,8.33440504495848,62.13125,14.7487341772152,2.88665913042354,14.4,14.4455696202532,3.15896449486782,14,15.0518987341772,3.02852093388914,14.75,3.53652626162843,0.988721440235848,3.54264318943024,0.06493670886076,0.069938524738535,0.04,17.7215189873418,0.09,0,0.34,0.5,0.41,8.35,8.85,0.34,0.34,-5.46000003814697,0.93232903456152,0.3,0.2,0.333333333333333,0,Lm_0255
"RNCMPT00255,min,GGGGGGC,RBD_v3_148767",60.3538101796407,8.3347899562843,61.6872,15.1811377245509,3.74097555396657,14.3,14.4239520958084,4.09868050440742,13.7,15.9383233532934,3.61249065579224,15.3,3.41480919308291,1.00826242509156,3.47782230377197,0.065748502994012,0.088674354734075,0.04,0.598802395209581,0.08,0,0.3,0.49,0.38,7.71,9.19,0.3,0.3,-7.82000017166138,0.920129830913622,0.363636363636364,-0.529411764705882,0.435897435897436,0,Lm_0255
"RNCMPT00256,max,UUUUUUG,RBD_v3_045178",63.319938372093,12.9780683238814,58.3529,12.1738372093023,7.77273411939676,10.8,11.6755813953488,7.75577107398874,10.75,12.6720930232558,7.93437274532985,10.55,3.40767910730007,0.845137355373276,3.38213539123535,0.198953488372093,0.251428993928083,0.07,31.3953488372093,0.19,0,0.38,0.38,0.47,1.8,2.32,0.38,0.38,-4.30000019073486,0.958009674650532,0.142857142857143,-0.333333333333333,0.6,1,TIAR-1
"RNCMPT00256,max,UUUUUUG,RBD_v3_119555",61.9291097560976,15.1777287173546,63.6636,14.7821138211382,6.11948356494996,16.35,14.1821138211382,6.82559109936942,13.8,15.3821138211382,5.87931958425665,16.9,3.64609805864047,1.00722196465032,3.84543085098267,0.114146341463415,0.148478219572182,0.04,32.520325203252,0.18,0,0.34,0.47,0.45,4.36,4.14,0.34,0.34,-3.01999998092651,0.915129625944227,0,-0.5,0.631578947368421,1,TIAR-1
"RNCMPT00256,max,UUUUUUU,RBD_v3_029559",60.4005527272727,11.7675788978912,63.4485,10.7836363636364,5.21472323175817,8.7,11.18,5.36098387874354,9.2,10.3872727272727,5.20754632437761,8.2,3.4521380814639,0.840902409337829,3.42947173118591,0.072545454545455,0.107207279013137,0.02,76.3636363636364,0.18,0,0.3,0.34,0.4,4.49,5.16,0.3,0.3,-4.38000011444092,0.960336745459753,0.125,-0.363636363636364,0.578947368421053,1,TIAR-1
"RNCMPT00256,min,GAGUCGA,RBD_v3_237980",63.8682333333333,6.90529252676555,64.7625,12.559595959596,2.71969082846424,11.8,12.3434343434343,2.51214038409893,11.4,12.7757575757576,3.29263528564951,12.4,3.57640752286622,0.926235934204338,3.65058970451355,0.069292929292929,0.076522005975239,0.04,0,0.22,0,0.27,0.36,0.4,7.76,7.49,0.27,0.27,-1.62000000476837,0.90647263812994,0.333333333333333,0.6,0.526315789473684,0,TIAR-1
"RNCMPT00256,min,GAGUGAG,RBD_v3_096874",62.8579712643678,13.4940605904013,68.8116,13.5034482758621,5.85405739390474,14.15,12.6,5.64638184211595,12.2,14.4068965517241,6.2531813875753,16.1,3.30335140022738,1.05997512930169,3.45249390602112,0.099655172413793,0.11221292339309,0.04,20.6896551724138,0.19,0,0.3,0.42,0.42,4.22,5.74,0.3,0.3,-4.48000001907349,0.975087864633188,0.222222222222222,0.294117647058823,0.485714285714286,0,TIAR-1
"RNCMPT00256,min,GAGUGAG,RBD_v3_125025",79.1640882352941,9.61642389859447,81.5513,5.55588235294118,5.36307418426059,3,5.3921568627451,5.28075158049514,2.6,5.71960784313726,5.74679109096,3.2,3.71172082657907,1.04628088481639,3.92570996284485,0.295686274509804,0.263607700205899,0.23,29.4117647058824,0.18,0,0.4,0.4,0.49,1.22,1.67,0.4,0.4,-5.88000011444092,0.97808936524446,0.142857142857143,0.142857142857143,0.4,0,TIAR-1
"RNCMPT00257,max,AAAAAAG,RBD_v3_100829",54.9681892857143,11.0578921807182,55.2439,19.1714285714286,3.76547236308586,18.625,18.8728571428571,3.60227431870684,18.9,19.47,4.30254567443224,18.7,3.57108411235469,0.981006188741479,3.7154176235199,0.084928571428572,0.128933067397189,0.025,20,0.11,0,0.28,0.56,0.39,10.39,11.16,0.28,0.28,-1.05999994277954,0.923032802997579,0,0.523809523809524,0.6,1,Tv_0257
"RNCMPT00257,max,AGAAAAC,RBD_v3_208855",61.0291645454545,8.6379768151464,62.28425,17.4727272727273,2.62347060176628,16.975,16.3981818181818,3.30159766213301,15.55,18.5472727272727,2.42554104778269,18.8,3.36775564388795,1.03120557494909,3.40110886096954,0.073909090909091,0.063838894913314,0.05,0,0.11,0,0.28,0.58,0.39,10.34,10.78,0.28,0.28,-4.42000007629395,0.922946411418153,0.285714285714286,0.416666666666667,0.631578947368421,1,Tv_0257
"RNCMPT00257,max,AGAAAAG,RBD_v3_224849",60.5113113821138,11.9455937893174,60.6293,15.2386178861789,3.94747176304091,16.4,14.7227642276423,3.87778061013632,15.7,15.7544715447154,4.29895625976399,16.4,3.64178741365913,1.00626926557415,3.98179030418396,0.133739837398374,0.158669665998798,0.06,19.5121951219512,0.12,0,0.34,0.56,0.44,7.86,7.61,0.34,0.34,-4.26000022888184,0.93246865953145,0.2,0.5,0.571428571428571,1,Tv_0257
"RNCMPT00257,min,AGGGGGG,RBD_v3_030948",61.0276409090909,10.178326848519,62.25605,16.0122727272727,5.18006582422328,16.75,14.9018181818182,5.79574316768104,16.6,17.1227272727273,4.79169118582889,16.85,3.4343545740301,1.00407379951145,3.53634679317474,0.104181818181818,0.10305767351371,0.07,0.909090909090909,0.11,0,0.35,0.56,0.45,6.22,7.78,0.35,0.35,-8.73999977111816,0.960336745459753,0.25,0,0.368421052631579,0,Tv_0257
"RNCMPT00257,min,AGGGGGG,RBD_v3_102729",68.3574666666667,13.6028424898983,70.68775,10.3510416666667,8.11820559368901,5.5,10.6270833333333,7.80355491415583,6.6,10.075,8.614663142145,4.75,3.43807246225576,1.00556360247114,3.59199953079224,0.20375,0.244227029841627,0.07,3.125,0.11,0,0.51,0.57,0.58,2.2,2.2,0.51,0.51,-3.35999989509583,0.893490489387963,0.578947368421053,0.473684210526316,0.5,0,Tv_0257
"RNCMPT00257,min,AGGGGGG,RBD_v3_233807",55.1167493150685,11.1107980011075,55.55455,16.7794520547945,4.99939538148805,18.675,16.0582191780822,4.73000338046559,18.35,17.5006849315068,5.51348812021677,19.2,3.47889717678501,1.05106495929824,3.57659983634949,0.048904109589041,0.071207547911345,0.02,1.36986301369863,0.1,0,0.35,0.55,0.44,5.43,5.82,0.35,0.35,-5.90999984741211,0.965647640116437,0.4,-0.111111111111111,0.473684210526316,0,Tv_0257
"RNCMPT00258,max,CUGUUUG,RBD_v3_004404",72.0829860465116,8.28989707540167,74.4569,7.01860465116279,3.91932062953782,6.2,7.46046511627907,5.1614477267196,5.4,6.57674418604651,2.92898789681142,5.8,3.36592775721883,0.855588421527047,3.16343116760254,0.357674418604651,0.236178274164145,0.32,0,0.21,0,0.48,0.64,0.61,2.85,3.22,0.48,0.48,-3.66000008583069,0.958358093480701,0.066666666666667,-0.466666666666667,0.5,1,Tv_0258
"RNCMPT00258,max,CUGUUUG,RBD_v3_111325",72.0829860465116,8.28989707540167,74.4569,7.01860465116279,3.91932062953782,6.2,7.46046511627907,5.1614477267196,5.4,6.57674418604651,2.92898789681142,5.8,3.36592775721883,0.855588421527047,3.16343116760254,0.357674418604651,0.236178274164145,0.32,0,0.21,0,0.48,0.64,0.61,2.85,3.22,0.48,0.48,-3.66000008583069,0.958358093480701,0.066666666666667,-0.466666666666667,0.5,1,Tv_0258
"RNCMPT00258,max,UGUUUGU,RBD_v3_125733",82.7219512820513,5.86229599437985,84.9296,3.25384615384615,1.53568879691546,2.75,3.18717948717949,1.94113090845998,2.3,3.32051282051282,1.3932505512346,3.1,3.35595568126211,1.15484782510032,3.39414310455322,0.512307692307692,0.359527918090709,0.55,38.4615384615385,0.23,0,0.55,0.65,0.69,1.72,1.84,0.55,0.55,-2.9300000667572,0.885447218023071,0.428571428571429,-0.625,0.533333333333333,1,Tv_0258
"RNCMPT00258,min,ACAGGAC,RBD_v3_116467",72.9268131578947,8.63632683269765,75.17905,6.57763157894737,2.88703292392738,5.95,6.6921052631579,3.59980341647552,5.3,6.46315789473684,2.49013416035313,6.05,3.57553863525391,0.848321027589985,3.64807236194611,0.347894736842105,0.252245674912556,0.315,36.8421052631579,0.21,0,0.47,0.63,0.61,2.83,3.19,0.47,0.47,-4.59000015258789,0.943824487357175,0.2,0.391304347826087,0.605263157894737,0,Tv_0258
"RNCMPT00258,min,ACAGGAC,RBD_v3_144560",81.2437611111111,5.17762075354958,83.31705,3.55138888888889,1.31162310086784,3.15,3.53333333333333,1.82224351516789,2.8,3.56944444444444,1.04712380068846,3.25,3.4140103807052,0.847789998528438,3.38343691825867,0.478888888888889,0.261126983644551,0.52,0,0.22,0,0.55,0.67,0.69,1.64,2.08,0.55,0.55,-1.25,0.953353793718457,-0.230769230769231,-0.12,0.657894736842105,0,Tv_0258
"RNCMPT00258,min,CAGACAC,RBD_v3_084426",75.0765023255814,11.0751439375896,79.2375,5.05232558139535,2.61527002813176,4.2,5.12790697674419,3.46426145371738,3.9,4.97674418604651,1.98935706403833,4.1,3.58026390020237,0.730493532127406,3.54296612739563,0.325813953488372,0.257397529848468,0.3,90.6976744186047,0.23,0,0.51,0.65,0.65,1.82,2.57,0.51,0.51,-3.0699999332428,0.977747995787952,-0.1,0.333333333333333,0.473684210526316,0,Tv_0258
"RNCMPT00259,max,UACCAUG,RBD_v3_068322",68.3795656716418,9.26840021492959,67.2968,10.3358208955224,4.39985197728071,9.65,9.46567164179105,4.10268028572918,8.3,11.2059701492537,5.01654476637405,9.4,3.47966211322528,0.914762656580009,3.39599895477295,0.161791044776119,0.167666022407953,0.09,73.134328358209,0.29,0,0.4,0.42,0.55,3.94,4.4,0.4,0.4,-4.65000009536743,0.991935556609076,0.125,0.142857142857143,0.466666666666667,1,Tv_0259
"RNCMPT00259,max,UACCAUG,RBD_v3_170171",56.5842461538462,12.733648924652,58.9273,16.5851648351648,6.38349649271679,14.15,16.1659340659341,6.35661020391319,13.8,17.0043956043956,6.55370823084852,13.5,3.41936687977759,1.0050237777528,3.53678870201111,0.035824175824176,0.036638350704811,0.02,54.9450549450549,0.23,0,0.23,0.39,0.37,6.85,7.48,0.23,0.23,-2.16000008583069,0.9611460538546,-0.058823529411765,0.444444444444444,0.514285714285714,1,Tv_0259
"RNCMPT00259,max,UACCAUG,RBD_v3_176587",60.3674870967742,9.23392394734787,60.00015,15.0153225806452,3.96953138322807,15.65,13.7693548387097,3.36284367905056,14.8,16.2612903225806,4.80840639695372,17,3.32431902231709,0.938477223457077,3.32558357715607,0.108225806451613,0.094531184785128,0.085,67.741935483871,0.24,0,0.24,0.4,0.39,7.51,8.79,0.24,0.24,-6.30999994277954,0.990970393432049,-0.157894736842105,0.157894736842105,0.5,1,Tv_0259
"RNCMPT00259,min,GGGUGGG,RBD_v3_235371",65.5986767123288,10.5708388035266,64.4904,13.9602739726027,5.36012126018586,14.95,13.4904109589041,4.90382969342334,14.3,14.4301369863014,5.91825530154854,16.3,3.31203202107181,1.0806527155052,3.35021710395813,0.041643835616438,0.05441644202685,0.02,30.1369863013699,0.23,0,0.3,0.41,0.43,6.14,5.52,0.3,0.3,-5.55000019073486,0.8913990575894,0.428571428571429,0.111111111111111,0.3,0,Tv_0259
"RNCMPT00259,min,GUGGGGC,RBD_v3_011158",55.895724,5.28202617406145,57.3074,18.6846666666667,2.38277849019445,17.6,17.64,2.82555902146527,17.8,19.7293333333333,2.77273273988801,19.5,3.57613422870636,1.01133530743861,3.69003772735596,0.039066666666667,0.050462009615298,0.02,0,0.24,0,0.21,0.41,0.37,11.7,13.05,0.21,0.21,-6.01000022888184,0.967551496936123,0.3,0.2,0.428571428571429,0,Tv_0259
"RNCMPT00259,min,GUGGGGC,RBD_v3_085327",64.4334238095238,8.96785163955475,65.49285,12.9839285714286,5.60172177013614,9.55,13.2214285714286,5.11838339097465,10.5,12.7464285714286,6.20552506304579,9.2,3.3374256732918,0.90360600488967,3.17704057693481,0.039404761904762,0.035782178726294,0.03,25,0.23,0,0.35,0.41,0.48,6.16,5.42,0.35,0.35,-3.44000005722046,0.85624186505902,0.636363636363636,0.384615384615385,0.371428571428571,0,Tv_0259
"RNCMPT00261,max,AAUUUUG,RBD_v3_062401",64.6556859504132,7.61693353155001,65.419,15.0305785123967,3.12786116953227,14.75,14.1173553719008,3.40285854554546,13.1,15.9438016528926,3.39830576812386,15.4,3.52684209662035,0.959876728544629,3.63926982879639,0.125702479338843,0.112921997017713,0.09,58.6776859504132,0.25,0,0.24,0.45,0.41,8.28,9.1,0.24,0.24,-5.1100001335144,0.996804280445991,0.052631578947368,0,0.457142857142857,1,Ng_0261
"RNCMPT00261,max,AAUUUUG,RBD_v3_126280",67.2473520833333,15.2449890278945,67.0033,9.89010416666667,4.99660418606816,9.45,9.97239583333333,4.98764111213287,9.55,9.8078125,5.36718665335849,8.75,3.53881026028345,0.949338657633195,3.55324554443359,0.23875,0.257158251845331,0.11,38.0208333333333,0.27,0,0.41,0.48,0.56,1.64,1.99,0.41,0.41,-5.82000017166138,0.99900044193615,0.052631578947368,0.052631578947368,0.5,1,Ng_0261
"RNCMPT00261,max,AAUUUUG,RBD_v3_230896",67.2473520833333,15.2449890278945,67.0033,9.89010416666667,4.99660418606816,9.45,9.97239583333333,4.98764111213287,9.55,9.8078125,5.36718665335849,8.75,3.53881026028345,0.949338657633195,3.55324554443359,0.23875,0.257158251845331,0.11,38.0208333333333,0.27,0,0.41,0.48,0.56,1.64,1.99,0.41,0.41,-5.82000017166138,0.99900044193615,0.052631578947368,0.052631578947368,0.5,1,Ng_0261
"RNCMPT00261,min,GGGGGGC,RBD_v3_207323",66.9600681818182,12.3448077237212,69.57875,12.3616883116883,5.14716684621145,11.85,11.95,4.96684760823188,11.25,12.7733766233766,5.77075161004262,12.1,3.58982151321002,0.882071608244649,3.52724528312683,0.278181818181818,0.27066718474174,0.165,18.1818181818182,0.26,0,0.42,0.45,0.55,3.6,4.46,0.42,0.42,-4.90000009536743,0.882531241328742,0.578947368421053,-0.272727272727273,0.366666666666667,0,Ng_0261
"RNCMPT00261,min,GGGGGGC,RBD_v3_221155",56.9850062937063,13.3491727088933,61.9092,17.9388111888112,3.27292789830139,17.85,17.8461538461538,3.88662874355774,17.9,18.0314685314685,3.4704064700932,18,3.58291829799439,0.944993174069993,3.5813570022583,0.129020979020979,0.138066705073088,0.07,13.2867132867133,0.24,0,0.28,0.43,0.44,10.85,7.45,0.28,0.28,-3.99000000953674,0.912802599508472,0,0.6,0.333333333333333,0,Ng_0261
"RNCMPT00261,min,GGGGGGG,RBD_v3_148566",54.987944,11.3815337704462,56.0719,19.1956,3.40866433968573,18.65,19.5312,3.21577302200144,19.6,18.86,3.94277616292984,18.5,3.52172957968712,0.986272708205443,3.69923663139343,0.04528,0.059967410504212,0.02,33.6,0.26,0,0.33,0.43,0.48,11.97,11.53,0.33,0.33,-3.41000008583069,0.871201335151849,0.444444444444444,0.666666666666667,0.4,0,Ng_0261
"RNCMPT00262,max,UUUUUUC,RBD_v3_138040",61.7952285714286,8.99896272098549,62.033,15.565873015873,1.60635897137137,15.75,15.4015873015873,1.50649048084228,15.5,15.7301587301587,2.51188368596512,15.6,3.52627369808772,1.05713360477174,3.64612889289856,0.043015873015873,0.056643620505611,0.03,0,0.04,0,0.23,0.42,0.29,11.11,9.49,0.23,0.23,-4.46000003814697,0.915129625944227,0,-0.5,0.631578947368421,1,Ot_0262
"RNCMPT00262,max,UUUUUUG,RBD_v3_094016",72.2774611940299,7.84271300590661,73.8632,6.86044776119403,2.29920172763309,6.15,6.64328358208955,2.48542563153233,5.8,7.07761194029851,2.37861819420324,6.7,3.56881996410996,0.852096844994566,3.56411838531494,0.122985074626866,0.112613779841641,0.08,88.0597014925373,0.03,0,0.4,0.46,0.43,3.83,3.55,0.4,0.4,-3.01999998092651,0.915129625944227,0,-0.5,0.631578947368421,1,Ot_0262
"RNCMPT00262,max,UUUUUUG,RBD_v3_119555",72.2774611940299,7.84271300590661,73.8632,6.86044776119403,2.29920172763309,6.15,6.64328358208955,2.48542563153233,5.8,7.07761194029851,2.37861819420324,6.7,3.56881996410996,0.852096844994566,3.56411838531494,0.122985074626866,0.112613779841641,0.08,88.0597014925373,0.03,0,0.4,0.46,0.43,3.83,3.55,0.4,0.4,-3.01999998092651,0.915129625944227,0,-0.5,0.631578947368421,1,Ot_0262
"RNCMPT00262,min,AAGAGUC,RBD_v3_005651",61.9601238095238,6.66084870645398,63.9281,14.1690476190476,1.84442998609563,14.225,13.5714285714286,2.44887834804246,13.8,14.7666666666667,1.71957779444975,14.8,3.58439272216388,0.923778648330316,3.68294656276703,0.037857142857143,0.034153143007351,0.03,0,0.02,0,0.28,0.46,0.33,8.41,10.09,0.28,0.28,-2.02999997138977,0.9380060247158,-0.066666666666667,0.5,0.571428571428571,0,Ot_0262
"RNCMPT00262,min,AAGAGUC,RBD_v3_055586",66.9643487179487,11.852701257385,65.6763,9.74871794871795,3.78924464219123,10.325,9.23717948717949,3.79299110884557,9,10.2602564102564,4.00815207424607,11.45,3.41839254590181,1.01823594220584,3.42453062534332,0.105641025641026,0.134787853932636,0.04,53.8461538461539,0.05,0,0.34,0.44,0.39,3.66,3.94,0.34,0.34,-4.17000007629395,0.969100929771736,0,0.411764705882353,0.485714285714286,0,Ot_0262
"RNCMPT00262,min,AGAGUCG,RBD_v3_101143",60.9132988888889,7.70642461352418,63.21375,15.345,2.82258199192222,14.2,14.5622222222222,3.53380394011058,13.45,16.1277777777778,2.32664235953091,15.6,3.55022154317962,1.00497498745668,3.73481583595276,0.02,0.020167835110237,0.01,43.3333333333333,0.01,0,0.35,0.43,0.37,8.46,11.74,0.35,0.35,-4.59999990463257,0.957368817970507,0.052631578947368,0.473684210526316,0.5,0,Ot_0262
"RNCMPT00263,max,AGAACAA,RBD_v3_125311",70.0763114583333,9.23042133155784,72.55415,7.48333333333333,2.90347039779592,6.375,7.15104166666667,4.21468597298508,5.7,7.815625,1.8813392835956,7.2,3.42727586875359,1.00873586574593,3.50410866737366,0.2040625,0.174504279090951,0.15,48.9583333333333,0.16,0,0.38,0.48,0.48,2.97,4.52,0.38,0.38,-5.03999996185303,0.98986211886685,0.058823529411765,0.222222222222222,0.514285714285714,1,Ot_0263
"RNCMPT00263,max,AGAACAG,RBD_v3_207589",62.4614864864865,12.8593493609513,65.4843,10.8734234234234,4.9482082148253,13,9.73873873873874,4.90628856526677,10.9,12.0081081081081,5.53560598859182,14.2,3.40919116273657,0.98535307082534,3.38107013702393,0.115405405405405,0.185941260440367,0.04,40.5405405405405,0.12,0,0.36,0.44,0.43,2.93,3.78,0.36,0.36,-4.55999994277954,0.982848200563012,0.222222222222222,0.2,0.526315789473684,1,Ot_0263
"RNCMPT00263,max,AGAACAU,RBD_v3_047807",73.4382551724138,9.0516407609886,76.5803,7.12126436781609,2.58635318574049,6.35,6.61724137931035,3.39874145299615,5.2,7.62528735632184,2.18228695866391,7.6,3.46568085030578,1.06026496715845,3.57285141944885,0.194252873563218,0.160700734314092,0.15,52.8735632183908,0.17,0,0.42,0.48,0.52,3.43,3.5,0.42,0.42,-5.30000019073486,0.982030026212328,0.294117647058823,0.111111111111111,0.514285714285714,1,Ot_0263
"RNCMPT00263,min,AGACCCU,RBD_v3_032104",59.6686319587629,11.7230656742341,61.9424,12.3443298969072,4.30797997597107,12.65,11.139175257732,4.50086928411777,10.3,13.5494845360825,4.8084371098999,15.1,3.30476423882947,0.989891868855241,3.30994319915771,0.059381443298969,0.090884707562541,0.01,0,0.18,0,0.31,0.45,0.43,5.06,6.93,0.31,0.31,-5.21000003814697,0.990492780969678,-0.047619047619048,-0.176470588235294,0.447368421052632,0,Ot_0263
"RNCMPT00263,min,AGACCCU,RBD_v3_051760",70.9431086538462,12.8980277496108,75.82195,7.23990384615385,3.89735023132591,5.35,7.15673076923077,5.170111347378,4.6,7.32307692307692,2.94104633547713,6.2,3.33137079270986,1.06951034163344,3.49790585041046,0.275865384615385,0.247604486435047,0.17,48.0769230769231,0.17,0,0.45,0.54,0.56,2.47,3.05,0.45,0.45,-2.97000002861023,0.985475297227334,-0.2,0.2,0.5,0,Ot_0263
"RNCMPT00263,min,AGACCCU,RBD_v3_119267",68.5660164948454,10.9919954041441,70.2267,8.37164948453608,2.92502588322322,8.55,7.99587628865979,3.52076925560349,7.5,8.74742268041237,2.70605389141278,8.6,3.41248215781045,1.05197819907344,3.55841588973999,0.232886597938144,0.19374036945359,0.16,0,0.13,0,0.36,0.44,0.44,3.26,4.09,0.36,0.36,-5.28999996185303,0.939968042684697,0.157894736842105,-0.454545454545455,0.366666666666667,0,Ot_0263
"RNCMPT00265,max,AACCUAA,RBD_v3_091053",71.9678984126984,13.4816983944605,70.51735,10.2876984126984,6.7271054295527,7.625,9.66984126984127,6.12521699000151,7.4,10.9055555555556,7.47853788443229,7.7,3.77460711059116,0.802294147493163,3.84094667434692,0.236031746031746,0.2885607855966,0.075,0,0.26,0,0.46,0.52,0.6,2.08,1.71,0.46,0.46,-3.28999996185303,0.982848200563011,-0.222222222222222,0.2,0.526315789473684,1,An_0265
"RNCMPT00265,max,AACCUAA,RBD_v3_104267",68.0643213235294,13.0901985834888,70.69965,10.7481617647059,5.41154598328369,9.575,10.3463235294118,5.91476380152975,8.7,11.15,5.06034693584453,10.1,3.66875732909231,0.818935034751236,3.58743500709534,0.204338235294118,0.291071334532434,0.025,16.9117647058824,0.27,0,0.37,0.51,0.53,3.13,4.83,0.37,0.37,-2.02999997138977,0.948091287100033,-0.411764705882353,0.333333333333333,0.514285714285714,1,An_0265
"RNCMPT00265,max,AACCUAA,RBD_v3_145030",79.235609375,11.8879181752652,81.55105,6.662890625,4.43996810521703,4.675,6.284375,4.19278415571061,4.6,7.04140625,4.89488769696965,4.9,3.62814589217305,0.78696838849774,3.63551020622253,0.334765625,0.315686889737857,0.25,22.65625,0.27,0,0.52,0.53,0.66,1.68,1.54,0.52,0.52,-1.23000001907349,0.922984896232518,-0.5,0.363636363636364,0.578947368421053,1,An_0265
"RNCMPT00265,min,GAGUGGG,RBD_v3_013053",60.6717089171975,10.0075847766375,62.8501,17.4436305732484,4.60137495516652,17.15,17.7108280254777,3.93562915860747,18.3,17.1764331210191,5.60845447113493,15.9,3.63893250750888,1.00136312523615,3.7924177646637,0.063885350318471,0.105682456647191,0.02,28.6624203821656,0.26,0,0.31,0.51,0.48,9.04,7.31,0.31,0.31,-4.57000017166138,0.949308682562995,0.5,-0.157894736842105,0.542857142857143,0,An_0265
"RNCMPT00265,min,GAGUGGG,RBD_v3_034129",72.2869612121212,15.0222159214302,76.5279,11.7090909090909,9.83295583789421,5.75,11.5915151515152,9.7767419760331,5.3,11.8266666666667,9.92152828838561,6.1,3.57058011618528,0.870420801907133,3.62262988090515,0.182181818181818,0.272383501002952,0.03,26.0606060606061,0.25,0,0.54,0.54,0.67,1.69,1.81,0.54,0.54,-6.07999992370606,0.977747995787952,0.294117647058823,-0.142857142857143,0.552631578947368,0,An_0265
"RNCMPT00265,min,GUGGGUG,RBD_v3_048639",75.3890322834646,14.6354169469073,81.1199,10.4062992125984,6.97438622242865,5.85,9.52755905511811,6.3734652950743,5.3,11.2850393700787,7.77779785559928,6.6,3.4462306461935,0.913231485540232,3.49317145347595,0.287952755905512,0.302650562249017,0.14,4.7244094488189,0.27,0,0.61,0.54,0.73,2.62,2.4,0.61,0.61,-7.57000017166138,0.883698223385909,0.545454545454545,-0.529411764705882,0.435897435897436,0,An_0265
"RNCMPT00268,max,CUUUUUC,RBD_v3_033728",67.7274804545455,11.0202012630201,67.9954,11.8152272727273,6.18159792579134,10.475,10.9972727272727,5.45653575836884,11.2,12.6331818181818,7.14116875585978,10.4,3.42877562154423,0.998412608939245,3.52589917182922,0.219772727272727,0.283127418887436,0.07,29.0909090909091,0.18,0,0.54,0.46,0.62,1.25,1.28,0.54,0.54,-6.26000022888184,0.97042113639059,0.142857142857143,0.083333333333333,0.631578947368421,1,PTBP1
"RNCMPT00268,max,CUUUUUC,RBD_v3_221609",69.2767123655914,7.56775491402247,69.5138,12.8637096774194,3.8600325865608,12.325,13.2172043010753,3.76298109700458,12.6,12.5102150537634,4.39702023881275,12.05,3.41430253527498,0.983534694618147,3.36738574504852,0.123225806451613,0.145287497204476,0.06,28.494623655914,0.18,0,0.43,0.48,0.53,5.89,5.04,0.43,0.43,-4.26000022888184,0.957615612623957,0.2,-0.304347826086957,0.605263157894737,1,PTBP1
"RNCMPT00268,max,UUUUUCU,RBD_v3_081079",76.8695140625,10.8655219954379,81.0552,4.254296875,2.77804261334576,3,3.88984375,2.71681378470223,2.5,4.61875,3.108098388171,3.45,3.53112025838345,0.849232098100856,3.3637318611145,0.4003125,0.360912966366323,0.28,0,0.2,0,0.45,0.49,0.56,1.26,1.42,0.45,0.45,-2.36999988555908,0.965647640116437,-0.142857142857143,-0.166666666666667,0.631578947368421,1,PTBP1
"RNCMPT00268,min,AGGGGGG,RBD_v3_000276",67.4282284848485,11.3587225187744,65.1289,13.330303030303,5.78449540606047,13.15,13.3781818181818,5.46602670077359,12.7,13.2824242424242,6.32972036830002,13.5,3.51631478504701,0.918022286843344,3.61026406288147,0.160484848484848,0.209187761559095,0.06,20,0.2,0,0.37,0.45,0.49,4.72,2.25,0.37,0.37,-6.44000005722046,0.906812526932084,0.68421052631579,0.052631578947368,0.5,0,PTBP1
"RNCMPT00268,min,AGGGGGG,RBD_v3_021242",59.1404024590164,9.95185472304894,58.24905,18.6483606557377,4.48864008941723,20.05,18.8024590163934,3.95454468369384,19.7,18.494262295082,5.22114738633246,20.85,3.45273644122921,0.988219410980749,3.44947254657745,0.10672131147541,0.129336786474135,0.065,30.327868852459,0.2,0,0.27,0.42,0.4,10.5,6.71,0.27,0.27,-6.65000009536743,0.93695455156163,0.1,0.4,0.333333333333333,0,PTBP1
"RNCMPT00268,min,AGGGGGG,RBD_v3_169706",71.8877755102041,9.71777997321864,75.657,11.5197278911565,6.08003570483142,9.5,11.530612244898,5.91160470350767,9.8,11.508843537415,6.52948974458701,9.6,3.54199047802257,0.954799507366032,3.56628394126892,0.215646258503401,0.235089805129085,0.11,19.047619047619,0.19,0,0.46,0.44,0.55,4.56,3.61,0.46,0.46,-6.03999996185303,0.785807602645209,0.545454545454545,0.875,0.421052631578947,0,PTBP1
"RNCMPT00269,max,AACUUUC,RBD_v3_076223",72.9016762711864,12.9246381259743,73.3256,10.5528248587571,7.71655488204162,10.5,10.664406779661,7.4335257765043,12,10.4412429378531,8.26582811068671,8.6,3.50336814061397,0.871642566122488,3.52296829223633,0.205593220338983,0.285121213376717,0.05,18.6440677966102,0.22,0,0.5,0.49,0.61,1.35,1.37,0.5,0.5,-4.84000015258789,0.982848200563011,-0.066666666666667,-0.043478260869565,0.605263157894737,1,PTBP1
"RNCMPT00269,max,AACUUUC,RBD_v3_079823",66.4504131034483,8.80162648829635,66.734,15.2220689655172,5.06496982229571,15.3,14.988275862069,4.86978358303466,14.9,15.4558620689655,5.50321718863497,15.4,3.4145083920709,0.922403885880019,3.44974422454834,0.192620689655172,0.219152473208517,0.08,26.2068965517241,0.21,0,0.32,0.42,0.44,5.66,4.24,0.32,0.32,-5.42000007629395,0.986863224815062,-0.125,-0.090909090909091,0.578947368421053,1,PTBP1
"RNCMPT00269,max,AACUUUC,RBD_v3_120993",64.608038974359,10.2927531785602,63.42,15.6651282051282,6.62494033110452,17.85,15.6666666666667,6.46254607087741,17.8,15.6635897435897,6.92631002428217,17.2,3.39373578933569,0.979077403652768,3.30485987663269,0.191282051282051,0.257791767313736,0.05,25.6410256410256,0.23,0,0.31,0.41,0.44,2.49,2.23,0.31,0.31,-4.65999984741211,0.973142269226386,0,-0.083333333333333,0.631578947368421,1,PTBP1
"RNCMPT00269,min,AGGGGGG,RBD_v3_010140",75.5169978494624,11.9790975662495,79.2084,9.45672043010753,7.92674368214964,5.85,9.76881720430108,7.40830036304602,7.2,9.14462365591398,8.66232589190684,5.5,3.4098786724511,0.974906416428303,3.41128420829773,0.283440860215054,0.306184874813668,0.13,8.60215053763441,0.2,0,0.57,0.52,0.66,1.15,1.12,0.57,0.57,-5.75,0.972861409666655,0.333333333333333,0.058823529411765,0.447368421052632,0,PTBP1
"RNCMPT00269,min,AGGGGGG,RBD_v3_049782",68.6531491712707,12.9248146507304,64.9978,11.6654696132597,6.47322119928748,14.7,11.1033149171271,6.24615348792524,13.4,12.2276243093923,6.98068043422266,13.9,3.48983065001872,0.856897687937741,3.45608305931091,0.183480662983425,0.270410256034136,0.05,0.552486187845304,0.21,0,0.45,0.45,0.55,1.18,1.2,0.45,0.45,-4.86999988555908,0.908731734293732,0.619047619047619,0.176470588235294,0.447368421052632,0,PTBP1
"RNCMPT00269,min,GGGGGGG,RBD_v3_230270",63.768681300813,10.299302171955,64.2792,16.0821138211382,4.57266974642707,14.35,14.8934959349594,3.94928380802074,14.6,17.2707317073171,5.51113227643945,15.6,3.4587602070192,1.03453870773446,3.57253265380859,0.15520325203252,0.203414901824865,0.03,32.520325203252,0.2,0,0.3,0.45,0.43,8.63,6.61,0.3,0.3,-5.55999994277954,0.876679667510711,0.333333333333333,0.555555555555556,0.3,0,PTBP1
"RNCMPT00270,max,UGUGUGU,RBD_v3_033655",64.183926,8.46915432191986,66.96885,14.695,1.90684187031,14.575,13.818,2.85804914197765,12.9,15.572,1.44335776322195,15.75,3.36991064071655,0.792640817442147,3.36082351207733,0.1942,0.156140831250744,0.13,0,0.06,0,0.28,0.61,0.38,9.31,11.9,0.28,0.28,-5.23999977111816,0.962298943521553,0.3,-0.333333333333333,0.473684210526316,1,ARET
"RNCMPT00270,max,UUUGUGU,RBD_v3_096772",71.9396563636364,6.74281605020851,72.3035,7.07545454545455,2.43291230618004,6.7,6.81090909090909,3.3104588876979,5.9,7.34,1.76347720480075,7.1,3.57526819922707,0.845255667611832,3.61004257202149,0.161454545454545,0.103269123093555,0.14,89.0909090909091,0,0,0.58,0.66,0.59,2.73,4.42,0.58,0.58,-3.54999995231628,0.894213273138992,0.538461538461538,-0.36,0.657894736842105,1,ARET
"RNCMPT00270,max,UUUGUGU,RBD_v3_146939",71.2124428571429,6.78524221598487,72.3985,6.56020408163265,2.73705246706799,5.65,6.57142857142857,3.98612175763193,5,6.54897959183673,1.87573568333641,6.1,3.62594197477613,0.85614843475818,3.57646322250366,0.237959183673469,0.16955799882632,0.23,0,0.03,0,0.57,0.67,0.61,2.8,3.98,0.57,0.57,-5.90999984741211,0.946973581051959,0.157894736842105,-0.5,0.512820512820513,1,ARET
"RNCMPT00270,min,AGGGGGG,RBD_v3_149509",72.7389034482759,10.9900747179901,77.64925,6.70689655172414,7.28620691802454,2.75,6.58793103448276,7.02976323092603,2.6,6.82586206896552,7.63217014836696,3,3.58250454582017,0.870896210674175,3.71087980270386,0.232586206896552,0.215011712001092,0.155,24.1379310344828,0.04,0,0.74,0.69,0.75,1.54,1.68,0.74,0.74,-7.26999998092651,0.966806202301564,0.2,0.333333333333333,0.428571428571429,0,ARET
"RNCMPT00270,min,AGGGGGG,RBD_v3_234509",73.7091577777778,6.89242948272328,75.5868,7.21,2.96712287946054,5.95,6.24,4.36933529373644,4.3,8.18,1.84841455405338,7.8,3.42540943887499,0.926161271237582,3.4091625213623,0.266,0.18292323278061,0.25,0,0.08,0,0.53,0.65,0.6,2.61,5.73,0.53,0.53,-3.4300000667572,0.967761204891595,0.4,0,0.473684210526316,0,ARET
"RNCMPT00270,min,GGGGGGG,RBD_v3_201706",71.2718897058824,7.89956784571136,71.24025,5.63088235294118,2.66886455553731,5.025,5.7514705882353,3.28258601401708,4.95,5.51029411764706,2.25011705870502,4.8,3.4991493593244,0.882948108648028,3.51610994338989,0.291911764705882,0.291861024753175,0.17,30.8823529411765,0.03,0,0.62,0.69,0.65,1.97,2.4,0.62,0.62,-3.64000010490417,0.887819176947678,0.7,0.222222222222222,0.473684210526316,0,ARET
"RNCMPT00272,max,UAGGUAG,RBD_v3_239404",85.7223510204082,9.5355466126341,88.9879,3.3765306122449,2.6218453671511,2.2,3.16326530612245,2.91316651011339,1.8,3.58979591836735,2.61623496157162,2.6,3.53641828712152,0.728419963347175,3.58067965507507,0.381428571428571,0.397266703026233,0.12,91.8367346938776,0.25,0,0.62,0.68,0.76,1.18,1.38,0.62,0.62,-7.75,0.967761204891595,0.4,0,0.473684210526316,1,SRP54
"RNCMPT00272,max,UAGGUAU,RBD_v3_133197",78.4956756410256,11.6628123922659,77.2342,6.63846153846154,4.09397659441824,7.025,6.17435897435897,4.39502185617058,6.6,7.1025641025641,4.17341538040439,6.8,3.49994603181497,0.795446589888547,3.5710324048996,0.293846153846154,0.303508620169976,0.2,46.1538461538462,0.24,0,0.62,0.69,0.75,1.34,2.02,0.62,0.62,-4.01000022888184,0.911914903801531,0.555555555555556,0.4,0.526315789473684,1,SRP54
"RNCMPT00272,max,UAGGUAU,RBD_v3_145165",82.6048523255814,10.0122445543765,86.3938,4.15406976744186,2.52026160075729,3.625,4.2953488372093,3.11915927499115,3.65,4.01279069767442,2.11542216682922,3.4,3.49604162435199,0.886298441386681,3.50248062610626,0.338139534883721,0.318967125829263,0.235,44.1860465116279,0.24,0,0.62,0.7,0.75,1.44,1.72,0.62,0.62,-5.21999979019165,0.916111015484444,0.666666666666667,0,0.526315789473684,1,SRP54
"RNCMPT00272,min,GAGUCGU,RBD_v3_213055",84.4812833333333,6.55140086635151,86.03695,3.27916666666667,1.67442696877435,2.875,3.21041666666667,2.37686004057502,2.45,3.34791666666667,1.25900832020865,3.2,3.51249531159798,0.815226857042743,3.50070548057556,0.3425,0.337156444525544,0.21,37.5,0.25,0,0.63,0.69,0.77,1.56,1.87,0.63,0.63,-6.19999980926514,0.994985417684099,0.058823529411765,-0.047619047619048,0.552631578947368,0,SRP54
"RNCMPT00272,min,GAGUCGU,RBD_v3_235136",77.7648111111111,10.4056062841947,79.7219,6.18,3.95358463431278,4.95,5.63888888888889,3.82821266842722,4.45,6.72111111111111,4.39909322741297,5.45,3.60311849448416,0.870069835206235,3.6801141500473,0.334,0.329483081695549,0.21,48.8888888888889,0.23,0,0.62,0.71,0.75,1.47,1.77,0.62,0.62,-2.16000008583069,0.996804280445991,0.058823529411765,0.111111111111111,0.514285714285714,0,SRP54
"RNCMPT00272,min,GUGAGUC,RBD_v3_036460",72.0864634920635,14.9972063903991,73.0739,10.3555555555556,7.13335029140784,5.6,10.4761904761905,7.26635450787404,6.2,10.2349206349206,7.11500365493431,5.2,3.56742096325708,0.692931091891829,3.6409604549408,0.234920634920635,0.222485034044504,0.17,39.6825396825397,0.23,0,0.59,0.67,0.72,2.39,2.94,0.59,0.59,-6.71999979019165,0.9611460538546,0.444444444444444,-0.058823529411765,0.485714285714286,0,SRP54
"RNCMPT00273,max,AGCAUGC,RBD_v3_039751",54.5154063829787,6.65137611653814,51.0804,14.4872340425532,0.846441919031762,14.3,14.5127659574468,1.13953022763132,14.5,14.4617021276596,1.12299157755357,14.4,3.65845915611754,1.03135238642884,3.73219180107117,0.007446808510638,0.010314212462588,0,14.8936170212766,0.14,0,0.35,0.49,0.45,12.15,12.29,0.35,0.35,-5.40999984741211,0.977747995787952,0.1,0.333333333333333,0.473684210526316,1,EIF-2ALPHA
"RNCMPT00273,max,GAGCAUG,RBD_v3_125465",57.5962181818182,5.31056044015622,57.9075,13.1518181818182,2.3241677848761,12.8,13.2745454545455,1.91216555360071,13.3,13.0290909090909,3.12858225655439,12.1,3.49627364765514,0.866676447133046,3.64441323280334,0.022,0.036737305693663,0.01,1.81818181818182,0.15,0,0.44,0.52,0.53,9.04,8.82,0.44,0.44,-4.07999992370606,0.903687976849985,0.578947368421053,0.375,0.457142857142857,1,EIF-2ALPHA
"RNCMPT00273,max,GCAUGGG,RBD_v3_059221",50.440804,5.06043910014076,50.6876,19.828,0.955802455182729,19.65,19.34,1.18918739762355,19.6,20.316,0.957722994050646,20.2,3.89269176959991,1.0071286409666,4.25304841995239,0.0052,0.005099019513593,0.01,60,0.15,0,0.2,0.51,0.34,16.36,18.39,0.2,0.2,-6.15000009536743,0.972311607127289,0.25,-0.285714285714286,0.466666666666667,1,EIF-2ALPHA
"RNCMPT00273,min,UUUAGAA,RBD_v3_006166",48.3172777777778,6.35017607330257,47.6932,25.4777777777778,0.739556924411126,25.65,25.0555555555556,0.967097605093601,25,25.9,0.949999999999998,25.9,4.15320698420207,0.507434945939766,4.31344556808472,0.006666666666667,0.005,0.01,0,0.15,0,0.12,0.47,0.26,20.94,22.56,0.12,0.12,-1.12999999523163,0.979649455264845,-0.333333333333333,0,0.526315789473684,0,EIF-2ALPHA
"RNCMPT00273,min,UUUAGAA,RBD_v3_061524",66.1201052631579,4.24006802166004,64.4591,5.31842105263158,1.0504245869483,5.65,5.74736842105263,1.14181552365454,5.8,4.88947368421053,1.34325257691177,4.6,3.59573197364807,0.949164314583495,3.61498618125916,0.06421052631579,0.068824720161169,0.04,15.7894736842105,0.14,0,0.68,0.54,0.72,3.5,3.13,0.68,0.68,-2.36999988555908,0.988591321492785,-0.125,0,0.578947368421053,0,EIF-2ALPHA
"RNCMPT00273,min,UUUAGAA,RBD_v3_096047",54.0309214285714,3.52290363526334,55.53135,16.8285714285714,4.13110686814611,15.025,16.4428571428571,4.10866144882964,14.75,17.2142857142857,4.20326926659149,15.5,3.29523660455431,1.00357760136402,3.23947036266327,0.022857142857143,0.022677868380554,0.015,7.14285714285714,0.14,0,0.31,0.47,0.41,12.99,13.72,0.31,0.31,-1.73000001907349,0.929985803806722,-0.090909090909091,0.111111111111111,0.710526315789474,0,EIF-2ALPHA
"RNCMPT00274,max,UUUUUUU,RBD_v3_004513",78.4821737704918,8.64394628064127,79.39925,6.5405737704918,4.83270252732914,4.3,5.81147540983607,3.95850787318087,4.3,7.26967213114754,5.82727824910052,4.35,3.53640996090701,0.903312802968657,3.63718605041504,0.282868852459016,0.25631682199319,0.205,50,0.2,0,0.51,0.55,0.62,2.07,2.01,0.51,0.51,-6.21000003814697,0.941189146523286,0.25,-0.473684210526316,0.542857142857143,1,HuR
"RNCMPT00274,max,UUUUUUU,RBD_v3_029559",78.402810619469,8.0801150220261,80.178,5.29867256637168,2.94475517549688,4.5,5.2787610619469,3.18928035230726,4.2,5.31858407079646,2.88523175203627,4.6,3.58596002158865,0.900628057925957,3.49051666259766,0.32,0.261946695777159,0.26,56.6371681415929,0.2,0,0.5,0.53,0.6,1.84,2.13,0.5,0.5,-4.38000011444092,0.960336745459753,0.125,-0.363636363636364,0.578947368421053,1,HuR
"RNCMPT00274,max,UUUUUUU,RBD_v3_225797",69.8766376811594,7.96898399253722,72.07845,9.88804347826087,3.41377926128963,9.4,9.93985507246377,3.38973417675511,9.2,9.83623188405797,3.71787832968004,9.75,3.57618826973265,0.874200741709,3.61182987689972,0.238695652173913,0.218337534471425,0.145,45.6521739130435,0.21,0,0.41,0.53,0.53,5.34,3.95,0.41,0.41,-4.57999992370606,0.957615612623957,0.2,-0.304347826086957,0.605263157894737,1,HuR
"RNCMPT00274,min,GAUGAGA,RBD_v3_062734",68.5539801652893,11.0606722136558,69.4275,13.3123966942149,6.82232634135813,9.3,13.5867768595041,6.18349876888428,10.8,13.0380165289256,7.56982228103086,8.7,3.48271474808701,1.04105396609787,3.62483358383179,0.167685950413223,0.165714414634427,0.12,17.3553719008264,0.19,0,0.39,0.53,0.52,5.4,5.01,0.39,0.39,-4.53000020980835,0.930962789489506,-0.043478260869565,0.5,0.342857142857143,0,HuR
"RNCMPT00274,min,GAUGAGA,RBD_v3_070712",68.7161475,6.53466138824233,70.50045,13.42875,3.06167460151242,12.85,13.825,2.8791119662642,13.7,13.0325,3.58978856379775,11.85,3.48402550021807,0.892326909499663,3.4137202501297,0.116083333333333,0.109023903271685,0.08,50,0.19,0,0.31,0.53,0.45,7.91,7.35,0.31,0.31,-4.48000001907349,0.940490301733755,0.263157894736842,0.5,0.457142857142857,0,HuR
"RNCMPT00274,min,GAUGAGA,RBD_v3_213462",74.8921427184466,10.0120284587854,79.8871,9.08446601941748,5.07956319106961,6.45,9.06990291262136,3.90742969907671,7.8,9.09902912621359,6.39640669876503,5.5,3.49125074993059,0.921139618798251,3.5445442199707,0.162135922330097,0.164278878652872,0.08,58.252427184466,0.21,0,0.46,0.53,0.58,3.82,2.91,0.46,0.46,-3.53999996185303,0.962298943521553,0.263157894736842,0.368421052631579,0.5,0,HuR
"RNCMPT00278,max,AGACACA,RBD_v3_036156",64.5293660550459,5.1163890465079,66.2133,11.7247706422018,2.31574345966517,11.5,11.2,2.62332839191967,11.1,12.2495412844037,2.5361323664636,12.2,3.62050600828381,0.942275736049321,3.75718140602112,0.073394495412844,0.068085188788619,0.06,58.7155963302752,0.11,0,0.35,0.63,0.46,6.72,6.73,0.35,0.35,-4.17999982833862,0.899507835327561,0,0.636363636363636,0.578947368421053,1,Nv_0278
"RNCMPT00278,max,AGACACA,RBD_v3_054602",75.5615011764706,10.6959469401631,77.8823,6.00882352941177,4.59107037311217,3.95,5.97529411764706,4.61431277146892,3.6,6.04235294117647,4.73174125984717,4.2,3.66518649634193,0.972264855676734,3.74732208251953,0.261058823529412,0.340234595289681,0.07,49.4117647058824,0.11,0,0.6,0.7,0.68,1.68,2.05,0.6,0.6,-3.51999998092651,0.994221288054791,0.125,-0.052631578947368,0.542857142857143,1,Nv_0278
"RNCMPT00278,max,AGACAGA,RBD_v3_128657",78.9278602409639,10.7939287594071,77.964,4.90361445783133,2.69830325110251,5.2,4.94578313253012,3.12508736286934,4.3,4.86144578313253,2.57340200594851,5.3,3.53384180528572,0.928368576249438,3.7171413898468,0.315060240963855,0.355264839356315,0.11,69.8795180722892,0.11,0,0.68,0.74,0.75,1.38,1.51,0.68,0.68,-3.86999988555908,0.939363066899027,-0.176470588235294,0.538461538461538,0.433333333333333,1,Nv_0278
"RNCMPT00278,min,GAUUUGA,RBD_v3_049324",75.5674925925926,8.6553073795761,78.7373,9.41296296296296,4.71221005591974,8.2,9.73703703703704,4.72859504621733,8.8,9.08888888888889,4.97109142945491,7.7,3.64145269511658,0.91338879062654,3.72786092758179,0.164938271604938,0.129808738696497,0.13,71.6049382716049,0.11,0,0.53,0.67,0.61,3.35,3.66,0.53,0.53,-3.00999999046326,0.9457129758338,0.529411764705882,0.111111111111111,0.514285714285714,0,Nv_0278
"RNCMPT00278,min,GAUUUGA,RBD_v3_078948",67.6085338028169,10.2694223135891,71.7943,13.1105633802817,2.99018532025976,13.4,13.2577464788732,3.33349503296598,14.2,12.9633802816901,3.01160799178397,12.6,3.48292352615947,1.04472148993856,3.57200741767883,0.109859154929577,0.145871694676682,0.06,49.2957746478873,0.11,0,0.32,0.64,0.44,6.17,8.11,0.32,0.32,-5.32000017166138,0.965647640116437,0.4,0.111111111111111,0.473684210526316,0,Nv_0278
"RNCMPT00278,min,GAUUUGA,RBD_v3_240867",81.9786215384615,7.50235424655347,84.164,4.82230769230769,2.88716219302729,4.1,4.77230769230769,3.13072014939792,3.4,4.87230769230769,2.91303684388752,4.2,3.42436057971074,0.971772468001747,3.40113496780395,0.303846153846154,0.246878590528904,0.21,0,0.11,0,0.66,0.69,0.73,1.8,1.92,0.66,0.66,-4.1399998664856,0.989242296754326,-0.111111111111111,-0.2,0.526315789473684,0,Nv_0278
"RNCMPT00279,max,AGAUGAA,RBD_v3_148299",63.2846042735043,9.59351300079626,66.6851,13.0217948717949,4.34923885837681,13.9,12.7136752136752,4.55339785940327,13.4,13.3299145299145,4.38257255889862,14.7,3.41250937005393,1.00417389258041,3.45278716087341,0.078888888888889,0.100813738953011,0.04,29.0598290598291,0.07,0,0.37,0.6,0.46,4.85,5.02,0.37,0.37,-4.17999982833862,0.941189146523286,0.25,0.473684210526316,0.542857142857143,1,RBM47
"RNCMPT00279,max,AGAUGAA,RBD_v3_207447",85.4992245762712,6.80819596092698,87.8594,3.34618644067797,2.40388002583698,2.375,3.7135593220339,3.1720983174812,2.5,2.97881355932203,1.73608517726538,2.4,3.58969103582835,0.890899393038869,3.59580290317535,0.327796610169491,0.290969894742618,0.26,4.23728813559322,0.07,0,0.74,0.76,0.78,1.32,1.32,0.74,0.74,-2.3199999332428,0.948924692132234,0,0.333333333333333,0.631578947368421,1,RBM47
"RNCMPT00279,max,AGAUGAU,RBD_v3_067771",75.97621640625,8.1342889383113,78.19245,6.05390625,2.88012199937767,5,6.353125,3.60515679434488,5.3,5.7546875,2.24642706252486,5,3.56420874898322,0.877469317017109,3.62997245788574,0.07828125,0.08635314214017,0.05,32.8125,0.09,0,0.54,0.66,0.6,3.04,3.51,0.54,0.54,-3.75,0.879449640695594,0.692307692307692,0.28,0.657894736842105,1,RBM47
"RNCMPT00279,min,GUUCGUC,RBD_v3_148666",76.411875862069,9.16352596429087,79.0862,4.6648275862069,2.9535296923644,3.7,4.91724137931035,3.63933649377775,3.7,4.41241379310345,2.3399870239022,3.7,3.61675133622926,1.05098951917783,3.78512501716614,0.230551724137931,0.259641257074986,0.1,20.6896551724138,0.07,0,0.64,0.69,0.68,1.9,2.06,0.64,0.64,-3.76999998092651,0.982030026212328,-0.047619047619048,-0.142857142857143,0.4,0,RBM47
"RNCMPT00279,min,GUUGUGU,RBD_v3_209914",76.6553021276596,8.1388955086185,78.6205,6.12127659574468,2.94988143885772,5.2,6.2936170212766,3.64579028147278,5.3,5.94893617021277,2.43918480480897,5.1,3.49670206359092,0.93370438606811,3.39515626430511,0.104893617021277,0.164537440134856,0.035,2.12765957446808,0.07,0,0.53,0.64,0.59,2.95,3.44,0.53,0.53,-6.25,0.938734143998914,0.428571428571429,-0.375,0.533333333333333,0,RBM47
"RNCMPT00279,min,UGUUCGU,RBD_v3_031083",80.8368661157025,7.07378369682206,82.5025,4.23223140495868,2.3878063460016,3.65,4.15785123966942,2.77076259256412,3.5,4.30661157024793,2.17476954860318,3.7,3.57683176196311,0.939746957901742,3.63479280471802,0.271322314049587,0.240343303591482,0.2,34.7107438016529,0.08,0,0.65,0.69,0.7,1.46,1.63,0.65,0.65,-2.35999989509583,0.97808936524446,-0.333333333333333,0.058823529411765,0.485714285714286,0,RBM47
"RNCMPT00280,max,AGAUGAA,RBD_v3_207447",81.1955674603175,10.6750661807247,85.2932,4.62261904761905,4.19862647608885,2.825,5.23968253968254,5.26914155232261,3.1,4.00555555555556,3.20812233072383,2.7,3.62769585847855,0.846249444696051,3.71005570888519,0.277936507936508,0.263718994265692,0.2,2.38095238095238,0.11,0,0.69,0.71,0.75,1.56,1.52,0.69,0.69,-2.3199999332428,0.948924692132234,0,0.333333333333333,0.631578947368421,1,Rbm47
"RNCMPT00280,max,AGAUGAA,RBD_v3_219699",74.2208478991597,10.6998316066335,78.9079,6.9672268907563,3.15688269442965,6.95,7.11344537815126,4.15761348530351,5.4,6.82100840336135,2.56924027383087,7.1,3.43197438646765,1.02071347254665,3.60402631759644,0.11327731092437,0.166433726025735,0.04,0,0.09,0,0.62,0.71,0.69,2.33,2.3,0.62,0.62,-4.90999984741211,0.9795363654177,0.111111111111111,0.3,0.526315789473684,1,Rbm47
"RNCMPT00280,max,AUGAUUA,RBD_v3_206741",72.893690625,11.6408067579855,74.8024,7.3734375,4.46829133569309,6.7,7.534375,4.9062781169263,6.65,7.2125,4.22575530219341,6.55,3.47878100909293,0.984247748516686,3.53625738620758,0.120390625,0.159459729291593,0.05,0,0.07,0,0.61,0.67,0.66,2.59,2.49,0.61,0.61,-2.09999990463257,0.925325483357417,0,0.545454545454545,0.578947368421053,1,Rbm47
"RNCMPT00280,min,GUGAGGU,RBD_v3_100832",63.8107776470588,13.1426894613496,66.5867,13.2182352941176,4.81670485480098,11.2,12.9329411764706,5.214480484448,11.5,13.5035294117647,4.67311069689497,11.7,3.7212228270138,0.890932553150941,3.92853951454163,0.042,0.049660753882623,0.03,1.17647058823529,0.06,0,0.37,0.65,0.46,6.28,5.38,0.37,0.37,-3.13000011444092,0.978771866509031,0.166666666666667,-0.111111111111111,0.6,0,Rbm47
"RNCMPT00280,min,GUGAGUC,RBD_v3_160122",84.9438902777778,7.52854481181732,86.90135,3.74652777777778,2.62674951873757,2.975,3.92569444444444,3.19426379510149,2.85,3.56736111111111,2.15506655783223,3,3.56155970982379,0.9099263368497,3.69945657253265,0.236041666666667,0.243391591439016,0.155,34.7222222222222,0.09,0,0.71,0.72,0.76,1.34,1.19,0.71,0.71,-6.71000003814697,0.98362673042881,0.2,0.066666666666667,0.428571428571429,0,Rbm47
"RNCMPT00280,min,GUGAGUU,RBD_v3_176940",79.7401227642276,8.89644392372606,83.2695,5.75528455284553,3.11808456472755,4.95,6.14552845528455,3.906074546906,4.9,5.3650406504065,2.44493399756156,4.9,3.55427529559872,0.9402100588749,3.60932350158691,0.176666666666667,0.194142362277276,0.09,43.089430894309,0.11,0,0.61,0.69,0.68,2.13,2.16,0.61,0.61,-3.49000000953674,0.970672678000034,0.375,0,0.466666666666667,0,Rbm47
"RNCMPT00281,max,AAAAAAG,RBD_v3_047412",63.8117186567164,6.55483134406967,64.2821,15.1455223880597,4.5541787086171,14.2,14.3537313432836,4.2978864663526,13.1,15.9373134328358,4.95355377317416,15.1,3.60901294715369,0.930826962482863,3.69347178936005,0.131791044776119,0.160341978266419,0.06,35.0746268656716,0.08,0,0.32,0.63,0.43,7.46,7.27,0.32,0.32,-3.63000011444092,0.962715817399016,-0.066666666666667,0.304347826086957,0.605263157894737,1,Syncrip
"RNCMPT00281,max,AAAAAAG,RBD_v3_203897",62.7370031446541,9.80386360245913,66.2172,15.3213836477987,4.03121702859442,14.2,15.1125786163522,3.95934629143363,14,15.5301886792453,4.33428712718524,14.4,3.6860656393399,0.898017496841159,3.89307928085327,0.133333333333333,0.180041017361293,0.04,32.7044025157233,0.05,0,0.33,0.65,0.42,8.06,8.32,0.33,0.33,-2.08999991416931,0.923032802997579,0,0.523809523809524,0.6,1,Syncrip
"RNCMPT00281,max,AAAAAGC,RBD_v3_017848",63.4967642335766,6.93065398778093,64.1515,17.8335766423358,2.64156614007516,17.65,17.2919708029197,3.0360834482971,17.4,18.3751824817518,2.58558734429626,18.1,3.60838143407863,0.854271787545475,3.71620178222656,0.136131386861314,0.161300998206233,0.06,0.72992700729927,0.1,0,0.3,0.57,0.4,11.29,10.77,0.3,0.3,-4.15000009536743,0.925325483357417,0.230769230769231,0.36,0.657894736842105,1,Syncrip
"RNCMPT00281,min,CCCCCCG,RBD_v3_203917",76.3252098591549,8.0242081572871,78.7815,6.05070422535211,2.67412860249768,5.75,6.29718309859155,2.77853876453001,5.7,5.80422535211268,2.67520021251913,5.5,3.54658659411148,0.819039950196291,3.51863765716553,0.295774647887324,0.248070623422507,0.19,1.40845070422535,0.09,0,0.58,0.62,0.63,3.09,2.51,0.58,0.58,-4.76999998092651,0.953353793718457,-0.272727272727273,0.375,0.421052631578947,0,Syncrip
"RNCMPT00281,min,CCCCCCU,RBD_v3_169715",75.4267253846154,12.3395678228211,79.88515,7.80115384615385,6.04818656076533,5.475,7.51076923076923,5.73240815710693,5.4,8.09153846153846,6.43519916649537,6,3.57811926970115,0.957742675209371,3.69682252407074,0.219076923076923,0.21114470644614,0.145,2.30769230769231,0.06,0,0.58,0.7,0.63,1.97,2.44,0.58,0.58,-5.69000005722046,0.994985417684099,-0.157894736842105,-0.052631578947368,0.5,0,Syncrip
"RNCMPT00281,min,CCCCCCU,RBD_v3_210390",74.1454094594595,8.66554836928709,77.4031,8.2875,4.186810660085,6.7,8.4222972972973,4.29261065683217,7.05,8.1527027027027,4.15941593796853,6.7,3.63271710558518,0.957490940182121,3.79496741294861,0.195405405405405,0.205165864137574,0.095,8.78378378378378,0.05,0,0.53,0.68,0.59,3.91,4.02,0.53,0.53,0,0.93246865953145,-0.428571428571429,0.285714285714286,0.4,0,Syncrip
"RNCMPT00282,max,CAACUAC,RBD_v3_204796",63.9618571428571,6.25983442173868,63.33025,15.2928571428571,2.47561615051189,15.025,14.2535714285714,2.69470621004249,13.9,16.3321428571429,2.53578799966022,16.2,3.4594232738018,0.81186520106059,3.47938227653503,0.144285714285714,0.113102642728664,0.1,41.0714285714286,0.27,0,0.25,0.57,0.45,9.73,10.68,0.25,0.25,-5.01000022888184,0.9795363654177,-0.238095238095238,0.176470588235294,0.447368421052632,1,Rbm42
"RNCMPT00282,max,CCAACUA,RBD_v3_148644",51.6253081081081,7.82782938390298,54.0497,19.6608108108108,1.59666326448487,19.6,18.9608108108108,1.80667086309398,18.5,20.3608108108108,2.05718370911112,20.35,3.55723233480711,0.978450976181296,3.60077428817749,0.021351351351351,0.026135805719637,0.01,0,0.27,0,0.11,0.54,0.33,13.96,15.57,0.11,0.11,-3.10999989509583,0.97042113639059,0.294117647058823,0.238095238095238,0.552631578947368,1,Rbm42
"RNCMPT00282,max,CCAACUA,RBD_v3_151425",65.6666413793104,7.68398231771517,66.37635,12.0922413793103,2.69029773549809,11.925,11.3741379310345,2.98214336817675,10.25,12.8103448275862,2.89686398224691,13.35,3.47481534809902,0.948985042436132,3.36432611942291,0.145689655172414,0.133036231299881,0.11,15.5172413793103,0.26,0,0.3,0.56,0.49,6.32,7.61,0.3,0.3,-3.59999990463257,0.997098982459257,-0.1,0,0.473684210526316,1,Rbm42
"RNCMPT00282,min,AGAGUCG,RBD_v3_059864",73.696744,6.24947044499952,74.0952,7.399,2.51936358176879,6.825,6.824,2.62200733198433,6.2,7.974,2.76876234046174,7.25,3.42356423377991,0.840120532870759,3.40392291545868,0.2718,0.222863461448887,0.25,0,0.28,0,0.46,0.61,0.63,3.06,4.33,0.46,0.46,-3.72000002861023,0.998395815990818,0.066666666666667,0.066666666666667,0.5,0,Rbm42
"RNCMPT00282,min,GAGUCGU,RBD_v3_223071",73.0831438596491,9.14199778467519,74.9079,8.11228070175439,3.63347876281113,6.75,8.04385964912281,3.73157461707615,6.5,8.18070175438596,3.87516997767707,7,3.46488564474541,0.930470277995818,3.59853029251099,0.339649122807018,0.307599954209317,0.23,7.01754385964912,0.28,0,0.45,0.58,0.61,4.08,3.42,0.45,0.45,-2.89000010490417,0.974436160642641,-0.2,0.130434782608696,0.605263157894737,0,Rbm42
"RNCMPT00282,min,GUGAGUC,RBD_v3_218560",63.0476172413793,6.48894764993194,62.43595,11.0534482758621,1.9362167412786,10.925,10.5551724137931,2.42625785165848,9.95,11.551724137931,1.90412676300255,11.8,3.40386599816125,1.05254600678122,3.3064284324646,0.108965517241379,0.103121281945477,0.075,0,0.26,0,0.27,0.56,0.46,6.1,7.49,0.27,0.27,-3.76999998092651,0.974436160642641,0.052631578947368,0.368421052631579,0.5,0,Rbm42
"RNCMPT00283,max,GAGUGUG,RBD_v3_031640",86.1537770833333,6.78859713431405,88.25595,3.93645833333333,2.06265527032134,2.85,3.34583333333333,1.77523847164421,2.45,4.52708333333333,2.52044740906133,3.55,3.42790794620911,0.98299274307719,3.44237470626831,0.397708333333333,0.40845447978537,0.245,0,0.43,0,0.54,0.56,0.76,1.36,1.51,0.54,0.54,-4.5,0.988591321492785,0.222222222222222,-0.1,0.526315789473684,1,Rbm38
"RNCMPT00283,max,GUGUGUG,RBD_v3_104995",74.9140759259259,4.66752779393389,75.64535,9.36111111111111,1.68269961294979,9.125,8.71296296296296,1.92628749360949,8.6,10.0092592592593,1.70108384079187,9.65,3.59519656278469,0.933164668095412,3.47937417030334,0.25037037037037,0.215502597830185,0.175,83.3333333333333,0.43,0,0.33,0.57,0.59,5.4,6.74,0.33,0.33,-5.59000015258789,0.978771866509031,0.333333333333333,-0.066666666666667,0.5,1,Rbm38
"RNCMPT00283,max,GUGUGUG,RBD_v3_138402",81.7334489361702,6.41561774377903,84.5983,5.69148936170213,1.8673196074022,5.05,5.50212765957447,1.72934887994474,4.8,5.88085106382979,2.23262745367449,5.2,3.59958464794971,0.942761440756764,3.70777082443237,0.300851063829787,0.265090876847873,0.24,0,0.42,0,0.47,0.56,0.69,3.41,3.45,0.47,0.47,-7.55999994277954,0.986389195400269,0.25,0.052631578947368,0.542857142857143,1,Rbm38
"RNCMPT00283,min,CACAAUU,RBD_v3_235880",72.4347341463415,7.97213317304753,74.5815,8.96219512195122,2.58915479664226,7.8,8.54146341463415,2.95101470766888,7.6,9.38292682926829,2.41525386233253,8.9,3.4011020166118,1.00260635784676,3.49888396263123,0.209268292682927,0.17167396779801,0.19,68.2926829268293,0.42,0,0.35,0.53,0.6,4.29,6.19,0.35,0.35,-5.05999994277954,0.936971221568261,0.238095238095238,0.529411764705882,0.447368421052632,0,Rbm38
"RNCMPT00283,min,CCAAAUU,RBD_v3_188499",71.7780377777778,6.91566610609856,74.6468,11.6477777777778,2.31271081485155,11.05,11.2444444444444,2.33720458080273,11,12.0511111111111,2.67570060682688,11.7,3.56297030382686,0.926143617963088,3.49211597442627,0.122666666666667,0.131432665097172,0.07,31.1111111111111,0.42,0,0.26,0.52,0.52,7.55,7.18,0.26,0.26,-4.34000015258789,0.974436160642641,0.25,0.181818181818182,0.578947368421053,0,Rbm38
"RNCMPT00283,min,GACUCAC,RBD_v3_078845",77.4137386363636,8.56214537873611,80.51605,7.28068181818182,2.58924914834781,6.2,6.70681818181818,2.71279463964212,5.7,7.85454545454546,2.58820711452026,7,3.52245449613441,0.864600144321461,3.5734429359436,0.244545454545455,0.184686466502261,0.25,4.54545454545455,0.42,0,0.4,0.55,0.64,3.72,4.57,0.4,0.4,-2.65000009536743,0.991926560584619,-0.176470588235294,0.111111111111111,0.514285714285714,0,Rbm38
"RNCMPT00284,max,AGUGUGA,RBD_v3_006597",84.5272173913044,8.75719931688727,89.33685,4.42065217391304,2.43247875603277,3.075,4.47608695652174,3.37679563969609,2.6,4.36521739130435,1.85869935304883,3.65,3.43240295804065,0.974732249656254,3.54091942310333,0.392826086956522,0.318082190940072,0.33,82.6086956521739,0.4,0,0.53,0.58,0.74,2.15,2.16,0.53,0.53,-3.9300000667572,0.926998060632269,0.529411764705882,0.333333333333333,0.514285714285714,1,At_0284
"RNCMPT00284,max,AGUGUGA,RBD_v3_040660",69.7968677966102,7.38909090916772,72.2972,11.114406779661,3.45224877793893,11,10.9627118644068,3.77687602642644,11.2,11.2661016949153,3.35531540063758,10.1,3.49136510238809,0.986521589180569,3.49982023239136,0.088474576271187,0.157215134387313,0.02,79.6610169491525,0.38,0,0.35,0.57,0.58,5.6,6.21,0.35,0.35,-3.47000002861023,0.910054749242409,0.529411764705882,0.444444444444444,0.514285714285714,1,At_0284
"RNCMPT00284,max,GAGUGUG,RBD_v3_031640",79.7520612244898,6.52377620745251,82.0015,7.27142857142857,2.0271336495982,7.1,7.24081632653061,2.57422467027671,6.6,7.30204081632653,1.74696043123458,7,3.61293058979268,0.894577145796208,3.69253206253052,0.323673469387755,0.278737435274003,0.25,0,0.4,0,0.43,0.56,0.65,4.16,4.76,0.43,0.43,-4.5,0.988591321492785,0.222222222222222,-0.1,0.526315789473684,1,At_0284
"RNCMPT00284,min,CACAAUU,RBD_v3_051256",73.699313559322,11.1466573138884,78.4784,8.66610169491525,4.55524934665156,6.35,8.13728813559322,4.3089681261409,5.4,9.19491525423729,4.983712220092,6.6,3.48757133392964,0.930308797945725,3.59566044807434,0.263050847457627,0.261245387600189,0.19,54.2372881355932,0.38,0,0.46,0.56,0.68,3.7,3.74,0.46,0.46,-2.85999989509583,0.9795363654177,-0.238095238095238,-0.176470588235294,0.447368421052632,0,At_0284
"RNCMPT00284,min,CACAAUU,RBD_v3_169820",82.6444904761905,9.94925009768317,86.76595,4.13690476190476,2.48139564200711,3.275,3.78809523809524,3.08024408131313,2.6,4.48571428571429,2.22683976320939,3.85,3.366310524089,0.902161712477119,3.5199089050293,0.416666666666667,0.342456453821837,0.355,7.14285714285714,0.39,0,0.52,0.59,0.73,1.53,2.04,0.52,0.52,-2.07999992370605,0.951897834098959,0.2,0.1,0.666666666666667,0,At_0284
"RNCMPT00284,min,CAUUUCU,RBD_v3_108576",85.0113843137255,7.76738286777142,87.7968,3.72156862745098,1.82063875884154,3.1,3.57254901960784,2.43171366993506,2.4,3.87058823529412,1.63857183152245,3.3,3.52954197046803,0.848483335226214,3.60078597068787,0.339411764705882,0.314778727138324,0.23,0,0.38,0,0.56,0.59,0.76,1.77,1.85,0.56,0.56,-1.4099999666214,0.98104373803761,-0.125,-0.263157894736842,0.542857142857143,0,At_0284
"RNCMPT00285,max,GAGUGUG,RBD_v3_031640",87.5263,5.32730915183113,87.70665,3.274,1.47704337880008,2.975,2.822,1.35515493503849,2.55,3.726,1.74189786246648,3.35,3.43491189956665,0.872783557437828,3.44706475734711,0.3886,0.404954066430215,0.22,0,0.33,0,0.57,0.6,0.74,1.26,1.45,0.57,0.57,-4.5,0.988591321492785,0.222222222222222,-0.1,0.526315789473684,1,Rbm24
"RNCMPT00285,max,GAGUGUG,RBD_v3_064069",73.5924911111111,8.15592710358609,76.5315,8.11666666666667,1.99946015441441,7.55,7.31333333333333,2.40667631996721,6.4,8.92,1.80688078793765,8.7,3.58019598258866,0.990427754139431,3.50110340118408,0.174444444444444,0.124070279855549,0.15,44.4444444444444,0.33,0,0.35,0.56,0.56,4.81,5.89,0.35,0.35,-6.78999996185303,0.97042113639059,0.368421052631579,0.157894736842105,0.5,1,Rbm24
"RNCMPT00285,max,GUGUGUG,RBD_v3_138402",76.5973448979592,6.79889360218084,79.0235,8.75714285714286,3.12783205005213,7.8,8.90612244897959,3.2639704963986,8.3,8.60816326530612,3.21959086005077,7.8,3.48582838992683,1.0453791030361,3.57269382476807,0.266122448979592,0.244555858705554,0.19,0,0.33,0,0.41,0.57,0.61,5.5,5.32,0.41,0.41,-7.55999994277954,0.986389195400269,0.25,0.052631578947368,0.542857142857143,1,Rbm24
"RNCMPT00285,min,AGGCACA,RBD_v3_178988",74.129204,6.93443473655163,77.61815,7.852,1.79642388525376,7.775,7.922,1.97982580144861,7.9,7.782,1.97243142194747,7.25,3.50688500642776,0.91524914641755,3.66450083255768,0.3102,0.280302242122277,0.225,26,0.33,0,0.4,0.57,0.6,4.65,4.85,0.4,0.4,-2.78999996185303,0.957368817970507,-0.333333333333333,0.217391304347826,0.605263157894737,0,Rbm24
"RNCMPT00285,min,AGGCACA,RBD_v3_189773",81.6249297872341,9.58184481851225,85.4402,4.37553191489362,2.66129406942549,3.2,4.05744680851064,2.94291667515269,2.4,4.6936170212766,2.60554627964198,3.9,3.3951044919643,0.859962271772091,3.53534245491028,0.455531914893617,0.407109687765276,0.48,78.7234042553192,0.33,0,0.52,0.6,0.7,1.33,1.8,0.52,0.52,-4.59000015258789,0.982848200563011,0.157894736842105,0.263157894736842,0.5,0,Rbm24
"RNCMPT00285,min,CACUCAA,RBD_v3_035610",75.4991047619048,7.12216920532257,78.80555,10.8440476190476,2.13236392300098,10.375,10.8214285714286,1.96525126728213,10.5,10.8666666666667,2.47422485192558,10.35,3.54736017045521,0.821871377527258,3.63525485992432,0.217142857142857,0.180895950611768,0.2,35.7142857142857,0.34,0,0.38,0.59,0.59,7.7,7.36,0.38,0.38,0,0.85527337427208,-0.818181818181818,0.263157894736842,0.633333333333333,0,Rbm24
"RNCMPT00287,max,CUACUAC,RBD_v3_035199",73.965247826087,5.36196214943222,73.1812,7.16086956521739,1.87913993087141,6.45,7.59130434782609,2.49992583010181,6.6,6.7304347826087,1.49708583075745,6.5,3.50159717297208,1.0011332864892,3.65874028205872,0.096376811594203,0.099380004712937,0.06,71.0144927536232,0.41,0,0.43,0.56,0.66,4.1,4.06,0.43,0.43,-4.42999982833862,0.986863224815062,-0.176470588235294,-0.142857142857143,0.552631578947368,1,An_0287
"RNCMPT00287,max,CUACUAC,RBD_v3_154173",55.5950142857143,6.62153619433264,54.9983,21.2515873015873,1.38726838386392,21.35,20.3539682539683,1.73203454826839,20.1,22.1492063492064,1.77653822633695,22,3.4469559627866,1.0898129719691,3.42517304420471,0.044285714285714,0.051890526381129,0.02,74.6031746031746,0.43,0,0.13,0.49,0.42,16.95,18.48,0.13,0.13,-3.53999996185303,0.973211645383088,-0.333333333333333,-0.176470588235294,0.485714285714286,1,An_0287
"RNCMPT00287,max,CUACUAC,RBD_v3_197552",62.2366596491228,8.02429813768469,61.3305,14.8578947368421,3.90178289688651,13.95,14.4789473684211,3.72375275581854,13.4,15.2368421052632,4.25934399622706,14.1,3.36576874318876,1.01755817816271,3.35874342918396,0.224912280701754,0.222831797607663,0.08,75.4385964912281,0.42,0,0.25,0.49,0.51,9.31,8.98,0.25,0.25,-5.05000019073486,0.974436160642641,-0.368421052631579,0.052631578947368,0.5,1,An_0287
"RNCMPT00287,min,AGAAUGA,RBD_v3_215633",71.1920767441861,6.87178623353829,72.8241,10.4418604651163,2.45218392052196,9.45,10.7209302325581,3.27163554114211,9.6,10.1627906976744,2.08612459745383,9.6,3.43588114893714,0.932032282337653,3.54145383834839,0.082325581395349,0.079157384196727,0.06,0,0.44,0,0.34,0.52,0.59,5.83,6.5,0.34,0.34,-5.17000007629395,0.957615612623957,0.2,0.304347826086957,0.605263157894737,0,An_0287
"RNCMPT00287,min,AGAUUAG,RBD_v3_107604",69.7556852459016,9.18638051114866,73.2849,9.71803278688525,3.27945667231232,9.35,9.65409836065574,3.08931350359546,8.8,9.78196721311475,3.74203635278624,9.3,3.37065719678754,0.956090670503861,3.49896740913391,0.21672131147541,0.233478916332042,0.1,81.9672131147541,0.42,0,0.37,0.51,0.61,4.91,5.35,0.37,0.37,-3.14000010490417,0.98986211886685,-0.058823529411765,0.222222222222222,0.514285714285714,0,An_0287
"RNCMPT00287,min,AGAUUAG,RBD_v3_122053",72.7960093023256,7.71678115256473,70.6267,11.4046511627907,2.25920903651109,11.5,12.6813953488372,2.78834784790747,11.9,10.1279069767442,2.19548514883606,10.1,3.41567698467609,1.03976102101413,3.53051424026489,0.187209302325581,0.178676691013144,0.13,9.30232558139535,0.42,0,0.43,0.53,0.66,5.92,5.57,0.43,0.43,-3.61999988555908,0.945053740070628,0.058823529411765,-0.538461538461538,0.433333333333333,0,An_0287
"RNCMPT00288,max,CAAAAUU,RBD_v3_183842",74.7592023255814,7.16757434315152,76.7286,6.38488372093023,1.90349806125093,6.5,6.4906976744186,1.91071983574193,6.6,6.27906976744186,2.13100894599412,6.1,3.47792240838672,0.926927782898085,3.62723469734192,0.151162790697674,0.16239240624072,0.1,0,0.11,0,0.57,0.69,0.65,3.4,3.06,0.57,0.57,-4.11999988555908,0.915129625944227,0,0.5,0.631578947368421,1,HNRNPR
"RNCMPT00288,max,CCAAAUU,RBD_v3_063930",73.1266672,8.51363267658044,71.5343,11.634,7.82327895120627,7.25,11.6592,7.82572367054587,7.3,11.6088,7.91612295133452,7.6,3.54813201332092,0.904590753584703,3.55041670799255,0.16576,0.224708642899085,0.05,0,0.09,0,0.62,0.67,0.68,2.34,2.18,0.62,0.62,-3.21000003814697,0.959253543925123,-0.294117647058823,0.333333333333333,0.552631578947368,1,HNRNPR
"RNCMPT00288,max,CCAAAUU,RBD_v3_137219",68.6351917293233,8.27019098175512,66.7544,12.4206766917293,6.94513708173379,9,12.0556390977444,6.40988126318707,9.7,12.7857142857143,7.5963621961251,9.6,3.62033103193556,0.967425798481422,3.68443536758423,0.134135338345865,0.161874099129581,0.05,0,0.09,0,0.53,0.67,0.6,3.8,3.59,0.53,0.53,-4.57000017166138,0.968368772952233,0,0.166666666666667,0.631578947368421,1,HNRNPR
"RNCMPT00288,min,GAGUGGG,RBD_v3_107212",70.0384844444445,6.39685947886682,71.4503,10.0588888888889,2.457602176454,9.4,10.2740740740741,2.36062105928013,9.9,9.84370370370371,3.02565170992338,9.1,3.52002426739092,0.905929229310292,3.65939092636108,0.078,0.096496848606806,0.05,7.40740740740741,0.09,0,0.44,0.67,0.53,5.58,4.86,0.44,0.44,-7.23000001907349,0.953122975909535,0.428571428571429,0.176470588235294,0.447368421052632,0,HNRNPR
"RNCMPT00288,min,GGGUGGG,RBD_v3_163493",64.8165281481481,8.15367946226615,67.3269,15.7748148148148,3.47217550880683,15.55,15.1903703703704,3.75065912762715,15.5,16.3592592592593,3.6367587729435,16.3,3.57659477436984,0.999626643465284,3.65286159515381,0.049703703703704,0.081843869752297,0.02,37.037037037037,0.09,0,0.31,0.66,0.43,8.85,8.83,0.31,0.31,-4.55999994277954,0.927817110131354,0.538461538461538,0.294117647058823,0.566666666666667,0,HNRNPR
"RNCMPT00288,min,GGGUGGG,RBD_v3_188363",73.5851942028986,5.74942644980506,74.48815,6.5804347826087,1.99049231689019,6.85,6.58333333333333,2.03396643647829,6.9,6.57753623188406,2.17090980005885,6.6,3.54162653632786,1.03046920265146,3.71268475055695,0.181231884057971,0.200220509455558,0.09,2.89855072463768,0.1,0,0.55,0.69,0.63,3.22,3.13,0.55,0.55,-6.76000022888184,0.969100929771736,0.411764705882353,0,0.514285714285714,0,HNRNPR
"RNCMPT00289,max,AAAAAAG,RBD_v3_203897",70.3200492307692,6.7622551305105,72.21275,10.3576923076923,2.44397266457947,9.925,10.5692307692308,2.47752208522282,10.1,10.1461538461538,2.76397516917895,9.65,3.50200630197158,0.89375792458692,3.53424453735352,0.206769230769231,0.195987720642939,0.13,40,0.1,0,0.45,0.65,0.54,6.93,4.88,0.45,0.45,-2.08999991416931,0.923032802997579,0,0.523809523809524,0.6,1,Hnrnpr
"RNCMPT00289,max,AAAAACG,RBD_v3_206741",66.494555704698,8.72101996164457,69.6011,13.751677852349,3.22286707231154,13.15,14.1651006711409,2.91533518017565,13.9,13.338255033557,3.80663711479143,12.9,3.57059917753975,0.833524600175933,3.63842344284058,0.07993288590604,0.077768685460389,0.06,31.5436241610738,0.1,0,0.41,0.65,0.51,8.82,5.96,0.41,0.41,-2.09999990463257,0.925325483357417,0,0.545454545454545,0.578947368421053,1,Hnrnpr
"RNCMPT00289,max,AAAAAGC,RBD_v3_017848",69.6215717948718,11.5882811537751,67.2025,13.9730769230769,6.55806471946728,15.6,14.2837606837607,6.05630132468138,14.3,13.6623931623932,7.19743400750341,16,3.44800940894673,0.977079219624475,3.54788398742676,0.134017094017094,0.190774554749207,0.02,1.70940170940171,0.1,0,0.51,0.63,0.58,4.99,2.6,0.51,0.51,-4.15000009536743,0.925325483357417,0.230769230769231,0.36,0.657894736842105,1,Hnrnpr
"RNCMPT00289,min,GGGGGGG,RBD_v3_068209",75.3835044117647,7.82734507757181,72.5597,8.16580882352941,5.09818305399774,8.05,8.1,4.93297295981057,10.65,8.23161764705882,5.43973994756806,5.95,3.57672710322282,0.951439697528714,3.69852352142334,0.194117647058824,0.302090176843826,0.01,46.3235294117647,0.1,0,0.66,0.69,0.71,1.53,1.7,0.66,0.66,-5.65000009536743,0.904129670962501,0.565217391304348,-0.2,0.394736842105263,0,Hnrnpr
"RNCMPT00289,min,GGGGGGG,RBD_v3_085759",59.7485058441558,6.47733257791103,61.16785,18.8100649350649,2.40492672336923,18.85,19.6857142857143,2.19561144494653,19.1,17.9344155844156,3.39421614677047,18.25,3.66065853601926,0.869825117194606,3.72207045555115,0.037077922077922,0.04785497323819,0.02,19.4805194805195,0.1,0,0.26,0.6,0.38,15.1,9.64,0.26,0.26,-4.75,0.974726007693974,0.263157894736842,0.263157894736842,0.5,0,Hnrnpr
"RNCMPT00289,min,GGUUUGG,RBD_v3_190178",66.136654368932,7.01810176828153,67.4681,12.2839805825243,2.12057166719206,12.2,12.2621359223301,2.4209913908722,11.7,12.3058252427184,2.23478845964368,12.5,3.50860424875056,0.839942997549866,3.61658549308777,0.082718446601942,0.088275351019202,0.05,49.5145631067961,0.1,0,0.34,0.63,0.45,8.92,6.72,0.34,0.34,-4.78000020980835,0.991935556609076,0.058823529411765,0.076923076923077,0.433333333333333,0,Hnrnpr
"RNCMPT00291,max,GUAAUUG,RBD_v3_092283",81.8007601626016,8.4507814427952,83.881,5.00365853658537,3.51724772902977,4.25,5.23333333333333,4.32943919184079,4.2,4.7739837398374,2.77559142710617,4.2,3.45364007426471,0.921240476037631,3.57894659042358,0.310650406504065,0.271111071054271,0.23,31.7073170731707,0.13,0,0.62,0.68,0.69,1.52,1.81,0.62,0.62,-3.57999992370605,0.972311607127289,0.285714285714286,0.25,0.533333333333333,1,A1CF
"RNCMPT00291,max,UAAUUGG,RBD_v3_001695",62.99006,11.3671208350555,63.48045,17.915,4.37402439974234,18.95,17.2018181818182,4.56060075348565,17.8,18.6281818181818,4.58101650948966,18.75,3.58373845327984,0.957244559338634,3.85485565662384,0.121909090909091,0.16671403552601,0.03,17.2727272727273,0.07,0,0.35,0.64,0.44,10,9.42,0.35,0.35,-5.1399998664856,0.989242296754326,0,-0.090909090909091,0.578947368421053,1,A1CF
"RNCMPT00291,max,UAAUUGG,RBD_v3_019822",59.1201744525547,11.9534883272503,63.1326,20.8529197080292,1.9893075060935,20.75,21.1116788321168,2.33855365348123,20.8,20.5941605839416,1.90574851835169,20.5,3.46551879566081,0.985090256469626,3.62172150611877,0.04051094890511,0.051710750501954,0.02,40.8759124087591,0.09,0,0.25,0.61,0.37,14.34,15.54,0.25,0.25,-4.90999984741211,0.991935556609076,0.2,0.066666666666667,0.5,1,A1CF
"RNCMPT00291,min,GAGUCGU,RBD_v3_237122",69.9337418032787,12.9868541643752,74.8874,11.0364754098361,5.59267908746992,8.975,11.572131147541,6.21354508538505,8.95,10.5008196721311,5.10277020699491,9,3.55904446615547,0.919219731047426,3.64001798629761,0.103688524590164,0.110552338449479,0.07,51.6393442622951,0.07,0,0.49,0.67,0.56,4.51,4.19,0.49,0.49,-5.05999994277954,0.991355861529484,0,-0.2,0.526315789473684,0,A1CF
"RNCMPT00291,min,GUUCGUC,RBD_v3_148666",80.5028367647059,11.1659295622977,84.05315,4.63161764705882,4.35516640335033,3.05,4.95,5.72964997961384,3,4.31323529411765,3.09388426184757,3.2,3.52648329647148,0.929429164970826,3.6637362241745,0.319852941176471,0.331139414064289,0.155,27.9411764705882,0.12,0,0.75,0.74,0.81,1.53,1.84,0.75,0.75,-3.76999998092651,0.982030026212328,-0.047619047619048,-0.142857142857143,0.4,0,A1CF
"RNCMPT00291,min,UUUUUUU,RBD_v3_004513",73.4722055555556,9.47399566893974,76.48775,8.1015873015873,3.11092228451909,7.225,8.2515873015873,3.66393742581904,7.35,7.9515873015873,2.80951907989917,7.15,3.53528041782833,1.01290129769603,3.68941676616669,0.089206349206349,0.081482299178196,0.06,43.6507936507937,0.11,0,0.48,0.67,0.58,4.41,4.24,0.48,0.48,-6.21000003814697,0.941189146523286,0.25,-0.473684210526316,0.542857142857143,0,A1CF
"RNCMPT00046,max,AUGUACA,RBD_v3_021558",91.6295671875,8.09039124082027,95.0773,1.88359375,1.60873248655382,1.3,1.66875,1.4342604974701,1.15,2.0984375,1.82500203848549,1.4,3.4923506937921,0.765964377890687,3.31329238414764,0.579375,0.367815839875735,0.785,64.0625,0.13,0,0.8,0.83,0.87,0.96,1.01,0.8,0.8,-4.17999982833862,0.984029002132122,-0.058823529411765,0.238095238095238,0.552631578947368,1,PUM
"RNCMPT00046,max,AUGUACA,RBD_v3_164722",88.8158793650794,10.4832013962455,94.1273,2.76825396825397,2.89620582703031,1.4,2.52857142857143,2.87477508637372,1.2,3.00793650793651,2.98438417418561,1.5,3.38793888735393,0.833985962669355,3.43868827819824,0.568253968253968,0.391887655406247,0.81,60.3174603174603,0.13,0,0.77,0.83,0.84,0.97,1.16,0.77,0.77,-6.90999984741211,0.97042113639059,0.157894736842105,0.368421052631579,0.5,1,PUM
"RNCMPT00046,max,UGUACAG,RBD_v3_195688",94.0812446428571,3.04489706223497,95.08355,1.42053571428571,0.406959545198993,1.3,1.35714285714286,0.358206209203147,1.3,1.48392857142857,0.483839487175912,1.4,3.41810791194439,0.635926731651476,3.19675838947296,0.6425,0.342319627355381,0.83,0,0.13,0,0.79,0.82,0.86,1.06,1.02,0.79,0.79,-5.15999984741211,0.9843247536825,0.294117647058823,0,0.514285714285714,1,PUM
"RNCMPT00046,min,UCUUCUU,RBD_v3_056971",78.5586223880597,11.6801724627525,85.6463,8.34925373134328,7.22792612727272,3.4,8.1044776119403,7.0547304747567,3.6,8.59402985074627,7.48908054794719,3.6,3.48979941410805,0.800691223104184,3.29623603820801,0.328955223880597,0.320790379627712,0.22,25.3731343283582,0.12,0,0.72,0.8,0.8,2.22,2.13,0.72,0.72,-5.03000020980835,0.968368772952233,-0.176470588235294,-0.333333333333333,0.552631578947368,0,PUM
"RNCMPT00046,min,UCUUCUU,RBD_v3_163386",81.59105,11.446277537651,85.118,4.55394736842105,3.61537239352458,2.525,4.01710526315789,3.4951542896948,2.45,5.09078947368421,3.8065969975497,2.9,3.48503783815785,0.84710097767483,3.39814269542694,0.312236842105263,0.331701064953413,0.13,42.1052631578947,0.13,0,0.75,0.82,0.83,1.14,1.58,0.75,0.75,-1.88999998569489,0.963315111010797,-0.333333333333333,-0.294117647058823,0.485714285714286,0,PUM
"RNCMPT00046,min,UUUUCUU,RBD_v3_039048",75.3132295774648,9.78647969895778,80.0182,8.54507042253521,4.13400666017828,6.5,7.75774647887324,4.10179967372619,6.4,9.33239436619718,4.42656831442298,7.5,3.53828150369752,0.918567295987887,3.41136264801025,0.151830985915493,0.160127715626843,0.08,0,0.12,0,0.63,0.81,0.72,3.02,4.58,0.63,0.63,-4.46000003814697,0.98986211886685,-0.066666666666667,-0.1,0.571428571428571,0,PUM
"RNCMPT00101,max,AUGUACA,RBD_v3_074842",92.6512446428571,4.50462864605728,94.41425,1.74375,0.735716255828909,1.475,1.44821428571429,0.579965852107165,1.2,2.03928571428571,0.916451371804918,1.7,3.35741168473448,0.729479304583609,3.23148667812347,0.656607142857143,0.349343679624387,0.835,64.2857142857143,0,0,0.83,0.9,0.84,0.91,1.11,0.83,0.83,-5.69999980926514,0.99900044193615,0,0,0.526315789473684,1,PUM
"RNCMPT00101,max,UGUACAG,RBD_v3_195688",88.1624536231884,10.1479802873394,92.6126,4.2036231884058,6.61161143724443,1.55,3.73188405797101,6.02454520503716,1.3,4.67536231884058,7.23090600858771,1.7,3.40187842258509,0.672654700007084,3.25206685066223,0.488985507246377,0.368179723247222,0.56,0,0,0,0.84,0.88,0.85,1.07,1.18,0.84,0.84,-5.15999984741211,0.9843247536825,0.294117647058823,0,0.514285714285714,1,PUM
"RNCMPT00101,max,UGUAUAG,RBD_v3_005009",88.3496810126582,10.9643470447731,93.7485,3.28417721518987,3.48592908102499,1.55,2.72151898734177,2.98898279953514,1.4,3.84683544303797,4.0518383115992,1.8,3.40754564653469,0.764851965149899,3.31641721725464,0.479746835443038,0.3921177697356,0.44,0,0,0,0.85,0.9,0.86,0.98,1.17,0.85,0.85,-4.57000017166138,0.949336790478027,-0.285714285714286,0.25,0.631578947368421,1,PUM
"RNCMPT00101,min,CCCCCCC,RBD_v3_012658",94.1311181818182,2.90218747072253,95.4207,1.32727272727273,0.35885855330403,1.25,1.20909090909091,0.325048558920918,1.1,1.44545454545455,0.417584846919886,1.4,3.43464875221252,0.599814305705306,3.30908250808716,0.704,0.332452168656552,0.85,0,0,0,0.86,0.9,0.87,0.96,0.99,0.86,0.86,-4.46999979019165,0.943824487357175,-0.391304347826087,-0.2,0.394736842105263,0,PUM
"RNCMPT00101,min,GAGUCGU,RBD_v3_021354",85.8138791044776,6.45845039439258,87.0703,2.58955223880597,1.03167770518766,2.25,2.27611940298507,0.901192736967667,2.4,2.90298507462687,1.20855161864331,2.5,3.41249150660501,0.732768122267225,3.21963977813721,0.379701492537314,0.334858496343599,0.26,14.9253731343284,0,0,0.79,0.87,0.81,1.21,1.43,0.79,0.79,-4.67999982833862,0.940829129511555,0.5,0.222222222222222,0.473684210526316,0,PUM
"RNCMPT00101,min,GAGUCGU,RBD_v3_070447",90.0372968253968,5.38981700853319,91.5723,2.1515873015873,1.25431411195484,1.7,1.95555555555556,1.18699645049036,1.5,2.34761904761905,1.37674899237967,1.9,3.28467825859312,0.79027015075479,3.2511785030365,0.484603174603175,0.37485836205514,0.65,39.6825396825397,0,0,0.83,0.9,0.84,1.05,1.19,0.83,0.83,-8.14999961853027,0.986863224815062,0.142857142857143,0.176470588235294,0.447368421052632,0,PUM
"RNCMPT00102,max,UGUACAG,RBD_v3_195688",88.1624536231884,10.1479802873394,92.6126,4.2036231884058,6.61161143724443,1.55,3.73188405797101,6.02454520503716,1.3,4.67536231884058,7.23090600858771,1.7,3.40187842258509,0.672654700007084,3.25206685066223,0.488985507246377,0.368179723247222,0.56,0,0,0,0.84,0.88,0.85,1.07,1.18,0.84,0.84,-5.15999984741211,0.9843247536825,0.294117647058823,0,0.514285714285714,1,PUM
"RNCMPT00102,max,UGUACAU,RBD_v3_238265",88.619865,8.33000783023672,91.51885,2.66666666666667,2.27999157496709,1.875,2.235,2.04017488449447,1.65,3.09833333333333,2.54901055357954,2.2,3.46636555592219,0.706170250787134,3.33448970317841,0.545166666666667,0.332190937879165,0.575,73.3333333333333,0,0,0.8,0.88,0.82,1.04,1.42,0.8,0.8,-5.30999994277954,0.90647263812994,0.6,0.333333333333333,0.473684210526316,1,PUM
"RNCMPT00102,max,UGUAUAG,RBD_v3_217709",89.3104194029851,9.85851201499342,93.232,2.68955223880597,2.93141988185673,1.5,2.21492537313433,2.66197999510636,1.2,3.16417910447761,3.33701470163838,1.8,3.45467561928194,0.739564167778849,3.22829365730286,0.57134328358209,0.423505913959595,0.86,70.1492537313433,0,0,0.81,0.9,0.83,0.9,1.11,0.81,0.81,-5.38000011444092,0.969100929771736,0.411764705882353,0,0.514285714285714,1,PUM
"RNCMPT00102,min,AGGGGGG,RBD_v3_066951",74.8462963414634,8.12774713525697,77.88015,7.84329268292683,3.67352693409227,6.65,6.84390243902439,3.44046715034261,5.9,8.84268292682927,4.05264828786523,7.2,3.64313136949772,0.867674929323742,3.70495617389679,0.194512195121951,0.162284253277355,0.165,3.65853658536585,0,0,0.68,0.87,0.72,2.48,4.08,0.68,0.68,-5.1100001335144,0.962298943521553,0.368421052631579,0.263157894736842,0.5,0,PUM
"RNCMPT00102,min,AGGGGGG,RBD_v3_166168",82.4559306451613,5.74724197514327,84.5292,5.15645161290323,1.43245415544665,5,5.00806451612903,1.29175168743801,5.2,5.30483870967742,1.76360541843113,4.8,3.38970375445581,0.699045339590096,3.25278413295746,0.27241935483871,0.252597557740818,0.165,0,0,0,0.72,0.85,0.75,1.98,2.93,0.72,0.72,-8.27999973297119,0.861061533652559,0.523809523809524,-0.666666666666667,0.461538461538462,0,PUM
"RNCMPT00102,min,GGGGGGC,RBD_v3_144253",89.6443612903226,7.95889463462322,93.5587,2.64435483870968,2.25377833649589,1.625,2.13870967741935,2.03843035391785,1.4,3.15,2.54241075733572,2,3.48890092295985,0.802595694472472,3.42788743972778,0.537258064516129,0.38209160928332,0.735,0,0,0,0.8,0.89,0.82,1.06,1.27,0.8,0.8,-6.44999980926514,0.968368772952233,0.333333333333333,0.176470588235294,0.447368421052632,0,PUM
"RNCMPT00103,max,AUGUACA,RBD_v3_021558",90.5860793650794,8.11958563967714,94.2036,2.12857142857143,1.80993482073238,1.35,1.73333333333333,1.30964166485439,1.1,2.52380952380952,2.32952399164503,1.6,3.56870658813961,0.768212733413976,3.32017731666565,0.600476190476191,0.379713085960663,0.85,60.3174603174603,0,0,0.83,0.9,0.84,0.92,1.1,0.83,0.83,-4.17999982833862,0.984029002132122,-0.058823529411765,0.238095238095238,0.552631578947368,1,PUM
"RNCMPT00103,max,AUGUACA,RBD_v3_164722",89.7677596774193,9.06426870598225,93.6656,2.76693548387097,3.19791099267645,1.5,2.48387096774194,3.21187313452105,1.3,3.05,3.29245287007109,1.7,3.36568079456206,0.697214531777909,3.22251081466675,0.600645161290323,0.387873018632078,0.85,59.6774193548387,0,0,0.81,0.88,0.82,0.98,1.21,0.81,0.81,-6.90999984741211,0.97042113639059,0.157894736842105,0.368421052631579,0.5,1,PUM
"RNCMPT00103,max,UGUACAG,RBD_v3_195688",88.1624536231884,10.1479802873394,92.6126,4.2036231884058,6.61161143724443,1.55,3.73188405797101,6.02454520503716,1.3,4.67536231884058,7.23090600858771,1.7,3.40187842258509,0.672654700007084,3.25206685066223,0.488985507246377,0.368179723247222,0.56,0,0,0,0.84,0.88,0.85,1.07,1.18,0.84,0.84,-5.15999984741211,0.9843247536825,0.294117647058823,0,0.514285714285714,1,PUM
"RNCMPT00103,min,GCAGGGC,RBD_v3_163669",80.8602265625,8.1787880887132,83.4174,5.60703125,3.25096892989381,4.725,5.7421875,2.93413434342023,5.1,5.471875,3.66945646033384,4.4,3.36081774532795,0.854627849750689,3.20221090316772,0.33515625,0.288278922405324,0.275,12.5,0,0,0.76,0.88,0.79,2.36,2.16,0.76,0.76,-4.71999979019165,0.940490301733755,0.263157894736842,0.5,0.457142857142857,0,PUM
"RNCMPT00103,min,GGGCGAC,RBD_v3_126377",89.1861461538462,8.75582367775652,92.9855,2.68,2.32254238389744,1.65,2.08461538461538,1.60138912054023,1.3,3.27538461538462,3.09318963456569,1.9,3.50911321823414,0.72013267994324,3.328120470047,0.544307692307692,0.406070996066148,0.54,0,0,0,0.78,0.89,0.8,0.96,1.35,0.78,0.78,-4.8899998664856,0.9795363654177,-0.111111111111111,0.3,0.526315789473684,0,PUM
"RNCMPT00103,min,GGGCGAC,RBD_v3_183489",89.6654734693878,1.70548115275616,90.1579,2.81020408163265,0.433611240033043,2.75,2.9265306122449,0.500323024906611,2.9,2.69387755102041,0.476273802233419,2.6,3.49631920517707,0.924449250854876,3.46990704536438,0.313877551020408,0.19699636551777,0.31,0,0,0,0.76,0.88,0.78,1.97,2.01,0.76,0.76,-6.3899998664856,0.988591321492785,-0.1,0.222222222222222,0.473684210526316,0,PUM
"RNCMPT00104,max,AUGUACA,RBD_v3_021558",90.5860793650794,8.11958563967714,94.2036,2.12857142857143,1.80993482073238,1.35,1.73333333333333,1.30964166485439,1.1,2.52380952380952,2.32952399164503,1.6,3.56870658813961,0.768212733413976,3.32017731666565,0.600476190476191,0.379713085960663,0.85,60.3174603174603,0,0,0.83,0.9,0.84,0.92,1.1,0.83,0.83,-4.17999982833862,0.984029002132122,-0.058823529411765,0.238095238095238,0.552631578947368,1,PUM
"RNCMPT00104,max,UGUACAG,RBD_v3_195688",88.1624536231884,10.1479802873394,92.6126,4.2036231884058,6.61161143724443,1.55,3.73188405797101,6.02454520503716,1.3,4.67536231884058,7.23090600858771,1.7,3.40187842258509,0.672654700007084,3.25206685066223,0.488985507246377,0.368179723247222,0.56,0,0,0,0.84,0.88,0.85,1.07,1.18,0.84,0.84,-5.15999984741211,0.9843247536825,0.294117647058823,0,0.514285714285714,1,PUM
"RNCMPT00104,max,UGUACAU,RBD_v3_130639",92.0642592592593,5.58902487199854,94.55005,1.67685185185185,0.90145129123442,1.35,1.44814814814815,0.765220584979097,1.1,1.90555555555556,1.05926579533054,1.5,3.40205090796506,0.650301564703127,3.2306067943573,0.680185185185185,0.357367158275793,0.9,74.0740740740741,0,0,0.83,0.9,0.84,0.95,1.15,0.83,0.83,-5.17000007629395,0.986863224815062,-0.263157894736842,-0.052631578947368,0.5,1,PUM
"RNCMPT00104,min,GGGGAGC,RBD_v3_151362",80.4992428571429,9.36412547803113,84.25735,6.89553571428571,7.23646873190179,3.95,6.6,7.07358723446854,3.75,7.19107142857143,7.41137398096428,4.25,3.56912008779389,0.699574131165527,3.41034078598022,0.325892857142857,0.221111052194587,0.38,3.57142857142857,0,0,0.74,0.83,0.75,2.52,2.7,0.74,0.74,-4.59000015258789,0.982848200563011,0.157894736842105,0.263157894736842,0.5,0,PUM
"RNCMPT00104,min,GGGGAGC,RBD_v3_186352",87.7020313953488,8.47842789612016,91.42505,2.76279069767442,1.98095618692102,1.725,2.68604651162791,2.5128452488902,1.4,2.83953488372093,1.70868226280938,2.1,3.56158746397772,0.846275278106054,3.44560194015503,0.39453488372093,0.355596125753871,0.22,18.6046511627907,0,0,0.82,0.91,0.83,0.98,1.16,0.82,0.82,-4.15000009536743,0.908467802873953,0.5,0.473684210526316,0.542857142857143,0,PUM
"RNCMPT00104,min,UGGGGCA,RBD_v3_098873",91.2317172413793,6.4047015025597,92.8455,2.12327586206897,3.4035097405684,1.35,1.98620689655172,3.49186765870594,1.2,2.26034482758621,3.32143171703675,1.45,3.46169536483699,0.706347118022951,3.36503338813782,0.652758620689655,0.375021838444569,0.87,0,0,0,0.86,0.88,0.87,0.95,1,0.86,0.86,-4.80000019073486,0.959253543925123,0.4,0.222222222222222,0.473684210526316,0,PUM
"RNCMPT00105,max,UGUAAUU,RBD_v3_021691",91.0028181818182,10.0409134289192,95.316,2.76212121212121,3.928877904069,1.35,2.34242424242424,3.68940523061793,1.2,3.18181818181818,4.27046778525434,1.5,3.46184077046134,0.695222987274888,3.34193766117096,0.619393939393939,0.393793693694393,0.89,72.7272727272727,0,0,0.83,0.89,0.84,0.93,1.09,0.83,0.83,-4.26000022888184,0.994985417684099,-0.111111111111111,0.1,0.526315789473684,1,PUM
"RNCMPT00105,max,UGUAAUU,RBD_v3_118840",91.0028181818182,10.0409134289192,95.316,2.76212121212121,3.928877904069,1.35,2.34242424242424,3.68940523061793,1.2,3.18181818181818,4.27046778525434,1.5,3.46184077046134,0.695222987274888,3.34193766117096,0.619393939393939,0.393793693694393,0.89,72.7272727272727,0,0,0.83,0.89,0.84,0.93,1.09,0.83,0.83,-4.26000022888184,0.994985417684099,-0.111111111111111,0.1,0.526315789473684,1,PUM
"RNCMPT00105,max,UGUAUUU,RBD_v3_090390",91.9960359375,8.44632440580239,95.05775,2.725,5.03643077194901,1.3,2.4125,4.48958229753606,1.2,3.0375,5.60383938679687,1.4,3.46687587350607,0.666775091691376,3.28801691532135,0.66625,0.40366377648291,0.935,78.125,0,0,0.84,0.89,0.85,0.92,1.03,0.84,0.84,-4.55999994277954,0.953353793718457,0.375,0.272727272727273,0.578947368421053,1,PUM
"RNCMPT00105,min,GGGCGGG,RBD_v3_192691",85.7941269230769,9.73576596855433,90.95675,3.84807692307692,3.64451591487076,2.125,3.32435897435897,3.48693985949709,1.65,4.37179487179487,3.8987476322831,2.55,3.46888682169792,0.878708510121252,3.4158456325531,0.482051282051282,0.384975489097848,0.42,24.3589743589744,0,0,0.79,0.9,0.81,1.12,1.4,0.79,0.79,-4.30000019073486,0.953667851750936,0.428571428571429,0.142857142857143,0.6,0,PUM
"RNCMPT00105,min,GGGGCGC,RBD_v3_001393",82.7956223880597,8.08089419716057,86.4759,4.1544776119403,2.40738653943415,3.1,3.55373134328358,2.07096291161272,2.7,4.75522388059702,2.79221230753146,3.5,3.45431661072062,0.705440543214287,3.3819305896759,0.397313432835821,0.293224405168673,0.5,17.910447761194,0,0,0.78,0.87,0.8,1.67,2.41,0.78,0.78,-5.09999990463257,0.926951228037205,0.368421052631579,-0.5,0.512820512820513,0,PUM
"RNCMPT00105,min,GGGGCGC,RBD_v3_162997",87.7819569444445,9.29373619619462,92.07395,2.83680555555556,2.8334768501349,1.65,2.25972222222222,2.15247382881292,1.4,3.41388888888889,3.54398143079879,1.9,3.55259984152185,0.788121988955665,3.44174683094025,0.5375,0.396920363105607,0.76,0,0,0,0.81,0.89,0.83,1.02,1.27,0.81,0.81,-3.98000001907349,0.978771866509031,0.333333333333333,0.066666666666667,0.5,0,PUM
"RNCMPT00106,max,AGGAGGA,RBD_v3_051049",58.0328373333333,13.3208235196057,60.8503,13.7206666666667,6.38591192948753,14.65,13.3253333333333,6.68131912313918,14.6,14.116,6.33115505451607,15.3,3.33888281901677,1.00261321411403,3.38244915008545,0.1232,0.237794824120245,0.02,32,0.24,0,0.31,0.41,0.45,2.45,4.08,0.31,0.31,-4.19999980926514,0.944007746882425,0.428571428571429,0.294117647058823,0.447368421052632,1,SRSF1
"RNCMPT00106,max,AGGAGGA,RBD_v3_171103",47.9825580645161,9.85657061817139,50.44785,20.4193548387097,2.77201108918827,21.025,20.6741935483871,3.36008077010018,21.5,20.1645161290323,2.3934402686108,20.7,3.62711688587742,1.02404256103764,3.81002461910248,0.047096774193548,0.060851528444352,0.02,46.7741935483871,0.24,0,0.14,0.39,0.31,12.28,14.97,0.14,0.14,-0.330000013113022,0.824305772034521,0.444444444444444,0.8,0.526315789473684,1,SRSF1
"RNCMPT00106,max,GGAGGAC,RBD_v3_175178",63.916,7.55498633168022,66.9496,15.7606060606061,1.62681425528919,16,17.3848484848485,1.76495772118648,17.3,14.1363636363636,1.77038452423093,14.1,3.38921469630617,0.928661348719819,3.36596989631653,0.14,0.126318050966598,0.1,0,0.25,0,0.21,0.4,0.37,13.12,9.91,0.21,0.21,-5.59999990463257,0.941252681369194,0.217391304347826,0.466666666666667,0.394736842105263,1,SRSF1
"RNCMPT00106,min,CCCCCCC,RBD_v3_174212",52.4025325,11.8067819628878,55.00815,17.14875,4.54153887140833,15.175,16.415,4.72215454954024,14.15,17.8825,4.4741930944198,16.3,3.73567934632301,0.758221458210684,3.84965705871582,0.01625,0.021683918181277,0.01,5,0.25,0,0.24,0.4,0.4,11.14,11.38,0.24,0.24,-6.32999992370606,0.959864040722423,-0.043478260869565,-0.166666666666667,0.342857142857143,0,SRSF1
"RNCMPT00106,min,UUUUUUU,RBD_v3_111944",62.917728,6.67174153273341,65.9596,11.032,1.82841461381165,10.25,11.384,2.17919709985123,10.8,10.68,1.71634301156072,10.2,3.31254698753357,0.809464296593451,3.47096014022827,0.2064,0.152448898541992,0.21,100,0.23,0,0.25,0.4,0.4,8.55,7.92,0.25,0.25,-3.94000005722046,0.890825284633636,-0.066666666666667,-0.733333333333333,0.5,0,SRSF1
"RNCMPT00106,min,UUUUUUU,RBD_v3_165503",57.869175,5.89953597661272,60.8188,17.1791666666667,1.18614434441897,16.925,19.4208333333333,1.59318635244694,19.35,14.9375,1.73876830468907,14.6,3.3379353582859,0.754950843276932,3.4056339263916,0.017916666666667,0.015316704909195,0.015,91.6666666666667,0.24,0,0.18,0.47,0.35,13.07,11.11,0.18,0.18,-0.899999976158142,0.93232903456152,-0.272727272727273,-0.368421052631579,0.633333333333333,0,SRSF1
"RNCMPT00107,max,GGAGGAC,RBD_v3_175178",63.916,7.55498633168022,66.9496,15.7606060606061,1.62681425528919,16,17.3848484848485,1.76495772118648,17.3,14.1363636363636,1.77038452423093,14.1,3.38921469630617,0.928661348719819,3.36596989631653,0.14,0.126318050966598,0.1,0,0.25,0,0.21,0.4,0.37,13.12,9.91,0.21,0.21,-5.59999990463257,0.941252681369194,0.217391304347826,0.466666666666667,0.394736842105263,1,SRSF1
"RNCMPT00107,max,GGAUGGA,RBD_v3_043691",55.4112869565217,13.1651518721794,62.4773,16.195652173913,2.6489669102689,14.85,16.1347826086957,2.56029272041875,15.6,16.2565217391304,2.99360319331928,15.9,3.49222595795341,0.861589249020761,3.30342650413513,0.181304347826087,0.166304877417845,0.13,82.6086956521739,0.24,0,0.21,0.41,0.37,11.56,12.11,0.21,0.21,-4.88000011444092,0.974436160642641,0.181818181818182,0.25,0.421052631578947,1,SRSF1
"RNCMPT00107,max,GGAUGGA,RBD_v3_224536",55.8079769230769,10.4919537823898,57.4727,16.2261538461538,4.34549072757745,17.2,15.7661538461538,4.64486534126249,17.2,16.6861538461538,4.38908009023093,16.8,3.50879359887196,1.08710621922752,3.85829782485962,0.135230769230769,0.148240805915448,0.07,0,0.22,0,0.26,0.46,0.41,7.26,8.34,0.26,0.26,-7.96999979019165,0.986863224815062,0.090909090909091,0.125,0.421052631578947,1,SRSF1
"RNCMPT00107,min,CCCCCCC,RBD_v3_161924",58.7946458333333,8.04843766707871,63.03105,15.3333333333333,2.01568127800323,15.125,16.0583333333333,2.5455701790035,14.85,14.6083333333333,1.84412502326965,14.7,3.57816026111444,0.834284595577854,3.60844755172729,0.083333333333333,0.062391935562125,0.075,0,0.25,0,0.17,0.43,0.35,11.9,11.09,0.17,0.17,-2.32999992370605,0.962298943521553,-0.263157894736842,0.368421052631579,0.5,0,SRSF1
"RNCMPT00107,min,CCCCCCC,RBD_v3_181436",62.0863575,8.58733720087204,63.6867,14.1375,2.61243942390819,13.6,16.4875,2.76453617382921,15.95,11.7875,2.76740992487699,11.05,3.30217950344086,1.01420367102252,3.36200678348541,0.05225,0.059116898534241,0.03,7.5,0.23,0,0.26,0.45,0.41,10.85,6.78,0.26,0.26,-1.87000000476837,0.933588161157007,-0.555555555555556,0.176470588235294,0.485714285714286,0,SRSF1
"RNCMPT00107,min,UUUUUUU,RBD_v3_240329",55.1881029411765,12.1212656856248,58.44985,16.5705882352941,3.43743027801598,15.1,15.9352941176471,3.48467487748607,15.05,17.2058823529412,3.6527234485792,16.1,3.43884990495794,0.820851878023576,3.29126942157745,0.108235294117647,0.118589451936152,0.07,79.4117647058823,0.23,0,0.22,0.43,0.38,11.07,11.07,0.22,0.22,-3.67000007629394,0.882357082908222,0.066666666666667,-0.652173913043478,0.605263157894737,0,SRSF1
"RNCMPT00108,max,GGAGGAC,RBD_v3_161547",63.5198296296296,5.84465002017393,66.1198,17.0388888888889,2.78157859626139,16.5,18.1111111111111,2.54563477550422,17.5,15.9666666666667,3.28949376512089,15.4,3.40886588008316,0.905797397048421,3.50642776489258,0.068888888888889,0.061038029339429,0.05,7.40740740740741,0.24,0,0.22,0.43,0.38,13.43,9.96,0.22,0.22,-7.28000020980835,0.953353793718457,0.272727272727273,0.375,0.421052631578947,1,SRSF1
"RNCMPT00108,max,GGAGGAC,RBD_v3_165677",59.2900684931507,10.5602685244541,61.6339,13.3486301369863,3.55609778138141,13.95,13.2479452054795,4.13451292271133,14,13.4493150684931,3.9322429027942,14.9,3.22228760262058,0.897966729385616,3.24941825866699,0.17013698630137,0.169160452682956,0.12,31.5068493150685,0.23,0,0.33,0.44,0.47,5.18,5.94,0.33,0.33,-6.88000011444092,0.9457129758338,0.238095238095238,0.428571428571429,0.4,1,SRSF1
"RNCMPT00108,max,GGAGGAC,RBD_v3_230077",52.9857784615385,7.36168116058783,55.7418,18.7753846153846,2.19568331969449,18.9,17.6707692307692,2.69210205258613,17.6,19.88,1.98196556478663,20.2,3.4585639330057,0.947912231609763,3.60533738136291,0.047692307692308,0.044008849634521,0.03,66.1538461538462,0.23,0,0.14,0.41,0.31,12.55,16.26,0.14,0.14,-5.15999984741211,0.962298943521553,0.333333333333333,0.3,0.526315789473684,1,SRSF1
"RNCMPT00108,min,AGUCUUC,RBD_v3_074128",55.6326738095238,12.4885816759396,63.09755,15.9738095238095,3.4307475914157,17.125,15.102380952381,3.57992288343417,16.05,16.8452380952381,3.69457099268329,17.6,3.2075229201998,0.954461900377899,3.15672707557678,0.214047619047619,0.233228240809868,0.1,0,0.23,0,0.22,0.42,0.38,8.15,10.52,0.22,0.22,-6.03999996185303,0.989242296754326,-0.111111111111111,-0.2,0.526315789473684,0,SRSF1
"RNCMPT00108,min,UCGUCCU,RBD_v3_075485",66.0570653846154,6.21714940190067,68.9073,16.0019230769231,1.1063887896423,16.05,16.3769230769231,1.9385164827378,16.35,15.6269230769231,1.78920265868519,15.9,3.22000095935968,0.962549729967437,3.09899842739105,0.112692307692308,0.10731477781956,0.09,0,0.24,0,0.22,0.44,0.38,11.56,9.34,0.22,0.22,-3.28999996185303,0.990970393432049,-0.157894736842105,0.157894736842105,0.5,0,SRSF1
"RNCMPT00108,min,UCGUCCU,RBD_v3_076540",58.9608826086957,6.80469793876742,60.4982,16.5239130434783,1.52701949481642,16.25,18.1782608695652,1.69731245362113,18,14.8695652173913,1.85923610477008,14.8,3.34156071621439,1.02343027188006,3.33211994171143,0.030434782608696,0.033231729206994,0.02,0,0.23,0,0.17,0.4,0.33,13.41,9.3,0.17,0.17,-3.70000004768372,0.989242296754326,-0.111111111111111,-0.2,0.526315789473684,0,SRSF1
"RNCMPT00109,max,GGAGGAC,RBD_v3_135507",53.2262279069767,9.84565403823592,58.2803,17.1953488372093,2.6745229648857,18.35,15.8255813953488,2.5743323705247,16.5,18.5651162790698,3.02354913816845,19.2,3.35290621602258,0.944792362484905,3.23379063606262,0.04953488372093,0.063917859802812,0.02,2.32558139534884,0.24,0,0.3,0.42,0.44,9.82,12.49,0.3,0.3,-2.13000011444092,0.945053740070628,0.111111111111111,0.5,0.4,1,SRSF1
"RNCMPT00109,max,GGAGGAC,RBD_v3_161547",63.5198296296296,5.84465002017393,66.1198,17.0388888888889,2.78157859626139,16.5,18.1111111111111,2.54563477550422,17.5,15.9666666666667,3.28949376512089,15.4,3.40886588008316,0.905797397048421,3.50642776489258,0.068888888888889,0.061038029339429,0.05,7.40740740740741,0.24,0,0.22,0.43,0.38,13.43,9.96,0.22,0.22,-7.28000020980835,0.953353793718457,0.272727272727273,0.375,0.421052631578947,1,SRSF1
"RNCMPT00109,max,GGAGGAC,RBD_v3_200157",53.7470357142857,9.64486949671655,58.60485,21.9940476190476,1.30683953056706,22.025,21.2,1.11530374294377,21.3,22.7880952380952,1.71225174536018,22.85,3.68732034876233,1.09492501633455,4.07127571105957,0.010714285714286,0.013139561774416,0.01,0,0.23,0,0.11,0.4,0.28,18.29,17.83,0.11,0.11,-6.05999994277954,0.911914903801531,0.4,0.555555555555556,0.473684210526316,1,SRSF1
"RNCMPT00109,min,UCGUCUU,RBD_v3_093153",73.9196705882353,10.9984250088304,77.8674,5.86323529411765,4.18690796490625,4.4,5.88529411764706,4.51261748628666,4.25,5.84117647058824,3.91857407948341,4.55,3.65279255193823,0.823025547420871,3.48564529418945,0.307058823529412,0.28688007643111,0.225,0,0.23,0,0.42,0.5,0.55,2.69,2.2,0.42,0.42,-3.88000011444092,0.98986211886685,-0.157894736842105,-0.125,0.457142857142857,0,SRSF1
"RNCMPT00109,min,UCGUCUU,RBD_v3_132496",65.7507181818182,8.43013515633255,70.6882,12.8272727272727,1.53251686925314,13.05,12.3393939393939,1.7440863284861,12,13.3151515151515,2.29906519211086,13.5,3.67470938147921,0.908360093448341,3.75319075584412,0.132727272727273,0.107798212162608,0.1,0,0.24,0,0.27,0.43,0.42,9.02,9.39,0.27,0.27,-2.53999996185303,0.960336745459753,-0.125,-0.363636363636364,0.578947368421053,0,SRSF1
"RNCMPT00109,min,UUUCGUC,RBD_v3_124678",59.3055193548387,8.46165806858283,61.6295,19.5645161290323,0.974268404871667,19.55,20.0709677419355,1.263116133058,19.8,19.058064516129,1.44632273796881,18.7,3.23622072127558,1.07358599067598,3.11595273017883,0.038064516129032,0.036001792070091,0.03,0,0.24,0,0.14,0.42,0.32,16.54,14.37,0.14,0.14,-5.40000009536743,0.962298943521553,0.333333333333333,-0.3,0.526315789473684,0,SRSF1
"RNCMPT00110,max,AAGGACA,RBD_v3_120379",66.2371214285714,6.72047547663976,69.57355,14.8392857142857,1.4291513373235,14.4,15.1392857142857,1.60169800772072,14.9,14.5392857142857,1.94485823261582,14.65,3.12524710382734,0.902867173193936,3.21114706993103,0.056785714285714,0.053406447899563,0.04,0,0.22,0,0.23,0.42,0.38,11.74,8.4,0.23,0.23,-5.48000001907349,0.977747995787952,0.1,0.333333333333333,0.473684210526316,1,SRSF1
"RNCMPT00110,max,AGGACAA,RBD_v3_078990",66.2023178571429,7.18801499210362,69.19145,13.3803571428571,1.4618189636681,13.25,14.7107142857143,1.64346952009828,14.9,12.05,1.59501538364809,11.85,3.48419065986361,0.991254324216951,3.36223256587982,0.106428571428571,0.07921907204494,0.085,0,0.23,0,0.24,0.42,0.39,11.14,8.99,0.24,0.24,-6.07999992370606,0.96214231424466,0.1,0.444444444444444,0.473684210526316,1,SRSF1
"RNCMPT00110,max,AGGAGCA,RBD_v3_190838",59.7915732142857,8.35961069235972,62.4045,17.5669642857143,5.16893937411214,15.075,15.9589285714286,5.80387885299648,13,19.175,4.7311828234693,17.05,3.47221046047551,1.04679059253418,3.33625662326813,0.095,0.113714155191467,0.045,32.1428571428571,0.23,0,0.29,0.41,0.42,9.57,12.27,0.29,0.29,-2,0.915732641867936,0.25,0.545454545454545,0.578947368421053,1,SRSF1
"RNCMPT00110,min,GUCCGGG,RBD_v3_138814",49.3938384615385,7.24568075448383,50.1187,20.5192307692308,0.416102181730672,20.55,20.2153846153846,0.401758953117731,20.1,20.8230769230769,0.812561634743117,20.6,3.73858862656813,0.816439984978775,3.84375548362732,0.034615384615385,0.01450022104164,0.03,0,0.25,0,0.11,0.43,0.3,17.56,18.82,0.11,0.11,-5.32000017166138,0.9795363654177,-0.111111111111111,0.3,0.526315789473684,0,SRSF1
"RNCMPT00110,min,GUCCGGG,RBD_v3_216042",56.3182035714286,8.56911404087624,60.4323,17.1892857142857,1.62180495829533,17.175,18.125,1.48039659350935,18.15,16.2535714285714,2.19586853530411,16.25,3.6735286627497,0.8586158006607,3.46118628978729,0.027142857142857,0.023071088666882,0.02,0,0.24,0,0.15,0.43,0.33,14.83,12.34,0.15,0.15,-3.5,0.972861409666655,0.125,0.272727272727273,0.578947368421053,0,SRSF1
"RNCMPT00110,min,GUGCGGU,RBD_v3_221863",64.1005074074074,5.48041425798943,66.3834,21.6148148148148,1.54383481173535,21.7,23.3888888888889,1.42433070202041,23.2,19.8407407407407,2.72612140077031,20,3.48919399579366,1.00518231312302,3.63420176506042,0.009259259259259,0.009971469271386,0.01,0,0.24,0,0.13,0.44,0.31,20.3,13.94,0.13,0.13,-4.30999994277954,0.98986211886685,-0.058823529411765,-0.222222222222222,0.514285714285714,0,SRSF1
"RNCMPT00163,max,GGAGGAG,RBD_v3_065928",65.3982156862745,8.18505581142542,68.2593,14.6372549019608,1.76510178565586,14.25,14.0392156862745,1.92427424567004,13.7,15.2352941176471,2.10112574867967,15.3,3.41688506743487,1.04579333062062,3.44383788108826,0.107450980392157,0.135127245768644,0.06,0,0.36,0,0.28,0.45,0.5,10.15,9.02,0.28,0.28,-4.90999984741211,0.929985803806722,0.5,0.333333333333333,0.473684210526316,1,SRSF1
"RNCMPT00163,max,GGAGGAG,RBD_v3_081043",48.4306935483871,12.0893387492068,52.37135,21.891935483871,2.97752776684397,21.9,22.191935483871,2.8971607574979,22.25,21.591935483871,3.18404312450699,21.25,3.65235629773909,0.816933069576342,3.78750252723694,0.011774193548387,0.012997375970782,0.01,6.45161290322581,0.35,0,0.14,0.44,0.37,16.79,15.37,0.14,0.14,-5.80999994277954,0.96214231424466,0.181818181818182,0.375,0.421052631578947,1,SRSF1
"RNCMPT00163,max,GGAGGAG,RBD_v3_125347",61.9210705882353,6.91547516325915,63.23555,13.6617647058824,1.8575423166406,13.825,15.7588235294118,2.38036381826568,16.3,11.5647058823529,1.89606967538214,11.5,3.4037069958799,1.09852179072914,3.45881009101868,0.028823529411765,0.020709345845478,0.03,0,0.37,0,0.22,0.35,0.43,10.51,7.81,0.22,0.22,-4.78999996185303,0.97042113639059,0.157894736842105,0.368421052631579,0.5,1,SRSF1
"RNCMPT00163,min,CACCCUU,RBD_v3_109032",51.7794210526316,11.4622511359296,57.4547,21.8587719298246,2.55313397763795,22.75,21.4947368421053,2.19532140932155,22,22.2228070175439,3.04255634669385,23.4,3.37533214845155,0.982352269791451,3.29528284072876,0.038070175438597,0.061191695179144,0.01,14.0350877192982,0.35,0,0.15,0.38,0.38,14.93,13.09,0.15,0.15,-3.78999996185303,0.981377551942568,-0.294117647058823,-0.047619047619048,0.552631578947368,0,SRSF1
"RNCMPT00163,min,CCUUCCU,RBD_v3_219389",51.2916555555556,10.8107157036018,55.8358,25.287037037037,1.88284730132689,24.45,23.8888888888889,2.54245994346077,23.2,26.6851851851852,1.80292576401285,26.8,3.15014232750292,1.00502349585748,3.17333889007568,0.012222222222222,0.028465003254109,0,18.5185185185185,0.36,0,0.11,0.35,0.34,19.61,23.62,0.11,0.11,-4.90999984741211,0.973142269226386,-0.3,-0.222222222222222,0.473684210526316,0,SRSF1
"RNCMPT00163,min,CCUUGCU,RBD_v3_083117",53.0043205128205,9.32874267139156,57.9225,22.7576923076923,1.48437203014832,22.45,22.3564102564103,1.87655828184344,22.3,23.1589743589744,1.67469053680436,23.4,3.8069210602687,0.927534037427034,3.98585820198059,0.031538461538462,0.023900942674479,0.02,0,0.35,0,0.13,0.39,0.36,18.51,19.98,0.13,0.13,-2.03999996185303,0.991935556609076,0.066666666666667,-0.2,0.5,0,SRSF1
