Id,aa_A,aa_C,aa_D,aa_E,aa_F,aa_G,aa_H,aa_I,aa_K,aa_L,aa_M,aa_N,aa_P,aa_Q,aa_R,aa_S,aa_T,aa_V,aa_W,aa_Y,nt_A,nt_C,nt_G,nt_U,RPIEmbeddor_pred,plddt_mean,plddt_std,plddt_median,pae_mean,pae_std,pae_median,distance_angstroms_mean,distance_angstroms_std,distance_angstroms_median,contact_prob_res_nt_mean,contact_prob_res_nt_std,contact_prob_res_nt_median,pae(res_nt)_mean,pae(res_nt)_std,pae(res_nt)_median,pae(nt_res)_mean,pae(nt_res)_std,pae(nt_res)_median,prot_rna_pae_min,rna_prot_pae_min,rna_mfe_value,rna_entr,rna_gc_skew,rna_au_skew,rna_au,interaction,uniprot_id
RNCMPT00112_min,0.070769230769231,0.009230769230769,0.049230769230769,0.046153846153846,0.055384615384615,0.089230769230769,0.024615384615385,0.058461538461538,0.052307692307692,0.067692307692308,0.030769230769231,0.070769230769231,0.036923076923077,0.036923076923077,0.061538461538462,0.086153846153846,0.049230769230769,0.067692307692308,0.006153846153846,0.030769230769231,0.210526315789474,0.342105263157895,0.263157894736842,0.184210526315789,1,74.6618168421053,10.1945022630959,75.2599,8.47684210526316,7.21958333552802,4.5,3.50127699249669,0.824787564555406,3.46740627288818,0.301157894736842,0.323119315153564,0.09,8.34631578947368,7.18202262932611,4.4,8.60736842105263,7.33125402331084,4.5,2.0,2.3,-3.49000000953674,0.973041590739604,-0.052631578947368,0.375,0.457142857142857,0,Q15717
RNCMPT00015_min,0.05241935483871,0.004032258064516,0.032258064516129,0.108870967741935,0.040322580645161,0.080645161290323,0.024193548387097,0.064516129032258,0.060483870967742,0.07258064516129,0.036290322580645,0.028225806451613,0.016129032258065,0.060483870967742,0.096774193548387,0.084677419354839,0.044354838709677,0.076612903225806,0.0,0.016129032258065,0.184210526315789,0.31578947368421,0.210526315789474,0.289473684210526,1,58.3339617647059,6.96906993931853,60.2346,17.1485294117647,2.51222341001126,16.575,3.70046321960057,0.891418044374708,3.76397359371185,0.071176470588235,0.114455614961926,0.03,16.1970588235294,3.02565994223415,15.9,18.1,2.50950432163376,17.8,11.4,14.1,-5.3899998664856,0.933432100436087,0.523809523809524,0.176470588235294,0.447368421052632,0,A0A0B4KGP6
RNCMPT00039_min,0.079059829059829,0.014957264957265,0.047008547008547,0.044871794871795,0.025641025641026,0.061965811965812,0.038461538461538,0.025641025641026,0.036324786324786,0.047008547008547,0.055555555555556,0.051282051282051,0.102564102564102,0.096153846153846,0.064102564102564,0.064102564102564,0.055555555555556,0.036324786324786,0.002136752136752,0.051282051282051,0.236842105263158,0.157894736842105,0.421052631578947,0.184210526315789,1,50.0048814814815,8.19520859934758,52.6379,20.5,3.83786988875585,21.75,3.55853719457432,1.02127758366379,3.54115378856659,0.023703703703704,0.031280610444768,0.01,19.5481481481481,4.35312686319523,20.9,21.4518518518518,3.48764616198704,22.35,11.8,12.6,-5.88000011444092,0.943824487357175,0.454545454545455,0.125,0.421052631578947,0,Q9XUB2
6ZDQ,0.025110782865583,0.016248153618907,0.056129985228951,0.053175775480059,0.06056129985229,0.039881831610044,0.017725258493353,0.070901033973412,0.096011816838996,0.128508124076809,0.011816838995569,0.047267355982275,0.020679468242245,0.03397341211226,0.053175775480059,0.093057607090103,0.044313146233383,0.070901033973412,0.014771048744461,0.045790251107829,0.292307692307692,0.153846153846154,0.292307692307692,0.261538461538461,1,83.478094214876,6.82092045906438,84.9595,3.27272727272727,1.92463199945687,2.85,3.68301849030266,0.74509851068496,3.65746665000916,0.202644628099174,0.285945124674419,0.05,3.29917355371901,2.10754580289368,2.9,3.24628099173554,1.92743531332503,2.7,1.6,1.4,-19.3799991607666,0.979434716045107,0.310344827586207,0.055555555555556,0.553846153846154,1,A0A1D8PEA0
RNCMPT00154_min,0.069306930693069,0.01980198019802,0.085808580858086,0.059405940594059,0.03960396039604,0.04950495049505,0.026402640264026,0.056105610561056,0.056105610561056,0.066006600660066,0.026402640264026,0.036303630363036,0.03960396039604,0.052805280528053,0.075907590759076,0.099009900990099,0.046204620462046,0.04950495049505,0.00990099009901,0.036303630363036,0.263157894736842,0.31578947368421,0.263157894736842,0.157894736842105,1,57.0841010526316,10.2382527878529,58.4594,15.0226315789474,3.60167490899109,15.25,3.6302007424204,0.937710948208135,3.68123054504395,0.032842105263158,0.035239700710406,0.02,15.1442105263158,3.83787717779021,14.9,14.9010526315789,3.79987387071869,15.3,8.2,7.7,-5.26999998092651,0.98104373803761,0.125,0.263157894736842,0.542857142857143,0,P52756
RNCMPT00121_min,0.109660574412533,0.005221932114883,0.031331592689295,0.036553524804178,0.039164490861619,0.086161879895561,0.002610966057441,0.057441253263708,0.046997389033943,0.070496083550914,0.023498694516971,0.067885117493473,0.065274151436031,0.080939947780679,0.039164490861619,0.067885117493473,0.070496083550914,0.070496083550914,0.002610966057441,0.026109660574413,0.263157894736842,0.236842105263158,0.31578947368421,0.184210526315789,1,63.8741889908257,8.78216489102835,65.0519,18.8926605504587,5.11579718312721,21.6,3.44860540234714,1.00604223639874,3.48393034934998,0.068165137614679,0.104899997683991,0.02,19.1908256880734,5.53570132203152,22.3,18.594495412844,4.89156179827748,20.6,8.2,9.2,-8.14999961853027,0.986863224815062,0.142857142857143,0.176470588235294,0.447368421052632,0,P16914
3V6Y,0.066157760814249,0.033078880407125,0.066157760814249,0.053435114503817,0.043256997455471,0.038167938931298,0.022900763358779,0.061068702290076,0.063613231552163,0.114503816793893,0.035623409669211,0.045801526717557,0.012722646310433,0.05852417302799,0.055979643765903,0.078880407124682,0.045801526717557,0.071246819338422,0.00763358778626,0.025445292620865,0.181818181818182,0.363636363636364,0.181818181818182,0.272727272727273,1,97.3204407407407,1.39864836093786,97.63715,1.09166666666667,0.230002050852218,1.025,3.42425791864042,0.536087611309968,3.38123297691345,0.685555555555556,0.408908656435855,0.97,0.985185185185185,0.167565709338729,0.9,1.19814814814815,0.322426379334641,1.1,0.8,0.9,0.0,0.968130013765764,-0.333333333333333,-0.2,0.454545454545455,1,Q09312
RNCMPT00209_min,0.125506072874494,0.0,0.05668016194332,0.08502024291498,0.048582995951417,0.064777327935223,0.004048582995951,0.048582995951417,0.076923076923077,0.064777327935223,0.016194331983806,0.040485829959514,0.05668016194332,0.05668016194332,0.076923076923077,0.024291497975709,0.060728744939271,0.072874493927126,0.0,0.020242914979757,0.266666666666667,0.2,0.3,0.233333333333333,1,88.2861574074074,4.26164495610853,89.04415,2.17407407407407,0.895783663485774,2.0,3.66373314901635,0.81374286796268,3.63693296909332,0.394444444444444,0.367806689724765,0.275,2.23703703703704,0.981584451964386,2.05,2.11111111111111,0.969665701325485,1.8,1.2,1.1,-4.01999998092651,0.969134464038232,0.384615384615385,-0.058823529411765,0.566666666666667,0,Q7SAK7
6UV3,0.061032863849765,0.023474178403756,0.068075117370892,0.072769953051643,0.035211267605634,0.05868544600939,0.023474178403756,0.065727699530516,0.056338028169014,0.089201877934272,0.028169014084507,0.037558685446009,0.05868544600939,0.051643192488263,0.075117370892019,0.032863849765258,0.053990610328639,0.068075117370892,0.009389671361502,0.030516431924883,0.285714285714286,0.428571428571429,0.142857142857143,0.142857142857143,0,95.198875862069,1.81130347494684,95.73255,1.86034482758621,0.273181165498837,1.8,3.61734182670199,0.797337567809456,3.50475668907166,0.142758620689655,0.25125504693158,0.02,1.88448275862069,0.27325312738804,1.8,1.83620689655172,0.373084946755377,1.7,1.5,1.4,0.0,0.921185496588554,-0.5,0.333333333333333,0.428571428571429,1,Q92841
RNCMPT00043_min,0.08695652173913,0.009661835748792,0.053140096618357,0.077294685990338,0.060386473429952,0.072463768115942,0.009661835748792,0.045893719806763,0.096618357487923,0.065217391304348,0.033816425120773,0.050724637681159,0.033816425120773,0.036231884057971,0.060386473429952,0.070048309178744,0.028985507246377,0.072463768115942,0.002415458937198,0.033816425120773,0.102564102564102,0.128205128205128,0.384615384615385,0.384615384615385,1,64.1588914110429,8.19894053180795,65.6641,15.1779141104294,5.37946799127206,12.75,3.4271118823736,0.986778453545829,3.5234100818634,0.041104294478528,0.051520176258341,0.02,14.7104294478528,5.72736137614475,12.4,15.6453987730061,5.23058671087656,14.2,7.0,6.9,-5.75,0.970672678000034,0.222222222222222,-0.166666666666667,0.4,0,Q13310
1SJF,0.063157894736842,0.0,0.052631578947368,0.042105263157895,0.063157894736842,0.031578947368421,0.021052631578947,0.105263157894737,0.11578947368421,0.073684210526316,0.042105263157895,0.052631578947368,0.042105263157895,0.042105263157895,0.063157894736842,0.084210526315789,0.042105263157895,0.031578947368421,0.0,0.031578947368421,0.148648648648649,0.337837837837838,0.337837837837838,0.175675675675676,0,96.2010810344828,1.94462961813793,96.94785,1.36637931034483,0.592229502324966,1.25,3.56524485144122,0.710255394656888,3.37860131263733,0.517931034482759,0.458505423338143,0.715,1.4448275862069,0.972999055875401,1.3,1.28793103448276,0.252063474466878,1.2,0.9,1.0,-42.9099998474121,0.95369780693893,0.0,-0.083333333333333,0.324324324324324,1,P09012
RNCMPT00258_min,0.047826086956522,0.008695652173913,0.126086956521739,0.08695652173913,0.056521739130435,0.060869565217391,0.01304347826087,0.034782608695652,0.091304347826087,0.026086956521739,0.004347826086957,0.039130434782609,0.026086956521739,0.030434782608696,0.134782608695652,0.069565217391304,0.01304347826087,0.069565217391304,0.0,0.060869565217391,0.289473684210526,0.210526315789474,0.131578947368421,0.368421052631579,0,78.832108,7.68016998878731,80.9351,4.891,3.40363985840369,3.2,3.57015840530395,0.904359728450824,3.67867016792297,0.397,0.289772958274127,0.33,5.616,4.74842014543269,3.4,4.166,2.15023586746066,3.2,1.8,1.7,-1.25,0.953353793718457,-0.230769230769231,-0.12,0.657894736842105,0,A2DI67
4JXZ,0.065055762081784,0.018587360594796,0.065055762081784,0.079925650557621,0.044609665427509,0.059479553903346,0.029739776951673,0.065055762081784,0.057620817843866,0.074349442379182,0.020446096654275,0.050185873605948,0.050185873605948,0.027881040892193,0.072490706319703,0.050185873605948,0.050185873605948,0.063197026022305,0.014869888475836,0.04089219330855,0.197183098591549,0.309859154929577,0.295774647887324,0.197183098591549,1,95.5235794701987,3.47888220261082,96.7266,1.59139072847682,0.975769125517643,1.3,3.69151240310922,0.723464360103092,3.6297755241394,0.33523178807947,0.407468337317287,0.07,1.79602649006623,1.54124974375567,1.4,1.38675496688742,0.477029069231459,1.3,1.0,0.9,-35.1500015258789,0.983661592808768,-0.023255813953488,0.0,0.394366197183099,1,P00962
RNCMPT00077_min,0.069333333333333,0.016,0.034666666666667,0.045333333333333,0.042666666666667,0.098666666666667,0.021333333333333,0.042666666666667,0.050666666666667,0.034666666666667,0.04,0.061333333333333,0.061333333333333,0.088,0.032,0.066666666666667,0.058666666666667,0.064,0.026666666666667,0.045333333333333,0.289473684210526,0.157894736842105,0.447368421052632,0.105263157894737,0,64.0589666666667,8.50134331774985,63.091,14.4024691358025,6.11203168571307,13.05,3.51487853644807,0.88040466512552,3.50142741203308,0.132592592592593,0.117811053999378,0.11,14.6543209876543,6.83553306960613,11.9,14.1506172839506,5.68150779848074,13.4,6.6,6.3,-6.03000020980835,0.899616505266622,0.478260869565217,0.466666666666667,0.394736842105263,0,K7EUM6
6L1W,0.041860465116279,0.069767441860465,0.032558139534884,0.074418604651163,0.032558139534884,0.051162790697674,0.046511627906977,0.041860465116279,0.051162790697674,0.134883720930232,0.018604651162791,0.051162790697674,0.037209302325581,0.06046511627907,0.07906976744186,0.06046511627907,0.032558139534884,0.055813953488372,0.0,0.027906976744186,0.0,0.333333333333333,0.333333333333333,0.333333333333333,1,90.64875,3.48735273165764,90.8983,2.22236842105263,0.625548123801866,2.2,3.6575727368656,0.899346213576278,3.61030387878418,0.386578947368421,0.335206885014351,0.245,2.05789473684211,0.718719423865684,2.0,2.38684210526316,0.638059157060661,2.4,1.1,1.3,0.0,0.792481250360578,0.0,-1.0,0.333333333333333,1,Q3UPF5
5ELX,0.071611253196931,0.0076726342711,0.066496163682864,0.051150895140665,0.040920716112532,0.056265984654731,0.012787723785166,0.071611253196931,0.081841432225064,0.104859335038363,0.028132992327366,0.043478260869565,0.040920716112532,0.058823529411765,0.051150895140665,0.048593350383632,0.066496163682864,0.074168797953964,0.002557544757033,0.020460358056266,0.0,0.0,0.0,1.0,0,93.2149692307692,3.15532354902548,94.8041,2.69807692307692,0.53412577817214,2.475,3.71975034016829,0.788348045426359,3.48125398159027,0.251730769230769,0.338333407633602,0.045,2.56538461538462,0.576631399369705,2.4,2.83076923076923,0.711402498118195,2.55,1.9,1.8,0.0,0.0,0.0,-1.0,1.0,1,A6ZNQ1
RNCMPT00138_min,0.028571428571429,0.011428571428571,0.051428571428571,0.045714285714286,0.04,0.102857142857143,0.011428571428571,0.034285714285714,0.04,0.08,0.022857142857143,0.16,0.08,0.062857142857143,0.08,0.074285714285714,0.017142857142857,0.034285714285714,0.0,0.022857142857143,0.210526315789474,0.289473684210526,0.263157894736842,0.236842105263158,0,67.2734184210526,11.1790759637926,72.40805,13.1776315789474,3.81858360199987,11.55,3.58094170532729,0.904406831709719,3.6157318353653,0.183947368421053,0.16841935232072,0.145,12.5710526315789,4.78973609241604,10.45,13.7842105263158,3.12872708040666,13.05,7.4,10.7,-5.15000009536743,0.994985417684099,-0.047619047619048,-0.058823529411765,0.447368421052632,0,Q9VFT4
RNCMPT00028_min,0.018348623853211,0.018348623853211,0.041284403669725,0.077981651376147,0.055045871559633,0.128440366972477,0.027522935779817,0.032110091743119,0.068807339449541,0.055045871559633,0.027522935779817,0.08256880733945,0.045871559633028,0.041284403669725,0.055045871559633,0.059633027522936,0.059633027522936,0.068807339449541,0.009174311926606,0.027522935779817,0.289473684210526,0.210526315789474,0.236842105263158,0.263157894736842,0,66.7434453488372,8.43918879682106,66.8598,13.1261627906977,4.85222039376387,11.675,3.64470817044724,0.915257987740998,3.78332710266113,0.153604651162791,0.179095195131775,0.065,12.9511627906977,5.34130947121631,11.45,13.3011627906977,4.47259614531312,12.75,5.1,6.6,-2.41000008583069,0.994985417684099,-0.157894736842105,0.052631578947368,0.5,0,P48809
RNCMPT00001_min,0.073529411764706,0.011764705882353,0.05,0.085294117647059,0.035294117647059,0.094117647058824,0.008823529411765,0.05,0.073529411764706,0.073529411764706,0.032352941176471,0.047058823529412,0.047058823529412,0.023529411764706,0.067647058823529,0.044117647058824,0.047058823529412,0.082352941176471,0.008823529411765,0.044117647058824,0.184210526315789,0.263157894736842,0.236842105263158,0.31578947368421,1,72.1256816513762,13.8687168147662,72.7889,9.6545871559633,6.10006656492371,12.0,3.59253428616655,0.888409032085353,3.63946032524109,0.204495412844037,0.199738190855356,0.13,8.99266055045872,6.06683007139549,9.9,10.3165137614679,6.39181353969261,13.1,2.0,2.1,-6.73000001907349,0.986863224815062,-0.052631578947368,-0.263157894736842,0.5,0,Q9NQ94
RNCMPT00129_min,0.066420664206642,0.014760147601476,0.044280442804428,0.059040590405904,0.014760147601476,0.077490774907749,0.014760147601476,0.066420664206642,0.055350553505535,0.062730627306273,0.022140221402214,0.040590405904059,0.081180811808118,0.040590405904059,0.055350553505535,0.107011070110701,0.07380073800738,0.088560885608856,0.0,0.014760147601476,0.333333333333333,0.333333333333333,0.233333333333333,0.1,1,84.8661039603961,8.21321789567184,84.3708,6.16287128712871,4.03667346626741,5.0,3.65349855871484,0.913150334963033,3.75068426132202,0.324059405940594,0.355792575014774,0.14,6.26831683168317,4.75489075990331,4.2,6.05742574257426,3.66334127633922,6.2,1.0,1.3,-3.02999997138977,0.939363066899027,-0.176470588235294,0.538461538461538,0.433333333333333,0,Q4V5T0
3I5X,0.058939096267191,0.011787819253438,0.06483300589391,0.084479371316306,0.051080550098232,0.041257367387033,0.019646365422397,0.094302554027505,0.102161100196464,0.092337917485265,0.015717092337917,0.043222003929273,0.039292730844794,0.023575638506876,0.051080550098232,0.070726915520629,0.045186640471513,0.068762278978389,0.0,0.021611001964637,0.0,0.0,0.0,1.0,1,84.3175182926829,3.80716711587235,85.61465,3.85670731707317,0.758928833954494,3.825,3.71455926429935,0.900525491889417,3.7785302400589,0.085731707317073,0.116481657410506,0.045,3.71585365853659,0.773076188441086,3.85,3.99756097560976,0.880652901700273,3.8,2.4,2.6,0.0,0.0,0.0,-1.0,1.0,1,P15424
RNCMPT00041_min,0.052173913043478,0.017391304347826,0.060869565217391,0.065217391304348,0.073913043478261,0.091304347826087,0.021739130434783,0.030434782608696,0.073913043478261,0.047826086956522,0.056521739130435,0.017391304347826,0.056521739130435,0.047826086956522,0.060869565217391,0.052173913043478,0.069565217391304,0.078260869565217,0.004347826086957,0.021739130434783,0.2,0.066666666666667,0.266666666666667,0.466666666666667,1,73.8910620689655,8.41265940923975,72.5212,8.44252873563218,4.43983375406102,7.25,3.4736169960307,0.873370198000812,3.4372353553772,0.166436781609195,0.228034967797394,0.05,7.85977011494253,4.66437412661656,6.5,9.02528735632184,4.6341808536038,7.8,2.3,3.3,-5.42000007629395,0.99900044193615,0.0,0.0,0.473684210526316,0,O43347
5GXH,0.046130952380952,0.03125,0.055059523809524,0.044642857142857,0.032738095238095,0.078869047619048,0.046130952380952,0.061011904761905,0.049107142857143,0.09077380952381,0.010416666666667,0.032738095238095,0.05952380952381,0.03422619047619,0.043154761904762,0.092261904761905,0.06547619047619,0.06547619047619,0.032738095238095,0.02827380952381,0.142857142857143,0.0,0.142857142857143,0.714285714285714,1,95.6320361702128,2.50990582990032,96.433,2.09893617021277,0.475198969963718,2.1,3.71311366811712,0.823601073832337,3.86215209960937,0.311489361702128,0.251491020873546,0.24,1.98723404255319,0.680031016324798,1.9,2.21063829787234,0.400670113984707,2.3,1.5,1.4,0.0,0.574417427140458,1.0,-0.666666666666667,0.857142857142857,1,Q8TEQ6
5WZJ,0.073033707865169,0.033707865168539,0.050561797752809,0.082397003745318,0.037453183520599,0.046816479400749,0.026217228464419,0.061797752808989,0.058052434456929,0.131086142322097,0.02434456928839,0.033707865168539,0.028089887640449,0.037453183520599,0.048689138576779,0.099250936329588,0.035580524344569,0.054307116104869,0.00749063670412,0.029962546816479,0.181818181818182,0.090909090909091,0.454545454545454,0.272727272727273,1,95.2090034883721,3.73434462672691,96.73905,1.76104651162791,1.32905099186889,1.3,3.44275461934334,0.679420674261297,3.33565664291382,0.640581395348837,0.40357914786442,0.895,1.86744186046512,1.94182702691624,1.2,1.6546511627907,0.77226282888728,1.4,0.9,1.0,0.0,0.894964537655,0.666666666666667,-0.2,0.454545454545455,1,Q9C552
RNCMPT00253_min,0.089622641509434,0.016509433962264,0.063679245283019,0.056603773584906,0.05188679245283,0.070754716981132,0.018867924528302,0.05188679245283,0.070754716981132,0.077830188679245,0.035377358490566,0.058962264150943,0.037735849056604,0.05188679245283,0.070754716981132,0.05188679245283,0.025943396226415,0.066037735849057,0.002358490566038,0.030660377358491,0.2,0.133333333333333,0.166666666666667,0.5,1,71.2947610810811,6.54901036469225,72.0343,10.9962162162162,3.15248551987102,10.7,3.53125155326482,1.05321669840517,3.77663660049438,0.098162162162162,0.085832722019127,0.07,11.3897297297297,3.25582294953686,10.9,10.6027027027027,3.2806155379552,10.4,5.5,4.8,-5.36999988555908,0.956937798773912,0.411764705882353,-0.076923076923077,0.433333333333333,0,Q38E63
RNCMPT00064_min,0.071161048689139,0.02247191011236,0.041198501872659,0.086142322097378,0.037453183520599,0.059925093632959,0.01123595505618,0.033707865168539,0.104868913857678,0.074906367041199,0.029962546816479,0.029962546816479,0.078651685393258,0.041198501872659,0.059925093632959,0.074906367041199,0.041198501872659,0.074906367041199,0.0,0.026217228464419,0.266666666666667,0.133333333333333,0.333333333333333,0.266666666666667,1,62.2560318584071,7.9502415543409,64.0361,16.2438053097345,2.80532125693554,15.95,3.42662240630757,0.998239294601337,3.53750205039978,0.067256637168142,0.089285335018158,0.03,14.5814159292035,3.10873046758659,14.3,17.9061946902655,2.7573370689412,17.3,9.2,13.6,-5.80000019073486,0.951604231569008,0.230769230769231,-0.272727272727273,0.628571428571429,0,Q15020
6I0V,0.063583815028902,0.031791907514451,0.040462427745665,0.049132947976879,0.060693641618497,0.03757225433526,0.020231213872832,0.080924855491329,0.072254335260116,0.101156069364162,0.023121387283237,0.043352601156069,0.049132947976879,0.060693641618497,0.043352601156069,0.043352601156069,0.052023121387283,0.07514450867052,0.008670520231214,0.043352601156069,0.4,0.2,0.2,0.2,1,97.5775,1.64161080876128,98.2672,1.20340909090909,0.324287721671761,1.1,3.77875025163997,0.68432925157335,3.76253080368042,0.377272727272727,0.450758346213091,0.04,1.12045454545455,0.205255989295438,1.05,1.28636363636364,0.492544843474156,1.2,0.8,0.8,0.0,0.960964047443681,0.0,0.333333333333333,0.6,1,Q9VI58
5BZU,0.032967032967033,0.024725274725275,0.057692307692308,0.041208791208791,0.071428571428571,0.035714285714286,0.008241758241758,0.118131868131868,0.07967032967033,0.14010989010989,0.008241758241758,0.068681318681319,0.024725274725275,0.06043956043956,0.019230769230769,0.06043956043956,0.057692307692308,0.057692307692308,0.0,0.032967032967033,0.375,0.0,0.125,0.5,1,95.1446860465116,2.34331450001726,96.0677,2.00116279069767,0.655878942453507,1.75,3.4400537152623,0.695115475238739,3.3444619178772,0.543953488372093,0.372674628513321,0.56,1.83953488372093,0.5399027844078,1.7,2.16279069767442,0.832673049600174,1.9,1.2,1.2,0.0,0.702819531114783,1.0,-0.142857142857143,0.875,1,P39016
2ZH2,0.052631578947368,0.013729977116705,0.034324942791762,0.14187643020595,0.073226544622426,0.061784897025172,0.018306636155606,0.045766590389016,0.082379862700229,0.089244851258581,0.016018306636156,0.032036613272311,0.041189931350114,0.006864988558352,0.091533180778032,0.041189931350114,0.025171624713959,0.08695652173913,0.013729977116705,0.032036613272311,0.088235294117647,0.38235294117647,0.38235294117647,0.147058823529412,0,97.1810438356164,2.04946795107809,98.1175,1.30547945205479,0.588168156926162,1.05,3.60901132021865,0.672116173393556,3.50263977050781,0.277808219178082,0.393761231146147,0.01,1.31917808219178,0.591292730249807,1.1,1.29178082191781,0.640258937344349,1.0,0.9,0.9,-34.689998626709,0.888202587562395,0.0,-0.25,0.235294117647059,1,O28126
RNCMPT00109_min,0.04950495049505,0.00990099009901,0.099009900990099,0.054455445544554,0.034653465346535,0.163366336633663,0.00990099009901,0.034653465346535,0.03960396039604,0.02970297029703,0.014851485148515,0.02970297029703,0.069306930693069,0.004950495049505,0.123762376237624,0.04950495049505,0.02970297029703,0.084158415841584,0.004950495049505,0.064356435643564,0.184210526315789,0.236842105263158,0.184210526315789,0.394736842105263,1,66.5754233333333,8.01697888719389,70.53955,11.7416666666667,1.81516995182903,11.75,3.46621576547623,0.844529442642536,3.51686811447144,0.142666666666667,0.116676190087495,0.095,11.8533333333333,2.1642444462187,11.5,11.63,2.12864697191302,11.45,8.1,7.9,-2.53999996185303,0.960336745459753,-0.125,-0.363636363636364,0.578947368421053,0,Q07955
RNCMPT00186_min,0.087078651685393,0.025280898876404,0.030898876404494,0.056179775280899,0.01123595505618,0.101123595505618,0.019662921348315,0.095505617977528,0.039325842696629,0.067415730337079,0.033707865168539,0.039325842696629,0.053370786516854,0.056179775280899,0.044943820224719,0.098314606741573,0.070224719101124,0.053370786516854,0.002808988764045,0.014044943820225,0.289473684210526,0.157894736842105,0.289473684210526,0.263157894736842,1,57.5854536231884,3.91340466122831,58.4387,19.3268115942029,3.30617269964284,20.2,3.5492265716843,1.03564674651113,3.73262858390808,0.176376811594203,0.161736632455112,0.14,18.2347826086957,3.80815016413931,18.1,20.4188405797101,3.15516734721271,20.8,12.7,13.9,-10.8100004196167,0.981377551942568,0.294117647058823,0.047619047619048,0.552631578947368,0,Q15365
RNCMPT00037_min,0.055335968379447,0.007905138339921,0.055335968379447,0.051383399209486,0.031620553359684,0.079051383399209,0.031620553359684,0.047430830039526,0.114624505928854,0.094861660079051,0.031620553359684,0.039525691699605,0.051383399209486,0.047430830039526,0.063241106719368,0.063241106719368,0.031620553359684,0.063241106719368,0.00395256916996,0.035573122529644,0.228571428571429,0.114285714285714,0.371428571428571,0.285714285714286,1,64.2845180722892,10.4802813511287,63.1263,11.5018072289157,5.62224699993159,12.9,3.47016570582447,0.936452712953996,3.49519920349121,0.159156626506024,0.196190579441653,0.03,11.6722891566265,5.93890260974633,13.6,11.3313253012048,5.42469348826909,12.2,3.5,3.6,-3.1800000667572,0.9457129758338,0.529411764705882,-0.111111111111111,0.514285714285714,0,P43243
RNCMPT00152_min,0.073170731707317,0.016260162601626,0.040650406504065,0.040650406504065,0.028455284552846,0.073170731707317,0.016260162601626,0.036585365853659,0.077235772357724,0.077235772357724,0.024390243902439,0.052845528455285,0.08130081300813,0.065040650406504,0.036585365853659,0.097560975609756,0.069105691056911,0.044715447154472,0.008130081300813,0.040650406504065,0.184210526315789,0.394736842105263,0.210526315789474,0.210526315789474,1,72.5150657142857,12.2317286969193,76.8851,10.0,5.20879273336254,8.05,3.66994610854558,0.97388175678076,3.63275527954102,0.176714285714286,0.161035790679952,0.145,10.49,5.51117836370061,8.35,9.51,5.11471732682593,8.05,6.1,4.6,-5.51000022888184,0.962715817399016,-0.304347826086957,-0.066666666666667,0.394736842105263,0,P29558
6YYM,0.054054054054054,0.02027027027027,0.067567567567568,0.040540540540541,0.067567567567568,0.054054054054054,0.013513513513514,0.101351351351351,0.060810810810811,0.027027027027027,0.027027027027027,0.094594594594595,0.054054054054054,0.040540540540541,0.060810810810811,0.047297297297297,0.054054054054054,0.060810810810811,0.006756756756757,0.047297297297297,0.0,0.166666666666667,0.25,0.583333333333333,0,95.9241794871795,2.83436984835009,96.96515,1.66858974358974,0.635278289278411,1.475,3.63900849910883,0.80336672419334,3.54504108428955,0.548461538461538,0.417055469614372,0.65,1.45769230769231,0.468354186866782,1.3,1.87948717948718,0.829231998674501,1.6,1.0,1.1,0.0,0.692215752170299,0.2,-1.0,0.583333333333333,1,P08965
RNCMPT00177_min,0.085972850678733,0.009049773755656,0.045248868778281,0.108597285067873,0.067873303167421,0.076923076923077,0.009049773755656,0.040723981900452,0.067873303167421,0.090497737556561,0.009049773755656,0.027149321266968,0.063348416289593,0.031674208144796,0.090497737556561,0.054298642533937,0.049773755656109,0.054298642533937,0.0,0.018099547511312,0.210526315789474,0.184210526315789,0.342105263157895,0.263157894736842,1,83.3559941176471,5.06537858113956,85.43445,4.33088235294118,1.73637617703192,3.65,3.52088837413227,0.747996068066493,3.55359208583832,0.295294117647059,0.218746224821002,0.22,3.64705882352941,1.74412178024177,2.9,5.01470588235294,1.8669586924617,4.4,2.3,2.4,-6.73000001907349,0.9795363654177,0.3,-0.111111111111111,0.473684210526316,0,P23246
RNCMPT00151_min,0.054054054054054,0.013513513513514,0.087837837837838,0.060810810810811,0.047297297297297,0.081081081081081,0.0,0.033783783783784,0.148648648648649,0.087837837837838,0.027027027027027,0.027027027027027,0.054054054054054,0.006756756756757,0.094594594594595,0.060810810810811,0.02027027027027,0.054054054054054,0.02027027027027,0.02027027027027,0.157894736842105,0.421052631578947,0.236842105263158,0.184210526315789,1,67.3673666666667,10.0143061449221,70.47675,16.0458333333333,4.19300011924636,14.625,3.4470591114627,0.980226807608295,3.30457365512848,0.11125,0.108834251806117,0.06,15.9513888888889,4.14140865521048,14.65,16.1402777777778,4.45445368908822,15.5,10.2,8.8,-5.09999990463257,0.943824487357175,-0.28,-0.076923076923077,0.342105263157895,0,Q9BTD8
RNCMPT00226_min,0.044334975369458,0.024630541871921,0.024630541871921,0.054187192118227,0.044334975369458,0.064039408866995,0.009852216748768,0.088669950738916,0.064039408866995,0.049261083743842,0.009852216748768,0.088669950738916,0.024630541871921,0.059113300492611,0.054187192118227,0.083743842364532,0.03448275862069,0.118226600985222,0.0,0.059113300492611,0.210526315789474,0.210526315789474,0.289473684210526,0.289473684210526,1,78.8266646341463,9.17185109329751,81.80105,7.27134146341463,6.05132385519745,4.175,3.56689660723616,0.870437200598385,3.54359972476959,0.092804878048781,0.094702580436559,0.075,7.16707317073171,6.06558913666487,3.85,7.37560975609756,6.1412702465281,4.2,2.1,2.8,-2.74000000953674,0.93695455156163,0.5,-0.222222222222222,0.6,0,A2EGP7
RNCMPT00166_min,0.088659793814433,0.014432989690722,0.037113402061856,0.039175257731959,0.049484536082474,0.08659793814433,0.02680412371134,0.039175257731959,0.043298969072165,0.092783505154639,0.028865979381443,0.018556701030928,0.098969072164948,0.082474226804124,0.041237113402062,0.072164948453608,0.05979381443299,0.055670103092784,0.0,0.024742268041237,0.289473684210526,0.236842105263158,0.31578947368421,0.157894736842105,1,58.92915,10.1633108689412,59.9943,18.3482142857143,5.04502666789721,18.1,3.53206099942327,1.07048002071422,3.59046816825867,0.10125,0.125045036931744,0.04,18.3982142857143,5.14138800873564,18.1,18.2982142857143,5.05693676004648,18.4,9.9,7.0,-2.04999995231628,0.967761204891595,-0.2,0.217391304347826,0.605263157894737,0,Q8N6W0
4NGC,0.047101449275362,0.021739130434783,0.050724637681159,0.061594202898551,0.047101449275362,0.018115942028986,0.02536231884058,0.068840579710145,0.057971014492754,0.134057971014493,0.014492753623188,0.028985507246377,0.08695652173913,0.032608695652174,0.054347826086957,0.065217391304348,0.068840579710145,0.050724637681159,0.007246376811594,0.057971014492754,0.25,0.25,0.25,0.25,1,92.022141025641,4.95303937442339,94.3641,1.85512820512821,0.572941954416766,1.65,3.29196745310074,0.934723382526562,3.40855669975281,0.228461538461538,0.342848274417788,0.01,2.05128205128205,0.654085055981896,1.9,1.65897435897436,0.518458214688385,1.5,1.2,1.1,-4.01999998092651,1.0,0.0,0.0,0.5,1,Q9UPY3
RNCMPT00141_min,0.143884892086331,0.007194244604317,0.037769784172662,0.066546762589928,0.032374100719424,0.070143884892086,0.014388489208633,0.052158273381295,0.050359712230216,0.086330935251799,0.035971223021583,0.034172661870504,0.057553956834532,0.075539568345324,0.034172661870504,0.053956834532374,0.052158273381295,0.079136690647482,0.001798561151079,0.014388489208633,0.31578947368421,0.131578947368421,0.368421052631579,0.184210526315789,0,75.3687607142857,4.81613865951332,74.9847,5.05178571428571,1.37231098292713,4.9,3.64864618437631,0.865250228217588,3.48400020599365,0.282142857142857,0.195436020465108,0.225,4.66428571428571,1.17732096561841,4.5,5.43928571428572,1.61826136370793,5.25,2.7,3.0,-4.84000015258789,0.945231600849419,0.473684210526316,0.263157894736842,0.5,0,Q8T6B9
RNCMPT00026_min,0.047413793103448,0.010775862068966,0.073275862068966,0.073275862068966,0.025862068965517,0.120689655172414,0.008620689655172,0.075431034482759,0.045258620689655,0.0625,0.025862068965517,0.025862068965517,0.088362068965517,0.045258620689655,0.077586206896552,0.066810344827586,0.051724137931034,0.032327586206897,0.006465517241379,0.036637931034483,0.233333333333333,0.1,0.366666666666667,0.3,1,76.8242324561404,12.8417051718254,82.2505,8.22412280701754,6.73929906433824,4.875,3.59970282253466,0.805869058136796,3.62671279907227,0.314122807017544,0.327670272978525,0.175,7.68771929824561,6.28228497338993,5.1,8.76052631578947,7.27953390539754,5.4,1.1,1.4,-4.48999977111816,0.923691626784717,0.555555555555556,0.294117647058823,0.485714285714286,0,Q4R4M6
6FQL,0.051282051282051,0.017948717948718,0.069230769230769,0.038461538461538,0.071794871794872,0.135897435897436,0.035897435897436,0.043589743589744,0.043589743589744,0.061538461538462,0.012820512820513,0.051282051282051,0.046153846153846,0.046153846153846,0.058974358974359,0.066666666666667,0.035897435897436,0.087179487179487,0.007692307692308,0.017948717948718,0.307692307692308,0.153846153846154,0.153846153846154,0.384615384615385,1,96.3885896551724,1.14026991145105,96.7965,1.67758620689655,0.213217782232389,1.65,3.57569454045131,0.860829377030578,3.39971351623535,0.083103448275862,0.151542154632108,0.0,1.71034482758621,0.254031532893917,1.7,1.6448275862069,0.230815645199725,1.6,1.3,1.3,-3.61999988555908,0.9421567638999,0.0,-0.111111111111111,0.692307692307692,1,E7FAM5
RNCMPT00187_min,0.137214137214137,0.014553014553015,0.037422037422037,0.035343035343035,0.047817047817048,0.112266112266112,0.024948024948025,0.024948024948025,0.03950103950104,0.093555093555094,0.024948024948025,0.024948024948025,0.093555093555094,0.072765072765073,0.045738045738046,0.056133056133056,0.041580041580042,0.04989604989605,0.0,0.022869022869023,0.289473684210526,0.289473684210526,0.184210526315789,0.236842105263158,1,56.4279729166667,7.41539314826848,55.5568,20.90625,3.82503199401584,21.8,3.54548550397158,0.994860213204839,3.66587030887604,0.075694444444445,0.132383490286321,0.01,21.8965277777778,3.24210527290857,23.0,19.9159722222222,4.65016223785621,20.3,15.4,11.8,-2.69000005722046,0.97808936524446,-0.2,0.2,0.571428571428571,0,Q96J87
RNCMPT00036_min,0.100478468899522,0.043062200956938,0.028708133971292,0.090909090909091,0.052631578947368,0.100478468899522,0.038277511961722,0.023923444976077,0.08133971291866,0.057416267942584,0.028708133971292,0.019138755980861,0.07177033492823,0.052631578947368,0.052631578947368,0.07177033492823,0.023923444976077,0.047846889952153,0.004784688995215,0.009569377990431,0.2,0.142857142857143,0.485714285714286,0.171428571428571,1,69.3814032786885,18.3446026182087,81.1359,9.0155737704918,5.68395798852354,5.65,3.18850599156051,0.891302870118546,3.1062695980072,0.230327868852459,0.238893052871745,0.1,8.95245901639344,6.0015721983876,5.3,9.07868852459016,5.45387063634927,5.9,3.6,3.8,-6.15000009536743,0.99900044193615,0.0,0.0,0.526315789473684,0,Q9H9Z2
RNCMPT00045_min,0.048780487804878,0.018292682926829,0.073170731707317,0.073170731707317,0.073170731707317,0.048780487804878,0.024390243902439,0.036585365853659,0.048780487804878,0.048780487804878,0.00609756097561,0.01219512195122,0.036585365853659,0.054878048780488,0.158536585365854,0.128048780487805,0.024390243902439,0.042682926829268,0.0,0.042682926829268,0.210526315789474,0.447368421052632,0.105263157894737,0.236842105263158,1,80.6343925925926,11.0940549856431,84.9159,5.12777777777778,3.56315879928622,3.875,3.3795583728287,0.968478888603032,3.41572177410126,0.313703703703704,0.228574716707905,0.225,5.14444444444445,3.88128876994785,4.0,5.11111111111111,3.40308775809678,3.45,1.7,1.9,-3.67000007629394,0.84727116198025,0.478260869565217,0.666666666666667,0.342857142857143,0,Q5VV67
RNCMPT00146_min,0.03030303030303,0.021645021645022,0.060606060606061,0.073593073593074,0.073593073593074,0.069264069264069,0.03030303030303,0.034632034632035,0.086580086580087,0.051948051948052,0.012987012987013,0.060606060606061,0.038961038961039,0.034632034632035,0.060606060606061,0.064935064935065,0.051948051948052,0.090909090909091,0.008658008658009,0.043290043290043,0.289473684210526,0.31578947368421,0.052631578947368,0.342105263157895,0,76.3231806451613,5.64868615711768,78.4595,4.33225806451613,1.39041650756747,4.0,3.54420045498879,0.886841492999178,3.48935961723328,0.347096774193548,0.21025688333381,0.36,3.77741935483871,1.18116035530585,3.4,4.88709677419355,1.68379371964697,4.5,2.4,3.2,-1.13999998569489,0.897924096859972,-0.714285714285714,-0.083333333333333,0.631578947368421,0,Q9VUN2
4YB1,0.076086956521739,0.0,0.054347826086957,0.032608695652174,0.065217391304348,0.032608695652174,0.021739130434783,0.108695652173913,0.119565217391304,0.076086956521739,0.043478260869565,0.054347826086957,0.032608695652174,0.043478260869565,0.065217391304348,0.076086956521739,0.032608695652174,0.032608695652174,0.0,0.032608695652174,0.274725274725275,0.274725274725275,0.307692307692308,0.142857142857143,1,90.2067415384615,2.93727514846308,91.0202,7.98769230769231,5.00904674352777,5.65,3.65827450752258,0.73227778312945,3.53149557113647,0.456461538461538,0.436639978877159,0.32,10.8061538461538,6.15469528396504,8.9,5.16923076923077,5.22311338777347,2.6,2.8,1.4,-34.810001373291,0.974202464922517,0.056603773584906,0.31578947368421,0.417582417582418,1,P09012
5BZ1,0.032345013477089,0.024258760107817,0.056603773584906,0.040431266846361,0.070080862533693,0.035040431266846,0.008086253369272,0.115902964959569,0.078167115902965,0.137466307277628,0.008086253369272,0.075471698113208,0.024258760107817,0.059299191374663,0.018867924528302,0.059299191374663,0.056603773584906,0.064690026954178,0.0,0.035040431266846,0.2,0.0,0.2,0.6,0,94.5165474576271,2.27568402178757,94.7649,1.57372881355932,0.42874676355503,1.5,3.4109309851113,0.660578936400514,3.23332405090332,0.631864406779661,0.403358634708665,0.88,1.35932203389831,0.31792356708199,1.4,1.78813559322034,0.581046839397091,1.6,0.9,1.0,0.0,0.685475297227334,1.0,-0.5,0.8,1,P39016
4KXT,0.063275434243176,0.024813895781638,0.047146401985112,0.044665012406948,0.037220843672457,0.057071960297767,0.028535980148883,0.06575682382134,0.066997518610422,0.073200992555831,0.023573200992556,0.032258064516129,0.06575682382134,0.064516129032258,0.066997518610422,0.040942928039702,0.055831265508685,0.08560794044665,0.008684863523573,0.047146401985112,0.833333333333333,0.0,0.0,0.166666666666667,1,90.174674137931,8.48975893927369,94.28155,3.12456896551724,2.70684716076179,1.65,3.47746428127947,0.80147561968392,3.52295482158661,0.215431034482759,0.383252425027364,0.0,2.93362068965517,2.50796796198652,1.6,3.31551724137931,2.99891584608072,1.55,1.0,1.0,0.0,0.325011210824177,0.0,0.666666666666667,1.0,1,Q9UL18
6NOC,0.067164179104478,0.029850746268657,0.067164179104478,0.052238805970149,0.04228855721393,0.039800995024876,0.024875621890547,0.062189054726368,0.064676616915423,0.111940298507463,0.034825870646766,0.044776119402985,0.017412935323383,0.057213930348259,0.052238805970149,0.077114427860697,0.049751243781095,0.069651741293532,0.007462686567164,0.027363184079602,0.5,0.0,0.125,0.375,1,96.5634327586207,1.5202661959183,97.346,1.23362068965517,0.257924905948006,1.15,3.45559556730862,0.528667041884137,3.34004855155945,0.714655172413793,0.400990945854127,0.975,1.06896551724138,0.18657287419818,1.0,1.39827586206897,0.367299953577953,1.3,0.9,1.0,0.0,0.702819531114783,1.0,0.142857142857143,0.875,1,Q09312
4OLB,0.060301507537688,0.025125628140704,0.043969849246231,0.045226130653266,0.048994974874372,0.051507537688442,0.03643216080402,0.059045226130653,0.062814070351759,0.075376884422111,0.023869346733668,0.026381909547739,0.061557788944724,0.065326633165829,0.07035175879397,0.046482412060302,0.066582914572864,0.087939698492462,0.010050251256281,0.032663316582915,0.9,0.0,0.0,0.1,1,89.9626623762376,8.15589906606073,92.6293,3.10445544554455,3.38665837522698,1.65,3.49781030475503,0.870780144947096,3.52437210083008,0.246534653465347,0.397586306714817,0.0,3.2019801980198,3.77647931804266,1.7,3.00693069306931,3.04178426012571,1.7,1.1,1.1,0.0,0.234497796794641,0.0,0.8,1.0,1,Q9UKV8
RNCMPT00248_min,0.073298429319372,0.010471204188482,0.06282722513089,0.073298429319372,0.041884816753927,0.089005235602094,0.036649214659686,0.057591623036649,0.073298429319372,0.052356020942408,0.020942408376963,0.052356020942408,0.089005235602094,0.031413612565445,0.052356020942408,0.036649214659686,0.036649214659686,0.057591623036649,0.005235602094241,0.047120418848168,0.314285714285714,0.171428571428571,0.257142857142857,0.257142857142857,0,66.8621068493151,11.4808429083013,69.453,11.8445205479452,2.7299466015819,11.85,3.60382044315338,0.811746314265182,3.51689291000366,0.150958904109589,0.123245062821573,0.1,11.5876712328767,3.37041644333784,11.9,12.1013698630137,2.67579132380004,12.4,5.5,5.8,-3.90000009536743,0.956268333993228,0.333333333333333,0.3,0.571428571428571,0,A0A8M2BJM8
RNCMPT00072_min,0.05,0.0,0.1,0.041666666666667,0.033333333333333,0.116666666666667,0.025,0.008333333333333,0.033333333333333,0.041666666666667,0.041666666666667,0.008333333333333,0.083333333333333,0.008333333333333,0.175,0.058333333333333,0.041666666666667,0.066666666666667,0.0,0.066666666666667,0.333333333333333,0.133333333333333,0.433333333333333,0.1,1,73.67893,9.82576907815378,77.27425,5.28071428571429,3.63610411093935,3.675,3.52969877719879,0.840299976013785,3.52200138568878,0.36,0.306745421519521,0.28,5.87285714285714,4.78969066286777,3.6,4.68857142857143,2.75420852447183,3.8,1.7,2.2,-7.73000001907349,0.926125028789024,0.478260869565217,0.2,0.394736842105263,0,Q01130
RNCMPT00052_min,0.062146892655367,0.033898305084746,0.045197740112994,0.101694915254237,0.033898305084746,0.073446327683616,0.045197740112994,0.067796610169492,0.084745762711864,0.062146892655367,0.022598870056497,0.050847457627119,0.028248587570621,0.028248587570621,0.056497175141243,0.050847457627119,0.050847457627119,0.062146892655367,0.005649717514124,0.033898305084746,0.236842105263158,0.289473684210526,0.263157894736842,0.210526315789474,1,64.6488056818182,9.78887741797906,67.6496,7.52670454545455,3.4133523217832,6.4,3.48487301983617,0.88636329101509,3.43796944618225,0.196136363636364,0.163210827749481,0.16,7.71818181818182,3.52571979948679,6.75,7.33522727272727,3.5337141338735,6.1,3.0,3.4,-3.14000010490417,0.944623214254579,-0.142857142857143,-0.5,0.533333333333333,0,Q9BWF3
2XZL,0.058201058201058,0.025132275132275,0.05026455026455,0.056878306878307,0.03042328042328,0.05952380952381,0.025132275132275,0.062169312169312,0.07010582010582,0.115079365079365,0.013227513227513,0.046296296296296,0.046296296296296,0.044973544973545,0.054232804232804,0.072751322751323,0.048941798941799,0.072751322751323,0.015873015873016,0.031746031746032,0.0,0.0,0.0,1.0,0,79.1821155555556,6.6462787523142,80.2607,3.6,2.35364885260064,2.65,3.77129085328844,0.81423440046977,3.89761936664581,0.127777777777778,0.174212693056426,0.05,3.49,2.36519947136089,2.5,3.71,2.44089917121641,2.7,1.5,1.9,0.0,0.0,0.0,-1.0,1.0,1,P30771
5KLA,0.056379821958457,0.023738872403561,0.041543026706231,0.071216617210683,0.035608308605341,0.050445103857567,0.050445103857567,0.062314540059347,0.071216617210683,0.091988130563798,0.026706231454006,0.044510385756677,0.023738872403561,0.091988130563798,0.044510385756677,0.044510385756677,0.047477744807122,0.086053412462908,0.0,0.035608308605341,0.375,0.125,0.125,0.375,1,96.129742,1.48266229288082,96.5671,1.236,0.188181414858001,1.2,3.42915724754334,0.631024336512388,3.21921062469482,0.7616,0.377058215610247,0.99,1.096,0.182901780266048,1.0,1.376,0.230845827162562,1.3,0.9,1.1,0.0,0.905639062229566,0.0,0.0,0.75,1,P25822
4AL5,0.068783068783069,0.010582010582011,0.063492063492063,0.058201058201058,0.058201058201058,0.074074074074074,0.042328042328042,0.026455026455026,0.021164021164021,0.126984126984127,0.015873015873016,0.005291005291005,0.079365079365079,0.047619047619048,0.126984126984127,0.052910052910053,0.037037037037037,0.058201058201058,0.010582010582011,0.015873015873016,0.222222222222222,0.333333333333333,0.277777777777778,0.166666666666667,1,94.4790131578947,2.22295940939653,94.72255,1.61907894736842,0.32196967820621,1.55,3.63830338340057,0.801781599888273,3.53390383720398,0.301315789473684,0.406075008195163,0.035,1.66842105263158,0.353349883756705,1.6,1.56973684210526,0.37559543371101,1.5,1.1,1.1,-10.8400001525879,0.977342973473178,-0.090909090909091,0.142857142857143,0.388888888888889,1,Q02MM2
7DIC,0.054179566563467,0.009287925696594,0.074303405572755,0.052631578947368,0.051083591331269,0.03250773993808,0.023219814241486,0.089783281733746,0.077399380804954,0.10061919504644,0.015479876160991,0.077399380804954,0.035603715170279,0.038699690402477,0.035603715170279,0.055727554179567,0.068111455108359,0.065015479876161,0.006191950464396,0.037151702786378,1.0,0.0,0.0,0.0,0,94.7152202247191,3.77543301201632,96.2864,1.93370786516854,0.635671409582155,1.8,3.58824654911341,0.763239913832291,3.49537539482117,0.247752808988764,0.362440442784582,0.02,2.08202247191011,0.852877721939191,1.9,1.78539325842697,0.476624151954936,1.7,1.3,1.2,0.0,0.0,0.0,1.0,1.0,1,P47350
RNCMPT00095_min,0.041884816753927,0.0,0.115183246073298,0.047120418848168,0.057591623036649,0.078534031413613,0.036649214659686,0.06282722513089,0.104712041884817,0.041884816753927,0.020942408376963,0.036649214659686,0.047120418848168,0.057591623036649,0.057591623036649,0.041884816753927,0.036649214659686,0.089005235602094,0.005235602094241,0.020942408376963,0.078947368421053,0.394736842105263,0.210526315789474,0.31578947368421,1,76.699938,6.44085544299095,79.12995,5.707,1.45808827873055,5.35,3.47092685937881,0.849372208459528,3.53679525852203,0.38,0.258243675466346,0.365,5.518,1.70338079196901,4.85,5.896,1.36231495654137,5.8,3.0,3.7,-4.61999988555908,0.988591321492785,-0.222222222222222,0.1,0.526315789473684,0,P07909
RNCMPT00020_min,0.064655172413793,0.008620689655172,0.03448275862069,0.103448275862069,0.03448275862069,0.094827586206897,0.017241379310345,0.051724137931034,0.051724137931034,0.099137931034483,0.017241379310345,0.03448275862069,0.03448275862069,0.056034482758621,0.081896551724138,0.064655172413793,0.056034482758621,0.073275862068966,0.0,0.021551724137931,0.236842105263158,0.342105263157895,0.184210526315789,0.236842105263158,0,79.3222557142857,7.39834775627592,81.34525,5.91357142857143,3.67092889390402,4.775,3.6252575806209,0.768549160496666,3.61394762992859,0.307428571428571,0.274446403068705,0.26,4.71285714285714,3.35576170875745,3.6,7.11428571428571,4.10373762878183,5.9,2.2,3.2,-4.01999998092651,0.99900044193615,-0.052631578947368,-0.052631578947368,0.5,0,P51116
1J1U,0.063333333333333,0.006666666666667,0.056666666666667,0.11,0.03,0.06,0.023333333333333,0.09,0.103333333333333,0.11,0.033333333333333,0.043333333333333,0.04,0.02,0.046666666666667,0.03,0.023333333333333,0.06,0.0,0.05,0.175675675675676,0.297297297297297,0.337837837837838,0.189189189189189,1,88.8968,5.09648536806248,91.0012,2.5030303030303,1.00303752686678,2.05,3.28185467286543,0.862428510052712,3.27981615066528,0.454545454545455,0.43585469847395,0.41,2.53939393939394,1.47286697335914,1.8,2.46666666666667,0.58130600088651,2.3,1.3,1.7,-38.6100006103516,0.972209212550763,0.063829787234043,-0.037037037037037,0.364864864864865,1,Q57834
1O0B,0.066037735849057,0.018867924528302,0.066037735849057,0.081132075471698,0.045283018867925,0.058490566037736,0.030188679245283,0.066037735849057,0.052830188679245,0.075471698113208,0.020754716981132,0.050943396226415,0.049056603773585,0.030188679245283,0.071698113207547,0.049056603773585,0.050943396226415,0.062264150943396,0.013207547169811,0.041509433962264,0.202702702702703,0.310810810810811,0.283783783783784,0.202702702702703,1,95.6082147887324,3.38829031039406,96.5017,1.53521126760563,1.11633246929389,1.3,3.70477708460579,0.714225726798447,3.63683319091797,0.33887323943662,0.415566090179603,0.06,1.74366197183099,1.86043024036184,1.3,1.32676056338028,0.427911884108612,1.2,1.0,1.0,-33.9099998474121,0.986569191355551,-0.045454545454546,0.0,0.405405405405405,1,P00962
2ASB,0.119469026548672,0.008849557522124,0.048672566371681,0.066371681415929,0.013274336283186,0.092920353982301,0.013274336283186,0.070796460176991,0.030973451327434,0.061946902654867,0.008849557522124,0.035398230088496,0.061946902654867,0.026548672566372,0.101769911504425,0.066371681415929,0.035398230088496,0.119469026548672,0.004424778761062,0.013274336283186,0.454545454545454,0.181818181818182,0.181818181818182,0.181818181818182,1,97.3460942857143,1.59781253284351,97.9865,1.07142857142857,0.187966121787833,1.0,3.58526246717998,0.77230290673579,3.54976046085358,0.556571428571429,0.434026933360117,0.77,1.03285714285714,0.14814938462792,1.0,1.11,0.264930945336896,1.0,0.8,0.8,0.0,0.929277605935157,0.0,0.428571428571429,0.636363636363636,1,P0A5M2
RNCMPT00023_min,0.044247787610619,0.008849557522124,0.066371681415929,0.075221238938053,0.061946902654867,0.128318584070796,0.035398230088496,0.035398230088496,0.075221238938053,0.035398230088496,0.02212389380531,0.030973451327434,0.030973451327434,0.030973451327434,0.084070796460177,0.075221238938053,0.061946902654867,0.075221238938053,0.004424778761062,0.017699115044248,0.105263157894737,0.31578947368421,0.236842105263158,0.342105263157895,1,71.2505246575342,6.94845470707897,71.516,7.86986301369863,2.22577607760547,7.45,3.54268787005176,0.869850329399971,3.66457891464233,0.216712328767123,0.245255279672022,0.1,7.35616438356164,2.30313712993156,7.3,8.38356164383562,2.38810790391276,7.7,3.4,5.0,-3.67000007629394,0.944298080965623,-0.142857142857143,-0.529411764705882,0.447368421052632,0,Q32P51
RNCMPT00099_min,0.047872340425532,0.015957446808511,0.053191489361702,0.063829787234043,0.069148936170213,0.079787234042553,0.026595744680851,0.037234042553191,0.111702127659574,0.042553191489362,0.021276595744681,0.026595744680851,0.063829787234043,0.053191489361702,0.037234042553191,0.058510638297872,0.079787234042553,0.095744680851064,0.00531914893617,0.01063829787234,0.285714285714286,0.4,0.114285714285714,0.2,0,62.2846433333333,6.48814120934268,63.97295,18.6622222222222,3.14172098324776,19.625,3.50912463201417,0.850569105789368,3.49290835857391,0.122333333333333,0.129926945765515,0.08,18.2422222222222,3.38784933197004,18.95,19.0822222222222,3.13256106508188,19.7,10.7,13.2,-1.87000000476837,0.933588161157007,-0.555555555555556,0.176470588235294,0.485714285714286,0,A0A0R1EAS8
RNCMPT00215_min,0.08259587020649,0.014749262536873,0.020648967551622,0.064896755162242,0.017699115044248,0.094395280235988,0.014749262536873,0.100294985250737,0.056047197640118,0.067846607669617,0.032448377581121,0.03834808259587,0.07669616519174,0.058997050147493,0.035398230088496,0.08259587020649,0.079646017699115,0.047197640117994,0.0,0.014749262536873,0.289473684210526,0.131578947368421,0.421052631578947,0.157894736842105,0,67.7032731481482,10.1735334711367,66.8054,11.9393518518519,6.00067383648417,11.4,3.5672890615684,0.884233669857095,3.60085463523865,0.202777777777778,0.242050559842875,0.07,11.2481481481482,6.14872498722306,10.0,12.6305555555556,6.06669255583124,13.0,2.3,2.1,-5.26999998092651,0.9795363654177,0.238095238095238,0.176470588235294,0.447368421052632,0,P57722
RNCMPT00051_min,0.112359550561798,0.01123595505618,0.089887640449438,0.033707865168539,0.056179775280899,0.101123595505618,0.01123595505618,0.056179775280899,0.078651685393258,0.044943820224719,0.01123595505618,0.033707865168539,0.044943820224719,0.02247191011236,0.078651685393258,0.02247191011236,0.089887640449438,0.056179775280899,0.0,0.044943820224719,0.263157894736842,0.289473684210526,0.210526315789474,0.236842105263158,0,85.2690666666667,6.56114690382988,88.1162,3.11666666666667,1.50211971439151,2.55,3.33423269589742,0.988976413167713,3.24297785758972,0.429111111111111,0.270880904912961,0.41,2.99333333333333,2.00106789671733,2.1,3.24,1.14681376787246,2.9,1.5,2.0,-3.15000009536743,0.986389195400269,-0.052631578947368,0.25,0.457142857142857,0,Q62176
3K5Z,0.065989847715736,0.032994923857868,0.065989847715736,0.050761421319797,0.043147208121827,0.038071065989848,0.025380710659898,0.063451776649746,0.065989847715736,0.114213197969543,0.032994923857868,0.043147208121827,0.017766497461929,0.058375634517767,0.055837563451777,0.076142131979695,0.048223350253807,0.068527918781726,0.00761421319797,0.025380710659898,0.333333333333333,0.222222222222222,0.111111111111111,0.333333333333333,1,96.9878811320755,1.52242795725176,97.5082,1.13679245283019,0.233112498302905,1.1,3.49771113215752,0.588370972970409,3.36691904067993,0.721698113207547,0.398520030618367,0.97,1.03396226415094,0.196060622714992,1.0,1.23962264150943,0.300857506932275,1.1,0.8,0.9,0.0,0.945530556036326,-0.333333333333333,0.0,0.666666666666667,1,Q09312
RNCMPT00148_min,0.112426035502958,0.011834319526627,0.035502958579882,0.059171597633136,0.050295857988166,0.097633136094675,0.032544378698225,0.050295857988166,0.062130177514793,0.041420118343195,0.029585798816568,0.068047337278107,0.056213017751479,0.032544378698225,0.032544378698225,0.079881656804734,0.053254437869822,0.062130177514793,0.011834319526627,0.020710059171598,0.263157894736842,0.473684210526316,0.184210526315789,0.078947368421053,1,65.3239853211009,9.65654031771008,67.7812,10.5467889908257,4.05676889324633,10.0,3.61465528361294,0.882666277073677,3.72006034851074,0.123211009174312,0.129041198804052,0.06,10.2009174311927,3.73384161750345,10.3,10.8926605504587,4.86586192779591,9.2,3.9,4.1,-5.51000022888184,0.999099007916163,-0.058823529411765,0.0,0.514285714285714,0,Q8IMX4
3QG9,0.065,0.0325,0.0675,0.0525,0.0425,0.04,0.025,0.0625,0.065,0.1125,0.035,0.045,0.0175,0.0575,0.055,0.0775,0.0475,0.0675,0.0075,0.025,0.111111111111111,0.222222222222222,0.222222222222222,0.444444444444444,1,97.3278660377359,1.28135414142518,97.6184,1.18867924528302,0.246639239312503,1.15,3.47617072204374,0.593842175597223,3.38519549369812,0.732641509433962,0.389082505307215,0.97,1.0377358490566,0.150928428140294,1.0,1.33962264150943,0.37382617445582,1.2,0.8,0.9,0.0,0.91829583405449,0.0,-0.6,0.555555555555556,1,Q09312
3QGC,0.065,0.0325,0.0675,0.0525,0.0425,0.04,0.025,0.0625,0.065,0.1125,0.035,0.045,0.0175,0.0575,0.0525,0.0775,0.0475,0.0675,0.0075,0.0275,0.111111111111111,0.222222222222222,0.222222222222222,0.444444444444444,1,97.0768259259259,1.36412511739904,97.54175,1.2287037037037,0.253019846311575,1.2,3.51955621330826,0.602877708418991,3.39279472827911,0.731666666666667,0.382695257845402,0.97,1.07407407407407,0.184478034879224,1.0,1.38333333333333,0.363811064381002,1.3,0.9,0.9,0.0,0.91829583405449,0.0,-0.6,0.555555555555556,1,Q09312
1GTR,0.066162570888469,0.01890359168242,0.066162570888469,0.081285444234405,0.045368620037807,0.058601134215501,0.030245746691871,0.066162570888469,0.052930056710775,0.075614366729679,0.020793950850662,0.051039697542533,0.049149338374291,0.028355387523629,0.071833648393195,0.049149338374291,0.051039697542533,0.062381852551985,0.013232514177694,0.041587901701323,0.202702702702703,0.310810810810811,0.283783783783784,0.202702702702703,1,95.803873943662,2.32410763189561,96.5207,1.42781690140845,0.615247302174405,1.325,3.66909746133106,0.712931245267894,3.60827565193176,0.344084507042253,0.411563624390429,0.09,1.5669014084507,1.02981936245576,1.3,1.2887323943662,0.286850985989277,1.2,1.0,0.9,-33.9099998474121,0.986569191355551,-0.045454545454546,0.0,0.405405405405405,1,P00962
RNCMPT00008_min,0.062146892655367,0.016949152542373,0.045197740112994,0.062146892655367,0.033898305084746,0.056497175141243,0.03954802259887,0.050847457627119,0.101694915254237,0.067796610169492,0.028248587570621,0.056497175141243,0.050847457627119,0.067796610169492,0.045197740112994,0.056497175141243,0.045197740112994,0.067796610169492,0.0,0.045197740112994,0.257142857142857,0.142857142857143,0.514285714285714,0.085714285714286,1,76.4912109589041,10.4116601816793,81.2913,6.56506849315069,4.78755392290134,3.95,3.57536764014257,0.849446319410341,3.4940972328186,0.3,0.311202863454407,0.14,6.47808219178082,4.71475952536708,3.9,6.65205479452055,5.05151543788377,4.1,2.1,2.6,-4.55000019073486,0.910294928333273,0.523809523809524,0.411764705882353,0.447368421052632,0,Q9VKX1
RNCMPT00053_min,0.03921568627451,0.013071895424837,0.013071895424837,0.084967320261438,0.052287581699346,0.065359477124183,0.013071895424837,0.071895424836601,0.084967320261438,0.084967320261438,0.026143790849673,0.052287581699346,0.071895424836601,0.058823529411765,0.065359477124183,0.071895424836601,0.058823529411765,0.03921568627451,0.013071895424837,0.019607843137255,0.333333333333333,0.233333333333333,0.266666666666667,0.166666666666667,1,75.2223625,9.03440214950549,75.9567,6.04166666666667,2.52827275438537,5.875,3.4352867230773,1.07616626506654,3.60671651363373,0.245625,0.308371882773229,0.08,5.83333333333333,3.47913741653309,4.45,6.25,2.15801327071817,6.35,2.8,2.9,-6.73000001907349,0.917315963834773,0.6,0.222222222222222,0.473684210526316,0,Q96IZ5
RNCMPT00066_min,0.044897959183673,0.008163265306122,0.106122448979592,0.040816326530612,0.044897959183673,0.171428571428571,0.016326530612245,0.020408163265306,0.044897959183673,0.03265306122449,0.020408163265306,0.024489795918367,0.048979591836735,0.016326530612245,0.146938775510204,0.081632653061224,0.024489795918367,0.057142857142857,0.004081632653061,0.044897959183673,0.142857142857143,0.314285714285714,0.171428571428571,0.371428571428571,0,57.6497290322581,5.61161280638603,59.093,23.141935483871,2.49996989229182,22.05,3.91455231943438,0.776955911666902,4.0600700378418,0.01258064516129,0.011245070604635,0.01,22.2258064516129,3.00377182244097,21.7,24.058064516129,2.25961267972314,23.2,18.5,21.2,-3.1800000667572,0.97042113639059,-0.142857142857143,-0.083333333333333,0.631578947368421,0,Q9V3W7
RNCMPT00116_min,0.089506172839506,0.0,0.040123456790123,0.083333333333333,0.021604938271605,0.12037037037037,0.006172839506173,0.009259259259259,0.049382716049383,0.012345679012346,0.012345679012346,0.064814814814815,0.108024691358025,0.074074074074074,0.12037037037037,0.046296296296296,0.040123456790123,0.049382716049383,0.003086419753086,0.049382716049383,0.157894736842105,0.421052631578947,0.184210526315789,0.236842105263158,1,71.240806122449,11.687660009625,75.2223,13.0112244897959,4.34938052708518,12.15,3.5628195611798,0.807267814726055,3.54537534713745,0.141428571428571,0.14349796746528,0.08,13.9163265306122,4.38227238136675,13.2,12.1061224489796,4.52080413953394,10.7,9.1,7.4,-4.80000019073486,0.940829129511555,-0.363636363636364,-0.375,0.421052631578947,0,P67809
RNCMPT00228_min,0.085492227979275,0.020725388601036,0.041450777202073,0.049222797927461,0.033678756476684,0.103626943005181,0.025906735751295,0.028497409326425,0.033678756476684,0.080310880829016,0.018134715025907,0.051813471502591,0.05699481865285,0.059585492227979,0.046632124352332,0.090673575129534,0.049222797927461,0.072538860103627,0.015544041450777,0.036269430051813,0.289473684210526,0.31578947368421,0.184210526315789,0.210526315789474,0,75.1490056179775,9.14312634826344,77.2728,8.1376404494382,6.08963016164512,5.7,3.57860883434167,0.998767161167167,3.79685974121094,0.163370786516854,0.144402718277619,0.12,7.90449438202247,5.31735815540095,5.5,8.37078651685393,6.9896872450384,5.7,3.4,3.1,-3.01999998092651,0.970672678000033,-0.166666666666667,0.222222222222222,0.6,0,A0A2K1L0S1
5DNO,0.084848484848485,0.018181818181818,0.060606060606061,0.060606060606061,0.03030303030303,0.048484848484848,0.036363636363636,0.090909090909091,0.060606060606061,0.048484848484848,0.048484848484848,0.042424242424242,0.012121212121212,0.018181818181818,0.072727272727273,0.115151515151515,0.036363636363636,0.054545454545455,0.018181818181818,0.042424242424242,0.428571428571429,0.285714285714286,0.0,0.285714285714286,1,92.4727210526316,5.75008021307896,94.71135,2.01315789473684,1.26729570615065,1.65,3.54412315393749,0.733483113600709,3.31730937957764,0.459473684210526,0.439612528215971,0.215,1.98947368421053,1.68053876072996,1.3,2.03684210526316,0.892739801271248,1.85,0.9,1.1,0.0,0.778328353731411,-1.0,0.2,0.714285714285714,1,O74958
3IEV,0.052980132450331,0.0,0.043046357615894,0.089403973509934,0.016556291390728,0.062913907284768,0.013245033112583,0.112582781456954,0.096026490066225,0.112582781456954,0.026490066225166,0.04635761589404,0.076158940397351,0.016556291390728,0.052980132450331,0.026490066225166,0.036423841059603,0.086092715231788,0.009933774834437,0.02317880794702,0.181818181818182,0.454545454545454,0.0,0.363636363636364,0,96.5040841269841,1.69748414826618,96.8386,1.2,0.237765132146234,1.2,3.59621816589719,0.616907514751364,3.50699210166931,0.572698412698413,0.449010404180077,0.86,1.17301587301587,0.245742029179532,1.1,1.22698412698413,0.286922687803251,1.1,0.9,0.9,0.0,0.747459424116975,-1.0,-0.333333333333333,0.545454545454545,1,O67800
RNCMPT00059_min,0.011764705882353,0.005882352941176,0.070588235294118,0.047058823529412,0.076470588235294,0.1,0.023529411764706,0.035294117647059,0.082352941176471,0.1,0.017647058823529,0.058823529411765,0.017647058823529,0.058823529411765,0.105882352941176,0.058823529411765,0.052941176470588,0.058823529411765,0.0,0.017647058823529,0.289473684210526,0.31578947368421,0.236842105263158,0.157894736842105,1,77.879475,8.72852325411037,80.7867,3.92142857142857,2.66672862482135,2.825,3.55690004570144,0.944472457671802,3.61511194705963,0.219107142857143,0.235064995156769,0.145,4.07321428571429,3.68744755630768,2.4,3.76964285714286,1.8158814181205,3.0,1.3,2.3,-3.61999988555908,0.977747995787952,-0.142857142857143,0.294117647058823,0.447368421052632,0,Q9VK76
2ZH3,0.052631578947368,0.013729977116705,0.034324942791762,0.14187643020595,0.073226544622426,0.061784897025172,0.018306636155606,0.045766590389016,0.082379862700229,0.089244851258581,0.016018306636156,0.032036613272311,0.041189931350114,0.006864988558352,0.091533180778032,0.041189931350114,0.025171624713959,0.08695652173913,0.013729977116705,0.032036613272311,0.088235294117647,0.38235294117647,0.38235294117647,0.147058823529412,0,97.2653776315789,1.9851094367548,98.1506,1.21578947368421,0.407366381063844,1.05,3.59471073276118,0.700469790150458,3.48732531070709,0.284342105263158,0.382717774263023,0.02,1.25,0.436195674745482,1.05,1.18157894736842,0.443233731061702,1.0,0.8,0.8,-34.689998626709,0.888202587562395,0.0,-0.25,0.235294117647059,1,O28126
RNCMPT00158_min,0.064748201438849,0.039568345323741,0.08273381294964,0.053956834532374,0.057553956834532,0.089928057553957,0.017985611510791,0.050359712230216,0.046762589928058,0.075539568345324,0.014388489208633,0.014388489208633,0.071942446043165,0.050359712230216,0.064748201438849,0.068345323741007,0.017985611510791,0.064748201438849,0.010791366906475,0.043165467625899,0.285714285714286,0.257142857142857,0.285714285714286,0.171428571428571,0,70.7762782608696,6.37098205545028,73.185,11.3065217391304,1.44129868425431,11.2,3.54484553959059,0.843989742953791,3.32640910148621,0.068260869565217,0.050959179199277,0.06,11.8434782608696,1.69379243306968,12.2,10.7695652173913,1.78132605932891,10.7,8.7,8.0,-3.57999992370605,0.986389195400269,0.052631578947368,0.25,0.457142857142857,0,Q17RY0
RNCMPT00108_min,0.04950495049505,0.00990099009901,0.099009900990099,0.054455445544554,0.034653465346535,0.163366336633663,0.00990099009901,0.034653465346535,0.03960396039604,0.02970297029703,0.014851485148515,0.02970297029703,0.069306930693069,0.004950495049505,0.123762376237624,0.04950495049505,0.02970297029703,0.084158415841584,0.004950495049505,0.064356435643564,0.289473684210526,0.289473684210526,0.210526315789474,0.210526315789474,1,59.3069966666667,9.6263059585658,59.4586,17.135,2.13186618911128,16.85,3.41714567740758,1.09010947346291,3.68968164920807,0.095,0.113676795315066,0.04,19.4366666666667,2.62514148496647,18.6,14.8333333333333,2.26401129114604,15.0,15.3,10.1,-3.28999996185303,0.990970393432049,-0.157894736842105,0.157894736842105,0.5,0,Q07955
RNCMPT00252_min,0.074270557029178,0.005305039787798,0.071618037135279,0.071618037135279,0.047745358090186,0.039787798408488,0.03183023872679,0.03183023872679,0.084880636604775,0.108753315649867,0.013262599469496,0.058355437665782,0.03183023872679,0.037135278514589,0.108753315649867,0.058355437665782,0.058355437665782,0.047745358090186,0.005305039787798,0.013262599469496,0.366666666666667,0.166666666666667,0.4,0.066666666666667,0,63.2904369426752,8.49580703256918,62.3384,13.1130573248408,5.44120716979619,12.35,3.46153553883741,1.09038457673488,3.57703828811645,0.04343949044586,0.062282579527178,0.02,12.3585987261147,5.36532127489295,14.2,13.8675159235669,5.85385273702132,12.4,3.7,4.9,-7.09999990463257,0.92967993171725,0.2,-0.4,0.333333333333333,0,Q381I4
3I62,0.058939096267191,0.011787819253438,0.06483300589391,0.084479371316306,0.051080550098232,0.041257367387033,0.019646365422397,0.094302554027505,0.102161100196464,0.092337917485265,0.015717092337917,0.043222003929273,0.039292730844794,0.023575638506876,0.051080550098232,0.070726915520629,0.045186640471513,0.068762278978389,0.0,0.021611001964637,0.0,0.0,0.0,1.0,1,84.3175182926829,3.80716711587235,85.61465,3.85670731707317,0.758928833954494,3.825,3.71455926429935,0.900525491889417,3.7785302400589,0.085731707317073,0.116481657410506,0.045,3.71585365853659,0.773076188441086,3.85,3.99756097560976,0.880652901700273,3.8,2.4,2.6,0.0,0.0,0.0,-1.0,1.0,1,P15424
RNCMPT00185_min,0.05524861878453,0.0,0.05524861878453,0.12707182320442,0.033149171270718,0.077348066298343,0.022099447513812,0.049723756906077,0.110497237569061,0.110497237569061,0.022099447513812,0.033149171270718,0.038674033149171,0.027624309392265,0.066298342541436,0.088397790055249,0.005524861878453,0.044198895027624,0.0,0.033149171270718,0.166666666666667,0.2,0.333333333333333,0.3,1,86.1701014084507,9.71576937699727,87.7282,3.16408450704225,2.98534734876137,2.4,3.74371865601607,0.788052871977029,3.82199120521545,0.436619718309859,0.401030613943524,0.29,2.85492957746479,3.31532324355492,2.0,3.47323943661972,2.80438217012889,2.5,1.1,1.1,-4.28999996185303,0.994985417684099,-0.157894736842105,-0.052631578947368,0.5,0,Q5VWX1
RNCMPT00106_min,0.04950495049505,0.00990099009901,0.099009900990099,0.054455445544554,0.034653465346535,0.163366336633663,0.00990099009901,0.034653465346535,0.03960396039604,0.02970297029703,0.014851485148515,0.02970297029703,0.069306930693069,0.004950495049505,0.123762376237624,0.04950495049505,0.02970297029703,0.084158415841584,0.004950495049505,0.064356435643564,0.142857142857143,0.342857142857143,0.314285714285714,0.2,1,61.0428303030303,6.79704152658001,64.2687,13.2484848484848,1.18040544203073,13.1,3.40504503972603,0.933124354802741,3.15844702720642,0.031818181818182,0.034045424201953,0.02,14.4848484848485,1.2211984922918,14.6,12.0121212121212,1.87662555797593,11.7,12.5,8.3,-6.32999992370606,0.959864040722423,-0.043478260869565,-0.166666666666667,0.342857142857143,0,Q07955
RNCMPT00144_min,0.076271186440678,0.025423728813559,0.033898305084746,0.059322033898305,0.042372881355932,0.135593220338983,0.016949152542373,0.025423728813559,0.050847457627119,0.042372881355932,0.025423728813559,0.076271186440678,0.076271186440678,0.033898305084746,0.084745762711864,0.050847457627119,0.050847457627119,0.076271186440678,0.0,0.016949152542373,0.371428571428571,0.171428571428571,0.371428571428571,0.085714285714286,1,60.3660771428571,7.00353696965644,62.5289,12.9542857142857,1.98328943293457,12.6,3.54958601338523,0.795029218534546,3.51848721504211,0.07,0.066509618941659,0.06,12.4514285714286,2.74755200438622,11.8,13.4571428571429,1.51566054601824,13.3,10.1,11.2,-6.46999979019165,0.900697291641643,0.368421052631579,0.625,0.457142857142857,0,M4YQ43
RNCMPT00289_min,0.073746312684366,0.011799410029499,0.058997050147493,0.097345132743363,0.041297935103245,0.08259587020649,0.011799410029499,0.044247787610619,0.088495575221239,0.067846607669617,0.020648967551622,0.032448377581121,0.067846607669617,0.023598820058997,0.070796460176991,0.044247787610619,0.03834808259587,0.079646017699115,0.008849557522124,0.035398230088496,0.133333333333333,0.433333333333333,0.3,0.133333333333333,0,76.2915966666667,7.27208766751724,78.25445,6.10583333333333,2.04630903084493,5.6,3.36679135759672,1.02501678200675,3.46064984798431,0.214,0.168997041394221,0.19,6.46166666666667,2.41591416299045,6.0,5.75,1.92921341659746,5.35,3.9,2.7,-5.65000009536743,0.904129670962501,0.565217391304348,-0.2,0.394736842105263,0,A0A8J0QQ94
4TYW,0.059055118110236,0.011811023622047,0.062992125984252,0.084645669291339,0.051181102362205,0.041338582677165,0.019685039370079,0.094488188976378,0.102362204724409,0.09251968503937,0.015748031496063,0.043307086614173,0.039370078740157,0.023622047244094,0.051181102362205,0.070866141732283,0.045275590551181,0.068897637795276,0.0,0.021653543307087,1.0,0.0,0.0,0.0,1,88.0797308823529,2.83748472972457,89.0681,2.97647058823529,0.477045523988914,2.95,3.82982285934336,0.781758132204474,3.86973786354065,0.153823529411765,0.220995234714375,0.065,3.07205882352941,0.561938432978469,3.0,2.88088235294118,0.613834863529218,2.7,2.3,2.0,0.0,0.0,0.0,1.0,1.0,1,P15424
RNCMPT00137_min,0.083333333333333,0.020833333333333,0.03125,0.0625,0.0,0.104166666666667,0.010416666666667,0.135416666666667,0.020833333333333,0.052083333333333,0.041666666666667,0.072916666666667,0.041666666666667,0.072916666666667,0.072916666666667,0.072916666666667,0.072916666666667,0.020833333333333,0.0,0.010416666666667,0.2,0.166666666666667,0.333333333333333,0.3,0,76.37761,3.65266664782074,77.4914,5.873,1.09657211717391,5.975,3.65726939916611,0.921823245954844,3.75998306274414,0.1716,0.137890225490113,0.13,5.668,1.42634683934955,5.4,6.078,1.03100703693238,5.95,3.3,4.2,-2.88000011444092,0.949464781845468,0.230769230769231,-0.411764705882353,0.566666666666667,0,A0A6P4IKB6
2OIH,0.063157894736842,0.0,0.052631578947368,0.042105263157895,0.063157894736842,0.031578947368421,0.021052631578947,0.105263157894737,0.11578947368421,0.073684210526316,0.042105263157895,0.052631578947368,0.042105263157895,0.042105263157895,0.063157894736842,0.084210526315789,0.042105263157895,0.031578947368421,0.0,0.031578947368421,0.136986301369863,0.342465753424657,0.342465753424657,0.178082191780822,1,96.6712525423729,1.83116902272234,97.3088,1.29322033898305,0.456887674560608,1.2,3.56033968117277,0.681606822417105,3.39200234413147,0.492542372881356,0.461637240849457,0.49,1.35254237288136,0.726910308986958,1.2,1.23389830508475,0.236796267365972,1.2,0.9,1.0,-42.9500007629395,0.947530041265734,0.0,-0.130434782608696,0.315068493150685,1,P09012
4LMZ,0.079545454545455,0.034090909090909,0.045454545454545,0.0625,0.056818181818182,0.056818181818182,0.022727272727273,0.0625,0.073863636363636,0.051136363636364,0.045454545454545,0.045454545454545,0.0625,0.056818181818182,0.056818181818182,0.073863636363636,0.034090909090909,0.056818181818182,0.005681818181818,0.017045454545455,0.0,0.0,0.2,0.8,0,92.082824,2.29628515020819,92.4994,2.53,0.57716981903076,2.45,3.55083086490631,0.710740943358684,3.45050644874573,0.4684,0.234479565563114,0.48,2.544,0.43977266854592,2.5,2.516,0.848370988031376,2.3,1.9,1.8,0.0,0.360964047443681,1.0,-1.0,0.8,1,O95319
5BYM,0.033057851239669,0.024793388429752,0.057851239669421,0.041322314049587,0.071625344352617,0.033057851239669,0.008264462809917,0.118457300275482,0.079889807162534,0.137741046831956,0.011019283746556,0.066115702479339,0.024793388429752,0.060606060606061,0.019283746556474,0.060606060606061,0.057851239669421,0.060606060606061,0.0,0.033057851239669,0.333333333333333,0.111111111111111,0.111111111111111,0.444444444444444,0,95.5535728813559,1.66330734494099,95.8048,1.3135593220339,0.219684434429404,1.25,3.45275257401547,0.600257765499404,3.27828145027161,0.714915254237288,0.395611150436263,0.97,1.15593220338983,0.201092864497868,1.1,1.47118644067797,0.272947416596618,1.4,0.9,1.1,0.0,0.876357639489852,0.0,-0.142857142857143,0.777777777777778,1,P39016
5LTA,0.078796561604585,0.012893982808023,0.050143266475645,0.083094555873926,0.034383954154728,0.04297994269341,0.025787965616046,0.055873925501433,0.05730659025788,0.103151862464183,0.024355300859599,0.031518624641834,0.054441260744986,0.045845272206304,0.068767908309456,0.055873925501433,0.064469914040115,0.061604584527221,0.007163323782235,0.041547277936963,0.0,0.0,0.0,1.0,1,90.9929263888889,2.77284389248849,91.6274,2.18402777777778,0.552766817154489,2.0,3.77386634879642,0.813349306949699,3.5638210773468,0.220694444444444,0.313424188955196,0.03,2.20555555555556,0.686671680550545,1.9,2.1625,0.537976778387792,1.9,1.4,1.4,0.0,0.0,0.0,-1.0,1.0,1,G0RY84
4D25,0.072599531615925,0.011709601873536,0.063231850117096,0.056206088992974,0.049180327868852,0.065573770491803,0.021077283372365,0.074941451990632,0.056206088992974,0.081967213114754,0.028103044496487,0.046838407494145,0.044496487119438,0.044496487119438,0.060889929742389,0.063231850117096,0.05152224824356,0.084309133489461,0.0,0.023419203747073,0.333333333333333,0.166666666666667,0.166666666666667,0.333333333333333,1,90.4701034482759,2.20215927941594,91.1884,2.69396551724138,0.315822177677385,2.65,3.69969150115704,0.773931840023624,3.55419373512268,0.14,0.225139333076754,0.03,2.66896551724138,0.327781964625783,2.6,2.71896551724138,0.416525686978469,2.6,2.1,2.0,0.0,0.959147917027245,0.0,0.0,0.666666666666667,1,O01378
5GXI,0.04647676161919,0.031484257871064,0.055472263868066,0.043478260869565,0.032983508245877,0.07496251874063,0.044977511244378,0.061469265367316,0.049475262368816,0.091454272863568,0.010494752623688,0.032983508245877,0.059970014992504,0.03448275862069,0.041979010494753,0.092953523238381,0.065967016491754,0.065967016491754,0.03448275862069,0.028485757121439,0.2,0.0,0.0,0.8,1,89.55862,3.89309902443657,90.5803,3.545,0.82872461213519,3.525,3.5819838364919,0.828272688673409,3.47067511081696,0.243666666666667,0.215142027400559,0.145,3.42333333333333,1.10131060898879,3.25,3.66666666666667,0.752161635844837,3.55,2.2,2.4,0.0,0.360964047443681,0.0,-0.6,1.0,1,Q8TEQ6
4KNQ,0.040983606557377,0.016393442622951,0.049180327868852,0.057377049180328,0.065573770491803,0.081967213114754,0.032786885245902,0.032786885245902,0.040983606557377,0.09016393442623,0.016393442622951,0.024590163934426,0.040983606557377,0.040983606557377,0.081967213114754,0.10655737704918,0.065573770491803,0.049180327868852,0.032786885245902,0.032786885245902,0.0,0.65,0.35,0.0,1,93.651075862069,2.58744498528887,93.9129,1.77413793103448,0.398125224748798,1.75,3.57203670000208,0.903137888126437,3.58065128326416,0.313793103448276,0.379637174465901,0.15,1.72758620689655,0.394512856683619,1.7,1.82068965517241,0.488715013614294,1.7,1.2,1.1,-6.09999990463257,0.467034027687746,-0.3,0.0,0.0,1,P69517
6I0U,0.065714285714286,0.031428571428571,0.04,0.051428571428571,0.06,0.037142857142857,0.02,0.08,0.071428571428571,0.1,0.022857142857143,0.042857142857143,0.048571428571429,0.065714285714286,0.042857142857143,0.042857142857143,0.051428571428571,0.074285714285714,0.008571428571429,0.042857142857143,0.0,0.0,0.0,1.0,1,96.3006882352941,3.0661764524295,97.70365,1.60588235294118,0.535945031368741,1.45,3.75483284277074,0.804368804472281,3.69437992572784,0.454705882352941,0.431924764030185,0.295,1.44705882352941,0.350959977099735,1.35,1.76470588235294,0.751113255770827,1.6,1.0,1.0,0.0,0.0,0.0,-1.0,1.0,1,Q9VI58
RNCMPT00029_min,0.046610169491525,0.004237288135593,0.105932203389831,0.050847457627119,0.042372881355932,0.156779661016949,0.016949152542373,0.059322033898305,0.088983050847458,0.038135593220339,0.016949152542373,0.046610169491525,0.033898305084746,0.055084745762712,0.072033898305085,0.033898305084746,0.042372881355932,0.055084745762712,0.008474576271186,0.025423728813559,0.2,0.371428571428571,0.171428571428571,0.257142857142857,1,76.2840893617021,6.36772617222581,78.0601,7.10531914893617,1.61834705132688,6.8,3.44929395330713,0.837297049782687,3.45757532119751,0.227872340425532,0.208492896033839,0.12,6.68297872340426,1.44317270486217,6.8,7.52765957446809,1.93881430907382,7.0,4.4,4.7,-3.70000004768372,0.967551496936124,-0.368421052631579,-0.125,0.457142857142857,0,P48810
5WZG,0.073033707865169,0.033707865168539,0.050561797752809,0.082397003745318,0.037453183520599,0.046816479400749,0.026217228464419,0.061797752808989,0.058052434456929,0.131086142322097,0.02434456928839,0.033707865168539,0.028089887640449,0.037453183520599,0.048689138576779,0.099250936329588,0.035580524344569,0.054307116104869,0.00749063670412,0.029962546816479,0.3,0.1,0.4,0.2,1,94.9158530864198,4.3071796606099,96.6698,1.90740740740741,1.76110957763691,1.25,3.47267550009268,0.717504597353054,3.41755533218384,0.608148148148148,0.418545430960341,0.86,2.09012345679012,2.54246951497317,1.2,1.72469135802469,1.01888798012803,1.3,0.9,0.9,0.0,0.923219672335508,0.6,0.2,0.5,1,Q9C552
7CGI,0.055072463768116,0.020289855072464,0.052173913043478,0.072463768115942,0.043478260869565,0.03768115942029,0.043478260869565,0.072463768115942,0.066666666666667,0.066666666666667,0.028985507246377,0.043478260869565,0.031884057971014,0.07536231884058,0.057971014492754,0.057971014492754,0.023188405797101,0.104347826086957,0.002898550724638,0.043478260869565,0.375,0.0,0.125,0.5,0,96.5907454545455,1.5944056146435,97.1544,1.33363636363636,0.295185839996908,1.25,3.42681919444691,0.601578944369499,3.26046705245972,0.715636363636364,0.399646898020794,0.98,1.15090909090909,0.276802327698899,1.1,1.51636363636364,0.361971779319285,1.4,0.9,1.1,0.0,0.702819531114783,1.0,-0.142857142857143,0.875,1,Q09487
6GX6,0.069182389937107,0.012578616352201,0.056603773584906,0.081761006289308,0.031446540880503,0.050314465408805,0.018867924528302,0.062893081761006,0.075471698113208,0.10062893081761,0.006289308176101,0.050314465408805,0.056603773584906,0.050314465408805,0.031446540880503,0.081761006289308,0.031446540880503,0.088050314465409,0.012578616352201,0.031446540880503,0.5,0.5,0.0,0.0,1,95.7309409090909,2.36343101114402,96.86175,1.4,0.421166181430742,1.275,3.68029728802768,0.53890291458056,3.69129121303558,0.562272727272727,0.395088077198729,0.545,1.12272727272727,0.226635470223962,1.1,1.67727272727273,0.639145127108463,1.45,0.9,1.0,0.0,0.5,-1.0,1.0,0.5,1,O00425
2BX2,0.084,0.006,0.044,0.1,0.026,0.06,0.032,0.086,0.042,0.104,0.018,0.034,0.046,0.042,0.09,0.066,0.036,0.058,0.004,0.022,0.214285714285714,0.071428571428571,0.142857142857143,0.571428571428571,0,74.6274338235294,4.62115013720934,74.67105,4.97132352941177,1.21919707418725,5.25,3.60125530467314,0.777472022762729,3.55918490886688,0.148088235294118,0.261586761686016,0.045,4.72205882352941,1.29739642708983,4.85,5.22058823529412,1.31041281219583,5.3,2.2,2.4,0.0,0.805288621665821,0.333333333333333,-0.454545454545455,0.785714285714286,1,P21513
RNCMPT00236_min,0.070967741935484,0.006451612903226,0.051612903225806,0.061290322580645,0.045161290322581,0.064516129032258,0.009677419354839,0.083870967741935,0.064516129032258,0.061290322580645,0.025806451612903,0.1,0.032258064516129,0.02258064516129,0.054838709677419,0.080645161290323,0.048387096774194,0.058064516129032,0.016129032258065,0.041935483870968,0.342105263157895,0.184210526315789,0.210526315789474,0.263157894736842,1,55.4961442477876,8.22804663293415,56.3181,16.483185840708,3.40764378836303,17.65,3.50214001378127,1.08735206264281,3.70677852630615,0.102212389380531,0.143773970133644,0.04,15.3646017699115,3.19441254251584,16.2,17.6017699115044,3.95180750464005,18.7,7.8,8.8,-3.1800000667572,0.973041590739604,0.333333333333333,0.1,0.571428571428571,0,A2GMP0
RNCMPT00118_min,0.082474226804124,0.010309278350515,0.056701030927835,0.108247422680412,0.025773195876289,0.056701030927835,0.020618556701031,0.036082474226804,0.077319587628866,0.087628865979381,0.025773195876289,0.041237113402062,0.04639175257732,0.036082474226804,0.072164948453608,0.036082474226804,0.056701030927835,0.103092783505155,0.010309278350515,0.010309278350515,0.368421052631579,0.184210526315789,0.289473684210526,0.157894736842105,1,84.1267101694915,11.9116235839807,88.0982,3.32627118644068,3.62879237930286,1.75,3.5161462496903,0.681935393005327,3.51118540763855,0.469661016949153,0.394439655372,0.33,3.4864406779661,4.31243021441262,1.7,3.16610169491525,2.99024910561274,1.9,1.2,1.3,-4.59000015258789,0.959253543925123,0.222222222222222,0.4,0.526315789473684,0,O01367
2DRB,0.052631578947368,0.013729977116705,0.034324942791762,0.14187643020595,0.073226544622426,0.061784897025172,0.018306636155606,0.045766590389016,0.082379862700229,0.089244851258581,0.016018306636156,0.032036613272311,0.041189931350114,0.006864988558352,0.091533180778032,0.041189931350114,0.025171624713959,0.08695652173913,0.013729977116705,0.032036613272311,0.085714285714286,0.4,0.371428571428571,0.142857142857143,1,97.1260042105263,1.83042905985826,97.4792,1.28842105263158,0.47307575703316,1.15,3.65068847254703,0.704082156964713,3.52485871315002,0.308421052631579,0.425521746799009,0.0,1.38,0.597441352948359,1.2,1.19684210526316,0.388519456940129,1.1,0.9,0.8,-34.689998626709,0.882167033883327,-0.037037037037037,-0.25,0.228571428571429,1,O28126
RNCMPT00136_min,0.070769230769231,0.009230769230769,0.049230769230769,0.046153846153846,0.055384615384615,0.089230769230769,0.024615384615385,0.058461538461538,0.052307692307692,0.067692307692308,0.030769230769231,0.070769230769231,0.036923076923077,0.036923076923077,0.061538461538462,0.086153846153846,0.049230769230769,0.067692307692308,0.006153846153846,0.030769230769231,0.184210526315789,0.368421052631579,0.263157894736842,0.184210526315789,0,74.4703625,5.78746275312086,74.87235,6.97276785714286,2.23805023324435,6.9,3.42590847398554,0.944516986839374,3.47056126594543,0.258660714285714,0.208073512372038,0.185,6.82142857142857,2.55957585772107,6.15,7.12410714285714,2.24315758527593,7.2,3.6,3.9,-6.25,0.959253543925123,-0.12,-0.076923076923077,0.342105263157895,0,Q15717
RNCMPT00021_min,0.017964071856287,0.0,0.077844311377246,0.083832335329341,0.053892215568862,0.125748502994012,0.011976047904192,0.053892215568862,0.035928143712575,0.041916167664671,0.029940119760479,0.053892215568862,0.089820359281437,0.035928143712575,0.161676646706587,0.029940119760479,0.017964071856287,0.07185628742515,0.0,0.005988023952096,0.236842105263158,0.289473684210526,0.236842105263158,0.236842105263158,0,70.8097685185185,11.5621924016006,71.0772,7.7787037037037,4.62673324842285,7.225,3.65391378932529,0.902017194502219,3.61241185665131,0.222407407407407,0.287775693475693,0.07,7.71666666666667,4.96841913280726,7.35,7.84074074074074,4.5489172884934,5.6,1.8,2.7,-3.79999995231628,0.9795363654177,-0.3,0.111111111111111,0.473684210526316,0,Q9UN86
RNCMPT00024_min,0.047210300429185,0.004291845493562,0.060085836909871,0.094420600858369,0.064377682403433,0.128755364806867,0.030042918454936,0.03862660944206,0.07725321888412,0.042918454935622,0.021459227467811,0.025751072961373,0.034334763948498,0.030042918454936,0.085836909871245,0.068669527896996,0.051502145922747,0.068669527896996,0.004291845493562,0.021459227467811,0.371428571428571,0.371428571428571,0.228571428571429,0.028571428571429,1,68.639912345679,8.07321605615419,70.3022,13.562962962963,4.30723067772219,13.3,3.71219283415947,0.86242649480483,3.82437801361084,0.11320987654321,0.124617686951871,0.07,14.2716049382716,4.15644783943878,13.9,12.8543209876543,4.66875383219966,11.8,7.1,5.9,-4.73999977111816,0.997098982459257,-0.1,0.0,0.473684210526316,0,P22626
5ELK,0.049586776859504,0.082644628099174,0.041322314049587,0.057851239669421,0.024793388429752,0.066115702479339,0.049586776859504,0.016528925619835,0.082644628099174,0.024793388429752,0.008264462809917,0.041322314049587,0.12396694214876,0.057851239669421,0.082644628099174,0.049586776859504,0.041322314049587,0.016528925619835,0.016528925619835,0.066115702479339,0.333333333333333,0.166666666666667,0.166666666666667,0.333333333333333,1,90.7795209302326,5.07068078563319,92.6008,2.0,1.168637790641,1.6,3.52707061102224,0.696795580759531,3.56488966941833,0.468372093023256,0.346622686536391,0.55,1.98139534883721,1.52787680473723,1.5,2.01860465116279,0.948747498636137,1.6,1.0,1.1,0.0,0.959147917027245,0.0,0.0,0.666666666666667,1,Q8BL48
2DRA,0.052631578947368,0.013729977116705,0.034324942791762,0.14187643020595,0.073226544622426,0.061784897025172,0.018306636155606,0.045766590389016,0.082379862700229,0.089244851258581,0.016018306636156,0.032036613272311,0.041189931350114,0.006864988558352,0.091533180778032,0.041189931350114,0.025171624713959,0.08695652173913,0.013729977116705,0.032036613272311,0.058823529411765,0.411764705882353,0.38235294117647,0.147058823529412,1,97.3819657894737,1.77550242868905,98.1389,1.23026315789474,0.439399510496497,1.0,3.61667905983172,0.68811919841023,3.54223811626434,0.274868421052632,0.392256696296537,0.005,1.26447368421053,0.519924083527181,1.1,1.19605263157895,0.444654409468352,1.0,0.8,0.8,-34.689998626709,0.852285454168148,-0.037037037037037,-0.428571428571429,0.205882352941176,1,O28126
3PEW,0.071611253196931,0.0076726342711,0.066496163682864,0.051150895140665,0.040920716112532,0.056265984654731,0.012787723785166,0.071611253196931,0.081841432225064,0.10230179028133,0.028132992327366,0.043478260869565,0.040920716112532,0.058823529411765,0.051150895140665,0.048593350383632,0.066496163682864,0.076726342710997,0.002557544757033,0.020460358056266,0.0,0.0,0.0,1.0,0,93.2676269230769,3.08104810287053,94.87545,2.73653846153846,0.511544698813174,2.5,3.69128178633176,0.77947922514675,3.45938193798065,0.246538461538462,0.332747826647693,0.05,2.59615384615385,0.50369674134326,2.4,2.87692307692308,0.727503220022625,2.6,2.0,1.9,0.0,0.0,0.0,-1.0,1.0,1,P20449
5V7C,0.027777777777778,0.013888888888889,0.048611111111111,0.104166666666667,0.097222222222222,0.0625,0.034722222222222,0.020833333333333,0.111111111111111,0.125,0.013888888888889,0.034722222222222,0.013888888888889,0.055555555555556,0.069444444444444,0.034722222222222,0.020833333333333,0.013888888888889,0.013888888888889,0.083333333333333,0.0,0.375,0.125,0.5,1,89.4677580645161,5.14641586380101,90.5993,3.45322580645161,1.19512450424429,3.2,3.42971459896334,0.682096708346984,3.35783886909485,0.290322580645161,0.240880106705497,0.23,2.81935483870968,1.41713780906885,2.2,4.08709677419355,1.20491823664066,3.9,1.5,2.1,0.0,0.702819531114783,-0.5,-1.0,0.5,1,Q6PKG0
5H1L,0.045454545454545,0.030791788856305,0.055718475073314,0.043988269794721,0.032258064516129,0.082111436950147,0.045454545454545,0.06158357771261,0.049853372434018,0.089442815249267,0.010263929618768,0.032258064516129,0.060117302052786,0.030791788856305,0.043988269794721,0.092375366568915,0.065982404692082,0.065982404692082,0.033724340175953,0.027859237536657,0.142857142857143,0.0,0.142857142857143,0.714285714285714,1,95.6662040816327,2.76792851025811,96.4704,2.33673469387755,0.412661017841834,2.35,3.74065438095404,0.826092260282588,3.95897960662842,0.302857142857143,0.248420007245793,0.25,2.19795918367347,0.478926662756752,2.1,2.47551020408163,0.442780331280317,2.5,1.7,1.6,0.0,0.574417427140458,1.0,-0.666666666666667,0.857142857142857,1,Q8TEQ6
7D7V,0.065217391304348,0.0,0.054347826086957,0.043478260869565,0.065217391304348,0.032608695652174,0.021739130434783,0.108695652173913,0.108695652173913,0.076086956521739,0.032608695652174,0.054347826086957,0.032608695652174,0.043478260869565,0.065217391304348,0.08695652173913,0.043478260869565,0.032608695652174,0.0,0.032608695652174,0.140350877192982,0.403508771929825,0.31578947368421,0.140350877192982,0,88.66588,3.62204679816092,89.36935,2.3,1.38591583866568,2.05,3.58264176448186,0.657579858708729,3.38628673553467,0.4875,0.432672518742035,0.54,2.44166666666667,2.14185818792355,2.0,2.15833333333333,0.713143356084654,2.0,1.4,1.4,-29.1399993896484,0.924334699930854,-0.121951219512195,0.0,0.280701754385965,1,P09012
RNCMPT00009_min,0.077777777777778,0.011111111111111,0.011111111111111,0.066666666666667,0.066666666666667,0.1,0.033333333333333,0.055555555555556,0.077777777777778,0.066666666666667,0.011111111111111,0.066666666666667,0.011111111111111,0.033333333333333,0.055555555555556,0.066666666666667,0.044444444444444,0.1,0.011111111111111,0.033333333333333,0.285714285714286,0.314285714285714,0.228571428571429,0.171428571428571,0,59.3732272727273,4.80541479909195,60.0211,21.35,1.26150519175991,21.075,3.44888211380352,0.969667117779315,3.54522335529327,0.007272727272727,0.008724100903535,0.01,20.9454545454545,1.71687311032458,20.7,21.7545454545455,1.2828845668412,21.6,18.5,19.9,-5.09000015258789,0.903687976849985,0.578947368421053,0.375,0.457142857142857,0,A0A6P8KTV2
7CGH,0.055072463768116,0.020289855072464,0.052173913043478,0.072463768115942,0.043478260869565,0.03768115942029,0.043478260869565,0.072463768115942,0.066666666666667,0.066666666666667,0.028985507246377,0.043478260869565,0.031884057971014,0.07536231884058,0.057971014492754,0.057971014492754,0.023188405797101,0.104347826086957,0.002898550724638,0.043478260869565,0.375,0.125,0.125,0.375,1,97.0461490196078,1.34352667161803,97.3924,1.18235294117647,0.222670952171981,1.15,3.49831528757133,0.69101147554565,3.28500866889954,0.717450980392157,0.401227332754163,0.98,1.05098039215686,0.197355059747256,1.0,1.31372549019608,0.277142279591647,1.2,0.8,1.0,0.0,0.905639062229566,0.0,0.0,0.75,1,Q09487
RNCMPT00205_min,0.092436974789916,0.012605042016807,0.088235294117647,0.126050420168067,0.050420168067227,0.117647058823529,0.008403361344538,0.058823529411765,0.071428571428571,0.029411764705882,0.008403361344538,0.046218487394958,0.021008403361345,0.016806722689076,0.07563025210084,0.054621848739496,0.058823529411765,0.042016806722689,0.004201680672269,0.016806722689076,0.285714285714286,0.314285714285714,0.285714285714286,0.114285714285714,0,61.5405406976744,10.680802836165,61.3356,14.1941860465116,6.35841923846158,17.95,3.59296510940374,0.998545166057447,3.70339202880859,0.178837209302326,0.212189807398671,0.08,13.3209302325581,6.21183152453388,15.95,15.0674418604651,6.79053739293256,18.8,4.5,4.5,-5.03999996185303,0.982848200563011,-0.263157894736842,0.157894736842105,0.5,0,I1BGL5
1EUY,0.066162570888469,0.01890359168242,0.066162570888469,0.081285444234405,0.045368620037807,0.058601134215501,0.030245746691871,0.066162570888469,0.052930056710775,0.075614366729679,0.020793950850662,0.051039697542533,0.049149338374291,0.028355387523629,0.071833648393195,0.049149338374291,0.051039697542533,0.062381852551985,0.013232514177694,0.041587901701323,0.219178082191781,0.301369863013699,0.301369863013699,0.178082191780822,1,95.7591457142857,2.23337345330419,96.41935,1.5425,0.678973119057653,1.4,3.66985580836024,0.700690223022292,3.66979587078094,0.348428571428571,0.41570304742476,0.09,1.67714285714286,1.11111732326686,1.4,1.40785714285714,0.365424333445096,1.3,1.0,1.0,-35.6699981689453,0.983126611249082,0.0,0.103448275862069,0.397260273972603,1,P00962
3K5Q,0.065,0.0325,0.0675,0.0525,0.0425,0.04,0.025,0.0625,0.065,0.1125,0.035,0.045,0.0175,0.0575,0.055,0.0775,0.0475,0.0675,0.0075,0.025,0.333333333333333,0.111111111111111,0.111111111111111,0.444444444444444,1,96.9314888888889,1.47212996768662,97.28385,1.19074074074074,0.246115878918945,1.175,3.49253841903475,0.596440983746306,3.34729242324829,0.722037037037037,0.393409765874457,0.97,1.02037037037037,0.162967330479559,1.0,1.36111111111111,0.363118914285595,1.35,0.8,0.9,0.0,0.876357639489852,0.0,-0.142857142857143,0.777777777777778,1,Q09312
RNCMPT00262_min,0.089337175792507,0.011527377521614,0.048991354466859,0.089337175792507,0.048991354466859,0.089337175792507,0.002881844380403,0.063400576368876,0.031700288184438,0.063400576368876,0.023054755043228,0.057636887608069,0.063400576368876,0.040345821325648,0.057636887608069,0.063400576368876,0.051873198847262,0.077809798270893,0.0,0.025936599423631,0.31578947368421,0.184210526315789,0.31578947368421,0.184210526315789,0,69.9913989361702,10.3576592957158,70.0968,7.57393617021277,3.39423712051626,7.0,3.54355758809029,0.863615272817722,3.52452349662781,0.123723404255319,0.179712937420928,0.04,7.42978723404255,3.86489103985388,6.35,7.71808510638298,3.19542558681173,7.65,3.2,3.0,-2.02999997138977,0.9380060247158,-0.066666666666667,0.5,0.571428571428571,0,Q01DB3
RNCMPT00127_min,0.078125,0.0234375,0.046875,0.0625,0.03125,0.2890625,0.0,0.015625,0.0234375,0.03125,0.015625,0.03125,0.03125,0.0,0.1328125,0.0703125,0.0234375,0.046875,0.015625,0.03125,0.31578947368421,0.157894736842105,0.31578947368421,0.210526315789474,1,58.52583125,8.36213519755466,60.69225,13.65625,2.0639286778621,13.575,3.63577598705888,0.922848284977265,3.8069384098053,0.14140625,0.126539625357887,0.13,13.7625,2.43091856699583,13.2,13.55,2.08783323544952,13.6,10.2,9.8,-6.3600001335144,0.972004874858178,0.333333333333333,0.2,0.526315789473684,0,Q9VYD8
2DR9,0.052631578947368,0.013729977116705,0.034324942791762,0.14187643020595,0.073226544622426,0.061784897025172,0.018306636155606,0.045766590389016,0.082379862700229,0.089244851258581,0.016018306636156,0.032036613272311,0.041189931350114,0.006864988558352,0.091533180778032,0.041189931350114,0.025171624713959,0.08695652173913,0.013729977116705,0.032036613272311,0.058823529411765,0.411764705882353,0.38235294117647,0.147058823529412,1,97.3819657894737,1.77550242868905,98.1389,1.23026315789474,0.439399510496497,1.0,3.61667905983172,0.68811919841023,3.54223811626434,0.274868421052632,0.392256696296537,0.005,1.26447368421053,0.519924083527181,1.1,1.19605263157895,0.444654409468352,1.0,0.8,0.8,-34.689998626709,0.852285454168148,-0.037037037037037,-0.428571428571429,0.205882352941176,1,O28126
RNCMPT00067_min,0.031674208144796,0.009049773755656,0.085972850678733,0.072398190045249,0.040723981900452,0.126696832579185,0.018099547511312,0.02262443438914,0.036199095022624,0.054298642533937,0.018099547511312,0.018099547511312,0.063348416289593,0.018099547511312,0.135746606334842,0.076923076923077,0.027149321266968,0.054298642533937,0.013574660633484,0.076923076923077,0.371428571428571,0.257142857142857,0.257142857142857,0.114285714285714,1,55.7723471698113,8.94392458104305,59.1975,20.3584905660377,2.18222134200136,21.05,3.56945974871797,0.936562401000031,3.77493453025818,0.056981132075472,0.062713785310126,0.03,18.7943396226415,2.77727142619262,19.5,21.922641509434,1.8059348217894,22.4,14.1,17.5,-2.6800000667572,0.948007703303971,0.0,0.529411764705882,0.485714285714286,0,Q13242
6NOF,0.067164179104478,0.029850746268657,0.067164179104478,0.052238805970149,0.04228855721393,0.039800995024876,0.027363184079602,0.062189054726368,0.064676616915423,0.111940298507463,0.034825870646766,0.044776119402985,0.017412935323383,0.054726368159204,0.052238805970149,0.079601990049751,0.049751243781095,0.067164179104478,0.007462686567164,0.027363184079602,0.5,0.0,0.125,0.375,1,96.8005224137931,1.49921820796802,97.51,1.25,0.272255040389602,1.15,3.46111399962984,0.596446093549566,3.28932476043701,0.717758620689655,0.395727369839602,0.97,1.07241379310345,0.197166866231996,1.0,1.42758620689655,0.390587997339987,1.3,0.9,1.0,0.0,0.702819531114783,1.0,0.142857142857143,0.875,1,Q09312
RNCMPT00163_min,0.040322580645161,0.008064516129032,0.080645161290323,0.044354838709677,0.028225806451613,0.141129032258065,0.012096774193548,0.028225806451613,0.032258064516129,0.024193548387097,0.012096774193548,0.028225806451613,0.068548387096774,0.004032258064516,0.173387096774194,0.112903225806452,0.028225806451613,0.068548387096774,0.004032258064516,0.060483870967742,0.2,0.233333333333333,0.266666666666667,0.3,0,66.9518655172414,7.6724676896064,70.5754,17.1655172413793,1.25250487939425,17.2,3.43541833450054,0.838858328592439,3.43944048881531,0.052068965517241,0.044431271994334,0.04,20.2793103448276,1.46247815865127,19.9,14.051724137931,1.84402910762105,14.2,17.8,10.1,-2.03999996185303,0.991935556609076,0.066666666666667,-0.2,0.5,0,Q07955
RNCMPT00133_min,0.098360655737705,0.0,0.032786885245902,0.054644808743169,0.043715846994536,0.07103825136612,0.032786885245902,0.010928961748634,0.049180327868852,0.098360655737705,0.032786885245902,0.07103825136612,0.081967213114754,0.032786885245902,0.032786885245902,0.114754098360656,0.065573770491803,0.049180327868852,0.005464480874317,0.021857923497268,0.342105263157895,0.105263157894737,0.368421052631579,0.184210526315789,1,80.9658458333333,10.5814063843433,85.97025,4.27604166666667,3.27896243292369,2.85,3.5388746658961,1.07238649929408,3.71689879894257,0.315208333333333,0.311673517010467,0.235,4.05833333333333,3.35862391611938,2.4,4.49375,3.33775349662843,3.25,1.4,1.8,-3.90000009536743,0.925803629102794,0.555555555555556,0.3,0.526315789473684,0,Q01617
4KRE,0.062578222778473,0.025031289111389,0.045056320400501,0.043804755944931,0.041301627033792,0.055068836045056,0.028785982478098,0.066332916145181,0.065081351689612,0.073842302878598,0.02252816020025,0.030037546933667,0.065081351689612,0.062578222778473,0.06883604505632,0.041301627033792,0.057571964956195,0.088861076345432,0.008760951188986,0.04755944931164,0.727272727272727,0.0,0.0,0.272727272727273,1,92.6678081081081,7.62949816281441,96.097,2.75225225225225,2.89586215288601,1.45,3.52400679738672,0.821338433663405,3.48619627952576,0.237927927927928,0.398777944856344,0.0,2.58108108108108,2.58792698764206,1.4,2.92342342342342,3.28882280555755,1.3,0.9,0.9,0.0,0.422675468311218,0.0,0.454545454545455,1.0,1,Q9UL18
RNCMPT00074_min,0.031674208144796,0.009049773755656,0.085972850678733,0.072398190045249,0.040723981900452,0.126696832579185,0.018099547511312,0.02262443438914,0.036199095022624,0.054298642533937,0.018099547511312,0.018099547511312,0.063348416289593,0.018099547511312,0.135746606334842,0.076923076923077,0.027149321266968,0.054298642533937,0.013574660633484,0.076923076923077,0.2,0.228571428571429,0.142857142857143,0.428571428571429,0,59.20714,9.22543529255809,61.1562,15.0928571428571,2.77833379122491,14.55,3.32302799224853,0.992824257398004,3.51782488822937,0.104285714285714,0.081142058227811,0.07,14.7028571428571,3.29004610322478,13.9,15.4828571428571,2.69438257843826,15.2,10.8,9.6,-1.80999994277954,0.938770814254659,-0.466666666666667,-0.3,0.571428571428571,0,Q13242
RNCMPT00142_min,0.047619047619048,0.005952380952381,0.047619047619048,0.095238095238095,0.023809523809524,0.053571428571429,0.041666666666667,0.077380952380952,0.101190476190476,0.077380952380952,0.041666666666667,0.035714285714286,0.05952380952381,0.023809523809524,0.077380952380952,0.05952380952381,0.023809523809524,0.05952380952381,0.0,0.047619047619048,0.076923076923077,0.153846153846154,0.333333333333333,0.435897435897436,1,86.402485106383,5.50419673897066,88.5163,2.62553191489362,1.76825486126692,2.0,3.50321786834839,1.04693059709952,3.68281674385071,0.425106382978723,0.382149938366022,0.36,2.67872340425532,2.60333700320693,1.8,2.57234042553191,1.07979509482518,2.2,1.4,1.4,-7.23000001907349,0.875300505026247,0.368421052631579,-0.7,0.512820512820513,0,A0A0Q5VZ90
2ZH8,0.052631578947368,0.013729977116705,0.034324942791762,0.14187643020595,0.073226544622426,0.061784897025172,0.018306636155606,0.045766590389016,0.082379862700229,0.089244851258581,0.016018306636156,0.032036613272311,0.041189931350114,0.006864988558352,0.091533180778032,0.041189931350114,0.025171624713959,0.08695652173913,0.013729977116705,0.032036613272311,0.058823529411765,0.38235294117647,0.411764705882353,0.147058823529412,1,96.90414,2.34920574570974,98.0298,1.34933333333333,0.596809837370315,1.05,3.68745459874471,0.673636075989233,3.57992196083069,0.261733333333333,0.383636135791044,0.01,1.33466666666667,0.528765347571862,1.1,1.364,0.742282819270245,1.0,0.9,0.9,-34.689998626709,0.852285454168148,0.037037037037037,-0.428571428571429,0.205882352941176,1,O28126
RNCMPT00139_min,0.083333333333333,0.009803921568627,0.058823529411765,0.073529411764706,0.063725490196078,0.075980392156863,0.009803921568627,0.036764705882353,0.090686274509804,0.068627450980392,0.026960784313725,0.053921568627451,0.029411764705882,0.036764705882353,0.061274509803922,0.063725490196078,0.044117647058824,0.073529411764706,0.002450980392157,0.036764705882353,0.236842105263158,0.184210526315789,0.263157894736842,0.31578947368421,1,71.2436025,6.51058159692063,72.16235,12.2708333333333,1.85193044106506,12.1,3.49479434390863,0.850560655721373,3.63748979568481,0.086083333333333,0.065891377808237,0.07,12.075,1.78905401978651,12.1,12.4666666666667,2.392542100587,12.45,8.2,7.6,-4.63000011444092,0.986863224815062,0.176470588235294,-0.142857142857143,0.552631578947368,0,P21187
3G0H,0.066176470588235,0.019607843137255,0.044117647058824,0.068627450980392,0.036764705882353,0.051470588235294,0.014705882352941,0.058823529411765,0.075980392156863,0.107843137254902,0.029411764705882,0.051470588235294,0.044117647058824,0.066176470588235,0.053921568627451,0.056372549019608,0.044117647058824,0.07843137254902,0.007352941176471,0.024509803921569,0.0,0.0,0.0,1.0,1,84.496962295082,6.1607628819047,86.7284,3.51393442622951,1.05214586867114,3.0,3.47667167225822,0.861510878033842,3.39038491249084,0.120491803278689,0.17533231523318,0.05,3.79344262295082,1.23731818226073,3.3,3.2344262295082,1.02190757016827,2.9,2.5,2.1,0.0,0.0,0.0,-1.0,1.0,1,Q9UMR2
4PDB,0.077519379844961,0.0,0.054263565891473,0.077519379844961,0.015503875968992,0.077519379844961,0.007751937984496,0.085271317829457,0.093023255813953,0.093023255813953,0.023255813953488,0.046511627906977,0.031007751937984,0.023255813953488,0.085271317829457,0.031007751937984,0.046511627906977,0.093023255813953,0.007751937984496,0.031007751937984,0.184210526315789,0.263157894736842,0.31578947368421,0.236842105263158,1,96.417775862069,2.33975119859719,97.63405,1.53793103448276,0.870032785469543,1.35,3.8358048118394,0.687865665767793,3.8209844827652,0.299137931034483,0.413306243379769,0.01,1.84137931034483,1.547837708837,1.5,1.23448275862069,0.235864757664315,1.2,1.0,0.9,-27.0200004577637,0.986863224815062,0.090909090909091,-0.125,0.421052631578947,1,W0CSD8
RNCMPT00259_min,0.068548387096774,0.012096774193548,0.028225806451613,0.060483870967742,0.056451612903226,0.048387096774194,0.024193548387097,0.07258064516129,0.040322580645161,0.056451612903226,0.024193548387097,0.048387096774194,0.080645161290323,0.07258064516129,0.07258064516129,0.100806451612903,0.05241935483871,0.044354838709677,0.004032258064516,0.032258064516129,0.342105263157895,0.078947368421053,0.31578947368421,0.263157894736842,1,62.5120191780822,5.91681942079004,63.3107,19.6452054794521,3.53045445201426,18.2,3.5313944685949,0.828990784258977,3.5983030796051,0.022876712328767,0.029789980234543,0.01,19.786301369863,3.2318430873494,18.5,19.5041095890411,3.9625832748405,18.9,15.2,13.5,-5.55000019073486,0.8913990575894,0.428571428571429,0.111111111111111,0.3,0,A2DLE8
2ZH9,0.052631578947368,0.013729977116705,0.034324942791762,0.14187643020595,0.073226544622426,0.061784897025172,0.018306636155606,0.045766590389016,0.082379862700229,0.089244851258581,0.016018306636156,0.032036613272311,0.041189931350114,0.006864988558352,0.091533180778032,0.041189931350114,0.025171624713959,0.08695652173913,0.013729977116705,0.032036613272311,0.060606060606061,0.363636363636364,0.393939393939394,0.181818181818182,1,97.4832375,1.94340137898512,98.15915,1.15,0.407275110794922,1.0,3.62672371417284,0.653435214560124,3.5538843870163,0.25140625,0.394501361727386,0.0,1.228125,0.557906731125303,1.05,1.071875,0.300512129010693,1.0,0.9,0.8,-34.689998626709,0.876211584697181,0.04,-0.5,0.242424242424242,1,O28126
5YTX,0.067567567567568,0.0,0.054054054054054,0.081081081081081,0.054054054054054,0.121621621621622,0.013513513513514,0.040540540540541,0.121621621621622,0.027027027027027,0.0,0.067567567567568,0.013513513513514,0.013513513513514,0.040540540540541,0.013513513513514,0.081081081081081,0.148648648648649,0.013513513513514,0.027027027027027,0.5,0.5,0.0,0.0,0,97.8155956521739,0.865941534074202,98.224,1.07826086956522,0.174399024546715,1.05,3.57205823193426,0.443737982420669,3.53271007537842,0.581304347826087,0.419537671380664,0.8,1.01739130434783,0.166929963302642,1.0,1.13913043478261,0.212643813228478,1.1,0.8,0.9,0.0,0.5,-1.0,1.0,0.5,1,P67809
RNCMPT00018_min,0.039106145251397,0.0,0.067039106145251,0.039106145251397,0.055865921787709,0.279329608938547,0.005586592178771,0.044692737430168,0.055865921787709,0.016759776536313,0.016759776536313,0.055865921787709,0.044692737430168,0.027932960893855,0.089385474860335,0.06145251396648,0.044692737430168,0.027932960893855,0.005586592178771,0.022346368715084,0.289473684210526,0.131578947368421,0.394736842105263,0.184210526315789,1,63.2183882352941,7.80780738758811,66.4138,13.1926470588235,1.98143399070889,12.925,3.55698420720942,0.999576196987126,3.39781033992767,0.090588235294118,0.0922756468897,0.065,13.6323529411765,2.28323542213016,13.05,12.7529411764706,2.57131440201518,12.35,11.1,8.2,-5.96999979019165,0.940829129511555,0.5,0.222222222222222,0.473684210526316,0,P35637
RNCMPT00081_min,0.155642023346304,0.011673151750973,0.042801556420233,0.033073929961089,0.035019455252918,0.050583657587549,0.036964980544747,0.025291828793774,0.046692607003891,0.085603112840467,0.040856031128405,0.035019455252918,0.040856031128405,0.132295719844358,0.035019455252918,0.070038910505837,0.044747081712062,0.050583657587549,0.0,0.027237354085603,0.285714285714286,0.285714285714286,0.257142857142857,0.171428571428571,0,57.7212474576271,8.56652142278062,58.7132,17.9360169491525,3.23631824680177,17.1,3.67987407314575,0.91746243716627,3.74240708351135,0.078813559322034,0.074491661800642,0.06,17.9932203389831,3.60905150817256,16.4,17.878813559322,3.26229041491826,17.85,13.4,8.1,-3.64000010490417,0.986389195400269,-0.052631578947368,0.25,0.457142857142857,0,A0A0K3AR68
RNCMPT00070_min,0.046783625730994,0.0,0.070175438596491,0.099415204678363,0.023391812865497,0.099415204678363,0.035087719298246,0.035087719298246,0.070175438596491,0.035087719298246,0.023391812865497,0.023391812865497,0.058479532163743,0.017543859649123,0.163742690058479,0.035087719298246,0.052631578947368,0.058479532163743,0.011695906432749,0.04093567251462,0.31578947368421,0.368421052631579,0.157894736842105,0.157894736842105,1,70.968895049505,13.1344769560373,75.4376,6.32326732673267,4.35187640194684,4.25,3.38503560453358,0.914644933648484,3.40936303138733,0.28970297029703,0.278669895918252,0.16,6.48415841584158,4.58590738400302,4.3,6.16237623762376,4.41777888729503,4.5,1.8,2.2,-3.11999988555908,0.94841021822029,-0.4,0.333333333333333,0.473684210526316,0,P08621
RNCMPT00117_min,0.070769230769231,0.009230769230769,0.049230769230769,0.046153846153846,0.055384615384615,0.089230769230769,0.024615384615385,0.058461538461538,0.052307692307692,0.067692307692308,0.030769230769231,0.070769230769231,0.036923076923077,0.036923076923077,0.061538461538462,0.086153846153846,0.049230769230769,0.067692307692308,0.006153846153846,0.030769230769231,0.228571428571429,0.285714285714286,0.228571428571429,0.257142857142857,0,75.1796287878788,11.6337031519248,76.1959,7.88106060606061,5.70521901922858,5.725,3.4511556381529,0.919331024194516,3.44461047649384,0.224318181818182,0.32481161464826,0.06,6.86136363636364,4.73957913110876,5.5,8.90075757575758,6.79585073467314,6.2,1.4,1.3,-4.98999977111816,0.931225233564083,-0.36,0.076923076923077,0.342105263157895,0,Q15717
RNCMPT00134_min,0.037344398340249,0.0,0.066390041493776,0.070539419087137,0.020746887966805,0.132780082987552,0.012448132780083,0.020746887966805,0.045643153526971,0.058091286307054,0.012448132780083,0.037344398340249,0.016597510373444,0.012448132780083,0.182572614107884,0.128630705394191,0.024896265560166,0.062240663900415,0.004149377593361,0.053941908713693,0.263157894736842,0.289473684210526,0.157894736842105,0.289473684210526,0,63.8268675675676,8.10429712995431,66.316,13.6418918918919,4.20435477797713,11.95,3.4724722069663,0.99460201140683,3.7327241897583,0.09972972972973,0.080397847072007,0.08,13.8108108108108,4.42799075226023,11.9,13.472972972973,4.18938132853956,12.2,10.0,9.4,-3.84999990463257,0.981377551942568,-0.294117647058823,-0.047619047619048,0.552631578947368,0,P26686
RNCMPT00002_min,0.067484662576687,0.006134969325153,0.03680981595092,0.05521472392638,0.012269938650307,0.073619631901841,0.01840490797546,0.073619631901841,0.085889570552147,0.073619631901841,0.012269938650307,0.05521472392638,0.05521472392638,0.030674846625767,0.067484662576687,0.110429447852761,0.079754601226994,0.067484662576687,0.006134969325153,0.012269938650307,0.31578947368421,0.236842105263158,0.31578947368421,0.131578947368421,0,69.6848058823529,4.94865762593779,71.48565,8.63823529411765,1.54537721312235,8.275,3.70699511205449,0.841402791406981,3.89460873603821,0.111176470588235,0.087447463219521,0.1,7.37941176470588,1.78678302624793,6.7,9.89705882352941,1.8010914694383,10.1,5.4,6.9,-3.89000010490417,0.973142269226386,0.222222222222222,0.3,0.526315789473684,0,Q8IWZ3
2ZH4,0.052631578947368,0.013729977116705,0.034324942791762,0.14187643020595,0.073226544622426,0.061784897025172,0.018306636155606,0.045766590389016,0.082379862700229,0.089244851258581,0.016018306636156,0.032036613272311,0.041189931350114,0.006864988558352,0.091533180778032,0.041189931350114,0.025171624713959,0.08695652173913,0.013729977116705,0.032036613272311,0.058823529411765,0.38235294117647,0.411764705882353,0.147058823529412,0,96.6847829268293,2.09284490030721,97.5666,1.46280487804878,0.687804297442847,1.1,3.67271137528303,0.741841430031429,3.58631372451782,0.22780487804878,0.354366150845139,0.01,1.4,0.551541050932927,1.2,1.52560975609756,0.896055963806956,1.1,0.9,0.8,-34.689998626709,0.852285454168148,0.037037037037037,-0.428571428571429,0.205882352941176,1,O28126
RNCMPT00083_min,0.089506172839506,0.0,0.040123456790123,0.083333333333333,0.021604938271605,0.12037037037037,0.006172839506173,0.009259259259259,0.049382716049383,0.012345679012346,0.012345679012346,0.064814814814815,0.108024691358025,0.074074074074074,0.12037037037037,0.046296296296296,0.040123456790123,0.049382716049383,0.003086419753086,0.049382716049383,0.133333333333333,0.333333333333333,0.366666666666667,0.166666666666667,1,62.1119655172414,8.40203077071988,64.7765,13.3568965517241,4.15849846674045,12.175,3.6791428553647,0.932294635314837,3.70349192619324,0.072241379310345,0.085122061037413,0.04,14.3137931034483,4.13357872542061,12.8,12.4,4.35841593628743,11.2,9.2,6.8,-3.67000007629394,0.882357082908222,0.066666666666667,-0.652173913043478,0.605263157894737,0,P67809
RNCMPT00283_min,0.062068965517241,0.006896551724138,0.055172413793103,0.027586206896552,0.041379310344828,0.082758620689655,0.020689655172414,0.048275862068966,0.055172413793103,0.075862068965517,0.027586206896552,0.027586206896552,0.068965517241379,0.068965517241379,0.048275862068966,0.055172413793103,0.096551724137931,0.068965517241379,0.0,0.062068965517241,0.342105263157895,0.210526315789474,0.342105263157895,0.105263157894737,1,71.907605,8.4319171206623,74.8766,8.96875,3.21159133612239,7.575,3.43734796196222,0.987590332788078,3.50642681121826,0.196,0.170441357687201,0.165,8.4975,3.55473591647782,7.15,9.44,2.99373705232466,8.55,4.2,5.9,-5.05999994277954,0.936971221568261,0.238095238095238,0.529411764705882,0.447368421052632,0,A8KBR7
6FQ3,0.051282051282051,0.017948717948718,0.069230769230769,0.038461538461538,0.071794871794872,0.135897435897436,0.035897435897436,0.043589743589744,0.043589743589744,0.061538461538462,0.012820512820513,0.051282051282051,0.046153846153846,0.046153846153846,0.058974358974359,0.066666666666667,0.035897435897436,0.087179487179487,0.007692307692308,0.017948717948718,0.230769230769231,0.384615384615385,0.230769230769231,0.153846153846154,1,96.3154576923077,1.18417534214257,96.76995,1.57692307692308,0.163236496673244,1.5,3.46746506140782,0.706096191661843,3.39159023761749,0.123076923076923,0.233336996308245,0.0,1.58076923076923,0.154968979526177,1.5,1.57307692307692,0.208916619363214,1.5,1.3,1.3,-5.57999992370606,0.961011571425786,-0.25,0.2,0.384615384615385,1,E7FAM5
5Z9X,0.045138888888889,0.017361111111111,0.09375,0.079861111111111,0.027777777777778,0.038194444444444,0.03125,0.034722222222222,0.079861111111111,0.128472222222222,0.024305555555556,0.038194444444444,0.038194444444444,0.03125,0.041666666666667,0.065972222222222,0.048611111111111,0.107638888888889,0.006944444444444,0.020833333333333,0.222222222222222,0.333333333333333,0.222222222222222,0.222222222222222,1,94.1175029411765,3.72268311526213,95.1653,1.65147058823529,0.705872047607485,1.375,3.60979824206408,0.771153829654942,3.49839985370636,0.296764705882353,0.418001889137643,0.025,1.68823529411765,0.682581865833735,1.4,1.61470588235294,0.882191607353846,1.3,1.0,1.0,0.0,0.987468750600963,-0.2,0.0,0.444444444444444,1,A3KPE8
RNCMPT00049_min,0.076175040518639,0.014586709886548,0.06645056726094,0.113452188006483,0.038897893030794,0.063209076175041,0.016207455429498,0.030794165316045,0.126418152350081,0.087520259319287,0.019448946515397,0.034035656401945,0.035656401944895,0.047001620745543,0.058346839546191,0.058346839546191,0.040518638573744,0.063209076175041,0.00162074554295,0.008103727714749,0.289473684210526,0.263157894736842,0.263157894736842,0.184210526315789,1,60.8962255506608,13.327239075052,60.3117,20.0213656387665,7.06004865881473,22.65,3.47695663453199,1.05874713070971,3.57875108718872,0.075374449339207,0.146550954197281,0.02,20.2237885462555,7.29580178160738,22.6,19.8189427312775,6.93252196708668,22.6,3.8,2.7,-5.96000003814697,0.990492780969678,0.0,0.222222222222222,0.473684210526316,0,Q9NW13
4JGN,0.04,0.016,0.048,0.056,0.064,0.08,0.032,0.032,0.04,0.088,0.016,0.04,0.04,0.04,0.08,0.112,0.064,0.048,0.032,0.032,0.0,0.3,0.3,0.4,1,78.1528594594595,6.60777784363328,77.8029,6.50135135135135,1.63263107719847,6.75,3.68053636357591,0.814040324302884,3.78238773345947,0.087567567567568,0.095609315137915,0.04,6.52972972972973,2.2230940482011,7.0,6.47297297297297,1.32154132416337,6.5,3.1,4.0,-6.19000005722046,0.785475297227334,0.0,-1.0,0.4,1,P69517
7DOL,0.060176991150442,0.008849557522124,0.070796460176991,0.053097345132743,0.044247787610619,0.028318584070796,0.026548672566372,0.093805309734513,0.063716814159292,0.104424778761062,0.015929203539823,0.079646017699115,0.03716814159292,0.038938053097345,0.03716814159292,0.058407079646018,0.069026548672566,0.065486725663717,0.007079646017699,0.03716814159292,1.0,0.0,0.0,0.0,0,94.483292,4.6621471155426,96.2343,1.90866666666667,1.68563832911351,1.6,3.62055055618286,0.677500984943225,3.5241687297821,0.234133333333333,0.382668769809332,0.0,2.05866666666667,2.49443127533861,1.6,1.75866666666667,0.903311226084992,1.6,1.2,1.2,0.0,0.0,0.0,1.0,1.0,1,P47350
6TQB,0.084967320261438,0.013071895424837,0.045751633986928,0.065359477124183,0.032679738562092,0.03921568627451,0.032679738562092,0.03921568627451,0.052287581699346,0.137254901960784,0.026143790849673,0.013071895424837,0.032679738562092,0.098039215686275,0.071895424836601,0.098039215686275,0.019607843137255,0.065359477124183,0.013071895424837,0.019607843137255,0.368421052631579,0.105263157894737,0.105263157894737,0.421052631578947,1,94.9605358974359,2.69290040217715,95.877,1.58974358974359,0.576762685756899,1.35,3.68477276044014,0.894054807995083,3.76532435417175,0.337948717948718,0.407374000456967,0.01,1.75128205128205,0.817850776143048,1.4,1.42820512820513,0.373425619979695,1.3,1.0,1.0,-6.92999982833862,0.869977323711181,0.0,-0.066666666666667,0.789473684210526,1,Q4VGL6
2ZH5,0.052631578947368,0.013729977116705,0.034324942791762,0.14187643020595,0.073226544622426,0.061784897025172,0.018306636155606,0.045766590389016,0.082379862700229,0.089244851258581,0.016018306636156,0.032036613272311,0.041189931350114,0.006864988558352,0.091533180778032,0.041189931350114,0.025171624713959,0.08695652173913,0.013729977116705,0.032036613272311,0.058823529411765,0.38235294117647,0.38235294117647,0.176470588235294,1,97.0582413333333,2.30311950072501,98.1364,1.25133333333333,0.443646844373453,1.05,3.59243336677551,0.645368586234637,3.53404545783997,0.2708,0.378163270902212,0.0,1.31066666666667,0.516634988857425,1.1,1.192,0.421631323519699,1.0,0.9,0.9,-34.689998626709,0.871360719507591,0.0,-0.5,0.235294117647059,1,O28126
RNCMPT00055_min,0.071428571428571,0.010989010989011,0.084249084249084,0.058608058608059,0.023809523809524,0.062271062271062,0.016483516483516,0.036630036630037,0.053113553113553,0.049450549450549,0.018315018315018,0.027472527472527,0.051282051282051,0.071428571428571,0.06959706959707,0.119047619047619,0.06043956043956,0.043956043956044,0.007326007326007,0.064102564102564,0.166666666666667,0.333333333333333,0.233333333333333,0.266666666666667,1,65.510981,6.98758588129143,66.1888,10.8005,3.56807884107983,10.15,3.44362855017185,1.0290664904538,3.5714203119278,0.0727,0.088029551970926,0.04,10.114,4.03287049686008,8.9,11.487,3.49752163335091,11.2,4.6,5.5,-3.01999998092651,0.982848200563012,0.222222222222222,0.2,0.526315789473684,0,P52756
4YCP,0.094155844155844,0.016233766233766,0.051948051948052,0.071428571428571,0.016233766233766,0.071428571428571,0.019480519480519,0.058441558441558,0.042207792207792,0.11038961038961,0.019480519480519,0.035714285714286,0.048701298701299,0.061688311688312,0.068181818181818,0.035714285714286,0.032467532467532,0.094155844155844,0.025974025974026,0.025974025974026,0.193548387096774,0.241935483870968,0.32258064516129,0.241935483870968,1,88.1194810344828,4.27174239270511,88.6089,2.8801724137931,1.26431937362515,2.475,3.72197168654409,0.781812825125735,3.63346540927887,0.327931034482759,0.353701026593006,0.175,2.81896551724138,1.76341543567875,2.3,2.94137931034483,1.03398979986801,2.65,1.3,1.7,-22.4699993133545,0.987865657010723,0.142857142857143,-0.111111111111111,0.435483870967742,1,P33371
7CGF,0.055393586005831,0.02332361516035,0.055393586005831,0.06997084548105,0.043731778425656,0.034985422740525,0.040816326530612,0.072886297376093,0.067055393586006,0.067055393586006,0.029154518950437,0.040816326530612,0.032069970845481,0.072886297376093,0.061224489795918,0.058309037900875,0.02332361516035,0.104956268221574,0.002915451895044,0.043731778425656,0.375,0.0,0.25,0.375,0,96.8503271186441,1.35613730560947,97.1281,1.17881355932203,0.206615457793413,1.15,3.3905013981512,0.632120679372431,3.27727293968201,0.682881355932203,0.405071517088959,0.96,1.06949152542373,0.192312817447329,1.0,1.28813559322034,0.250575025424427,1.2,0.8,0.9,0.0,0.780639062229566,1.0,0.0,0.75,1,Q09487
3O3I,0.018518518518519,0.009259259259259,0.064814814814815,0.083333333333333,0.055555555555556,0.037037037037037,0.018518518518519,0.037037037037037,0.092592592592593,0.101851851851852,0.018518518518519,0.046296296296296,0.046296296296296,0.074074074074074,0.018518518518519,0.055555555555556,0.074074074074074,0.074074074074074,0.009259259259259,0.064814814814815,0.214285714285714,0.214285714285714,0.214285714285714,0.357142857142857,1,82.33324375,3.22389902176547,83.2885,4.58125,1.0027985035438,4.9,3.52453852444887,0.730163598054215,3.65697181224823,0.265,0.28168845751428,0.15,4.76875,1.41043061372371,4.8,4.39375,1.05797661416925,4.3,2.9,2.4,-5.46999979019165,0.979595211709973,0.0,-0.25,0.571428571428571,1,Q96J94
4AL6,0.076433121019108,0.006369426751592,0.063694267515924,0.044585987261146,0.070063694267516,0.089171974522293,0.044585987261146,0.025477707006369,0.012738853503185,0.133757961783439,0.012738853503185,0.0,0.082802547770701,0.057324840764331,0.095541401273885,0.050955414012739,0.038216560509554,0.063694267515924,0.012738853503185,0.019108280254777,0.1875,0.3125,0.3125,0.1875,1,90.599759375,2.90986082217438,90.81095,2.178125,0.601468297504719,2.075,3.8123928681016,0.860931902444114,3.77604055404663,0.3528125,0.427318981671507,0.055,2.421875,0.957393765689251,2.35,1.934375,0.344176787843577,1.85,1.3,1.3,-10.0,0.977217001462483,0.0,0.0,0.375,1,Q02MM2
RNCMPT00025_min,0.099236641221374,0.00763358778626,0.061068702290076,0.045801526717557,0.045801526717557,0.076335877862595,0.015267175572519,0.038167938931298,0.068702290076336,0.053435114503817,0.030534351145038,0.068702290076336,0.038167938931298,0.022900763358779,0.061068702290076,0.099236641221374,0.030534351145038,0.106870229007634,0.0,0.030534351145038,0.285714285714286,0.142857142857143,0.342857142857143,0.228571428571429,0,82.76595,13.4643574961641,88.04725,5.76923076923077,4.84870261448777,3.325,3.48570295365957,0.918780075532852,3.5368161201477,0.356346153846154,0.35273735630627,0.19,5.92307692307692,5.30758300978247,2.95,5.61538461538462,4.6531197468561,3.45,1.3,1.4,-4.76000022888184,0.966806202301564,0.411764705882353,0.111111111111111,0.514285714285714,0,P07910
RNCMPT00265_min,0.076712328767123,0.005479452054795,0.052054794520548,0.076712328767123,0.005479452054795,0.117808219178082,0.019178082191781,0.079452054794521,0.046575342465753,0.063013698630137,0.03013698630137,0.046575342465753,0.038356164383562,0.043835616438356,0.06027397260274,0.071232876712329,0.073972602739726,0.063013698630137,0.005479452054795,0.024657534246575,0.102564102564102,0.128205128205128,0.435897435897436,0.333333333333333,1,72.89552,12.8363848794178,74.31575,11.5496428571429,6.31222548068535,10.5,3.53055764564446,0.928848612220638,3.61989974975586,0.2265,0.24786258957203,0.105,10.88,5.71163396848293,11.15,12.2192857142857,7.26924037305366,10.45,2.7,2.2,-4.57000017166138,0.949308682562995,0.5,-0.157894736842105,0.542857142857143,0,Q5B4I4
5WWW,0.106382978723404,0.021276595744681,0.01063829787234,0.085106382978723,0.021276595744681,0.053191489361702,0.085106382978723,0.063829787234043,0.074468085106383,0.042553191489362,0.031914893617021,0.021276595744681,0.042553191489362,0.021276595744681,0.085106382978723,0.063829787234043,0.063829787234043,0.095744680851064,0.0,0.01063829787234,0.166666666666667,0.0,0.333333333333333,0.5,1,94.9253204545455,2.39023087496133,94.90405,1.58863636363636,0.776610377632783,1.275,3.46568841013041,0.723158046200034,3.4796130657196,0.541363636363636,0.417331449943628,0.595,1.59545454545455,0.971442117978992,1.2,1.58181818181818,0.639502978254689,1.35,0.9,1.0,0.0,0.729573958513622,1.0,-0.5,0.666666666666667,1,Q5U5Q3
5EX7,0.04014598540146,0.021897810218978,0.054744525547445,0.047445255474453,0.062043795620438,0.087591240875912,0.032846715328467,0.094890510948905,0.058394160583942,0.047445255474453,0.014598540145985,0.076642335766423,0.021897810218978,0.072992700729927,0.054744525547445,0.04014598540146,0.032846715328467,0.098540145985401,0.0,0.04014598540146,0.0,0.0,0.285714285714286,0.714285714285714,1,94.8766636363636,1.47508078392746,94.8652,1.91704545454545,0.365828651880902,1.875,3.50411837751215,0.759901903998996,3.33655512332916,0.3825,0.296429331944748,0.335,1.66590909090909,0.313230119596456,1.6,2.16818181818182,0.450205496889115,2.1,1.2,1.5,0.0,0.431560284283315,1.0,-1.0,0.714285714285714,1,Q8MQJ9
5ZC9,0.063492063492063,0.010582010582011,0.068783068783069,0.068783068783069,0.037037037037037,0.055555555555556,0.013227513227513,0.087301587301587,0.052910052910053,0.095238095238095,0.03968253968254,0.034391534391534,0.026455026455026,0.052910052910053,0.071428571428571,0.047619047619048,0.066137566137566,0.071428571428571,0.005291005291005,0.031746031746032,0.5,0.0,0.5,0.0,0,82.8008571428572,6.76131543979124,84.6816,5.2015873015873,1.07418266955769,4.9,3.52904944382017,0.802516283184364,3.49205636978149,0.072698412698413,0.068631939080547,0.06,4.62698412698413,1.20472274272579,4.2,5.77619047619048,1.25270214848186,5.6,3.4,3.3,0.0,0.5,1.0,1.0,0.5,1,P60842
1VBY,0.063157894736842,0.0,0.052631578947368,0.042105263157895,0.063157894736842,0.031578947368421,0.021052631578947,0.105263157894737,0.11578947368421,0.073684210526316,0.042105263157895,0.052631578947368,0.042105263157895,0.042105263157895,0.063157894736842,0.084210526315789,0.042105263157895,0.031578947368421,0.0,0.031578947368421,0.136986301369863,0.342465753424657,0.342465753424657,0.178082191780822,1,96.6712525423729,1.83116902272234,97.3088,1.29322033898305,0.456887674560608,1.2,3.56033968117277,0.681606822417105,3.39200234413147,0.492542372881356,0.461637240849457,0.49,1.35254237288136,0.726910308986958,1.2,1.23389830508475,0.236796267365972,1.2,0.9,1.0,-42.9500007629395,0.947530041265734,0.0,-0.130434782608696,0.315068493150685,1,P09012
RNCMPT00241_min,0.060924369747899,0.014705882352941,0.054621848739496,0.071428571428571,0.052521008403361,0.071428571428571,0.016806722689076,0.046218487394958,0.067226890756303,0.069327731092437,0.01890756302521,0.033613445378151,0.05672268907563,0.052521008403361,0.060924369747899,0.090336134453782,0.035714285714286,0.084033613445378,0.004201680672269,0.03781512605042,0.236842105263158,0.210526315789474,0.236842105263158,0.31578947368421,1,64.382158,14.4108179041074,71.2663,10.285,5.4779544260497,7.9,3.350138194561,0.820302262715034,3.33544039726257,0.185,0.179548754108851,0.135,12.04,5.47636852712616,9.7,8.53,5.84221966484015,6.1,6.6,3.4,-6.48000001907349,0.991355861529484,-0.142857142857143,0.058823529411765,0.447368421052632,0,Q8BHN5
RNCMPT00022_min,0.044247787610619,0.008849557522124,0.061946902654867,0.079646017699115,0.061946902654867,0.132743362831858,0.035398230088496,0.035398230088496,0.070796460176991,0.035398230088496,0.02212389380531,0.035398230088496,0.026548672566372,0.030973451327434,0.084070796460177,0.084070796460177,0.053097345132743,0.075221238938053,0.004424778761062,0.017699115044248,0.236842105263158,0.368421052631579,0.157894736842105,0.236842105263158,1,77.4749459770115,8.12896185975776,78.783,7.83275862068966,4.59566167760552,5.95,3.55916020925018,0.842024914269033,3.57503199577332,0.292873563218391,0.286794262397511,0.21,7.22183908045977,4.55897849858364,4.9,8.44367816091954,4.74608041831106,7.1,1.7,2.4,-3.58999991416931,0.994985417684099,-0.1,0.111111111111111,0.473684210526316,0,P09651
5BZV,0.032967032967033,0.024725274725275,0.057692307692308,0.041208791208791,0.071428571428571,0.032967032967033,0.008241758241758,0.118131868131868,0.07967032967033,0.14010989010989,0.008241758241758,0.068681318681319,0.024725274725275,0.06043956043956,0.019230769230769,0.06043956043956,0.057692307692308,0.06043956043956,0.0,0.032967032967033,0.333333333333333,0.111111111111111,0.111111111111111,0.444444444444444,0,95.8085721311475,1.54951153057248,96.1786,1.24918032786885,0.222203323422245,1.25,3.47534080802417,0.644402817489185,3.33938002586365,0.710327868852459,0.394989312990933,0.97,1.12786885245902,0.203413493112743,1.1,1.37049180327869,0.271627356437137,1.3,0.9,1.0,0.0,0.876357639489852,0.0,-0.142857142857143,0.777777777777778,1,P39016
4N0T,0.052341597796143,0.019283746556474,0.044077134986226,0.071625344352617,0.052341597796143,0.038567493112948,0.016528925619835,0.079889807162534,0.079889807162534,0.107438016528926,0.019283746556474,0.077134986225895,0.027548209366391,0.033057851239669,0.071625344352617,0.077134986225895,0.046831955922865,0.055096418732782,0.002754820936639,0.027548209366391,0.338461538461538,0.2,0.230769230769231,0.230769230769231,1,90.9658125874126,5.90171138092876,92.8512,2.11923076923077,1.50090258146443,1.55,3.63644331526923,0.758773211707121,3.57268261909485,0.466223776223776,0.405472779510127,0.47,2.4048951048951,2.17865214409641,1.6,1.83356643356643,0.938979372191195,1.5,1.0,0.9,-20.9099998474121,0.984876754097994,0.071428571428571,0.189189189189189,0.569230769230769,1,P49960
RNCMPT00180_min,0.153465346534653,0.0,0.027227722772277,0.032178217821782,0.032178217821782,0.04950495049505,0.022277227722772,0.037128712871287,0.022277227722772,0.074257425742574,0.037128712871287,0.032178217821782,0.071782178217822,0.185643564356436,0.044554455445545,0.061881188118812,0.051980198019802,0.051980198019802,0.0,0.012376237623762,0.2,0.428571428571429,0.142857142857143,0.228571428571429,1,71.1286094339623,7.19059655841369,73.7314,7.02735849056604,1.14981461874278,6.8,3.30247189301365,1.16309634983303,3.43148016929626,0.294716981132075,0.289645697186068,0.14,7.18867924528302,1.53806326484847,7.1,6.86603773584906,1.18483095130234,6.9,5.0,4.5,-3.38000011444092,0.990492780969678,-0.222222222222222,0.0,0.526315789473684,0,Q86G94
RNCMPT00182_min,0.069327731092437,0.008403361344538,0.039915966386555,0.025210084033613,0.027310924369748,0.092436974789916,0.052521008403361,0.029411764705882,0.033613445378151,0.069327731092437,0.03781512605042,0.07563025210084,0.071428571428571,0.128151260504202,0.03781512605042,0.086134453781513,0.042016806722689,0.033613445378151,0.0,0.039915966386555,0.210526315789474,0.394736842105263,0.263157894736842,0.131578947368421,1,61.4902836363636,10.1735994259427,63.2604,13.6218181818182,5.13597301932349,12.45,3.50447145592083,0.889244268864198,3.60165047645569,0.076181818181818,0.110411535043704,0.03,13.2545454545455,5.42773461310546,11.2,13.9890909090909,5.15330432388244,13.5,7.3,7.4,-2.47000002861023,0.982030026212329,-0.111111111111111,0.294117647058823,0.485714285714286,0,D5MCR3
2DVI,0.053364269141531,0.013921113689095,0.034802784222738,0.1415313225058,0.074245939675174,0.062645011600928,0.016241299303944,0.046403712296984,0.081206496519722,0.088167053364269,0.013921113689095,0.032482598607889,0.039443155452436,0.006960556844548,0.092807424593968,0.041763341067285,0.025522041763341,0.088167053364269,0.013921113689095,0.032482598607889,0.058823529411765,0.411764705882353,0.38235294117647,0.147058823529412,1,96.4871231707317,2.42948187949404,97.3082,1.63292682926829,0.942914431011412,1.175,3.61633998300971,0.710593277983041,3.50271642208099,0.304756097560976,0.422795592002426,0.0,1.7280487804878,1.15579852042357,1.3,1.53780487804878,0.791566698390352,1.15,0.9,0.9,-34.689998626709,0.852285454168148,-0.037037037037037,-0.428571428571429,0.205882352941176,1,O28126
5EN1,0.059782608695652,0.005434782608696,0.065217391304348,0.103260869565217,0.059782608695652,0.081521739130435,0.03804347826087,0.048913043478261,0.092391304347826,0.043478260869565,0.021739130434783,0.016304347826087,0.027173913043478,0.032608695652174,0.08695652173913,0.054347826086957,0.054347826086957,0.076086956521739,0.005434782608696,0.027173913043478,0.285714285714286,0.142857142857143,0.428571428571429,0.142857142857143,1,94.377425,1.5130580553903,94.927,1.60714285714286,0.216330630745953,1.55,3.49082756893975,0.669464564255347,3.48433208465576,0.483214285714286,0.4436469531594,0.45,1.43928571428571,0.275330489243161,1.4,1.775,0.235112266327765,1.8,1.1,1.3,0.0,0.921185496588554,0.5,0.333333333333333,0.428571428571429,1,P22626
RNCMPT00274_min,0.070769230769231,0.009230769230769,0.049230769230769,0.046153846153846,0.055384615384615,0.089230769230769,0.024615384615385,0.058461538461538,0.052307692307692,0.067692307692308,0.030769230769231,0.070769230769231,0.036923076923077,0.036923076923077,0.061538461538462,0.086153846153846,0.049230769230769,0.067692307692308,0.006153846153846,0.030769230769231,0.285714285714286,0.342857142857143,0.228571428571429,0.142857142857143,1,63.461058,8.73058003562307,63.94805,15.2215,3.50887226840186,14.025,3.47988567173481,1.00451103267725,3.61190676689148,0.1044,0.116413751834401,0.05,15.444,3.08611487966749,15.1,14.999,4.23738758380131,13.35,9.5,9.4,-3.53999996185303,0.962298943521553,0.263157894736842,0.368421052631579,0.5,0,Q15717
1QTQ,0.066162570888469,0.01890359168242,0.066162570888469,0.081285444234405,0.045368620037807,0.058601134215501,0.030245746691871,0.066162570888469,0.052930056710775,0.075614366729679,0.020793950850662,0.051039697542533,0.049149338374291,0.028355387523629,0.071833648393195,0.049149338374291,0.051039697542533,0.062381852551985,0.013232514177694,0.041587901701323,0.202702702702703,0.310810810810811,0.283783783783784,0.202702702702703,1,95.803873943662,2.32410763189561,96.5207,1.42781690140845,0.615247302174405,1.325,3.66909746133106,0.712931245267894,3.60827565193176,0.344084507042253,0.411563624390429,0.09,1.5669014084507,1.02981936245576,1.3,1.2887323943662,0.286850985989277,1.2,1.0,0.9,-33.9099998474121,0.986569191355551,-0.045454545454546,0.0,0.405405405405405,1,P00962
RNCMPT00065_min,0.043010752688172,0.010752688172043,0.064516129032258,0.075268817204301,0.021505376344086,0.080645161290323,0.026881720430108,0.064516129032258,0.091397849462366,0.075268817204301,0.016129032258065,0.043010752688172,0.075268817204301,0.053763440860215,0.091397849462366,0.032258064516129,0.048387096774194,0.064516129032258,0.005376344086022,0.016129032258065,0.342105263157895,0.289473684210526,0.289473684210526,0.078947368421053,0,57.7469906666667,8.60769782575494,53.9572,12.2093333333333,7.21206615320452,11.9,3.7520964606603,0.744893518576297,3.88183283805847,0.177333333333333,0.199867072943111,0.1,12.4026666666667,7.07173615544671,13.6,12.016,7.5994494821949,9.9,3.1,2.7,-5.48000001907349,0.927015079774185,0.0,0.625,0.421052631578947,0,A0A6P8KDB1
2ANN,0.081081081081081,0.006756756756757,0.02027027027027,0.067567567567568,0.02027027027027,0.101351351351351,0.006756756756757,0.114864864864865,0.081081081081081,0.060810810810811,0.013513513513514,0.033783783783784,0.047297297297297,0.081081081081081,0.033783783783784,0.060810810810811,0.060810810810811,0.081081081081081,0.006756756756757,0.02027027027027,0.217391304347826,0.391304347826087,0.304347826086956,0.08695652173913,1,93.8451294117647,2.33362529976747,94.72845,1.86764705882353,0.54228505767628,1.725,3.61769946182475,0.589958942610075,3.69035470485687,0.572941176470588,0.361382273984335,0.63,1.88529411764706,0.556576305281417,1.7,1.85,0.552268050859363,1.7,1.3,1.2,-4.78999996185303,0.918510327119357,-0.125,0.428571428571429,0.304347826086957,1,Q9JKN6
4J5V,0.040983606557377,0.016393442622951,0.049180327868852,0.057377049180328,0.065573770491803,0.081967213114754,0.024590163934426,0.032786885245902,0.040983606557377,0.09016393442623,0.016393442622951,0.032786885245902,0.040983606557377,0.040983606557377,0.081967213114754,0.10655737704918,0.065573770491803,0.049180327868852,0.032786885245902,0.032786885245902,0.157894736842105,0.526315789473684,0.31578947368421,0.0,0,93.344375,2.96579768534448,94.2234,1.7875,0.457647014055248,1.675,3.76424695253372,0.596331975489212,3.75238478183746,0.377,0.390938142906199,0.245,1.775,0.399835492487387,1.85,1.8,0.53802758684897,1.5,1.3,1.2,-4.82999992370606,0.716491560528002,-0.25,1.0,0.157894736842105,1,P69517
RNCMPT00246_min,0.088050314465409,0.018867924528302,0.022012578616352,0.062893081761006,0.015723270440252,0.10062893081761,0.012578616352201,0.110062893081761,0.053459119496855,0.062893081761006,0.034591194968553,0.031446540880503,0.066037735849057,0.053459119496855,0.037735849056604,0.10377358490566,0.062893081761006,0.053459119496855,0.0,0.009433962264151,0.31578947368421,0.078947368421053,0.447368421052632,0.157894736842105,0,57.478419858156,5.5205093965169,58.6835,18.5258865248227,2.90440307880539,17.85,3.73817823880108,0.847246593793273,3.73359370231628,0.066382978723404,0.094251006783139,0.03,18.0056737588653,3.53039400977214,17.2,19.0460992907801,2.54632838558066,19.1,10.9,13.5,-4.21999979019165,0.922946411418153,0.545454545454545,0.125,0.421052631578947,0,Q7ZVK5
RNCMPT00050_min,0.0546875,0.0,0.0546875,0.0625,0.0625,0.203125,0.03125,0.0234375,0.0234375,0.03125,0.0234375,0.03125,0.0234375,0.03125,0.1015625,0.1015625,0.0390625,0.0546875,0.0,0.046875,0.171428571428571,0.171428571428571,0.457142857142857,0.2,0,64.3673075757576,10.0412570729935,66.52815,13.1265151515152,5.68825523943833,9.875,3.50737437515548,1.08058686854799,3.72257578372955,0.184545454545455,0.246121807355513,0.045,13.9136363636364,6.19689466559692,10.4,12.3393939393939,5.50560214796302,10.2,6.4,5.7,-10.5799999237061,0.926483873285953,0.454545454545455,-0.076923076923077,0.371428571428571,0,P98179
RNCMPT00140_min,0.076167076167076,0.004914004914005,0.054054054054054,0.078624078624079,0.058968058968059,0.049140049140049,0.012285012285012,0.051597051597052,0.108108108108108,0.090909090909091,0.004914004914005,0.061425061425061,0.044226044226044,0.027027027027027,0.051597051597052,0.078624078624079,0.056511056511057,0.083538083538084,0.002457002457002,0.004914004914005,0.236842105263158,0.157894736842105,0.394736842105263,0.210526315789474,1,58.5452733333333,7.74536167925152,58.9008,15.4251851851852,3.87177826625731,15.15,3.45469417660325,1.04260871373013,3.62380385398865,0.06637037037037,0.087992599819508,0.04,14.7955555555556,4.04212642920181,14.2,16.0548148148148,3.93180142752028,15.7,9.0,8.9,-7.05999994277954,0.939968042684697,0.157894736842105,-0.454545454545455,0.366666666666667,0,P13469
2ZH6,0.052631578947368,0.013729977116705,0.034324942791762,0.14187643020595,0.073226544622426,0.061784897025172,0.018306636155606,0.045766590389016,0.082379862700229,0.089244851258581,0.016018306636156,0.032036613272311,0.041189931350114,0.006864988558352,0.091533180778032,0.041189931350114,0.025171624713959,0.08695652173913,0.013729977116705,0.032036613272311,0.058823529411765,0.38235294117647,0.38235294117647,0.176470588235294,1,97.0582413333333,2.30311950072501,98.1364,1.25133333333333,0.443646844373453,1.05,3.59243336677551,0.645368586234637,3.53404545783997,0.2708,0.378163270902212,0.0,1.31066666666667,0.516634988857425,1.1,1.192,0.421631323519699,1.0,0.9,0.9,-34.689998626709,0.871360719507591,0.0,-0.5,0.235294117647059,1,O28126
RNCMPT00080_min,0.06989247311828,0.016129032258065,0.059139784946237,0.061827956989247,0.045698924731183,0.07258064516129,0.013440860215054,0.053763440860215,0.051075268817204,0.077956989247312,0.026881720430108,0.040322580645161,0.06989247311828,0.059139784946237,0.040322580645161,0.059139784946237,0.056451612903226,0.099462365591398,0.0,0.026881720430108,0.263157894736842,0.184210526315789,0.342105263157895,0.210526315789474,1,73.73172,4.35877699794966,74.194,8.785,2.41194716576354,8.15,3.63063389573778,0.848364332627374,3.69548606872559,0.185142857142857,0.155206667804089,0.145,8.40428571428571,2.41657535345443,7.5,9.16571428571429,2.61765940999769,8.65,4.9,4.3,-2.98000001907349,0.922946411418153,0.285714285714286,0.416666666666667,0.631578947368421,0,Q24562
RNCMPT00150_min,0.089514066496164,0.023017902813299,0.035805626598465,0.063938618925831,0.040920716112532,0.089514066496164,0.023017902813299,0.033248081841432,0.040920716112532,0.10997442455243,0.023017902813299,0.012787723785166,0.074168797953964,0.040920716112532,0.079283887468031,0.053708439897698,0.061381074168798,0.079283887468031,0.005115089514066,0.020460358056266,0.236842105263158,0.236842105263158,0.31578947368421,0.210526315789474,1,62.8562553846154,12.9488374489521,66.4617,13.9515384615385,6.72963925267572,11.55,3.41697939909421,1.03804174653262,3.6778998374939,0.168615384615385,0.248186402497428,0.05,13.0076923076923,6.16619584134709,10.5,14.8953846153846,7.4835534417404,11.7,3.8,4.0,-4.71999979019165,0.991355861529484,0.142857142857143,0.058823529411765,0.447368421052632,0,G3R3S9
6JVX,0.114942528735632,0.011494252873563,0.080459770114943,0.045977011494253,0.057471264367816,0.103448275862069,0.011494252873563,0.057471264367816,0.080459770114943,0.045977011494253,0.011494252873563,0.03448275862069,0.045977011494253,0.011494252873563,0.068965517241379,0.022988505747126,0.091954022988506,0.057471264367816,0.0,0.045977011494253,0.0,0.0,0.5,0.5,1,94.0183725,4.06383042158235,95.52255,1.7925,0.863397433517802,1.5,3.58463696241379,0.776273818525053,3.4931788444519,0.48375,0.328545258951468,0.43,1.775,1.05118980208143,1.4,1.81,0.72705940927505,1.6,1.0,1.1,0.0,0.5,1.0,-1.0,0.5,1,Q9H0Z9
6XH3,0.068181818181818,0.0,0.045454545454545,0.022727272727273,0.068181818181818,0.034090909090909,0.022727272727273,0.102272727272727,0.090909090909091,0.068181818181818,0.022727272727273,0.056818181818182,0.056818181818182,0.045454545454545,0.090909090909091,0.068181818181818,0.068181818181818,0.034090909090909,0.0,0.034090909090909,0.148148148148148,0.296296296296296,0.333333333333333,0.222222222222222,1,88.6949256410257,3.05989237390003,88.2487,2.33974358974359,0.885124098285501,2.15,3.57735612147894,0.935163974495553,3.41895246505737,0.414358974358974,0.385908326118188,0.27,2.74871794871795,1.44511368973113,2.5,1.93076923076923,0.396135175064115,1.8,1.2,1.3,-12.8500003814697,0.969312269279739,0.058823529411765,-0.2,0.37037037037037,1,6XH3
1AV6,0.038062283737024,0.006920415224913,0.055363321799308,0.044982698961938,0.055363321799308,0.038062283737024,0.027681660899654,0.069204152249135,0.069204152249135,0.117647058823529,0.031141868512111,0.055363321799308,0.055363321799308,0.034602076124567,0.051903114186851,0.062283737024221,0.041522491349481,0.069204152249135,0.01038062283737,0.065743944636678,0.833333333333333,0.0,0.166666666666667,0.0,1,78.4933294117647,4.61604224366693,79.8829,6.8921568627451,0.869216460326172,6.8,3.67257559299469,1.05668222990293,3.96355605125427,0.093137254901961,0.083438365182413,0.07,6.91176470588235,1.3684512499645,6.8,6.87254901960784,0.804506912679449,6.9,4.3,5.3,0.0,0.325011210824177,1.0,1.0,0.833333333333333,1,P07617
RNCMPT00120_min,0.092696629213483,0.01123595505618,0.030898876404494,0.047752808988764,0.036516853932584,0.084269662921348,0.0,0.050561797752809,0.056179775280899,0.101123595505618,0.019662921348315,0.078651685393258,0.047752808988764,0.044943820224719,0.044943820224719,0.087078651685393,0.061797752808989,0.067415730337079,0.00561797752809,0.030898876404494,0.233333333333333,0.3,0.333333333333333,0.133333333333333,1,83.8327024590164,11.4041872320599,88.58615,4.68360655737705,4.30091976816448,1.975,3.67370123061977,0.816240315116518,3.69921410083771,0.39655737704918,0.402633419172311,0.21,4.28770491803279,3.81786963807881,1.8,5.07950819672131,5.17610432221741,2.1,1.0,1.1,-5.36999988555908,0.963443790866631,0.052631578947368,0.272727272727273,0.366666666666667,0,Q9VYI0
RNCMPT00123_min,0.183431952662722,0.005917159763314,0.029585798816568,0.041420118343195,0.047337278106509,0.071005917159763,0.023668639053254,0.041420118343195,0.035502958579882,0.047337278106509,0.011834319526627,0.053254437869822,0.047337278106509,0.035502958579882,0.071005917159763,0.071005917159763,0.047337278106509,0.124260355029586,0.005917159763314,0.005917159763314,0.2,0.4,0.171428571428571,0.228571428571429,0,69.0060285714286,7.94939889275852,72.0342,8.75714285714286,1.94025171551959,8.425,3.25022010718073,1.20474987376013,3.35194671154022,0.106428571428571,0.168747329980837,0.05,9.225,2.29066139567367,8.4,8.28928571428571,1.98220589537016,7.75,6.1,6.0,-3.66000008583069,0.977747995787952,0.1,0.333333333333333,0.473684210526316,0,Q7YU08
4W5N,0.059553349875931,0.027295285359801,0.044665012406948,0.048387096774194,0.048387096774194,0.055831265508685,0.037220843672457,0.058312655086849,0.064516129032258,0.073200992555831,0.023573200992556,0.02605459057072,0.062034739454094,0.06575682382134,0.068238213399504,0.04590570719603,0.06575682382134,0.08560794044665,0.007444168734491,0.032258064516129,0.222222222222222,0.277777777777778,0.055555555555556,0.444444444444444,1,90.5522081632653,6.61804900680767,92.6375,2.41190476190476,1.27726877559665,2.15,3.65347351265602,0.825148650687732,3.71575379371643,0.300884353741497,0.3922571234763,0.03,2.47959183673469,1.61876575574964,2.1,2.34421768707483,1.17193957320617,2.2,1.0,1.0,0.0,0.873583598653467,-0.666666666666667,-0.333333333333333,0.666666666666667,1,Q9UKV8
1QRT,0.066162570888469,0.01890359168242,0.064272211720227,0.081285444234405,0.045368620037807,0.060491493383743,0.030245746691871,0.066162570888469,0.052930056710775,0.075614366729679,0.020793950850662,0.051039697542533,0.049149338374291,0.028355387523629,0.071833648393195,0.049149338374291,0.051039697542533,0.062381852551985,0.013232514177694,0.041587901701323,0.202702702702703,0.310810810810811,0.283783783783784,0.202702702702703,1,95.6561517985611,2.35003876355179,96.402,1.44640287769784,0.627729988102108,1.35,3.68532143908439,0.722242795217508,3.60296893119812,0.330143884892086,0.407028798631292,0.07,1.59208633093525,1.04660006814346,1.4,1.30071942446043,0.298182028560053,1.2,1.0,0.9,-33.9099998474121,0.986569191355551,-0.045454545454546,0.0,0.405405405405405,1,P00962
3QGB,0.065,0.0325,0.0675,0.0525,0.0425,0.04,0.025,0.0625,0.065,0.1125,0.035,0.045,0.0175,0.0575,0.0525,0.0775,0.0475,0.0675,0.0075,0.0275,0.222222222222222,0.222222222222222,0.222222222222222,0.333333333333333,1,97.1961888888889,1.31218424984245,97.6133,1.16018518518519,0.228898022451136,1.1,3.52558078368505,0.632635894319488,3.38921189308166,0.715,0.396740255316598,0.97,1.04814814814815,0.1850453700009,1.0,1.27222222222222,0.315879524841096,1.2,0.8,0.9,0.0,0.987468750600964,0.0,-0.2,0.555555555555556,1,Q09312
RNCMPT00170_min,0.043596730245232,0.016348773841962,0.065395095367847,0.087193460490463,0.02724795640327,0.076294277929155,0.021798365122616,0.040871934604905,0.065395095367847,0.068119891008174,0.021798365122616,0.035422343324251,0.070844686648501,0.049046321525886,0.095367847411444,0.065395095367847,0.051771117166213,0.046321525885559,0.008174386920981,0.043596730245232,0.166666666666667,0.033333333333333,0.5,0.3,1,77.9825594202899,11.0340595747269,80.2569,6.72826086956522,5.91953072377953,3.95,3.33629847955013,0.83389857584729,3.34401059150696,0.169855072463768,0.201176632615859,0.08,6.86666666666667,6.01233209785537,4.3,6.58985507246377,6.27080407939975,3.8,1.4,1.8,-1.35000002384186,0.807739890778502,0.875,-0.285714285714286,0.466666666666667,0,P78332
5WZK,0.070175438596491,0.035087719298246,0.050682261208577,0.083820662768031,0.038986354775828,0.046783625730994,0.02729044834308,0.064327485380117,0.05458089668616,0.126705653021442,0.025341130604288,0.033138401559454,0.02729044834308,0.04093567251462,0.048732943469786,0.09551656920078,0.037037037037037,0.056530214424951,0.007797270955166,0.029239766081871,0.272727272727273,0.090909090909091,0.454545454545454,0.181818181818182,1,97.0844518987342,1.59411332760452,97.7205,1.19177215189873,0.293239026916351,1.1,3.38582379606706,0.635122675317216,3.33240056037903,0.65873417721519,0.404381030929885,0.93,1.12278481012658,0.272194014086958,1.0,1.26075949367089,0.358922076222319,1.1,0.9,0.9,0.0,0.894964537655,0.666666666666667,0.2,0.454545454545455,1,Q9C552
5YKI,0.065274151436031,0.013054830287206,0.04177545691906,0.078328981723238,0.028720626631854,0.046997389033943,0.054830287206266,0.060052219321149,0.060052219321149,0.086161879895561,0.036553524804178,0.04177545691906,0.026109660574413,0.080939947780679,0.06266318537859,0.04177545691906,0.033942558746736,0.096605744125326,0.0,0.044386422976501,0.222222222222222,0.0,0.222222222222222,0.555555555555556,1,96.589835,1.78946512573223,97.09265,1.26666666666667,0.232464078994151,1.2,3.31241954962412,0.489394310474868,3.16135966777802,0.783833333333333,0.365541584115288,0.99,1.13,0.193364501676173,1.1,1.40333333333333,0.305301555102529,1.3,1.0,1.1,0.0,0.717760252141333,1.0,-0.428571428571429,0.777777777777778,1,Q14671
3Q0R,0.058309037900875,0.026239067055394,0.043731778425656,0.067055393586006,0.037900874635569,0.0466472303207,0.049562682215743,0.072886297376093,0.064139941690962,0.096209912536443,0.026239067055394,0.032069970845481,0.029154518950437,0.093294460641399,0.058309037900875,0.0466472303207,0.034985422740525,0.078717201166181,0.0,0.037900874635569,0.375,0.0,0.25,0.375,1,96.1938436363636,1.67370150285324,96.8318,1.13181818181818,0.16255017355438,1.1,3.39254304278981,0.571139971445731,3.24205946922302,0.730727272727273,0.400318644126172,0.99,1.03636363636364,0.160281738480201,1.0,1.22727272727273,0.199494310189488,1.2,0.9,1.0,0.0,0.780639062229566,1.0,0.0,0.75,1,Q8TB72
RNCMPT00032_min,0.070769230769231,0.009230769230769,0.049230769230769,0.046153846153846,0.055384615384615,0.089230769230769,0.024615384615385,0.058461538461538,0.052307692307692,0.067692307692308,0.030769230769231,0.070769230769231,0.036923076923077,0.036923076923077,0.061538461538462,0.086153846153846,0.049230769230769,0.067692307692308,0.006153846153846,0.030769230769231,0.263157894736842,0.157894736842105,0.368421052631579,0.210526315789474,0,77.2602163793104,6.66289704975565,78.75145,5.98706896551724,2.06270317249261,5.175,3.46402152345098,0.845350919292145,3.43411588668823,0.255,0.226521906033486,0.18,6.2801724137931,2.04693704699554,5.5,5.69396551724138,2.4137752783664,4.7,3.6,3.1,-5.48000001907349,0.965647640116437,0.4,0.111111111111111,0.473684210526316,0,Q15717
RNCMPT00035_min,0.057971014492754,0.028985507246377,0.053140096618357,0.072463768115942,0.038647342995169,0.111111111111111,0.014492753623188,0.028985507246377,0.06280193236715,0.06280193236715,0.014492753623188,0.043478260869565,0.057971014492754,0.043478260869565,0.072463768115942,0.038647342995169,0.06280193236715,0.091787439613527,0.004830917874396,0.038647342995169,0.228571428571429,0.2,0.371428571428571,0.2,1,57.5306142857143,8.19964619807968,58.3881,16.6934065934066,1.43269770385197,16.65,3.33270793367218,1.04219312308598,3.25902819633484,0.061318681318681,0.052919410242972,0.04,15.6637362637363,1.79700469816467,15.8,17.7230769230769,1.56283765582403,17.5,11.8,13.7,-5.73999977111816,0.968368772952233,0.333333333333333,0.176470588235294,0.447368421052632,0,Q94901
7CGK,0.054913294797688,0.023121387283237,0.054913294797688,0.072254335260116,0.043352601156069,0.03757225433526,0.040462427745665,0.072254335260116,0.066473988439306,0.066473988439306,0.028901734104046,0.040462427745665,0.031791907514451,0.07514450867052,0.060693641618497,0.057803468208092,0.023121387283237,0.104046242774566,0.002890173410405,0.043352601156069,0.5,0.0,0.125,0.375,1,96.836924137931,1.3611125858418,97.02735,1.13362068965517,0.18787545590856,1.1,3.40866993007989,0.63952593585504,3.29118525981903,0.691379310344828,0.405603073952252,0.975,1.03793103448276,0.182408435291731,1.0,1.22931034482759,0.223220935861528,1.2,0.8,0.9,0.0,0.702819531114783,1.0,0.142857142857143,0.875,1,Q09487
RNCMPT00218_min,0.071207430340557,0.030959752321981,0.040247678018576,0.04953560371517,0.043343653250774,0.074303405572755,0.024767801857585,0.015479876160991,0.043343653250774,0.086687306501548,0.024767801857585,0.052631578947368,0.068111455108359,0.03405572755418,0.071207430340557,0.111455108359133,0.074303405572755,0.068111455108359,0.009287925696594,0.006191950464396,0.263157894736842,0.236842105263158,0.236842105263158,0.263157894736842,1,55.7164537313433,6.10001277731718,57.5673,17.2970149253731,2.87225337307971,16.25,3.64916372832967,0.961911464636846,3.81487345695496,0.046716417910448,0.07764308511234,0.02,16.0761194029851,3.48738373553302,14.7,18.5179104477612,2.69111475004681,18.2,11.2,13.4,-2.26999998092651,0.973088862120474,-0.066666666666667,0.3,0.571428571428571,0,A0A1G4IJI8
RNCMPT00220_min,0.049242424242424,0.003787878787879,0.03030303030303,0.041666666666667,0.034090909090909,0.056818181818182,0.018939393939394,0.068181818181818,0.034090909090909,0.053030303030303,0.037878787878788,0.079545454545455,0.068181818181818,0.132575757575757,0.056818181818182,0.056818181818182,0.064393939393939,0.087121212121212,0.0,0.026515151515152,0.236842105263158,0.210526315789474,0.368421052631579,0.184210526315789,1,79.9090617886179,10.77050196122,83.6895,4.62113821138211,3.8070685343192,2.75,3.62724036705203,0.898189756572047,3.74438166618347,0.318373983739837,0.313610319919848,0.17,5.26341463414634,5.00753969714396,2.7,3.97886178861789,2.90689547744782,2.8,1.2,1.3,-3.17000007629395,0.931147975710173,0.411764705882353,0.444444444444444,0.514285714285714,0,Q38EA2
RNCMPT00019_min,0.054347826086957,0.010869565217391,0.108695652173913,0.054347826086957,0.065217391304348,0.054347826086957,0.010869565217391,0.043478260869565,0.021739130434783,0.065217391304348,0.010869565217391,0.032608695652174,0.054347826086957,0.043478260869565,0.152173913043478,0.032608695652174,0.043478260869565,0.076086956521739,0.010869565217391,0.054347826086957,0.1,0.333333333333333,0.166666666666667,0.4,1,75.151585,5.62222026270167,76.03335,4.33625,1.63051775244112,3.825,3.35301811397076,0.990919926535276,3.27974593639374,0.22175,0.143917488825172,0.215,4.295,2.52525195493389,3.3,4.3775,0.837422020862624,4.2,2.2,3.3,-5.46999979019165,0.996886877160992,0.0,-0.111111111111111,0.473684210526316,0,O75494
RNCMPT00094_min,0.027397260273973,0.0,0.073972602739726,0.024657534246575,0.046575342465753,0.227397260273973,0.021917808219178,0.032876712328767,0.057534246575342,0.021917808219178,0.019178082191781,0.150684931506849,0.035616438356164,0.057534246575342,0.052054794520548,0.032876712328767,0.019178082191781,0.049315068493151,0.019178082191781,0.03013698630137,0.184210526315789,0.289473684210526,0.184210526315789,0.342105263157895,0,86.3206333333333,7.10993575344966,88.0757,3.80777777777778,1.59960774863557,3.45,3.32627660168542,0.828343471736091,3.55044889450073,0.423555555555556,0.336439617407962,0.52,3.62444444444444,1.39008756355254,3.2,3.99111111111111,1.88448476467252,3.5,2.2,2.2,-3.53999996185303,0.941457095004174,0.142857142857143,0.428571428571429,0.6,0,P07909
1KUQ,0.035714285714286,0.011904761904762,0.035714285714286,0.095238095238095,0.023809523809524,0.05952380952381,0.05952380952381,0.047619047619048,0.083333333333333,0.142857142857143,0.023809523809524,0.011904761904762,0.023809523809524,0.05952380952381,0.130952380952381,0.035714285714286,0.035714285714286,0.05952380952381,0.0,0.023809523809524,0.105263157894737,0.298245614035088,0.421052631578947,0.175438596491228,1,94.4826523809524,2.13878499736042,95.1442,1.88452380952381,0.610153851350496,1.7,3.82135252441679,0.662342762876403,3.74047923088074,0.3025,0.413611408921903,0.02,2.14047619047619,0.994699088435649,1.9,1.62857142857143,0.288983023043869,1.6,1.4,1.2,-29.9099998474121,0.914207952066897,0.170731707317073,-0.25,0.280701754385965,1,P80378
1QRS,0.066162570888469,0.01890359168242,0.064272211720227,0.081285444234405,0.045368620037807,0.058601134215501,0.030245746691871,0.066162570888469,0.052930056710775,0.075614366729679,0.020793950850662,0.052930056710775,0.049149338374291,0.028355387523629,0.071833648393195,0.049149338374291,0.051039697542533,0.062381852551985,0.013232514177694,0.041587901701323,0.202702702702703,0.310810810810811,0.283783783783784,0.202702702702703,1,95.7595951048951,2.33834746431087,96.4909,1.42762237762238,0.632279531293635,1.3,3.66686812230757,0.718234248818737,3.59551501274109,0.342727272727273,0.412799070957475,0.08,1.56923076923077,1.05311280839975,1.4,1.28601398601399,0.293497942167462,1.2,1.0,0.9,-33.9099998474121,0.986569191355551,-0.045454545454546,0.0,0.405405405405405,1,P00962
RNCMPT00263_min,0.080952380952381,0.004761904761905,0.095238095238095,0.09047619047619,0.047619047619048,0.10952380952381,0.004761904761905,0.00952380952381,0.014285714285714,0.057142857142857,0.033333333333333,0.042857142857143,0.00952380952381,0.047619047619048,0.119047619047619,0.076190476190476,0.038095238095238,0.095238095238095,0.00952380952381,0.014285714285714,0.3,0.3,0.2,0.2,0,70.124445,12.5236730545172,75.1853,7.688,4.03193764983056,5.825,3.28085255086422,1.11801780858963,3.47035014629364,0.2956,0.256327284477632,0.205,7.487,5.41335152631664,4.65,7.889,3.08000705102171,6.75,2.6,3.8,-2.97000002861023,0.985475297227334,-0.2,0.2,0.5,0,A0A1Y5IKC4
2XS2,0.022727272727273,0.0,0.056818181818182,0.056818181818182,0.068181818181818,0.102272727272727,0.022727272727273,0.090909090909091,0.102272727272727,0.034090909090909,0.022727272727273,0.034090909090909,0.034090909090909,0.034090909090909,0.056818181818182,0.056818181818182,0.045454545454545,0.125,0.0,0.034090909090909,0.0,0.142857142857143,0.142857142857143,0.714285714285714,1,90.151912244898,3.36156881298453,89.5326,1.87448979591837,0.54420454650377,1.85,3.6845545209184,0.815531858708501,3.66792964935303,0.402857142857143,0.283107753337841,0.36,1.86938775510204,0.541681056847052,1.8,1.87959183673469,0.594761714133181,1.9,1.0,1.0,0.0,0.574417427140458,0.0,-1.0,0.714285714285714,1,Q64368
3R9W,0.052980132450331,0.0,0.043046357615894,0.089403973509934,0.016556291390728,0.062913907284768,0.013245033112583,0.112582781456954,0.096026490066225,0.112582781456954,0.026490066225166,0.04635761589404,0.076158940397351,0.016556291390728,0.052980132450331,0.026490066225166,0.036423841059603,0.086092715231788,0.009933774834437,0.02317880794702,0.205882352941176,0.323529411764706,0.294117647058823,0.176470588235294,1,92.9839425,3.88612658424861,93.9902,1.814375,0.551820562813949,1.625,3.5445136398077,0.679283003077841,3.52324092388153,0.5195,0.438783992876977,0.64,1.81625,0.711469107649264,1.55,1.8125,0.503248938072289,1.65,1.1,1.1,-21.5499992370605,0.978521299851434,-0.047619047619048,0.076923076923077,0.382352941176471,1,O67800
RNCMPT00156_min,0.067796610169492,0.022598870056497,0.033898305084746,0.084745762711864,0.028248587570621,0.050847457627119,0.022598870056497,0.033898305084746,0.107344632768361,0.073446327683616,0.016949152542373,0.050847457627119,0.045197740112994,0.067796610169492,0.050847457627119,0.073446327683616,0.033898305084746,0.084745762711864,0.0,0.050847457627119,0.051282051282051,0.230769230769231,0.307692307692308,0.41025641025641,1,70.482106779661,7.33849225797085,73.1857,10.4601694915254,4.2747330997649,9.7,3.69388642048432,0.914951832282605,3.68971991539001,0.160677966101695,0.122416254368948,0.14,9.7864406779661,4.34977041118734,9.4,11.1338983050847,4.41160734526433,10.0,4.9,5.7,-1.47000002861023,0.941196850822178,0.0,-0.444444444444444,0.6,0,O95628
1ZJW,0.066037735849057,0.018867924528302,0.066037735849057,0.081132075471698,0.045283018867925,0.058490566037736,0.030188679245283,0.066037735849057,0.052830188679245,0.075471698113208,0.020754716981132,0.050943396226415,0.049056603773585,0.030188679245283,0.071698113207547,0.049056603773585,0.050943396226415,0.062264150943396,0.013207547169811,0.041509433962264,0.202702702702703,0.310810810810811,0.283783783783784,0.202702702702703,1,95.6082147887324,3.38829031039406,96.5017,1.53521126760563,1.11633246929389,1.3,3.70477708460579,0.714225726798447,3.63683319091797,0.33887323943662,0.415566090179603,0.06,1.74366197183099,1.86043024036184,1.3,1.32676056338028,0.427911884108612,1.2,1.0,1.0,-33.9099998474121,0.986569191355551,-0.045454545454546,0.0,0.405405405405405,1,P00962
RNCMPT00031_min,0.036082474226804,0.010309278350515,0.097938144329897,0.067010309278351,0.067010309278351,0.092783505154639,0.010309278350515,0.061855670103093,0.103092783505155,0.041237113402062,0.020618556701031,0.036082474226804,0.036082474226804,0.051546391752577,0.061855670103093,0.061855670103093,0.061855670103093,0.056701030927835,0.010309278350515,0.015463917525773,0.342105263157895,0.210526315789474,0.263157894736842,0.184210526315789,0,70.7021628205128,6.34121409330825,72.24905,10.8705128205128,1.98097175251165,10.525,3.32171531671133,0.967845565406114,3.38898646831512,0.043205128205128,0.04658447402422,0.03,10.9166666666667,2.16509600079089,10.5,10.824358974359,2.2397347881863,10.3,6.6,6.4,-5.15000009536743,0.949021239177807,0.333333333333333,0.285714285714286,0.4,0,Q99383
RNCMPT00040_min,0.08,0.02,0.04,0.09,0.07,0.05,0.03,0.03,0.12,0.01,0.02,0.04,0.05,0.07,0.05,0.03,0.08,0.11,0.0,0.01,0.285714285714286,0.4,0.114285714285714,0.2,0,59.5111525,5.14855442534726,59.62255,17.01375,1.58534908798322,17.35,3.55846514105797,0.937058128251656,3.57634484767914,0.08075,0.057082374126322,0.07,15.2525,1.16442733806839,15.35,18.775,2.39975960334492,18.8,13.2,12.7,-1.87000000476837,0.933588161157007,-0.555555555555556,0.176470588235294,0.485714285714286,0,A0A0R1EAS8
2Q66,0.065510597302505,0.015414258188825,0.059730250481696,0.071290944123314,0.055876685934489,0.048169556840077,0.017341040462428,0.071290944123314,0.07514450867052,0.094412331406551,0.015414258188825,0.048169556840077,0.052023121387283,0.030828516377649,0.052023121387283,0.053949903660886,0.05009633911368,0.077071290944123,0.013487475915222,0.032755298651252,1.0,0.0,0.0,0.0,0,92.6387139534884,1.54072394835634,93.2567,1.92093023255814,0.196466572383778,1.9,3.86584798125334,0.610784909672568,3.83468532562256,0.253255813953488,0.212498974005731,0.17,1.66976744186047,0.225235203753691,1.6,2.17209302325581,0.260334566238787,2.2,1.4,1.7,0.0,0.0,0.0,1.0,1.0,1,P29468
RNCMPT00255_min,0.085574572127139,0.009779951100244,0.058679706601467,0.078239608801956,0.048899755501223,0.078239608801956,0.007334963325183,0.026894865525672,0.063569682151589,0.070904645476773,0.031784841075795,0.034229828850856,0.041564792176039,0.058679706601467,0.090464547677262,0.068459657701711,0.034229828850856,0.073349633251834,0.002444987775061,0.036674816625917,0.102564102564102,0.179487179487179,0.384615384615385,0.333333333333333,1,62.0111203488372,8.91604838460408,63.23735,13.7595930232558,4.0739090467413,13.55,3.51859682451847,0.967641919304418,3.60442364215851,0.068197674418605,0.104929418746778,0.03,12.8726744186047,4.27845245138438,11.95,14.646511627907,4.14256743494664,14.7,7.7,6.5,-7.82000017166138,0.920129830913622,0.363636363636364,-0.529411764705882,0.435897435897436,0,E9AFP0
3OVA,0.053488372093023,0.013953488372093,0.034883720930233,0.141860465116279,0.074418604651163,0.062790697674419,0.016279069767442,0.046511627906977,0.07906976744186,0.088372093023256,0.013953488372093,0.032558139534884,0.03953488372093,0.006976744186047,0.093023255813953,0.041860465116279,0.025581395348837,0.088372093023256,0.013953488372093,0.032558139534884,0.264705882352941,0.235294117647059,0.205882352941176,0.294117647058823,1,96.2929096385542,2.30523066168322,96.9388,1.66686746987952,0.809218122650777,1.25,3.65530037592693,0.711146787665135,3.57070350646973,0.302530120481928,0.42133019139299,0.0,1.78313253012048,1.02169386817694,1.3,1.55060240963855,0.66412853112013,1.2,1.0,1.0,-22.1900005340576,0.993730090974322,-0.066666666666667,-0.052631578947368,0.558823529411765,1,A0A101DCH0
RNCMPT00078_min,0.046783625730994,0.017543859649123,0.046783625730994,0.046783625730994,0.04093567251462,0.064327485380117,0.04093567251462,0.046783625730994,0.035087719298246,0.023391812865497,0.011695906432749,0.023391812865497,0.070175438596491,0.046783625730994,0.187134502923977,0.140350877192982,0.035087719298246,0.04093567251462,0.0,0.035087719298246,0.236842105263158,0.105263157894737,0.421052631578947,0.236842105263158,0,64.0136642857143,11.4569368447945,65.11055,11.0366071428571,3.61052112923818,9.675,3.56109683002744,0.90537214689425,3.72417950630188,0.243392857142857,0.179679277762192,0.21,10.9464285714286,3.71605677056715,9.3,11.1267857142857,3.85163441441911,10.1,6.5,6.4,-4.48999977111816,0.989242296754326,0.111111111111111,-0.2,0.526315789473684,0,P19018
1VBX,0.063157894736842,0.0,0.052631578947368,0.042105263157895,0.063157894736842,0.031578947368421,0.021052631578947,0.105263157894737,0.11578947368421,0.073684210526316,0.042105263157895,0.052631578947368,0.042105263157895,0.042105263157895,0.063157894736842,0.084210526315789,0.042105263157895,0.031578947368421,0.0,0.031578947368421,0.136986301369863,0.342465753424657,0.342465753424657,0.178082191780822,1,96.6712525423729,1.83116902272234,97.3088,1.29322033898305,0.456887674560608,1.2,3.56033968117277,0.681606822417105,3.39200234413147,0.492542372881356,0.461637240849457,0.49,1.35254237288136,0.726910308986958,1.2,1.23389830508475,0.236796267365972,1.2,0.9,1.0,-42.9500007629395,0.947530041265734,0.0,-0.130434782608696,0.315068493150685,1,P09012
6UV4,0.061032863849765,0.023474178403756,0.068075117370892,0.075117370892019,0.035211267605634,0.05868544600939,0.023474178403756,0.065727699530516,0.056338028169014,0.089201877934272,0.028169014084507,0.037558685446009,0.05868544600939,0.051643192488263,0.075117370892019,0.032863849765258,0.053990610328639,0.065727699530516,0.009389671361502,0.030516431924883,0.285714285714286,0.428571428571429,0.0,0.285714285714286,0,92.5374842105263,2.13097188522962,92.9367,2.48245614035088,0.453014824346504,2.3,3.66009599284122,0.765401478241575,3.70626425743103,0.146315789473684,0.230973340908699,0.04,2.51578947368421,0.407864417985495,2.4,2.44912280701754,0.61415528719696,2.2,1.8,1.7,0.0,0.778328353731411,-1.0,0.0,0.571428571428571,1,Q92841
5BZ5,0.032786885245902,0.024590163934426,0.057377049180328,0.040983606557377,0.07103825136612,0.038251366120219,0.008196721311475,0.117486338797814,0.079234972677596,0.139344262295082,0.008196721311475,0.068306010928962,0.024590163934426,0.060109289617486,0.019125683060109,0.060109289617486,0.057377049180328,0.060109289617486,0.0,0.032786885245902,0.3,0.1,0.1,0.5,0,96.3124206896552,1.5197536297055,96.71375,1.25,0.226142324382662,1.2,3.43946285699976,0.70813731867886,3.29974710941315,0.642413793103448,0.430814448375655,0.955,1.11206896551724,0.182648724506423,1.1,1.38793103448276,0.30783772565388,1.3,0.9,0.9,0.0,0.842737648613667,0.0,-0.25,0.8,1,P39016
RNCMPT00254_min,0.078291814946619,0.01423487544484,0.053380782918149,0.096085409252669,0.03914590747331,0.078291814946619,0.0355871886121,0.04270462633452,0.088967971530249,0.053380782918149,0.01067615658363,0.0355871886121,0.01423487544484,0.02491103202847,0.103202846975089,0.074733096085409,0.04982206405694,0.085409252669039,0.00355871886121,0.01779359430605,0.2,0.228571428571429,0.285714285714286,0.285714285714286,0,66.0051643835616,8.0392513275555,67.794,11.5630136986301,3.4871891278935,11.4,3.54427407865655,0.855785879408007,3.55488514900208,0.08986301369863,0.065711768578242,0.08,11.813698630137,3.64666190845565,11.8,11.3123287671233,3.53682787904169,10.4,7.5,7.1,-1.44000005722046,0.924856017633076,-0.230769230769231,-0.529411764705882,0.566666666666667,0,E9AF78
4NH5,0.044280442804428,0.022140221402214,0.047970479704797,0.062730627306273,0.047970479704797,0.018450184501845,0.029520295202952,0.070110701107011,0.059040590405904,0.129151291512915,0.014760147601476,0.033210332103321,0.084870848708487,0.033210332103321,0.059040590405904,0.055350553505535,0.070110701107011,0.051660516605166,0.007380073800738,0.059040590405904,0.142857142857143,0.214285714285714,0.214285714285714,0.428571428571429,1,84.0389522727273,11.3951297941216,86.5947,4.30340909090909,2.60933916893149,3.5,3.40979511087591,0.884763502429472,3.64292550086975,0.298636363636364,0.360010277043819,0.15,5.42954545454546,3.70377428775432,3.95,3.17727272727273,1.61603356463583,3.0,1.8,1.2,-4.05999994277954,0.938693532148307,0.0,-0.5,0.571428571428571,1,Q9UPY3
RNCMPT00278_min,0.073446327683616,0.022598870056497,0.045197740112994,0.073446327683616,0.03954802259887,0.050847457627119,0.028248587570621,0.050847457627119,0.096045197740113,0.07909604519774,0.011299435028249,0.050847457627119,0.050847457627119,0.050847457627119,0.050847457627119,0.056497175141243,0.062146892655367,0.056497175141243,0.0,0.050847457627119,0.263157894736842,0.157894736842105,0.368421052631579,0.210526315789474,1,69.1602136363636,10.0993550936968,73.316,12.4113636363636,2.82351111826482,12.8,3.49801619305755,1.00333922955098,3.65033209323883,0.118030303030303,0.142204832731572,0.07,12.65,3.26092247448715,13.1,12.1727272727273,2.7212296685673,11.7,6.2,7.7,-5.32000017166138,0.965647640116437,0.4,0.111111111111111,0.473684210526316,0,A7S488
3K5Y,0.065,0.0325,0.0675,0.0525,0.0425,0.04,0.025,0.0625,0.065,0.1125,0.035,0.045,0.0175,0.0575,0.055,0.0775,0.0475,0.0675,0.0075,0.025,0.222222222222222,0.222222222222222,0.222222222222222,0.333333333333333,1,97.386937037037,1.25697455555765,97.70115,1.12037037037037,0.238216351346663,1.05,3.50214153748971,0.604287508239028,3.39389967918396,0.716666666666667,0.395183262956258,0.97,0.994444444444444,0.153471362538738,0.9,1.2462962962963,0.363791855771465,1.1,0.8,0.9,0.0,0.987468750600964,0.0,-0.2,0.555555555555556,1,Q09312
1VC0,0.063157894736842,0.0,0.052631578947368,0.042105263157895,0.063157894736842,0.031578947368421,0.021052631578947,0.105263157894737,0.11578947368421,0.073684210526316,0.042105263157895,0.052631578947368,0.042105263157895,0.042105263157895,0.063157894736842,0.084210526315789,0.042105263157895,0.031578947368421,0.0,0.031578947368421,0.136986301369863,0.342465753424657,0.342465753424657,0.178082191780822,1,96.6712525423729,1.83116902272234,97.3088,1.29322033898305,0.456887674560608,1.2,3.56033968117277,0.681606822417105,3.39200234413147,0.492542372881356,0.461637240849457,0.49,1.35254237288136,0.726910308986958,1.2,1.23389830508475,0.236796267365972,1.2,0.9,1.0,-42.9500007629395,0.947530041265734,0.0,-0.130434782608696,0.315068493150685,1,P09012
1GTS,0.066162570888469,0.01890359168242,0.066162570888469,0.081285444234405,0.045368620037807,0.058601134215501,0.030245746691871,0.066162570888469,0.052930056710775,0.075614366729679,0.020793950850662,0.051039697542533,0.049149338374291,0.028355387523629,0.071833648393195,0.049149338374291,0.051039697542533,0.062381852551985,0.013232514177694,0.041587901701323,0.202702702702703,0.310810810810811,0.283783783783784,0.202702702702703,1,95.803873943662,2.32410763189561,96.5207,1.42781690140845,0.615247302174405,1.325,3.66909746133106,0.712931245267894,3.60827565193176,0.344084507042253,0.411563624390429,0.09,1.5669014084507,1.02981936245576,1.3,1.2887323943662,0.286850985989277,1.2,1.0,0.9,-33.9099998474121,0.986569191355551,-0.045454545454546,0.0,0.405405405405405,1,P00962
RNCMPT00060_min,0.082352941176471,0.011764705882353,0.011764705882353,0.070588235294118,0.041176470588235,0.064705882352941,0.023529411764706,0.047058823529412,0.111764705882353,0.070588235294118,0.011764705882353,0.047058823529412,0.1,0.047058823529412,0.058823529411765,0.076470588235294,0.041176470588235,0.070588235294118,0.0,0.011764705882353,0.394736842105263,0.131578947368421,0.447368421052632,0.026315789473684,1,56.4079306818182,8.79206335204024,54.67195,18.7931818181818,3.6495723400712,18.75,3.67443429814144,1.00456957271376,3.72296166419983,0.073977272727273,0.104116863747495,0.02,17.4204545454545,3.3975704331897,17.65,20.1659090909091,4.26298924757897,19.6,10.9,12.3,-4.86999988555908,0.960336745459753,0.363636363636364,0.125,0.421052631578947,0,Q9W4D2
5WZI,0.073170731707317,0.033771106941839,0.050656660412758,0.082551594746717,0.037523452157599,0.046904315196998,0.026266416510319,0.061913696060038,0.058161350844278,0.131332082551595,0.024390243902439,0.031894934333959,0.028142589118199,0.037523452157599,0.048780487804878,0.099437148217636,0.035647279549719,0.054409005628518,0.00750469043152,0.030018761726079,0.181818181818182,0.090909090909091,0.545454545454545,0.181818181818182,1,94.8295988505747,4.0709187816584,96.3833,1.89885057471264,1.72768121607813,1.35,3.44011191527049,0.742863104355079,3.43469047546387,0.638275862068966,0.394895355277683,0.87,2.01494252873563,2.50903153444605,1.3,1.78275862068966,0.999209792035887,1.4,1.0,1.0,0.0,0.842907854576515,0.714285714285714,0.0,0.363636363636364,1,Q9C552
RNCMPT00061_min,0.031496062992126,0.007874015748031,0.070866141732283,0.05511811023622,0.05511811023622,0.188976377952756,0.015748031496063,0.031496062992126,0.05511811023622,0.05511811023622,0.023622047244094,0.031496062992126,0.031496062992126,0.031496062992126,0.110236220472441,0.102362204724409,0.031496062992126,0.047244094488189,0.007874015748031,0.015748031496063,0.31578947368421,0.210526315789474,0.210526315789474,0.263157894736842,0,64.2484315789474,7.83155123331623,66.14065,12.1486842105263,1.97670510870261,11.925,3.45268971669046,0.88873846767509,3.44144654273987,0.338157894736842,0.213666262411138,0.39,12.4947368421053,2.32657355857726,12.35,11.8026315789474,1.94845563821991,11.6,9.1,8.9,-7.11999988555908,0.994221288054791,-0.052631578947368,-0.125,0.457142857142857,0,Q24491
RNCMPT00234_min,0.058823529411765,0.003095975232198,0.04953560371517,0.065015479876161,0.04953560371517,0.024767801857585,0.015479876160991,0.071207430340557,0.123839009287926,0.061919504643963,0.040247678018576,0.108359133126935,0.046439628482972,0.052631578947368,0.027863777089783,0.03405572755418,0.04953560371517,0.058823529411765,0.006191950464396,0.052631578947368,0.210526315789474,0.105263157894737,0.447368421052632,0.236842105263158,1,69.7049393442623,12.5574412754039,68.20105,9.87418032786885,7.65958383524827,6.9,3.5783546308025,1.04162075194707,3.68546164035797,0.264754098360656,0.317784721337096,0.13,9.54918032786885,7.41183157232201,6.6,10.1991803278689,8.00768737987596,6.95,1.7,1.9,-4.53000020980835,0.913224371008154,0.619047619047619,-0.058823529411765,0.447368421052632,0,W4IDK7
RNCMPT00240_min,0.032258064516129,0.007168458781362,0.03584229390681,0.068100358422939,0.060931899641577,0.046594982078853,0.028673835125448,0.093189964157706,0.125448028673835,0.089605734767025,0.010752688172043,0.125448028673835,0.03584229390681,0.028673835125448,0.010752688172043,0.046594982078853,0.039426523297491,0.053763440860215,0.010752688172043,0.050179211469534,0.31578947368421,0.210526315789474,0.263157894736842,0.210526315789474,0,68.6898489361702,8.53678608016154,67.5029,10.856914893617,3.56809036802593,11.275,3.44918203702632,1.00163131716528,3.61844480037689,0.071595744680851,0.067748795830895,0.05,11.1414893617021,4.17059366534202,11.1,10.5723404255319,3.19372382695567,11.1,4.8,5.0,-5.21000003814697,0.989242296754326,0.111111111111111,0.2,0.526315789473684,0,A0A024VQQ2
RNCMPT00167_min,0.114503816793893,0.00763358778626,0.068702290076336,0.038167938931298,0.053435114503817,0.083969465648855,0.015267175572519,0.038167938931298,0.076335877862595,0.030534351145038,0.045801526717557,0.068702290076336,0.030534351145038,0.022900763358779,0.053435114503817,0.083969465648855,0.015267175572519,0.099236641221374,0.0,0.053435114503817,0.166666666666667,0.233333333333333,0.333333333333333,0.266666666666667,0,73.9626430555556,12.2253909929793,79.97175,8.24444444444445,4.55378310112387,9.1,3.61684279640516,0.884276463395744,3.75443160533905,0.336805555555556,0.30499515761055,0.26,8.89166666666667,5.48798303081186,9.4,7.59722222222222,4.02317134462747,7.25,1.7,2.5,-5.75,0.978771866509031,0.176470588235294,-0.230769230769231,0.433333333333333,0,O60812
RNCMPT00272_min,0.058333333333333,0.008333333333333,0.079166666666667,0.075,0.041666666666667,0.075,0.020833333333333,0.045833333333333,0.1,0.083333333333333,0.016666666666667,0.041666666666667,0.0375,0.0625,0.058333333333333,0.0375,0.041666666666667,0.083333333333333,0.004166666666667,0.029166666666667,0.31578947368421,0.210526315789474,0.236842105263158,0.236842105263158,1,63.3887845360825,9.24054961446355,64.8283,14.9381443298969,3.2797498411645,15.0,3.56350187050928,0.862164889040222,3.58596992492676,0.034845360824742,0.063510389603819,0.01,15.8824742268041,3.04562563049033,16.2,13.9938144329897,3.95157707000714,14.3,10.2,6.6,-6.71999979019165,0.9611460538546,0.444444444444444,-0.058823529411765,0.485714285714286,0,Q02926
7CGM,0.054441260744986,0.022922636103152,0.054441260744986,0.07163323782235,0.04297994269341,0.037249283667622,0.040114613180516,0.07163323782235,0.068767908309456,0.065902578796562,0.02865329512894,0.040114613180516,0.031518624641834,0.074498567335244,0.060171919770774,0.05730659025788,0.02865329512894,0.103151862464183,0.002865329512894,0.04297994269341,0.375,0.0,0.125,0.5,1,96.0371666666667,1.69071722770179,96.3772,1.37368421052632,0.253916687538504,1.35,3.45577261740701,0.615669340094969,3.28291749954224,0.721052631578947,0.385309171827945,0.96,1.18771929824561,0.234574215668819,1.1,1.55964912280702,0.309296234055642,1.5,0.9,1.1,0.0,0.702819531114783,1.0,-0.142857142857143,0.875,1,Q09487
RNCMPT00237_min,0.080851063829787,0.004255319148936,0.072340425531915,0.046808510638298,0.042553191489362,0.080851063829787,0.017021276595745,0.046808510638298,0.05531914893617,0.080851063829787,0.021276595744681,0.063829787234043,0.05531914893617,0.034042553191489,0.046808510638298,0.076595744680851,0.05531914893617,0.072340425531915,0.004255319148936,0.042553191489362,0.257142857142857,0.371428571428571,0.257142857142857,0.114285714285714,0,79.908140625,7.81838269957755,80.75335,4.009375,2.20389040936884,3.375,3.51993789616972,0.898252066829753,3.52965438365936,0.3278125,0.276878683822998,0.245,4.184375,3.33976611432787,2.95,3.834375,1.21996861135785,3.5,1.9,2.4,-2.33999991416931,0.97808936524446,0.058823529411765,0.333333333333333,0.514285714285714,0,A0A2K1JQP1
RNCMPT00224_min,0.10377358490566,0.004716981132075,0.075471698113208,0.05188679245283,0.05188679245283,0.070754716981132,0.023584905660377,0.056603773584906,0.061320754716981,0.080188679245283,0.028301886792453,0.056603773584906,0.075471698113208,0.037735849056604,0.033018867924528,0.056603773584906,0.037735849056604,0.05188679245283,0.004716981132075,0.037735849056604,0.166666666666667,0.3,0.366666666666667,0.166666666666667,0,69.6637213333333,6.84913641518864,70.6001,7.89133333333333,3.24353174767848,8.6,3.61060893853505,1.03611004784167,3.71410369873047,0.182666666666667,0.189204117815121,0.12,7.468,3.32866989099899,7.6,8.31466666666667,3.49070941962408,8.5,2.6,3.0,-3.83999991416931,0.91473664917992,0.4,0.2,0.333333333333333,0,Q6NWB3
3MOJ,0.066666666666667,0.0,0.066666666666667,0.013333333333333,0.026666666666667,0.106666666666667,0.013333333333333,0.106666666666667,0.173333333333333,0.053333333333333,0.04,0.08,0.013333333333333,0.013333333333333,0.013333333333333,0.026666666666667,0.053333333333333,0.106666666666667,0.0,0.026666666666667,0.217391304347826,0.231884057971014,0.304347826086956,0.246376811594203,0,85.7158244897959,3.31230240231591,85.5982,2.26326530612245,0.576336807471342,2.2,3.70858154491502,0.644594716884669,3.72082924842834,0.421632653061224,0.328686444672677,0.42,2.22040816326531,0.576259342598428,2.1,2.30612244897959,0.60841603202678,2.2,1.5,1.5,-38.2599983215332,0.99390793046345,0.135135135135135,-0.0625,0.463768115942029,1,P42305
7CGG,0.054913294797688,0.020231213872832,0.054913294797688,0.072254335260116,0.043352601156069,0.03757225433526,0.043352601156069,0.072254335260116,0.066473988439306,0.066473988439306,0.028901734104046,0.043352601156069,0.031791907514451,0.07514450867052,0.057803468208092,0.057803468208092,0.023121387283237,0.104046242774566,0.002890173410405,0.043352601156069,0.5,0.0,0.125,0.375,1,96.79765,1.55158553826202,97.24085,1.15862068965517,0.218475164398989,1.1,3.40476084988693,0.568395626352499,3.26183009147644,0.697586206896552,0.404176921243732,0.97,1.06379310344828,0.229949098762701,1.0,1.25344827586207,0.244386462169475,1.2,0.8,1.0,0.0,0.702819531114783,1.0,0.142857142857143,0.875,1,Q09487
1SJ3,0.063157894736842,0.0,0.052631578947368,0.042105263157895,0.063157894736842,0.031578947368421,0.021052631578947,0.105263157894737,0.11578947368421,0.073684210526316,0.042105263157895,0.052631578947368,0.042105263157895,0.042105263157895,0.063157894736842,0.084210526315789,0.042105263157895,0.031578947368421,0.0,0.031578947368421,0.136986301369863,0.342465753424657,0.342465753424657,0.178082191780822,1,96.6712525423729,1.83116902272234,97.3088,1.29322033898305,0.456887674560608,1.2,3.56033968117277,0.681606822417105,3.39200234413147,0.492542372881356,0.461637240849457,0.49,1.35254237288136,0.726910308986958,1.2,1.23389830508475,0.236796267365972,1.2,0.9,1.0,-42.9500007629395,0.947530041265734,0.0,-0.130434782608696,0.315068493150685,1,P09012
5Z4D,0.065527065527066,0.031339031339031,0.042735042735043,0.054131054131054,0.05982905982906,0.037037037037037,0.022792022792023,0.07977207977208,0.068376068376068,0.0997150997151,0.025641025641026,0.045584045584046,0.051282051282051,0.05982905982906,0.03988603988604,0.042735042735043,0.051282051282051,0.071225071225071,0.008547008547009,0.042735042735043,0.25,0.0,0.25,0.5,1,96.7664684210526,2.59893104658853,97.93365,1.34868421052632,0.413862302813267,1.25,3.8490537655981,0.657092283535972,3.78704011440277,0.412631578947368,0.426061055201718,0.235,1.21052631578947,0.271919576429354,1.1,1.48684210526316,0.585487116497568,1.3,0.9,0.9,0.0,0.75,1.0,-0.333333333333333,0.75,1,Q9VI58
2F8K,0.05952380952381,0.0,0.083333333333333,0.047619047619048,0.011904761904762,0.047619047619048,0.011904761904762,0.071428571428571,0.119047619047619,0.178571428571429,0.023809523809524,0.023809523809524,0.047619047619048,0.0,0.05952380952381,0.083333333333333,0.035714285714286,0.023809523809524,0.023809523809524,0.047619047619048,0.3125,0.125,0.125,0.4375,1,94.4204322580645,3.89602342586961,95.9277,1.48387096774194,0.531097463869893,1.35,3.79954076582386,0.707856855035284,3.87398791313171,0.293870967741935,0.411790216974249,0.02,1.40322580645161,0.363761708602158,1.3,1.56451612903226,0.736001986907089,1.5,1.0,1.0,-1.58000004291534,0.898089845973749,0.0,-0.166666666666667,0.75,1,Q08831
RNCMPT00097_min,0.057971014492754,0.028985507246377,0.053140096618357,0.072463768115942,0.038647342995169,0.111111111111111,0.014492753623188,0.028985507246377,0.06280193236715,0.06280193236715,0.014492753623188,0.043478260869565,0.057971014492754,0.043478260869565,0.072463768115942,0.038647342995169,0.06280193236715,0.091787439613527,0.004830917874396,0.038647342995169,0.263157894736842,0.210526315789474,0.342105263157895,0.184210526315789,1,54.9175726495727,9.53589291209636,55.5841,18.7465811965812,3.50578786520952,19.1,3.59635871190291,1.06670895805075,3.77598261833191,0.071965811965812,0.091465457171465,0.04,18.3888888888889,3.36807470271447,18.5,19.1042735042735,3.86280658112353,19.3,11.5,10.6,-4.92999982833862,0.892320349714147,-0.272727272727273,0.25,0.266666666666667,0,Q94901
RNCMPT00111_min,0.058139534883721,0.0,0.081395348837209,0.046511627906977,0.011627906976744,0.046511627906977,0.011627906976744,0.069767441860465,0.116279069767442,0.174418604651163,0.034883720930233,0.034883720930233,0.046511627906977,0.0,0.058139534883721,0.093023255813953,0.034883720930233,0.023255813953488,0.023255813953488,0.034883720930233,0.285714285714286,0.114285714285714,0.371428571428571,0.228571428571429,1,75.3806941176471,5.83495456152967,76.21325,5.63970588235294,2.39139174045742,4.575,3.51971757236649,1.10485058476432,3.75097560882568,0.251470588235294,0.222003717590238,0.175,5.89705882352941,3.76784524018844,4.3,5.38235294117647,1.6364171114257,5.3,2.3,2.9,-4.36999988555908,0.98986211886685,0.157894736842105,-0.125,0.457142857142857,0,Q08831
RNCMPT00155_min,0.077294685990338,0.009661835748792,0.057971014492754,0.072463768115942,0.057971014492754,0.07487922705314,0.009661835748792,0.043478260869565,0.084541062801932,0.057971014492754,0.043478260869565,0.048309178743961,0.048309178743961,0.038647342995169,0.070048309178744,0.060386473429952,0.036231884057971,0.070048309178744,0.002415458937198,0.036231884057971,0.3,0.133333333333333,0.266666666666667,0.3,1,71.2542402515723,14.1087294334023,67.6602,11.1996855345912,7.51095085937047,14.65,3.41855697886749,0.969210739128569,3.4817156791687,0.197044025157233,0.269193717503194,0.08,10.2823899371069,7.1148225966052,13.1,12.1169811320755,7.9753671995712,16.0,1.7,1.8,-4.40999984741211,0.972861409666655,-0.333333333333333,-0.058823529411765,0.447368421052632,0,P11940
3T5N,0.060283687943262,0.014184397163121,0.074468085106383,0.039007092198582,0.017730496453901,0.060283687943262,0.00709219858156,0.053191489361702,0.078014184397163,0.148936170212766,0.024822695035461,0.060283687943262,0.024822695035461,0.046099290780142,0.046099290780142,0.085106382978723,0.063829787234043,0.056737588652482,0.014184397163121,0.024822695035461,0.166666666666667,0.333333333333333,0.0,0.5,1,96.1946245901639,2.23323723905126,96.5763,1.66311475409836,0.617312835288577,1.4,3.56388061163855,0.732641511305173,3.49293613433838,0.272459016393443,0.38467152973979,0.02,1.76229508196721,0.895575035833817,1.5,1.56393442622951,0.454618076662615,1.4,1.1,1.1,0.0,0.729573958513622,-1.0,-0.5,0.666666666666667,1,Q5S585
RNCMPT00281_min,0.061946902654867,0.008849557522124,0.056047197640118,0.091445427728614,0.047197640117994,0.088495575221239,0.020648967551622,0.044247787610619,0.097345132743363,0.064896755162242,0.023598820058997,0.035398230088496,0.058997050147493,0.035398230088496,0.061946902654867,0.032448377581121,0.047197640117994,0.079646017699115,0.008849557522124,0.035398230088496,0.157894736842105,0.394736842105263,0.105263157894737,0.342105263157895,1,64.3704815789474,8.08183917067906,65.44875,13.7697368421053,4.44062367201852,13.0,3.45557051348059,0.885500307781209,3.566197514534,0.141184210526316,0.128207821969001,0.09,13.8710526315789,4.60205217381619,13.3,13.6684210526316,4.41301742654814,13.25,6.9,6.2,-4.76999998092651,0.953353793718457,-0.272727272727273,0.375,0.421052631578947,0,A0A8J0QJ86
RNCMPT00230_min,0.097852028639618,0.009546539379475,0.052505966587112,0.078758949880668,0.040572792362769,0.085918854415274,0.01909307875895,0.0381861575179,0.073985680190931,0.083532219570406,0.01909307875895,0.040572792362769,0.062052505966587,0.023866348448687,0.052505966587112,0.066825775656325,0.0381861575179,0.093078758949881,0.002386634844869,0.021479713603819,0.263157894736842,0.289473684210526,0.131578947368421,0.31578947368421,1,64.5584153846154,9.10037026943463,65.0714,14.2064102564103,3.29581432089048,13.4,3.56613472180489,0.881636628379939,3.54570865631104,0.154871794871795,0.148144165113649,0.09,14.1846153846154,3.09928161977973,13.8,14.2282051282051,3.67680844998319,13.7,10.2,8.7,-2.50999999046326,0.967355608866864,-0.375,-0.090909090909091,0.578947368421053,0,Q57WA3
RNCMPT00073_min,0.064516129032258,0.032258064516129,0.064516129032258,0.07258064516129,0.048387096774194,0.129032258064516,0.016129032258065,0.016129032258065,0.032258064516129,0.040322580645161,0.016129032258065,0.024193548387097,0.07258064516129,0.0,0.145161290322581,0.048387096774194,0.032258064516129,0.064516129032258,0.008064516129032,0.07258064516129,0.263157894736842,0.236842105263158,0.263157894736842,0.236842105263158,1,61.636417721519,11.168646330215,59.0515,9.31455696202532,3.53256963110946,10.0,3.50492804714396,0.892355029118029,3.55320763587952,0.163164556962025,0.116745881207723,0.14,9.25189873417722,4.10643212657005,10.7,9.37721518987342,3.40233514708643,8.5,2.8,4.5,-3.78999996185303,0.943824487357175,-0.125,-0.454545454545455,0.578947368421053,0,Q16629
4JK0,0.041666666666667,0.016666666666667,0.041666666666667,0.058333333333333,0.066666666666667,0.083333333333333,0.033333333333333,0.033333333333333,0.041666666666667,0.091666666666667,0.016666666666667,0.025,0.041666666666667,0.041666666666667,0.083333333333333,0.108333333333333,0.058333333333333,0.05,0.033333333333333,0.033333333333333,0.0,0.285714285714286,0.285714285714286,0.428571428571429,1,93.5968770833333,3.23150564053087,94.11505,1.90416666666667,0.911267140534783,1.725,3.54954362660646,0.956451762474867,3.67134356498718,0.3375,0.375853638331211,0.17,2.01666666666667,1.42311216246308,1.6,1.79166666666667,0.543367487940118,1.65,1.1,1.1,-6.19000005722046,0.778328353731411,0.0,-1.0,0.428571428571429,1,P69517
RNCMPT00089_min,0.054347826086957,0.010869565217391,0.108695652173913,0.054347826086957,0.065217391304348,0.054347826086957,0.010869565217391,0.043478260869565,0.021739130434783,0.065217391304348,0.010869565217391,0.032608695652174,0.054347826086957,0.043478260869565,0.152173913043478,0.032608695652174,0.043478260869565,0.076086956521739,0.010869565217391,0.054347826086957,0.263157894736842,0.263157894736842,0.210526315789474,0.263157894736842,0,78.5609772727273,7.31601513237541,80.44215,4.05113636363636,2.11436088084813,3.1,3.42511563951319,0.713239342130777,3.40559375286102,0.370681818181818,0.32486417718059,0.245,4.03181818181818,2.62384173580372,2.9,4.07045454545455,1.84246795377193,3.3,1.6,2.5,-4.1399998664856,0.986863224815062,-0.125,0.090909090909091,0.578947368421053,0,O75494
RNCMPT00044_min,0.074626865671642,0.017910447761194,0.023880597014925,0.059701492537313,0.014925373134328,0.104477611940299,0.014925373134328,0.11044776119403,0.050746268656716,0.062686567164179,0.032835820895522,0.032835820895522,0.056716417910448,0.056716417910448,0.038805970149254,0.104477611940299,0.071641791044776,0.053731343283582,0.002985074626866,0.014925373134328,0.236842105263158,0.184210526315789,0.368421052631579,0.210526315789474,0,62.7333376,10.5453931721978,63.8516,15.9624,5.37095930639656,13.4,3.72494136047363,0.792541932325552,3.77732992172241,0.15632,0.197963567844057,0.06,16.724,5.35426269735228,14.0,15.2008,5.65935559992934,13.4,8.9,6.4,-4.09999990463257,0.916131448512134,0.5,0.428571428571429,0.466666666666667,0,A0A6I9LNX7
RNCMPT00091_min,0.067911714770798,0.018675721561969,0.050933786078098,0.050933786078098,0.035653650254669,0.120543293718166,0.030560271646859,0.030560271646859,0.049235993208829,0.059422750424448,0.023769100169779,0.056027164685908,0.083191850594228,0.044142614601019,0.061120543293718,0.073005093378608,0.028862478777589,0.064516129032258,0.00339558573854,0.047538200339559,0.4,0.142857142857143,0.285714285714286,0.171428571428571,1,57.8078212328767,12.2120708725719,60.08505,14.4989726027397,6.48182729977217,16.45,3.37098563799303,1.08050832216672,3.54354166984558,0.140479452054795,0.212847143442006,0.04,13.8054794520548,6.5230602171164,15.4,15.1924657534247,6.62851817440929,17.25,1.8,2.2,-5.3899998664856,0.941189146523286,0.333333333333333,0.4,0.571428571428571,0,P14866
RNCMPT00119_min,0.082352941176471,0.011764705882353,0.050980392156863,0.035294117647059,0.031372549019608,0.090196078431373,0.019607843137255,0.050980392156863,0.043137254901961,0.082352941176471,0.043137254901961,0.086274509803922,0.070588235294118,0.031372549019608,0.066666666666667,0.066666666666667,0.047058823529412,0.054901960784314,0.0,0.035294117647059,0.228571428571429,0.171428571428571,0.428571428571429,0.171428571428571,1,80.5773159090909,7.26232682936575,82.39135,6.07443181818182,4.07980021427536,4.725,3.48772824555635,0.970300396875792,3.54985666275024,0.157954545454545,0.148014903652434,0.105,6.65795454545455,3.59446322598627,5.25,5.49090909090909,4.70870156502004,3.9,3.8,2.3,-7.07999992370606,0.965647640116437,0.111111111111111,-0.4,0.526315789473684,0,P19339
6NOH,0.064676616915423,0.029850746268657,0.067164179104478,0.052238805970149,0.04228855721393,0.039800995024876,0.027363184079602,0.062189054726368,0.064676616915423,0.111940298507463,0.034825870646766,0.044776119402985,0.017412935323383,0.054726368159204,0.052238805970149,0.082089552238806,0.049751243781095,0.067164179104478,0.007462686567164,0.027363184079602,0.5,0.0,0.125,0.375,1,96.6971344827586,1.5018225037684,97.4009,1.26206896551724,0.264460779572783,1.15,3.44368255549464,0.582858497566659,3.31105017662048,0.707586206896552,0.400452859195675,0.975,1.08448275862069,0.186191491823188,1.0,1.43965517241379,0.380645645027025,1.3,0.9,1.0,0.0,0.702819531114783,1.0,0.142857142857143,0.875,1,Q09312
4TZ0,0.059055118110236,0.011811023622047,0.062992125984252,0.084645669291339,0.051181102362205,0.041338582677165,0.019685039370079,0.094488188976378,0.102362204724409,0.09251968503937,0.015748031496063,0.043307086614173,0.039370078740157,0.023622047244094,0.051181102362205,0.070866141732283,0.045275590551181,0.068897637795276,0.0,0.021653543307087,1.0,0.0,0.0,0.0,1,88.0797308823529,2.83748472972457,89.0681,2.97647058823529,0.477045523988914,2.95,3.82982285934336,0.781758132204474,3.86973786354065,0.153823529411765,0.220995234714375,0.065,3.07205882352941,0.561938432978469,3.0,2.88088235294118,0.613834863529218,2.7,2.3,2.0,0.0,0.0,0.0,1.0,1.0,1,P15424
5O1Y,0.042944785276074,0.012269938650307,0.061349693251534,0.042944785276074,0.03680981595092,0.067484662576687,0.049079754601227,0.049079754601227,0.05521472392638,0.079754601226994,0.012269938650307,0.067484662576687,0.079754601226994,0.030674846625767,0.049079754601227,0.067484662576687,0.03680981595092,0.092024539877301,0.024539877300613,0.042944785276074,0.5,0.0,0.25,0.25,1,96.4221366666667,1.83127266609173,97.17965,1.45,0.448753061655102,1.325,3.52571180661519,0.618909230348018,3.6027204990387,0.651666666666667,0.356545526747536,0.805,1.39333333333333,0.688292907443322,1.2,1.50666666666667,0.282761424152068,1.5,0.9,1.0,0.0,0.75,1.0,0.333333333333333,0.75,1,P53617
RNCMPT00285_min,0.083969465648855,0.00763358778626,0.053435114503817,0.030534351145038,0.061068702290076,0.083969465648855,0.030534351145038,0.068702290076336,0.053435114503817,0.030534351145038,0.022900763358779,0.022900763358779,0.083969465648855,0.053435114503817,0.061068702290076,0.038167938931298,0.083969465648855,0.068702290076336,0.0,0.061068702290076,0.31578947368421,0.263157894736842,0.105263157894737,0.31578947368421,0,83.431,6.07318546179296,84.35655,5.16153846153846,1.48411904894213,4.9,3.5484758569644,0.930492591285486,3.64867734909058,0.358076923076923,0.319092084942105,0.29,4.84230769230769,1.36602273024555,4.6,5.48076923076923,1.83057244465034,5.05,3.0,2.9,-4.59000015258789,0.982848200563011,0.157894736842105,0.263157894736842,0.5,0,A0A5C6NGX6
2RD2,0.066162570888469,0.017013232514178,0.066162570888469,0.081285444234405,0.045368620037807,0.058601134215501,0.030245746691871,0.066162570888469,0.052930056710775,0.075614366729679,0.020793950850662,0.051039697542533,0.049149338374291,0.028355387523629,0.073724007561437,0.049149338374291,0.051039697542533,0.062381852551985,0.013232514177694,0.041587901701323,0.202702702702703,0.310810810810811,0.283783783783784,0.202702702702703,0,95.0427323943662,2.3626702974698,95.6713,1.52887323943662,0.671726998953269,1.4,3.72432370169062,0.73357662084301,3.67106699943542,0.342816901408451,0.409780024360386,0.08,1.68802816901408,1.11885721804803,1.5,1.36971830985916,0.315776524942759,1.3,1.0,1.0,-33.9099998474121,0.986569191355551,-0.045454545454546,0.0,0.405405405405405,1,P00962
RNCMPT00113_min,0.062146892655367,0.033898305084746,0.045197740112994,0.101694915254237,0.033898305084746,0.073446327683616,0.045197740112994,0.067796610169492,0.084745762711864,0.062146892655367,0.022598870056497,0.050847457627119,0.028248587570621,0.028248587570621,0.056497175141243,0.050847457627119,0.050847457627119,0.062146892655367,0.005649717514124,0.033898305084746,0.157894736842105,0.368421052631579,0.157894736842105,0.31578947368421,1,67.6717471910112,8.01595915037465,69.9189,6.96404494382022,1.93379027201476,6.95,3.39209337984578,0.904407155145527,3.35317158699036,0.198202247191011,0.156143595025925,0.16,6.8438202247191,2.51332607659921,6.6,7.08426966292135,1.74875922743712,6.7,2.7,4.2,-3.53999996185303,0.945231600849419,-0.263157894736842,-0.473684210526316,0.5,0,Q9BWF3
RNCMPT00184_min,0.106870229007634,0.00763358778626,0.045801526717557,0.038167938931298,0.061068702290076,0.091603053435115,0.030534351145038,0.061068702290076,0.053435114503817,0.045801526717557,0.022900763358779,0.022900763358779,0.076335877862595,0.061068702290076,0.061068702290076,0.015267175572519,0.076335877862595,0.068702290076336,0.0,0.053435114503817,0.289473684210526,0.31578947368421,0.263157894736842,0.131578947368421,0,76.4403147540984,7.18314898610714,77.9321,7.88688524590164,1.69405582452646,7.3,3.45374872059119,1.03935295669649,3.65665102005005,0.196885245901639,0.212591478220605,0.07,7.55573770491803,1.89160642401848,6.9,8.21803278688525,1.7869441510319,7.8,5.4,5.7,-7.3899998664856,0.967355608866864,-0.090909090909091,0.375,0.421052631578947,0,Q9BX46
1VBZ,0.063157894736842,0.0,0.052631578947368,0.042105263157895,0.063157894736842,0.031578947368421,0.021052631578947,0.105263157894737,0.11578947368421,0.073684210526316,0.042105263157895,0.052631578947368,0.042105263157895,0.042105263157895,0.063157894736842,0.084210526315789,0.042105263157895,0.031578947368421,0.0,0.031578947368421,0.136986301369863,0.342465753424657,0.342465753424657,0.178082191780822,1,96.6712525423729,1.83116902272234,97.3088,1.29322033898305,0.456887674560608,1.2,3.56033968117277,0.681606822417105,3.39200234413147,0.492542372881356,0.461637240849457,0.49,1.35254237288136,0.726910308986958,1.2,1.23389830508475,0.236796267365972,1.2,0.9,1.0,-42.9500007629395,0.947530041265734,0.0,-0.130434782608696,0.315068493150685,1,P09012
RNCMPT00176_min,0.091160220994475,0.011049723756906,0.041436464088398,0.052486187845304,0.060773480662983,0.104972375690608,0.022099447513812,0.027624309392265,0.046961325966851,0.05524861878453,0.044198895027624,0.016574585635359,0.085635359116022,0.035911602209945,0.049723756906077,0.069060773480663,0.082872928176796,0.06353591160221,0.005524861878453,0.033149171270718,0.2,0.371428571428571,0.171428571428571,0.257142857142857,0,62.5281484848485,11.9683256469122,65.24575,15.0151515151515,5.07824901453376,12.9,3.4628586760073,0.979003430559848,3.65745329856873,0.154393939393939,0.188354238994824,0.07,14.9651515151515,4.67403605608826,12.2,15.0651515151515,5.5882154141686,13.6,9.3,7.7,-4.80000019073486,0.967551496936124,-0.368421052631579,-0.125,0.457142857142857,0,O43347
2DR8,0.052631578947368,0.013729977116705,0.034324942791762,0.14187643020595,0.073226544622426,0.061784897025172,0.018306636155606,0.045766590389016,0.082379862700229,0.089244851258581,0.016018306636156,0.032036613272311,0.041189931350114,0.006864988558352,0.091533180778032,0.041189931350114,0.025171624713959,0.08695652173913,0.013729977116705,0.032036613272311,0.060606060606061,0.393939393939394,0.393939393939394,0.151515151515152,1,97.8646075757576,1.14638636315774,98.2458,1.0780303030303,0.297441498821945,0.95,3.67400482929114,0.709452346178075,3.59331893920898,0.235151515151515,0.390779270469197,0.0,1.11212121212121,0.319381687021441,1.0,1.04393939393939,0.342447654788869,0.9,0.8,0.8,-34.689998626709,0.85824140595036,0.0,-0.428571428571429,0.212121212121212,1,O28126
RNCMPT00223_min,0.188940092165899,0.004608294930876,0.018433179723502,0.050691244239631,0.046082949308756,0.04147465437788,0.023041474654378,0.018433179723502,0.101382488479263,0.050691244239631,0.009216589861751,0.046082949308756,0.059907834101382,0.032258064516129,0.069124423963134,0.064516129032258,0.036866359447005,0.105990783410138,0.004608294930876,0.027649769585253,0.133333333333333,0.333333333333333,0.333333333333333,0.2,1,56.5360533898305,4.59719132460119,57.2027,12.9915254237288,2.26240460047958,12.525,3.36030187495684,1.02996551616207,3.53053545951843,0.065932203389831,0.088773574339927,0.03,12.4576271186441,2.48542440887864,12.0,13.5254237288136,2.35274658337569,13.5,8.9,9.3,-3.04999995231628,0.978771866509031,0.066666666666667,0.333333333333333,0.5,0,Q4Q5K7
4M4O,0.093023255813953,0.062015503875969,0.054263565891473,0.015503875968992,0.023255813953488,0.093023255813953,0.007751937984496,0.046511627906977,0.046511627906977,0.062015503875969,0.015503875968992,0.108527131782946,0.015503875968992,0.023255813953488,0.085271317829457,0.077519379844961,0.054263565891473,0.046511627906977,0.046511627906977,0.023255813953488,0.271186440677966,0.220338983050847,0.271186440677966,0.23728813559322,1,76.8429103448276,4.53237089914199,78.2449,4.78793103448276,0.845329096144322,4.55,3.9394745497868,0.7492351635027,3.98984360694885,0.285862068965517,0.236952636035428,0.22,4.43448275862069,0.837630954396712,4.3,5.14137931034483,1.17974490020371,4.9,3.3,3.3,-23.2299995422363,0.99718012430261,0.103448275862069,0.066666666666667,0.508474576271186,1,P00698
RNCMPT00110_min,0.04950495049505,0.00990099009901,0.099009900990099,0.054455445544554,0.034653465346535,0.163366336633663,0.00990099009901,0.034653465346535,0.03960396039604,0.02970297029703,0.014851485148515,0.02970297029703,0.069306930693069,0.004950495049505,0.123762376237624,0.04950495049505,0.02970297029703,0.084158415841584,0.004950495049505,0.064356435643564,0.342105263157895,0.263157894736842,0.210526315789474,0.184210526315789,1,48.4403875,8.43260202898213,50.86085,19.8578125,2.09412039333325,19.625,3.43944636359811,1.08381926959053,3.62146520614624,0.0278125,0.017912759013727,0.02,18.496875,2.28465912965363,18.4,21.21875,2.08673807806625,21.05,14.2,16.6,-4.30999994277954,0.98986211886685,-0.058823529411765,-0.222222222222222,0.514285714285714,0,Q07955
RNCMPT00168_min,0.082840236686391,0.005917159763314,0.053254437869822,0.06508875739645,0.053254437869822,0.076923076923077,0.017751479289941,0.029585798816568,0.053254437869822,0.041420118343195,0.011834319526627,0.071005917159763,0.059171597633136,0.071005917159763,0.053254437869822,0.059171597633136,0.094674556213018,0.076923076923077,0.005917159763314,0.017751479289941,0.3,0.066666666666667,0.266666666666667,0.366666666666667,1,74.2345577777778,7.19300544681772,77.3081,7.65111111111111,2.47637677246253,6.75,3.65781791475084,0.77674090505239,3.62106585502625,0.216444444444444,0.149044769899327,0.19,7.36222222222222,2.68474553465661,6.5,7.94,2.39073971055746,7.3,5.0,4.9,-1.5900000333786,0.910394084171074,0.6,-0.1,0.666666666666667,0,Q9NWB1
RNCMPT00200_min,0.061538461538462,0.006593406593407,0.035164835164835,0.076923076923077,0.050549450549451,0.061538461538462,0.013186813186813,0.057142857142857,0.081318681318681,0.061538461538462,0.026373626373626,0.096703296703297,0.072527472527473,0.059340659340659,0.026373626373626,0.081318681318681,0.03956043956044,0.052747252747253,0.006593406593407,0.032967032967033,0.433333333333333,0.1,0.3,0.166666666666667,1,58.75824921875,13.416748272421,57.94825,18.605859375,6.36418875177802,16.45,3.40079219988547,0.956492056223888,3.4824823141098,0.101953125,0.138114745138972,0.02,19.34453125,6.1456060558981,18.2,17.8671875,6.85642533726663,16.0,8.8,5.3,-6.75,0.981649930192858,0.125,0.181818181818182,0.578947368421053,0,W7FFR2
4J39,0.040983606557377,0.016393442622951,0.049180327868852,0.057377049180328,0.065573770491803,0.081967213114754,0.024590163934426,0.032786885245902,0.040983606557377,0.09016393442623,0.016393442622951,0.032786885245902,0.040983606557377,0.040983606557377,0.081967213114754,0.10655737704918,0.065573770491803,0.049180327868852,0.032786885245902,0.032786885245902,0.157894736842105,0.368421052631579,0.31578947368421,0.157894736842105,1,94.000635,2.05862870946836,93.1025,1.7375,0.392654595769548,1.9,3.85645824670792,0.637905017071313,3.64900898933411,0.348,0.407761540221991,0.075,1.7,0.371341805944476,1.7,1.775,0.48327283347913,1.9,1.2,1.1,-13.9200000762939,0.94841021822029,-0.076923076923077,0.0,0.31578947368421,1,P69517
RNCMPT00217_min,0.075129533678756,0.012953367875648,0.05699481865285,0.082901554404145,0.051813471502591,0.093264248704663,0.031088082901554,0.041450777202073,0.020725388601036,0.05699481865285,0.023316062176166,0.051813471502591,0.064766839378238,0.036269430051813,0.098445595854922,0.059585492227979,0.049222797927461,0.062176165803109,0.005181347150259,0.025906735751295,0.289473684210526,0.184210526315789,0.368421052631579,0.157894736842105,0,56.2255420168067,14.0578403549407,60.3884,15.4882352941176,5.78543505052373,16.4,3.47222410280164,0.889243161854868,3.56829595565796,0.132521008403361,0.162950644952697,0.06,15.3596638655462,5.78017241147658,16.4,15.6168067226891,5.93848864137023,15.6,6.9,4.0,-5.46000003814697,0.93232903456152,0.3,0.2,0.333333333333333,0,C9ZQS2
RNCMPT00171_min,0.070680628272251,0.015706806282723,0.06544502617801,0.06282722513089,0.06282722513089,0.083769633507853,0.013089005235602,0.044502617801047,0.089005235602094,0.075916230366492,0.020942408376963,0.049738219895288,0.041884816753927,0.015706806282723,0.086387434554974,0.054973821989529,0.031413612565445,0.073298429319372,0.007853403141361,0.034031413612565,0.2,0.233333333333333,0.366666666666667,0.2,0,75.956699,6.59600346603444,76.06555,9.998,2.93109349746969,9.825,3.63499242037535,0.930802447254453,3.62891113758087,0.187,0.202875789237124,0.095,9.885,2.91822469209198,9.4,10.111,3.33302710714595,10.0,5.1,3.6,-5.82000017166138,0.974698926669803,0.222222222222222,0.0,0.4,0,Q96DU9
RNCMPT00087_min,0.068181818181818,0.03030303030303,0.053030303030303,0.037878787878788,0.053030303030303,0.068181818181818,0.007575757575758,0.060606060606061,0.113636363636364,0.068181818181818,0.022727272727273,0.068181818181818,0.037878787878788,0.015151515151515,0.068181818181818,0.090909090909091,0.037878787878788,0.053030303030303,0.0,0.045454545454545,0.210526315789474,0.394736842105263,0.210526315789474,0.184210526315789,1,59.5599284090909,6.14832947174204,60.56,17.9147727272727,1.99009268961791,17.825,3.34506513313814,1.14651366235365,3.57064020633697,0.09125,0.07978149037776,0.06,17.3034090909091,2.09358345732621,17.65,18.5261363636364,2.17332280786087,18.35,12.2,13.4,-6.28000020980835,0.990970393432049,0.157894736842105,0.157894736842105,0.5,0,Q8TBF4
RNCMPT00229_min,0.089020771513353,0.008902077151335,0.044510385756677,0.056379821958457,0.044510385756677,0.106824925816024,0.023738872403561,0.026706231454006,0.038575667655786,0.044510385756677,0.020771513353116,0.047477744807122,0.071216617210683,0.071216617210683,0.050445103857567,0.050445103857567,0.056379821958457,0.077151335311573,0.017804154302671,0.053412462908012,0.342857142857143,0.257142857142857,0.257142857142857,0.142857142857143,1,59.2496263157895,6.58032239391027,60.13595,16.7271929824561,2.00237845687375,16.95,3.46617252994002,0.900159203540452,3.46437156200409,0.05421052631579,0.074047279046794,0.02,15.4771929824561,2.30885310714926,15.8,17.9771929824561,2.52908864930759,17.9,11.1,12.8,-5.84999990463257,0.994985417684099,-0.052631578947368,0.157894736842105,0.5,0,A0A7I4FNM6
2RE8,0.066162570888469,0.017013232514178,0.066162570888469,0.081285444234405,0.045368620037807,0.058601134215501,0.030245746691871,0.066162570888469,0.052930056710775,0.075614366729679,0.020793950850662,0.051039697542533,0.049149338374291,0.028355387523629,0.073724007561437,0.049149338374291,0.051039697542533,0.062381852551985,0.013232514177694,0.041587901701323,0.202702702702703,0.310810810810811,0.283783783783784,0.202702702702703,1,95.0427323943662,2.3626702974698,95.6713,1.52887323943662,0.671726998953269,1.4,3.72432370169062,0.73357662084301,3.67106699943542,0.342816901408451,0.409780024360386,0.08,1.68802816901408,1.11885721804803,1.5,1.36971830985916,0.315776524942759,1.3,1.0,1.0,-33.9099998474121,0.986569191355551,-0.045454545454546,0.0,0.405405405405405,1,P00962
RNCMPT00046_min,0.099744245524297,0.020460358056266,0.035805626598465,0.061381074168798,0.030690537084399,0.063938618925831,0.043478260869565,0.058823529411765,0.063938618925831,0.079283887468031,0.025575447570332,0.043478260869565,0.030690537084399,0.084398976982097,0.040920716112532,0.043478260869565,0.051150895140665,0.08695652173913,0.0,0.035805626598465,0.210526315789474,0.236842105263158,0.236842105263158,0.31578947368421,1,81.0337766233766,8.82516103714553,85.0638,4.58376623376623,4.02801408524723,3.35,3.48375894574376,0.882266954708883,3.44855809211731,0.341688311688312,0.254725872249296,0.4,4.25324675324675,4.03711675435721,3.1,4.91428571428571,4.09649125490386,3.5,2.2,2.2,-1.88999998569489,0.963315111010797,-0.333333333333333,-0.294117647058823,0.485714285714286,0,P25822
3PEY,0.071611253196931,0.0076726342711,0.066496163682864,0.051150895140665,0.040920716112532,0.056265984654731,0.012787723785166,0.071611253196931,0.081841432225064,0.104859335038363,0.028132992327366,0.043478260869565,0.040920716112532,0.058823529411765,0.051150895140665,0.048593350383632,0.066496163682864,0.074168797953964,0.002557544757033,0.020460358056266,0.0,0.0,0.0,1.0,1,93.2149692307692,3.15532354902548,94.8041,2.69807692307692,0.53412577817214,2.475,3.71975034016829,0.788348045426359,3.48125398159027,0.251730769230769,0.338333407633602,0.045,2.56538461538462,0.576631399369705,2.4,2.83076923076923,0.711402498118195,2.55,1.9,1.8,0.0,0.0,0.0,-1.0,1.0,1,P20449
RNCMPT00132_min,0.107049608355091,0.010443864229765,0.031331592689295,0.04177545691906,0.039164490861619,0.070496083550914,0.005221932114883,0.060052219321149,0.054830287206266,0.067885117493473,0.013054830287206,0.135770234986945,0.04177545691906,0.044386422976501,0.036553524804178,0.08355091383812,0.067885117493473,0.054830287206266,0.005221932114883,0.028720626631854,0.257142857142857,0.171428571428571,0.342857142857143,0.228571428571429,1,69.7162139534884,8.97599418114563,70.3855,11.6166666666667,2.83777761123618,11.05,3.57487737416297,0.886593035968965,3.67048811912537,0.222635658914729,0.203479572761021,0.17,11.6232558139535,3.4603673853885,11.7,11.6100775193798,3.42438053159893,10.6,5.7,6.4,-5.88000011444092,0.943824487357175,0.454545454545455,0.125,0.421052631578947,0,A2RVE5
RNCMPT00047_min,0.096774193548387,0.005865102639296,0.041055718475073,0.079178885630499,0.01466275659824,0.06158357771261,0.017595307917889,0.055718475073314,0.070381231671554,0.096774193548387,0.038123167155425,0.041055718475073,0.096774193548387,0.032258064516129,0.058651026392962,0.032258064516129,0.064516129032258,0.06158357771261,0.002932551319648,0.032258064516129,0.184210526315789,0.210526315789474,0.368421052631579,0.236842105263158,0,86.2708868852459,6.63307388921796,88.7846,3.80245901639344,1.53453104208604,3.15,3.73437151166259,0.689116013125821,3.70476484298706,0.318196721311475,0.27507882625847,0.26,3.80327868852459,1.39892425493243,3.4,3.8016393442623,1.77993368821039,3.0,2.4,2.1,-4.57000017166138,0.99900044193615,0.0,0.0,0.526315789473684,0,Q96PU8
RNCMPT00273_min,0.079178885630499,0.011730205278592,0.067448680351906,0.131964809384164,0.026392961876833,0.049853372434018,0.01466275659824,0.067448680351906,0.082111436950147,0.085043988269795,0.020527859237537,0.043988269794721,0.032258064516129,0.01466275659824,0.058651026392962,0.049853372434018,0.052785923753666,0.073313782991202,0.002932551319648,0.035190615835777,0.066666666666667,0.233333333333333,0.233333333333333,0.466666666666667,0,62.3458236842105,6.75609040817824,63.66045,9.67368421052632,2.29484548270111,9.0,3.525464515937,0.981000850639687,3.47892320156097,0.202105263157895,0.186549868627839,0.14,8.83947368421053,2.19723898904157,8.4,10.5078947368421,2.57140003709698,9.85,6.3,7.1,-1.12999999523163,0.979649455264845,-0.333333333333333,0.0,0.526315789473684,0,P41374
4J7L,0.058659217877095,0.025139664804469,0.041899441340782,0.06145251396648,0.050279329608939,0.072625698324022,0.027932960893855,0.002793296089385,0.022346368715084,0.100558659217877,0.022346368715084,0.03072625698324,0.100558659217877,0.050279329608939,0.078212290502793,0.069832402234637,0.047486033519553,0.06145251396648,0.027932960893855,0.047486033519553,0.0,0.0,0.0,1.0,1,95.6479071428572,2.15012370028636,96.53665,1.51547619047619,0.226717858194184,1.5,3.61443958963667,0.774283490609464,3.61544287204742,0.246666666666667,0.384242470873229,0.005,1.28333333333333,0.122805947791661,1.3,1.74761904761905,0.389018837864833,1.7,1.0,1.1,0.0,0.0,0.0,-1.0,1.0,1,O70348
5WWG,0.059782608695652,0.005434782608696,0.065217391304348,0.103260869565217,0.059782608695652,0.081521739130435,0.03804347826087,0.048913043478261,0.092391304347826,0.043478260869565,0.021739130434783,0.016304347826087,0.027173913043478,0.032608695652174,0.08695652173913,0.054347826086957,0.054347826086957,0.076086956521739,0.005434782608696,0.027173913043478,0.375,0.125,0.25,0.25,1,92.4842621621622,2.05136958861247,92.8892,1.61081081081081,0.376411258380293,1.55,3.48893512906255,0.612805153246314,3.44622159004211,0.494594594594595,0.427834304599564,0.42,1.52432432432432,0.41726983369771,1.4,1.6972972972973,0.389790888730018,1.6,1.0,1.1,0.0,0.952819531114783,0.333333333333333,0.2,0.625,1,P22626
4TYY,0.059405940594059,0.011881188118812,0.061386138613861,0.083168316831683,0.051485148514851,0.041584158415842,0.01980198019802,0.095049504950495,0.102970297029703,0.093069306930693,0.015841584158416,0.041584158415842,0.03960396039604,0.023762376237624,0.051485148514851,0.071287128712871,0.045544554455446,0.069306930693069,0.0,0.021782178217822,1.0,0.0,0.0,0.0,1,83.8929646153846,2.53578823534412,84.1261,3.52769230769231,0.465533193065923,3.5,3.62316312423119,0.901800926052477,3.77115607261658,0.114153846153846,0.184491635207503,0.04,3.40769230769231,0.519707758116187,3.4,3.64769230769231,0.579360555997864,3.6,2.4,2.9,0.0,0.0,0.0,1.0,1.0,1,P15424
RNCMPT00085_min,0.101382488479263,0.027649769585253,0.043778801843318,0.059907834101382,0.029953917050691,0.101382488479263,0.027649769585253,0.027649769585253,0.039170506912442,0.069124423963134,0.023041474654378,0.032258064516129,0.105990783410138,0.04147465437788,0.066820276497696,0.071428571428571,0.057603686635945,0.055299539170507,0.0,0.018433179723502,0.228571428571429,0.285714285714286,0.257142857142857,0.228571428571429,1,57.14896875,4.90963270603327,57.02595,16.8375,2.49502696868553,15.975,3.47687157740196,0.899923925279822,3.32015585899353,0.079791666666667,0.080675066235218,0.05,15.93125,2.96254320374278,14.8,17.74375,2.22595007208254,17.1,11.6,14.4,-5.32000017166138,0.996804280445991,-0.052631578947368,0.0,0.457142857142857,0,Q96K80
RNCMPT00038_min,0.149214659685864,0.036649214659686,0.023560209424084,0.034031413612565,0.028795811518325,0.041884816753927,0.026178010471204,0.036649214659686,0.041884816753927,0.068062827225131,0.041884816753927,0.052356020942408,0.091623036649215,0.06544502617801,0.044502617801047,0.052356020942408,0.078534031413613,0.06282722513089,0.00261780104712,0.020942408376963,0.263157894736842,0.184210526315789,0.289473684210526,0.263157894736842,1,66.1720588235294,4.77105603236336,67.2555,15.9205882352941,1.24592575705711,15.975,3.41738080627778,0.861736039333245,3.46259784698486,0.192941176470588,0.171734425512353,0.145,16.1705882352941,2.11477099593139,16.9,15.6705882352941,2.14803338195866,15.55,11.8,11.7,-5.32000017166138,0.909104773482882,0.5,-0.304347826086957,0.657142857142857,0,K7CF00
4OLA,0.0595690747782,0.025348542458809,0.044359949302915,0.045627376425856,0.049429657794677,0.051964512040558,0.036755386565272,0.0595690747782,0.060836501901141,0.076045627376426,0.024081115335868,0.026615969581749,0.060836501901141,0.065906210392902,0.070975918884664,0.046894803548796,0.067173637515843,0.08745247148289,0.007604562737643,0.032953105196451,0.9,0.0,0.0,0.1,1,92.37973,5.39101656416028,94.4188,2.3975,1.91510971017856,1.55,3.49983568310738,0.840363180115454,3.53689980506897,0.2512,0.404100897491623,0.0,2.3,1.81414197655837,1.55,2.495,2.08250892779441,1.6,1.0,1.0,0.0,0.234497796794641,0.0,0.8,1.0,1,Q9UKV8
RNCMPT00206_min,0.090909090909091,0.014204545454545,0.045454545454545,0.051136363636364,0.053977272727273,0.0625,0.034090909090909,0.045454545454545,0.042613636363636,0.073863636363636,0.008522727272727,0.053977272727273,0.056818181818182,0.051136363636364,0.039772727272727,0.09375,0.045454545454545,0.096590909090909,0.002840909090909,0.036931818181818,0.1,0.2,0.5,0.2,0,63.9720325396825,10.0011060912267,66.38625,10.6777777777778,4.3125563442374,10.75,3.528538762577,0.900289559529009,3.64528930187225,0.145714285714286,0.145857072897703,0.1,10.0357142857143,4.74913826769808,8.5,11.3198412698413,4.55703447151798,12.05,3.9,3.0,-6.15999984741211,0.880482023721841,0.428571428571429,-0.333333333333333,0.3,0,A0A2K1J988
6CMN,0.076923076923077,0.0,0.043956043956044,0.032967032967033,0.065934065934066,0.032967032967033,0.021978021978022,0.098901098901099,0.098901098901099,0.065934065934066,0.021978021978022,0.054945054945055,0.065934065934066,0.054945054945055,0.076923076923077,0.065934065934066,0.054945054945055,0.032967032967033,0.0,0.032967032967033,0.148148148148148,0.296296296296296,0.333333333333333,0.222222222222222,0,89.09251875,2.79199820090032,88.75555,2.2171875,1.0794718970927,2.025,3.53326535597444,0.80141418133217,3.44159865379333,0.45625,0.398867347987175,0.5,2.515625,1.72423136217927,2.25,1.91875,0.50445595095272,1.8,1.3,1.3,-12.6400003433228,0.969312269279739,0.058823529411765,-0.2,0.37037037037037,1,G1TM83
6FPQ,0.080459770114943,0.017241379310345,0.057471264367816,0.063218390804598,0.03448275862069,0.051724137931034,0.03448275862069,0.086206896551724,0.063218390804598,0.051724137931034,0.040229885057471,0.051724137931034,0.017241379310345,0.017241379310345,0.074712643678161,0.114942528735632,0.03448275862069,0.051724137931034,0.017241379310345,0.040229885057471,0.428571428571429,0.285714285714286,0.0,0.285714285714286,1,93.6017621621622,4.54722931552533,94.9186,1.78378378378378,0.956415040518357,1.5,3.5290170940193,0.683088760018108,3.3810875415802,0.501891891891892,0.416952154448324,0.35,1.73243243243243,1.23266965342482,1.3,1.83513513513514,0.714226938808751,1.7,0.9,1.1,0.0,0.778328353731411,-1.0,0.2,0.714285714285714,1,O74958
6XH1,0.069767441860465,0.0,0.046511627906977,0.023255813953488,0.069767441860465,0.034883720930233,0.023255813953488,0.093023255813953,0.104651162790698,0.069767441860465,0.023255813953488,0.058139534883721,0.058139534883721,0.046511627906977,0.093023255813953,0.069767441860465,0.046511627906977,0.034883720930233,0.0,0.034883720930233,0.148148148148148,0.296296296296296,0.333333333333333,0.222222222222222,1,89.6254666666667,2.7950455500792,89.7989,2.12435897435897,0.95455085848293,1.9,3.50632816705948,0.968280247087358,3.49010181427002,0.391794871794872,0.412635124884927,0.17,2.45897435897436,1.53275087217961,2.2,1.78974358974359,0.425994113991256,1.7,1.2,1.2,-12.8500003814697,0.969312269279739,0.058823529411765,-0.2,0.37037037037037,1,6XH1
4JXX,0.065298507462687,0.01865671641791,0.065298507462687,0.080223880597015,0.044776119402985,0.057835820895522,0.029850746268657,0.065298507462687,0.055970149253731,0.074626865671642,0.020522388059701,0.050373134328358,0.050373134328358,0.027985074626866,0.072761194029851,0.050373134328358,0.050373134328358,0.063432835820896,0.014925373134328,0.041044776119403,0.197183098591549,0.323943661971831,0.295774647887324,0.183098591549296,1,95.2824945578231,3.85515351537308,96.59,1.58877551020408,0.960090533658571,1.3,3.66326835609618,0.702640751480682,3.61127328872681,0.344489795918367,0.410322598901323,0.08,1.77755102040816,1.46005235027028,1.3,1.4,0.526294880622891,1.3,1.0,1.0,-33.9599990844727,0.978470206848778,-0.045454545454546,0.037037037037037,0.380281690140845,1,P00962
1LNG,0.022988505747126,0.03448275862069,0.045977011494253,0.103448275862069,0.0,0.057471264367816,0.011494252873563,0.114942528735632,0.195402298850575,0.091954022988506,0.011494252873563,0.022988505747126,0.057471264367816,0.022988505747126,0.068965517241379,0.03448275862069,0.0,0.03448275862069,0.022988505747126,0.045977011494253,0.195876288659794,0.298969072164948,0.360824742268041,0.144329896907216,0,93.9822320512821,2.57943986114642,94.4303,1.7525641025641,0.441212720429347,1.625,3.60472975327418,0.749295188800117,3.52255582809448,0.218205128205128,0.378008257965673,0.0,1.80897435897436,0.418154851524504,1.65,1.69615384615385,0.520100466741278,1.6,1.2,1.2,-56.060001373291,0.957585564825481,0.09375,0.151515151515152,0.34020618556701,1,Q58440
RNCMPT00076_min,0.046153846153846,0.015384615384615,0.065384615384615,0.057692307692308,0.065384615384615,0.123076923076923,0.019230769230769,0.034615384615385,0.073076923076923,0.061538461538462,0.030769230769231,0.053846153846154,0.034615384615385,0.05,0.053846153846154,0.065384615384615,0.042307692307692,0.076923076923077,0.011538461538462,0.019230769230769,0.31578947368421,0.289473684210526,0.184210526315789,0.210526315789474,1,66.5637373333333,5.88745888025517,67.7759,12.1786666666667,1.76692918328345,12.0,3.65511018276215,0.793563283838753,3.73343348503113,0.098133333333333,0.088542146527582,0.06,11.7933333333333,1.98319516514716,11.5,12.564,2.30256261469576,12.4,8.6,7.4,-4.59000015258789,0.982848200563011,-0.222222222222222,0.2,0.526315789473684,0,Q13148
7CGJ,0.055072463768116,0.020289855072464,0.052173913043478,0.072463768115942,0.043478260869565,0.03768115942029,0.043478260869565,0.072463768115942,0.066666666666667,0.066666666666667,0.028985507246377,0.043478260869565,0.031884057971014,0.07536231884058,0.057971014492754,0.057971014492754,0.023188405797101,0.104347826086957,0.002898550724638,0.043478260869565,0.375,0.0,0.25,0.375,1,97.0928672413793,1.34232324752195,97.55355,1.18879310344828,0.214198445341442,1.15,3.43009598501797,0.589420224382757,3.31963586807251,0.671034482758621,0.411167314111406,0.97,1.08103448275862,0.203009719369541,1.0,1.29655172413793,0.258854099148725,1.2,0.9,1.0,0.0,0.780639062229566,1.0,0.0,0.75,1,Q09487
3K62,0.065,0.0325,0.0675,0.0525,0.0425,0.04,0.025,0.0625,0.065,0.1125,0.035,0.045,0.0175,0.0575,0.055,0.0775,0.0475,0.0675,0.0075,0.025,0.111111111111111,0.111111111111111,0.222222222222222,0.555555555555556,1,93.2247924528302,3.1537624286684,93.99,2.77924528301887,0.668050692044237,2.65,3.4730199417978,0.531612741856281,3.35277605056763,0.699245283018868,0.337353096556365,0.89,2.17547169811321,0.51623848855758,2.1,3.38301886792453,0.969285194408072,3.2,1.4,1.9,0.0,0.828871363252445,0.333333333333333,-0.666666666666667,0.666666666666667,1,Q09312
RNCMPT00013_min,0.066137566137566,0.013227513227513,0.044973544973545,0.037037037037037,0.055555555555556,0.124338624338624,0.013227513227513,0.026455026455026,0.047619047619048,0.026455026455026,0.023809523809524,0.029100529100529,0.166666666666667,0.060846560846561,0.042328042328042,0.063492063492063,0.044973544973545,0.063492063492063,0.015873015873016,0.034391534391534,0.2,0.166666666666667,0.233333333333333,0.4,0,69.5189150537634,10.614065459537,69.18,11.7682795698925,5.20701233364491,11.0,3.63895770234446,0.946911343465918,3.71673250198364,0.24010752688172,0.194994395814987,0.24,10.7827956989247,5.27971144748243,10.5,12.7537634408602,5.34977771053407,12.5,3.6,4.7,-6.17999982833862,0.956937798773912,0.166666666666667,-0.333333333333333,0.6,0,Q96EP5
5NPM,0.109004739336493,0.0,0.052132701421801,0.075829383886256,0.033175355450237,0.109004739336493,0.028436018957346,0.085308056872038,0.080568720379147,0.066350710900474,0.014218009478673,0.028436018957346,0.056872037914692,0.014218009478673,0.061611374407583,0.033175355450237,0.052132701421801,0.080568720379147,0.004739336492891,0.014218009478673,0.1625,0.2875,0.4,0.15,1,78.7010294871795,4.14236647735996,79.89935,3.92628205128205,1.5551073032459,3.375,3.76138481421348,0.664012971232545,3.79024517536163,0.309358974358974,0.382372429260629,0.04,5.17692307692308,2.64569844837243,4.35,2.67564102564103,0.621515930030801,2.5,2.2,1.7,-46.2099990844727,0.941169101607435,0.163636363636364,0.04,0.3125,1,P27150
RNCMPT00079_min,0.066666666666667,0.016,0.058666666666667,0.050666666666667,0.045333333333333,0.08,0.013333333333333,0.042666666666667,0.045333333333333,0.085333333333333,0.04,0.04,0.074666666666667,0.061333333333333,0.037333333333333,0.050666666666667,0.061333333333333,0.098666666666667,0.002666666666667,0.029333333333333,0.142857142857143,0.285714285714286,0.257142857142857,0.314285714285714,1,79.1161304347826,5.49556511744602,79.8045,6.35217391304348,2.18592480735892,5.75,3.54023435150368,0.905730452275872,3.77439045906067,0.110434782608696,0.107845679269428,0.08,6.52463768115942,2.30098481455105,5.6,6.17971014492754,2.25894169066121,5.8,3.4,3.2,-1.10000002384186,0.973041590739604,-0.052631578947368,-0.375,0.457142857142857,0,P26368
RNCMPT00149_min,0.049689440993789,0.037267080745342,0.049689440993789,0.099378881987578,0.049689440993789,0.055900621118012,0.024844720496894,0.055900621118012,0.06832298136646,0.062111801242236,0.018633540372671,0.024844720496894,0.099378881987578,0.031055900621118,0.099378881987578,0.049689440993789,0.043478260869565,0.055900621118012,0.006211180124224,0.018633540372671,0.171428571428571,0.2,0.2,0.428571428571429,0,75.3144822222222,7.69013486654075,75.8861,8.04444444444444,4.38506274214238,6.5,3.26021262804667,0.964810726541399,3.29536390304565,0.224888888888889,0.215918989672076,0.17,7.33333333333333,3.56861317601109,6.5,8.75555555555556,5.39067189080762,6.5,3.1,3.2,-4.57999992370606,0.946203559296438,0.0,-0.454545454545455,0.578947368421053,0,Q8TC92
RNCMPT00145_min,0.074074074074074,0.0,0.032407407407407,0.074074074074074,0.069444444444444,0.037037037037037,0.009259259259259,0.069444444444444,0.134259259259259,0.074074074074074,0.041666666666667,0.064814814814815,0.074074074074074,0.055555555555556,0.023148148148148,0.055555555555556,0.060185185185185,0.032407407407407,0.0,0.018518518518519,0.263157894736842,0.131578947368421,0.447368421052632,0.157894736842105,0,77.4539,10.3447865964617,82.149,4.51475409836066,3.3013298363727,2.7,3.69201109839267,0.815182883309997,3.67596697807312,0.353114754098361,0.34648973521884,0.16,4.71147540983607,4.17995607475548,2.7,4.31803278688525,2.8282802900185,2.9,1.4,1.5,-5.48999977111816,0.977747995787952,0.333333333333333,0.1,0.526315789473684,0,P43332
RNCMPT00124_min,0.039772727272727,0.019886363636364,0.068181818181818,0.056818181818182,0.042613636363636,0.09375,0.011363636363636,0.025568181818182,0.036931818181818,0.051136363636364,0.03125,0.028409090909091,0.110795454545455,0.028409090909091,0.116477272727273,0.073863636363636,0.048295454545455,0.056818181818182,0.002840909090909,0.056818181818182,0.105263157894737,0.447368421052632,0.210526315789474,0.236842105263158,1,66.5416865979381,10.8914234172336,66.3552,11.5123711340206,6.53443614839807,9.1,3.46442021168384,0.966660033444274,3.49518370628357,0.222577319587629,0.263550589508429,0.11,11.5216494845361,6.62792744761581,8.7,11.5030927835052,6.54119085756191,9.7,2.9,2.8,-1.97000002861023,0.978771866509032,-0.176470588235294,-0.230769230769231,0.433333333333333,0,Q94901
RNCMPT00165_min,0.068571428571429,0.017142857142857,0.04,0.045714285714286,0.045714285714286,0.088571428571429,0.022857142857143,0.045714285714286,0.054285714285714,0.034285714285714,0.037142857142857,0.054285714285714,0.048571428571429,0.085714285714286,0.034285714285714,0.077142857142857,0.065714285714286,0.068571428571429,0.025714285714286,0.04,0.236842105263158,0.157894736842105,0.421052631578947,0.184210526315789,0,62.882391954023,13.7550494774221,62.9551,10.6833333333333,5.41142560992784,9.95,3.6315283172432,0.946404587994758,3.79173374176025,0.198505747126437,0.230134079905668,0.11,10.3310344827586,5.62482682616794,9.3,11.035632183908,5.36459055876012,11.5,3.0,3.6,-5.88000011444092,0.943824487357175,0.454545454545455,0.125,0.421052631578947,0,P31483
5HO4,0.06145251396648,0.005586592178771,0.067039106145251,0.100558659217877,0.06145251396648,0.083798882681564,0.039106145251397,0.050279329608939,0.083798882681564,0.044692737430168,0.022346368715084,0.016759776536313,0.027932960893855,0.027932960893855,0.083798882681564,0.055865921787709,0.055865921787709,0.078212290502793,0.005586592178771,0.027932960893855,0.4,0.2,0.3,0.1,0,92.3700358974359,2.3745964117461,92.7208,1.9525641025641,0.353543847862855,1.85,3.61123460378402,0.680726184331598,3.61467528343201,0.467179487179487,0.417763145674604,0.38,1.74615384615385,0.353810947025128,1.6,2.15897435897436,0.427180443026344,2.1,1.3,1.4,0.0,0.923219672335508,0.2,0.6,0.5,1,P22626
RNCMPT00057_min,0.073170731707317,0.016260162601626,0.040650406504065,0.044715447154472,0.024390243902439,0.073170731707317,0.016260162601626,0.040650406504065,0.073170731707317,0.069105691056911,0.024390243902439,0.065040650406504,0.089430894308943,0.077235772357724,0.032520325203252,0.085365853658537,0.060975609756098,0.036585365853659,0.004065040650407,0.052845528455285,0.289473684210526,0.263157894736842,0.289473684210526,0.157894736842105,0,77.6744492537314,11.2472054327633,80.4932,6.03880597014925,4.18081676897247,5.4,3.68265103404202,0.879571652238962,3.81564712524414,0.286716417910448,0.255736536182238,0.25,6.3910447761194,5.2916380961276,5.2,5.6865671641791,3.31698546613364,5.0,1.4,2.2,-4.67999982833862,0.998395815990818,0.0,0.0,0.533333333333333,0,Q6XE24
RNCMPT00006_min,0.072625698324022,0.022346368715084,0.022346368715084,0.033519553072626,0.039106145251397,0.06145251396648,0.011173184357542,0.067039106145251,0.06145251396648,0.067039106145251,0.044692737430168,0.044692737430168,0.072625698324022,0.039106145251397,0.083798882681564,0.067039106145251,0.055865921787709,0.072625698324022,0.011173184357542,0.050279329608939,0.133333333333333,0.1,0.3,0.466666666666667,1,67.519453125,6.25341920980341,69.0947,13.36875,3.15632365771606,12.0,3.5446171797812,1.00638833200942,3.5777895450592,0.0084375,0.008838834764832,0.01,12.684375,3.31284006166817,11.7,14.053125,3.23867599142294,12.85,9.3,10.0,-0.990000009536743,0.876992274071747,0.5,-0.555555555555556,0.6,0,Q9VGJ3
4NGB,0.050724637681159,0.021739130434783,0.047101449275362,0.061594202898551,0.047101449275362,0.018115942028986,0.02536231884058,0.068840579710145,0.057971014492754,0.134057971014493,0.014492753623188,0.028985507246377,0.08695652173913,0.032608695652174,0.054347826086957,0.065217391304348,0.068840579710145,0.050724637681159,0.007246376811594,0.057971014492754,0.166666666666667,0.25,0.25,0.333333333333333,1,93.3891657894737,4.75892356453877,95.2483,1.70394736842105,0.539316581919589,1.5,3.37187491278899,0.85644528819277,3.44723570346832,0.301842105263158,0.391330752917825,0.01,1.88684210526316,0.637635434530125,1.7,1.52105263157895,0.456874158992441,1.35,1.1,1.0,-4.01999998092651,0.979573958513622,0.0,-0.333333333333333,0.5,1,Q9UPY3
1VC6,0.063157894736842,0.0,0.052631578947368,0.042105263157895,0.063157894736842,0.031578947368421,0.021052631578947,0.105263157894737,0.11578947368421,0.073684210526316,0.042105263157895,0.052631578947368,0.042105263157895,0.042105263157895,0.063157894736842,0.084210526315789,0.042105263157895,0.031578947368421,0.0,0.031578947368421,0.138888888888889,0.347222222222222,0.347222222222222,0.166666666666667,0,95.8449677966102,1.97455260104407,96.5787,1.44745762711864,0.504669892860461,1.35,3.56004911358074,0.70261726675632,3.38923358917236,0.496101694915254,0.464431491362818,0.49,1.5,0.79697704721849,1.4,1.39491525423729,0.264851115504515,1.3,1.0,1.1,-42.1800003051758,0.943076108733214,0.0,-0.090909090909091,0.305555555555556,1,P09012
RNCMPT00016_min,0.054151624548736,0.003610108303249,0.061371841155235,0.086642599277978,0.032490974729242,0.050541516245487,0.028880866425993,0.068592057761733,0.068592057761733,0.083032490974729,0.021660649819495,0.057761732851986,0.046931407942238,0.057761732851986,0.068592057761733,0.072202166064982,0.043321299638989,0.07942238267148,0.0,0.014440433212996,0.133333333333333,0.233333333333333,0.2,0.433333333333333,1,83.3189657142857,6.66961056023396,85.60035,4.63642857142857,1.79057357478214,4.1,3.68195018768311,0.850306847252122,3.74530160427093,0.397,0.32708351103106,0.35,3.84857142857143,1.28657987885677,3.5,5.42428571428571,2.38281502710893,4.9,2.5,2.7,-1.53999996185303,0.921185496588554,-0.333333333333333,-0.5,0.571428571428571,0,A0A8I5KUC2
RNCMPT00197_min,0.070110701107011,0.003690036900369,0.025830258302583,0.047970479704797,0.047970479704797,0.081180811808118,0.047970479704797,0.040590405904059,0.066420664206642,0.040590405904059,0.029520295202952,0.062730627306273,0.070110701107011,0.066420664206642,0.025830258302583,0.07380073800738,0.055350553505535,0.059040590405904,0.014760147601476,0.070110701107011,0.263157894736842,0.236842105263158,0.342105263157895,0.157894736842105,0,63.3218638554217,9.472840020503,64.5082,13.8704819277108,4.1429343034813,15.65,3.5566706513784,0.913590555085642,3.52710294723511,0.164819277108434,0.161013265972041,0.12,14.8927710843373,4.09424888529794,16.8,12.8481927710843,4.38535148758947,14.1,8.1,4.7,-6.63000011444092,0.974436160642641,0.181818181818182,0.25,0.421052631578947,0,W7FRV9
6KUG,0.068493150684932,0.0,0.054794520547945,0.082191780821918,0.054794520547945,0.123287671232877,0.013698630136986,0.041095890410959,0.10958904109589,0.027397260273973,0.0,0.068493150684932,0.013698630136986,0.013698630136986,0.041095890410959,0.013698630136986,0.082191780821918,0.150684931506849,0.013698630136986,0.027397260273973,0.0,0.5,0.25,0.25,1,98.013764,0.852626173399965,98.2129,1.036,0.153785564992297,1.0,3.5656259059906,0.534034195943357,3.44395732879639,0.5428,0.450134424366766,0.61,0.96,0.147196014438797,0.9,1.112,0.178699002049069,1.0,0.8,0.9,0.0,0.75,-0.333333333333333,-1.0,0.25,1,P67809
RNCMPT00245_min,0.029268292682927,0.014634146341463,0.053658536585366,0.082926829268293,0.058536585365854,0.11219512195122,0.019512195121951,0.04390243902439,0.121951219512195,0.04390243902439,0.014634146341463,0.053658536585366,0.034146341463415,0.063414634146341,0.048780487804878,0.034146341463415,0.04390243902439,0.063414634146341,0.014634146341463,0.048780487804878,0.342105263157895,0.236842105263158,0.236842105263158,0.184210526315789,1,80.9896682926829,8.02716475906777,83.8984,4.79390243902439,5.61071736859414,2.7,3.37545727520454,0.903696184895186,3.47959327697754,0.390731707317073,0.361630959984778,0.16,4.53414634146341,5.77029504254755,2.3,5.05365853658537,5.47946610359876,3.1,1.3,1.8,-4.23000001907349,0.981649930192858,0.0,0.3,0.526315789473684,0,Q4SDS6
RNCMPT00268_min,0.09811320754717,0.005660377358491,0.047169811320755,0.032075471698113,0.045283018867925,0.071698113207547,0.028301886792453,0.052830188679245,0.062264150943396,0.1,0.022641509433962,0.069811320754717,0.052830188679245,0.054716981132075,0.033962264150943,0.088679245283019,0.043396226415094,0.071698113207547,0.0,0.018867924528302,0.394736842105263,0.131578947368421,0.447368421052632,0.026315789473684,1,71.8242876712329,10.9773080744239,75.07275,11.5859589041096,6.78478201604119,8.875,3.49848968770406,0.951352105294197,3.47745585441589,0.221301369863014,0.253516682981288,0.085,11.6404109589041,6.43576835449402,9.0,11.5315068493151,7.35132878839773,8.8,4.6,2.9,-6.03999996185303,0.785807602645209,0.545454545454545,0.875,0.421052631578947,0,A0A2J8RA51
4KRF,0.062423500611995,0.024479804161567,0.046511627906977,0.045287637698898,0.040391676866585,0.053855569155447,0.028151774785802,0.067319461444308,0.067319461444308,0.0734394124847,0.02203182374541,0.031823745410037,0.06609547123623,0.064871481028152,0.067319461444308,0.040391676866585,0.056303549571603,0.086903304773562,0.008567931456548,0.046511627906977,0.25,0.0,0.333333333333333,0.416666666666667,1,95.3740430107527,4.24685729841844,97.0527,1.57043010752688,0.628543717096174,1.35,3.6116994965461,0.79938859068126,3.61153888702393,0.283870967741935,0.418646972421313,0.0,1.55591397849462,0.568648735006257,1.3,1.58494623655914,0.735578186746456,1.4,0.9,0.9,0.0,0.7772925846689,1.0,-0.25,0.666666666666667,1,Q9UL18
RNCMPT00216_min,0.096296296296296,0.014814814814815,0.037037037037037,0.059259259259259,0.037037037037037,0.07037037037037,0.037037037037037,0.033333333333333,0.037037037037037,0.066666666666667,0.014814814814815,0.040740740740741,0.062962962962963,0.033333333333333,0.107407407407407,0.092592592592593,0.066666666666667,0.085185185185185,0.003703703703704,0.003703703703704,0.236842105263158,0.131578947368421,0.342105263157895,0.289473684210526,0,66.6007733333333,8.52237438449206,70.15225,10.285,2.73527335726853,9.575,3.50574341813723,0.984072900140972,3.58992350101471,0.089333333333333,0.100285468245618,0.045,10.6783333333333,3.1930587676686,9.65,9.89166666666667,2.50716205737102,9.4,7.0,6.5,-4.30000019073486,0.949021239177807,0.473684210526316,0.125,0.457142857142857,0,C9ZL79
RNCMPT00225_min,0.104868913857678,0.00749063670412,0.059925093632959,0.037453183520599,0.029962546816479,0.086142322097378,0.00749063670412,0.037453183520599,0.086142322097378,0.101123595505618,0.026217228464419,0.029962546816479,0.044943820224719,0.029962546816479,0.048689138576779,0.089887640449438,0.089887640449438,0.052434456928839,0.00749063670412,0.02247191011236,0.31578947368421,0.31578947368421,0.263157894736842,0.105263157894737,1,81.1984026315789,11.0372240711871,84.95915,4.24671052631579,4.55837204512251,2.725,3.78491236034193,0.735401193178225,3.80558395385742,0.333552631578947,0.360154425942978,0.13,4.56578947368421,4.92670417572313,3.6,3.92763157894737,4.48474744541126,2.1,0.9,1.0,-5.92999982833862,0.949511375587827,-0.090909090909091,0.5,0.421052631578947,0,B8BS34
RNCMPT00071_min,0.078014184397163,0.0,0.031914893617021,0.049645390070922,0.053191489361702,0.070921985815603,0.017730496453901,0.060283687943262,0.078014184397163,0.063829787234043,0.060283687943262,0.046099290780142,0.124113475177305,0.067375886524823,0.046099290780142,0.042553191489362,0.042553191489362,0.049645390070922,0.0,0.017730496453901,0.210526315789474,0.105263157894737,0.5,0.184210526315789,1,77.864753030303,10.5547533239727,81.93985,5.79166666666667,4.69365843316059,3.075,3.70490448222016,0.877153190113881,3.81784272193909,0.286666666666667,0.305681248428859,0.11,6.31969696969697,5.10279620772074,3.55,5.26363636363636,4.63848902333297,2.85,2.2,1.5,-5.1100001335144,0.953353793718457,0.473684210526316,0.157894736842105,0.5,0,P09012
5WZH,0.073170731707317,0.033771106941839,0.050656660412758,0.082551594746717,0.037523452157599,0.046904315196998,0.026266416510319,0.061913696060038,0.058161350844278,0.131332082551595,0.024390243902439,0.033771106941839,0.026266416510319,0.037523452157599,0.048780487804878,0.099437148217636,0.035647279549719,0.054409005628518,0.00750469043152,0.030018761726079,0.272727272727273,0.090909090909091,0.454545454545454,0.181818181818182,1,94.3894235294118,4.40793448147896,96.0683,1.86470588235294,1.40214171914262,1.5,3.38332202715032,0.70012813352325,3.2750244140625,0.648117647058824,0.395951217887732,0.86,1.89411764705882,2.08494335546993,1.3,1.83529411764706,0.790525124198337,1.6,0.9,1.0,0.0,0.894964537655,0.666666666666667,0.2,0.454545454545455,1,Q9C552
RNCMPT00269_min,0.09811320754717,0.005660377358491,0.047169811320755,0.032075471698113,0.045283018867925,0.071698113207547,0.028301886792453,0.052830188679245,0.062264150943396,0.1,0.022641509433962,0.069811320754717,0.052830188679245,0.054716981132075,0.033962264150943,0.088679245283019,0.043396226415094,0.071698113207547,0.0,0.018867924528302,0.263157894736842,0.105263157894737,0.447368421052632,0.184210526315789,0,67.6832720430108,14.7942207169638,63.16005,14.1594086021505,7.39329719625431,17.125,3.35308607611605,1.04498369369606,3.37378489971161,0.149247311827957,0.231699883046033,0.04,13.35,6.60209835603065,14.75,14.9688172043011,8.61756820899466,17.05,1.0,1.0,-4.86999988555908,0.908731734293732,0.619047619047619,0.176470588235294,0.447368421052632,0,A0A2J8RA51
3Q0Q,0.058309037900875,0.026239067055394,0.043731778425656,0.067055393586006,0.037900874635569,0.0466472303207,0.049562682215743,0.072886297376093,0.064139941690962,0.096209912536443,0.026239067055394,0.032069970845481,0.029154518950437,0.093294460641399,0.058309037900875,0.0466472303207,0.034985422740525,0.078717201166181,0.0,0.037900874635569,0.5,0.0,0.125,0.375,1,96.5326912280702,1.71431893851682,97.2082,1.12543859649123,0.183984376039289,1.1,3.48271567361397,0.602894171593571,3.26403331756592,0.726842105263158,0.398699483565616,0.99,1.02982456140351,0.186092250818072,1.0,1.22105263157895,0.21106603748697,1.2,0.9,1.0,0.0,0.702819531114783,1.0,0.142857142857143,0.875,1,Q8TB72
RNCMPT00172_min,0.077720207253886,0.010362694300518,0.032815198618307,0.077720207253886,0.027633851468048,0.067357512953368,0.020725388601036,0.079447322970639,0.081174438687392,0.077720207253886,0.013816925734024,0.041450777202073,0.070811744386874,0.072538860103627,0.044905008635579,0.065630397236615,0.051813471502591,0.065630397236615,0.003454231433506,0.01727115716753,0.263157894736842,0.31578947368421,0.184210526315789,0.236842105263158,0,64.7703182389937,8.86537460501943,66.4282,13.9405660377359,6.85989576675463,13.6,3.61409476118268,0.852294257641056,3.7936475276947,0.138930817610063,0.222054820449299,0.04,14.2081761006289,7.30956516181833,14.4,13.6729559748428,6.58915185889417,13.6,2.5,2.2,-1.61000001430511,0.986863224815062,-0.263157894736842,0.052631578947368,0.5,0,O00425
RNCMPT00232_min,0.103139013452915,0.004484304932735,0.058295964125561,0.071748878923767,0.04932735426009,0.067264573991031,0.017937219730942,0.071748878923767,0.053811659192825,0.067264573991031,0.044843049327354,0.062780269058296,0.076233183856502,0.044843049327354,0.040358744394619,0.04932735426009,0.031390134529148,0.044843049327354,0.004484304932735,0.035874439461883,0.236842105263158,0.263157894736842,0.31578947368421,0.184210526315789,0,65.8563115942029,11.760985758337,66.4131,10.1,4.94779362592114,12.25,3.61996380833612,0.828169072519585,3.54968857765198,0.203478260869565,0.248671919977239,0.07,9.78115942028986,4.75562439032547,11.4,10.4188405797101,5.30208825015641,11.7,3.7,3.0,-3.82999992370606,0.991355861529484,-0.2,0.0,0.473684210526316,0,A0AA85C575
1G2E,0.053892215568862,0.005988023952096,0.035928143712575,0.065868263473054,0.041916167664671,0.083832335329341,0.0,0.089820359281437,0.077844311377246,0.083832335329341,0.011976047904192,0.047904191616766,0.035928143712575,0.053892215568862,0.059880239520958,0.083832335329341,0.07185628742515,0.059880239520958,0.0,0.035928143712575,0.3,0.0,0.0,0.7,1,96.8800057971015,2.29456392960072,97.8583,1.29782608695652,0.398382278593938,1.15,3.65109706270522,0.711542909065035,3.5003547668457,0.558985507246377,0.421967189021138,0.75,1.26376811594203,0.333418573926296,1.2,1.33188405797101,0.532334689508282,1.2,0.9,0.9,0.0,0.440645449615346,0.0,-0.4,1.0,1,P26378
5YTT,0.066666666666667,0.0,0.053333333333333,0.08,0.053333333333333,0.12,0.013333333333333,0.04,0.12,0.026666666666667,0.0,0.08,0.013333333333333,0.013333333333333,0.04,0.013333333333333,0.08,0.146666666666667,0.013333333333333,0.026666666666667,0.166666666666667,0.166666666666667,0.166666666666667,0.5,1,96.9783689655172,2.3054908270573,98.0151,1.10344827586207,0.298487566887143,0.95,3.56554106186176,0.661226823649982,3.50634241104126,0.557586206896552,0.417506673791089,0.7,1.02758620689655,0.203358500690174,0.9,1.17931034482759,0.417799772913181,1.0,0.8,0.8,0.0,0.896240625180289,0.0,-0.5,0.666666666666667,1,P67809
RNCMPT00239_min,0.087078651685393,0.025280898876404,0.030898876404494,0.056179775280899,0.01123595505618,0.101123595505618,0.019662921348315,0.095505617977528,0.039325842696629,0.067415730337079,0.033707865168539,0.039325842696629,0.053370786516854,0.056179775280899,0.044943820224719,0.098314606741573,0.070224719101124,0.053370786516854,0.002808988764045,0.014044943820225,0.1,0.166666666666667,0.433333333333333,0.3,0,63.39124,6.80875050180654,63.6839,12.8866666666667,2.80601831889426,12.05,3.737609856217,0.82533732873675,3.94140982627869,0.130814814814815,0.15228141590368,0.07,12.2422222222222,3.29267542323656,11.0,13.5311111111111,2.82202072902112,12.8,7.3,8.4,-4.82000017166138,0.970134489327324,0.0,0.368421052631579,0.542857142857143,0,Q15365
RNCMPT00181_min,0.157051282051282,0.012820512820513,0.03525641025641,0.03525641025641,0.044871794871795,0.051282051282051,0.022435897435897,0.009615384615385,0.041666666666667,0.118589743589744,0.032051282051282,0.044871794871795,0.060897435897436,0.08974358974359,0.044871794871795,0.092948717948718,0.038461538461538,0.048076923076923,0.0,0.019230769230769,0.31578947368421,0.289473684210526,0.236842105263158,0.157894736842105,1,67.6888931372549,13.717376961194,69.42165,11.6803921568627,7.99357463768586,7.5,3.47022500283578,1.04435890263684,3.47451055049896,0.23078431372549,0.251501181126332,0.1,11.7176470588235,8.18595043399742,6.7,11.643137254902,7.93656171414049,7.3,3.0,2.7,-1.73000001907349,0.977747995787952,-0.1,0.333333333333333,0.473684210526316,0,G5ECJ4
RNCMPT00082_min,0.058139534883721,0.0,0.081395348837209,0.046511627906977,0.011627906976744,0.046511627906977,0.011627906976744,0.069767441860465,0.116279069767442,0.174418604651163,0.034883720930233,0.034883720930233,0.046511627906977,0.0,0.058139534883721,0.093023255813953,0.034883720930233,0.023255813953488,0.023255813953488,0.034883720930233,0.157894736842105,0.31578947368421,0.263157894736842,0.263157894736842,0,79.9241814814815,6.61095742036466,80.7257,5.1,2.58940147524481,4.1,3.85939245312302,0.861596270781838,3.98362112045288,0.331851851851852,0.272383172374126,0.33,5.5,4.23765174450335,3.1,4.7,1.22191526837049,4.6,2.5,2.9,-3.99000000953674,0.991355861529484,-0.2,0.0,0.473684210526316,0,Q08831
3K61,0.066157760814249,0.033078880407125,0.066157760814249,0.05089058524173,0.043256997455471,0.038167938931298,0.025445292620865,0.063613231552163,0.066157760814249,0.111959287531807,0.033078880407125,0.043256997455471,0.017811704834606,0.05852417302799,0.055979643765903,0.076335877862595,0.048346055979644,0.068702290076336,0.00763358778626,0.025445292620865,0.444444444444444,0.111111111111111,0.111111111111111,0.333333333333333,1,95.7254807692308,2.18678275385647,96.37,1.26730769230769,0.313719716198751,1.2,3.45789826833285,0.592313191968283,3.29852139949799,0.6775,0.402540340202316,0.93,1.09807692307692,0.238039694016779,1.0,1.43653846153846,0.426581875530267,1.35,0.9,0.9,0.0,0.876357639489852,0.0,0.142857142857143,0.777777777777778,1,Q09312
3V74,0.065989847715736,0.032994923857868,0.065989847715736,0.053299492385787,0.043147208121827,0.038071065989848,0.022842639593909,0.063451776649746,0.065989847715736,0.114213197969543,0.035532994923858,0.045685279187817,0.012690355329949,0.058375634517767,0.055837563451777,0.078680203045685,0.045685279187817,0.068527918781726,0.00761421319797,0.025380710659898,0.272727272727273,0.272727272727273,0.181818181818182,0.272727272727273,1,97.338840625,1.33825847667291,97.67115,1.15625,0.232566768020071,1.1,3.48252917826176,0.621185120679949,3.40825963020325,0.67328125,0.407773881815003,0.93,1.0546875,0.183380675705545,1.0,1.2578125,0.330850125518422,1.2,0.8,0.9,0.0,0.990412968114539,-0.2,0.0,0.545454545454545,1,Q09312
RNCMPT00011_min,0.079861111111111,0.010416666666667,0.052083333333333,0.078125,0.024305555555556,0.053819444444444,0.017361111111111,0.0625,0.065972222222222,0.085069444444444,0.024305555555556,0.052083333333333,0.055555555555556,0.046875,0.052083333333333,0.086805555555556,0.057291666666667,0.0625,0.006944444444444,0.026041666666667,0.342105263157895,0.210526315789474,0.31578947368421,0.131578947368421,0,73.6671185185185,3.28083344793749,73.2935,6.76111111111111,2.29172144456676,6.1,3.61581182479858,0.799537683215847,3.71641969680786,0.285185185185185,0.227636186969984,0.2,6.41851851851852,2.04168803407622,5.6,7.1037037037037,2.61952454310106,6.6,4.4,3.7,-4.59999990463257,0.956399193314886,0.2,0.444444444444444,0.473684210526316,0,Q9VQ91
RNCMPT00090_min,0.054347826086957,0.010869565217391,0.108695652173913,0.054347826086957,0.065217391304348,0.054347826086957,0.010869565217391,0.043478260869565,0.021739130434783,0.065217391304348,0.010869565217391,0.032608695652174,0.054347826086957,0.043478260869565,0.152173913043478,0.032608695652174,0.043478260869565,0.076086956521739,0.010869565217391,0.054347826086957,0.2,0.3,0.333333333333333,0.166666666666667,0,82.7696128205128,5.01304856466336,84.0587,3.72820512820513,1.65313875590913,3.15,3.47442890436221,0.872272893371299,3.30866813659668,0.405384615384615,0.258516477677477,0.37,4.16410256410256,2.72343505806905,3.0,3.29230769230769,0.744589118551693,3.0,2.1,2.1,-7.69000005722046,0.977747995787952,0.294117647058823,0.142857142857143,0.552631578947368,0,O75494
RNCMPT00027_min,0.068100358422939,0.017921146953405,0.051971326164875,0.048387096774194,0.037634408602151,0.127240143369176,0.032258064516129,0.032258064516129,0.050179211469534,0.057347670250896,0.023297491039427,0.059139784946237,0.084229390681004,0.039426523297491,0.044802867383513,0.073476702508961,0.030465949820789,0.068100358422939,0.003584229390681,0.050179211469534,0.142857142857143,0.257142857142857,0.257142857142857,0.342857142857143,0,62.46555,12.815309411921,60.83265,15.7037037037037,7.93904554076269,19.575,3.60861661478325,0.946652507788001,3.64995813369751,0.145833333333333,0.232315146089969,0.04,15.6824074074074,7.93085573282593,18.65,15.725,8.0583981270369,20.1,3.2,2.9,-6.73000001907349,0.839186476532114,0.5,-0.733333333333333,0.384615384615385,0,A0A384N6C7
RNCMPT00203_min,0.046632124352332,0.005181347150259,0.036269430051813,0.046632124352332,0.05699481865285,0.041450777202073,0.025906735751295,0.113989637305699,0.103626943005181,0.088082901554404,0.020725388601036,0.124352331606218,0.046632124352332,0.036269430051813,0.010362694300518,0.041450777202073,0.051813471502591,0.041450777202073,0.005181347150259,0.05699481865285,0.142857142857143,0.257142857142857,0.342857142857143,0.257142857142857,0,76.2327703703704,12.1880910814634,80.61555,4.21666666666667,2.73451040769848,3.45,3.60672808355755,0.902413512035454,3.60761857032776,0.481296296296296,0.351358797942622,0.42,4.24444444444444,3.26818088381108,3.0,4.18888888888889,2.31790948971605,3.65,1.3,1.6,-5.80999994277954,0.969100929771736,0.142857142857143,-0.285714285714286,0.4,0,W4IIL5
5JS1,0.058676654182272,0.024968789013733,0.046192259675406,0.046192259675406,0.048689138576779,0.052434456928839,0.037453183520599,0.058676654182272,0.062421972534332,0.074906367041199,0.023720349563046,0.026217228464419,0.062421972534332,0.067415730337079,0.069912609238452,0.046192259675406,0.066167290886392,0.087390761548065,0.00749063670412,0.032459425717853,0.4,0.1,0.0,0.5,0,95.7887138297872,3.45320836326586,97.0323,1.41914893617021,0.575069251695974,1.2,3.58194559558909,0.857462718175746,3.54411518573761,0.299148936170213,0.427228275146762,0.0,1.45425531914894,0.569788659861607,1.2,1.38404255319149,0.625326270363172,1.1,0.9,0.9,0.0,0.680482023721841,-1.0,-0.111111111111111,0.9,1,Q9UKV8
RNCMPT00235_min,0.02247191011236,0.01685393258427,0.050561797752809,0.058052434456929,0.044943820224719,0.02434456928839,0.02247191011236,0.078651685393258,0.095505617977528,0.082397003745318,0.01685393258427,0.134831460674157,0.031835205992509,0.033707865168539,0.035580524344569,0.089887640449438,0.043071161048689,0.058052434456929,0.00187265917603,0.058052434456929,0.210526315789474,0.184210526315789,0.473684210526316,0.131578947368421,1,75.8075261904762,10.1783322411262,77.8156,6.36507936507936,4.09435352572916,5.25,3.57133883332449,0.957432461260047,3.6169126033783,0.19515873015873,0.233110219859994,0.115,6.35873015873016,4.36147259243976,5.0,6.37142857142857,3.98231806148845,5.4,1.7,1.6,-9.81999969482422,0.90922987573756,0.44,0.230769230769231,0.342105263157895,0,A0A2I0BQ04
6DU4,0.055749128919861,0.02787456445993,0.055749128919861,0.052264808362369,0.041811846689895,0.055749128919861,0.017421602787456,0.059233449477352,0.069686411149826,0.111498257839721,0.024390243902439,0.052264808362369,0.069686411149826,0.02787456445993,0.062717770034843,0.055749128919861,0.045296167247387,0.059233449477352,0.017421602787456,0.038327526132404,0.275862068965517,0.241379310344828,0.344827586206897,0.137931034482759,1,94.9745926605505,3.30634232257032,96.3952,1.59770642201835,0.635500142826459,1.35,3.60437100852301,0.736682918989939,3.52750086784363,0.391009174311927,0.424261766143673,0.13,1.79816513761468,0.941726315846884,1.5,1.39724770642202,0.448961500369614,1.2,0.9,1.0,-13.2399997711182,0.965701438886599,0.176470588235294,0.333333333333333,0.413793103448276,1,Q86W50
4ZLD,0.099337748344371,0.013245033112583,0.039735099337748,0.072847682119205,0.033112582781457,0.039735099337748,0.033112582781457,0.039735099337748,0.052980132450331,0.145695364238411,0.026490066225166,0.013245033112583,0.033112582781457,0.079470198675497,0.072847682119205,0.092715231788079,0.013245033112583,0.066225165562914,0.013245033112583,0.019867549668874,0.235294117647059,0.117647058823529,0.235294117647059,0.411764705882353,1,97.807223255814,1.17601588988237,98.1076,1.13255813953488,0.242478207398362,1.05,3.59292199999787,0.838741005970607,3.57915854454041,0.448139534883721,0.466849908652987,0.04,1.16046511627907,0.314823862231476,1.1,1.1046511627907,0.232945413973903,1.0,0.9,0.8,-5.3600001335144,0.936334819025075,0.333333333333333,-0.272727272727273,0.647058823529412,1,Q9HBD1
2DR5,0.052631578947368,0.013729977116705,0.034324942791762,0.14187643020595,0.073226544622426,0.061784897025172,0.018306636155606,0.045766590389016,0.082379862700229,0.089244851258581,0.016018306636156,0.032036613272311,0.041189931350114,0.006864988558352,0.091533180778032,0.041189931350114,0.025171624713959,0.08695652173913,0.013729977116705,0.032036613272311,0.0625,0.375,0.40625,0.15625,1,95.6025222222222,2.91085709816711,96.051,1.43174603174603,0.525963140136632,1.25,3.64709096484714,0.701651270380101,3.56494688987732,0.181587301587302,0.369861379216795,0.0,1.31746031746032,0.434978561777875,1.2,1.54603174603175,0.727085520289494,1.1,0.9,0.9,-34.689998626709,0.863517080954299,0.04,-0.428571428571429,0.21875,1,O28126
4NH6,0.047794117647059,0.022058823529412,0.051470588235294,0.0625,0.047794117647059,0.018382352941176,0.029411764705882,0.069852941176471,0.055147058823529,0.128676470588235,0.014705882352941,0.029411764705882,0.084558823529412,0.033088235294118,0.058823529411765,0.058823529411765,0.069852941176471,0.051470588235294,0.007352941176471,0.058823529411765,0.133333333333333,0.2,0.2,0.466666666666667,0,88.93018125,8.10393235289382,91.30695,2.83645833333333,1.78148693521861,2.15,3.36670837799708,0.810305832630659,3.43050944805145,0.276041666666667,0.344493087867743,0.14,3.32916666666667,2.39066965899509,2.5,2.34375,1.24847247091728,1.8,1.1,1.0,-4.05999994277954,0.91473664917992,0.0,-0.555555555555556,0.6,1,Q9UPY3
RNCMPT00014_min,0.107456140350877,0.010964912280702,0.035087719298246,0.030701754385965,0.032894736842105,0.06359649122807,0.015350877192982,0.048245614035088,0.039473684210526,0.100877192982456,0.019736842105263,0.059210526315789,0.054824561403509,0.06140350877193,0.030701754385965,0.096491228070175,0.092105263157895,0.06359649122807,0.00219298245614,0.035087719298246,0.31578947368421,0.236842105263158,0.31578947368421,0.131578947368421,0,65.0540190082645,7.74196553308992,67.2906,11.7471074380165,2.9279778112822,11.3,3.54777227058884,0.925126962623273,3.66496562957764,0.184132231404959,0.173434278721978,0.15,11.9876033057851,3.33178056119982,11.2,11.5066115702479,3.12502628088123,10.9,7.0,5.7,-5.23000001907349,0.899378293754075,0.142857142857143,0.714285714285714,0.4,0,Q20084
2DR7,0.052631578947368,0.013729977116705,0.034324942791762,0.14187643020595,0.073226544622426,0.061784897025172,0.018306636155606,0.045766590389016,0.082379862700229,0.089244851258581,0.016018306636156,0.032036613272311,0.041189931350114,0.006864988558352,0.091533180778032,0.041189931350114,0.025171624713959,0.08695652173913,0.013729977116705,0.032036613272311,0.060606060606061,0.393939393939394,0.393939393939394,0.151515151515152,1,97.8646075757576,1.14638636315774,98.2458,1.0780303030303,0.297441498821945,0.95,3.67400482929114,0.709452346178075,3.59331893920898,0.235151515151515,0.390779270469197,0.0,1.11212121212121,0.319381687021441,1.0,1.04393939393939,0.342447654788869,0.9,0.8,0.8,-34.689998626709,0.85824140595036,0.0,-0.428571428571429,0.212121212121212,1,O28126
RNCMPT00100_min,0.073643410852713,0.011627906976744,0.038759689922481,0.050387596899225,0.050387596899225,0.108527131782946,0.01937984496124,0.034883720930233,0.093023255813953,0.062015503875969,0.027131782945736,0.042635658914729,0.058139534883721,0.058139534883721,0.038759689922481,0.065891472868217,0.073643410852713,0.081395348837209,0.003875968992248,0.007751937984496,0.2,0.371428571428571,0.171428571428571,0.257142857142857,1,76.3751822222222,8.5271695565526,75.96655,7.06388888888889,3.85617866807282,7.475,3.53211405012343,0.809583676157052,3.42555582523346,0.187777777777778,0.226674928247766,0.08,7.02555555555556,4.1383805417234,7.3,7.10222222222222,3.81174936328314,6.9,2.1,2.1,-3.70000004768372,0.967551496936124,-0.368421052631579,-0.125,0.457142857142857,0,A0A0B4K6K8
RNCMPT00257_min,0.068403908794788,0.01628664495114,0.035830618892508,0.094462540716612,0.052117263843648,0.058631921824104,0.019543973941368,0.078175895765472,0.04885993485342,0.071661237785016,0.029315960912052,0.078175895765472,0.058631921824104,0.03257328990228,0.058631921824104,0.06514657980456,0.052117263843648,0.061889250814332,0.0,0.019543973941368,0.368421052631579,0.105263157894737,0.394736842105263,0.131578947368421,0,63.1812278688525,13.9819064475714,62.18925,13.1217213114754,8.34337711245866,10.225,3.50661652351989,1.00669891154725,3.50718808174133,0.166885245901639,0.221382142094544,0.04,13.4040983606557,8.22139315315081,11.5,12.8393442622951,8.61965424108623,9.5,2.8,2.2,-3.35999989509583,0.893490489387963,0.578947368421053,0.473684210526316,0.5,0,A2EZR7
RNCMPT00084_min,0.107142857142857,0.002747252747253,0.03021978021978,0.06043956043956,0.032967032967033,0.120879120879121,0.005494505494505,0.019230769230769,0.032967032967033,0.013736263736264,0.005494505494505,0.032967032967033,0.159340659340659,0.057692307692308,0.10989010989011,0.046703296703297,0.063186813186813,0.07967032967033,0.005494505494505,0.013736263736264,0.2,0.314285714285714,0.257142857142857,0.228571428571429,0,65.2176826923077,8.30476098154998,67.83305,12.0615384615385,2.19430223365182,11.525,3.51485684055548,1.00861640140682,3.66915690898895,0.083461538461539,0.165729340124128,0.02,12.775,2.63080357514209,12.6,11.3480769230769,2.54870135210113,11.2,8.8,7.2,-5.51000022888184,0.977747995787952,0.142857142857143,0.294117647058823,0.447368421052632,0,Q9Y2T7
5WWE,0.063218390804598,0.005747126436782,0.068965517241379,0.097701149425287,0.063218390804598,0.080459770114943,0.040229885057471,0.051724137931034,0.086206896551724,0.045977011494253,0.017241379310345,0.017241379310345,0.028735632183908,0.022988505747126,0.086206896551724,0.051724137931034,0.057471264367816,0.080459770114943,0.005747126436782,0.028735632183908,0.3,0.2,0.4,0.1,1,91.5252441176471,3.75191255593578,92.93055,2.12941176470588,0.588155520437438,1.925,3.50290681334103,0.727573742711211,3.49743330478668,0.450294117647059,0.418601461536762,0.31,1.83823529411765,0.493604372237863,1.65,2.42058823529412,0.717225044672788,2.2,1.4,1.7,0.0,0.923219672335508,0.333333333333333,0.5,0.4,1,P22626
7CGL,0.054913294797688,0.023121387283237,0.054913294797688,0.072254335260116,0.043352601156069,0.03757225433526,0.040462427745665,0.072254335260116,0.066473988439306,0.066473988439306,0.028901734104046,0.040462427745665,0.031791907514451,0.07514450867052,0.060693641618497,0.057803468208092,0.023121387283237,0.104046242774566,0.002890173410405,0.043352601156069,0.375,0.125,0.125,0.375,0,96.9006473684211,1.33199625657792,97.0992,1.18245614035088,0.204085772424894,1.15,3.50323766156247,0.696614242928984,3.3084397315979,0.697894736842105,0.389865988157219,0.96,1.05789473684211,0.187984961804559,1.0,1.30701754385965,0.252034329523074,1.3,0.8,1.0,0.0,0.905639062229566,0.0,0.0,0.75,1,Q09487
