Id,uniprot_id,interaction,##AGA,##AGA_PAE_mean,##AGA_PAE_std,##AGA_plddt_mean,##AGA_plddt_std,##AGA_d_angstroms_mean,##AGA_d_angstroms_std,##AGA_contact_prob_res_nt_mean,##AGA_contact_prob_res_nt_std,AGCCA,AGCCA_PAE_mean,AGCCA_PAE_std,AGCCA_plddt_mean,AGCCA_plddt_std,AGCCA_d_angstroms_mean,AGCCA_d_angstroms_std,AGCCA_contact_prob_res_nt_mean,AGCCA_contact_prob_res_nt_std,AUA##,AUA##_PAE_mean,AUA##_PAE_std,AUA##_plddt_mean,AUA##_plddt_std,AUA##_d_angstroms_mean,AUA##_d_angstroms_std,AUA##_contact_prob_res_nt_mean,AUA##_contact_prob_res_nt_std,AAAAA,AAAAA_PAE_mean,AAAAA_PAE_std,AAAAA_plddt_mean,AAAAA_plddt_std,AAAAA_d_angstroms_mean,AAAAA_d_angstroms_std,AAAAA_contact_prob_res_nt_mean,AAAAA_contact_prob_res_nt_std,GGGGG,GGGGG_PAE_mean,GGGGG_PAE_std,GGGGG_plddt_mean,GGGGG_plddt_std,GGGGG_d_angstroms_mean,GGGGG_d_angstroms_std,GGGGG_contact_prob_res_nt_mean,GGGGG_contact_prob_res_nt_std,KGYGF,KGYGF_PAE_mean,KGYGF_PAE_std,KGYGF_plddt_mean,KGYGF_plddt_std,KGYGF_d_angstroms_mean,KGYGF_d_angstroms_std,KGYGF_contact_prob_res_nt_mean,KGYGF_contact_prob_res_nt_std,UGCAC,UGCAC_PAE_mean,UGCAC_PAE_std,UGCAC_plddt_mean,UGCAC_plddt_std,UGCAC_d_angstroms_mean,UGCAC_d_angstroms_std,UGCAC_contact_prob_res_nt_mean,UGCAC_contact_prob_res_nt_std,RGFGF,RGFGF_PAE_mean,RGFGF_PAE_std,RGFGF_plddt_mean,RGFGF_plddt_std,RGFGF_d_angstroms_mean,RGFGF_d_angstroms_std,RGFGF_contact_prob_res_nt_mean,RGFGF_contact_prob_res_nt_std,UUUUU,UUUUU_PAE_mean,UUUUU_PAE_std,UUUUU_plddt_mean,UUUUU_plddt_std,UUUUU_d_angstroms_mean,UUUUU_d_angstroms_std,UUUUU_contact_prob_res_nt_mean,UUUUU_contact_prob_res_nt_std,UUU##,UUU##_PAE_mean,UUU##_PAE_std,UUU##_plddt_mean,UUU##_plddt_std,UUU##_d_angstroms_mean,UUU##_d_angstroms_std,UUU##_contact_prob_res_nt_mean,UUU##_contact_prob_res_nt_std,UUUU#,UUUU#_PAE_mean,UUUU#_PAE_std,UUUU#_plddt_mean,UUUU#_plddt_std,UUUU#_d_angstroms_mean,UUUU#_d_angstroms_std,UUUU#_contact_prob_res_nt_mean,UUUU#_contact_prob_res_nt_std,FGFVT,FGFVT_PAE_mean,FGFVT_PAE_std,FGFVT_plddt_mean,FGFVT_plddt_std,FGFVT_d_angstroms_mean,FGFVT_d_angstroms_std,FGFVT_contact_prob_res_nt_mean,FGFVT_contact_prob_res_nt_std,RSRGF,RSRGF_PAE_mean,RSRGF_PAE_std,RSRGF_plddt_mean,RSRGF_plddt_std,RSRGF_d_angstroms_mean,RSRGF_d_angstroms_std,RSRGF_contact_prob_res_nt_mean,RSRGF_contact_prob_res_nt_std,KGFGF,KGFGF_PAE_mean,KGFGF_PAE_std,KGFGF_plddt_mean,KGFGF_plddt_std,KGFGF_d_angstroms_mean,KGFGF_d_angstroms_std,KGFGF_contact_prob_res_nt_mean,KGFGF_contact_prob_res_nt_std,RSLKM,RSLKM_PAE_mean,RSLKM_PAE_std,RSLKM_plddt_mean,RSLKM_plddt_std,RSLKM_d_angstroms_mean,RSLKM_d_angstroms_std,RSLKM_contact_prob_res_nt_mean,RSLKM_contact_prob_res_nt_std,UUCGA,UUCGA_PAE_mean,UUCGA_PAE_std,UUCGA_plddt_mean,UUCGA_plddt_std,UUCGA_d_angstroms_mean,UUCGA_d_angstroms_std,UUCGA_contact_prob_res_nt_mean,UUCGA_contact_prob_res_nt_std,UUGCA,UUGCA_PAE_mean,UUGCA_PAE_std,UUGCA_plddt_mean,UUGCA_plddt_std,UUGCA_d_angstroms_mean,UUGCA_d_angstroms_std,UUGCA_contact_prob_res_nt_mean,UUGCA_contact_prob_res_nt_std,CCA##,CCA##_PAE_mean,CCA##_PAE_std,CCA##_plddt_mean,CCA##_plddt_std,CCA##_d_angstroms_mean,CCA##_d_angstroms_std,CCA##_contact_prob_res_nt_mean,CCA##_contact_prob_res_nt_std,GLRDT,GLRDT_PAE_mean,GLRDT_PAE_std,GLRDT_plddt_mean,GLRDT_plddt_std,GLRDT_d_angstroms_mean,GLRDT_d_angstroms_std,GLRDT_contact_prob_res_nt_mean,GLRDT_contact_prob_res_nt_std,KQDNT,KQDNT_PAE_mean,KQDNT_PAE_std,KQDNT_plddt_mean,KQDNT_plddt_std,KQDNT_d_angstroms_mean,KQDNT_d_angstroms_std,KQDNT_contact_prob_res_nt_mean,KQDNT_contact_prob_res_nt_std,TIEMA,TIEMA_PAE_mean,TIEMA_PAE_std,TIEMA_plddt_mean,TIEMA_plddt_std,TIEMA_d_angstroms_mean,TIEMA_d_angstroms_std,TIEMA_contact_prob_res_nt_mean,TIEMA_contact_prob_res_nt_std,TKQDN,TKQDN_PAE_mean,TKQDN_PAE_std,TKQDN_plddt_mean,TKQDN_plddt_std,TKQDN_d_angstroms_mean,TKQDN_d_angstroms_std,TKQDN_contact_prob_res_nt_mean,TKQDN_contact_prob_res_nt_std,#UUUU,#UUUU_PAE_mean,#UUUU_PAE_std,#UUUU_plddt_mean,#UUUU_plddt_std,#UUUU_d_angstroms_mean,#UUUU_d_angstroms_std,#UUUU_contact_prob_res_nt_mean,#UUUU_contact_prob_res_nt_std,AEYKV,AEYKV_PAE_mean,AEYKV_PAE_std,AEYKV_plddt_mean,AEYKV_plddt_std,AEYKV_d_angstroms_mean,AEYKV_d_angstroms_std,AEYKV_contact_prob_res_nt_mean,AEYKV_contact_prob_res_nt_std,##UGU,##UGU_PAE_mean,##UGU_PAE_std,##UGU_plddt_mean,##UGU_plddt_std,##UGU_d_angstroms_mean,##UGU_d_angstroms_std,##UGU_contact_prob_res_nt_mean,##UGU_contact_prob_res_nt_std,#UGUA,#UGUA_PAE_mean,#UGUA_PAE_std,#UGUA_plddt_mean,#UGUA_plddt_std,#UGUA_d_angstroms_mean,#UGUA_d_angstroms_std,#UGUA_contact_prob_res_nt_mean,#UGUA_contact_prob_res_nt_std,GNYVV,GNYVV_PAE_mean,GNYVV_PAE_std,GNYVV_plddt_mean,GNYVV_plddt_std,GNYVV_d_angstroms_mean,GNYVV_d_angstroms_std,GNYVV_contact_prob_res_nt_mean,GNYVV_contact_prob_res_nt_std,DVVTY,DVVTY_PAE_mean,DVVTY_PAE_std,DVVTY_plddt_mean,DVVTY_plddt_std,DVVTY_d_angstroms_mean,DVVTY_d_angstroms_std,DVVTY_contact_prob_res_nt_mean,DVVTY_contact_prob_res_nt_std,LCKAG,LCKAG_PAE_mean,LCKAG_PAE_std,LCKAG_plddt_mean,LCKAG_plddt_std,LCKAG_d_angstroms_mean,LCKAG_d_angstroms_std,LCKAG_contact_prob_res_nt_mean,LCKAG_contact_prob_res_nt_std,LIDGL,LIDGL_PAE_mean,LIDGL_PAE_std,LIDGL_plddt_mean,LIDGL_plddt_std,LIDGL_d_angstroms_mean,LIDGL_d_angstroms_std,LIDGL_contact_prob_res_nt_mean,LIDGL_contact_prob_res_nt_std,prot_length,rna_length,aa_A,aa_C,aa_D,aa_E,aa_F,aa_G,aa_H,aa_I,aa_K,aa_L,aa_M,aa_N,aa_P,aa_Q,aa_R,aa_S,aa_T,aa_V,aa_W,aa_Y,nt_A,nt_C,nt_G,nt_U
6TQB,Q4VGL6,1,,,,,,,,,,,,,,,,,,,,,,,,,,,,,,,,,,,,,,,,,,,,,,,,,,,,,,,,,,,,,,,,,,,,,,,,,,,,,,,,,,,,,,,,,,,,,,,,,,,,,,,,,,,,,,,,,,,,,,,,,,,,,,,,,,,,,,,,,,,,,,,,,,,,,,,,,,,,,,,,,,,,,,,,,,,,,,,,,,,,,,,,,,,,,,,,,,,,,,,,,,,,,,,,,,,,,,,,,,,,,,,,,,,,,,,,,,,,,,,,,,,,,,,,,,,,,,,,,,,,,,,,,,,,,,,153,19,0.08496732026143791,0.013071895424836602,0.0457516339869281,0.06535947712418301,0.032679738562091505,0.0392156862745098,0.032679738562091505,0.0392156862745098,0.05228758169934641,0.13725490196078433,0.026143790849673203,0.013071895424836602,0.032679738562091505,0.09803921568627451,0.0718954248366013,0.09803921568627451,0.0196078431372549,0.06535947712418301,0.013071895424836602,0.0196078431372549,0.3684210526315789,0.10526315789473684,0.10526315789473684,0.42105263157894735
RNCMPT00037_min,P43243,0,,,,,,,,,,,,,,,,,,,,,,,,,,,,,,,,,,,,,,,,,,,,,,,,,,,,,,,,,,,,,,,,,,,,,,,,,,,,,,,,,,,,,,,,,,,,,,,,,,,,,,,,,,,,,,,,,,,,,,,,,,,,,,,,,,,,,,,,,,,,,,,,,,,,,,,,,,,,,,,,,,,,,,,,,,,,,,,,,,,,,,,,,,,,,,,,,,,,,,,,,,,,,,,,,,,,,,,,,,,,,,,,,,,,,,,,,,,,,,,,,,,,,,,,,,,,,,,,,,,,,,,,,,,,,,,253,35,0.05533596837944664,0.007905138339920948,0.05533596837944664,0.05138339920948617,0.03162055335968379,0.07905138339920949,0.03162055335968379,0.04743083003952569,0.11462450592885376,0.09486166007905138,0.03162055335968379,0.039525691699604744,0.05138339920948617,0.04743083003952569,0.06324110671936758,0.06324110671936758,0.03162055335968379,0.06324110671936758,0.003952569169960474,0.03557312252964427,0.22857142857142856,0.11428571428571428,0.37142857142857144,0.2857142857142857
5Z9X,A3KPE8,1,,,,,,,,,,,,,,,,,,,,,,,,,,,,,,,,,,,,,,,,,,,,,,,,,,,,,,,,,,,,,,,,,,,,,,,,,,,,,,,,,,,,,,,,,,,,,,,,,,,,,,,,,,,,,,,,,,,,,,,,,,,,,,,,,,,,,,,,,,,,,,,,,,,,,,,,,,,,,,,,,,,,,,,,,,,,,,,,,,,,,,,,,,,,,,,,,,,,,,,,,,,,,,,,,,,,,,,,,,,,,,,,,,,,,,,,,,,,,,,,,,,,,,,,,,,,,,,,,,,,,,,,,,,,,,,288,9,0.04513888888888889,0.017361111111111112,0.09375,0.0798611111111111,0.027777777777777776,0.03819444444444445,0.03125,0.034722222222222224,0.0798611111111111,0.1284722222222222,0.024305555555555556,0.03819444444444445,0.03819444444444445,0.03125,0.041666666666666664,0.06597222222222222,0.04861111111111111,0.1076388888888889,0.006944444444444444,0.020833333333333332,0.2222222222222222,0.3333333333333333,0.2222222222222222,0.2222222222222222
3Q0R,Q8TB72,1,,,,,,,,,,,,,,,,,,,7.0,1.1285714285714286,0.0698638131005771,95.99547142857143,1.1313482557171686,3.574700832366944,0.5785911265169671,0.8042857142857144,0.3682325869545471,,,,,,,,,,,,,,,,,,,,,,,,,,,,,,,,,,,,,,,,,,,,,,,,,,,,,,,,,,,,,,,,,,,,,,,,,,,,,,,,,,,,,,,,,,,,,,,,,,,,,,,,,,,,,,,,,,,,,,,,,,,,,,,,,,,,,,,,,,,,,,,,,,,,,,,,,,,,,,,,,,,,,,,,,,,,,,,,,,,,,,,,,,,,,,6.0,1.4500000000000002,0.2323790007724449,92.57755,1.822719254026796,3.131057540575663,0.4551115318065223,0.8283333333333333,0.3863375035725455,7.0,1.1142857142857143,0.0852168103246346,95.9351142857143,1.097486553339905,3.395778111049107,0.6155465075147696,0.67,0.4115013163202924,,,,,,,,,,,,,,,,,,,,,,,,,,,,,,,,,,,,,343,8,0.05830903790087463,0.026239067055393587,0.043731778425655975,0.06705539358600583,0.037900874635568516,0.04664723032069971,0.04956268221574344,0.0728862973760933,0.0641399416909621,0.09620991253644315,0.026239067055393587,0.03206997084548105,0.029154518950437316,0.09329446064139942,0.05830903790087463,0.04664723032069971,0.03498542274052478,0.07871720116618076,0.0,0.037900874635568516,0.375,0.0,0.25,0.375
6YYM,P08965,1,,,,,,,,,,,,,,,,,,,,,,,,,,,,,,,,,,,,,,,,,,,,,,,,,,,,,,,,,,,,,,,,,,,,,,,,,8.0,1.2000000000000002,0.1309307341415954,97.9130125,0.419800920292669,3.8284838795661926,0.693098896366066,0.57375,0.438632208445429,,,,,,,,,,,,,,,,,,,,,,,,,,,,,,,,,,,,,,,,,,,,,,,,,,,,,,,,,,,,,,,,,,,,,,,,,,,,,,,,,,,,,,,,,,,,,,,,,,,,,,,,,,,,,,,,,,,,,,,,,,,,,,,,,,,,,,,,,,,,,,,,,,,,,,,,,,,,,,,,,,,,,,,,,,,,,,,,,,,,,,,,,,,,,,148,12,0.05405405405405406,0.02027027027027027,0.06756756756756757,0.04054054054054054,0.06756756756756757,0.05405405405405406,0.013513513513513514,0.10135135135135136,0.060810810810810814,0.02702702702702703,0.02702702702702703,0.0945945945945946,0.05405405405405406,0.04054054054054054,0.060810810810810814,0.0472972972972973,0.05405405405405406,0.060810810810810814,0.006756756756756757,0.0472972972972973,0.0,0.16666666666666666,0.25,0.5833333333333334
2R7V,O37061,1,,,,,,,,,,,,,,,,,,,,,,,,,,,,,,,,,,,,,,,,,,,,,,,,,,,,,,,,,,,,,,,,,,,,,,,,,,,,,,,,,,11.0,5.063636363636363,0.4433344725435352,80.45969090909092,2.641449444322016,3.2297157916155728,0.9790048014585998,0.0818181818181818,0.09693484222076,,,,,,,,,,,,,,,,,,,,,,,,,,,,,,,,,,,,,,,,,,,,,,,,,,,,,,,,,,,,,,,,,,,,,,,,,,,,,,,,,,,,,,,,,,,,,,,,,,,,,,,,,,,,,,,,,,,,,,,,,,,,,,,,,,,,,,,,,,,,,,,,,,,,,,,,,,,,,,,,,,,,,,,,,,,,,,,,,,,,,1073,5,0.05684995340167754,0.004659832246039142,0.05405405405405406,0.05871388630009319,0.04100652376514446,0.034482758620689655,0.013979496738117428,0.08574091332712022,0.0754892823858341,0.09972041006523766,0.03075489282385834,0.06150978564771668,0.03168685927306617,0.036346691519105315,0.046598322460391424,0.08853681267474371,0.0521901211556384,0.06057781919850885,0.008387698042870456,0.05871388630009319,0.0,0.2,0.2,0.6
RNCMPT00013_min,Q96EP5,0,,,,,,,,,,,,,,,,,,,,,,,,,,,,,,,,,,,,,,,,,,,,,,,,,,,,,,,,,,,,,,,,7.0,10.400000000000002,6.038970662842027,76.14955714285713,6.987260619359863,4.0413903168269565,0.6080938106688916,0.36,0.2180978373727412,,,,,,,,,,,,,,,,,,,,,,,,,,,,,,,,,,,,,,,,,,,,,,,,,,,,,,,,,,,,,,,,,,,,,,,,,,,,,,,,,,,,,,,,,,,,,,,,,,,,,,,,,,,,,,,,,,,,,,,,,,,,,,,,,,,,,,,,,,,,,,,,,,,,,,,,,,,,,,,,,,,,,,,,,,,,,,,,,,,,,,,,,,,,,,,,,,,,,,,378,30,0.06613756613756613,0.013227513227513227,0.04497354497354497,0.037037037037037035,0.05555555555555555,0.12433862433862433,0.013227513227513227,0.026455026455026454,0.047619047619047616,0.026455026455026454,0.023809523809523808,0.0291005291005291,0.16666666666666666,0.06084656084656084,0.042328042328042326,0.06349206349206349,0.04497354497354497,0.06349206349206349,0.015873015873015872,0.03439153439153439,0.2,0.16666666666666666,0.23333333333333334,0.4
5WZG,Q9C552,1,,,,,,,,,,,,,,,,,,,,,,,,,,,,,,,,,,,,,,,,,,,,,,,,,,,,,,,,,,,,,,,,,,,,,,,,,,,,,,,,,,,,,,,,,,,,,,,,,,,,,,,,,,,,,,,,,,,,,,,,,,,,,,,,,,,,,,,,,,,,,,,,,,,,,,,,,,,,,,,,,,,,,,,,,,,,,,,,,,,,,,,,,,,,,,,,,,,,,,,,,,,,,,,,,,,,,,,,,,,,,,,,,,,,,,,,,,,,,,,,,,,,,,,,,,,,,,,,,,,,,,,,,,,,,,,534,10,0.07303370786516854,0.033707865168539325,0.05056179775280899,0.08239700374531835,0.03745318352059925,0.04681647940074907,0.026217228464419477,0.06179775280898876,0.05805243445692884,0.13108614232209737,0.024344569288389514,0.033707865168539325,0.028089887640449437,0.03745318352059925,0.04868913857677903,0.09925093632958802,0.035580524344569285,0.054307116104868915,0.00749063670411985,0.0299625468164794,0.3,0.1,0.4,0.2
RNCMPT00018_min,P35637,0,,,,,,,,,,,,,,,,,,,,,,,,,,,,,,,,,,,,,,,,,,,,,,,,,,,,,,,,,,,,,,,,,,,,,,,,,,,,,,,,,,,,,,,,,,,,,,,,,,,,,,,,,,,,,,,,,,,,,,,,,,,,,,,,,,,,,,,,,,,,,,,,,,,,,,,,,,,,,,,,,,,,,,,,,,,,,,,,,,,,,,,,,,,,,,,,,,,,,,,,,,,,,,,,,,,,,,,,,,,,,,,,,,,,,,,,,,,,,,,,,,,,,,,,,,,,,,,,,,,,,,,,,,,,,,,179,38,0.03910614525139665,0.0,0.0670391061452514,0.03910614525139665,0.055865921787709494,0.27932960893854747,0.00558659217877095,0.0446927374301676,0.055865921787709494,0.01675977653631285,0.01675977653631285,0.055865921787709494,0.0446927374301676,0.027932960893854747,0.0893854748603352,0.061452513966480445,0.0446927374301676,0.027932960893854747,0.00558659217877095,0.0223463687150838,0.2894736842105263,0.13157894736842105,0.39473684210526316,0.18421052631578946
6ZDQ,A0A1D8PEA0,1,,,,,,,,,,,,,,,,,,,,,,,,,,,,,,,,,,,,,,,,,,,,,,,,,,,,,,,,,,,,,,,,,,,,,,,,,,,,,,,,,,,,,,,,,,,,,,,,,,,,,,,,,,,,,,,,,,,,,,,,,,,,,,,,,,,,,,,,,,,,,,,,,,,,,,,,,,,,,,,,,,,,,,,,,,,,,,,,,,,,,,,,,,,,,,,,,,,,,,,,,,,,,,,,,,,,,,,,,,,,,,,,,,,,,,,,,,,,,,,,,,,,,,,,,,,,,,,,,,,,,,,,,,,,,,,677,65,0.025110782865583457,0.01624815361890694,0.056129985228951254,0.053175775480059084,0.060561299852289516,0.03988183161004431,0.01772525849335303,0.07090103397341212,0.09601181683899557,0.12850812407680945,0.011816838995568686,0.047267355982274745,0.0206794682422452,0.033973412112259974,0.053175775480059084,0.0930576070901034,0.04431314623338257,0.07090103397341212,0.014771048744460856,0.04579025110782865,0.2923076923076923,0.15384615384615385,0.2923076923076923,0.26153846153846155
4PRF,P09012,1,,,,,,,,,,,,,,,,,,,,,,,,,,,,,,,,,,,,,,,,,,,,,,,,,,,,,,,11.0,1.5954545454545457,1.3037358907107193,95.71514545454544,3.0828150879881338,3.7739634947343306,0.6367699845477444,0.5663636363636364,0.4505834601330308,,,,,,,,,,,,,,,,,,,,,,,,,,,,,,,,,,,,,,,,,,,,,,,,,,,,,,,,,,,,,,,,4.0,1.275,0.0499999999999998,97.125875,0.1399120765576278,3.969562411308289,0.808138351780452,0.685,0.4597463068548421,,,,,,,,,,11.0,1.1863636363636365,0.0868645758952091,97.14192727272729,1.3133888648004517,3.3948829607530078,0.7395302305270552,0.5445454545454546,0.44652802009199,,,,,,,,,,,,,,,,,,,,,,,,,,,,,,,,,,,,,,,,,,,,,,,,,,,,,,,,,,,,,,,,,,,,,,,,,,,,,,,,,,,,,,,,,,,,,,,,,,,,,,,,,,,,,,,,,,,,,,95,74,0.06315789473684211,0.0,0.05263157894736842,0.042105263157894736,0.06315789473684211,0.031578947368421054,0.021052631578947368,0.10526315789473684,0.11578947368421053,0.07368421052631578,0.042105263157894736,0.05263157894736842,0.042105263157894736,0.042105263157894736,0.06315789473684211,0.08421052631578947,0.042105263157894736,0.031578947368421054,0.0,0.031578947368421054,0.14864864864864866,0.33783783783783783,0.33783783783783783,0.17567567567567569
RNCMPT00001_min,Q9NQ94,0,1.0,21.6,,43.9099,,4.868043422698975,,0.01,,,,,,,,,,,,,,,,,,,,,,,,,,,,,,,,,,,,,,,,,,,,,,,,,,,,,,,,,,,,,,,,,,,,,,,,,,,,,,,,,,,,,,,,,,,,,,,,,,,,,,,,,,,,,,,,,,,,,,,,,,,,,,,,,,,,,,,,,,,,,,,,,,,,,,,,,,,,,,,,,,,,,,,,,,,,,,,,,,,,,,,,,,,,,,,,,,,,,,,,,,,,,,,,,,,,,,,,,,,,,,,,,,,,,,,,,,,,,,,,,,,,,,,,,,,,,,,,,,,,,,,340,38,0.07352941176470588,0.011764705882352941,0.05,0.08529411764705883,0.03529411764705882,0.09411764705882353,0.008823529411764706,0.05,0.07352941176470588,0.07352941176470588,0.03235294117647059,0.047058823529411764,0.047058823529411764,0.023529411764705882,0.06764705882352941,0.04411764705882353,0.047058823529411764,0.08235294117647059,0.008823529411764706,0.04411764705882353,0.18421052631578946,0.2631578947368421,0.23684210526315788,0.3157894736842105
RNCMPT00022_min,P09651,0,5.0,13.929999999999998,0.9769851585361976,72.53808,2.047288335091077,4.254378700256348,0.8442719535501105,0.076,0.0594138031100517,,,,,,,,,,,,,,,,,,,,,,,,,,,,,,,,,,,,,,,,,,,,,,,,,,,,,,,3.0,2.5333333333333337,0.4041451884327381,87.34179999999999,2.3235568187586866,3.753318071365357,0.1573908409274411,0.5733333333333334,0.4792007234273893,,,,,,,,,,,,,,,,,,,,,,,,,,,,3.0,3.6833333333333336,1.0004165798972613,86.06230000000001,4.316947137735183,3.806761821111043,0.770484357438495,0.36,0.3935733730830886,5.0,4.0,1.1984364814206885,81.86627999999999,3.536644988827688,3.8358460426330567,0.4448342381713581,0.052,0.073280283842245,,,,,,,,,,,,,,,,,,,,,,,,,,,,,,,,,,,,,,,,,,,,,,,,,,,,,,,,,,,,,,,,,,,,,,,,,,,,,,,,,,,,,,,,,,,,,,,,,,,,,,,,,,,,,,,,,,,,,,,,,,,,,,,,,,,,,,,,,,,,,,,,,,,,,,,,,,226,38,0.04424778761061947,0.008849557522123894,0.061946902654867256,0.07964601769911504,0.061946902654867256,0.13274336283185842,0.035398230088495575,0.035398230088495575,0.07079646017699115,0.035398230088495575,0.022123893805309734,0.035398230088495575,0.02654867256637168,0.030973451327433628,0.084070796460177,0.084070796460177,0.05309734513274336,0.0752212389380531,0.004424778761061947,0.017699115044247787,0.23684210526315788,0.3684210526315789,0.15789473684210525,0.23684210526315788
4M4O,P00698,1,,,,,,,,,,,,,,,,,,,,,,,,,,,,,,,,,,,,,,,,,,,,,,,,,,,,,,,,,,,,,,,,,,,,,,,,,,,,,,,,,,,,,,,,,,,,,,,,,,,,,,,,,,,,,,,,,,,,,,,,,,,,,,,,,,,,,,,,,,,,,,,,,,,,,,,,,,,,,,,,,,,,,,,,,,,,,,,,,,,,,,,,,,,,,,,,,,,,,,,,,,,,,,,,,,,,,,,,,,,,,,,,,,,,,,,,,,,,,,,,,,,,,,,,,,,,,,,,,,,,,,,,,,,,,,,129,59,0.09302325581395349,0.06201550387596899,0.05426356589147287,0.015503875968992248,0.023255813953488372,0.09302325581395349,0.007751937984496124,0.046511627906976744,0.046511627906976744,0.06201550387596899,0.015503875968992248,0.10852713178294573,0.015503875968992248,0.023255813953488372,0.08527131782945736,0.07751937984496124,0.05426356589147287,0.046511627906976744,0.046511627906976744,0.023255813953488372,0.2711864406779661,0.22033898305084745,0.2711864406779661,0.23728813559322035
3IEV,O67800,1,,,,,,,,,,,,,,,,,,,,,,,,,,,,,,,,,,,,,,,,,,,,,,,,,,,,,,,,,,,,,,,,,,,,,,,,,,,,,,,,,,,,,,,,,,,,,,,,,,,,,,,,,,,,,,,,,,,,,,,,,,,,,,,,,,,,,,,,,,,,,,,,,,,,,,,,,,,,,,,,,,,,,,,,,,,,,,,,,,,,,,,,,,,,,,,,,,,,,,,,,,,,,,,,,,,,,,,,,,,,,,,,,,,,,,,,,,,,,,,,,,,,,,,,,,,,,,,,,,,,,,,,,,,,,,,302,11,0.052980132450331126,0.0,0.04304635761589404,0.08940397350993377,0.016556291390728478,0.06291390728476821,0.013245033112582781,0.11258278145695365,0.09602649006622517,0.11258278145695365,0.026490066225165563,0.046357615894039736,0.076158940397351,0.016556291390728478,0.052980132450331126,0.026490066225165563,0.03642384105960265,0.08609271523178808,0.009933774834437087,0.023178807947019868,0.18181818181818182,0.45454545454545453,0.0,0.36363636363636365
RNCMPT00064_min,Q15020,0,,,,,,,,,,,,,,,,,,,,,,,,,,,,,,,,,,,,,,,,,,,,,,,,,,,,,,,,,,,,,,,,,,,,,,,,,,,,,,,,,,,,,,,,,,,,,,,,,,,,,,,,,,,,,,,,,,,,,,,,,,,,,,,,,,,,,,,,,,,,,,,,,,,,,,,,,,,,,,,,,,,,,,,,,,,,,,,,,,,,,,,,,,,,,,,,,,,,,,,,,,,,,,,,,,,,,,,,,,,,,,,,,,,,,,,,,,,,,,,,,,,,,,,,,,,,,,,,,,,,,,,,,,,,,,,267,30,0.07116104868913857,0.02247191011235955,0.04119850187265917,0.08614232209737828,0.03745318352059925,0.0599250936329588,0.011235955056179775,0.033707865168539325,0.10486891385767791,0.0749063670411985,0.0299625468164794,0.0299625468164794,0.07865168539325842,0.04119850187265917,0.0599250936329588,0.0749063670411985,0.04119850187265917,0.0749063670411985,0.0,0.026217228464419477,0.26666666666666666,0.13333333333333333,0.3333333333333333,0.26666666666666666
7CGJ,Q09487,1,,,,,,,,,,,,,,,,,,,7.0,1.2428571428571429,0.0886405260427918,96.1553857142857,1.2373492304500122,3.559945958001273,0.5788361014938253,0.8171428571428571,0.3525958160894845,,,,,,,,,,,,,,,,,,,,,,,,,,,,,,,,,,,,,,,,,,,,,,,,,,,,,,,,,,,,,,,,,,,,,,,,,,,,,,,,,,,,,,,,,,,,,,,,,,,,,,,,,,,,,,,,,,,,,,,,,,,,,,,,,,,,,,,,,,,,,,,,,,,,,,,,,,,,,,,,,,,,,,,,,,,,,,,,,,,,,,,,,,,,,,7.0,1.6285714285714283,0.3039423504234847,94.72827142857145,1.520494899382311,3.1098363740103587,0.3370421383669086,0.7314285714285714,0.4279185503273791,8.0,1.11875,0.0883883476483184,97.5005125,0.8153013052809729,3.519532263278961,0.8199472868960277,0.57125,0.4732995879989755,4.0,1.025,0.0957427107756338,97.951025,0.6503734792409648,3.0994438529014587,0.1256981371917827,0.9975,0.005,,,,,,,,,,,,,,,,,,,,,,,,,,,,345,8,0.05507246376811594,0.020289855072463767,0.05217391304347826,0.07246376811594203,0.043478260869565216,0.03768115942028986,0.043478260869565216,0.07246376811594203,0.06666666666666667,0.06666666666666667,0.028985507246376812,0.043478260869565216,0.03188405797101449,0.07536231884057971,0.057971014492753624,0.057971014492753624,0.02318840579710145,0.10434782608695652,0.002898550724637681,0.043478260869565216,0.375,0.0,0.25,0.375
5HO4,P22626,1,,,,,,,,,,,,,,,,,,,,,,,,,,,,,,,,,,,,,,,,,,,,,,,,,,,,,,,,,,,,,,,,3.0,1.75,0.264575131106459,93.91993333333332,1.7666637210667204,3.5912869771321616,0.5804256710157055,0.62,0.5282991576748917,,,,,,,,,,,,,,,,,,,,,,,,,,,,2.0,1.675,0.0353553390593275,95.02215,0.4694481920297476,3.4499179124832158,0.4214443771115918,0.545,0.6151828996322963,3.0,1.8833333333333333,0.2843120351538665,91.82443333333332,1.7666637210667204,3.4816416104634604,0.7048699945411571,0.0166666666666666,0.0288675134594812,,,,,,,,,,,,,,,,,,,,,,,,,,,,,,,,,,,,,,,,,,,,,,,,,,,,,,,,,,,,,,,,,,,,,,,,,,,,,,,,,,,,,,,,,,,,,,,,,,,,,,,,,,,,,,,,,,,,,,,,,,,,,,,,,,,,,,,,,,,,,,,,,,,,,,,,,,179,10,0.061452513966480445,0.00558659217877095,0.0670391061452514,0.1005586592178771,0.061452513966480445,0.08379888268156424,0.03910614525139665,0.05027932960893855,0.08379888268156424,0.0446927374301676,0.0223463687150838,0.01675977653631285,0.027932960893854747,0.027932960893854747,0.08379888268156424,0.055865921787709494,0.055865921787709494,0.0782122905027933,0.00558659217877095,0.027932960893854747,0.4,0.2,0.3,0.1
3I62,P15424,1,,,,,,,,,,,,,,,,,,,,,,,,,,,,,,,,,,,,,,,,,,,,,,,,,,,,,,,,,,,,,,,,,,,,,,,,,61.0,3.518032786885245,0.4659249570196583,85.84244098360655,2.181975026619772,3.790191257586245,0.8674773845189793,0.0865573770491803,0.1212832118899346,4.0,5.0125,0.451617463494641,80.23750000000001,3.274324713076984,2.8274399638175964,0.6303722350156294,0.055,0.0288675134594812,6.0,4.266666666666667,0.3544949458972113,83.85941666666668,1.031067866663813,3.808826128641764,0.8246078514603603,0.0483333333333333,0.0449073119510249,,,,,,,,,,,,,,,,,,,,,,,,,,,,,,,,,,,,,,,,,,,,,,,,,,,,,,,,,,,,,,,,,,,,,,,,,,,,,,,,,,,,,,,,,,,,,,,,,,,,6.0,4.95,0.3619392214170769,79.26875,3.6947304690599534,3.540434102217356,1.3730958252034846,0.0866666666666666,0.082138095100061,,,,,,,,,,,,,,,,,,,,,,,,,,,,,,,,,,,,,,,,,,,,,,,,,,,,,,,,,,,,,,,,509,10,0.05893909626719057,0.011787819253438114,0.06483300589390963,0.08447937131630648,0.05108055009823183,0.0412573673870334,0.019646365422396856,0.09430255402750491,0.10216110019646366,0.09233791748526522,0.015717092337917484,0.043222003929273084,0.03929273084479371,0.023575638506876228,0.05108055009823183,0.07072691552062868,0.04518664047151277,0.068762278978389,0.0,0.021611001964636542,0.0,0.0,0.0,1.0
5LTA,G0RY84,1,,,,,,,,,,,,,,,,,,,,,,,,,,,,,,,,,,,,,,,,,,,,,,,,,,,,,,,,,,,,,,,,,,,,,,,,,35.0,2.1357142857142857,0.5544699944901581,91.35093142857144,2.226285383346179,3.7371193885803216,0.8426615252832123,0.2082857142857142,0.3156551144215854,12.0,1.9333333333333331,0.2015094553763187,92.70326666666666,1.2596292277948908,3.563899298508962,0.7413406730755491,0.3216666666666666,0.372237298051399,9.0,1.6777777777777778,0.1970265069589482,93.43282222222224,1.2856386688896877,3.847059620751275,0.6908363955896413,0.0977777777777778,0.2598931404336106,,,,,,,,,,,,,,,,,,,,,,,,,,,,,,,,,,,,,,,,,,,,,,,,,,,,,,,,,,,,,,,,,,,,,,,,,,,,,,,,,,,,,,,,,,,,,,,,,,,,8.0,2.91875,0.3217557858287643,87.0829875,1.843870515625451,3.961919844150543,0.8669321904051988,0.13625,0.1837651840179278,,,,,,,,,,,,,,,,,,,,,,,,,,,,,,,,,,,,,,,,,,,,,,,,,,,,,,,,,,,,,,,,698,8,0.07879656160458452,0.012893982808022923,0.050143266475644696,0.0830945558739255,0.034383954154727794,0.04297994269340974,0.025787965616045846,0.055873925501432664,0.05730659025787966,0.10315186246418338,0.024355300859598854,0.03151862464183381,0.054441260744985676,0.045845272206303724,0.06876790830945559,0.055873925501432664,0.06446991404011461,0.06160458452722063,0.0071633237822349575,0.04154727793696275,0.0,0.0,0.0,1.0
6UV3,Q92841,1,,,,,,,,,,,,,,,,,,,,,,,,,,,,,,,,,,,,,,,,,,,,,,,,,,,,,,,,,,,,,,,,,,,,,,,,,,,,,,,,,,,,,,,,,,,,,,,,,,,,,,,,,,,,,,,,,,,,,,,,,,,,,,,,,,,,,,,,,,,,,,,,,,,,,,,,,,,,,,,,,,,,,,,,,,,,,,,,,,,,,,,,,,,,,,,,,,,,,,,,,,,,,,,,,,,,,,,,,,,,,,,,,,,,,,,,,,,,,,,,,,,,,,,,,,,,,,,,,,,,,,,,,,,,,,,426,7,0.06103286384976526,0.023474178403755867,0.06807511737089202,0.07276995305164319,0.035211267605633804,0.05868544600938967,0.023474178403755867,0.06572769953051644,0.056338028169014086,0.0892018779342723,0.028169014084507043,0.03755868544600939,0.05868544600938967,0.051643192488262914,0.07511737089201878,0.03286384976525822,0.0539906103286385,0.06807511737089202,0.009389671361502348,0.03051643192488263,0.2857142857142857,0.42857142857142855,0.14285714285714285,0.14285714285714285
5JS1,Q9UKV8,1,,,,,,,,,,,,,,,,,,,,,,,,,,,,,,,,,,,,,,,,,,,,,,,,,,,,,,,,,,,,,,,,,,,,,,,,,,,,,,,,,,,,,,,,,,,,,,,,,,,,,,,,,,,,,,,,,,,,,,,,,,,,,,,,,,,,,,,,,,,,,,,,,,,,,,,,,,,,,,,,,,,,,,,,,,,,,,,,,,,,,,,,,,,,,,,,,,,,,,,,,,,,,,,,,,,,,,,,,,,,,,,,,,,,,,,,,,,,,,,,,,,,,,,,,,,,,,,,,,,,,,,,,,,,,,,801,10,0.05867665418227216,0.024968789013732832,0.046192259675405745,0.046192259675405745,0.04868913857677903,0.052434456928838954,0.03745318352059925,0.05867665418227216,0.062421972534332085,0.0749063670411985,0.02372034956304619,0.026217228464419477,0.062421972534332085,0.06741573033707865,0.06991260923845194,0.046192259675405745,0.066167290886392,0.08739076154806492,0.00749063670411985,0.03245942571785269,0.4,0.1,0.0,0.5
RNCMPT00028_min,P48809,0,,,,,,,,,,,,,,,,,,,,,,,,,,,,,,,,,,,,,,,,,,,,,,,,,,,,,,,,,,,,,,,,6.0,11.408333333333331,5.676919645958244,72.91855,5.231859974712629,4.316254536310832,0.3890157205903416,0.2416666666666667,0.2194918373577173,,,,,,,,,,,,,,,,,,,,,,,,,,,,2.0,9.4,0.0,76.09035,1.1947983281709007,3.187116265296936,0.3561218195415276,0.305,0.1626345596729059,4.0,7.8625,0.8557404201430863,71.7063,2.386910841792516,3.3363384008407597,0.2065821447439103,0.045,0.0404145188432738,,,,,,,,,,,,,,,,,,,,,,,,,,,,,,,,,,,,,,,,,,,,,,,,,,,,,,,,,,,,,,,,,,,,,,,,,,,,,,,,,,,,,,,,,,,,,,,,,,,,,,,,,,,,,,,,,,,,,,,,,,,,,,,,,,,,,,,,,,,,,,,,,,,,,,,,,,218,38,0.01834862385321101,0.01834862385321101,0.04128440366972477,0.0779816513761468,0.05504587155963303,0.12844036697247707,0.027522935779816515,0.03211009174311927,0.06880733944954129,0.05504587155963303,0.027522935779816515,0.08256880733944955,0.045871559633027525,0.04128440366972477,0.05504587155963303,0.05963302752293578,0.05963302752293578,0.06880733944954129,0.009174311926605505,0.027522935779816515,0.2894736842105263,0.21052631578947367,0.23684210526315788,0.2631578947368421
5GXI,Q8TEQ6,1,,,,,,,,,,,,,,,,,,,,,,,,,,,,,,,,,,,,,,,,,,,,,,,,,,,,,,,,,,,,,,,,,,,,,,,,,,,,,,,,,,4.0,4.275,0.7500000000000002,88.66902499999999,0.9294938134095748,2.7383822798728943,0.3709733546704526,0.0675,0.0457347424467074,7.0,3.878571428571429,0.2690370836538195,90.52452857142858,0.8009691228220281,3.4312894684927806,0.8643337201862588,0.1571428571428571,0.0844026630137315,,,,,,,,,,,,,,,,,,,,,,,,,,,,,,,,,,,,,,,,,,,,,,,,,,,,,,,,,,,,,,,,,,,,,,,,,,,,,,,,,,,,,,,,,,,,,,,,,,,,,,,,,,,,,,,,,,,,,,,,,,,,,,,,,,,,,,,,,,,,,,,,,,,,,,,,,,,,,,,,,,,,,,,,,,,,667,5,0.046476761619190406,0.031484257871064465,0.05547226386806597,0.043478260869565216,0.03298350824587706,0.07496251874062969,0.044977511244377814,0.06146926536731634,0.049475262368815595,0.09145427286356822,0.010494752623688156,0.03298350824587706,0.05997001499250375,0.034482758620689655,0.041979010494752625,0.09295352323838081,0.06596701649175413,0.06596701649175413,0.034482758620689655,0.02848575712143928,0.2,0.0,0.0,0.8
RNCMPT00252_min,Q381I4,0,4.0,22.425,0.3227486121839508,52.40565,2.5760306966338744,3.1501103043556213,0.2971882786810272,0.0499999999999999,0.0294392028877594,,,,,,,,,,,,,,,,,,,,,,,,,,,,21.0,16.35238095238095,3.1199549752550992,55.73325714285714,5.629978923723554,3.3512095042637418,1.0981673031038934,0.0185714285714285,0.0360951124510943,,,,,,,,,,,,,,,,,,,,,,,,,,,,,,,,,,,,,,,,,,,,,,,,,,,,,,,,,,,,,,,,,,,,,,,,,,,,,,,,,,,,,,,,,,,,,,,,,,,,,,,,,,,,,,,,,,,,,,,,,,,,,,,,,,,,,,,,,,,,,,,,,,,,,,,,,,,,,,,,,,,,,,,,,,,,,,,,,,,,,,,,,,,,,,,,,,,,,,,,,,,,,,,,,,,,,,,,,,,,,,,,,,377,30,0.07427055702917772,0.005305039787798408,0.07161803713527852,0.07161803713527852,0.04774535809018567,0.03978779840848806,0.03183023872679045,0.03183023872679045,0.08488063660477453,0.10875331564986737,0.013262599469496022,0.058355437665782495,0.03183023872679045,0.03713527851458886,0.10875331564986737,0.058355437665782495,0.058355437665782495,0.04774535809018567,0.005305039787798408,0.013262599469496022,0.36666666666666664,0.16666666666666666,0.4,0.06666666666666667
5WWW,Q5U5Q3,1,,,,,,,,,,,,,,,,,,,,,,,,,,,,,,,,,,,,,,,,,,,,,,,,,,,,,,,,,,,,,,,,,,,,,,,,,,,,,,,,,,,,,,,,,,,,,,,,,,,,,,,,,,,,,,,,,,,,,,,,,,,,,,,,,,,,,,,,,,,,,,,,,,,,,,,,,,,,,,,,,,,,,,,,,,,,,,,,,,,,,,,,,,,,,,,,,,,,,,,,,,,,,,,,,,,,,,,,,,,,,,,,,,,,,,,,,,,,,,,,,,,,,,,,,,,,,,,,,,,,,,,,,,,,,,,94,6,0.10638297872340426,0.02127659574468085,0.010638297872340425,0.0851063829787234,0.02127659574468085,0.05319148936170213,0.0851063829787234,0.06382978723404255,0.07446808510638298,0.0425531914893617,0.031914893617021274,0.02127659574468085,0.0425531914893617,0.02127659574468085,0.0851063829787234,0.06382978723404255,0.06382978723404255,0.09574468085106383,0.0,0.010638297872340425,0.16666666666666666,0.0,0.3333333333333333,0.5
RNCMPT00047_min,Q96PU8,0,,,,,,,,,,,,,,,,,,,,,,,,,,,,,,,,,,,,,,,,,,,,,,,,,,,,,,,,,,,,,,,,,,,,,,,,,,,,,,,,,,,,,,,,,,,,,,,,,,,,,,,,,,,,,,,,,,,,,,,,,,,,,,,,,,,,,,,,,,,,,,,,,,,,,,,,,,,,,,,,,,,,,,,,,,,,,,,,,,,,,,,,,,,,,,,,,,,,,,,,,,,,,,,,,,,,,,,,,,,,,,,,,,,,,,,,,,,,,,,,,,,,,,,,,,,,,,,,,,,,,,,,,,,,,,,341,38,0.0967741935483871,0.005865102639296188,0.04105571847507331,0.07917888563049853,0.01466275659824047,0.06158357771260997,0.017595307917888565,0.05571847507331378,0.07038123167155426,0.0967741935483871,0.03812316715542522,0.04105571847507331,0.0967741935483871,0.03225806451612903,0.05865102639296188,0.03225806451612903,0.06451612903225806,0.06158357771260997,0.002932551319648094,0.03225806451612903,0.18421052631578946,0.21052631578947367,0.3684210526315789,0.23684210526315788
RNCMPT00218_min,A0A1G4IJI8,0,,,,,,,,,,,,,,,,,,,,,,,,,,,,,,,,,,,,,,,,,,,,,,,,,,,,,,,,,,,,,,,,,,,,,,,,,,,,,,,,,,,,,,,,,,,,,,,,,,,,,,,,,,,,,,,,,,,,,,,,,,,,,,,,,,,,,,,,,,,,,,,,,,,,,,,,,,,,,,,,,,,,,,,,,,,,,,,,,,,,,,,,,,,,,,,,,,,,,,,,,,,,,,,,,,,,,,,,,,,,,,,,,,,,,,,,,,,,,,,,,,,,,,,,,,,,,,,,,,,,,,,,,,,,,,,323,38,0.07120743034055728,0.030959752321981424,0.04024767801857585,0.04953560371517028,0.043343653250773995,0.07430340557275542,0.02476780185758514,0.015479876160990712,0.043343653250773995,0.08668730650154799,0.02476780185758514,0.05263157894736842,0.06811145510835913,0.034055727554179564,0.07120743034055728,0.11145510835913312,0.07430340557275542,0.06811145510835913,0.009287925696594427,0.006191950464396285,0.2631578947368421,0.23684210526315788,0.23684210526315788,0.2631578947368421
7CGH,Q09487,1,,,,,,,,,,,,,,,,,,,7.0,1.2,0.0816496580927726,96.24994285714288,1.1875609343764808,3.4985740525381908,0.5785722139482631,0.8185714285714285,0.3490190334556064,,,,,,,,,,,,,,,,,,,,,,,,,,,,,,,,,,,,,,,,,,,,,,,,,,,,,,,,,,,,,,,,,,,,,,,,,,,,,,,,,,,,,,,,,,,,,,,,,,,,,,,,,,,,,,,,,,,,,,,,,,,,,,,,,,,,,,,,,,,,,,,,,,,,,,,,,,,,,,,,,,,,,,,,,,,,,,,,,,,,,,,,,,,,,,7.0,1.542857142857143,0.2935821455580638,94.8868142857143,1.547028974549359,3.118556499481201,0.3438034941273271,0.7314285714285714,0.4310231459921292,8.0,1.09375,0.0821040280898046,97.5997875,0.8051497188855188,3.5269735455513,0.8475518678371655,0.5862499999999999,0.4717123063902403,4.0,1.0,0.0999999999999999,97.987225,0.6422352132721083,3.041563928127289,0.1343646588780352,1.0,0.0,,,,,,,,,,,,,,,,,,,,,,,,,,,,345,8,0.05507246376811594,0.020289855072463767,0.05217391304347826,0.07246376811594203,0.043478260869565216,0.03768115942028986,0.043478260869565216,0.07246376811594203,0.06666666666666667,0.06666666666666667,0.028985507246376812,0.043478260869565216,0.03188405797101449,0.07536231884057971,0.057971014492753624,0.057971014492753624,0.02318840579710145,0.10434782608695652,0.002898550724637681,0.043478260869565216,0.375,0.125,0.125,0.375
RNCMPT00138_min,Q9VFT4,0,,,,,,,,,,,,,,,,,,,,,,,,,,,,,,,,,,,,,,,,,,,,,,,,,,,,,,,,,,,,,,,,,,,,,,,,,,,,,,,,,,,,,,,,,,,,,,,,,,,,,,,,,,,,,,,,,,,,,,,,,,,,,,,,,,,,,,,,,,,,,,,,,,,,,,,,,,,,,,,,,,,,,,,,,,,,,,,,,,,,,,,,,,,,,,,,,,,,,,,,,,,,,,,,,,,,,,,,,,,,,,,,,,,,,,,,,,,,,,,,,,,,,,,,,,,,,,,,,,,,,,,,,,,,,,,175,38,0.02857142857142857,0.011428571428571429,0.05142857142857143,0.045714285714285714,0.04,0.10285714285714286,0.011428571428571429,0.03428571428571429,0.04,0.08,0.022857142857142857,0.16,0.08,0.06285714285714286,0.08,0.07428571428571429,0.017142857142857144,0.03428571428571429,0.0,0.022857142857142857,0.21052631578947367,0.2894736842105263,0.2631578947368421,0.23684210526315788
6I0V,Q9VI58,1,,,,,,,,,,,,,,,,,,,,,,,,,,,,,,,,,,,,,,,,,,,,,,,,,,,,,,,,,,,,,,,,,,,,,,,,,,,,,,,,,,,,,,,,,,,,,,,,,,,,,,,,,,,,,,,,,,,,,,,,,,,,,,,,,,,,,,,,,,,,,,,,,,,,,,,,,,,,,,,,,,,,,,,,,,,,,,,,,,,,,,,,,,,,,,,,,,,,,,,,,,,,,,,,,,,,,,,,,,,,,,,,,,,,,,,,,,,,,,,,,,,,,,,,,,,,,,,,,,,,,,,,,,,,,,,346,5,0.06358381502890173,0.031791907514450865,0.04046242774566474,0.049132947976878616,0.06069364161849711,0.03757225433526012,0.02023121387283237,0.08092485549132948,0.07225433526011561,0.10115606936416185,0.023121387283236993,0.04335260115606936,0.049132947976878616,0.06069364161849711,0.04335260115606936,0.04335260115606936,0.05202312138728324,0.07514450867052024,0.008670520231213872,0.04335260115606936,0.4,0.2,0.2,0.2
2ZH5,O28126,1,,,,,,,,,,,,,,,,,,,,,,,,,,,,,,,,,,,,,,,,,,,,,,,,,,,,,,,,,,,,,,,,,,,,,,,,,,,,,,,,,,,,,,,,,,,,,,,,,,,,,,,,,,,,,,,,,,,,,,,,,,,,,,,,,,,,,,,,11.0,1.0636363636363635,0.185864075456917,98.10662727272728,1.0953443961521054,3.6507250612432314,0.5658436499125259,0.4863636363636363,0.4970970272949281,,,,,,,,,,,,,,,,,,,,,,,,,,,,,,,,,,,,,,,,,,,,,,,,,,,,,,,,,,,,,,,,4.0,1.0125,0.0629152869605896,98.311425,0.2019631381382904,3.313126802444458,0.4937807630428788,0.2425,0.4783565615730591,,,,,,,,,,,,,,,,,,,,,,,,,,,,,,,,,,,,,,,,,,,,,,,,,,,,,,,437,34,0.05263157894736842,0.013729977116704805,0.034324942791762014,0.14187643020594964,0.07322654462242563,0.06178489702517163,0.018306636155606407,0.04576659038901602,0.08237986270022883,0.08924485125858124,0.016018306636155607,0.032036613272311214,0.041189931350114416,0.006864988558352402,0.09153318077803203,0.041189931350114416,0.02517162471395881,0.08695652173913043,0.013729977116704805,0.032036613272311214,0.058823529411764705,0.38235294117647056,0.38235294117647056,0.17647058823529413
2ZHA,O28126,1,,,,,,,,,,,,,,,,,,,,,,,,,,,,,,,,,,,,,,,,,,,,,,,,,,,,,,,,,,,,,,,,,,,,,,,,,,,,,,,,,,,,,,,,,,,,,,,,,,,,,,,,,,,,,,,,,,,,,,,,,,,,,,,,,,,,,,,,11.0,1.059090909090909,0.1786311588415943,98.03343636363635,1.1832658139849457,3.6522190354087134,0.5715148688223347,0.4854545454545454,0.4972999826334933,,,,,,,,,,,,,,,,,,,,,,,,,,,,,,,,,,,,,,,,,,,,,,,,,,,,,,,,,,,,,,,,4.0,1.0125000000000002,0.075,98.28195,0.2220679850856476,3.2913896441459656,0.4742640711503331,0.245,0.4833563212924119,,,,,,,,,,,,,,,,,,,,,,,,,,,,,,,,,,,,,,,,,,,,,,,,,,,,,,,437,33,0.05263157894736842,0.013729977116704805,0.034324942791762014,0.14187643020594964,0.07322654462242563,0.06178489702517163,0.018306636155606407,0.04576659038901602,0.08237986270022883,0.08924485125858124,0.016018306636155607,0.032036613272311214,0.041189931350114416,0.006864988558352402,0.09153318077803203,0.041189931350114416,0.02517162471395881,0.08695652173913043,0.013729977116704805,0.032036613272311214,0.06060606060606061,0.36363636363636365,0.3939393939393939,0.18181818181818182
RNCMPT00025_min,P07910,0,4.0,8.925,4.221670285562339,72.438,13.970594892845476,3.137353211641312,0.9653656270290442,0.2475,0.2088659857420542,,,,,,,,,,,,,,,,,,,,,,,,,,,,,,,,,,,,,,,,,,,,,,,,,,,,,,,,,,,,,,,,,,,,,,,,,,,,,,,,,,,,,,,,,,,,,,,,,,,,,,,,,,,,,,,,,,,,,,,,,,,,,,,,,,,,,,,,,,,,,,,,,,,,,,,,,,,,,,,,,,,,,,,,,,,,,,,,,,,,,,,,,,,,,,,,,,,,,,,,,,,,,,,,,,,,,,,,,,,,,,,,,,,,,,,,,,,,,,,,,,,,,,,,,,,,,,,,,,,,,,131,35,0.09923664122137404,0.007633587786259542,0.061068702290076333,0.04580152671755725,0.04580152671755725,0.07633587786259542,0.015267175572519083,0.03816793893129771,0.06870229007633588,0.05343511450381679,0.030534351145038167,0.06870229007633588,0.03816793893129771,0.022900763358778626,0.061068702290076333,0.09923664122137404,0.030534351145038167,0.10687022900763359,0.0,0.030534351145038167,0.2857142857142857,0.14285714285714285,0.34285714285714286,0.22857142857142856
RNCMPT00052_min,Q9BWF3,0,,,,,,,,,,,,,,,,,,,,,,,,,,,,,,,,,,,,,,,,,,,,,,,,,,,,,,,,,,,,,,,,,,,,,,,,,,,,,,,,,,,,,,,,,,,,,,,,,,,,,,,,,,,,,,,,,,,,,,,,,,,,,,,,,,,,,,,,,,,,,,,,,,,,,,,,,,,,,,,,,,,,,,,,,,,,,,,,,,,,,,,,,,,,,,,,,,,,,,,,,,,,,,,,,,,,,,,,,,,,,,,,,,,,,,,,,,,,,,,,,,,,,,,,,,,,,,,,,,,,,,,,,,,,,,,177,38,0.062146892655367235,0.03389830508474576,0.04519774011299435,0.1016949152542373,0.03389830508474576,0.07344632768361582,0.04519774011299435,0.06779661016949153,0.0847457627118644,0.062146892655367235,0.022598870056497175,0.05084745762711865,0.02824858757062147,0.02824858757062147,0.05649717514124294,0.05084745762711865,0.05084745762711865,0.062146892655367235,0.005649717514124294,0.03389830508474576,0.23684210526315788,0.2894736842105263,0.2631578947368421,0.21052631578947367
6XH3,6XH3,1,,,,,,,,,,,,,,,,,,,,,,,,,,,,,,,,,,,,,,,,,,,,,,,,,,,,,,,,,,,,,,,,,,,,,,,,,,,,,,,,,,,,,,,,,,,,,,,,,,,,,,,,,,,,,,,,,,,,,,,,,,,,,,,,,,,,,,,,,,,,,,,,,,,,,,,,,,,,,,,,,,,,,,,,,,,,,,,,,,,,,,,,,,,,,,,,,,,,,,,,,,,,,,,,,,,,,,,,,,,,,,,,,,,,,,,,,,,,,,,,,,,,,,,,,,,,,,,,,,,,,,,,,,,,,,,88,27,0.06818181818181818,0.0,0.045454545454545456,0.022727272727272728,0.06818181818181818,0.03409090909090909,0.022727272727272728,0.10227272727272728,0.09090909090909091,0.06818181818181818,0.022727272727272728,0.056818181818181816,0.056818181818181816,0.045454545454545456,0.09090909090909091,0.06818181818181818,0.06818181818181818,0.03409090909090909,0.0,0.03409090909090909,0.14814814814814814,0.2962962962962963,0.3333333333333333,0.2222222222222222
7CGL,Q09487,1,,,,,,,,,,,,,,,,,,,7.0,1.1857142857142855,0.0690065559342354,96.02462857142856,1.2057381939629166,3.44550997870309,0.5723904261547357,0.8185714285714285,0.3490190334556064,,,,,,,,,,,,,,,,,,,,,,,,,,,,,,,,,,,,,,,,,,,,,,,,,,,,,,,,,,,,,,,,,,,,,,,,,,,,,,,,,,,,,,,,,,,,,,,,,,,,,,,,,,,,,,,,,,,,,,,,,,,,,,,,,,,,,,,,,,,,,,,,,,,,,,,,,,,,,,,,,,,,,,,,,,,,,,,,,,,,,,,,,,,,,,7.0,1.5142857142857142,0.2609506430251478,95.08938571428573,1.5556976103221047,3.0376946926116943,0.3997013783373054,0.7300000000000001,0.430193754797378,8.0,1.0625,0.0582482372510718,97.7140875,0.801928143267391,3.483503967523575,0.8841362751369418,0.58875,0.4720301897124801,4.0,0.9875,0.075,97.891225,0.7603147917145898,3.0834984183311462,0.0730691600443151,0.9975,0.005,,,,,,,,,,,,,,,,,,,,,,,,,,,,346,8,0.05491329479768786,0.023121387283236993,0.05491329479768786,0.07225433526011561,0.04335260115606936,0.03757225433526012,0.04046242774566474,0.07225433526011561,0.06647398843930635,0.06647398843930635,0.028901734104046242,0.04046242774566474,0.031791907514450865,0.07514450867052024,0.06069364161849711,0.057803468208092484,0.023121387283236993,0.10404624277456648,0.002890173410404624,0.04335260115606936,0.375,0.125,0.125,0.375
RNCMPT00159_min,Q9UKM9,0,,,,,,,,,,,,,,,,,,,,,,,,,,,,,,,,,,,,,,,,,,,,,,,,,,,,,,,,,,,,,,,,,,,,,,,,,,,,,,,,,,,,,,,,,,,,,,,,,,,,,,,,,,,,,,,,,,,,,,,,,,,,,,,,,,,,,,,,,,,,,,,,,,,,,,,,,,,,,,,,,,,,,,,,,,,,,,,,,,,,,,,,,,,,,,,,,,,,,,,,,,,,,,,,,,,,,,,,,,,,,,,,,,,,,,,,,,,,,,,,,,,,,,,,,,,,,,,,,,,,,,,,,,,,,,,136,35,0.08823529411764706,0.007352941176470588,0.07352941176470588,0.029411764705882353,0.04411764705882353,0.08088235294117647,0.014705882352941176,0.04411764705882353,0.07352941176470588,0.07352941176470588,0.014705882352941176,0.0661764705882353,0.03676470588235294,0.022058823529411766,0.08088235294117647,0.08088235294117647,0.029411764705882353,0.0661764705882353,0.0,0.07352941176470588,0.3142857142857143,0.17142857142857143,0.3142857142857143,0.2
RNCMPT00109_min,Q07955,0,,,,,,,,,,,,,,,,,,,,,,,,,,,,,,,,,,,,,,,,,,,,,,,,,,,,,,,,,,,,,,,,,,,,,,,,,,,,,,,,,,,,,,,,,,,,,,,,,,,,,,,,,,,,,,,,,,,,,,,,,,,,,,,,,,,,,,,,,,,,,,,,,,,,,,,,,,,,,,,,,,,,,,,,,,,,,,,,,,,,,,,,,,,,,,,,,,,,,,,,,,,,,,,,,,,,,,,,,,,,,,,,,,,,,,,,,,,,,,,,,,,,,,,,,,,,,,,,,,,,,,,,,,,,,,,202,38,0.04950495049504951,0.009900990099009901,0.09900990099009901,0.054455445544554455,0.034653465346534656,0.16336633663366337,0.009900990099009901,0.034653465346534656,0.039603960396039604,0.0297029702970297,0.01485148514851485,0.0297029702970297,0.06930693069306931,0.0049504950495049506,0.12376237623762376,0.04950495049504951,0.0297029702970297,0.08415841584158416,0.0049504950495049506,0.06435643564356436,0.18421052631578946,0.23684210526315788,0.18421052631578946,0.39473684210526316
RNCMPT00065_min,A0A6P8KDB1,0,6.0,23.075,0.8177713616898062,50.26596666666666,3.016375107752129,3.0909137527147927,1.3093487374141095,0.03,0.0089442719099991,,,,,,,,,,,,,,,,,,,,,,,,,,,,,,,,,,,,,,,,,,,,,,,,,,,,,,,,,,,,,,,,,,,,,,,,,,,,,,,,,,,,,,,,,,,,,,,,,,,,,,,,,,,,,,,,,,,,,,,,,,,,,,,,,,,,,,,,,,,,,,,,,,,,,,,,,,,,,,,,,,,,,,,,,,,,,,,,,,,,,,,,,,,,,,,,,,,,,,,,,,,,,,,,,,,,,,,,,,,,,,,,,,,,,,,,,,,,,,,,,,,,,,,,,,,,,,,,,,,,,,186,38,0.043010752688172046,0.010752688172043012,0.06451612903225806,0.07526881720430108,0.021505376344086023,0.08064516129032258,0.026881720430107527,0.06451612903225806,0.0913978494623656,0.07526881720430108,0.016129032258064516,0.043010752688172046,0.07526881720430108,0.053763440860215055,0.0913978494623656,0.03225806451612903,0.04838709677419355,0.06451612903225806,0.005376344086021506,0.016129032258064516,0.34210526315789475,0.2894736842105263,0.2894736842105263,0.07894736842105263
6NOC,Q09312,1,,,,,,,,,,,,,,,,,,,7.0,1.592857142857143,0.2225394561056746,94.6300142857143,1.2342849460700849,3.8233775070735385,0.5437725186091182,0.8885714285714287,0.1077695955002416,,,,,,,,,,,,,,,,,,,,,,,,,,,,,,,,,,,,,,,,,,,,,,,,,,,,,,,,,,,,,,,,,,,,,,,,,,,,,,,,,,,,,,,,,,,,,,,,,,,,,,,,,,,,,,,,,,,,,,,,,,,,,,,,,,,,,,,,,,,,,,,,,,,,,,,,,,,,,,,,,,,,,,,,,,,,,,,,,,,,,,,,,,,,,,7.0,1.6642857142857144,0.0988023520059353,94.07177142857142,1.037819270898174,3.3168327808380127,0.3934757216441233,0.7157142857142856,0.4551504199293952,7.0,1.0357142857142858,0.0690065559342354,97.19365714285716,0.7914849121685642,3.229578290666853,0.5117370933458008,0.6742857142857143,0.4574515326916117,2.0,1.225,0.3889087296526011,96.4718,1.5632716718472237,3.1186628341674805,0.0655855539047724,0.99,0.0141421356237309,,,,,,,,,,,,,,,,,,,,,,,,,,,,402,8,0.06716417910447761,0.029850746268656716,0.06716417910447761,0.05223880597014925,0.04228855721393035,0.03980099502487562,0.024875621890547265,0.06218905472636816,0.06467661691542288,0.11194029850746269,0.03482587064676617,0.04477611940298507,0.017412935323383085,0.05721393034825871,0.05223880597014925,0.07711442786069651,0.04975124378109453,0.06965174129353234,0.007462686567164179,0.02736318407960199,0.5,0.0,0.125,0.375
RNCMPT00027_min,A0A384N6C7,0,1.0,22.35,,48.4889,,4.764973163604736,,0.44,,,,,,,,,,,,,,,,,,,,,,,,,,,,,,,,,,,,,,,,,,,,,,,,,,,,,,,,,,,,,,,,,,,,,,,,,,,,,,,,,,,,,,,,,,,,,,,,,,,,,,,,,,,,,,,,,,,,,,,,,,,,,,,,,,,,,,,,,,,,,,,,,,,,,,,,,,,,,,,,,,,,,,,,,,,,,,,,,,,,,,,,,,,,,,,,,,,,,,,,,,,,,,,,,,,,,,,,,,,,,,,,,,,,,,,,,,,,,,,,,,,,,,,,,,,,,,,,,,,,,,,558,35,0.06810035842293907,0.017921146953405017,0.05197132616487455,0.04838709677419355,0.03763440860215054,0.12724014336917563,0.03225806451612903,0.03225806451612903,0.05017921146953405,0.05734767025089606,0.023297491039426525,0.05913978494623656,0.08422939068100359,0.03942652329749104,0.044802867383512544,0.07347670250896057,0.03046594982078853,0.06810035842293907,0.0035842293906810036,0.05017921146953405,0.14285714285714285,0.2571428571428571,0.2571428571428571,0.34285714285714286
RNCMPT00020_min,P51116,0,,,,,,,,,,,,,,,,,,,,,,,,,,,,,,,,,,,,,,,,,,,,,,,,,,,,,,,,,,,,,,,,,,,,,,,,,,,,,,,,,,,,,,,,,,,,,,,,,,,,,,,,,,,,,,,,,,,,,,,,,,,,,,,,,,,,,,,,,,,,,,,,,,,,,,,,,,,,,,,,,,,,,,,,,,,,,,,,,,,,,,,,,,,,,,,,,,,,,,,,,,,,,,,,,,,,,,,,,,,,,,,,,,,,,,,,,,,,,,,,,,,,,,,,,,,,,,,,,,,,,,,,,,,,,,,232,38,0.06465517241379311,0.008620689655172414,0.034482758620689655,0.10344827586206896,0.034482758620689655,0.09482758620689655,0.017241379310344827,0.05172413793103448,0.05172413793103448,0.09913793103448276,0.017241379310344827,0.034482758620689655,0.034482758620689655,0.05603448275862069,0.08189655172413793,0.06465517241379311,0.05603448275862069,0.07327586206896551,0.0,0.021551724137931036,0.23684210526315788,0.34210526315789475,0.18421052631578946,0.23684210526315788
RNCMPT00075_min,Q9H6E5,0,1.0,7.55,,66.2738,,4.29329776763916,,0.06,,,,,,,,,,,,,,,,,,,,,,,,,,,,,8.0,11.98125,2.1143958103574514,51.05986250000001,6.314480664300226,3.379947990179062,1.267126203927143,0.03625,0.0333541601603158,,,,,,,,,,,,,,,,,,,,,,,,,,,,,,,,,,,,,,,,,,,,,,,,,,,,,,,,,,,,,,,,,,,,,,,,,,,,,,,,,,,,,,,,,,,12.0,19.3125,0.5776618230575581,58.23548333333334,2.708665714746362,3.3648951947689056,1.1293475262051456,0.0525,0.0618098256384415,,,,,,,,,,,,,,,,,,,,,,,,,,,,,,,,,,,,,,,,,,,,,,,,,,,,,,,,,,,,,,,,,,,,,,,,,,,,,,,,,,,,,,,,,,,,,,,,,,,,,,,,,,,,,,,,,,,,,,,,,,,,,,,912,30,0.09539473684210527,0.02631578947368421,0.044956140350877194,0.0712719298245614,0.03179824561403509,0.08991228070175439,0.023026315789473683,0.01206140350877193,0.02850877192982456,0.1206140350877193,0.01206140350877193,0.01425438596491228,0.0756578947368421,0.0581140350877193,0.07456140350877193,0.09649122807017543,0.03399122807017544,0.0668859649122807,0.015350877192982455,0.008771929824561403,0.3,0.23333333333333334,0.36666666666666664,0.1
5ELK,Q8BL48,1,,,,,,,,,,,,,,,,,,,,,,,,,,,,,,,,,,,,,,,,,,,,,,,,,,,,,,,,,,,,,,,,,,,,,,,,,,,,,,,,,,,,,,,,,,,,,,,,,,,,,,,,,,,,,,,,,,,,,,,,,,,,,,,,,,,,,,,,,,,,,,,,,,,,,,,,,,,,,,,,,,,,,,,,,,,,,,,,,,,,,,,,,,,,,,,,,,,,,,,,,,,,,,,,,,,,,,,,,,,,,,,,,,,,,,,,,,,,,,,,,,,,,,,,,,,,,,,,,,,,,,,,,,,,,,,121,6,0.049586776859504134,0.08264462809917356,0.04132231404958678,0.05785123966942149,0.024793388429752067,0.06611570247933884,0.049586776859504134,0.01652892561983471,0.08264462809917356,0.024793388429752067,0.008264462809917356,0.04132231404958678,0.12396694214876033,0.05785123966942149,0.08264462809917356,0.049586776859504134,0.04132231404958678,0.01652892561983471,0.01652892561983471,0.06611570247933884,0.3333333333333333,0.16666666666666666,0.16666666666666666,0.3333333333333333
1VBY,P09012,1,,,,,,,,,,,,,,,,,,,,,,,,,,,,,,,,,,,,,,,,,,,,,,,,,,,,,,,11.0,1.431818181818182,0.9607998561804452,96.47087272727272,2.639449506655092,3.7158008488741783,0.6300510205996257,0.5654545454545455,0.4522690269378091,,,,,,,,,,,,,,,,,,,,,,,,,,,,,,,,,,,,,,,,,,,,,,,,,,,,,,,,,,,,,,,,5.0,1.23,0.1095445115010331,97.0702,0.9258673366093028,4.12660846710205,0.8881088930219313,0.548,0.5023644095673976,,,,,,,,,,11.0,1.122727272727273,0.0786245393106896,97.57320909090907,1.232566616824052,3.3741161823272705,0.7506550589322835,0.5390909090909092,0.4463732641064997,,,,,,,,,,,,,,,,,,,,,,,,,,,,,,,,,,,,,,,,,,,,,,,,,,,,,,,,,,,,,,,,,,,,,,,,,,,,,,,,,,,,,,,,,,,,,,,,,,,,,,,,,,,,,,,,,,,,,,95,73,0.06315789473684211,0.0,0.05263157894736842,0.042105263157894736,0.06315789473684211,0.031578947368421054,0.021052631578947368,0.10526315789473684,0.11578947368421053,0.07368421052631578,0.042105263157894736,0.05263157894736842,0.042105263157894736,0.042105263157894736,0.06315789473684211,0.08421052631578947,0.042105263157894736,0.031578947368421054,0.0,0.031578947368421054,0.136986301369863,0.3424657534246575,0.3424657534246575,0.1780821917808219
RNCMPT00035_min,Q94901,0,,,,,,,,,,,,,,,,,,,,,,,,,,,,,,,,,,,,,,,,,,,,,,,,,,,,,,,,,,,,,,,,,,,,,,,,,,,,,,,,,,,,,,,,,,,,,,,,,,,,,,,,,,,,,,,,,,,,,,,,,,,,,,,,,,,,,,,,,,,,,,,,,,,,,,,,,,,,,,,,,,,,,,,,,,,,,,,,,,,,,,,,,,,,,,,,,,,,,,,,,,,,,,,,,,,,,,,,,,,,,,,,,,,,,,,,,,,,,,,,,,,,,,,,,,,,,,,,,,,,,,,,,,,,,,,207,35,0.057971014492753624,0.028985507246376812,0.05314009661835749,0.07246376811594203,0.03864734299516908,0.1111111111111111,0.014492753623188406,0.028985507246376812,0.06280193236714976,0.06280193236714976,0.014492753623188406,0.043478260869565216,0.057971014492753624,0.043478260869565216,0.07246376811594203,0.03864734299516908,0.06280193236714976,0.09178743961352658,0.004830917874396135,0.03864734299516908,0.22857142857142856,0.2,0.37142857142857144,0.2
RNCMPT00094_min,P07909,0,,,,,,,,,,,,,,,,,,,,,,,,,,,,,,,,,,,,,,,,,,,,,,,,,,,,,,,,,,,,,,,,3.0,2.85,0.3499999999999999,91.73173333333334,1.2373091219793595,3.7250352700551352,0.2410714191223877,0.5599999999999999,0.4765501022977542,,,,,,,,,,,,,,,,,,,,,,,,,,,,,,,,,,,,,4.0,3.2875,0.3816084380618437,87.75975,2.760050611250939,4.039299547672272,0.4267312871638617,0.0425,0.0665206734782503,,,,,,,,,,,,,,,,,,,,,,,,,,,,,,,,,,,,,,,,,,,,,,,,,,,,,,,,,,,,,,,,,,,,,,,,,,,,,,,,,,,,,,,,,,,,,,,,,,,,,,,,,,,,,,,,,,,,,,,,,,,,,,,,,,,,,,,,,,,,,,,,,,,,,,,,,,365,38,0.0273972602739726,0.0,0.07397260273972603,0.024657534246575342,0.04657534246575343,0.2273972602739726,0.021917808219178082,0.03287671232876712,0.057534246575342465,0.021917808219178082,0.019178082191780823,0.1506849315068493,0.03561643835616438,0.057534246575342465,0.052054794520547946,0.03287671232876712,0.019178082191780823,0.049315068493150684,0.019178082191780823,0.030136986301369864,0.18421052631578946,0.2894736842105263,0.18421052631578946,0.34210526315789475
6UV2,Q92841,1,,,,,,,,,,,,,,,,,,,,,,,,,,,,,,,,,,,,,,,,,,,,,,,,,,,,,,,,,,,,,,,,,,,,,,,,,,,,,,,,,,,,,,,,,,,,,,,,,,,,,,,,,,,,,,,,,,,,,,,,,,,,,,,,,,,,,,,,,,,,,,,,,,,,,,,,,,,,,,,,,,,,,,,,,,,,,,,,,,,,,,,,,,,,,,,,,,,,,,,,,,,,,,,,,,,,,,,,,,,,,,,,,,,,,,,,,,,,,,,,,,,,,,,,,,,,,,,,,,,,,,,,,,,,,,,431,8,0.060324825986078884,0.02320185614849188,0.06960556844547564,0.07424593967517401,0.03480278422273782,0.058004640371229696,0.02320185614849188,0.06496519721577726,0.05568445475638051,0.09048723897911833,0.027842227378190254,0.037122969837587005,0.058004640371229696,0.05104408352668213,0.07424593967517401,0.03480278422273782,0.05336426914153132,0.06728538283062645,0.01160092807424594,0.030162412993039442,0.25,0.5,0.125,0.125
RNCMPT00148_min,Q8IMX4,0,9.0,17.316666666666666,0.8774964387392122,56.38667777777778,8.319002719644011,3.3799486292733087,0.767579763918067,0.0155555555555555,0.0133333333333333,,,,,,,,,,,,,,,,,,,,,,,,,,,,,,,,,,,,,,,,,,,,,,,,,,,,,,,,,,,,,,,,,,,,,,,,,,,,,,,,,,,,,,,,,,,,,,,,,,,,,,,,,,,,,,,,,,,,,,,,,,,,,,,,,,,,,,,,,,,,,,,,,,,,,,,,,,,,,,,,,,,,,,,,,,,,,,,,,,,,,,,,,,,,,,,,,,,,,,,,,,,,,,,,,,,,,,,,,,,,,,,,,,,,,,,,,,,,,,,,,,,,,,,,,,,,,,,,,,,,,,338,38,0.11242603550295859,0.011834319526627219,0.03550295857988166,0.05917159763313609,0.05029585798816568,0.09763313609467456,0.03254437869822485,0.05029585798816568,0.0621301775147929,0.04142011834319527,0.029585798816568046,0.06804733727810651,0.05621301775147929,0.03254437869822485,0.03254437869822485,0.07988165680473373,0.05325443786982249,0.0621301775147929,0.011834319526627219,0.020710059171597635,0.2631578947368421,0.47368421052631576,0.18421052631578946,0.07894736842105263
RNCMPT00262_min,Q01DB3,0,1.0,18.65,,48.534,,2.342561721801758,,0.04,,,,,,,,,,,,,,,,,,,,,,,,,,,,,,,,,,,,,,3.0,7.733333333333334,1.0054020754570443,69.37883333333333,2.9884431504268743,3.089543581008911,0.3162893459266156,0.2,0.1562049935181331,,,,,,,,,,,,,,,,,,,,,,,,,,,,,,,,,,,,,,,,,,,,,,,,,,,,,,,,,,,,,,,,,,,,,,,,,,,,,,,,,,,,,,,,,,,,,,,,,,,,,,,,,,,,,,,,,,,,,,,,,,,,,,,,,,,,,,,,,,,,,,,,,,,,,,,,,,,,,,,,,,,,,,,,,,,,,,,,,,,,,,,,,,,,,,,,,,,,,,,,,,,,,,,,,,,,,,,,,347,38,0.0893371757925072,0.011527377521613832,0.04899135446685879,0.0893371757925072,0.04899135446685879,0.0893371757925072,0.002881844380403458,0.06340057636887608,0.03170028818443804,0.06340057636887608,0.023054755043227664,0.05763688760806916,0.06340057636887608,0.040345821325648415,0.05763688760806916,0.06340057636887608,0.05187319884726225,0.07780979827089338,0.0,0.025936599423631124,0.3157894736842105,0.18421052631578946,0.3157894736842105,0.18421052631578946
RNCMPT00178_min,Q8WVV9,0,2.0,14.15,0.7071067811865476,61.11085,4.474501000670354,2.8015775978565216,2.7918557563842565,0.07,0.0848528137423857,3.0,13.533333333333331,1.4682756326158022,55.662933333333335,1.433420637263652,4.06411091486613,1.09894094429754,0.09,0.07,,,,,,,,,,,,,,,,,,,,,,,,,,,,,,,,,,,,,,,,,,,,,,,,,,,,,,,,,,,,,,,,,,,,,,,,,,,,,,,,,,,,,,,,,,,,,,,,,,,,,,,,,,,,,,,,,,,,,,,,,,,,,,,,,,,,,,,,,,,,,,,,,,,,,,,,,,,,,,,,,,,,,,,,,,,,,,,,,,,,,,,,,,,,,,,,,,,,,,,,,,,,,,,,,,,,,,,,,,,,,,,,,,,,,,,,,,,,,,,,,,,,,,,,,,,,,542,30,0.06273062730627306,0.027675276752767528,0.04059040590405904,0.07011070110701106,0.03874538745387454,0.07749077490774908,0.025830258302583026,0.03874538745387454,0.05904059040590406,0.07749077490774908,0.02214022140221402,0.04981549815498155,0.05350553505535055,0.033210332103321034,0.055350553505535055,0.08856088560885608,0.05166051660516605,0.07933579335793357,0.0036900369003690036,0.04428044280442804,0.26666666666666666,0.23333333333333334,0.26666666666666666,0.23333333333333334
RNCMPT00110_min,Q07955,0,,,,,,,,,,,,,,,,,,,,,,,,,,,,,,,,,,,,,,,,,,,,,,,,,,,,,,,,,,,,,,,,,,,,,,,,,,,,,,,,,,,,,,,,,,,,,,,,,,,,,,,,,,,,,,,,,,,,,,,,,,,,,,,,,,,,,,,,,,,,,,,,,,,,,,,,,,,,,,,,,,,,,,,,,,,,,,,,,,,,,,,,,,,,,,,,,,,,,,,,,,,,,,,,,,,,,,,,,,,,,,,,,,,,,,,,,,,,,,,,,,,,,,,,,,,,,,,,,,,,,,,,,,,,,,,202,38,0.04950495049504951,0.009900990099009901,0.09900990099009901,0.054455445544554455,0.034653465346534656,0.16336633663366337,0.009900990099009901,0.034653465346534656,0.039603960396039604,0.0297029702970297,0.01485148514851485,0.0297029702970297,0.06930693069306931,0.0049504950495049506,0.12376237623762376,0.04950495049504951,0.0297029702970297,0.08415841584158416,0.0049504950495049506,0.06435643564356436,0.34210526315789475,0.2631578947368421,0.21052631578947367,0.18421052631578946
6NOH,Q09312,1,,,,,,,,,,,,,,,,,,,7.0,1.592857142857143,0.2225394561056746,94.76935714285716,1.2357760515254386,3.7802035808563232,0.9650520997011212,0.87,0.1224744871391589,,,,,,,,,,,,,,,,,,,,,,,,,,,,,,,,,,,,,,,,,,,,,,,,,,,,,,,,,,,,,,,,,,,,,,,,,,,,,,,,,,,,,,,,,,,,,,,,,,,,,,,,,,,,,,,,,,,,,,,,,,,,,,,,,,,,,,,,,,,,,,,,,,,,,,,,,,,,,,,,,,,,,,,,,,,,,,,,,,,,,,,,,,,,,,7.0,1.7357142857142858,0.1214985792587912,94.11971428571428,1.1205074154574957,3.252934626170567,0.3660477806458389,0.72,0.4515159650185878,7.0,1.0571428571428572,0.0672592709134549,97.37635714285716,0.6501709079340682,3.320854902267456,0.5610926612648445,0.6571428571428571,0.4568994887906342,2.0,1.225,0.3889087296526011,96.5546,1.619698792985904,3.0886356830596924,0.0594048028643468,0.985,0.0070710678118654,,,,,,,,,,,,,,,,,,,,,,,,,,,,402,8,0.06467661691542288,0.029850746268656716,0.06716417910447761,0.05223880597014925,0.04228855721393035,0.03980099502487562,0.02736318407960199,0.06218905472636816,0.06467661691542288,0.11194029850746269,0.03482587064676617,0.04477611940298507,0.017412935323383085,0.05472636815920398,0.05223880597014925,0.08208955223880597,0.04975124378109453,0.06716417910447761,0.007462686567164179,0.02736318407960199,0.5,0.0,0.125,0.375
5EN1,P22626,1,,,,,,,,,,,,,,,,,,,,,,,,,,,,,,,,,,,,,,,,,,,,,,,,,,,,,,,,,,,,,,,,2.0,1.475,0.0353553390593272,95.7644,0.2408405696721445,3.6865291595458975,1.040905100945795,0.475,0.6576093065034891,,,,,,,,,,,,,,,,,,,,,,,,,,,,2.0,1.45,0.0707106781186548,95.8958,0.2408405696721445,3.392345428466797,0.4645597602012664,0.515,0.6576093065034891,3.0,1.75,0.1732050807568877,93.68426666666666,0.1705987201984032,4.290328025817871,0.4680845171969237,0.0,0.0,,,,,,,,,,,,,,,,,,,,,,,,,,,,,,,,,,,,,,,,,,,,,,,,,,,,,,,,,,,,,,,,,,,,,,,,,,,,,,,,,,,,,,,,,,,,,,,,,,,,,,,,,,,,,,,,,,,,,,,,,,,,,,,,,,,,,,,,,,,,,,,,,,,,,,,,,,184,7,0.059782608695652176,0.005434782608695652,0.06521739130434782,0.10326086956521739,0.059782608695652176,0.08152173913043478,0.03804347826086957,0.04891304347826087,0.09239130434782608,0.043478260869565216,0.021739130434782608,0.016304347826086956,0.02717391304347826,0.03260869565217391,0.08695652173913043,0.05434782608695652,0.05434782608695652,0.07608695652173914,0.005434782608695652,0.02717391304347826,0.2857142857142857,0.14285714285714285,0.42857142857142855,0.14285714285714285
RNCMPT00268_min,A0A2J8RA51,0,,,,,,,,,,,,,,,,,,,,,,,,,,,,,,,,,,,,,9.0,23.594444444444445,2.776963769619218,53.95537777777778,3.4635766357833693,3.513166215684679,1.1646888527987835,0.0077777777777777,0.0198606254796883,,,,,,,,,,,,,,,,,,,,,,,,,,,,,,,,,,,,,,,,,,,,,,,,,,,,,,,,,,,,,,,,,,,,,,,,,,,,,,,,,,,,,,,,,,,,,,,,,,,,,,,,,,,,,,,,,,,,,,,,,,,,,,,,,,,,,,,,,,,,,,,,,,,,,,,,,,,,,,,,,,,,,,,,,,,,,,,,,,,,,,,,,,,,,,,,,,,,,,,,,,,,,,,,,,,,,,,,,,,,,,,,,,530,38,0.09811320754716982,0.005660377358490566,0.04716981132075472,0.03207547169811321,0.045283018867924525,0.07169811320754717,0.02830188679245283,0.052830188679245285,0.062264150943396226,0.1,0.022641509433962263,0.06981132075471698,0.052830188679245285,0.05471698113207547,0.033962264150943396,0.08867924528301886,0.04339622641509434,0.07169811320754717,0.0,0.018867924528301886,0.39473684210526316,0.13157894736842105,0.4473684210526316,0.02631578947368421
1AV6,P07617,1,,,,,,,,,,,,,,,,,,,,,,,,,,,,7.0,6.285714285714286,1.0253919111386494,78.00945714285714,4.607766168422304,4.009561436516898,1.3396087271001376,0.1185714285714285,0.0926334301478272,,,,,,,,,,,,,,,,,,,,,,,,,,,,,,,,,,,,,,,,,,,,,,,,,,,,,,,,,,,,,,,,,,,,,,,,,,,,,,,,,,,,,,,,,,,,,,,,,,,,,,,,,,,,,,,,,,,,,,,,,,,,,,,,,,,,,,,,,,,,,,,,,,,,,,,,,,,,,,,,,,,,,,,,,,,,,,,,,,,,,,,,,,,,,,,,,,,,,,,,,,,,,,,,,,,,,,,,,,,,,,,,,,,,,,,,,,,289,6,0.03806228373702422,0.006920415224913495,0.05536332179930796,0.04498269896193772,0.05536332179930796,0.03806228373702422,0.02768166089965398,0.06920415224913495,0.06920415224913495,0.11764705882352941,0.031141868512110725,0.05536332179930796,0.05536332179930796,0.03460207612456748,0.05190311418685121,0.06228373702422145,0.04152249134948097,0.06920415224913495,0.010380622837370242,0.0657439446366782,0.8333333333333334,0.0,0.16666666666666666,0.0
5H1L,Q8TEQ6,1,,,,,,,,,,,,,,,,,,,,,,,,,,,,,,,,,,,,,,,,,,,,,,,,,,,,,,,,,,,,,,,,,,,,,,,,,9.0,2.388888888888889,0.1816207893141947,96.81286666666668,0.456493912883844,3.382936027314928,0.8246297932390025,0.3022222222222222,0.1715209737741843,,,,,,,,,,,,,,,,,,,,,,,,,,,,,,,,,,,,,,,,,,,,,,,,,,,,,,,,,,,,,,,,,,,,,,,,,,,,,,,,,,,,,,,,,,,,,,,,,,,,,,,,,,,,,,,,,,,,,,,,,,,,,,,,,,,,,,,,,,,,,,,,,,,,,,,,,,,,,,,,,,,,,,,,,,,,,,,,,,,,,,,,,,,,,,682,7,0.045454545454545456,0.030791788856304986,0.05571847507331378,0.04398826979472141,0.03225806451612903,0.08211143695014662,0.045454545454545456,0.06158357771260997,0.04985337243401759,0.08944281524926687,0.010263929618768328,0.03225806451612903,0.060117302052785926,0.030791788856304986,0.04398826979472141,0.09237536656891496,0.06598240469208211,0.06598240469208211,0.03372434017595308,0.02785923753665689,0.14285714285714285,0.0,0.14285714285714285,0.7142857142857143
RNCMPT00121_min,P16914,0,,,,,,,,,,,,,,,,,,,,,,,,,,,,,,,,,,,,,,,,,,,,,,2.0,10.975,0.2474873734152913,72.84075,5.169869809289197,2.7620145678520203,1.165790343474728,0.275,0.0070710678118654,,,,,,,,,,,,,,,,,,,,,,,,,,,,,,,,,,,,,,,,,,,,,,,,,,,,,,,,,,,,,,,,,,,,,,,,,,,,,,,,,,,,,,,,,,,,,,,,,,,,,,,,,,,,,,,,,,,,,,,,,,,,,,,,,,,,,,,,,,,,,,,,,,,,,,,,,,,,,,,,,,,,,,,,,,,,,,,,,,,,,,,,,,,,,,,,,,,,,,,,,,,,,,,,,,,,,,,,,383,38,0.10966057441253264,0.005221932114882507,0.031331592689295036,0.03655352480417755,0.0391644908616188,0.08616187989556136,0.0026109660574412533,0.057441253263707574,0.04699738903394256,0.07049608355091384,0.02349869451697128,0.06788511749347259,0.06527415143603134,0.08093994778067885,0.0391644908616188,0.06788511749347259,0.07049608355091384,0.07049608355091384,0.0026109660574412533,0.02610966057441253,0.2631578947368421,0.23684210526315788,0.3157894736842105,0.18421052631578946
RNCMPT00240_min,A0A024VQQ2,0,,,,,,,,,,,,,,,,,,,,,,,,,,,,,,,,,,,,,,,,,,,,,,,,,,,,,,,,,,,,,,,,2.0,6.525,0.1767766952966369,81.93955,0.1273499312916943,3.746576905250549,0.2850281782985635,0.1699999999999999,0.0141421356237309,,,,,,,,,,,,,,,,,,,,,,,,,,,,,,,,,,,,,,,,,,,,,,,,,,,,,,,,,,,,,,,,,,,,,,,,,,,,,,,,,,,,,,,,,,,,,,,,,,,,,,,,,,,,,,,,,,,,,,,,,,,,,,,,,,,,,,,,,,,,,,,,,,,,,,,,,,,,,,,,,,,,,,,,,,,,,,,,,,,,,,,,,,,,,,,,,,,,,,,279,38,0.03225806451612903,0.007168458781362007,0.035842293906810034,0.06810035842293907,0.06093189964157706,0.04659498207885305,0.02867383512544803,0.0931899641577061,0.12544802867383512,0.08960573476702509,0.010752688172043012,0.12544802867383512,0.035842293906810034,0.02867383512544803,0.010752688172043012,0.04659498207885305,0.03942652329749104,0.053763440860215055,0.010752688172043012,0.05017921146953405,0.3157894736842105,0.21052631578947367,0.2631578947368421,0.21052631578947367
RNCMPT00007_min,Q9VR35,0,,,,,,,,,,,,,,,,,,,,,,,,,,,,4.0,10.0,0.1581138830084187,62.1954,1.8289063380428532,4.017581284046173,1.0150718795844442,0.0175,0.0095742710775633,,,,,,,,,,,,,,,,,,,,,,,,,,,,,,,,,,,,,,,,,,,,,,,,,,,,,,,,,,,,,,,,,,,,,,,,,,,,,,,,,,,,,,,,,,,,,,,,,,,,,,,,,,,,,,,,,,,,,,,,,,,,,,,,,,,,,,,,,,,,,,,,,,,,,,,,,,,,,,,,,,,,,,,,,,,,,,,,,,,,,,,,,,,,,,,,,,,,,,,,,,,,,,,,,,,,,,,,,,,,,,,,,,,,,,,,,,,164,30,0.12804878048780488,0.012195121951219513,0.036585365853658534,0.054878048780487805,0.012195121951219513,0.07317073170731707,0.012195121951219513,0.07317073170731707,0.06097560975609756,0.054878048780487805,0.024390243902439025,0.054878048780487805,0.07317073170731707,0.042682926829268296,0.06707317073170732,0.09146341463414634,0.04878048780487805,0.06707317073170732,0.0,0.012195121951219513,0.3333333333333333,0.16666666666666666,0.3,0.2
RNCMPT00051_min,Q62176,0,,,,,,,,,,,,,,,,,,,,,,,,,,,,,,,,,,,,,,,,,,,,,,,,,,,,,,,,,,,,,,,,,,,,,,,,,,,,,,,,,,,,,,,,,,,,,,,,,,,,,,,,,,,,,,,,,,,,,,,,,,,,,,,,,,,,,,,,,,,,,,,,,,,,,,,,,,,,,,,,,,,,,,,,,,,,,,,,,,,,,,,,,,,,,,,,,,,,,,,,,,,,,,,,,,,,,,,,,,,,,,,,,,,,,,,,,,,,,,,,,,,,,,,,,,,,,,,,,,,,,,,,,,,,,,,89,38,0.11235955056179775,0.011235955056179775,0.0898876404494382,0.033707865168539325,0.056179775280898875,0.10112359550561797,0.011235955056179775,0.056179775280898875,0.07865168539325842,0.0449438202247191,0.011235955056179775,0.033707865168539325,0.0449438202247191,0.02247191011235955,0.07865168539325842,0.02247191011235955,0.0898876404494382,0.056179775280898875,0.0,0.0449438202247191,0.2631578947368421,0.2894736842105263,0.21052631578947367,0.23684210526315788
RNCMPT00181_min,G5ECJ4,0,,,,,,,,,,,,,,,,,,,,,,,,,,,,,,,,,,,,,,,,,,,,,,,,,,,,,,,,,,,,,,,,,,,,,,,,,,,,,,,,,,,,,,,,,,,,,,,,,,,,,,,,,,,,,,,,,,,,,,,,,,,,,,,,,,,,,,,,,,,,,,,,,,,,,,,,,,,,,,,,,,,,,,,,,,,,,,,,,,,,,,,,,,,,,,,,,,,,,,,,,,,,,,,,,,,,,,,,,,,,,,,,,,,,,,,,,,,,,,,,,,,,,,,,,,,,,,,,,,,,,,,,,,,,,,,312,38,0.15705128205128205,0.01282051282051282,0.035256410256410256,0.035256410256410256,0.04487179487179487,0.05128205128205128,0.022435897435897436,0.009615384615384616,0.041666666666666664,0.11858974358974358,0.03205128205128205,0.04487179487179487,0.060897435897435896,0.08974358974358974,0.04487179487179487,0.09294871794871795,0.038461538461538464,0.04807692307692308,0.0,0.019230769230769232,0.3157894736842105,0.2894736842105263,0.23684210526315788,0.15789473684210525
RNCMPT00153_min,Q9H361,0,5.0,13.580000000000002,0.4132190702278879,74.12100000000001,1.5184579003054397,3.671403169631958,0.923091223543376,0.038,0.0277488738510232,,,,,,,,,,,,,,,,,,,,,,,,,,,,,,,,,,,,,2.0,5.65,0.4949747468305827,82.90899999999999,1.682489875155264,3.070719242095947,0.8790099520961727,0.425,0.0494974746830583,,,,,,,,,,,,,,,,,,,,,,,,,,,,,,,,,,,,,,,,,,,,,,,,,,,,,,,,,,,,,,,,6.0,13.575,4.332060710562584,75.06426666666667,6.437393238156781,3.257708628972372,0.8254614539816654,0.1333333333333333,0.0838252149813328,,,,,,,,,,,,,,,,,,,,,,,,,,,,,,,,,,,,,,,,,,,,,,,,,,,,,,,,,,,,,,,,,,,,,,,,,,,,,,,,,,,,,,,,,,,,,,,,,,,,,,,,,,,,,,,,,,,,,,,,,,,,,,,,,,,,,,,,,,,,,,,,,414,38,0.0748792270531401,0.00966183574879227,0.05314009661835749,0.07004830917874397,0.05555555555555555,0.0748792270531401,0.016908212560386472,0.03864734299516908,0.08454106280193237,0.057971014492753624,0.03864734299516908,0.05555555555555555,0.04106280193236715,0.03864734299516908,0.06280193236714976,0.06521739130434782,0.04830917874396135,0.0748792270531401,0.0024154589371980675,0.036231884057971016,0.2631578947368421,0.2894736842105263,0.2631578947368421,0.18421052631578946
5W1H,5W1H,1,,,,,,,,,,,,,,,,,,,,,,,,,,,,,,,,,,,,,,,,,,,,,,,,,,,,,,,,,,,,,,,,,,,,,,,,,,,,,,,,,,,,,,,,,,,,,,,,,,,,,,,,,,,,,,,,,,,,,,,,,,,,,,,,,,,,,,,,,,,,,,,,,,,,,,,,,,,,,,,,,,,,,,,,,,,,,,,,,,,,,,,,,,,,,,,,,,,,,,,,,,,,,,,,,,,,,,,,,,,,,,,,,,,,,,,,,,,,,,,,,,,,,,,,,,,,,,,,,,,,,,,,,,,,,,,1301,42,0.05534204458109147,0.009223674096848577,0.0830130668716372,0.07455803228285934,0.05226748654880861,0.042275172943889314,0.013066871637202153,0.06764027671022291,0.09607993850883935,0.08378170637970792,0.022290545734050732,0.06840891621829362,0.01614142966948501,0.026133743274404306,0.05841660261337433,0.06610299769408147,0.034588777863182166,0.0568793235972329,0.006917755572636433,0.0668716372021522,0.42857142857142855,0.19047619047619047,0.2619047619047619,0.11904761904761904
6JVX,Q9H0Z9,1,,,,,,,,,,,,,,,,,,,,,,,,,,,,,,,,,,,,,,,,,,,,,,,,,,,,,,,,,,,,,,,,,,,,,,,,,,,,,,,,,,,,,,,,,,,,,,,,,,,,,,,,,,,,,,,,,,,,,,,,,,,,,,,,,,,,,,,,,,,,,,,,,,,,,,,,,,,,,,,,,,,,,,,,,,,,,,,,,,,,,,,,,,,,,,,,,,,,,,,,,,,,,,,,,,,,,,,,,,,,,,,,,,,,,,,,,,,,,,,,,,,,,,,,,,,,,,,,,,,,,,,,,,,,,,,87,8,0.11494252873563218,0.011494252873563218,0.08045977011494253,0.04597701149425287,0.05747126436781609,0.10344827586206896,0.011494252873563218,0.05747126436781609,0.08045977011494253,0.04597701149425287,0.011494252873563218,0.034482758620689655,0.04597701149425287,0.011494252873563218,0.06896551724137931,0.022988505747126436,0.09195402298850575,0.05747126436781609,0.0,0.04597701149425287,0.0,0.0,0.5,0.5
RNCMPT00019_min,O75494,0,,,,,,,,,,,,,,,,,,,,,,,,,,,,,,,,,,,,,,,,,,,,,,,,,,,,,,,,,,,,,,,,,,,,,,,,,24.0,3.9583333333333335,1.355236756683741,76.51912083333333,4.990486906015517,3.392981062332789,0.9061761815131516,0.26125,0.142807638938295,4.0,6.3875,2.9255697450810043,70.9016,7.019422361324807,3.3566847443580627,1.0325879741083064,0.11,0.0743863786814046,7.0,4.564285714285714,1.5601053078009095,72.6533857142857,7.486357223516335,3.174669180597578,1.4146339511749946,0.2414285714285714,0.1497140130859022,,,,,,,,,,,,,,,,,,,,,,,,,,,,,,,,,,,,,,,,,,,,,,,,,,,,,,,,,,,,,,,,,,,,,,,,,,,,,,,,,,,,,,,,,,,,,,,,,,,,,,,,,,,,,,,,,,,,,,,,,,,,,,,,,,,,,,,,,,,,,,,,,,,,,,,,,,,,,,,,,,,,,,,,,,,,92,30,0.05434782608695652,0.010869565217391304,0.10869565217391304,0.05434782608695652,0.06521739130434782,0.05434782608695652,0.010869565217391304,0.043478260869565216,0.021739130434782608,0.06521739130434782,0.010869565217391304,0.03260869565217391,0.05434782608695652,0.043478260869565216,0.15217391304347827,0.03260869565217391,0.043478260869565216,0.07608695652173914,0.010869565217391304,0.05434782608695652,0.1,0.3333333333333333,0.16666666666666666,0.4
6GX6,O00425,1,,,,,,,,,,,,,,,,,,,,,,,,,,,,,,,,,,,,,,,,,,,,,,,,,,,,,,,,,,,,,,,,,,,,,,,,,,,,,,,,,,,,,,,,,,,,,,,,,,,,,,,,,,,,,,,,,,,,,,,,,,,,,,,,,,,,,,,,,,,,,,,,,,,,,,,,,,,,,,,,,,,,,,,,,,,,,,,,,,,,,,,,,,,,,,,,,,,,,,,,,,,,,,,,,,,,,,,,,,,,,,,,,,,,,,,,,,,,,,,,,,,,,,,,,,,,,,,,,,,,,,,,,,,,,,,159,4,0.06918238993710692,0.012578616352201259,0.05660377358490566,0.08176100628930817,0.031446540880503145,0.050314465408805034,0.018867924528301886,0.06289308176100629,0.07547169811320754,0.10062893081761007,0.006289308176100629,0.050314465408805034,0.05660377358490566,0.050314465408805034,0.031446540880503145,0.08176100628930817,0.031446540880503145,0.0880503144654088,0.012578616352201259,0.031446540880503145,0.5,0.5,0.0,0.0
4TYW,P15424,1,,,,,,,,,,,,,,,,,,,,,,,,,,,,38.0,2.7394736842105267,0.3284192061442785,88.93637105263157,2.510016872658687,3.858329390224658,0.7830787265355053,0.1099999999999999,0.1685229954635271,,,,,,,,,,,,,,,,,,,,,,,,,,,,,,,,,,,,,,,,,,,,,,,,,,,,,,,,,,,,,,,,,,,,,,,,,,,,,,,,,,,,,,,,,,,,,,,,,,,,,,,,,,,,,,,,,,,,,,,,,,,,,,,,,,,,,,,,,,,,,,,,,,,,,,,,,,,,,,,,,,,,,,,,,,,,,,,,,,,,,,,,,,,,,,,,,,,,,,,,,,,,,,,,,,,,,,,,,,,,,,,,,,,,,,,,,,,508,7,0.05905511811023622,0.011811023622047244,0.06299212598425197,0.08464566929133858,0.051181102362204724,0.04133858267716536,0.01968503937007874,0.09448818897637795,0.10236220472440945,0.09251968503937008,0.015748031496062992,0.04330708661417323,0.03937007874015748,0.023622047244094488,0.051181102362204724,0.07086614173228346,0.045275590551181105,0.0688976377952756,0.0,0.021653543307086614,1.0,0.0,0.0,0.0
4AL5,Q02MM2,1,,,,,,,,,,,,,,,,,,,,,,,,,,,,,,,,,,,,,,,,,,,,,,,,,,,,,,,,,,,,,,,,,,,,,,,,,,,,,,,,,,,,,,,,,,,,,,,,,,,,,,,,,,,,,,,,,,,,,,,,,,,,,,,,,,,,,,,,,,,,,,,,,,,,,,,,,,,,,,,,,,,,,,,,,,,,,,,,,,,,,,,,,,,,,,,,,,,,,,,,,,,,,,,,,,,,,,,,,,,,,,,,,,,,,,,,,,,,,,,,,,,,,,,,,,,,,,,,,,,,,,,,,,,,,,,189,18,0.06878306878306878,0.010582010582010581,0.06349206349206349,0.0582010582010582,0.0582010582010582,0.07407407407407407,0.042328042328042326,0.026455026455026454,0.021164021164021163,0.12698412698412698,0.015873015873015872,0.005291005291005291,0.07936507936507936,0.047619047619047616,0.12698412698412698,0.05291005291005291,0.037037037037037035,0.0582010582010582,0.010582010582010581,0.015873015873015872,0.2222222222222222,0.3333333333333333,0.2777777777777778,0.16666666666666666
RNCMPT00004_min,Q9BZC1,0,,,,,,,,,,,,,,,,,,,6.0,26.825,0.4906628170138855,50.6259,3.2726268751570187,3.339084764321645,1.184219458727875,0.005,0.0054772255750516,,,,,,,,,,,,,,,,,,,,,,,,,,,,,,,,,,,,,,,,,,,,,,,,,,,,,,,,,,,,,,,,,,,,,,,,,,,,,,,,,,,,,,,,,,,,,,,,,,,,,,,,,,,,,,,,,,,,,,,,,,,,,,,,,,,,,,,,,,,,,,,,,,,,,,,,,,,,,,,,,,,,,,,,,,,,,,,,,,,,,,,,,,,,,,,,,,,,,,,,,,,,,,,,,,,,,,,,,,,,,,,,,,,,,,,,,,,,,,,,,,,,481,35,0.13305613305613306,0.012474012474012475,0.035343035343035345,0.0395010395010395,0.04781704781704782,0.09355509355509356,0.018711018711018712,0.0395010395010395,0.04158004158004158,0.07068607068607069,0.0498960498960499,0.04573804573804574,0.09147609147609148,0.08523908523908524,0.035343035343035345,0.06652806652806653,0.037422037422037424,0.029106029106029108,0.0,0.02702702702702703,0.34285714285714286,0.22857142857142856,0.2571428571428571,0.17142857142857143
RNCMPT00021_min,Q9UN86,0,,,,,,,,,,,,,,,,,,,,,,,,,,,,,,,,,,,,,,,,,,,,,,,,,,,,,,,9.0,3.561111111111111,1.9102973881338767,82.43225555555556,6.296692245757112,3.145552224583096,0.6002790477202539,0.5255555555555556,0.3315912812149586,,,,,,,,,,,,,,,,,,,,,,,,,,,,,,,,,,,,,,,,,,,,,,,,,,,,,,,,,,,,,,,,,,,,,,,,,,,,,,,,,,,,,,,,,,,,,,,,,,,,,,,,,,,,,,,,,,,,,,,,,,,,,,,,,,,,,,,,,,,,,,,,,,,,,,,,,,,,,,,,,,,,,,,,,,,,,,,,,,,,,,,,,,,,,,,,,,,,,,,,,,,,,,,,167,38,0.017964071856287425,0.0,0.07784431137724551,0.08383233532934131,0.05389221556886228,0.12574850299401197,0.011976047904191617,0.05389221556886228,0.03592814371257485,0.041916167664670656,0.029940119760479042,0.05389221556886228,0.08982035928143713,0.03592814371257485,0.16167664670658682,0.029940119760479042,0.017964071856287425,0.0718562874251497,0.0,0.005988023952095809,0.23684210526315788,0.2894736842105263,0.23684210526315788,0.23684210526315788
5WWX,Q5U5Q3,1,6.0,1.5833333333333333,0.297769485788364,93.71338333333334,2.5801142869389806,3.952083865801493,0.5780568448341854,0.61,0.3185592566540799,,,,,,,,,,,,,,,,,,,,,,,,,,,,,,,,,,,,,,,,,,,,,,,,,,,,,,,,,,,,,,,,,,,,,,,,,,,,,,,,,,,,,,,,,,,,,,,,,,,,,,,,,,,,,,,,,,,,,,,,,,,,,,,,,,,,,,,,,,,,,,,,,,,,,,,,,,,,,,,,,,,,,,,,,,,,,,,,,,,,,,,,,,,,,,,,,,,,,,,,,,,,,,,,,,,,,,,,,,,,,,,,,,,,,,,,,,,,,,,,,,,,,,,,,,,,,,,,,,,,,,84,5,0.03571428571428571,0.0,0.023809523809523808,0.07142857142857142,0.011904761904761904,0.07142857142857142,0.09523809523809523,0.05952380952380952,0.03571428571428571,0.023809523809523808,0.047619047619047616,0.023809523809523808,0.08333333333333333,0.05952380952380952,0.08333333333333333,0.023809523809523808,0.09523809523809523,0.13095238095238096,0.0,0.023809523809523808,0.4,0.0,0.4,0.2
RNCMPT00069_min,Q7JMZ7,0,7.0,12.142857142857144,2.0907392176430037,68.44895714285715,5.070835165222506,3.810884952545166,0.8524763123621807,0.0228571428571428,0.0125356634105601,,,,,,,,,,,,,,,,,,,,,,,,,,,,,,,,,,,,,,,,,,,,,,,,,,,,,,,,,,,,,,,,,,,,,,,,,,,,,,,,,,,,,,,,,,,,,,,,,,,,,,,,,,,,,,,,,,,,,,,,,,,,,,,,,,,,,,,,,,,,,,,,,,,,,,,,,,,,,,,,,,,,,,,,,,,,,,,,,,,,,,,,,,,,,,,,,,,,,,,,,,,,,,,,,,,,,,,,,,,,,,,,,,,,,,,,,,,,,,,,,,,,,,,,,,,,,,,,,,,,,,436,38,0.07339449541284404,0.016055045871559634,0.04357798165137615,0.05045871559633028,0.05045871559633028,0.06651376146788991,0.02981651376146789,0.06192660550458716,0.06880733944954129,0.07568807339449542,0.027522935779816515,0.07568807339449542,0.0779816513761468,0.04128440366972477,0.034403669724770644,0.05504587155963303,0.06192660550458716,0.05963302752293578,0.006880733944954129,0.022935779816513763,0.15789473684210525,0.3684210526315789,0.2894736842105263,0.18421052631578946
6IV9,A0A1C5SD84,1,,,,,,,,,,,,,,,,,,,,,,,,,,,,,,,,,,,,,,,,,,,,,,,,,,,,,,,,,,,,,,,,,,,,,,,,,,,,,,,,,,,,,,,,,,,,,,,,,,,,,,,,,,,,,,,,,,,,,,,,,,,,,,,,,,,,,,,,,,,,,,,,,1.0,3.1,,80.5242,,3.689874410629273,,0.0,,,,,,,,,,,,,,,,,,,,,,,,,,,,,,,,,,,,,,,,,,,,,,,,,,,,,,,,,,,,,,,,,,,,,,,,,,,,,,,,,,,,,,,,,,,,,,,,,,,,,,,,,,,,,,,,,,,,,,,874,50,0.05034324942791762,0.011441647597254004,0.07780320366132723,0.07093821510297482,0.05034324942791762,0.04805491990846682,0.013729977116704805,0.07665903890160183,0.10983981693363844,0.09496567505720824,0.028604118993135013,0.07208237986270023,0.012585812356979404,0.017162471395881007,0.04919908466819222,0.06979405034324943,0.03775743707093822,0.05491990846681922,0.0011441647597254005,0.05263157894736842,0.36,0.26,0.12,0.26
1VBX,P09012,1,,,,,,,,,,,,,,,,,,,,,,,,,,,,,,,,,,,,,,,,,,,,,,,,,,,,,,,11.0,1.431818181818182,0.9607998561804452,96.47087272727272,2.639449506655092,3.7158008488741783,0.6300510205996257,0.5654545454545455,0.4522690269378091,,,,,,,,,,,,,,,,,,,,,,,,,,,,,,,,,,,,,,,,,,,,,,,,,,,,,,,,,,,,,,,,5.0,1.23,0.1095445115010331,97.0702,0.9258673366093028,4.12660846710205,0.8881088930219313,0.548,0.5023644095673976,,,,,,,,,,11.0,1.122727272727273,0.0786245393106896,97.57320909090907,1.232566616824052,3.3741161823272705,0.7506550589322835,0.5390909090909092,0.4463732641064997,,,,,,,,,,,,,,,,,,,,,,,,,,,,,,,,,,,,,,,,,,,,,,,,,,,,,,,,,,,,,,,,,,,,,,,,,,,,,,,,,,,,,,,,,,,,,,,,,,,,,,,,,,,,,,,,,,,,,,95,73,0.06315789473684211,0.0,0.05263157894736842,0.042105263157894736,0.06315789473684211,0.031578947368421054,0.021052631578947368,0.10526315789473684,0.11578947368421053,0.07368421052631578,0.042105263157894736,0.05263157894736842,0.042105263157894736,0.042105263157894736,0.06315789473684211,0.08421052631578947,0.042105263157894736,0.031578947368421054,0.0,0.031578947368421054,0.136986301369863,0.3424657534246575,0.3424657534246575,0.1780821917808219
RNCMPT00212_min,Q4QE24,0,7.0,13.092857142857143,3.93133020018125,62.17874285714286,14.06629226660401,4.181815419878278,0.6422721209535458,0.1971428571428571,0.1424446425474689,,,,,,,,,,,,,,,,,,,,,,,,,,,,,,,,,,,,,,,,,,,,,,,,,,,,,,,,,,,,,,,,,,,,,,,,,,,,,,,,,,,,,,,,,,,,,,,,,,,,,,,,,,,,,,,,,,,,,,,,,,,,,,,,,,,,,,,,,,,,,,,,,,,,,,,,,,,,,,,,,,,,,,,,,,,,,,,,,,,,,,,,,,,,,,,,,,,,,,,,,,,,,,,,,,,,,,,,,,,,,,,,,,,,,,,,,,,,,,,,,,,,,,,,,,,,,,,,,,,,,,235,35,0.08936170212765958,0.01276595744680851,0.0425531914893617,0.06382978723404255,0.03829787234042553,0.05106382978723404,0.03829787234042553,0.03404255319148936,0.05531914893617021,0.07659574468085106,0.029787234042553193,0.029787234042553193,0.04680851063829787,0.0425531914893617,0.08936170212765958,0.09361702127659574,0.06808510638297872,0.06382978723404255,0.00425531914893617,0.029787234042553193,0.2,0.2,0.2571428571428571,0.34285714285714286
RNCMPT00072_min,Q01130,0,,,,,,,,,,,,,,,,,,,,,,,,,,,,,,,,,,,,,1.0,20.65,,48.6191,,4.369678497314453,,0.01,,,,,,,,,,,,,,,,,,,,,,,,,,,,,,,,,,,,,,,,,,,,,,,,,,,,,,,,,,,,,,,,,,,,,,,,,,,,,,,,,,,,,,,,,,,,,,,,,,,,,,,,,,,,,,,,,,,,,,,,,,,,,,,,,,,,,,,,,,,,,,,,,,,,,,,,,,,,,,,,,,,,,,,,,,,,,,,,,,,,,,,,,,,,,,,,,,,,,,,,,,,,,,,,,,,,,,,,,,,,,,,,,,,120,30,0.05,0.0,0.1,0.041666666666666664,0.03333333333333333,0.11666666666666667,0.025,0.008333333333333333,0.03333333333333333,0.041666666666666664,0.041666666666666664,0.008333333333333333,0.08333333333333333,0.008333333333333333,0.175,0.058333333333333334,0.041666666666666664,0.06666666666666667,0.0,0.06666666666666667,0.3333333333333333,0.13333333333333333,0.43333333333333335,0.1
RNCMPT00129_min,Q4V5T0,0,,,,,,,,,,,,,,,,,,,,,,,,,,,,,,,,,,,,,,,,,,,,,,,,,,,,,,,,,,,,,,,,,,,,,,,,,,,,,,,,,,,,,,,,,,,,,,,,,,,,,,,,,,,,,,,,,,,,,,,,,,,,,,,,,,,,,,,,,,,,,,,,,,,,,,,,,,,,,,,,,,,,,,,,,,,,,,,,,,,,,,,,,,,,,,,,,,,,,,,,,,,,,,,,,,,,,,,,,,,,,,,,,,,,,,,,,,,,,,,,,,,,,,,,,,,,,,,,,,,,,,,,,,,,,,,271,30,0.06642066420664207,0.014760147601476014,0.04428044280442804,0.05904059040590406,0.014760147601476014,0.07749077490774908,0.014760147601476014,0.06642066420664207,0.055350553505535055,0.06273062730627306,0.02214022140221402,0.04059040590405904,0.08118081180811808,0.04059040590405904,0.055350553505535055,0.1070110701107011,0.07380073800738007,0.08856088560885608,0.0,0.014760147601476014,0.3333333333333333,0.3333333333333333,0.23333333333333334,0.1
2ZH3,O28126,1,,,,,,,,,,,,,,,,,,,,,,,,,,,,,,,,,,,,,,,,,,,,,,,,,,,,,,,,,,,,,,,,,,,,,,,,,,,,,,,,,,,,,,,,,,,,,,,,,,,,,,,,,,,,,,,,,,,,,,,,,,,,,,,,,,,,,,,,11.0,1.0545454545454545,0.1903346335464797,98.04368181818182,1.1832952816758655,3.68960824879733,0.6081250024266216,0.4881818181818182,0.4971079999722028,,,,,,,,,,,,,,,,,,,,,,,,,,,,,,,,,,,,,,,,,,,,,,,,,,,,,,,,,,,,,,,,4.0,0.9625,0.0629152869605896,98.50555,0.1566865554751484,3.261038064956665,0.5034049247821638,0.24,0.48,,,,,,,,,,,,,,,,,,,,,,,,,,,,,,,,,,,,,,,,,,,,,,,,,,,,,,,437,34,0.05263157894736842,0.013729977116704805,0.034324942791762014,0.14187643020594964,0.07322654462242563,0.06178489702517163,0.018306636155606407,0.04576659038901602,0.08237986270022883,0.08924485125858124,0.016018306636155607,0.032036613272311214,0.041189931350114416,0.006864988558352402,0.09153318077803203,0.041189931350114416,0.02517162471395881,0.08695652173913043,0.013729977116704805,0.032036613272311214,0.08823529411764706,0.38235294117647056,0.38235294117647056,0.14705882352941177
5DTO,A1XTB9,1,,,,,,,,,,,,,,,,,,,,,,,,,,,,,,,,,,,,,,,,,,,,,,,,,,,,,,,,,,,,,,,,,,,,,,,,,,,,,,,,,,,,,,,,,,,,,,,,,,,,,,,,,,,,,,,,,,,,,,,,,,,,,,,,,,,,,,,,,,,,,,,,,,,,,,,,,,,,,,,,,,,,,,,,,,,,,,,,,,,,,,,,,,,,,,,,,,,,,,,,,,,,,,,,,,,,,,,,,,,,,,,,,,,,,,,,,,,,,,,,,,,,,,,,,,,,,,,,,,,,,,,,,,,,,,,852,4,0.046948356807511735,0.01643192488262911,0.04929577464788732,0.07746478873239436,0.022300469483568074,0.07394366197183098,0.03051643192488263,0.04812206572769953,0.06807511737089202,0.07746478873239436,0.03755868544600939,0.04225352112676056,0.046948356807511735,0.035211267605633804,0.07042253521126761,0.05046948356807512,0.0715962441314554,0.06924882629107981,0.03755868544600939,0.028169014084507043,0.25,0.0,0.25,0.5
RNCMPT00033_min,Q9Y6M1,0,,,,,,,,,,,,,,,,,,,,,,,,,,,,,,,,,,,,,25.0,4.336,1.5953395667798542,76.663736,7.055429744877346,3.553227248191833,0.7548487912129428,0.3511999999999999,0.2924511355195371,,,,,,,,,,,,,,,,,,,,,,,,,,,,,,,,,,,,,,,,,,,,,,,,,,,,,,,,,,,,,,,,,,,,,,,,,,,,,,,,,,,,,,,,,,,,,,,,,,,,,,,,,,,,,,,,,,,,,,,,,,,,,,,,,,,,,,,,,,,,,,,,,,,,,,,,,,,,,,,,,,,,,,,,,,,,,,,,,,,,,,,,,,,,,,,,,,,,,,,,,,,,,,,,,,,,,,,,,,,,,,,,,,599,38,0.08180300500834725,0.00333889816360601,0.03005008347245409,0.08347245409015025,0.0333889816360601,0.07512520868113523,0.03171953255425709,0.08347245409015025,0.06844741235392321,0.07178631051752922,0.015025041736227046,0.038397328881469114,0.06343906510851419,0.06176961602671119,0.05008347245409015,0.06343906510851419,0.05509181969949917,0.06343906510851419,0.00333889816360601,0.02337228714524207,0.23684210526315788,0.15789473684210525,0.4473684210526316,0.15789473684210525
RNCMPT00170_min,P78332,0,,,,,,,,,,,,,,,,,,,,,,,,,,,,,,,,,,,,,,,,,,,,,,,,,,,,,,,,,,,,,,,,,,,,,,,,,,,,,,,,,,,,,,,,,,,,,,,,,,,,,,,,,,,,,,,,,,,,,,,,,,,,,,,,,,,,,,,,,,,,,,,,,,,,,,,,,,,,,,,,,,,,,,,,,,,,,,,,,,,,,,,,,,,,,,,,,,,,,,,,,,,,,,,,,,,,,,,,,,,,,,,,,,,,,,,,,,,,,,,,,,,,,,,,,,,,,,,,,,,,,,,,,,,,,,,367,30,0.043596730245231606,0.01634877384196185,0.0653950953678474,0.08719346049046321,0.027247956403269755,0.07629427792915532,0.021798365122615803,0.04087193460490463,0.0653950953678474,0.0681198910081744,0.021798365122615803,0.035422343324250684,0.07084468664850137,0.04904632152588556,0.09536784741144415,0.0653950953678474,0.051771117166212535,0.04632152588555858,0.008174386920980926,0.043596730245231606,0.16666666666666666,0.03333333333333333,0.5,0.3
1EXD,P00962,1,,,,,,,,,,14.0,1.4357142857142855,0.1574173426920292,96.6774357142857,1.083373669187096,3.6038854122161865,0.7762263070170725,0.5835714285714285,0.4503094174326931,,,,,,,,,,,,,,,,,,,,,,,,,,,,,,,,,,,,,,,,,,,,,,,,,,,,,,,,,,,,,,,,,,,,,,,,,,,,,,,,,,,,,,,,,,,,,,,,,,,,,,,,,,,,,,,,,,,,,,,,,,,,,,,,,,,,,,,,11.0,1.3954545454545453,0.1650068869086158,96.1141090909091,0.8216380741598408,3.4111145843159068,0.5719402023000453,0.2872727272727273,0.4057607893597139,5.0,2.13,0.3365263734092767,90.78866,0.4737762161611774,3.621516752243042,0.7613862431463517,0.006,0.0134164078649987,6.0,1.5916666666666666,0.1020620726159657,95.19993333333332,0.2281352727367417,4.414654016494751,0.5794441466642131,0.225,0.2634957305156954,4.0,1.225,0.0645497224367902,96.171825,0.2443481447306972,3.686728358268738,0.7474752768825801,0.47,0.5189091121445707,4.0,1.4875,0.1652018966799917,94.760325,0.2029106925883058,3.259015828371048,1.4642735388801669,0.0425,0.0849999999999999,,,,,,,,,,,,,,,,,,,,,,,,,,,,,,,,,,,,,,,,,,,,,,,,,,,,,,,,,,,,,,,,,,,,,,,,,529,73,0.0661625708884688,0.01890359168241966,0.0661625708884688,0.08128544423440454,0.045368620037807186,0.05860113421550094,0.030245746691871456,0.0661625708884688,0.052930056710775046,0.07561436672967864,0.020793950850661626,0.05103969754253308,0.04914933837429111,0.02835538752362949,0.07183364839319471,0.04914933837429111,0.05103969754253308,0.062381852551984876,0.013232514177693762,0.04158790170132325,0.2054794520547945,0.2876712328767123,0.3150684931506849,0.1917808219178082
RNCMPT00029_min,P48810,0,,,,,,,,,,,,,,,,,,,,,,,,,,,,,,,,,,,,,,,,,,,,,,,,,,,,,,,,,,,,,,,,3.0,5.783333333333334,0.3055050463303895,82.05496666666666,1.9421955934800537,3.814977486928304,0.2167559169277316,0.3733333333333333,0.2466441431158123,,,,,,,,,,,,,,,,,,,,,,,,,,,,,,,,,,,,,5.0,7.01,1.0608958478568948,74.92416,4.924394263054085,3.949378871917725,0.4560668744854516,0.056,0.046690470119715,,,,,,,,,,,,,,,,,,,,,,,,,,,,,,,,,,,,,,,,,,,,,,,,,,,,,,,,,,,,,,,,,,,,,,,,,,,,,,,,,,,,,,,,,,,,,,,,,,,,,,,,,,,,,,,,,,,,,,,,,,,,,,,,,,,,,,,,,,,,,,,,,,,,,,,,,,236,35,0.046610169491525424,0.00423728813559322,0.1059322033898305,0.05084745762711865,0.0423728813559322,0.15677966101694915,0.01694915254237288,0.059322033898305086,0.08898305084745763,0.038135593220338986,0.01694915254237288,0.046610169491525424,0.03389830508474576,0.05508474576271186,0.07203389830508475,0.03389830508474576,0.0423728813559322,0.05508474576271186,0.00847457627118644,0.025423728813559324,0.2,0.37142857142857144,0.17142857142857143,0.2571428571428571
RNCMPT00009_min,A0A6P8KTV2,0,,,,,,,,,,,,,,,,,,,,,,,,,,,,,,,,,,,,,,,,,,,,,,3.0,20.9,0.5291502622129183,63.170633333333335,0.6112251985425101,2.887639800707499,1.5510863213690498,0.0133333333333333,0.0057735026918962,,,,,,,,,,,,,,,,,,,,,,,,,,,,,,,,,,,,,,,,,,,,,,,,,,,,,,,,,,,,,,,,,,,,,,,,,,,,,,,,,,,,,,,,,,,,,,,,,,,,,,,,,,,,,,,,,,,,,,,,,,,,,,,,,,,,,,,,,,,,,,,,,,,,,,,,,,,,,,,,,,,,,,,,,,,,,,,,,,,,,,,,,,,,,,,,,,,,,,,,,,,,,,,,,,,,,,,,,90,35,0.07777777777777778,0.011111111111111112,0.011111111111111112,0.06666666666666667,0.06666666666666667,0.1,0.03333333333333333,0.05555555555555555,0.07777777777777778,0.06666666666666667,0.011111111111111112,0.06666666666666667,0.011111111111111112,0.03333333333333333,0.05555555555555555,0.06666666666666667,0.044444444444444446,0.1,0.011111111111111112,0.03333333333333333,0.2857142857142857,0.3142857142857143,0.22857142857142856,0.17142857142857143
6A6L,P67809,1,,,,,,,,,,,,,,,,,,,,,,,,,,,,,,,,,,,,,,,,,,,,,,,,,,,,,,,,,,,,,,,,,,,,,,,,,,,,,,,,,,,,,,,,,,,,,,,,,,,,,,,,,,,,,,,,,,,,,,,,,,,,,,,,,,,,,,,,,,,,,,,,,,,,,,,,,,,,,,,,,,,,,,,,,,,,,,,,,,,,,,,,,,,,,,,,,,,,,,,,,,,,,,,,,,,,,,,,,,,,,,,,,,,,,,,,,,,,,,,,,,,,,,,,,,,,,,,,,,,,,,,,,,,,,,,76,8,0.06578947368421052,0.0,0.05263157894736842,0.07894736842105263,0.05263157894736842,0.11842105263157894,0.013157894736842105,0.039473684210526314,0.10526315789473684,0.02631578947368421,0.0,0.09210526315789473,0.02631578947368421,0.013157894736842105,0.039473684210526314,0.013157894736842105,0.07894736842105263,0.14473684210526316,0.013157894736842105,0.02631578947368421,0.125,0.25,0.0,0.125
RNCMPT00126_min,Q9VSR3,0,,,,,,,,,,,,,,,,,,,,,,,,,,,,,,,,,,,,,,,,,,,,,,,,,,,,,,,,,,,,,,,,,,,,,,,,,16.0,7.940624999999999,0.9048422974935096,71.36613750000001,3.8120964462921623,3.787142172455788,0.8363719977809383,0.103125,0.0793068933531842,,,,,,,,,,,,,,,,,,,,,,,,,,,,,,,,,,,,,,,,,,,,,,,,,,,,,,,,,,,,,,,,,,,,,,,,,,,,,,,,,,,,,,,,,,,,,,,,,,,,,,,,,,,,,,,,,,,,,,,,,,,,,,,,,,,,,,,,,,,,,,,,,,,,,,,,,,,,,,,,,,,,,,,,,,,,,,,,,,,,,,,,,,,,,,273,38,0.07326007326007326,0.03296703296703297,0.08424908424908426,0.040293040293040296,0.05128205128205128,0.08424908424908426,0.018315018315018316,0.047619047619047616,0.054945054945054944,0.07326007326007326,0.018315018315018316,0.02197802197802198,0.07326007326007326,0.04395604395604396,0.05128205128205128,0.07326007326007326,0.03296703296703297,0.07326007326007326,0.007326007326007326,0.04395604395604396,0.21052631578947367,0.2894736842105263,0.07894736842105263,0.42105263157894735
2XZL,P30771,1,,,,,,,,,,,,,,,,,,,,,,,,,,,,,,,,,,,,,,,,,,,,,,,,,,,,,,,,,,,,,,,,,,,,,,,,,61.0,2.6336065573770493,1.140859373143604,81.9075475409836,5.7161184763382495,3.690159078504218,0.8269802431214393,0.1381967213114754,0.1879140601154449,5.0,5.2,1.156503350622038,68.54282,2.187971112012224,4.222343873977661,0.3836400584965351,0.13,0.1671825349730048,4.0,6.074999999999999,1.35431409453888,67.82069999999999,1.7738346841424322,3.534877300262451,1.183122745043253,0.095,0.1027942929673951,,,,,,,,,,,,,,,,,,,,,,,,,,,,,,,,,,,,,,,,,,,,,,,,,,,,,,,,,,,,,,,,,,,,,,,,,,,,,,,,,,,,,,,,,,,,,,,,,,,,12.0,5.508333333333334,3.595125066311914,76.14693333333334,3.252876335388935,3.755633592605591,0.8516955117428946,0.1108333333333333,0.1732816065008492,,,,,,,,,,,,,,,,,,,,,,,,,,,,,,,,,,,,,,,,,,,,,,,,,,,,,,,,,,,,,,,,756,9,0.0582010582010582,0.02513227513227513,0.05026455026455026,0.056878306878306875,0.03042328042328042,0.05952380952380952,0.02513227513227513,0.062169312169312166,0.0701058201058201,0.11507936507936507,0.013227513227513227,0.046296296296296294,0.046296296296296294,0.04497354497354497,0.05423280423280423,0.07275132275132275,0.04894179894179894,0.07275132275132275,0.015873015873015872,0.031746031746031744,0.0,0.0,0.0,1.0
6JDQ,C9X1G5,1,,,,,,,,,,,,,,,,,,,,,,,,,,,,,,,,,,,,,,,,,,,,,,,,,,,,,,,,,,,,,,,,,,,,,,,,,,,,,,,,,,,,,,,,,,,,,,,,,,,,,,,,,,,,,,,,,,,,,,,,,,,,,,,,,,,,,,,,,,,,,,,,,,,,,,,,,,,,,,,,,,,,,,,,,,,,,,,,,,,,,,,,,,,,,,,,,,,,,,,,,,,,,,,,,,,,,,,,,,,,,,,,,,,,,,,,,,,,,,,,,,,,,,,,,,,,,,,,,,,,,,,,,,,,,,,1069,117,0.07483629560336763,0.006548175865294668,0.05425631431244153,0.08606173994387278,0.04396632366697849,0.0626753975678204,0.02432179607109448,0.047708138447146865,0.09073900841908325,0.1019644527595884,0.015902712815715623,0.04303086997193639,0.040224508886810104,0.03928905519176801,0.08512628624883069,0.04396632366697849,0.04490177736202058,0.05706267539756782,0.01028999064546305,0.027128157156220765,0.24786324786324787,0.2564102564102564,0.21367521367521367,0.28205128205128205
RNCMPT00140_min,P13469,0,,,,,,,,,,,,,,,,,,,,,,,,,,,,,,,,,,,,,3.0,12.916666666666666,0.8976822006330152,54.2299,1.2933646160306056,3.2195235888163247,0.4770372015367106,0.02,0.01,,,,,,,,,,,,,,,,,,,,,,,,,,,,,,,,,,,,,,,,,,,,,,,,,,,,,,,,,,,,,,,,,,,,,,,,,,,,,,,,,,,,,,,,,,,,,,,,,,,,,,,,,,,,,,,,,,,,,,,,,,,,,,,,,,,,,,,,,,,,,,,,,,,,,,,,,,,,,,,,,,,,,,,,,,,,,,,,,,,,,,,,,,,,,,,,,,,,,,,,,,,,,,,,,,,,,,,,,,,,,,,,,,407,38,0.07616707616707617,0.004914004914004914,0.05405405405405406,0.07862407862407862,0.05896805896805897,0.04914004914004914,0.012285012285012284,0.051597051597051594,0.10810810810810811,0.09090909090909091,0.004914004914004914,0.06142506142506143,0.044226044226044224,0.02702702702702703,0.051597051597051594,0.07862407862407862,0.056511056511056514,0.08353808353808354,0.002457002457002457,0.004914004914004914,0.23684210526315788,0.15789473684210525,0.39473684210526316,0.21052631578947367
RNCMPT00136_min,Q15717,0,4.0,11.7375,1.0127314550264546,68.196075,1.2023474272577488,3.623360008001328,1.5631620689979062,0.1425,0.0877021474461524,,,,,,,,,,,,,,,,,,,,,,,,,,,,,,,,,,,,,,,,,,,,,,,,,,,,,,,,,,,,,,,,,,,,,,,,,,,,,,,,,,,,,,,,,,,2.0,6.6,0.0707106781186551,81.70400000000001,0.2623366158202057,3.450975060462952,0.1155671643790535,0.385,0.2616295090390225,,,,,,,,,,3.0,6.333333333333333,0.6825198409814426,79.6059,3.0523193230722074,4.51322062810262,0.5883147419067639,0.2933333333333334,0.1965536398374075,,,,,,,,,,,,,,,,,,,,,,,,,,,,,,,,,,,,,,,,,,,,,,,,,,,,,,,,,,,,,,,,,,,,,,,,,,,,,,,,,,,,,,,,,,,,,,,,,,,,,,,,,,,,,,,,,,,,,,,,,,,,,,,,,,,,,,,,,,,,,,,,,325,38,0.07076923076923076,0.009230769230769232,0.04923076923076923,0.046153846153846156,0.055384615384615386,0.08923076923076922,0.024615384615384615,0.05846153846153846,0.052307692307692305,0.06769230769230769,0.03076923076923077,0.07076923076923076,0.036923076923076927,0.036923076923076927,0.06153846153846154,0.08615384615384615,0.04923076923076923,0.06769230769230769,0.006153846153846154,0.03076923076923077,0.18421052631578946,0.3684210526315789,0.2631578947368421,0.18421052631578946
RNCMPT00239_min,Q15365,0,4.0,14.3625,1.478949514576704,54.5504,6.985080900986998,3.191823750734329,1.3762911474799735,0.0424999999999999,0.0442530601578391,,,,,,,,,,,,,,,,,,,,,,,,,,,,,,,,,,,,,,,,,,,,,,,,,,,,,,,,,,,,,,,,,,,,,,,,,,,,,,,,,,,,,,,,,,,,,,,,,,,,,,,,,,,,,,,,,,,,,,,,,,,,,,,,,,,,,,,,,,,,,,,,,,,,,,,,,,,,,,,,,,,,,,,,,,,,,,,,,,,,,,,,,,,,,,,,,,,,,,,,,,,,,,,,,,,,,,,,,,,,,,,,,,,,,,,,,,,,,,,,,,,,,,,,,,,,,,,,,,,,,,356,30,0.08707865168539326,0.025280898876404494,0.03089887640449438,0.056179775280898875,0.011235955056179775,0.10112359550561797,0.019662921348314606,0.09550561797752809,0.03932584269662921,0.06741573033707865,0.033707865168539325,0.03932584269662921,0.05337078651685393,0.056179775280898875,0.0449438202247191,0.09831460674157304,0.0702247191011236,0.05337078651685393,0.0028089887640449437,0.014044943820224719,0.1,0.16666666666666666,0.43333333333333335,0.3
6CMN,G1TM83,1,,,,,,,,,,,,,,,,,,,,,,,,,,,,,,,,,,,,,,,,,,,,,,,,,,,,,,,,,,,,,,,,,,,,,,,,,,,,,,,,,,,,,,,,,,,,,,,,,,,,,,,,,,,,,,,,,,,,,,,,,,,,,,,,,,,,,,,,,,,,,,,,,,,,,,,,,,,,,,,,,,,,,,,,,,,,,,,,,,,,,,,,,,,,,,,,,,,,,,,,,,,,,,,,,,,,,,,,,,,,,,,,,,,,,,,,,,,,,,,,,,,,,,,,,,,,,,,,,,,,,,,,,,,,,,,91,27,0.07692307692307693,0.0,0.04395604395604396,0.03296703296703297,0.06593406593406594,0.03296703296703297,0.02197802197802198,0.0989010989010989,0.0989010989010989,0.06593406593406594,0.02197802197802198,0.054945054945054944,0.06593406593406594,0.054945054945054944,0.07692307692307693,0.06593406593406594,0.054945054945054944,0.03296703296703297,0.0,0.03296703296703297,0.14814814814814814,0.2962962962962963,0.3333333333333333,0.2222222222222222
4KNQ,P69517,1,,,,,,,,,,,,,,,,,,,,,,,,,,,,,,,,,,,,,,,,,,,,,,,,,,,,,,,,,,,,,,,,,,,,,,,,,,,,,,,,,,,,,,,,,,,,,,,,,,,,,,,,,,,,,,,,,,,,,,,,,,,,,,,,,,,,,,,,,,,,,,,,,,,,,,,,,,,,,,,,,,,,,,,,,,,,,,,,,,,,,,,,,,,,,,,,,,,,,,,,,,,,,,,,,,,,,,,,,,,,,,,,,,,,,,,,,,,,,,,,,,,,,,,,,,,,,,,,,,,,,,,,,,,,,,,122,20,0.040983606557377046,0.01639344262295082,0.04918032786885246,0.05737704918032787,0.06557377049180328,0.08196721311475409,0.03278688524590164,0.03278688524590164,0.040983606557377046,0.09016393442622951,0.01639344262295082,0.02459016393442623,0.040983606557377046,0.040983606557377046,0.08196721311475409,0.10655737704918032,0.06557377049180328,0.04918032786885246,0.03278688524590164,0.03278688524590164,0.0,0.65,0.35,0.0
5WWG,P22626,1,,,,,,,,,,,,,,,,,,,,,,,,,,,,,,,,,,,,,,,,,,,,,,,,,,,,,,,,,,,,,,,,3.0,1.3500000000000003,0.1000000000000001,94.29966666666668,1.3580005940106727,3.7374943097432456,0.357735906670299,0.63,0.536935750346352,,,,,,,,,,,,,,,,,,,,,,,,,,,,2.0,1.275,0.106066017177982,95.1535,0.0756604255869601,3.233829975128174,0.323354330698248,0.56,0.6081118318204309,4.0,1.6124999999999998,0.1701714821388512,91.68705,1.1094056351638646,3.738659799098969,0.5357497820589804,0.01,0.02,,,,,,,,,,,,,,,,,,,,,,,,,,,,,,,,,,,,,,,,,,,,,,,,,,,,,,,,,,,,,,,,,,,,,,,,,,,,,,,,,,,,,,,,,,,,,,,,,,,,,,,,,,,,,,,,,,,,,,,,,,,,,,,,,,,,,,,,,,,,,,,,,,,,,,,,,,184,8,0.059782608695652176,0.005434782608695652,0.06521739130434782,0.10326086956521739,0.059782608695652176,0.08152173913043478,0.03804347826086957,0.04891304347826087,0.09239130434782608,0.043478260869565216,0.021739130434782608,0.016304347826086956,0.02717391304347826,0.03260869565217391,0.08695652173913043,0.05434782608695652,0.05434782608695652,0.07608695652173914,0.005434782608695652,0.02717391304347826,0.375,0.125,0.25,0.25
RNCMPT00179_min,O45189,0,,,,,,,,,,,,,,,,,,,,,,,,,,,,,,,,,,,,,,,,,,,,,,,,,,,,,,,,,,,,,,,,,,,,,,,,,,,,,,,,,,,,,,,,,,,,,,,,,,,,,,,,,,,,,,,,,,,,,,,,,,,,,,,,,,,,,,,,,,,,,,,,,,,,,,,,,,,,,,,,,,,,,,,,,,,,,,,,,,,,,,,,,,,,,,,,,,,,,,,,,,,,,,,,,,,,,,,,,,,,,,,,,,,,,,,,,,,,,,,,,,,,,,,,,,,,,,,,,,,,,,,,,,,,,,,248,38,0.16129032258064516,0.004032258064516129,0.036290322580645164,0.03225806451612903,0.03225806451612903,0.07258064516129033,0.016129032258064516,0.03225806451612903,0.03225806451612903,0.0846774193548387,0.028225806451612902,0.04435483870967742,0.06451612903225806,0.11693548387096774,0.036290322580645164,0.028225806451612902,0.06048387096774194,0.06451612903225806,0.0,0.05241935483870968,0.34210526315789475,0.2631578947368421,0.18421052631578946,0.21052631578947367
RNCMPT00215_min,P57722,0,,,,,,,,,,,,,,,,,,,,,,,,,,,,,,,,,,,,,,,,,,,,,,,,,,,,,,,,,,,,,,,,,,,,,,,,,,,,,,,,,,,,,,,,,,,,,,,,,,,,,,,,,,,,,,,,,,,,,,,,,,,,,,,,,,,,,,,,,,,,,,,,,,,,,,,,,,,,,,,,,,,,,,,,,,,,,,,,,,,,,,,,,,,,,,,,,,,,,,,,,,,,,,,,,,,,,,,,,,,,,,,,,,,,,,,,,,,,,,,,,,,,,,,,,,,,,,,,,,,,,,,,,,,,,,,339,38,0.08259587020648967,0.014749262536873156,0.02064896755162242,0.06489675516224189,0.017699115044247787,0.0943952802359882,0.014749262536873156,0.10029498525073746,0.05604719764011799,0.06784660766961652,0.032448377581120944,0.038348082595870206,0.07669616519174041,0.058997050147492625,0.035398230088495575,0.08259587020648967,0.07964601769911504,0.0471976401179941,0.0,0.014749262536873156,0.2894736842105263,0.13157894736842105,0.42105263157894735,0.15789473684210525
5YTT,P67809,1,,,,,,,,,,,,,,,,,,,,,,,,,,,,,,,,,,,,,,,,,,,,,,,,,,,,,,,,,,,,,,,,,,,,,,,,,,,,,,,,,,,,,,,,,,,,,,,,,,,,,,,,,,,,,,,,,,,,,,,,,,,,,,,,,,,,,,,,,,,,,,,,,,,,,,,,,,,,,,,,,,,,,,,,,,,,,,,,,,,,,,,,,,,,,,,,,,,,,,,,,,,,,,,,,,,,,,,,,,,,,,,,,,,,,,,,,,,,,,,,,,,,,,,,,,,,,,,,,,,,,,,,,,,,,,,75,6,0.06666666666666667,0.0,0.05333333333333334,0.08,0.05333333333333334,0.12,0.013333333333333334,0.04,0.12,0.02666666666666667,0.0,0.08,0.013333333333333334,0.013333333333333334,0.04,0.013333333333333334,0.08,0.14666666666666667,0.013333333333333334,0.02666666666666667,0.16666666666666666,0.16666666666666666,0.16666666666666666,0.5
RNCMPT00163_min,Q07955,0,,,,,,,,,,,,,,,,,,,,,,,,,,,,,,,,,,,,,,,,,,,,,,,,,,,,,,,,,,,,,,,,,,,,,,,,,,,,,,,,,,,,,,,,,,,,,,,,,,,,,,,,,,,,,,,,,,,,,,,,,,,,,,,,,,,,,,,,,,,,,,,,,,,,,,,,,,,,,,,,,,,,,,,,,,,,,,,,,,,,,,,,,,,,,,,,,,,,,,,,,,,,,,,,,,,,,,,,,,,,,,,,,,,,,,,,,,,,,,,,,,,,,,,,,,,,,,,,,,,,,,,,,,,,,,,248,30,0.04032258064516129,0.008064516129032258,0.08064516129032258,0.04435483870967742,0.028225806451612902,0.14112903225806453,0.012096774193548387,0.028225806451612902,0.03225806451612903,0.024193548387096774,0.012096774193548387,0.028225806451612902,0.06854838709677419,0.004032258064516129,0.17338709677419356,0.11290322580645161,0.028225806451612902,0.06854838709677419,0.004032258064516129,0.06048387096774194,0.2,0.23333333333333334,0.26666666666666666,0.3
4JGN,P69517,1,,,,,,,,,,,,,,,,,,,,,,,,,,,,,,,,,,,,,,,,,,,,,,,,,,,,,,,,,,,,,,,,,,,,,,,,,,,,,,,,,,,,,,,,,,,,,,,,,,,,,,,,,,,,,,,,,,,,,,,,,,,,,,,,,,,,,,,,,,,,,,,,,,,,,,,,,,,,,,,,,,,,,,,,,,,,,,,,,,,,,,,,,,,,,,,,,,,,,,,,,,,,,,,,,,,,,,,,,,,,,,,,,,,,,,,,,,,,,,,,,,,,,,,,,,,,,,,,,,,,,,,,,,,,,,,125,20,0.04,0.016,0.048,0.056,0.064,0.08,0.032,0.032,0.04,0.088,0.016,0.04,0.04,0.04,0.08,0.112,0.064,0.048,0.032,0.032,0.0,0.3,0.3,0.4
3K61,Q09312,1,,,,,,,,,,,,,,,,,,,,,,,,,,,,,,,,,,,,,,,,,,,,,,,,,,,,,,,,,,,,,,,,,,,,,,,,,,,,,,,,,,,,,,,,,,,,,,,,,,,,,,,,,,,,,,,,,,,,,,,,,,,,,,,,,,,,,,,,,,,,,,,,,,,,,,,,,,,,,,,,,,,,,,,,,,,,,,,,,,,,,,,,,,,,,,,,,,,,,,,,,,,,,,,,,,,,,,,,,8.0,1.525,0.1309307341415954,94.8830875,0.8451077470400717,3.524716854095459,0.627042180364345,0.63125,0.4701500520350619,7.0,0.9714285714285716,0.0566946709513841,97.59994285714286,0.5816286210780406,3.2173315456935336,0.563757422951736,0.6671428571428571,0.4452607582722093,2.0,1.125,0.3181980515339464,96.85635,1.5342095831404463,3.075589179992676,0.0393928048417978,0.975,0.0212132034355964,,,,,,,,,,,,,,,,,,,,,,,,,,,,393,9,0.06615776081424936,0.03307888040712468,0.06615776081424936,0.05089058524173028,0.043256997455470736,0.03816793893129771,0.02544529262086514,0.06361323155216285,0.06615776081424936,0.11195928753180662,0.03307888040712468,0.043256997455470736,0.017811704834605598,0.058524173027989825,0.05597964376590331,0.07633587786259542,0.04834605597964377,0.06870229007633588,0.007633587786259542,0.02544529262086514,0.4444444444444444,0.1111111111111111,0.1111111111111111,0.3333333333333333
2ZH9,O28126,1,,,,,,,,,,,,,,,,,,,,,,,,,,,,,,,,,,,,,,,,,,,,,,,,,,,,,,,,,,,,,,,,,,,,,,,,,,,,,,,,,,,,,,,,,,,,,,,,,,,,,,,,,,,,,,,,,,,,,,,,,,,,,,,,,,,,,,,,11.0,1.059090909090909,0.1786311588415943,98.03343636363635,1.1832658139849457,3.6522190354087134,0.5715148688223347,0.4854545454545454,0.4972999826334933,,,,,,,,,,,,,,,,,,,,,,,,,,,,,,,,,,,,,,,,,,,,,,,,,,,,,,,,,,,,,,,,4.0,1.0125000000000002,0.075,98.28195,0.2220679850856476,3.2913896441459656,0.4742640711503331,0.245,0.4833563212924119,,,,,,,,,,,,,,,,,,,,,,,,,,,,,,,,,,,,,,,,,,,,,,,,,,,,,,,437,33,0.05263157894736842,0.013729977116704805,0.034324942791762014,0.14187643020594964,0.07322654462242563,0.06178489702517163,0.018306636155606407,0.04576659038901602,0.08237986270022883,0.08924485125858124,0.016018306636155607,0.032036613272311214,0.041189931350114416,0.006864988558352402,0.09153318077803203,0.041189931350114416,0.02517162471395881,0.08695652173913043,0.013729977116704805,0.032036613272311214,0.06060606060606061,0.36363636363636365,0.3939393939393939,0.18181818181818182
RNCMPT00257_min,A2EZR7,0,,,,,,,,,,,,,,,,,,,,,,,,,,,,1.0,24.05,,50.2186,,4.690813064575195,,0.0,,8.0,24.387500000000003,0.5469068868254849,36.71195,2.5248161002338363,3.5013755559921265,0.617890517675572,0.01125,0.0035355339059327,,,,,,,,,,,,,,,,,,,,,,,,,,,,,,,,,,,,,,,,,,,,,,,,,,,,,,,,,,,,,,,,,,,,,,,,,,,,,,,,,,,,,,,,,,,,,,,,,,,,,,,,,,,,,,,,,,,,,,,,,,,,,,,,,,,,,,,,,,,,,,,,,,,,,,,,,,,,,,,,,,,,,,,,,,,,,,,,,,,,,,,,,,,,,,,,,,,,,,,,,,,,,,,,,,,,,,,,,,,,,,,,,,307,38,0.06840390879478828,0.016286644951140065,0.035830618892508145,0.09446254071661238,0.05211726384364821,0.05863192182410423,0.019543973941368076,0.0781758957654723,0.048859934853420196,0.07166123778501629,0.029315960912052116,0.0781758957654723,0.05863192182410423,0.03257328990228013,0.05863192182410423,0.06514657980456026,0.05211726384364821,0.06188925081433225,0.0,0.019543973941368076,0.3684210526315789,0.10526315789473684,0.39473684210526316,0.13157894736842105
RNCMPT00127_min,Q9VYD8,0,,,,,,,,,,,,,,,,,,,,,,,,,,,,,,,,,,,,,,,,,,,,,,,,,,,,,,,,,,,,,,,,,,,,,,,,,,,,,,,,,,,,,,,,,,,,,,,,,,,,,,,,,,,,,,,,,,,,,,,,,,,,,,,,,,,,,,,,,,,,,,,,,,,,,,,,,,,,,,,,,,,,,,,,,,,,,,,,,,,,,,,,,,,,,,,,,,,,,,,,,,,,,,,,,,,,,,,,,,,,,,,,,,,,,,,,,,,,,,,,,,,,,,,,,,,,,,,,,,,,,,,,,,,,,,,128,38,0.078125,0.0234375,0.046875,0.0625,0.03125,0.2890625,0.0,0.015625,0.0234375,0.03125,0.015625,0.03125,0.03125,0.0,0.1328125,0.0703125,0.0234375,0.046875,0.015625,0.03125,0.3157894736842105,0.15789473684210525,0.3157894736842105,0.21052631578947367
RNCMPT00281_min,A0A8J0QJ86,0,,,,,,,,,,,,,,,,,,,,,,,,,,,,,,,,,,,,,,,,,,,,,,,,,,,,,,,,,,,,,,,,,,,,,,,,,,,,,,,,,,,,,,,,,,,,,,,,,,,,,,,,,,,,,,,,,,,,,,,,,,,,,,,,,,,,,,,,,,,,,,,,,,,,,,,,,,,,,,,,,,,,,,,,,,,,,,,,,,,,,,,,,,,,,,,,,,,,,,,,,,,,,,,,,,,,,,,,,,,,,,,,,,,,,,,,,,,,,,,,,,,,,,,,,,,,,,,,,,,,,,,,,,,,,,,339,38,0.061946902654867256,0.008849557522123894,0.05604719764011799,0.09144542772861357,0.0471976401179941,0.08849557522123894,0.02064896755162242,0.04424778761061947,0.09734513274336283,0.06489675516224189,0.02359882005899705,0.035398230088495575,0.058997050147492625,0.035398230088495575,0.061946902654867256,0.032448377581120944,0.0471976401179941,0.07964601769911504,0.008849557522123894,0.035398230088495575,0.15789473684210525,0.39473684210526316,0.10526315789473684,0.34210526315789475
RNCMPT00167_min,O60812,0,,,,,,,,,,,,,,,,,,,,,,,,,,,,,,,,,,,,,,,,,,,,,,,,,,,,,,,,,,,,,,,,,,,,,,,,,,,,,,,,,,,,,,,,,,,,,,,,,,,,,,,,,,,,,,,,,,,,,,,,,,,,,,,,,,,,,,,,,,,,,,,,,,,,,,,,,,,,,,,,,,,,,,,,,,,,,,,,,,,,,,,,,,,,,,,,,,,,,,,,,,,,,,,,,,,,,,,,,,,,,,,,,,,,,,,,,,,,,,,,,,,,,,,,,,,,,,,,,,,,,,,,,,,,,,,131,30,0.11450381679389313,0.007633587786259542,0.06870229007633588,0.03816793893129771,0.05343511450381679,0.08396946564885496,0.015267175572519083,0.03816793893129771,0.07633587786259542,0.030534351145038167,0.04580152671755725,0.06870229007633588,0.030534351145038167,0.022900763358778626,0.05343511450381679,0.08396946564885496,0.015267175572519083,0.09923664122137404,0.0,0.05343511450381679,0.16666666666666666,0.23333333333333334,0.3333333333333333,0.26666666666666666
4NH6,Q9UPY3,1,,,,,,,,,,,,,,,,,,,,,,,,,,,,,,,,,,,,,,,,,,,,,,,,,,,,,,,,,,,,,,,,,,,,,,,,,,,,,,,,,,,,,,,,,,,,,,,,,,,,,,,,,,,,,,,,,,,,,,,,,,,,,,,,,,,,,,,,,,,,,,,,,,,,,,,,,,,,,,,,,,,,,,,,,,,,,,,,,,,,,,,,,,,,,,,,,,,,,,,,,,,,,,,,,,,,,,,,,,,,,,,,,,,,,,,,,,,,,,,,,,,,,,,,,,,,,,,,,,,,,,,,,,,,,,,272,15,0.04779411764705882,0.022058823529411766,0.051470588235294115,0.0625,0.04779411764705882,0.01838235294117647,0.029411764705882353,0.06985294117647059,0.05514705882352941,0.12867647058823528,0.014705882352941176,0.029411764705882353,0.08455882352941177,0.03308823529411765,0.058823529411764705,0.058823529411764705,0.06985294117647059,0.051470588235294115,0.007352941176470588,0.058823529411764705,0.13333333333333333,0.2,0.2,0.4666666666666667
RNCMPT00176_min,O43347,0,,,,,,,,,,,,,,,,,,,,,,,,,,,,,,,,,,,,,,,,,,,,,,,,,,,,,,,,,,,,,,,,5.0,14.38,7.059975212421076,71.37971999999999,4.854186083371754,3.788685083389282,0.9447057239257568,0.248,0.2688308018066382,,,,,,,,,,,,,,,,,,,,,,,,,,,,2.0,16.5,8.131727983645296,70.4748,5.257763182190688,3.2039008140563965,0.0567768625659955,0.29,0.282842712474619,2.0,9.65,0.9192388155425124,70.7404,0.6519524522540048,4.224036455154419,0.3674143089567485,0.04,0.0424264068711928,,,,,,,,,,,,,,,,,,,,,,,,,,,,,,,,,,,,,,,,,,,,,,,,,,,,,,,,,,,,,,,,,,,,,,,,,,,,,,,,,,,,,,,,,,,,,,,,,,,,,,,,,,,,,,,,,,,,,,,,,,,,,,,,,,,,,,,,,,,,,,,,,,,,,,,,,,362,35,0.09116022099447514,0.011049723756906077,0.04143646408839779,0.052486187845303865,0.06077348066298342,0.10497237569060773,0.022099447513812154,0.027624309392265192,0.04696132596685083,0.055248618784530384,0.04419889502762431,0.016574585635359115,0.0856353591160221,0.03591160220994475,0.049723756906077346,0.06906077348066299,0.08287292817679558,0.06353591160220995,0.0055248618784530384,0.03314917127071823,0.2,0.37142857142857144,0.17142857142857143,0.2571428571428571
RNCMPT00217_min,C9ZQS2,0,,,,,,,,,,,,,,,,,,,,,,,,,,,,,,,,,,,,,,,,,,,,,,,,,,,,,,,,,,,,,,,,,,,,,,,,,,,,,,,,,,,,,,,,,,,,,,,,,,,,,,,,,,,,,,,,,,,,,,,,,,,,,,,,,,,,,,,,,,,,,,,,,,,,,,,,,,,,,,,,,,,,,,,,,,,,,,,,,,,,,,,,,,,,,,,,,,,,,,,,,,,,,,,,,,,,,,,,,,,,,,,,,,,,,,,,,,,,,,,,,,,,,,,,,,,,,,,,,,,,,,,,,,,,,,,386,38,0.07512953367875648,0.012953367875647668,0.05699481865284974,0.08290155440414508,0.05181347150259067,0.09326424870466321,0.031088082901554404,0.04145077720207254,0.02072538860103627,0.05699481865284974,0.023316062176165803,0.05181347150259067,0.06476683937823834,0.03626943005181347,0.09844559585492228,0.05958549222797927,0.04922279792746114,0.06217616580310881,0.0051813471502590676,0.025906735751295335,0.2894736842105263,0.18421052631578946,0.3684210526315789,0.15789473684210525
RNCMPT00230_min,Q57WA3,0,,,,,,,,,,,,,,,,,,,,,,,,,,,,,,,,,,,,,,,,,,,,,,,,,,,,,,,,,,,,,,,,,,,,,,,,,,,,,,,,,,,,,,,,,,,,,,,,,,,,,,,,,,,,,,,,,,,,,,,,,,,,,,,,,,,,,,,,,,,,,,,,,,,,,,,,,,,,,,,,,,,,,,,,,,,,,,,,,,,,,,,,,,,,,,,,,,,,,,,,,,,,,,,,,,,,,,,,,,,,,,,,,,,,,,,,,,,,,,,,,,,,,,,,,,,,,,,,,,,,,,,,,,,,,,,419,38,0.09785202863961814,0.00954653937947494,0.05250596658711217,0.07875894988066826,0.0405727923627685,0.08591885441527446,0.01909307875894988,0.03818615751789976,0.07398568019093078,0.08353221957040573,0.01909307875894988,0.0405727923627685,0.06205250596658711,0.02386634844868735,0.05250596658711217,0.06682577565632458,0.03818615751789976,0.09307875894988067,0.002386634844868735,0.021479713603818614,0.2631578947368421,0.2894736842105263,0.13157894736842105,0.3157894736842105
RNCMPT00093_min,P48809,0,,,,,,,,,,,,,,,,,,,,,,,,,,,,,,,,,,,,,,,,,,,,,,,,,,,,,,,,,,,,,,,,6.0,9.866666666666664,1.5354695264532818,74.68216666666667,5.179684522310859,3.928620934486389,0.4885824213771828,0.1783333333333333,0.1616683848705944,,,,,,,,,,,,,,,,,,,,,,,,,,,,2.0,11.2,0.777817459305202,71.0096,0.5436236933762169,2.991885185241699,0.0615954274625493,0.08,0.0141421356237309,3.0,11.183333333333332,0.5507570547286098,66.01753333333333,0.7615555812502007,3.849806785583496,1.3790832665042574,0.0233333333333333,0.0152752523165194,,,,,,,,,,,,,,,,,,,,,,,,,,,,,,,,,,,,,,,,,,,,,,,,,,,,,,,,,,,,,,,,,,,,,,,,,,,,,,,,,,,,,,,,,,,,,,,,,,,,,,,,,,,,,,,,,,,,,,,,,,,,,,,,,,,,,,,,,,,,,,,,,,,,,,,,,,421,38,0.052256532066508314,0.009501187648456057,0.035629453681710214,0.04513064133016627,0.028503562945368172,0.171021377672209,0.014251781472684086,0.019002375296912115,0.040380047505938245,0.030878859857482184,0.030878859857482184,0.07125890736342043,0.08788598574821853,0.057007125890736345,0.035629453681710214,0.08788598574821853,0.06175771971496437,0.04275534441805225,0.019002375296912115,0.05938242280285035,0.23684210526315788,0.3684210526315789,0.23684210526315788,0.15789473684210525
RNCMPT00287_min,Q5B677,0,,,,,,,,,,,,,,,,,,,,,,,,,,,,,,,,,,,,,,,,,,,,,,4.0,2.25,0.7222649560006816,88.9931,2.172529037780622,4.024224281311035,0.6408471249727767,0.2799999999999999,0.4595650117230422,,,,,,,,,,,,,,,,,,,,,,,,,,,,,,,,,,,,,,,,,,,,,,,,,,,,,,,,,,,,,,,,,,,,,,,,,,,,,,,,,,,,,,,,,,,8.0,2.0875000000000004,0.1903943276465977,88.86817500000001,1.9465750213057404,3.560555100440979,0.7616912381995767,0.57625,0.4347392486142863,,,,,,,,,,,,,,,,,,,,,,,,,,,,,,,,,,,,,,,,,,,,,,,,,,,,,,,,,,,,,,,,,,,,,,,,,,,,,,,,,,,,,,,,,,,,,,,,,,,,,,,,,,,,,,,,,,,,,,171,35,0.07017543859649122,0.0,0.05263157894736842,0.029239766081871343,0.04093567251461988,0.13450292397660818,0.017543859649122806,0.017543859649122806,0.10526315789473684,0.04678362573099415,0.005847953216374269,0.03508771929824561,0.04093567251461988,0.03508771929824561,0.05847953216374269,0.08187134502923976,0.1111111111111111,0.07602339181286549,0.011695906432748537,0.029239766081871343,0.22857142857142856,0.14285714285714285,0.4,0.22857142857142856
5ELX,A6ZNQ1,1,,,,,,,,,,,,,,,,,,,,,,,,,,,,,,,,,,,,,,,,,,,,,,,,,,,,,,,,,,,,,,,,,,,,,,,,,28.0,2.514285714285714,0.4354344664851125,93.9470464285714,2.91804155816396,3.687733539513179,0.7603968431085002,0.2867857142857142,0.3655442778209215,2.0,3.8,0.3535533905932738,89.3212,0.5891613700846249,3.9759583473205566,1.1091290475673494,0.055,0.0494974746830583,8.0,3.03125,0.188864085673118,89.66015,0.5009683822358477,3.631885826587677,1.0199204809789415,0.1625,0.2695896352395088,,,,,,,,,,,,,,,,,,,,,,,,,,,,,,,,,,,,,,,,,,,,,,,,,,,,,,,,,,,,,,,,,,,,,,,,,,,,,,,,,,,,,,,,,,,,,,,,,,,,8.0,2.51875,0.5818305472509032,95.1901875,2.732956386373814,3.4667770862579346,0.5334899015148186,0.2225,0.358678128689219,,,,,,,,,,,,,,,,,,,,,,,,,,,,,,,,,,,,,,,,,,,,,,,,,,,,,,,,,,,,,,,,391,6,0.07161125319693094,0.0076726342710997444,0.06649616368286446,0.05115089514066496,0.04092071611253197,0.056265984654731455,0.01278772378516624,0.07161125319693094,0.08184143222506395,0.10485933503836317,0.028132992327365727,0.043478260869565216,0.04092071611253197,0.058823529411764705,0.05115089514066496,0.04859335038363171,0.06649616368286446,0.0741687979539642,0.0025575447570332483,0.020460358056265986,0.0,0.0,0.0,1.0
RNCMPT00083_min,P67809,0,5.0,20.93,1.177709641634983,47.02314,8.391741765450126,3.3375084161758424,1.2674684844250883,0.014,0.0151657508881031,,,,,,,,,,,,,,,,,,,,,,,,,,,,,,,,,,,,,,,,,,,,,,,,,,,,,,,,,,,,,,,,,,,,,,,,,,,,,,,,,,,,,,,,,,,,,,,,,,,,,,,,,,,,,,,,,,,,,,,,,,,,,,,,,,,,,,,,,,,,,,,,,,,,,,,,,,,,,,,,,,,,,,,,,,,,,,,,,,,,,,,,,,,,,,,,,,,,,,,,,,,,,,,,,,,,,,,,,,,,,,,,,,,,,,,,,,,,,,,,,,,,,,,,,,,,,,,,,,,,,,324,30,0.08950617283950617,0.0,0.040123456790123455,0.08333333333333333,0.021604938271604937,0.12037037037037036,0.006172839506172839,0.009259259259259259,0.04938271604938271,0.012345679012345678,0.012345679012345678,0.06481481481481481,0.10802469135802469,0.07407407407407407,0.12037037037037036,0.046296296296296294,0.040123456790123455,0.04938271604938271,0.0030864197530864196,0.04938271604938271,0.13333333333333333,0.3333333333333333,0.36666666666666664,0.16666666666666666
RNCMPT00289_min,A0A8J0QQ94,0,2.0,11.9,4.949747468305833,58.57135,15.256182357490356,2.394991159439087,1.0719450747623105,0.04,0.0141421356237309,,,,,,,,,,,,,,,,,,,,,,,,,,,,,,,,,,,,,,,,,,,,,,,,,,,,,,,,,,,,,,,,,,,,,,,,,,,,,,,,,,,,,,,,,,,,,,,,,,,,,,,,,,,,,,,,,,,,,,,,,,,,,,,,,,,,,,,,,,,,,,,,,,,,,,,,,,,,,,,,,,,,,,,,,,,,,,,,,,,,,,,,,,,,,,,,,,,,,,,,,,,,,,,,,,,,,,,,,,,,,,,,,,,,,,,,,,,,,,,,,,,,,,,,,,,,,,,,,,,,,,339,30,0.07374631268436578,0.011799410029498525,0.058997050147492625,0.09734513274336283,0.04129793510324484,0.08259587020648967,0.011799410029498525,0.04424778761061947,0.08849557522123894,0.06784660766961652,0.02064896755162242,0.032448377581120944,0.06784660766961652,0.02359882005899705,0.07079646017699115,0.04424778761061947,0.038348082595870206,0.07964601769911504,0.008849557522123894,0.035398230088495575,0.13333333333333333,0.43333333333333335,0.3,0.13333333333333333
3K5Y,Q09312,1,,,,,,,,,,,,,,,,,,,7.0,1.2357142857142858,0.1725163898355885,96.94171428571428,0.9047059695992774,3.61073442867824,1.0330971302559124,0.9014285714285716,0.1055822856715038,,,,,,,,,,,,,,,,,,,,,,,,,,,,,,,,,,,,,,,,,,,,,,,,,,,,,,,,,,,,,,,,,,,,,,,,,,,,,,,,,,,,,,,,,,,,,,,,,,,,,,,,,,,,,,,,,,,,,,,,,,,,,,,,,,,,,,,,,,,,,,,,,,,,,,,,,,,,,,,,,,,,,,,,,,,,,,,,,,,,,,,,,,,,,,7.0,1.5928571428571427,0.1205147689032739,95.98512857142858,0.8021261657085409,3.366371597562517,0.336727515383997,0.7028571428571428,0.4232302086616804,,,,,,,,,,2.0,1.2,0.4242640687119285,97.638,1.1740800994821403,3.101978302001953,0.0742715136206855,0.965,0.0353553390593274,,,,,,,,,,,,,,,,,,,,,,,,,,,,400,9,0.065,0.0325,0.0675,0.0525,0.0425,0.04,0.025,0.0625,0.065,0.1125,0.035,0.045,0.0175,0.0575,0.055,0.0775,0.0475,0.0675,0.0075,0.025,0.2222222222222222,0.2222222222222222,0.2222222222222222,0.3333333333333333
1GTR,P00962,1,,,,,,,,,,14.0,1.3321428571428573,0.1488509099958526,97.10655,1.0114677033894834,3.6069624594279697,0.7375073184929426,0.5871428571428571,0.4483719021497251,,,,,,,,,,,,,,,,,,,,,,,,,,,,,,,,,,,,,,,,,,,,,,,,,,,,,,,,,,,,,,,,,,,,,,,,,,,,,,,,,,,,,,,,,,,,,,,,,,,,,,,,,,,,,,,,,,,,,,,,,,,,,,,,,,,,,,,,11.0,1.2636363636363634,0.1226599141751474,96.7766,0.6046226476075801,3.4991802735762163,0.6636265389996444,0.2181818181818182,0.3611874356014667,4.0,1.9625,0.306526235962492,91.28025,0.2798249988832353,3.356130301952362,0.6545902580403616,0.01,0.02,6.0,1.525,0.0821583836257749,95.25186666666669,0.2457730633463863,4.460432370503743,0.5405384873549256,0.2083333333333333,0.254983659607173,4.0,1.15,0.0707106781186548,96.397875,0.2315122512956931,3.70524400472641,0.8166733117158954,0.47,0.5239592859500949,5.0,1.4900000000000002,0.1596871942267131,94.8028,0.1868526826138666,3.435940742492676,1.0000984321064814,0.032,0.0715541752799932,,,,,,,,,,,,,,,,,,,,,,,,,,,,,,,,,,,,,,,,,,,,,,,,,,,,,,,,,,,,,,,,,,,,,,,,,529,74,0.0661625708884688,0.01890359168241966,0.0661625708884688,0.08128544423440454,0.045368620037807186,0.05860113421550094,0.030245746691871456,0.0661625708884688,0.052930056710775046,0.07561436672967864,0.020793950850661626,0.05103969754253308,0.04914933837429111,0.02835538752362949,0.07183364839319471,0.04914933837429111,0.05103969754253308,0.062381852551984876,0.013232514177693762,0.04158790170132325,0.20270270270270271,0.3108108108108108,0.28378378378378377,0.20270270270270271
RNCMPT00141_min,Q8T6B9,0,,,,,,,,,,,,,,,,,,,,,,,,,,,,,,,,,,,,,,,,,,,,,,,,,,,,,,,,,,,,,,,,,,,,,,,,,,,,,,,,,,,,,,,,,,,,,,,,,,,,,,,,,,,,,,,,,,,,,,,,,,,,,,,,,,,,,,,,,,,,,,,,,,,,,,,,,,,,,,,,,,,,,,,,,,,,,,,,,,,,,,,,,,,,,,,,,,,,,,,,,,,,,,,,,,,,,,,,,,,,,,,,,,,,,,,,,,,,,,,,,,,,,,,,,,,,,,,,,,,,,,,,,,,,,,,556,38,0.14388489208633093,0.007194244604316547,0.03776978417266187,0.06654676258992806,0.03237410071942446,0.07014388489208633,0.014388489208633094,0.052158273381294966,0.050359712230215826,0.08633093525179857,0.03597122302158273,0.0341726618705036,0.05755395683453238,0.07553956834532374,0.0341726618705036,0.0539568345323741,0.052158273381294966,0.07913669064748201,0.0017985611510791368,0.014388489208633094,0.3157894736842105,0.13157894736842105,0.3684210526315789,0.18421052631578946
4TYY,P15424,1,,,,,,,,,,,,,,,,,,,,,,,,,,,,50.0,3.425,0.4287202122692178,84.32767,2.4767745280826805,3.543626642227173,0.9438292852904508,0.0868,0.1438740946176233,,,,,,,,,,,,,,,,,,,,,,,,,,,,,,,,,,,,,,,,,,,,,,,,,,,,,,,,,,,,,,,,,,,,,,,,,,,,,,,,,,,,,,,,,,,,,,,,,,,,,,,,,,,,,,,,,,,,,,,,,,,,,,,,,,,,,,,,,,,,,,,,,,,,,,,,,,,,,,,,,,,,,,,,,,,,,,,,,,,,,,,,,,,,,,,,,,,,,,,,,,,,,,,,,,,,,,,,,,,,,,,,,,,,,,,,,,,505,9,0.0594059405940594,0.011881188118811881,0.061386138613861385,0.08316831683168317,0.05148514851485148,0.041584158415841586,0.019801980198019802,0.09504950495049505,0.10297029702970296,0.09306930693069307,0.015841584158415842,0.041584158415841586,0.039603960396039604,0.023762376237623763,0.05148514851485148,0.07128712871287128,0.04554455445544554,0.06930693069306931,0.0,0.02178217821782178,1.0,0.0,0.0,0.0
7C45,Q38DE2,1,,,,,,,,,,,,,,,,,,,,,,,,,,,,,,,,,,,,,,,,,,,,,,,,,,,,,,,,,,,,,,,,,,,,,,,,,55.0,3.0300000000000007,0.8743569065318806,86.49066545454548,3.898980368336496,3.559624095396562,0.9144128193422072,0.149090909090909,0.1630413799699069,11.0,5.795454545454546,0.9485395472658336,72.03585454545454,6.137750081318666,3.044820484789935,1.5621657102086222,0.2345454545454545,0.242625787432566,10.0,3.685,0.4384632253678751,79.66824,3.14938314390471,2.738691931962967,1.308032007754838,0.122,0.1489071298942174,,,,,,,,,,,,,,,,,,,,,,,,,,,,,,,,,,,,,,,,,,,,,,,,,,,,,,,,,,,,,,,,,,,,,,,,,,,,,,,,,,,,,,,,,,,,,,,,,,,,6.0,3.4583333333333326,0.3246793289796357,84.62735,1.5508971168327066,3.594947894414266,0.9319803341883488,0.1783333333333333,0.137610561610171,,,,,,,,,,,,,,,,,,,,,,,,,,,,,,,,,,,,,,,,,,,,,,,,,,,,,,,,,,,,,,,,295,10,0.08813559322033898,0.03389830508474576,0.061016949152542375,0.05084745762711865,0.04406779661016949,0.06440677966101695,0.02711864406779661,0.03389830508474576,0.06440677966101695,0.1016949152542373,0.013559322033898305,0.020338983050847456,0.04067796610169491,0.04067796610169491,0.061016949152542375,0.061016949152542375,0.05423728813559322,0.1016949152542373,0.010169491525423728,0.02711864406779661,0.0,0.0,0.0,1.0
3Q0S,Q8TB72,1,,,,,,,,,,,,,,,,,,,,,,,,,,,,,,,,,,,,,,,,,,,,,,,,,,,,,,,,,,,,,,,,,,,,,,,,,,,,,,,,,,,,,,,,,,,,,,,,,,,,,,,,,,,,,,,,,,,,,,,,,,,,,,,,,,,,,,,,,,,,,,,,,,,,,,,,,,,,,,,,,,,,,,,,,,,,,,,,,,,,,,,,,,,,,,,,,,,,,,,,,,,,,,,,,,,,,,,,,7.0,1.385714285714286,0.2230737652927945,94.19024285714286,1.3781603751101694,3.409628595624651,0.6208187156346656,0.8357142857142857,0.3527915882811051,7.0,1.0357142857142858,0.0988023520059353,96.75487142857142,0.8637999550711689,3.381884813308716,0.5741953059643414,0.6771428571428572,0.4063953036849009,,,,,,,,,,,,,,,,,,,,,,,,,,,,,,,,,,,,,343,8,0.05830903790087463,0.026239067055393587,0.043731778425655975,0.06705539358600583,0.037900874635568516,0.04664723032069971,0.04956268221574344,0.0728862973760933,0.0641399416909621,0.09620991253644315,0.026239067055393587,0.03206997084548105,0.029154518950437316,0.09329446064139942,0.05830903790087463,0.04664723032069971,0.03498542274052478,0.07871720116618076,0.0,0.037900874635568516,0.25,0.25,0.125,0.375
3T5N,Q5S585,1,,,,,,,,,,,,,,,,,,,,,,,,,,,,,,,,,,,,,,,,,,,,,,,,,,,,,,,,,,,,,,,,,,,,,,,,,,,,,,,,,,,,,,,,,,,,,,,,,,,,,,,,,,,,,,,,,,,,,,,,,,,,,,,,,,,,,,,,,,,,,,,,,,,,,,,,,,,,,,,,,,,,,,,,,,,,,,,,,,,,,,,,,,,,,,,,,,,,,,,,,,,,,,,,,,,,,,,,,,,,,,,,,,,,,,,,,,,,,,,,,,,,,,,,,,,,,,,,,,,,,,,,,,,,,,,282,6,0.06028368794326241,0.014184397163120567,0.07446808510638298,0.03900709219858156,0.01773049645390071,0.06028368794326241,0.0070921985815602835,0.05319148936170213,0.07801418439716312,0.14893617021276595,0.024822695035460994,0.06028368794326241,0.024822695035460994,0.04609929078014184,0.04609929078014184,0.0851063829787234,0.06382978723404255,0.05673758865248227,0.014184397163120567,0.024822695035460994,0.16666666666666666,0.3333333333333333,0.0,0.5
RNCMPT00224_min,Q6NWB3,0,1.0,13.4,,67.1071,,4.988867282867432,,0.13,,,,,,,,,,,,,,,,,,,,,,,,,,,,,,,,,,,,,,,,,,,,,,,,,,,,,,,,,,,,,,,,,,,,,,,,,,,,,,,,,,,,,,,,,,,,,,,,,,,,,,,,,,,,,,,,,,,,,,,,,,,,,,,,,,,,,,,,,,,,,,,,,,,,,,,,,,,,,,,,,,,,,,,,,,,,,,,,,,,,,,,,,,,,,,,,,,,,,,,,,,,,,,,,,,,,,,,,,,,,,,,,,,,,,,,,,,,,,,,,,,,,,,,,,,,,,,,,,,,,,,,212,30,0.10377358490566038,0.0047169811320754715,0.07547169811320754,0.05188679245283019,0.05188679245283019,0.07075471698113207,0.02358490566037736,0.05660377358490566,0.06132075471698113,0.08018867924528301,0.02830188679245283,0.05660377358490566,0.07547169811320754,0.03773584905660377,0.0330188679245283,0.05660377358490566,0.03773584905660377,0.05188679245283019,0.0047169811320754715,0.03773584905660377,0.16666666666666666,0.3,0.36666666666666664,0.16666666666666666
4TZ0,P15424,1,,,,,,,,,,,,,,,,,,,,,,,,,,,,38.0,2.7394736842105267,0.3284192061442785,88.93637105263157,2.510016872658687,3.858329390224658,0.7830787265355053,0.1099999999999999,0.1685229954635271,,,,,,,,,,,,,,,,,,,,,,,,,,,,,,,,,,,,,,,,,,,,,,,,,,,,,,,,,,,,,,,,,,,,,,,,,,,,,,,,,,,,,,,,,,,,,,,,,,,,,,,,,,,,,,,,,,,,,,,,,,,,,,,,,,,,,,,,,,,,,,,,,,,,,,,,,,,,,,,,,,,,,,,,,,,,,,,,,,,,,,,,,,,,,,,,,,,,,,,,,,,,,,,,,,,,,,,,,,,,,,,,,,,,,,,,,,,508,7,0.05905511811023622,0.011811023622047244,0.06299212598425197,0.08464566929133858,0.051181102362204724,0.04133858267716536,0.01968503937007874,0.09448818897637795,0.10236220472440945,0.09251968503937008,0.015748031496062992,0.04330708661417323,0.03937007874015748,0.023622047244094488,0.051181102362204724,0.07086614173228346,0.045275590551181105,0.0688976377952756,0.0,0.021653543307086614,1.0,0.0,0.0,0.0
4W5N,Q9UKV8,1,,,,,,,,,,,,,,,,,,,,,,,,,,,,,,,,,,,,,,,,,,,,,,,,,,,,,,,,,,,,,,,,,,,,,,,,,,,,,,,,,,,,,,,,,,,,,,,,,,,,,,,,,,,,,,,,,,,,,,,,,,,,,,,,,,,,,,,,,,,,,,,,,,,,,,,,,,,,,,,,,,,,,,,,,,,,,,,,,,,,,,,,,,,,,,,,,,,,,,,,,,,,,,,,,,,,,,,,,,,,,,,,,,,,,,,,,,,,,,,,,,,,,,,,,,,,,,,,,,,,,,,,,,,,,,,806,18,0.05955334987593052,0.02729528535980149,0.04466501240694789,0.04838709677419355,0.04838709677419355,0.05583126550868486,0.03722084367245657,0.05831265508684864,0.06451612903225806,0.07320099255583126,0.02357320099255583,0.026054590570719603,0.062034739454094295,0.06575682382133995,0.06823821339950373,0.04590570719602978,0.06575682382133995,0.08560794044665013,0.007444168734491315,0.03225806451612903,0.2222222222222222,0.2777777777777778,0.05555555555555555,0.4444444444444444
4NH5,Q9UPY3,1,,,,,,,,,,,,,,,,,,,,,,,,,,,,,,,,,,,,,,,,,,,,,,,,,,,,,,,,,,,,,,,,,,,,,,,,,,,,,,,,,,,,,,,,,,,,,,,,,,,,,,,,,,,,,,,,,,,,,,,,,,,,,,,,,,,,,,,,,,,,,,,,,,,,,,,,,,,,,,,,,,,,,,,,,,,,,,,,,,,,,,,,,,,,,,,,,,,,,,,,,,,,,,,,,,,,,,,,,,,,,,,,,,,,,,,,,,,,,,,,,,,,,,,,,,,,,,,,,,,,,,,,,,,,,,,271,14,0.04428044280442804,0.02214022140221402,0.04797047970479705,0.06273062730627306,0.04797047970479705,0.01845018450184502,0.02952029520295203,0.07011070110701106,0.05904059040590406,0.12915129151291513,0.014760147601476014,0.033210332103321034,0.08487084870848709,0.033210332103321034,0.05904059040590406,0.055350553505535055,0.07011070110701106,0.05166051660516605,0.007380073800738007,0.05904059040590406,0.14285714285714285,0.21428571428571427,0.21428571428571427,0.42857142857142855
1KUQ,P80378,1,,,,,,,,,,,,,,,,,,,,,,,,,,,,,,,,,,,,,,,,,,,,,,,,,,,,,,,,,,,,,,,,,,,,,,,,,,,,,,,,,,,,,,,,,,,,,,,,,,,,,,,,,,,,,,,,,,,,,,,,,,,,,,,,,,,,,,,,,,,,,,,,,,,,,,,,,,,,,,,,,,,,,,,,,,,,,,,,,,,,,,,,,,,,,,,,,,,,,,,,,,,,,,,,,,,,,,,,,,,,,,,,,,,,,,,,,,,,,,,,,,,,,,,,,,,,,,,,,,,,,,,,,,,,,,,84,57,0.03571428571428571,0.011904761904761904,0.03571428571428571,0.09523809523809523,0.023809523809523808,0.05952380952380952,0.05952380952380952,0.047619047619047616,0.08333333333333333,0.14285714285714285,0.023809523809523808,0.011904761904761904,0.023809523809523808,0.05952380952380952,0.13095238095238096,0.03571428571428571,0.03571428571428571,0.05952380952380952,0.0,0.023809523809523808,0.10526315789473684,0.2982456140350877,0.42105263157894735,0.17543859649122806
RNCMPT00040_min,A0A0R1EAS8,0,,,,,,,,,,,,,,,,,,,,,,,,,,,,,,,,,,,,,,,,,,,,,,,,,,,,,,,,,,,,,,,,2.0,16.975,0.1767766952966369,63.8802,0.9002883538067142,4.275232553482056,0.2249060360725612,0.155,0.0494974746830583,,,,,,,,,,,,,,,,,,,,,,,,,,,,3.0,17.766666666666666,0.5507570547286098,65.2336,0.6479781477796933,3.892190376917521,1.1119419977301352,0.1,0.0458257569495584,,,,,,,,,,,,,,,,,,,,,,,,,,,,,,,,,,,,,,,,,,,,,,,,,,,,,,,,,,,,,,,,,,,,,,,,,,,,,,,,,,,,,,,,,,,,,,,,,,,,,,,,,,,,,,,,,,,,,,,,,,,,,,,,,,,,,,,,,,,,,,,,,,,,,,,,,,,,,,,,,,,100,35,0.08,0.02,0.04,0.09,0.07,0.05,0.03,0.03,0.12,0.01,0.02,0.04,0.05,0.07,0.05,0.03,0.08,0.11,0.0,0.01,0.2857142857142857,0.4,0.11428571428571428,0.2
RNCMPT00161_min,P51114,0,,,,,,,,,,,,,,,,,,,,,,,,,,,,,,,,,,,,,,,,,,,,,,,,,,,,,,,,,,,,,,,,,,,,,,,,,,,,,,,,,,,,,,,,,,,,,,,,,,,,,,,,,,,,,,,,,,,,,,,,,,,,,,,,,,,,,,,,,,,,,,,,,,,,,,,,,,,,,,,,,,,,,,,,,,,,,,,,,,,,,,,,,,,,,,,,,,,,,,,,,,,,,,,,,,,,,,,,,,,,,,,,,,,,,,,,,,,,,,,,,,,,,,,,,,,,,,,,,,,,,,,,,,,,,,,232,30,0.05603448275862069,0.004310344827586207,0.04310344827586207,0.09482758620689655,0.034482758620689655,0.09482758620689655,0.021551724137931036,0.06896551724137931,0.0603448275862069,0.08189655172413793,0.02586206896551724,0.03879310344827586,0.021551724137931036,0.04310344827586207,0.08620689655172414,0.05603448275862069,0.04741379310344827,0.09482758620689655,0.0,0.02586206896551724,0.2,0.4,0.3,0.1
5YTS,P67809,1,,,,,,,,,,,,,,,,,,,,,,,,,,,,,,,,,,,,,,,,,,,,,,,,,,,,,,,,,,,,,,,,,,,,,,,,,,,,,,,,,,,,,,,,,,,,,,,,,,,,,,,,,,,,,,,,,,,,,,,,,,,,,,,,,,,,,,,,,,,,,,,,,,,,,,,,,,,,,,,,,,,,,,,,,,,,,,,,,,,,,,,,,,,,,,,,,,,,,,,,,,,,,,,,,,,,,,,,,,,,,,,,,,,,,,,,,,,,,,,,,,,,,,,,,,,,,,,,,,,,,,,,,,,,,,,74,4,0.06756756756756757,0.0,0.05405405405405406,0.08108108108108109,0.05405405405405406,0.12162162162162163,0.013513513513513514,0.04054054054054054,0.12162162162162163,0.02702702702702703,0.0,0.06756756756756757,0.013513513513513514,0.013513513513513514,0.04054054054054054,0.013513513513513514,0.08108108108108109,0.14864864864864866,0.013513513513513514,0.02702702702702703,0.0,0.5,0.0,0.5
RNCMPT00246_min,Q7ZVK5,0,,,,,,,,,,,,,,,,,,,,,,,,,,,,,,,,,,,,,,,,,,,,,,,,,,,,,,,,,,,,,,,,,,,,,,,,,,,,,,,,,,,,,,,,,,,,,,,,,,,,,,,,,,,,,,,,,,,,,,,,,,,,,,,,,,,,,,,,,,,,,,,,,,,,,,,,,,,,,,,,,,,,,,,,,,,,,,,,,,,,,,,,,,,,,,,,,,,,,,,,,,,,,,,,,,,,,,,,,,,,,,,,,,,,,,,,,,,,,,,,,,,,,,,,,,,,,,,,,,,,,,,,,,,,,,,318,38,0.0880503144654088,0.018867924528301886,0.0220125786163522,0.06289308176100629,0.015723270440251572,0.10062893081761007,0.012578616352201259,0.11006289308176101,0.05345911949685535,0.06289308176100629,0.03459119496855346,0.031446540880503145,0.0660377358490566,0.05345911949685535,0.03773584905660377,0.10377358490566038,0.06289308176100629,0.05345911949685535,0.0,0.009433962264150943,0.3157894736842105,0.07894736842105263,0.4473684210526316,0.15789473684210525
3QGB,Q09312,1,,,,,,,,,,,,,,,,,,,7.0,1.3142857142857145,0.1796159925004027,96.64771428571429,1.0180224480638485,3.605659365653992,1.0531247721885717,0.8928571428571429,0.1123557275968142,,,,,,,,,,,,,,,,,,,,,,,,,,,,,,,,,,,,,,,,,,,,,,,,,,,,,,,,,,,,,,,,,,,,,,,,,,,,,,,,,,,,,,,,,,,,,,,,,,,,,,,,,,,,,,,,,,,,,,,,,,,,,,,,,,,,,,,,,,,,,,,,,,,,,,,,,,,,,,,,,,,,,,,,,,,,,,,,,,,,,,,,,,,,,,7.0,1.55,0.1080123449734643,95.56635714285714,0.9480559386751112,3.352076019559588,0.3421139359006561,0.7128571428571429,0.4235451288711466,,,,,,,,,,2.0,1.15,0.3535533905932737,97.39065,1.2054049298886993,3.106272459030152,0.0644529837915876,0.975,0.0212132034355964,,,,,,,,,,,,,,,,,,,,,,,,,,,,400,9,0.065,0.0325,0.0675,0.0525,0.0425,0.04,0.025,0.0625,0.065,0.1125,0.035,0.045,0.0175,0.0575,0.0525,0.0775,0.0475,0.0675,0.0075,0.0275,0.2222222222222222,0.2222222222222222,0.2222222222222222,0.3333333333333333
2ANN,Q9JKN6,1,,,,,,,,,,,,,,,,,,,,,,,,,,,,,,,,,,,,,,,,,,,,,,,,,,,,,,,,,,,,,,,,,,,,,,,,,,,,,,,,,,,,,,,,,,,,,,,,,,,,,,,,,,,,,,,,,,,,,,,,,,,,,,,,,,,,,,,,,,,,,,,,,,,,,,,,,,,,,,,,,,,,,,,,,,,,,,,,,,,,,,,,,,,,,,,,,,,,,,,,,,,,,,,,,,,,,,,,,,,,,,,,,,,,,,,,,,,,,,,,,,,,,,,,,,,,,,,,,,,,,,,,,,,,,,,148,23,0.08108108108108109,0.006756756756756757,0.02027027027027027,0.06756756756756757,0.02027027027027027,0.10135135135135136,0.006756756756756757,0.11486486486486487,0.08108108108108109,0.060810810810810814,0.013513513513513514,0.033783783783783786,0.0472972972972973,0.08108108108108109,0.033783783783783786,0.060810810810810814,0.060810810810810814,0.08108108108108109,0.006756756756756757,0.02027027027027027,0.21739130434782608,0.391304347826087,0.30434782608695654,0.08695652173913043
RNCMPT00067_min,Q13242,0,,,,,,,,,,,,,,,,,,,,,,,,,,,,,,,,,,,,,,,,,,,,,,,,,,,,,,,,,,,,,,,,,,,,,,,,,,,,,,,,,,,,,,,,,,,,,,,,,,,,,,,,,,,,,,,,,,,,,,,,,,,,,,,,,,,,,,,,,,,,,,,,,,,,,,,,,,,,,,,,,,,,,,,,,,,,,,,,,,,,,,,,,,,,,,,,,,,,,,,,,,,,,,,,,,,,,,,,,,,,,,,,,,,,,,,,,,,,,,,,,,,,,,,,,,,,,,,,,,,,,,,,,,,,,,,221,35,0.03167420814479638,0.00904977375565611,0.08597285067873303,0.07239819004524888,0.04072398190045249,0.12669683257918551,0.01809954751131222,0.02262443438914027,0.03619909502262444,0.05429864253393665,0.01809954751131222,0.01809954751131222,0.06334841628959276,0.01809954751131222,0.13574660633484162,0.07692307692307693,0.027149321266968326,0.05429864253393665,0.013574660633484163,0.07692307692307693,0.37142857142857144,0.2571428571428571,0.2571428571428571,0.11428571428571428
RNCMPT00132_min,A2RVE5,0,1.0,9.4,,67.2079,,4.051527976989746,,0.05,,,,,,,,,,,,,,,,,,,,,,,,,,,,,,,,,,,,,,,,,,,,,,,,,,,,,,,,,,,,,,,,,,,,,,,,,,,,,,,,,,,,,,,,,,,,2.0,9.35,1.4142135623730951,76.08179999999999,5.082683543168906,3.474951267242432,0.0705008879655066,0.345,0.2474873734152916,,,,,,,,,,4.0,8.7125,1.0379266191146008,74.49015,4.012700434453918,4.344687223434448,0.4071031739465263,0.345,0.2469142901224363,,,,,,,,,,,,,,,,,,,,,,,,,,,,,,,,,,,,,,,,,,,,,,,,,,,,,,,,,,,,,,,,,,,,,,,,,,,,,,,,,,,,,,,,,,,,,,,,,,,,,,,,,,,,,,,,,,,,,,,,,,,,,,,,,,,,,,,,,,,,,,,,,383,35,0.10704960835509138,0.010443864229765013,0.031331592689295036,0.04177545691906005,0.0391644908616188,0.07049608355091384,0.005221932114882507,0.06005221932114883,0.05483028720626632,0.06788511749347259,0.013054830287206266,0.13577023498694518,0.04177545691906005,0.044386422976501305,0.03655352480417755,0.0835509138381201,0.06788511749347259,0.05483028720626632,0.005221932114882507,0.028720626631853787,0.2571428571428571,0.17142857142857143,0.34285714285714286,0.22857142857142856
RNCMPT00263_min,A0A1Y5IKC4,0,2.0,5.074999999999999,0.0353553390593272,73.1311,5.506523347812124,3.205101490020752,0.6474227975976645,0.045,0.0212132034355964,,,,,,,,,,,,,,,,,,,,,,,,,,,,,,,,,,,,,,,,,,,,,,,,,,,,,,,3.0,4.083333333333333,0.3511884584284247,82.40499999999999,1.5044785375670853,3.447154442469279,0.3911984985428108,0.3733333333333333,0.2973774257292126,,,,,,,,,,,,,,,,,,,,,,,,,,,,2.0,4.425000000000001,0.388908729652601,82.34085,1.0751558607941445,3.3092700242996216,0.3167849857145519,0.525,0.1767766952966369,7.0,5.014285714285714,1.178174536346478,75.91904285714286,2.993841985285321,3.661697489874704,0.930383368068626,0.2157142857142857,0.2180869201990453,,,,,,,,,,,,,,,,,,,,,,,,,,,,,,,,,,,,,,,,,,,,,,,,,,,,,,,,,,,,,,,,,,,,,,,,,,,,,,,,,,,,,,,,,,,,,,,,,,,,,,,,,,,,,,,,,,,,,,,,,,,,,,,,,,,,,,,,,,,,,,,,,,,,,,,,,,210,30,0.08095238095238096,0.004761904761904762,0.09523809523809523,0.09047619047619047,0.047619047619047616,0.10952380952380952,0.004761904761904762,0.009523809523809525,0.014285714285714285,0.05714285714285714,0.03333333333333333,0.04285714285714286,0.009523809523809525,0.047619047619047616,0.11904761904761904,0.0761904761904762,0.0380952380952381,0.09523809523809523,0.009523809523809525,0.014285714285714285,0.3,0.3,0.2,0.2
RNCMPT00283_min,A8KBR7,0,,,,,,,,,,,,,,,,,,,,,,,,,,,,,,,,,,,,,,,,,,,,,,,,,,,,,,,,,,,,,,,,,,,,,,,,,,,,,,,,,,,,,,,,,,,,,,,,,,,,,,,,,,,,,,,,,,,,,,,,,,,,,,,,,,,,,,,,,,,,,,,,,,,,,,,,,,,,,,,,,,,,,,,,,,,,,,,,,,,,,,,,,,,,,,,,,,,,,,,,,,,,,,,,,,,,,,,,,,,,,,,,,,,,,,,,,,,,,,,,,,,,,,,,,,,,,,,,,,,,,,,,,,,,,,,145,38,0.06206896551724138,0.006896551724137931,0.05517241379310345,0.027586206896551724,0.041379310344827586,0.08275862068965517,0.020689655172413793,0.04827586206896552,0.05517241379310345,0.07586206896551724,0.027586206896551724,0.027586206896551724,0.06896551724137931,0.06896551724137931,0.04827586206896552,0.05517241379310345,0.09655172413793103,0.06896551724137931,0.0,0.06206896551724138,0.34210526315789475,0.21052631578947367,0.34210526315789475,0.10526315789473684
RNCMPT00008_min,Q9VKX1,0,9.0,4.683333333333334,1.528479636763277,78.72519999999999,4.450926538373778,3.875722779168023,0.9645561042459868,0.2533333333333333,0.16393596310755,,,,,,,,,,,,,,,,,,,,,,,,,,,,6.0,15.783333333333331,0.8158839786799745,58.5268,0.855178669051093,3.66299037138621,0.7311928037796058,0.0133333333333333,0.0051639777949432,,,,,,,,,,,,,,,,,,,,,,,,,,,,,,,,,,,,,,,,,,,,,,,,,,,,,,,,,,,,,,,,,,,,,,,,,,,,,,,,,,,,,,,,,,,,,,,,,,,,,,,,,,,,,,,,,,,,,,,,,,,,,,,,,,,,,,,,,,,,,,,,,,,,,,,,,,,,,,,,,,,,,,,,,,,,,,,,,,,,,,,,,,,,,,,,,,,,,,,,,,,,,,,,,,,,,,,,,,,,,,,,,,177,35,0.062146892655367235,0.01694915254237288,0.04519774011299435,0.062146892655367235,0.03389830508474576,0.05649717514124294,0.03954802259887006,0.05084745762711865,0.1016949152542373,0.06779661016949153,0.02824858757062147,0.05649717514124294,0.05084745762711865,0.06779661016949153,0.04519774011299435,0.05649717514124294,0.04519774011299435,0.06779661016949153,0.0,0.04519774011299435,0.2571428571428571,0.14285714285714285,0.5142857142857142,0.08571428571428572
4D26,O01378,1,,,,,,,,,,,,,,,,,,,,,,,,,,,,,,,,,,,,,,,,,,,,,,,,,,,,,,,,,,,,,,,,,,,,,,,,,,,,,,,,,,,,,,,,,,,,,,,,,,,,,,,,,,,,,,,,,,,,,,,,,,,,,,,,,,,,,,,,,,,,,,,,,,,,,,,,,,,,,,,,,,,,,,,,,,,,,,,,,,,,,,,,,,,,,,,,,,,,,,,,,,,,,,,,,,,,,,,,,,,,,,,,,,,,,,,,,,,,,,,,,,,,,,,,,,,,,,,,,,,,,,,,,,,,,,,430,6,0.07209302325581396,0.011627906976744186,0.06279069767441861,0.05581395348837209,0.04883720930232558,0.06744186046511629,0.020930232558139535,0.07441860465116279,0.05581395348837209,0.08139534883720931,0.027906976744186046,0.046511627906976744,0.044186046511627906,0.044186046511627906,0.06046511627906977,0.06279069767441861,0.053488372093023255,0.08604651162790698,0.0,0.023255813953488372,0.3333333333333333,0.16666666666666666,0.16666666666666666,0.3333333333333333
3Q0Q,Q8TB72,1,,,,,,,,,,,,,,,,,,,7.0,1.107142857142857,0.0786795792469442,96.60392857142855,1.01867993781869,3.5240518024989536,0.613924198866858,0.8071428571428572,0.3621102173700841,,,,,,,,,,,,,,,,,,,,,,,,,,,,,,,,,,,,,,,,,,,,,,,,,,,,,,,,,,,,,,,,,,,,,,,,,,,,,,,,,,,,,,,,,,,,,,,,,,,,,,,,,,,,,,,,,,,,,,,,,,,,,,,,,,,,,,,,,,,,,,,,,,,,,,,,,,,,,,,,,,,,,,,,,,,,,,,,,,,,,,,,,,,,,,7.0,1.4928571428571429,0.2572750982712399,92.89644285714284,1.8716554266719263,3.3652550152369907,0.753918578907025,0.8371428571428572,0.3534456245645283,7.0,1.092857142857143,0.0886405260427918,96.404,0.9463919431187044,3.383370433534895,0.6102964773406987,0.6814285714285715,0.3994341235393128,,,,,,,,,,,,,,,,,,,,,,,,,,,,,,,,,,,,,343,8,0.05830903790087463,0.026239067055393587,0.043731778425655975,0.06705539358600583,0.037900874635568516,0.04664723032069971,0.04956268221574344,0.0728862973760933,0.0641399416909621,0.09620991253644315,0.026239067055393587,0.03206997084548105,0.029154518950437316,0.09329446064139942,0.05830903790087463,0.04664723032069971,0.03498542274052478,0.07871720116618076,0.0,0.037900874635568516,0.5,0.0,0.125,0.375
RNCMPT00182_min,D5MCR3,0,,,,,,,,,,,,,,,,,,,,,,,,,,,,,,,,,,,,,,,,,,,,,,3.0,8.500000000000002,0.5196152422706635,72.03053333333334,1.2221175120802903,3.685166358947754,0.6220853698366171,0.0933333333333333,0.0680685928555404,,,,,,,,,,,,,,,,,,,,,,,,,,,,,,,,,,,,,,,,,,,,,,,,,,,,,,,,,,,,,,,,,,,,,,,,,,,,,,,,,,,,,,,,,,,,,,,,,,,,,,,,,,,,,,,,,,,,,,,,,,,,,,,,,,,,,,,,,,,,,,,,,,,,,,,,,,,,,,,,,,,,,,,,,,,,,,,,,,,,,,,,,,,,,,,,,,,,,,,,,,,,,,,,,,,,,,,,,476,38,0.06932773109243698,0.008403361344537815,0.03991596638655462,0.025210084033613446,0.0273109243697479,0.09243697478991597,0.052521008403361345,0.029411764705882353,0.03361344537815126,0.06932773109243698,0.037815126050420166,0.07563025210084033,0.07142857142857142,0.12815126050420167,0.037815126050420166,0.0861344537815126,0.04201680672268908,0.03361344537815126,0.0,0.03991596638655462,0.21052631578947367,0.39473684210526316,0.2631578947368421,0.13157894736842105
RNCMPT00172_min,O00425,0,,,,,,,,,,,,,,,,,,,,,,,,,,,,,,,,,,,,,,,,,,,,,,,,,,,,,,,,,,,,,,,,,,,,,,,,,,,,,,,,,,,,,,,,,,,,,,,,,,,,,,,,,,,,,,,,,,,,,,,,,,,,,,,,,,,,,,,,,,,,,,,,,,,,,,,,,,,,,,,,,,,,,,,,,,,,,,,,,,,,,,,,,,,,,,,,,,,,,,,,,,,,,,,,,,,,,,,,,,,,,,,,,,,,,,,,,,,,,,,,,,,,,,,,,,,,,,,,,,,,,,,,,,,,,,,579,38,0.07772020725388601,0.010362694300518135,0.03281519861830743,0.07772020725388601,0.027633851468048358,0.06735751295336788,0.02072538860103627,0.07944732297063903,0.08117443868739206,0.07772020725388601,0.013816925734024179,0.04145077720207254,0.07081174438687392,0.07253886010362694,0.044905008635578586,0.06563039723661486,0.05181347150259067,0.06563039723661486,0.0034542314335060447,0.017271157167530225,0.2631578947368421,0.3157894736842105,0.18421052631578946,0.23684210526315788
RNCMPT00219_min,C9ZWE9,0,,,,,,,,,,,,,,,,,,,,,,,,,,,,,,,,,,,,,,,,,,,,,,,,,,,,,,,13.0,10.623076923076924,0.8378084965689215,76.20656923076923,3.5582045220365064,3.510862643902118,0.807180073576919,0.1799999999999999,0.1404753833713698,,,,,,,,,,,,,,,,,,,,,,,,,,,,,,,,,,,,,,,,,,,,,,,,,,,,,,,,,,,,,,,,,,,,,,,,,,,,,,,,,,,,,,,,,,,,,,,,,,,,,,,,,,,,,,,,,,,,,,,,,,,,,,,,,,,,,,,,,,,,,,,,,,,,,,,,,,,,,,,,,,,,,,,,,,,,,,,,,,,,,,,,,,,,,,,,,,,,,,,,,,,,,,,,262,35,0.09541984732824428,0.022900763358778626,0.04961832061068702,0.04580152671755725,0.03816793893129771,0.0648854961832061,0.04580152671755725,0.04198473282442748,0.061068702290076333,0.05725190839694656,0.011450381679389313,0.03816793893129771,0.05725190839694656,0.04961832061068702,0.05725190839694656,0.10305343511450382,0.06870229007633588,0.07633587786259542,0.003816793893129771,0.011450381679389313,0.2571428571428571,0.22857142857142856,0.4,0.11428571428571428
RNCMPT00229_min,A0A7I4FNM6,0,,,,,,,,,,,,,,,,,,,,,,,,,,,,,,,,,,,,,,,,,,,,,,3.0,13.883333333333336,1.0408329997330663,65.02603333333333,1.1286162427208517,2.834186553955078,0.6763363218131915,0.1233333333333333,0.17925772879665,,,,,,,,,,,,,,,,,,,,,,,,,,,,,,,,,,,,,,,,,,,,,,,,,,,,,,,,,,,,,,,,,,,,,,,,,,,,,,,,,,,,,,,,,,,,,,,,,,,,,,,,,,,,,,,,,,,,,,,,,,,,,,,,,,,,,,,,,,,,,,,,,,,,,,,,,,,,,,,,,,,,,,,,,,,,,,,,,,,,,,,,,,,,,,,,,,,,,,,,,,,,,,,,,,,,,,,,,337,35,0.08902077151335312,0.008902077151335312,0.04451038575667656,0.05637982195845697,0.04451038575667656,0.10682492581602374,0.02373887240356083,0.026706231454005934,0.03857566765578635,0.04451038575667656,0.020771513353115726,0.04747774480712166,0.0712166172106825,0.0712166172106825,0.050445103857566766,0.050445103857566766,0.05637982195845697,0.0771513353115727,0.017804154302670624,0.05341246290801187,0.34285714285714286,0.2571428571428571,0.2571428571428571,0.14285714285714285
RNCMPT00012_min,Q7Z5Q1,0,,,,,,,,,,,,,,,,,,,,,,,,,,,,,,,,,,,,,,,,,,,,,,,,,,,,,,,,,,,,,,,,,,,,,,,,,,,,,,,,,,,,,,,,,,,,,,,,,,,,,,,,,,,,,,,,,,,,,,,,,,,,,,,,,,,,,,,,,,,,,,,,,,,,,,,,,,,,,,,,,,,,,,,,,,,,,,,,,,,,,,,,,,,,,,,,,,,,,,,,,,,,,,,,,,,,,,,,,,,,,,,,,,,,,,,,,,,,,,,,,,,,,,,,,,,,,,,,,,,,,,,,,,,,,,,273,35,0.06227106227106227,0.03663003663003663,0.08791208791208792,0.05128205128205128,0.05860805860805861,0.08058608058608059,0.014652014652014652,0.05128205128205128,0.047619047619047616,0.08424908424908426,0.018315018315018316,0.02197802197802198,0.0695970695970696,0.047619047619047616,0.054945054945054944,0.0695970695970696,0.02197802197802198,0.07326007326007326,0.007326007326007326,0.040293040293040296,0.2,0.17142857142857143,0.42857142857142855,0.2
1SJ4,P09012,1,,,,,,,,,,,,,,,,,,,,,,,,,,,,,,,,,,,,,,,,,,,,,,,,,,,,,,,11.0,1.431818181818182,0.9607998561804452,96.47087272727272,2.639449506655092,3.7158008488741783,0.6300510205996257,0.5654545454545455,0.4522690269378091,,,,,,,,,,,,,,,,,,,,,,,,,,,,,,,,,,,,,,,,,,,,,,,,,,,,,,,,,,,,,,,,5.0,1.23,0.1095445115010331,97.0702,0.9258673366093028,4.12660846710205,0.8881088930219313,0.548,0.5023644095673976,,,,,,,,,,11.0,1.122727272727273,0.0786245393106896,97.57320909090907,1.232566616824052,3.3741161823272705,0.7506550589322835,0.5390909090909092,0.4463732641064997,,,,,,,,,,,,,,,,,,,,,,,,,,,,,,,,,,,,,,,,,,,,,,,,,,,,,,,,,,,,,,,,,,,,,,,,,,,,,,,,,,,,,,,,,,,,,,,,,,,,,,,,,,,,,,,,,,,,,,95,73,0.06315789473684211,0.0,0.05263157894736842,0.042105263157894736,0.06315789473684211,0.031578947368421054,0.021052631578947368,0.10526315789473684,0.11578947368421053,0.07368421052631578,0.042105263157894736,0.05263157894736842,0.042105263157894736,0.042105263157894736,0.06315789473684211,0.08421052631578947,0.042105263157894736,0.031578947368421054,0.0,0.031578947368421054,0.136986301369863,0.3424657534246575,0.3424657534246575,0.1780821917808219
RNCMPT00120_min,Q9VYI0,0,,,,,,,,,,,,,,,,,,,,,,,,,,,,,,,,,,,,,,,,,,,,,,,,,,,,,,,,,,,,,,,,,,,,,,,,,,,,,,,,,,,,,,,,,,,,,,,,,,,,2.0,9.575,0.1767766952966369,71.81105,3.1840311250049025,3.190916895866394,0.7071605605652471,0.4649999999999999,0.2474873734152916,,,,,,,,,,2.0,10.425,0.0353553390593266,74.46135,0.6296785886466226,4.209194779396057,0.4115412164106843,0.29,0.3818376618407357,,,,,,,,,,,,,,,,,,,8.0,2.23125,0.3555051737618295,86.134725,2.0539786532135995,3.3421534597873688,0.867949470785755,0.53625,0.428650290363335,,,,,,,,,,,,,,,,,,,,,,,,,,,,,,,,,,,,,,,,,,,,,,,,,,,,,,,,,,,,,,,,,,,,,,,,,,,,,,,,,,,,,,,,,,,,,,,,,,,,,,,,,,,,,,,,,,,,,,356,30,0.09269662921348315,0.011235955056179775,0.03089887640449438,0.047752808988764044,0.03651685393258427,0.08426966292134831,0.0,0.05056179775280899,0.056179775280898875,0.10112359550561797,0.019662921348314606,0.07865168539325842,0.047752808988764044,0.0449438202247191,0.0449438202247191,0.08707865168539326,0.06179775280898876,0.06741573033707865,0.0056179775280898875,0.03089887640449438,0.23333333333333334,0.3,0.3333333333333333,0.13333333333333333
RNCMPT00090_min,O75494,0,,,,,,,,,,,,,,,,,,,,,,,,,,,,,,,,,,,,,,,,,,,,,,,,,,,,,,,,,,,,,,,,,,,,,,,,,,,,,,,,,,,,,,,,,,,,,,,,,,,,,,,,,,,,,,,,,,,,,,,,,,,,,,,,,,,,,,,,,,,,,,,,,,,,,,,,,,,,,,,,,,,,,,,,,,,,,,,,,,,,,,,,,,,,,,,,,,,,,,,,,,,,,,,,,,,,,,,,,,,,,,,,,,,,,,,,,,,,,,,,,,,,,,,,,,,,,,,,,,,,,,,,,,,,,,,92,30,0.05434782608695652,0.010869565217391304,0.10869565217391304,0.05434782608695652,0.06521739130434782,0.05434782608695652,0.010869565217391304,0.043478260869565216,0.021739130434782608,0.06521739130434782,0.010869565217391304,0.03260869565217391,0.05434782608695652,0.043478260869565216,0.15217391304347827,0.03260869565217391,0.043478260869565216,0.07608695652173914,0.010869565217391304,0.05434782608695652,0.2,0.3,0.3333333333333333,0.16666666666666666
RNCMPT00043_min,Q13310,0,3.0,8.716666666666667,1.0750968948580095,63.08063333333333,1.4641766878807094,3.516263802846273,0.5641127440602698,0.1533333333333333,0.0568624070307732,,,,,,,,,,,,,,,,,,,,,,,,,,,,,,,,,,,,,,,,,,,,,,,,,,,,,,,,,,,,,,,,16.0,10.83125,1.2709412522483745,70.08425,1.221957870523093,3.477829404175281,0.7923137999681393,0.019375,0.0187860764042592,,,,,,,,,,,,,,,,,,,,,,,,,,,,,,,,,,,,,5.0,14.21,5.931631310187781,69.33788,5.536334569189257,2.5433794260025024,1.0491899281380976,0.086,0.0279284800875378,,,,,,,,,,,,,,,,,,,,,,,,,,,,,,,,,,,,,,,,,,,,,,,,,,,,,,,,,,,,,,,,,,,,,,,,,,,,,,,,,,,,,,,,,,,,,,,,,,,,,,,,,,,,,,,,,,,,,,,,,,,,,,,,,,,,,,,,,,,,,,,,,414,39,0.08695652173913043,0.00966183574879227,0.05314009661835749,0.07729468599033816,0.06038647342995169,0.07246376811594203,0.00966183574879227,0.04589371980676329,0.0966183574879227,0.06521739130434782,0.033816425120772944,0.050724637681159424,0.033816425120772944,0.036231884057971016,0.06038647342995169,0.07004830917874397,0.028985507246376812,0.07246376811594203,0.0024154589371980675,0.033816425120772944,0.10256410256410256,0.1282051282051282,0.38461538461538464,0.38461538461538464
2XZO,Q92900,1,,,,,,,,,,,,,,,,,,,,,,,,,,,,,,,,,,,,,,,,,,,,,,,,,,,,,,,,,,,,,,,,,,,,,,,,,30.0,3.778333333333333,1.1349983543458624,82.35087,5.666240690881388,3.90043716430664,0.6491900335161604,0.1846666666666666,0.2896339346346591,10.0,5.31,0.5975877434411713,77.58511999999999,3.5956710694327376,3.135865241289139,1.1387166484038829,0.327,0.4222703188980042,13.0,4.434615384615385,0.3625055260409922,80.81564615384615,3.6764496795176784,3.736862622774564,0.8658016798211793,0.2123076923076922,0.3362329015765175,,,,,,,,,,,,,,,,,,,,,,,,,,,,,,,,,,,,,,,,,,,,,,,,,,,,,,,,,,,,,,,,,,,,,,,,,,,,,,,,,,,,,,,,,,,,,,,,,,,,7.0,3.735714285714285,0.3472682509174112,82.01615714285715,2.0198665515797023,3.833418369293213,0.7035748743351222,0.1642857142857142,0.3153229636873462,,,,,,,,,,,,,,,,,,,,,,,,,,,,,,,,,,,,,,,,,,,,,,,,,,,,,,,,,,,,,,,,613,7,0.0701468189233279,0.01794453507340946,0.04730831973898858,0.05546492659053834,0.03425774877650897,0.06525285481239804,0.022838499184339316,0.057096247960848286,0.06688417618270799,0.10603588907014681,0.021207177814029365,0.037520391517128875,0.048939641109298535,0.06688417618270799,0.053833605220228384,0.05872756933115824,0.04567699836867863,0.07830342577487764,0.008156606851549755,0.037520391517128875,0.0,0.0,0.0,1.0
RNCMPT00202_min,A0A024X819,0,,,,,,,,,,,,,,,,,,,,,,,,,,,,,,,,,,,,,,,,,,,,,,,,,,,,,,,,,,,,,,,,,,,,,,,,,,,,,,,,,,,,,,,,,,,,,,,,,,,,,,,,,,,,,,,,,,,,,,,,,,,,,,,,,,,,,,,,,,,,,,,,,,,,,,,,,,,,,,,,,,,,,,,,,,,,,,,,,,,,,,,,,,,,,,,,,,,,,,,,,,,,,,,,,,,,,,,,,,,,,,,,,,,,,,,,,,,,,,,,,,,,,,,,,,,,,,,,,,,,,,,,,,,,,,,289,38,0.03806228373702422,0.006920415224913495,0.05536332179930796,0.04844290657439446,0.04152249134948097,0.02768166089965398,0.01730103806228374,0.10726643598615918,0.11418685121107267,0.04498269896193772,0.04498269896193772,0.17993079584775087,0.03460207612456748,0.02422145328719723,0.01730103806228374,0.04844290657439446,0.05536332179930796,0.03806228373702422,0.0,0.05536332179930796,0.3684210526315789,0.23684210526315788,0.23684210526315788,0.15789473684210525
6KUG,P67809,1,,,,,,,,,,,,,,,,,,,,,,,,,,,,,,,,,,,,,,,,,,,,,,,,,,,,,,,,,,,,,,,,,,,,,,,,,,,,,,,,,,,,,,,,,,,,,,,,,,,,,,,,,,,,,,,,,,,,,,,,,,,,,,,,,,,,,,,,,,,,,,,,,,,,,,,,,,,,,,,,,,,,,,,,,,,,,,,,,,,,,,,,,,,,,,,,,,,,,,,,,,,,,,,,,,,,,,,,,,,,,,,,,,,,,,,,,,,,,,,,,,,,,,,,,,,,,,,,,,,,,,,,,,,,,,,73,4,0.0684931506849315,0.0,0.0547945205479452,0.0821917808219178,0.0547945205479452,0.1232876712328767,0.0136986301369863,0.0410958904109589,0.1095890410958904,0.0273972602739726,0.0,0.0684931506849315,0.0136986301369863,0.0136986301369863,0.0410958904109589,0.0136986301369863,0.0821917808219178,0.1506849315068493,0.0136986301369863,0.0273972602739726,0.0,0.5,0.25,0.25
2DR9,O28126,1,,,,,,,,,,,,,,,,,,,,,,,,,,,,,,,,,,,,,,,,,,,,,,,,,,,,,,,,,,,,,,,,,,,,,,,,,,,,,,,,,,,,,,,,,,,,,,,,,,,,,,,,,,,,,,,,,,,,,,,,,,,,,,,,,,,,,,,,11.0,1.0636363636363635,0.185864075456917,98.0835909090909,1.1193384559234496,3.6618638688867744,0.570279796780779,0.4845454545454545,0.4975211279204861,,,,,,,,,,,,,,,,,,,,,,,,,,,,,,,,,,,,,,,,,,,,,,,,,,,,,,,,,,,,,,,,4.0,0.9875,0.0853912563829966,98.406775,0.1898894656548,3.3146421909332275,0.4805333425023053,0.245,0.4833563212924119,,,,,,,,,,,,,,,,,,,,,,,,,,,,,,,,,,,,,,,,,,,,,,,,,,,,,,,437,34,0.05263157894736842,0.013729977116704805,0.034324942791762014,0.14187643020594964,0.07322654462242563,0.06178489702517163,0.018306636155606407,0.04576659038901602,0.08237986270022883,0.08924485125858124,0.016018306636155607,0.032036613272311214,0.041189931350114416,0.006864988558352402,0.09153318077803203,0.041189931350114416,0.02517162471395881,0.08695652173913043,0.013729977116704805,0.032036613272311214,0.058823529411764705,0.4117647058823529,0.38235294117647056,0.14705882352941177
RNCMPT00251_min,Q387F5,0,,,,,,,,,,,,,,,,,,,,,,,,,,,,,,,,,,,,,,,,,,,,,,,,,,,,,,,,,,,,,,,,,,,,,,,,,,,,,,,,,,,,,,,,,,,,,,,,,,,,,,,,,,,,,,,,,,,,,,,,,,,,,,,,,,,,,,,,,,,,,,,,,,,,,,,,,,,,,,,,,,,,,,,,,,,,,,,,,,,,,,,,,,,,,,,,,,,,,,,,,,,,,,,,,,,,,,,,,,,,,,,,,,,,,,,,,,,,,,,,,,,,,,,,,,,,,,,,,,,,,,,,,,,,,,,457,30,0.10284463894967177,0.030634573304157548,0.05470459518599562,0.04814004376367615,0.0525164113785558,0.06783369803063458,0.024070021881838075,0.0437636761487965,0.030634573304157548,0.09190371991247265,0.028446389496717725,0.03282275711159737,0.045951859956236324,0.037199124726477024,0.06345733041575492,0.08533916849015317,0.05470459518599562,0.0787746170678337,0.006564551422319475,0.019693654266958426,0.23333333333333334,0.16666666666666666,0.3,0.3
2F8K,Q08831,1,,,,,,,,,,,,,,,,,,,,,,,,,,,,,,,,,,,,,,,,,,,,,,,,,,,,,,,,,,,,,,,,,,,,,,,,,,,,,,,,,,,,,,,,,,,,,,,,,,,,,,,,,,,,,,,,,,,,,,,,,,,,,,,,,,,,,,,,,,,,,,,,,,,,,,,,,,,,,,,,,,,,,,,,,,,,,,,,,,,,,,,,,,,,,,,,,,,,,,,,,,,,,,,,,,,,,,,,,,,,,,,,,,,,,,,,,,,,,,,,,,,,,,,,,,,,,,,,,,,,,,,,,,,,,,,84,16,0.05952380952380952,0.0,0.08333333333333333,0.047619047619047616,0.011904761904761904,0.047619047619047616,0.011904761904761904,0.07142857142857142,0.11904761904761904,0.17857142857142858,0.023809523809523808,0.023809523809523808,0.047619047619047616,0.0,0.05952380952380952,0.08333333333333333,0.03571428571428571,0.023809523809523808,0.023809523809523808,0.047619047619047616,0.3125,0.125,0.125,0.4375
1SJF,P09012,1,,,,,,,,,,,,,,,,,,,,,,,,,,,,,,,,,,,,,,,,,,,,,,,,,,,,,,,11.0,1.5954545454545457,1.3037358907107193,95.71514545454544,3.0828150879881338,3.7739634947343306,0.6367699845477444,0.5663636363636364,0.4505834601330308,,,,,,,,,,,,,,,,,,,,,,,,,,,,,,,,,,,,,,,,,,,,,,,,,,,,,,,,,,,,,,,,4.0,1.275,0.0499999999999998,97.125875,0.1399120765576278,3.969562411308289,0.808138351780452,0.685,0.4597463068548421,,,,,,,,,,11.0,1.1863636363636365,0.0868645758952091,97.14192727272729,1.3133888648004517,3.3948829607530078,0.7395302305270552,0.5445454545454546,0.44652802009199,,,,,,,,,,,,,,,,,,,,,,,,,,,,,,,,,,,,,,,,,,,,,,,,,,,,,,,,,,,,,,,,,,,,,,,,,,,,,,,,,,,,,,,,,,,,,,,,,,,,,,,,,,,,,,,,,,,,,,95,74,0.06315789473684211,0.0,0.05263157894736842,0.042105263157894736,0.06315789473684211,0.031578947368421054,0.021052631578947368,0.10526315789473684,0.11578947368421053,0.07368421052631578,0.042105263157894736,0.05263157894736842,0.042105263157894736,0.042105263157894736,0.06315789473684211,0.08421052631578947,0.042105263157894736,0.031578947368421054,0.0,0.031578947368421054,0.14864864864864866,0.33783783783783783,0.33783783783783783,0.17567567567567569
RNCMPT00265_min,Q5B4I4,0,,,,,,,,,,,,,,,,,,,,,,,,,,,,,,,,,,,,,,,,,,,,,,,,,,,,,,,,,,,,,,,,,,,,,,,,,,,,,,,,,,,,,,,,,,,,,,,,,,,,,,,,,,,,,,,,,,,,,,,,,,,,,,,,,,,,,,,,,,,,,,,,,,,,,,,,,,,,,,,,,,,,,,,,,,,,,,,,,,,,,,,,,,,,,,,,,,,,,,,,,,,,,,,,,,,,,,,,,,,,,,,,,,,,,,,,,,,,,,,,,,,,,,,,,,,,,,,,,,,,,,,,,,,,,,,365,39,0.07671232876712329,0.005479452054794521,0.052054794520547946,0.07671232876712329,0.005479452054794521,0.1178082191780822,0.019178082191780823,0.07945205479452055,0.04657534246575343,0.06301369863013699,0.030136986301369864,0.04657534246575343,0.038356164383561646,0.043835616438356165,0.06027397260273973,0.07123287671232877,0.07397260273972603,0.06301369863013699,0.005479452054794521,0.024657534246575342,0.10256410256410256,0.1282051282051282,0.4358974358974359,0.3333333333333333
RNCMPT00241_min,Q8BHN5,0,,,,,,,,,,,,,,,,,,,,,,,,,,,,,,,,,,,,,,,,,,,,,,,,,,,,,,,,,,,,,,,,,,,,,,,,,,,,,,,,,,,,,,,,,,,,,,,,,,,,,,,,,,,,,,,,,,,,,,,,,,,,,,,,,,,,,,,,,,,,,,,,,,,,,,,,,,,,,,,,,,,,,,,,,,,,,,,,,,,,,,,,,,,,,,,,,,,,,,,,,,,,,,,,,,,,,,,,,,,,,,,,,,,,,,,,,,,,,,,,,,,,,,,,,,,,,,,,,,,,,,,,,,,,,,,476,38,0.06092436974789916,0.014705882352941176,0.0546218487394958,0.07142857142857142,0.052521008403361345,0.07142857142857142,0.01680672268907563,0.046218487394957986,0.06722689075630252,0.06932773109243698,0.018907563025210083,0.03361344537815126,0.05672268907563025,0.052521008403361345,0.06092436974789916,0.09033613445378151,0.03571428571428571,0.08403361344537816,0.004201680672268907,0.037815126050420166,0.23684210526315788,0.21052631578947367,0.23684210526315788,0.3157894736842105
RNCMPT00100_min,A0A0B4K6K8,0,,,,,,,,,,,,,,,,,,,,,,,,,,,,,,,,,,,,,,,,,,,,,,,,,,,,,,,,,,,,,,,,8.0,6.29375,3.6127193457876814,81.4954375,6.45457217016135,3.883855581283569,0.5896087455260185,0.1937499999999999,0.2163289492548657,,,,,,,,,,,,,,,,,,,,,,,,,,,,2.0,8.45,0.2828427124746193,77.77405,0.1239558187419967,2.9949445724487305,0.0035902371435519,0.105,0.0212132034355964,4.0,3.7875,0.9375277773662676,81.90025,4.722549622467365,3.136634945869446,1.3675409421863882,0.1225,0.1802544497832624,,,,,,,,,,,,,,,,,,,,,,,,,,,,,,,,,,,,,,,,,,,,,,,,,,,,,,,,,,,,,,,,,,,,,,,,,,,,,,,,,,,,,,,,,,,,,,,,,,,,,,,,,,,,,,,,,,,,,,,,,,,,,,,,,,,,,,,,,,,,,,,,,,,,,,,,,,258,35,0.07364341085271318,0.011627906976744186,0.03875968992248062,0.050387596899224806,0.050387596899224806,0.10852713178294573,0.01937984496124031,0.03488372093023256,0.09302325581395349,0.06201550387596899,0.027131782945736434,0.04263565891472868,0.05813953488372093,0.05813953488372093,0.03875968992248062,0.06589147286821706,0.07364341085271318,0.08139534883720931,0.003875968992248062,0.007751937984496124,0.2,0.37142857142857144,0.17142857142857143,0.2571428571428571
1SJ3,P09012,1,,,,,,,,,,,,,,,,,,,,,,,,,,,,,,,,,,,,,,,,,,,,,,,,,,,,,,,11.0,1.431818181818182,0.9607998561804452,96.47087272727272,2.639449506655092,3.7158008488741783,0.6300510205996257,0.5654545454545455,0.4522690269378091,,,,,,,,,,,,,,,,,,,,,,,,,,,,,,,,,,,,,,,,,,,,,,,,,,,,,,,,,,,,,,,,5.0,1.23,0.1095445115010331,97.0702,0.9258673366093028,4.12660846710205,0.8881088930219313,0.548,0.5023644095673976,,,,,,,,,,11.0,1.122727272727273,0.0786245393106896,97.57320909090907,1.232566616824052,3.3741161823272705,0.7506550589322835,0.5390909090909092,0.4463732641064997,,,,,,,,,,,,,,,,,,,,,,,,,,,,,,,,,,,,,,,,,,,,,,,,,,,,,,,,,,,,,,,,,,,,,,,,,,,,,,,,,,,,,,,,,,,,,,,,,,,,,,,,,,,,,,,,,,,,,,95,73,0.06315789473684211,0.0,0.05263157894736842,0.042105263157894736,0.06315789473684211,0.031578947368421054,0.021052631578947368,0.10526315789473684,0.11578947368421053,0.07368421052631578,0.042105263157894736,0.05263157894736842,0.042105263157894736,0.042105263157894736,0.06315789473684211,0.08421052631578947,0.042105263157894736,0.031578947368421054,0.0,0.031578947368421054,0.136986301369863,0.3424657534246575,0.3424657534246575,0.1780821917808219
RNCMPT00187_min,Q96J87,0,,,,,,,,,,,,,,,,,,,,,,,,,,,,,,,,,,,,,,,,,,,,,,,,,,,,,,,,,,,,,,,,,,,,,,,,,,,,,,,,,,,,,,,,,,,,,,,,,,,,,,,,,,,,,,,,,,,,,,,,,,,,,,,,,,,,,,,,,,,,,,,,,,,,,,,,,,,,,,,,,,,,,,,,,,,,,,,,,,,,,,,,,,,,,,,,,,,,,,,,,,,,,,,,,,,,,,,,,,,,,,,,,,,,,,,,,,,,,,,,,,,,,,,,,,,,,,,,,,,,,,,,,,,,,,,481,38,0.13721413721413722,0.014553014553014554,0.037422037422037424,0.035343035343035345,0.04781704781704782,0.11226611226611227,0.02494802494802495,0.02494802494802495,0.0395010395010395,0.09355509355509356,0.02494802494802495,0.02494802494802495,0.09355509355509356,0.07276507276507277,0.04573804573804574,0.056133056133056136,0.04158004158004158,0.0498960498960499,0.0,0.02286902286902287,0.2894736842105263,0.2894736842105263,0.18421052631578946,0.23684210526315788
RNCMPT00279_min,A0A8C3LF34,0,,,,,,,,,,,,,,,,,,,,,,,,,,,,,,,,,,,,,,,,,,,,,,,,,,,,,,,,,,,,,,,,,,,,,,,,,,,,,,,,,,,,,,,,,,,,,,,,,,,,,,,,,,,,,,,,,,,,,,,,,,,,,,,,,,,,,,,,,,,,,,,,,,,,,,,,,,,,,,,,,,,,,,,,,,,,,,,,,,,,,,,,,,,,,,,,,,,,,,,,,,,,,,,,,,,,,,,,,,,,,,,,,,,,,,,,,,,,,,,,,,,,,,,,,,,,,,,,,,,,,,,,,,,,,,,340,35,0.08529411764705883,0.020588235294117647,0.05,0.09411764705882353,0.03235294117647059,0.08235294117647059,0.01764705882352941,0.05,0.061764705882352944,0.061764705882352944,0.03823529411764706,0.03823529411764706,0.05588235294117647,0.029411764705882353,0.06764705882352941,0.020588235294117647,0.041176470588235294,0.08823529411764706,0.008823529411764706,0.05588235294117647,0.17142857142857143,0.3142857142857143,0.2857142857142857,0.22857142857142856
RNCMPT00169_min,Q07666,0,,,,,,,,,,,,,,,,,,,,,,,,,,,,,,,,,,,,,,,,,,,,,,,,,,,,,,,,,,,,,,,,,,,,,,,,,,,,,,,,,,,,,,,,,,,,,,,,,,,,,,,,,,,,,,,,,,,,,,,,,,,,,,,,,,,,,,,,,,,,,,,,,,,,,,,,,,,,,,,,,,,,,,,,,,,,,,,,,,,,,,,,,,,,,,,,,,,,,,,,,,,,,,,,,,,,,,,,,,,,,,,,,,,,,,,,,,,,,,,,,,,,,,,,,,,,,,,,,,,,,,,,,,,,,,,185,38,0.05405405405405406,0.010810810810810811,0.06486486486486487,0.0972972972972973,0.043243243243243246,0.07567567567567568,0.02702702702702703,0.043243243243243246,0.10810810810810811,0.10270270270270271,0.04864864864864865,0.032432432432432434,0.05945945945945946,0.03783783783783784,0.043243243243243246,0.043243243243243246,0.021621621621621623,0.05945945945945946,0.0,0.02702702702702703,0.34210526315789475,0.21052631578947367,0.2631578947368421,0.18421052631578946
RNCMPT00003_min,Q960Z4,0,2.0,13.075,0.1767766952966369,67.88794999999999,0.7696857313215544,3.140615224838257,0.4308604888311079,0.285,0.1060660171779821,,,,,,,,,,,,,,,,,,,,,,,,,,,,,,,,,,,,,,,,,,,,,,,,,,,,,,,,,,,,,,,,,,,,,,,,,,,,,,,,,,,,,,,,,,,,,,,,,,,,,,,,,,,,,,,,,,,,,,,,,,,,,,,,,,,,,,,,,,,,,,,,,,,,,,,,,,,,,,,,,,,,,,,,,,,,,,,,,,,,,,,,,,,,,,,,,,,,,,,,,,,,,,,,,,,,,,,,,,,,,,,,,,,,,,,,,,,,,,,,,,,,,,,,,,,,,,,,,,,,,,604,38,0.12251655629139073,0.014900662251655629,0.04470198675496689,0.03145695364238411,0.041390728476821195,0.057947019867549666,0.014900662251655629,0.041390728476821195,0.056291390728476824,0.08774834437086093,0.028145695364238412,0.09437086092715231,0.052980132450331126,0.056291390728476824,0.02152317880794702,0.09933774834437085,0.061258278145695365,0.056291390728476824,0.0033112582781456954,0.013245033112582781,0.3157894736842105,0.47368421052631576,0.10526315789473684,0.10526315789473684
RNCMPT00108_min,Q07955,0,,,,,,,,,,,,,,,,,,,,,,,,,,,,4.0,16.974999999999998,0.2179449471770334,54.943275,5.357049426301136,3.1106582283973694,1.1463973137815793,0.0475,0.0330403793359983,,,,,,,,,,,,,,,,,,,,,,,,,,,,,,,,,,,,,,,,,,,,,,,,,,,,,,,,,,,,,,,,,,,,,,,,,,,,,,,,,,,,,,,,,,,,,,,,,,,,,,,,,,,,,,,,,,,,,,,,,,,,,,,,,,,,,,,,,,,,,,,,,,,,,,,,,,,,,,,,,,,,,,,,,,,,,,,,,,,,,,,,,,,,,,,,,,,,,,,,,,,,,,,,,,,,,,,,,,,,,,,,,,,,,,,,,,,202,38,0.04950495049504951,0.009900990099009901,0.09900990099009901,0.054455445544554455,0.034653465346534656,0.16336633663366337,0.009900990099009901,0.034653465346534656,0.039603960396039604,0.0297029702970297,0.01485148514851485,0.0297029702970297,0.06930693069306931,0.0049504950495049506,0.12376237623762376,0.04950495049504951,0.0297029702970297,0.08415841584158416,0.0049504950495049506,0.06435643564356436,0.2894736842105263,0.2894736842105263,0.21052631578947367,0.21052631578947367
4ZLD,Q9HBD1,1,,,,,,,,,,,,,,,,,,,,,,,,,,,,,,,,,,,,,,,,,,,,,,,,,,,,,,,,,,,,,,,,,,,,,,,,,,,,,,,,,,,,,,,,,,,,,,,,,,,,,,,,,,,,,,,,,,,,,,,,,,,,,,,,,,,,,,,,,,,,,,,,,,,,,,,,,,,,,,,,,,,,,,,,,,,,,,,,,,,,,,,,,,,,,,,,,,,,,,,,,,,,,,,,,,,,,,,,,,,,,,,,,,,,,,,,,,,,,,,,,,,,,,,,,,,,,,,,,,,,,,,,,,,,,,,151,17,0.09933774834437085,0.013245033112582781,0.039735099337748346,0.0728476821192053,0.033112582781456956,0.039735099337748346,0.033112582781456956,0.039735099337748346,0.052980132450331126,0.1456953642384106,0.026490066225165563,0.013245033112582781,0.033112582781456956,0.07947019867549669,0.0728476821192053,0.09271523178807947,0.013245033112582781,0.06622516556291391,0.013245033112582781,0.019867549668874173,0.23529411764705882,0.11764705882352941,0.23529411764705882,0.4117647058823529
RNCMPT00078_min,P19018,0,,,,,,,,,,,,,,,,,,,,,,,,,,,,,,,,,,,,,,,,,,,,,,,,,,,,,,,,,,,,,,,,,,,,,,,,,,,,,,,,,,,,,,,,,,,,,,,,,,,,,,,,,,,,,4.0,10.9125,1.2418903601633549,64.519775,3.661067468535192,3.869434118270874,1.1550484396381997,0.0975,0.0727438428093173,,,,,,,,,,,,,,,,,,,,,,,,,,,,1.0,17.3,,47.8733,,2.3822503089904785,,0.04,,,,,,,,,,,,,,,,,,,,,,,,,,,,,,,,,,,,,,,,,,,,,,,,,,,,,,,,,,,,,,,,,,,,,,,,,,,,,,,,,,,,,,,,,,,,,,,,,,,,,,,,,,,,,,,,,,,,,,,171,38,0.04678362573099415,0.017543859649122806,0.04678362573099415,0.04678362573099415,0.04093567251461988,0.06432748538011696,0.04093567251461988,0.04678362573099415,0.03508771929824561,0.023391812865497075,0.011695906432748537,0.023391812865497075,0.07017543859649122,0.04678362573099415,0.1871345029239766,0.14035087719298245,0.03508771929824561,0.04093567251461988,0.0,0.03508771929824561,0.23684210526315788,0.10526315789473684,0.42105263157894735,0.23684210526315788
3RC8,Q8IYB8,1,,,,,,,,,,,,,,,,,,,,,,,,,,,,,,,,,,,,,,,,,,,,,,,,,,,,,,,,,,,,,,,,,,,,,,,,,,,,,,,,,,,,,,,,,,,,,,,,,,,,,,,,,,,,,,,,,,,,,,,,,,,,,,,,,,,,,,,,,,,,,,,,,,,,,,,,,,,,,,,,,,,,,,,,,,,,,,,,,,,,,,,,,,,,,,,,,,,,,,,,,,,,,,,,,,,,,,,,,,,,,,,,,,,,,,,,,,,,,,,,,,,,,,,,,,,,,,,,,,,,,,,,,,,,,,,610,6,0.06885245901639345,0.022950819672131147,0.07049180327868852,0.05245901639344262,0.04918032786885246,0.04590163934426229,0.029508196721311476,0.07704918032786885,0.06229508196721312,0.10983606557377049,0.022950819672131147,0.03442622950819672,0.05901639344262295,0.03770491803278689,0.05245901639344262,0.060655737704918035,0.040983606557377046,0.060655737704918035,0.009836065573770493,0.03278688524590164,0.0,0.8333333333333334,0.16666666666666666,0.0
RNCMPT00145_min,P43332,0,,,,,,,,,,,,,,,,,,,,,,,,,,,,,,,,,,,,,,,,,,,,,,,,,,,,,,,,,,,,,,,,,,,,,,,,,,,,,,,,,,,,,,,,,,,,,,,,,,,,,,,,,,,,,,,,,,,,,,,,,,,,,,,,,,,,,,,,,,,,,,,,,,,,,,,,,,,,,,,,,,,,,,,,,,,,,,,,,,,,,,,,,,,,,,,,,,,,,,,,,,,,,,,,,,,,,,,,,,,,,,,,,,,,,,,,,,,,,,,,,,,,,,,,,,,,,,,,,,,,,,,,,,,,,,,216,38,0.07407407407407407,0.0,0.032407407407407406,0.07407407407407407,0.06944444444444445,0.037037037037037035,0.009259259259259259,0.06944444444444445,0.13425925925925927,0.07407407407407407,0.041666666666666664,0.06481481481481481,0.07407407407407407,0.05555555555555555,0.023148148148148147,0.05555555555555555,0.06018518518518518,0.032407407407407406,0.0,0.018518518518518517,0.2631578947368421,0.13157894736842105,0.4473684210526316,0.15789473684210525
4JXZ,P00962,1,,,,,,,,,,14.0,1.3285714285714287,0.1450653509421049,97.176,1.0455400812682685,3.6567496061325073,0.7106483123950824,0.5828571428571429,0.4512278730382171,,,,,,,,,,,,,,,,,,,,,,,,,,,,,,,,,,,,,,,,,,,,,,,,,,,,,,,1.0,6.8,,79.7723,,4.657727241516113,,0.0,,,,,,,,,,,,,,,,,,,,,,,,,,,,,,,,,,,,,,,,,,,,,,,,,,,,,,,,,,,,,,,,,,,,,,,,,,11.0,1.2727272727272727,0.1232145209860354,96.8603090909091,0.6275025648625591,3.5006761334159155,0.6681131724358866,0.2145454545454545,0.3590365896775323,4.0,2.3125,0.3326033673912518,90.42765,0.2922738156820294,3.470208466053009,0.8746683061656596,0.015,0.03,5.0,1.42,0.0758287544405156,95.89056,0.2019345388981283,4.391564702987671,0.7612555893719131,0.258,0.2980268444284843,4.0,1.1875,0.1108677891304171,96.51525,0.2795679821915729,3.699630737304688,0.6962762122945162,0.4575,0.5175825216008233,4.0,1.3625,0.1749999999999999,95.1951,0.1765465188932785,2.808405578136444,0.4339155353605147,0.0625,0.125,,,,,,,,,,,,,,,,,,,,,,,,,,,,,,,,,,,,,,,,,,,,,,,,,,,,,,,,,,,,,,,,,,,,,,,,,538,71,0.06505576208178439,0.01858736059479554,0.06505576208178439,0.07992565055762081,0.04460966542750929,0.05947955390334572,0.02973977695167286,0.06505576208178439,0.05762081784386617,0.07434944237918216,0.020446096654275093,0.05018587360594796,0.05018587360594796,0.027881040892193308,0.0724907063197026,0.05018587360594796,0.05018587360594796,0.06319702602230483,0.01486988847583643,0.040892193308550186,0.19718309859154928,0.30985915492957744,0.29577464788732394,0.19718309859154928
RNCMPT00112_min,Q15717,0,,,,,,,,,,10.0,2.56,0.2208569169796992,87.43248,1.3557044882848015,3.167387080192566,0.6224543328459334,0.6809999999999999,0.2828996681196749,,,,,,,,,,,,,,,,,,,,,,,,,,,,,,,,,,,,,,,,,,,,,,,,,,,,,,,,,,,,,,,,,,,,,,,,,,,,,,,,,,2.0,19.2,0.0,68.71594999999999,0.3793627881065854,3.2130606174468994,0.6032889780605729,0.08,0.0,,,,,,,,,,2.0,19.225,0.1767766952966369,65.85114999999999,3.117987351642077,3.59536874294281,0.596847422321562,0.08,0.0141421356237309,,,,,,,,,,,,,,,,,,,,,,,,,,,,,,,,,,,,,,,,,,,,,,,,,,,,,,,,,,,,,,,,,,,,,,,,,,,,,,,,,,,,,,,,,,,,,,,,,,,,,,,,,,,,,,,,,,,,,,,,,,,,,,,,,,,,,,,,,,,,,,,,,325,38,0.07076923076923076,0.009230769230769232,0.04923076923076923,0.046153846153846156,0.055384615384615386,0.08923076923076922,0.024615384615384615,0.05846153846153846,0.052307692307692305,0.06769230769230769,0.03076923076923077,0.07076923076923076,0.036923076923076927,0.036923076923076927,0.06153846153846154,0.08615384615384615,0.04923076923076923,0.06769230769230769,0.006153846153846154,0.03076923076923077,0.21052631578947367,0.34210526315789475,0.2631578947368421,0.18421052631578946
RNCMPT00165_min,P31483,0,,,,,,,,,,,,,,,,,,,,,,,,,,,,,,,,,,,,,,,,,,,,,,3.0,4.016666666666667,0.652559065015063,79.8542,2.21252145978293,3.3381046454111734,0.6259843373273222,0.4033333333333334,0.3356088993655164,,,,,,,,,,,,,,,,,,,,,,,,,,,,,,,,,,,,,,,,,,,,,,,,,,,,,,,,,,,,,,,,,,,,,,,,,,,,,,,,,,,,,,,,,,,,,,,,,,,,,,,,,,,,,,,,,,,,,,,,,,,,,,,,,,,,,,,,,,,,,,,,,,,,,,,,,,,,,,,,,,,,,,,,,,,,,,,,,,,,,,,,,,,,,,,,,,,,,,,,,,,,,,,,,,,,,,,,,350,38,0.06857142857142857,0.017142857142857144,0.04,0.045714285714285714,0.045714285714285714,0.08857142857142856,0.022857142857142857,0.045714285714285714,0.054285714285714284,0.03428571428571429,0.037142857142857144,0.054285714285714284,0.04857142857142857,0.08571428571428572,0.03428571428571429,0.07714285714285714,0.06571428571428571,0.06857142857142857,0.025714285714285714,0.04,0.23684210526315788,0.15789473684210525,0.42105263157894735,0.18421052631578946
4NGB,Q9UPY3,1,,,,,,,,,,,,,,,,,,,,,,,,,,,,,,,,,,,,,,,,,,,,,,,,,,,,,,,,,,,,,,,,,,,,,,,,,,,,,,,,,,,,,,,,,,,,,,,,,,,,,,,,,,,,,,,,,,,,,,,,,,,,,,,,,,,,,,,,,,,,,,,,,,,,,,,,,,,,,,,,,,,,,,,,,,,,,,,,,,,,,,,,,,,,,,,,,,,,,,,,,,,,,,,,,,,,,,,,,,,,,,,,,,,,,,,,,,,,,,,,,,,,,,,,,,,,,,,,,,,,,,,,,,,,,,,276,12,0.050724637681159424,0.021739130434782608,0.04710144927536232,0.06159420289855073,0.04710144927536232,0.018115942028985508,0.025362318840579712,0.06884057971014493,0.057971014492753624,0.13405797101449277,0.014492753623188406,0.028985507246376812,0.08695652173913043,0.03260869565217391,0.05434782608695652,0.06521739130434782,0.06884057971014493,0.050724637681159424,0.007246376811594203,0.057971014492753624,0.16666666666666666,0.25,0.25,0.3333333333333333
4AL6,Q02MM2,1,,,,,,,,,,,,,,,,,,,,,,,,,,,,,,,,,,,,,,,,,,,,,,,,,,,,,,,,,,,,,,,,,,,,,,,,,,,,,,,,,,,,,,,,,,,,,,,,,,,,,,,,,,,,,,,,,,,,,,,,,,,,,,,,,,,,,,,,,,,,,,,,,,,,,,,,,,,,,,,,,,,,,,,,,,,,,,,,,,,,,,,,,,,,,,,,,,,,,,,,,,,,,,,,,,,,,,,,,,,,,,,,,,,,,,,,,,,,,,,,,,,,,,,,,,,,,,,,,,,,,,,,,,,,,,,157,16,0.07643312101910828,0.006369426751592357,0.06369426751592357,0.044585987261146494,0.07006369426751592,0.08917197452229299,0.044585987261146494,0.025477707006369428,0.012738853503184714,0.1337579617834395,0.012738853503184714,0.0,0.08280254777070063,0.05732484076433121,0.09554140127388536,0.050955414012738856,0.03821656050955414,0.06369426751592357,0.012738853503184714,0.01910828025477707,0.1875,0.3125,0.3125,0.1875
1LNG,Q58440,1,,,,,,,,,,,,,,,,,,,,,,,,,,,,,,,,,,,,,,,,,,,,,,,,,,,,,,,,,,,,,,,,,,,,,,,,,,,,,,,,,,,,,,,,,,,,,,,,,,,,,,,,,,,,,,,,,,,,,,,,,,,,,,,,,,,,,,,,,,,,,,,,,,,,,,,,,,,,,,,,,,,,,,,,,,,,,,,,,,,,,,,,,,,,,,,,,,,,,,,,,,,,,,,,,,,,,,,,,,,,,,,,,,,,,,,,,,,,,,,,,,,,,,,,,,,,,,,,,,,,,,,,,,,,,,,87,97,0.022988505747126436,0.034482758620689655,0.04597701149425287,0.10344827586206896,0.0,0.05747126436781609,0.011494252873563218,0.11494252873563218,0.19540229885057472,0.09195402298850575,0.011494252873563218,0.022988505747126436,0.05747126436781609,0.022988505747126436,0.06896551724137931,0.034482758620689655,0.0,0.034482758620689655,0.022988505747126436,0.04597701149425287,0.1958762886597938,0.29896907216494845,0.36082474226804123,0.14432989690721648
RNCMPT00113_min,Q9BWF3,0,,,,,,,,,,,,,,,,,,,,,,,,,,,,,,,,,,,,,,,,,,,,,,,,,,,,,,,,,,,,,,,,,,,,,,,,,,,,,,,,,,,,,,,,,,,,,,,,,,,,,,,,,,,,,,,,,,,,,,,,,,,,,,,,,,,,,,,,,,,,,,,,,,,,,,,,,,,,,,,,,,,,,,,,,,,,,,,,,,,,,,,,,,,,,,,,,,,,,,,,,,,,,,,,,,,,,,,,,,,,,,,,,,,,,,,,,,,,,,,,,,,,,,,,,,,,,,,,,,,,,,,,,,,,,,,177,38,0.062146892655367235,0.03389830508474576,0.04519774011299435,0.1016949152542373,0.03389830508474576,0.07344632768361582,0.04519774011299435,0.06779661016949153,0.0847457627118644,0.062146892655367235,0.022598870056497175,0.05084745762711865,0.02824858757062147,0.02824858757062147,0.05649717514124294,0.05084745762711865,0.05084745762711865,0.062146892655367235,0.005649717514124294,0.03389830508474576,0.15789473684210525,0.3684210526315789,0.15789473684210525,0.3157894736842105
6L1W,Q3UPF5,1,,,,,,,,,,,,,,,,,,,,,,,,,,,,,,,,,,,,,,,,,,,,,,,,,,,,,,,,,,,,,,,,,,,,,,,,,,,,,,,,,,,,,,,,,,,,,,,,,,,,,,,,,,,,,,,,,,,,,,,,,,,,,,,,,,,,,,,,,,,,,,,,,,,,,,,,,,,,,,,,,,,,,,,,,,,,,,,,,,,,,,,,,,,,,,,,,,,,,,,,,,,,,,,,,,,,,,,,,,,,,,,,,,,,,,,,,,,,,,,,,,,,,,,,,,,,,,,,,,,,,,,,,,,,,,,215,6,0.04186046511627907,0.06976744186046512,0.03255813953488372,0.07441860465116279,0.03255813953488372,0.05116279069767442,0.046511627906976744,0.04186046511627907,0.05116279069767442,0.13488372093023257,0.018604651162790697,0.05116279069767442,0.037209302325581395,0.06046511627906977,0.07906976744186046,0.06046511627906977,0.03255813953488372,0.05581395348837209,0.0,0.027906976744186046,0.0,0.3333333333333333,0.3333333333333333,0.3333333333333333
RNCMPT00077_min,K7EUM6,0,,,,,,,,,,,,,,,,,,,,,,,,,,,,,,,,,,,,,19.0,13.355263157894736,0.9137673446966236,62.73314736842106,5.797218985510632,3.3140712788230493,0.7638632226207803,0.1342105263157894,0.0548042769492475,3.0,8.483333333333334,0.5838093296045667,76.60000000000001,1.3215645765531112,3.773131767908732,0.2501885713839841,0.2333333333333333,0.1871719352182194,,,,,,,,,,,,,,,,,,,,,,,,,,,,,,,,,,,,,,,,,,,,,,,,,,,,,,,,,,,,,,,,,,,,,,,,,,,,,,,,,,,,,,,,,,,,,,,,,,,,,,,,,,,,,,,,,,,,,,,,,,,,,,,,,,,,,,,,,,,,,,,,,,,,,,,,,,,,,,,,,,,,,,,,,,,,,,,,,,,,,,,,,,,,,,,,,,,,,,,,,,,,,,,,,,,,,,,,,375,38,0.06933333333333333,0.016,0.034666666666666665,0.04533333333333334,0.042666666666666665,0.09866666666666667,0.021333333333333333,0.042666666666666665,0.050666666666666665,0.034666666666666665,0.04,0.06133333333333333,0.06133333333333333,0.088,0.032,0.06666666666666667,0.058666666666666666,0.064,0.02666666666666667,0.04533333333333334,0.2894736842105263,0.15789473684210525,0.4473684210526316,0.10526315789473684
RNCMPT00026_min,Q4R4M6,0,2.0,6.775,3.783021279348029,69.75785,12.83490731735138,3.759554624557495,0.8492155019468515,0.155,0.0212132034355964,,,,,,,,,,,,,,,,,,,,,,,,,,,,,,,,,,,,,,,,,,,,,,,,,,,,,,,,,,,,,,,,,,,,,,,,,,,,,,,,,,,,,,,,,,,,,,,,,,,,,,,,,,,,,,,,,,,,,,,,,,,,,,,,,,,,,,,,,,,,,,,,,,,,,,,,,,,,,,,,,,,,,,,,,,,,,,,,,,,,,,,,,,,,,,,,,,,,,,,,,,,,,,,,,,,,,,,,,,,,,,,,,,,,,,,,,,,,,,,,,,,,,,,,,,,,,,,,,,,,,,464,30,0.04741379310344827,0.010775862068965518,0.07327586206896551,0.07327586206896551,0.02586206896551724,0.1206896551724138,0.008620689655172414,0.07543103448275862,0.04525862068965517,0.0625,0.02586206896551724,0.02586206896551724,0.08836206896551724,0.04525862068965517,0.07758620689655173,0.0668103448275862,0.05172413793103448,0.032327586206896554,0.00646551724137931,0.036637931034482756,0.23333333333333334,0.1,0.36666666666666664,0.3
RNCMPT00041_min,O43347,0,,,,,,,,,,,,,,,,,,,,,,,,,,,,,,,,,,,,,,,,,,,,,,,,,,,,,,,,,,,,,,,,6.0,8.725,6.037611282618318,79.19371666666667,7.705501439209952,3.2156036694844565,1.1788707432965118,0.1966666666666666,0.2595123632250816,,,,,,,,,,,,,,,,,,,,,,,,,,,,4.0,8.425,5.889326503656141,79.12275,7.534737100700108,3.1395731568336487,0.2475614632198411,0.3025,0.2938678841475082,4.0,4.2375,0.7431632839872183,80.2052,3.0866375200207754,3.817635238170624,0.5327973222658534,0.135,0.2367136103677465,,,,,,,,,,,,,,,,,,,,,,,,,,,,,,,,,,,,,,,,,,,,,,,,,,,,,,,,,,,,,,,,,,,,,,,,,,,,,,,,,,,,,,,,,,,,,,,,,,,,,,,,,,,,,,,,,,,,,,,,,,,,,,,,,,,,,,,,,,,,,,,,,,,,,,,,,,230,30,0.05217391304347826,0.017391304347826087,0.06086956521739131,0.06521739130434782,0.07391304347826087,0.09130434782608696,0.021739130434782608,0.030434782608695653,0.07391304347826087,0.04782608695652174,0.05652173913043478,0.017391304347826087,0.05652173913043478,0.04782608695652174,0.06086956521739131,0.05217391304347826,0.06956521739130435,0.0782608695652174,0.004347826086956522,0.021739130434782608,0.2,0.06666666666666667,0.26666666666666666,0.4666666666666667
RNCMPT00166_min,Q8N6W0,0,,,,,,,,,,,,,,,,,,,,,,,,,,,,,,,,,,,,,,,,,,,,,,,,,,,,,,,,,,,,,,,,,,,,,,,,,,,,,,,,,,,,,,,,,,,,,,,,,,,,,,,,,,,,,,,,,,,,,,,,,,,,,,,,,,,,,,,,,,,,,,,,,,,,,,,,,,,,,,,,,,,,,,,,,,,,,,,,,,,,,,,,,,,,,,,,,,,,,,,,,,,,,,,,,,,,,,,,,,,,,,,,,,,,,,,,,,,,,,,,,,,,,,,,,,,,,,,,,,,,,,,,,,,,,,,485,38,0.088659793814433,0.01443298969072165,0.03711340206185567,0.03917525773195876,0.049484536082474224,0.0865979381443299,0.026804123711340205,0.03917525773195876,0.04329896907216495,0.09278350515463918,0.0288659793814433,0.018556701030927835,0.09896907216494845,0.08247422680412371,0.041237113402061855,0.07216494845360824,0.05979381443298969,0.05567010309278351,0.0,0.024742268041237112,0.2894736842105263,0.23684210526315788,0.3157894736842105,0.15789473684210525
RNCMPT00144_min,M4YQ43,0,,,,,,,,,,,,,,,,,,,,,,,,,,,,,,,,,,,,,,,,,,,,,,,,,,,,,,,,,,,,,,,,,,,,,,,,,,,,,,,,,,,,,,,,,,,,,,,,,,,,,,,,,,,,,,,,,,,,,,,,,,,,,,,,,,,,,,,,,,,,,,,,,,,,,,,,,,,,,,,,,,,,,,,,,,,,,,,,,,,,,,,,,,,,,,,,,,,,,,,,,,,,,,,,,,,,,,,,,,,,,,,,,,,,,,,,,,,,,,,,,,,,,,,,,,,,,,,,,,,,,,,,,,,,,,,118,35,0.07627118644067797,0.025423728813559324,0.03389830508474576,0.059322033898305086,0.0423728813559322,0.13559322033898305,0.01694915254237288,0.025423728813559324,0.05084745762711865,0.0423728813559322,0.025423728813559324,0.07627118644067797,0.07627118644067797,0.03389830508474576,0.0847457627118644,0.05084745762711865,0.05084745762711865,0.07627118644067797,0.0,0.01694915254237288,0.37142857142857144,0.17142857142857143,0.37142857142857144,0.08571428571428572
RNCMPT00228_min,A0A2K1L0S1,0,2.0,7.175,0.2474873734152913,68.03659999999999,0.5209962763782499,4.289641857147217,0.1684417345351224,0.035,0.0070710678118654,,,,,,,,,,,,,,,,,,,,,,,,,,,,,,,,,,,,,,,,,,,,,,,,,,,,,,,3.0,4.466666666666668,0.1755942292142125,82.6627,2.4501340106206446,4.397104422251384,0.3206328715395692,0.34,0.1609347693943108,,,,,,,,,,,,,,,,,,,,,,,,,,,,,,,,,,,,,2.0,5.025,0.6010407640085658,74.1406,2.331472478928277,4.223688125610352,0.1294865825682614,0.13,0.0,2.0,21.525,0.9545941546018402,58.4349,0.9881110160300848,4.268375039100647,0.6016525002265919,0.035,0.0070710678118654,,,,,,,,,,,,,,,,,,,,,,,,,,,,,,,,,,,,,,,,,,,,,,,,,,,,,,,,,,,,,,,,,,,,,,,,,,,,,,,,,,,,,,,,,,,,,,,,,,,,,,,,,,,,,,,,,,,,,,,,,,,,,,,,,,,,,,,,,,,,,,,,,386,38,0.08549222797927461,0.02072538860103627,0.04145077720207254,0.04922279792746114,0.03367875647668394,0.10362694300518134,0.025906735751295335,0.02849740932642487,0.03367875647668394,0.08031088082901554,0.018134715025906734,0.05181347150259067,0.05699481865284974,0.05958549222797927,0.046632124352331605,0.09067357512953368,0.04922279792746114,0.07253886010362694,0.015544041450777202,0.03626943005181347,0.2894736842105263,0.3157894736842105,0.18421052631578946,0.21052631578947367
RNCMPT00255_min,E9AFP0,0,,,,,,,,,,,,,,,,,,,,,,,,,,,,,,,,,,,,,12.0,10.220833333333331,0.7924238802942563,71.37313333333334,2.274154722622067,3.5607852141062417,1.0801178613386375,0.0283333333333333,0.0152752523165194,,,,,,,,,,,,,,,,,,,,,,,,,,,,,,,,,,,,,,,,,,,,,,,,,,,,,,,,,,,,,,,,,,,,,,,,,,,,,,,,,,,,,,,,,,,,,,,,,,,,,,,,,,,,,,,,,,,,,,,,,,,,,,,,,,,,,,,,,,,,,,,,,,,,,,,,,,,,,,,,,,,,,,,,,,,,,,,,,,,,,,,,,,,,,,,,,,,,,,,,,,,,,,,,,,,,,,,,,,,,,,,,,,409,39,0.08557457212713937,0.009779951100244499,0.05867970660146699,0.07823960880195599,0.0488997555012225,0.07823960880195599,0.007334963325183374,0.02689486552567237,0.06356968215158924,0.07090464547677261,0.03178484107579462,0.034229828850855744,0.04156479217603912,0.05867970660146699,0.09046454767726161,0.06845965770171149,0.034229828850855744,0.07334963325183375,0.0024449877750611247,0.03667481662591687,0.10256410256410256,0.1794871794871795,0.38461538461538464,0.3333333333333333
RNCMPT00226_min,A2EGP7,0,6.0,6.275,0.8448372624357899,76.75086666666667,3.377007244686728,3.724730928738912,0.9444951236605824,0.0883333333333333,0.0444597195972564,,,,,,,,,,,,,,,,,,,,,,,,,,,,,,,,,,,,,,,,,,,,,,,,,,,,,,,,,,,,,,,,,,,,,,,,,,,,,,,,,,,,,,,,,,,,,,,,,,,,,,,,,,,,,,,,,,,,,,,,,,,,,,,,,,,,,,,,,,,,,,,,,,,,,,,,,,,,,,,,,,,,,,,,,,,,,,,,,,,,,,,,,,,,,,,,,,,,,,,,,,,,,,,,,,,,,,,,,,,,,,,,,,,,,,,,,,,,,,,,,,,,,,,,,,,,,,,,,,,,,,203,38,0.04433497536945813,0.024630541871921183,0.024630541871921183,0.054187192118226604,0.04433497536945813,0.06403940886699508,0.009852216748768473,0.08866995073891626,0.06403940886699508,0.04926108374384237,0.009852216748768473,0.08866995073891626,0.024630541871921183,0.059113300492610835,0.054187192118226604,0.08374384236453201,0.034482758620689655,0.11822660098522167,0.0,0.059113300492610835,0.21052631578947367,0.21052631578947367,0.2894736842105263,0.2894736842105263
RNCMPT00076_min,Q13148,0,2.0,13.45,1.1313708498984758,65.76509999999999,1.2633169752678908,4.080211400985718,0.5175946569690708,0.09,0.0282842712474618,,,,,,,,,,,,,,,,,,,,,,,,,,,,,,,,,,,,,,,,,,,,,,,,,,,,,,,,,,,,,,,,,,,,,,,,,,,,,,,,,,,,,,,,,,,,,,,,,,,,,,,,,,,,,3.0,13.583333333333334,0.453688586293873,70.55373333333334,2.0038759850183605,3.9716481367746983,0.2249459116971505,0.16,0.0866025403784438,,,,,,,,,,,,,,,,,,,,,,,,,,,,,,,,,,,,,,,,,,,,,,,,,,,,,,,,,,,,,,,,,,,,,,,,,,,,,,,,,,,,,,,,,,,,,,,,,,,,,,,,,,,,,,,,,,,,,,,,,,,,,,,,,,,,,,,,,,,,,,,,,260,38,0.046153846153846156,0.015384615384615385,0.06538461538461539,0.057692307692307696,0.06538461538461539,0.12307692307692308,0.019230769230769232,0.03461538461538462,0.07307692307692308,0.06153846153846154,0.03076923076923077,0.05384615384615385,0.03461538461538462,0.05,0.05384615384615385,0.06538461538461539,0.04230769230769231,0.07692307692307693,0.011538461538461539,0.019230769230769232,0.3157894736842105,0.2894736842105263,0.18421052631578946,0.21052631578947367
1N1H,P17378,1,,,,,,,,,,,,,,,,,,,,,,,,,,,,,,,,,,,,,,,,,,,,,,,,,,,,,,,,,,,,,,,,,,,,,,,,,,,,,,,,,,,,,,,,,,,,,,,,,,,,,,,,,,,,,,,,,,,,,,,,,,,,,,,,,,,,,,,,,,,,,,,,,,,,,,,,,,,,,,,,,,,,,,,,,,,,,,,,,,,,,,,,,,,,,,,,,,,,,,,,,,,,,,,,,,,,,,,,,,,,,,,,,,,,,,,,,,,,,,,,,,,,,,,,,,,,,,,,,,,,,,,,,,,,,,,1264,4,0.08227848101265822,0.012658227848101266,0.05379746835443038,0.04588607594936709,0.037183544303797465,0.0625,0.0189873417721519,0.05775316455696203,0.041930379746835444,0.09572784810126582,0.0379746835443038,0.03164556962025317,0.058544303797468354,0.03955696202531646,0.06091772151898734,0.08544303797468354,0.055379746835443035,0.05617088607594937,0.020569620253164556,0.04509493670886076,0.25,0.25,0.25,0.25
5WZK,Q9C552,1,,,,,,,,,,,,,,,,,,,,,,,,,,,,,,,,,,,,,,,,,,,,,,,,,,,,,,,,,,,,,,,,,,,,,,,,,,,,,,,,,,,,,,,,,,,,,,,,,,,,,,,,,,,,,,,,,,,,,,,,,,,,,,,,,,,,,,,,,,,,,,,,,,,,,,,,,,,,,,,,,,,,,,,,,,,,,,,,,,,,,,,,,,,,,,,,,,,,,,,,,,,,,,,,,,,,,,,,,,,,,,,,,,,,,,,,,,,,,,,,,,,,,,,,,,,,,,,,,,,,,,,,,,,,,,,513,11,0.07017543859649122,0.03508771929824561,0.050682261208576995,0.08382066276803118,0.03898635477582846,0.04678362573099415,0.02729044834307992,0.06432748538011696,0.05458089668615984,0.1267056530214425,0.025341130604288498,0.03313840155945419,0.02729044834307992,0.04093567251461988,0.04873294346978557,0.09551656920077972,0.037037037037037035,0.056530214424951264,0.007797270955165692,0.029239766081871343,0.2727272727272727,0.09090909090909091,0.45454545454545453,0.18181818181818182
2FK6,P54548,1,,,,,,,,,,,,,,,,,,,,,,,,,,,,,,,,,,,,,,,,,,,,,,,,,,,,,,,,,,,,,,,,,,,,,,,,,,,,,,,,,,,,,,,,,,,,,,,,,,,,,,,,,,,,,,,,,,,,,,,,,,,,,,,,,,,,,,,,8.0,1.76875,0.2313585652494537,92.377025,1.3191286363678516,3.5279546082019806,0.6436801742835997,0.65125,0.4335381841808829,,,,,,,,,,,,,,,,,,,,,,,,,,,,,,,,,,,,,,,,,,,,,,,,,,,,,,,,,,,,,,,,,,,,,,,,,,,,,,,,,,,,,,,,,,,,,,,,,,,,,,,,,,,,,,,,,,,,,,,,,,,,,,,307,53,0.08469055374592833,0.006514657980456026,0.05863192182410423,0.08469055374592833,0.04234527687296417,0.0781758957654723,0.029315960912052116,0.05863192182410423,0.0749185667752443,0.08794788273615635,0.016286644951140065,0.019543973941368076,0.04234527687296417,0.035830618892508145,0.04560260586319218,0.04560260586319218,0.06514657980456026,0.08794788273615635,0.003257328990228013,0.03257328990228013,0.18867924528301888,0.2830188679245283,0.32075471698113206,0.20754716981132076
5WZH,Q9C552,1,,,,,,,,,,,,,,,,,,,,,,,,,,,,,,,,,,,,,,,,,,,,,,,,,,,,,,,,,,,,,,,,,,,,,,,,,,,,,,,,,,,,,,,,,,,,,,,,,,,,,,,,,,,,,,,,,,,,,,,,,,,,,,,,,,,,,,,,,,,,,,,,,,,,,,,,,,,,,,,,,,,,,,,,,,,,,,,,,,,,,,,,,,,,,,,,,,,,,,,,,,,,,,,,,,,,,,,,,,,,,,,,,,,,,,,,,,,,,,,,,,,,,,,,,,,,,,,,,,,,,,,,,,,,,,,533,11,0.07317073170731707,0.03377110694183865,0.05065666041275797,0.0825515947467167,0.0375234521575985,0.04690431519699812,0.02626641651031895,0.06191369606003752,0.058161350844277676,0.13133208255159476,0.024390243902439025,0.03377110694183865,0.02626641651031895,0.0375234521575985,0.04878048780487805,0.09943714821763602,0.03564727954971857,0.054409005628517824,0.0075046904315197,0.0300187617260788,0.2727272727272727,0.09090909090909091,0.45454545454545453,0.18181818181818182
2OIH,P09012,1,,,,,,,,,,,,,,,,,,,,,,,,,,,,,,,,,,,,,,,,,,,,,,,,,,,,,,,11.0,1.431818181818182,0.9607998561804452,96.47087272727272,2.639449506655092,3.7158008488741783,0.6300510205996257,0.5654545454545455,0.4522690269378091,,,,,,,,,,,,,,,,,,,,,,,,,,,,,,,,,,,,,,,,,,,,,,,,,,,,,,,,,,,,,,,,5.0,1.23,0.1095445115010331,97.0702,0.9258673366093028,4.12660846710205,0.8881088930219313,0.548,0.5023644095673976,,,,,,,,,,11.0,1.122727272727273,0.0786245393106896,97.57320909090907,1.232566616824052,3.3741161823272705,0.7506550589322835,0.5390909090909092,0.4463732641064997,,,,,,,,,,,,,,,,,,,,,,,,,,,,,,,,,,,,,,,,,,,,,,,,,,,,,,,,,,,,,,,,,,,,,,,,,,,,,,,,,,,,,,,,,,,,,,,,,,,,,,,,,,,,,,,,,,,,,,95,73,0.06315789473684211,0.0,0.05263157894736842,0.042105263157894736,0.06315789473684211,0.031578947368421054,0.021052631578947368,0.10526315789473684,0.11578947368421053,0.07368421052631578,0.042105263157894736,0.05263157894736842,0.042105263157894736,0.042105263157894736,0.06315789473684211,0.08421052631578947,0.042105263157894736,0.031578947368421054,0.0,0.031578947368421054,0.136986301369863,0.3424657534246575,0.3424657534246575,0.1780821917808219
4WC2,O66728,1,,,,,,,,,,,,,,,,,,,,,,,,,,,,,,,,,,,,,,,,,,,,,,,,,,,,,,,,,,,,,,,,,,,,,,,,,,,,,,,,,,,,,,,,,,,,,,,,,,,,,,,,,,,,,,,,,,,,,,,,,,,,,,,,,,,,,,,,9.0,4.294444444444444,1.6074911439189263,77.42784444444445,3.2517117400344344,3.645937336815728,0.5828765492328636,0.3766666666666666,0.4386342439892262,,,,,,,,,,,,,,,,,,,,,,,,,,,,,,,,,,,,,,,,,,,,,,,,,,,,,,,,,,,,,,,,,,,,,,,,,,,,,,,,,,,,,,,,,,,,,,,,,,,,,,,,,,,,,,,,,,,,,,,,,,,,,,,367,75,0.05449591280653951,0.0,0.03814713896457766,0.12534059945504086,0.04087193460490463,0.05722070844686648,0.01907356948228883,0.0653950953678474,0.10626702997275204,0.16348773841961853,0.01907356948228883,0.02997275204359673,0.02452316076294278,0.010899182561307902,0.07901907356948229,0.02997275204359673,0.021798365122615803,0.0653950953678474,0.013623978201634877,0.035422343324250684,0.18666666666666668,0.29333333333333333,0.32,0.2
1VC6,P09012,1,,,,,,,,,,,,,,,,,,,,,,,,,,,,,,,,,,,,,,,,,,,,,,,,,,,,,,,11.0,1.5772727272727274,1.0633352332081445,95.64978181818182,2.87544703300832,3.7264205759221856,0.5985151983629577,0.5718181818181818,0.4550784148214059,,,,,,,,,,,,,,,,,,,,,,,,,,,,,,,,,,,,,,,,,,,,,,,,,,,,,,,,,,,,,,,,4.0,1.3749999999999998,0.0645497224367903,96.62545,0.264788777456045,3.940033555030823,0.842331246019601,0.69,0.4623851208678756,,,,,,,,,,11.0,1.2636363636363637,0.1002270150481123,96.88435454545456,1.3363453328864046,3.376037445935336,0.7476658099508192,0.5454545454545454,0.4490737943003051,,,,,,,,,,,,,,,,,,,,,,,,,,,,,,,,,,,,,,,,,,,,,,,,,,,,,,,,,,,,,,,,,,,,,,,,,,,,,,,,,,,,,,,,,,,,,,,,,,,,,,,,,,,,,,,,,,,,,,95,72,0.06315789473684211,0.0,0.05263157894736842,0.042105263157894736,0.06315789473684211,0.031578947368421054,0.021052631578947368,0.10526315789473684,0.11578947368421053,0.07368421052631578,0.042105263157894736,0.05263157894736842,0.042105263157894736,0.042105263157894736,0.06315789473684211,0.08421052631578947,0.042105263157894736,0.031578947368421054,0.0,0.031578947368421054,0.1388888888888889,0.3472222222222222,0.3472222222222222,0.16666666666666666
RNCMPT00147_min,B4PUT6,0,,,,,,,,,,,,,,,,,,,,,,,,,,,,,,,,,,,,,,,,,,,,,,,,,,,,,,,,,,,,,,,,,,,,,,,,,,,,,,,,,,,,,,,,,,,,,,,,,,,,,,,,,,,,,,,,,,,,,,3.0,14.483333333333334,0.9827681991870376,72.39313333333332,2.35888892772282,3.7157770792643223,0.7904123560937143,0.2933333333333333,0.0901849950564578,,,,,,,,,,,,,,,,,,,,,,,,,,,,,,,,,,,,,,,,,,,,,,,,,,,,,,,,,,,,,,,,,,,,,,,,,,,,,,,,,,,,,,,,,,,,,,,,,,,,,,,,,,,,,,,,,,,,,,,,,,,,,,,,,,,,,,,,,,,,,,,,,153,38,0.0718954248366013,0.006535947712418301,0.08496732026143791,0.05228758169934641,0.0718954248366013,0.058823529411764705,0.0,0.032679738562091505,0.10457516339869281,0.05228758169934641,0.0196078431372549,0.026143790849673203,0.026143790849673203,0.0392156862745098,0.11764705882352941,0.0718954248366013,0.06535947712418301,0.0718954248366013,0.0196078431372549,0.006535947712418301,0.23684210526315788,0.3157894736842105,0.18421052631578946,0.2631578947368421
RNCMPT00168_min,Q9NWB1,0,,,,,,,,,,,,,,,,,,,,,,,,,,,,,,,,,,,,,,,,,,,,,,,,,,,,,,,,,,,,,,,,,,,,,,,,,23.0,7.147826086956522,1.0949759504280494,75.46365217391305,5.139460423471211,3.533681905787924,0.7905512399407593,0.2352173913043478,0.14850373626207,3.0,11.283333333333331,0.971253485622231,69.43486666666666,2.551556327681856,3.862659931182861,0.2707291346289441,0.0933333333333333,0.0665832811847939,5.0,12.26,3.58179424311336,62.02344000000001,10.62041954646802,3.8229552268981934,0.5722125157362802,0.088,0.0580517010947999,2.0,7.225,0.6717514421272196,78.5835,1.3125316072384705,3.327789306640625,0.1727103673523058,0.32,0.1131370849898476,,,,,,,,,,3.0,6.266666666666667,0.7147260547463854,78.6159,1.5464845715363615,3.9881339073181152,0.1441259307010427,0.1899999999999999,0.1248999599679679,,,,,,,,,,,,,,,,,,,,,,,,,,,,,,,,,,,,,,,,,,,,,,,,,,,,,,,,,,,,,,,,,,,,,,,,,,,,,,,,,,,,,,,,,,,,,,,,,,,,,,,,,,,,,,,,,,,,,,,,,,,,,,,,,,,,,,,,,,,,,,,,,169,30,0.08284023668639054,0.005917159763313609,0.05325443786982249,0.0650887573964497,0.05325443786982249,0.07692307692307693,0.01775147928994083,0.029585798816568046,0.05325443786982249,0.04142011834319527,0.011834319526627219,0.07100591715976332,0.05917159763313609,0.07100591715976332,0.05325443786982249,0.05917159763313609,0.09467455621301775,0.07692307692307693,0.005917159763313609,0.01775147928994083,0.3,0.06666666666666667,0.26666666666666666,0.36666666666666664
7D7V,P09012,1,,,,,,,,,,,,,,,,,,,,,,,,,,,,,,,,,,,,,,,,,,,,,,,,,,,,,,,11.0,2.8045454545454542,3.076317160620353,89.07605454545455,5.556883877023816,3.633408893238415,0.4935693334407859,0.53,0.432087954009366,,,,,,,,,,,,,,,,,,,,,,,,,,,,,,,,,,,,,,,,,,,,,,,,,,,,,,,,,,,,,,,,4.0,1.9625,0.1547847968417225,89.58795,0.5526272673933753,3.994414746761322,0.6961172356804054,0.6525,0.4274244572631129,,,,,,,,,,11.0,1.7999999999999998,0.1717556403731766,90.78167272727272,1.5951653870937084,3.3926243782043457,0.7510084598917467,0.5281818181818182,0.4258125921533599,,,,,,,,,,,,,,,,,,,,,,,,,,,,,,,,,,,,,,,,,,,,,,,,,,,,,,,,,,,,,,,,,,,,,,,,,,,,,,,,,,,,,,,,,,,,,,,,,,,,,,,,,,,,,,,,,,,,,,92,57,0.06521739130434782,0.0,0.05434782608695652,0.043478260869565216,0.06521739130434782,0.03260869565217391,0.021739130434782608,0.10869565217391304,0.10869565217391304,0.07608695652173914,0.03260869565217391,0.05434782608695652,0.03260869565217391,0.043478260869565216,0.06521739130434782,0.08695652173913043,0.043478260869565216,0.03260869565217391,0.0,0.03260869565217391,0.14035087719298245,0.40350877192982454,0.3157894736842105,0.14035087719298245
5DNO,O74958,1,,,,,,,,,,,,,,,,,,,,,,,,,,,,,,,,,,,,,,,,,,,,,,,,,,,,,,,,,,,,,,,,,,,,,,,,,,,,,,,,,,,,,,,,,,,,,,,,,,,,,,,,,,,,,,,,,,,,,,,,,,,,,,,,,,,,,,,,,,,,,,,,,,,,,,,,,,,,,,,,,,,,,,,,,,,,,,,,,,,,,,,,,,,,,,,,,,,,,,,,,,,,,,,,,,,,,,,,,,,,,,,,,,,,,,,,,,,,,,,,,,,,,,,,,,,,,,,,,,,,,,,,,,,,,,,165,7,0.08484848484848485,0.01818181818181818,0.06060606060606061,0.06060606060606061,0.030303030303030304,0.048484848484848485,0.03636363636363636,0.09090909090909091,0.06060606060606061,0.048484848484848485,0.048484848484848485,0.04242424242424243,0.012121212121212121,0.01818181818181818,0.07272727272727272,0.11515151515151516,0.03636363636363636,0.05454545454545454,0.01818181818181818,0.04242424242424243,0.42857142857142855,0.2857142857142857,0.0,0.2857142857142857
RNCMPT00284_min,A0A5S9WUV3,0,,,,,,,,,,,,,,,,,,,,,,,,,,,,,,,,,,,,,,,,,,,,,,3.0,5.766666666666667,0.2254624876411448,80.02839999999999,1.7733957623722858,3.702391703923544,0.3838228764962787,0.3266666666666666,0.2573583752927682,,,,,,,,,,,,,,,,,,,,,,,,,,,,,,,,,,,,,,,,,,,,,,,,,,,,,,,,,,,,,,,,,,,,,,,,,,,,,,,,,,,,,,,,,,,,,,,,,,,,,,,,,,,,,,,,,,,,,,,,,,,,,,,,,,,,,,,,,,,,,,,,,,,,,,,,,,,,,,,,,,,,,,,,,,,,,,,,,,,,,,,,,,,,,,,,,,,,,,,,,,,,,,,,,,,,,,,,,143,38,0.08391608391608392,0.013986013986013986,0.03496503496503497,0.04195804195804196,0.04895104895104895,0.11188811188811189,0.013986013986013986,0.04895104895104895,0.02097902097902098,0.06293706293706294,0.013986013986013986,0.04895104895104895,0.11188811188811189,0.03496503496503497,0.08391608391608392,0.04895104895104895,0.055944055944055944,0.055944055944055944,0.006993006993006993,0.055944055944055944,0.3684210526315789,0.18421052631578946,0.23684210526315788,0.21052631578947367
RNCMPT00291_min,A0A8C2TNY1,0,,,,,,,,,,,,,,,,,,,,,,,,,,,,,,,,,,,,,,,,,,,,,,,,,,,,,,,,,,,,,,,,,,,,,,,,,,,,,,,,,,,,,,,,,,,,,,,,,,,,,,,,,,,,,,,,,,,,,,,,,,,,,,,,,,,,,,,,,,,,,,,,,,,,,,,,,,,,,,,,,,,,,,,,,,,,,,,,,,,,,,,,,,,,,,,,,,,,,,,,,,,,,,,,,,,,,,,,,,,,,,,,,,,,,,,,,,,,,,,,,,,,,,,,,,,,,,,,,,,,,,,,,,,,,,,340,35,0.08235294117647059,0.011764705882352941,0.052941176470588235,0.07941176470588235,0.03823529411764706,0.09411764705882353,0.014705882352941176,0.05588235294117647,0.07352941176470588,0.07058823529411765,0.026470588235294117,0.05,0.05,0.026470588235294117,0.07058823529411765,0.026470588235294117,0.047058823529411764,0.07647058823529412,0.008823529411764706,0.04411764705882353,0.17142857142857143,0.3142857142857143,0.2857142857142857,0.22857142857142856
RNCMPT00096_min,P07909,0,,,,,,,,,,,,,,,,,,,,,,,,,,,,,,,,,,,,,,,,,,,,,,,,,,,,,,,,,,,,,,,,3.0,9.4,0.7466592261534035,77.55756666666667,0.8185654545198755,3.763261795043945,0.2980136010820384,0.2433333333333333,0.1607275126832159,,,,,,,,,,,,,,,,,,,,,,,,,,,,,,,,,,,,,4.0,10.35,1.2301761391497297,72.88582500000001,1.703294706101481,3.1534129977226257,0.4143094355354456,0.06,0.0081649658092772,,,,,,,,,,,,,,,,,,,,,,,,,,,,,,,,,,,,,,,,,,,,,,,,,,,,,,,,,,,,,,,,,,,,,,,,,,,,,,,,,,,,,,,,,,,,,,,,,,,,,,,,,,,,,,,,,,,,,,,,,,,,,,,,,,,,,,,,,,,,,,,,,,,,,,,,,,191,38,0.041884816753926704,0.0,0.11518324607329843,0.04712041884816754,0.05759162303664921,0.07853403141361257,0.03664921465968586,0.06282722513089005,0.10471204188481675,0.041884816753926704,0.020942408376963352,0.03664921465968586,0.04712041884816754,0.05759162303664921,0.05759162303664921,0.041884816753926704,0.03664921465968586,0.08900523560209424,0.005235602094240838,0.020942408376963352,0.2631578947368421,0.34210526315789475,0.21052631578947367,0.18421052631578946
5I9F,5I9F,1,,,,,,,,,,,,,,,,,,,,,,,,,,,,,,,,,,,,,,,,,,,,,,,,,,,,,,,,,,,,,,,,,,,,,,,,,60.0,1.3524999999999998,0.2322376412942103,96.37455,0.9239566793168588,3.723622767130534,0.5873160971056378,0.4974999999999999,0.4704041716925591,,,,,,,,,,,,,,,,,,,,,,,,,,,,,,,,,,,,,,,,,,,,,,,,,,,,,,,,,,,,,,,,,,,,,,,,,,,,,,,,,,,,,,,,,,,,,,,,,,,,,,,,,,,,,,,,,,,,,,8.0,1.43125,0.217021230034562,94.949925,1.144429655517794,3.7337456345558167,0.549747397077718,0.61375,0.4590965506918374,,,,,,,,,,,,,,,,,,,,,,,,,,,,,,,,,,,,,18.0,1.2638888888888888,0.1853498723047812,95.84953333333334,1.90960207712004,3.634357730547587,0.0947280568006943,0.9594444444444444,0.0162597381580184,19.0,2.026315789473684,0.6856400944965854,92.51565263157894,4.736616340263776,3.4903979552419564,0.459797232344745,0.0010526315789473,0.003153017676423,28.0,1.575,0.4800655819395544,94.89058214285716,3.6019886791165985,4.135843055588858,0.4524837319866626,0.0921428571428571,0.1271731727724675,388,11,0.061855670103092786,0.028350515463917526,0.07731958762886598,0.11855670103092783,0.03350515463917526,0.08247422680412371,0.0,0.05154639175257732,0.13144329896907217,0.13917525773195877,0.02577319587628866,0.02577319587628866,0.028350515463917526,0.002577319587628866,0.01804123711340206,0.002577319587628866,0.05670103092783505,0.08505154639175258,0.0,0.030927835051546393,0.0,0.09090909090909091,0.0,0.9090909090909091
RNCMPT00280_min,B4F6J4,0,3.0,11.516666666666666,6.077074405775639,56.81303333333333,18.96950994736905,2.853532870610555,1.78571015659217,0.1266666666666666,0.202072594216369,,,,,,,,,,,,,,,,,,,,,,,,,,,,,,,,,,,,,,,,,,,,,,,,,,,,,,,,,,,,,,,,,,,,,,,,,,,,,,,,,,,,,,,,,,,,,,,,,,,,,,,,,,,,,,,,,,,,,,,,,,,,,,,,,,,,,,,,,,,,,,,,,,,,,,,,,,,,,,,,,,,,,,,,,,,,,,,,,,,,,,,,,,,,,,,,,,,,,,,,,,,,,,,,,,,,,,,,,,,,,,,,,,,,,,,,,,,,,,,,,,,,,,,,,,,,,,,,,,,,,,340,30,0.08235294117647059,0.020588235294117647,0.047058823529411764,0.09705882352941177,0.03823529411764706,0.08235294117647059,0.011764705882352941,0.05588235294117647,0.06764705882352941,0.052941176470588235,0.03823529411764706,0.03529411764705882,0.05588235294117647,0.029411764705882353,0.06764705882352941,0.03529411764705882,0.04411764705882353,0.08235294117647059,0.008823529411764706,0.047058823529411764,0.23333333333333334,0.16666666666666666,0.36666666666666664,0.23333333333333334
RNCMPT00151_min,Q9BTD8,0,2.0,10.75,0.282842712474618,69.2308,1.5645444640533614,3.610053777694702,1.9311696102935287,0.04,0.0141421356237309,,,,,,,,,,,,,,,,,,,,,,,,,,,,,,,,,,,,,5.0,13.56,1.672722332008514,77.1419,2.603833009238496,3.8781158447265622,0.8780856516528641,0.148,0.1541752249876743,,,,,,,,,,,,,,,,,,,,,,,,,,,,,,,,,,,,,,,,,,,,,,,,,,,,,,,,,,,,,,,,,,,,,,,,,,,,,,,,,,,,,,,,,,,,,,,,,,,,,,,,,,,,,,,,,,,,,,,,,,,,,,,,,,,,,,,,,,,,,,,,,,,,,,,,,,,,,,,,,,,,,,,,,,,,,,,,,,,,,,,,,,,,,,,,,,,,,,,,,,,,,,,,,,,,,,,,,148,38,0.05405405405405406,0.013513513513513514,0.08783783783783784,0.060810810810810814,0.0472972972972973,0.08108108108108109,0.0,0.033783783783783786,0.14864864864864866,0.08783783783783784,0.02702702702702703,0.02702702702702703,0.05405405405405406,0.006756756756756757,0.0945945945945946,0.060810810810810814,0.02027027027027027,0.05405405405405406,0.02027027027027027,0.02027027027027027,0.15789473684210525,0.42105263157894735,0.23684210526315788,0.18421052631578946
5I9G,5I9G,1,,,,,,,,,,,,,,,,,,,,,,,,,,,,,,,,,,,,,,,,,,,,,,,,,,,,,,,,,,,,,,,,,,,,,,,,,,,,,,,,,,,,,,,,,,,,,,,,,,,,,,,,,,,,,,,,,,,,,,,,,,,,,,,,,,,,,,,,,,,,,,,,,,,,,,,,,,,,,,,,,,,,,,,,,,,,,,,,,,,,,,,,,,,,,,,,,,,,,,,,,,,,,,,,,,,,,,,,,,,,,,,,,,,,,,,,,,,,,,,,,,,,14.0,1.0107142857142857,0.0944184047992506,97.2368,0.9110766217883256,3.587575895445688,0.1539641731231484,0.9885714285714284,0.0066299354413179,20.0,1.7725000000000002,0.6773545678050129,94.19953,3.627912989454493,3.5617165327072144,0.5841427969792319,0.001,0.0030779350562554,28.0,1.2982142857142858,0.3542028459578721,96.67823571428572,2.252271364844713,4.126365917069571,0.4806074342823708,0.0928571428571428,0.1431615803741985,375,12,0.058666666666666666,0.02666666666666667,0.07466666666666667,0.11733333333333333,0.029333333333333333,0.08266666666666667,0.0,0.05333333333333334,0.13333333333333333,0.144,0.02666666666666667,0.02666666666666667,0.029333333333333333,0.0026666666666666666,0.010666666666666666,0.008,0.058666666666666666,0.088,0.0,0.029333333333333333,0.0,0.25,0.08333333333333333,0.6666666666666666
2RD2,P00962,1,,,,,,,,,,14.0,1.4392857142857145,0.1631169606667033,96.27560000000004,1.133144953725623,3.681216767856053,0.717434693477548,0.5835714285714285,0.4453798230872014,,,,,,,,,,,,,,,,,,,,,,,,,,,,,,,,,,,,,,,,,,,,,,,,,,,,,,,,,,,,,,,,,,,,,,,,,,,,,,,,,,,,,,,,,,,,,,,,,,,,,,,,,,,,,,,,,,,,,,,,,,,,,,,,,,,,,,,,11.0,1.4409090909090911,0.1428603895734955,95.17032727272728,0.8683664895548523,3.4798629717393355,0.6143413443149592,0.2163636363636364,0.348117012720514,4.0,2.125,0.3926406329796581,90.124125,0.5633023721767912,3.982720732688904,0.581561844179747,0.0075,0.015,6.0,1.5166666666666666,0.1125462867742275,94.67283333333334,0.3490274124859924,4.507468183835347,0.6505879674064545,0.2083333333333333,0.2507920785564541,4.0,1.2125,0.0853912563829965,95.931525,0.2802418048162452,3.727730870246887,0.852529652523784,0.4725,0.5212405075074908,4.0,1.375,0.1443375672974063,94.7217,0.2057951084614648,3.104987055063248,1.6029122762778454,0.045,0.09,,,,,,,,,,,,,,,,,,,,,,,,,,,,,,,,,,,,,,,,,,,,,,,,,,,,,,,,,,,,,,,,,,,,,,,,,529,74,0.0661625708884688,0.017013232514177693,0.0661625708884688,0.08128544423440454,0.045368620037807186,0.05860113421550094,0.030245746691871456,0.0661625708884688,0.052930056710775046,0.07561436672967864,0.020793950850661626,0.05103969754253308,0.04914933837429111,0.02835538752362949,0.07372400756143667,0.04914933837429111,0.05103969754253308,0.062381852551984876,0.013232514177693762,0.04158790170132325,0.20270270270270271,0.3108108108108108,0.28378378378378377,0.20270270270270271
3I5X,P15424,1,,,,,,,,,,,,,,,,,,,,,,,,,,,,,,,,,,,,,,,,,,,,,,,,,,,,,,,,,,,,,,,,,,,,,,,,,61.0,3.518032786885245,0.4659249570196583,85.84244098360655,2.181975026619772,3.790191257586245,0.8674773845189793,0.0865573770491803,0.1212832118899346,4.0,5.0125,0.451617463494641,80.23750000000001,3.274324713076984,2.8274399638175964,0.6303722350156294,0.055,0.0288675134594812,6.0,4.266666666666667,0.3544949458972113,83.85941666666668,1.031067866663813,3.808826128641764,0.8246078514603603,0.0483333333333333,0.0449073119510249,,,,,,,,,,,,,,,,,,,,,,,,,,,,,,,,,,,,,,,,,,,,,,,,,,,,,,,,,,,,,,,,,,,,,,,,,,,,,,,,,,,,,,,,,,,,,,,,,,,,6.0,4.95,0.3619392214170769,79.26875,3.6947304690599534,3.540434102217356,1.3730958252034846,0.0866666666666666,0.082138095100061,,,,,,,,,,,,,,,,,,,,,,,,,,,,,,,,,,,,,,,,,,,,,,,,,,,,,,,,,,,,,,,,509,10,0.05893909626719057,0.011787819253438114,0.06483300589390963,0.08447937131630648,0.05108055009823183,0.0412573673870334,0.019646365422396856,0.09430255402750491,0.10216110019646366,0.09233791748526522,0.015717092337917484,0.043222003929273084,0.03929273084479371,0.023575638506876228,0.05108055009823183,0.07072691552062868,0.04518664047151277,0.068762278978389,0.0,0.021611001964636542,0.0,0.0,0.0,1.0
4N2Q,I1HB13,1,3.0,2.0500000000000003,0.1732050807568876,90.58336666666666,1.519513903632785,3.667153517405192,0.3391514416823935,0.3466666666666667,0.2995552258488129,,,,,,,,,,,,,,,,,,,,,,,,,,,,,,,,,,,,,,,,,,,,,,,,,,,,,,,,,,,,,,,,,,,,,,,,,,,,,,,,,,,,,,,,,,,,,,,,,,,,,,,,,,,,,,,,,,,,,,,,,,,,,,,,,,,,,,,,,,,,,,,,,,,,,,,,,,,,,,,,,,,,,,,,,,,,,,,,,,,,,,,,,,,,,,,,,,,,,,,,,,,,,,,,,,,,,,,,,,,,,,,,,,,,,,,,,,,,,,,,,,,,,,,,,,,,,,,,,,,,,,198,5,0.2222222222222222,0.005050505050505051,0.05555555555555555,0.09595959595959595,0.010101010101010102,0.06060606060606061,0.020202020202020204,0.010101010101010102,0.03535353535353535,0.10606060606060606,0.020202020202020204,0.005050505050505051,0.04040404040404041,0.015151515151515152,0.08585858585858586,0.05555555555555555,0.025252525252525252,0.07575757575757576,0.025252525252525252,0.030303030303030304,0.8,0.0,0.2,0.0
5I9H,5I9H,1,,,,,,,,,,,,,,,,,,,,,,,,,,,,,,,,,,,,,,,,,,,,,,,,,,,,,,,,,,,,,,,,,,,,,,,,,,,,,,,,,,,,,,,,,,,,,,,,,,,,,,,,,,,,,,,,,,,,,,,,,,,,,,,,,,,,,,,,,,,,,,,,,,,,,,,,,,,,,,,,,,,,,,,,,,,,,,,,,,,,,,,,,,,,,,,,,,,,,,,9.0,1.588888888888889,0.4075673086879161,95.06693333333332,1.394608380514042,3.8256989320119215,0.6606695036381338,0.6477777777777778,0.4347349128428086,,,,,,,,,,,,,,,,,,,,,,,,,,,,,,,,,,,,,18.0,1.1777777777777778,0.2101975416981552,96.27515,1.605058223334629,3.49738966094123,0.1084019204663223,0.9916666666666666,0.0061834694240084,16.0,2.053125,0.6168383769946009,93.06964375,3.353799478793912,3.775737300515175,0.3936821691674632,0.000625,0.0025,28.0,1.642857142857143,0.5685775437707888,95.00086785714286,3.5168756718358405,3.990178942680359,0.4430791222174502,0.1139285714285714,0.1543766266542408,368,11,0.057065217391304345,0.029891304347826088,0.07608695652173914,0.11956521739130435,0.02717391304347826,0.08152173913043478,0.0,0.05434782608695652,0.13043478260869565,0.14130434782608695,0.02717391304347826,0.021739130434782608,0.029891304347826088,0.0,0.01358695652173913,0.002717391304347826,0.06521739130434782,0.08967391304347826,0.0,0.03260869565217391,0.0,0.09090909090909091,0.18181818181818182,0.7272727272727273
5Z4J,Q9VI58,1,,,,,,,,,,,,,,,,,,,,,,,,,,,,,,,,,,,,,,,,,,,,,,,,,,,,,,,,,,,,,,,,,,,,,,,,,,,,,,,,,,16.0,0.996875,0.1161446655397196,98.627725,0.4502198137206616,3.875872731208801,0.7092922409575229,0.46875,0.4782729346304262,9.0,1.1277777777777778,0.0794949334514121,98.29763333333332,0.5505421373519025,3.648827870686849,0.6692456139553549,0.5844444444444444,0.4067588693289647,,,,,,,,,,,,,,,,,,,,,,,,,,,,,,,,,,,,,,,,,,,,,,,,,,,,,,,,,,,,,,,,,,,,,,,,,,,,,,,,,,,,,,,,,,,,,,,,,,,,7.0,1.342857142857143,0.1643892013600939,96.41038571428574,1.1599257195018575,3.935077667236328,0.770194541670454,0.3514285714285714,0.3892055400183204,,,,,,,,,,,,,,,,,,,,,,,,,,,,,,,,,,,,,,,,,,,,,,,,,,,,,,,,,,,,,,,,349,4,0.0659025787965616,0.03151862464183381,0.04297994269340974,0.054441260744985676,0.06017191977077364,0.03724928366762178,0.02005730659025788,0.08022922636103152,0.06876790830945559,0.10028653295128939,0.025787965616045846,0.045845272206303724,0.04871060171919771,0.06017191977077364,0.04011461318051576,0.04297994269340974,0.05157593123209169,0.07163323782234957,0.008595988538681949,0.04297994269340974,0.0,0.0,0.0,1.0
2DRA,O28126,1,,,,,,,,,,,,,,,,,,,,,,,,,,,,,,,,,,,,,,,,,,,,,,,,,,,,,,,,,,,,,,,,,,,,,,,,,,,,,,,,,,,,,,,,,,,,,,,,,,,,,,,,,,,,,,,,,,,,,,,,,,,,,,,,,,,,,,,,11.0,1.0636363636363635,0.185864075456917,98.0835909090909,1.1193384559234496,3.6618638688867744,0.570279796780779,0.4845454545454545,0.4975211279204861,,,,,,,,,,,,,,,,,,,,,,,,,,,,,,,,,,,,,,,,,,,,,,,,,,,,,,,,,,,,,,,,4.0,0.9875,0.0853912563829966,98.406775,0.1898894656548,3.3146421909332275,0.4805333425023053,0.245,0.4833563212924119,,,,,,,,,,,,,,,,,,,,,,,,,,,,,,,,,,,,,,,,,,,,,,,,,,,,,,,437,34,0.05263157894736842,0.013729977116704805,0.034324942791762014,0.14187643020594964,0.07322654462242563,0.06178489702517163,0.018306636155606407,0.04576659038901602,0.08237986270022883,0.08924485125858124,0.016018306636155607,0.032036613272311214,0.041189931350114416,0.006864988558352402,0.09153318077803203,0.041189931350114416,0.02517162471395881,0.08695652173913043,0.013729977116704805,0.032036613272311214,0.058823529411764705,0.4117647058823529,0.38235294117647056,0.14705882352941177
3NNC,Q92879,1,,,,,,,,,,,,,,,,,,,,,,,,,,,,,,,,,,,,,,,,,,,,,,,,,,,,,,,,,,,,,,,,,,,,,,,,,,,,,,,,,,,,,,,,,,,,,,,,,,,,,,,,,,,,,,,,,,,,,,,,,,,,,,,,,,,,,,,,,,,,,,,,,,,,,,,,,,,,,,,,,,,,,,,,,,,,,,,,,,,,,,,,,,,,,,,,,,,,,,,,,,,,,,,,,,,,,,,,,,,,,,,,,,,,,,,,,,,,,,,,,,,,,,,,,,,,,,,,,,,,,,,,,,,,,,,175,7,0.08571428571428572,0.03428571428571429,0.045714285714285714,0.06285714285714286,0.05714285714285714,0.05714285714285714,0.022857142857142857,0.05142857142857143,0.06857142857142857,0.05142857142857143,0.05714285714285714,0.04,0.045714285714285714,0.05714285714285714,0.06285714285714286,0.06285714285714286,0.05142857142857143,0.06285714285714286,0.005714285714285714,0.017142857142857144,0.0,0.0,0.42857142857142855,0.5714285714285714
RNCMPT00133_min,Q01617,0,,,,,,,,,,,,,,,,,,,,,,,,,,,,,,,,,,,,,,,,,,,,,,,,,,,,,,,,,,,,,,,,,,,,,,,,,,,,,,,,,,,,,,,,,,,,,,,,,,,,,,,,,,,,,,,,,,,,,,,,,,,,,,,,,,,,,,,,,,,,,,,,,,,,,,,,,,,,,,,,,,,,,,,,,,,,,,,,,,,,,,,,,,,,,,,,,,,,,,,,,,,,,,,,,,,,,,,,,,,,,,,,,,,,,,,,,,,,,,,,,,,,,,,,,,,,,,,,,,,,,,,,,,,,,,,183,38,0.09836065573770492,0.0,0.03278688524590164,0.0546448087431694,0.04371584699453552,0.07103825136612021,0.03278688524590164,0.01092896174863388,0.04918032786885246,0.09836065573770492,0.03278688524590164,0.07103825136612021,0.08196721311475409,0.03278688524590164,0.03278688524590164,0.11475409836065574,0.06557377049180328,0.04918032786885246,0.00546448087431694,0.02185792349726776,0.34210526315789475,0.10526315789473684,0.3684210526315789,0.18421052631578946
RNCMPT00223_min,Q4Q5K7,0,,,,,,,,,,,,,,,,,,,,,,,,,,,,,,,,,,,,,,,,,,,,,,,,,,,,,,,,,,,,,,,,,,,,,,,,,,,,,,,,,,,,,,,,,,,,,,,,,,,,,,,,,,,,,,,,,,,,,,,,,,,,,,,,,,,,,,,,,,,,,,,,,,,,,,,,,,,,,,,,,,,,,,,,,,,,,,,,,,,,,,,,,,,,,,,,,,,,,,,,,,,,,,,,,,,,,,,,,,,,,,,,,,,,,,,,,,,,,,,,,,,,,,,,,,,,,,,,,,,,,,,,,,,,,,,217,30,0.1889400921658986,0.004608294930875576,0.018433179723502304,0.05069124423963134,0.04608294930875576,0.041474654377880185,0.02304147465437788,0.018433179723502304,0.10138248847926268,0.05069124423963134,0.009216589861751152,0.04608294930875576,0.059907834101382486,0.03225806451612903,0.06912442396313365,0.06451612903225806,0.03686635944700461,0.10599078341013825,0.004608294930875576,0.027649769585253458,0.13333333333333333,0.3333333333333333,0.3333333333333333,0.2
2RE8,P00962,1,,,,,,,,,,14.0,1.4392857142857145,0.1631169606667033,96.27560000000004,1.133144953725623,3.681216767856053,0.717434693477548,0.5835714285714285,0.4453798230872014,,,,,,,,,,,,,,,,,,,,,,,,,,,,,,,,,,,,,,,,,,,,,,,,,,,,,,,,,,,,,,,,,,,,,,,,,,,,,,,,,,,,,,,,,,,,,,,,,,,,,,,,,,,,,,,,,,,,,,,,,,,,,,,,,,,,,,,,11.0,1.4409090909090911,0.1428603895734955,95.17032727272728,0.8683664895548523,3.4798629717393355,0.6143413443149592,0.2163636363636364,0.348117012720514,4.0,2.125,0.3926406329796581,90.124125,0.5633023721767912,3.982720732688904,0.581561844179747,0.0075,0.015,6.0,1.5166666666666666,0.1125462867742275,94.67283333333334,0.3490274124859924,4.507468183835347,0.6505879674064545,0.2083333333333333,0.2507920785564541,4.0,1.2125,0.0853912563829965,95.931525,0.2802418048162452,3.727730870246887,0.852529652523784,0.4725,0.5212405075074908,4.0,1.375,0.1443375672974063,94.7217,0.2057951084614648,3.104987055063248,1.6029122762778454,0.045,0.09,,,,,,,,,,,,,,,,,,,,,,,,,,,,,,,,,,,,,,,,,,,,,,,,,,,,,,,,,,,,,,,,,,,,,,,,,529,74,0.0661625708884688,0.017013232514177693,0.0661625708884688,0.08128544423440454,0.045368620037807186,0.05860113421550094,0.030245746691871456,0.0661625708884688,0.052930056710775046,0.07561436672967864,0.020793950850661626,0.05103969754253308,0.04914933837429111,0.02835538752362949,0.07372400756143667,0.04914933837429111,0.05103969754253308,0.062381852551984876,0.013232514177693762,0.04158790170132325,0.20270270270270271,0.3108108108108108,0.28378378378378377,0.20270270270270271
3MOJ,P42305,1,,,,,,,,,,,,,,,,,,,,,,,,,,,,,,,,,,,,,,,,,,,,,,,,,,,,,,,,,,,,,,,,,,,,,,,,,,,,,,,,,,,,,,,,,,,,,,,,,,,,,,,,,,,,,,,,,,,,,,,,,,,,,,,,,,,,,,,,,,,,,,,,,,,,,,,,,,,,,,,,,,,,,,,,,,,,,,,,,,,,,,,,,,,,,,,,,,,,,,,,,,,,,,,,,,,,,,,,,,,,,,,,,,,,,,,,,,,,,,,,,,,,,,,,,,,,,,,,,,,,,,,,,,,,,,,75,69,0.06666666666666667,0.0,0.06666666666666667,0.013333333333333334,0.02666666666666667,0.10666666666666667,0.013333333333333334,0.10666666666666667,0.17333333333333334,0.05333333333333334,0.04,0.08,0.013333333333333334,0.013333333333333334,0.013333333333333334,0.02666666666666667,0.05333333333333334,0.10666666666666667,0.0,0.02666666666666667,0.21739130434782608,0.2318840579710145,0.30434782608695654,0.2463768115942029
5ZW4,O32036,1,,,,,,,,,,,,,,,,,,,,,,,,,,,,,,,,,,,,,,,,,,,,,,,,,,,,,,,,,,,,,,,,,,,,,,,,,,,,,,,,,,,,,,,,,,,,,,,,,,,,,,,,,,,,,,,,,,,,,,,,,,,,,,,,,,,,,,,,,,,,,,,,,,,,,,,,,,,,,,,,,,,,,,,,,,,,,,,,,,,,,,,,,,,,,,,,,,,,,,,,,,,,,,,,,,,,,,,,,,,,,,,,,,,,,,,,,,,,,,,,,,,,,,,,,,,,,,,,,,,,,,,,,,,,,,,216,16,0.08796296296296297,0.0,0.06944444444444445,0.09259259259259259,0.027777777777777776,0.041666666666666664,0.037037037037037035,0.09722222222222222,0.07407407407407407,0.08796296296296297,0.023148148148148147,0.041666666666666664,0.05092592592592592,0.032407407407407406,0.05555555555555555,0.027777777777777776,0.027777777777777776,0.06481481481481481,0.004629629629629629,0.05555555555555555,0.0625,0.375,0.3125,0.25
6XH1,6XH1,1,,,,,,,,,,,,,,,,,,,,,,,,,,,,,,,,,,,,,,,,,,,,,,,,,,,,,,,,,,,,,,,,,,,,,,,,,,,,,,,,,,,,,,,,,,,,,,,,,,,,,,,,,,,,,,,,,,,,,,,,,,,,,,,,,,,,,,,,,,,,,,,,,,,,,,,,,,,,,,,,,,,,,,,,,,,,,,,,,,,,,,,,,,,,,,,,,,,,,,,,,,,,,,,,,,,,,,,,,,,,,,,,,,,,,,,,,,,,,,,,,,,,,,,,,,,,,,,,,,,,,,,,,,,,,,,86,27,0.06976744186046512,0.0,0.046511627906976744,0.023255813953488372,0.06976744186046512,0.03488372093023256,0.023255813953488372,0.09302325581395349,0.10465116279069768,0.06976744186046512,0.023255813953488372,0.05813953488372093,0.05813953488372093,0.046511627906976744,0.09302325581395349,0.06976744186046512,0.046511627906976744,0.03488372093023256,0.0,0.03488372093023256,0.14814814814814814,0.2962962962962963,0.3333333333333333,0.2222222222222222
4D25,O01378,1,,,,,,,,,,,,,,,,,,,,,,,,,,,,,,,,,,,,,,,,,,,,,,,,,,,,,,,,,,,,,,,,,,,,,,,,,,,,,,,,,,,,,,,,,,,,,,,,,,,,,,,,,,,,,,,,,,,,,,,,,,,,,,,,,,,,,,,,,,,,,,,,,,,,,,,,,,,,,,,,,,,,,,,,,,,,,,,,,,,,,,,,,,,,,,,,,,,,,,,,,,,,,,,,,,,,,,,,,,,,,,,,,,,,,,,,,,,,,,,,,,,,,,,,,,,,,,,,,,,,,,,,,,,,,,,427,6,0.07259953161592506,0.0117096018735363,0.06323185011709602,0.05620608899297424,0.04918032786885246,0.06557377049180328,0.02107728337236534,0.07494145199063232,0.05620608899297424,0.08196721311475409,0.02810304449648712,0.0468384074941452,0.04449648711943794,0.04449648711943794,0.06088992974238876,0.06323185011709602,0.05152224824355972,0.08430913348946135,0.0,0.0234192037470726,0.3333333333333333,0.16666666666666666,0.16666666666666666,0.3333333333333333
1G2E,P26378,1,,,,,,,,,,,,,,,,,,,,,,,,,,,,,,,,,,,,,,,,,,,,,,,,,,,,,,,,,,,,,,,,,,,,,,,,,,,,,,,,,,,,,,,,,,,,,,,,,,,,,,,,,,,,,,,,,,,,,,,,,,,,,,,,,,,,,,,,,,,,,,,,,,,,,,,,,,,,,,,,,,,,,,,,,,,,,,,,,,,,,,,,,,,,,,,,,,,,,,,,,,,,,,,,,,,,,,,,,,,,,,,,,,,,,,,,,,,,,,,,,,,,,,,,,,,,,,,,,,,,,,,,,,,,,,,167,10,0.05389221556886228,0.005988023952095809,0.03592814371257485,0.0658682634730539,0.041916167664670656,0.08383233532934131,0.0,0.08982035928143713,0.07784431137724551,0.08383233532934131,0.011976047904191617,0.04790419161676647,0.03592814371257485,0.05389221556886228,0.059880239520958084,0.08383233532934131,0.0718562874251497,0.059880239520958084,0.0,0.03592814371257485,0.3,0.0,0.0,0.7
2XS2,Q64368,1,,,,,,,,,,,,,,,,,,,,,,,,,,,,,,,,,,,,,,,,,,,,,,4.0,1.4875,0.3198306843732581,92.89735,1.7307934837332095,4.083447813987732,0.5315009760366114,0.355,0.2805352027821107,,,,,,,,,,,,,,,,,,,,,,,,,,,,,,,,,,,,,,,,,,,,,,,,,,,,,,,,,,,,,,,,,,,,,,,,,,,,,,,,,,,,,,,,,,,,,,,,,,,,,,,,,,,,,,,,,,,,,,,,,,,,,,,,,,,,,,,,,,,,,,,,,,,,,,,,,,,,,,,,,,,8.0,2.3687500000000004,0.4651708595467139,88.7069375,1.4318775375982993,3.908004879951477,0.7478897734672624,0.3375,0.2493276673662305,,,,,,,,,,,,,,,,,,,,,,,,,,,,,,,,,,,,,,,,,,,,,,88,7,0.022727272727272728,0.0,0.056818181818181816,0.056818181818181816,0.06818181818181818,0.10227272727272728,0.022727272727272728,0.09090909090909091,0.10227272727272728,0.03409090909090909,0.022727272727272728,0.03409090909090909,0.03409090909090909,0.03409090909090909,0.056818181818181816,0.056818181818181816,0.045454545454545456,0.125,0.0,0.03409090909090909,0.0,0.14285714285714285,0.14285714285714285,0.7142857142857143
RNCMPT00197_min,W7FRV9,0,,,,,,,,,,,,,,,,,,,,,,,,,,,,,,,,,,,,,,,,,,,,,,4.0,16.6,0.7187952884282601,64.86075,4.0131953740130815,4.076125264167786,0.6158932829389964,0.185,0.1408308678285174,,,,,,,,,,,,,,,,,,,,,,,,,,,,,,,,,,,,,,,,,,,,,,,,,,,,,,,,,,,,,,,,,,,,,,,,,,,,,,,,,,,,,,,,,,,,,,,,,,,,,,,,,,,,,,,,,,,,,,,,,,,,,,,,,,,,,,,,,,,,,,,,,,,,,,,,,,,,,,,,,,,,,,,,,,,,,,,,,,,,,,,,,,,,,,,,,,,,,,,,,,,,,,,,,,,,,,,,,271,38,0.07011070110701106,0.0036900369003690036,0.025830258302583026,0.04797047970479705,0.04797047970479705,0.08118081180811808,0.04797047970479705,0.04059040590405904,0.06642066420664207,0.04059040590405904,0.02952029520295203,0.06273062730627306,0.07011070110701106,0.06642066420664207,0.025830258302583026,0.07380073800738007,0.055350553505535055,0.05904059040590406,0.014760147601476014,0.07011070110701106,0.2631578947368421,0.23684210526315788,0.34210526315789475,0.15789473684210525
RNCMPT00158_min,Q17RY0,0,,,,,,,,,,,,,,,,,,,,,,,,,,,,,,,,,,,,,,,,,,,,,,,,,,,,,,,,,,,,,,,,,,,,,,,,,,,,,,,,,,,,,,,,,,,,,,,,,,,,,,,,,,,,,,,,,,,,,,,,,,,,,,,,,,,,,,,,,,,,,,,,,,,,,,,,,,,,,,,,,,,,,,,,,,,,,,,,,,,,,,,,,,,,,,,,,,,,,,,,,,,,,,,,,,,,,,,,,,,,,,,,,,,,,,,,,,,,,,,,,,,,,,,,,,,,,,,,,,,,,,,,,,,,,,,278,35,0.06474820143884892,0.039568345323741004,0.08273381294964029,0.0539568345323741,0.05755395683453238,0.08992805755395683,0.017985611510791366,0.050359712230215826,0.046762589928057555,0.07553956834532374,0.014388489208633094,0.014388489208633094,0.07194244604316546,0.050359712230215826,0.06474820143884892,0.0683453237410072,0.017985611510791366,0.06474820143884892,0.01079136690647482,0.04316546762589928,0.2857142857142857,0.2571428571428571,0.2857142857142857,0.17142857142857143
RNCMPT00248_min,A0A8M2BJM8,0,6.0,11.283333333333331,1.1378341999899044,77.10516666666666,1.7746520117100906,3.911460041999817,0.9441354179900516,0.1833333333333333,0.1030857248442609,,,,,,,,,,,,,,,,,,,,,,,,,,,,,,,,,,,,,,,,,,,,,,,,,,,,,,,,,,,,,,,,,,,,,,,,,,,,,,,,,,,,,,,,,,,,,,,,,,,,,,,,,,,,,,,,,,,,,,,,,,,,,,,,,,,,,,,,,,,,,,,,,4.0,14.2875,0.8778524933039719,48.741925,6.826735937657174,3.518404722213745,0.9518613148542492,0.0174999999999999,0.005,,,,,,,,,,,,,,,,,,,,,,,,,,,,,,,,,,,,,,,,,,,,,,,,,,,,,,,,,,,,,,,,,,,,,,,,,,,,,,,,,,,,,,,,,,,,,,,,,,,,,,,,,,,,,191,35,0.07329842931937172,0.010471204188481676,0.06282722513089005,0.07329842931937172,0.041884816753926704,0.08900523560209424,0.03664921465968586,0.05759162303664921,0.07329842931937172,0.05235602094240838,0.020942408376963352,0.05235602094240838,0.08900523560209424,0.031413612565445025,0.05235602094240838,0.03664921465968586,0.03664921465968586,0.05759162303664921,0.005235602094240838,0.04712041884816754,0.3142857142857143,0.17142857142857143,0.2571428571428571,0.2571428571428571
2DR5,O28126,1,,,,,,,,,,,,,,,,,,,,,,,,,,,,,,,,,,,,,,,,,,,,,,,,,,,,,,,,,,,,,,,,,,,,,,,,,,,,,,,,,,,,,,,,,,,,,,,,,,,,,,,,,,,,,,,,,,,,,,,,,,,,,,,,,,,,,,,,11.0,1.0863636363636364,0.2214620837648163,97.81086363636364,1.3451364014647205,3.649024226448753,0.5650612920690455,0.4863636363636363,0.4970970272949281,,,,,,,,,,4.0,2.8125,0.6712860791048776,87.851375,3.76969177906718,3.699925124645233,0.5111356640192184,0.0775,0.1239287429668086,,,,,,,,,,,,,,,,,,,,,,,,,,,,,,,,,,,,,,,,,,,,,,4.0,1.9375,0.322425702035885,94.5233,1.1018028044981576,3.1210687160491943,0.690347780893475,0.0,0.0,,,,,,,,,,,,,,,,,,,,,,,,,,,,,,,,,,,,,,,,,,,,,,,,,,,,,,,437,32,0.05263157894736842,0.013729977116704805,0.034324942791762014,0.14187643020594964,0.07322654462242563,0.06178489702517163,0.018306636155606407,0.04576659038901602,0.08237986270022883,0.08924485125858124,0.016018306636155607,0.032036613272311214,0.041189931350114416,0.006864988558352402,0.09153318077803203,0.041189931350114416,0.02517162471395881,0.08695652173913043,0.013729977116704805,0.032036613272311214,0.0625,0.375,0.40625,0.15625
1FXL,P26378,1,,,,,,,,,,,,,,,,,,,,,,,,,,,,,,,,,,,,,,,,,,,,,,,,,,,,,,,,,,,,,,,,,,,,,,,,,,,,,,,,,,3.0,2.0166666666666666,0.2081665999466132,92.2896,0.9315055125977496,4.271144390106201,0.9234126899526188,0.0733333333333333,0.1011599393699567,8.0,1.15,0.1309307341415954,97.9314375,0.9073497292940594,3.861199289560318,0.8099243836390942,0.6875,0.4321292795978008,,,,,,,,,,,,,,,,,,,,,,,,,,,,,,,,,,,,,,,,,,,,,,,,,,,,,,,,,,,,,,,,,,,,,,,,,,,,,,,,,,,,,,,,,,,,,,,,,,,,6.0,1.2166666666666666,0.2977694857883639,97.94388333333336,0.7049392694882807,3.635127186775208,0.7472859407650302,0.735,0.3415699049974983,,,,,,,,,,,,,,,,,,,,,,,,,,,,,,,,,,,,,,,,,,,,,,,,,,,,,,,,,,,,,,,,167,9,0.05389221556886228,0.005988023952095809,0.03592814371257485,0.0658682634730539,0.041916167664670656,0.08383233532934131,0.0,0.08982035928143713,0.07784431137724551,0.08383233532934131,0.011976047904191617,0.04790419161676647,0.03592814371257485,0.05389221556886228,0.059880239520958084,0.08383233532934131,0.0718562874251497,0.059880239520958084,0.0,0.03592814371257485,0.1111111111111111,0.0,0.0,0.8888888888888888
RNCMPT00137_min,A0A6P4IKB6,0,,,,,,,,,,,,,,,,,,,,,,,,,,,,,,,,,,,,,,,,,,,,,,,,,,,,,,,,,,,,,,,,,,,,,,,,,,,,,,,,,,,,,,,,,,,,,,,,,,,,,,,,,,,,,,,,,,,,,,,,,,,,,,,,,,,,,,,,,,,,,,,,,,,,,,,,,,,,,,,,,,,,,,,,,,,,,,,,,,,,,,,,,,,,,,,,,,,,,,,,,,,,,,,,,,,,,,,,,,,,,,,,,,,,,,,,,,,,,,,,,,,,,,,,,,,,,,,,,,,,,,,,,,,,,,,96,30,0.08333333333333333,0.020833333333333332,0.03125,0.0625,0.0,0.10416666666666667,0.010416666666666666,0.13541666666666666,0.020833333333333332,0.052083333333333336,0.041666666666666664,0.07291666666666667,0.041666666666666664,0.07291666666666667,0.07291666666666667,0.07291666666666667,0.07291666666666667,0.020833333333333332,0.0,0.010416666666666666,0.2,0.16666666666666666,0.3333333333333333,0.3
RNCMPT00142_min,A0A0Q5VZ90,0,,,,,,,,,,,,,,,,,,,,,,,,,,,,,,,,,,,,,,,,,,,,,,,,,,,,,,,,,,,,,,,,,,,,,,,,,,,,,,,,,,,,,,,,,,,,,,,,,,,,,,,,,,,,,,,,,,,,,,,,,,,,,,,,,,,,,,,,,,,,,,,,,,,,,,,,,,,,,,,,,,,,,,,,,,,,,,,,,,,,,,,,,,,,,,,,,,,,,,,,,,,,,,,,,,,,,,,,,,,,,,,,,,,,,,,,,,,,,,,,,,,,,,,,,,,,,,,,,,,,,,,,,,,,,,,168,39,0.047619047619047616,0.005952380952380952,0.047619047619047616,0.09523809523809523,0.023809523809523808,0.05357142857142857,0.041666666666666664,0.07738095238095238,0.10119047619047619,0.07738095238095238,0.041666666666666664,0.03571428571428571,0.05952380952380952,0.023809523809523808,0.07738095238095238,0.05952380952380952,0.023809523809523808,0.05952380952380952,0.0,0.047619047619047616,0.07692307692307693,0.15384615384615385,0.3333333333333333,0.4358974358974359
RNCMPT00285_min,A0A5C6NGX6,0,,,,,,,,,,,,,,,,,,,,,,,,,,,,,,,,,,,,,,,,,,,,,,,,,,,,,,,,,,,,,,,,,,,,,,,,,,,,,,,,,,,,,,,,,,,,,,,,,,,,,,,,,,,,,,,,,,,,,,,,,,,,,,,,,,,,,,,,,,,,,,,,,,,,,,,,,,,,,,,,,,,,,,,,,,,,,,,,,,,,,,,,,,,,,,,,,,,,,,,,,,,,,,,,,,,,,,,,,,,,,,,,,,,,,,,,,,,,,,,,,,,,,,,,,,,,,,,,,,,,,,,,,,,,,,,131,38,0.08396946564885496,0.007633587786259542,0.05343511450381679,0.030534351145038167,0.061068702290076333,0.08396946564885496,0.030534351145038167,0.06870229007633588,0.05343511450381679,0.030534351145038167,0.022900763358778626,0.022900763358778626,0.08396946564885496,0.05343511450381679,0.061068702290076333,0.03816793893129771,0.08396946564885496,0.06870229007633588,0.0,0.061068702290076333,0.3157894736842105,0.2631578947368421,0.10526315789473684,0.3157894736842105
5BZ5,P39016,1,,,,,,,,,,,,,,,,,,,,,,,,,,,,,,,,,,,,,,,,,,,,,,,,,,,,,,,,,,,,,,,,,,,,,,,,,,,,,,,,,,,,,,,,,,,,,,,,,,,,,,,,,,,,,,,,,,,,,,,,,,,,,,,,,,,,,,,,,,,,,,,,,,,,,,,,,,,,,,,,,,,,,,,,,,,,,,,,,,,,,,,,,,,,,,,,,,,,,,,,,,,,,,,,,,,,,,,,,8.0,1.31875,0.1510380746699321,96.2281,1.0537744052418705,3.3193367421627045,0.7299686052202398,0.7,0.4479795913718774,7.0,1.0571428571428572,0.0786795792469443,97.45431428571428,0.842801131996889,3.244906323296683,0.6687563317166462,0.6885714285714286,0.3991836908587562,,,,,,,,,,,,,,,,,,,,,,,,,,,,,,,,,,,,,366,10,0.03278688524590164,0.02459016393442623,0.05737704918032787,0.040983606557377046,0.07103825136612021,0.03825136612021858,0.00819672131147541,0.11748633879781421,0.07923497267759563,0.13934426229508196,0.00819672131147541,0.06830601092896176,0.02459016393442623,0.060109289617486336,0.01912568306010929,0.060109289617486336,0.05737704918032787,0.060109289617486336,0.0,0.03278688524590164,0.3,0.1,0.1,0.5
3K62,Q09312,1,,,,,,,,,,,,,,,,,,,,,,,,,,,,,,,,,,,,,,,,,,,,,,,,,,,,,,,,,,,,,,,,,,,,,,,,,,,,,,,,,,,,,,,,,,,,,,,,,,,,,,,,,,,,,,,,,,,,,,,,,,,,,,,,,,,,,,,,,,,,,,,,,,,,,,,,,,,,,,,,,,,,,,,,,,,,,,,,,,,,,,,,,,,,,,,,,,,,,,,,,,,,,,,,,,,,,,,,,7.0,2.771428571428572,0.3264163277895562,93.73628571428571,0.8719881716104697,3.359414645603725,0.3337363087580448,0.6714285714285715,0.4021371478914696,,,,,,,,,,2.0,2.2,0.2828427124746193,95.38335,1.184898833234292,3.1095458269119263,0.1034703445068508,0.885,0.0070710678118654,,,,,,,,,,,,,,,,,,,,,,,,,,,,400,9,0.065,0.0325,0.0675,0.0525,0.0425,0.04,0.025,0.0625,0.065,0.1125,0.035,0.045,0.0175,0.0575,0.055,0.0775,0.0475,0.0675,0.0075,0.025,0.1111111111111111,0.1111111111111111,0.2222222222222222,0.5555555555555556
RNCMPT00149_min,Q8TC92,0,,,,,,,,,,,,,,,,,,,,,,,,,,,,,,,,,,,,,,,,,,,,,,,,,,,,,,,,,,,,,,,,,,,,,,,,,,,,,,,,,,,,,,,,,,,,,,,,,,,,,,,,,,,,,,,,,,,,,,,,,,,,,,,,,,,,,,,,,,,,,,,,,,,,,,,,,,,,,,,,,,,,,,,,,,,,,,,,,,,,,,,,,,,,,,,,,,,,,,,,,,,,,,,,,,,,,,,,,,,,,,,,,,,,,,,,,,,,,,,,,,,,,,,,,,,,,,,,,,,,,,,,,,,,,,,161,35,0.049689440993788817,0.037267080745341616,0.049689440993788817,0.09937888198757763,0.049689440993788817,0.055900621118012424,0.024844720496894408,0.055900621118012424,0.06832298136645963,0.062111801242236024,0.018633540372670808,0.024844720496894408,0.09937888198757763,0.031055900621118012,0.09937888198757763,0.049689440993788817,0.043478260869565216,0.055900621118012424,0.006211180124223602,0.018633540372670808,0.17142857142857143,0.2,0.2,0.42857142857142855
5GUH,A8D8P8,1,,,,,,,,,,,,,,,,,,,,,,,,,,,,,,,,,,,,,,,,,,,,,,,,,,,,,,,,,,,,,,,,,,,,,,,,,3.0,5.75,0.4924428900898058,75.0357,1.9312424679464828,3.739386796951294,0.962367399449468,0.01,0.0173205080756887,,,,,,,,,,,,,,,,,,,,,,,,,,,,,,,,,,,,,,,,,,,,,,,,,,,,,,,,,,,,,,,,,,,,,,,,,,,,,,,,,,,,,,,,,,,,,,,,,,,,,,,,,,,,,,,,,,,,,,,,,,,,,,,,,,,,,,,,,,,,,,,,,,,,,,,,,,,,,,,,,,,,,,,,,,,,,,,,,,,,,,,,,,,,,,759,12,0.05401844532279315,0.014492753623188406,0.05401844532279315,0.05665349143610013,0.03162055335968379,0.05006587615283267,0.022397891963109356,0.0764163372859025,0.06982872200263504,0.08959156785243742,0.023715415019762844,0.0461133069828722,0.05006587615283267,0.03162055335968379,0.06982872200263504,0.057971014492753624,0.06719367588932806,0.07509881422924901,0.007905138339920948,0.05138339920948617,0.08333333333333333,0.0,0.0,0.5833333333333334
RNCMPT00124_min,Q94901,0,,,,,,,,,,,,,,,,,,,,,,,,,,,,,,,,,,,,,,,,,,,,,,,,,,,,,,,,,,,,,,,,,,,,,,,,,,,,,,,,,,,,,,,,,,,,,,,,,,,,,,,,,,,,,,,,,,,,,,,,,,,,,,,,,,,,,,,,,,,,,,,,,,,,,,,,,,,,,,,,,,,,,,,,,,,,,,,,,,,,,,,,,,,,,,,,,,,,,,,,,,,,,,,,,,,,,,,,,,,,,,,,,,,,,,,,,,,,,,,,,,,,,,,,,,,,,,,,,,,,,,,,,,,,,,,352,38,0.03977272727272727,0.019886363636363636,0.06818181818181818,0.056818181818181816,0.04261363636363636,0.09375,0.011363636363636364,0.02556818181818182,0.036931818181818184,0.05113636363636364,0.03125,0.028409090909090908,0.11079545454545454,0.028409090909090908,0.11647727272727272,0.07386363636363637,0.048295454545454544,0.056818181818181816,0.002840909090909091,0.056818181818181816,0.10526315789473684,0.4473684210526316,0.21052631578947367,0.23684210526315788
4KRE,Q9UL18,1,,,,,,,,,,,,,,,,,,,,,,,,,,,,8.0,2.5812500000000003,0.181142209327368,90.5364375,2.01393226509554,3.802545547485352,1.429221158367321,0.115,0.2265265673475977,,,,,,,,,,,,,,,,,,,,,,,,,,,,,,,,,,,,,,,,,,,,,,,,,,,,,,,,,,,,,,,,,,,,,,,,,,,,,,,,,,,,,,,,,,,,,,,,,,,,,,,,,,,,,,,,,,,,,,,,,,,,,,,,,,,,,,,,,,,,,,,,,,,,,,,,,,,,,,,,,,,,,,,,,,,,,,,,,,,,,,,,,,,,,,,,,,,,,,,,,,,,,,,,,,,,,,,,,,,,,,,,,,,,,,,,,,,799,11,0.0625782227784731,0.025031289111389236,0.04505632040050062,0.04380475594493116,0.04130162703379224,0.05506883604505632,0.028785982478097622,0.06633291614518148,0.06508135168961202,0.07384230287859825,0.02252816020025031,0.030037546933667083,0.06508135168961202,0.0625782227784731,0.0688360450563204,0.04130162703379224,0.057571964956195244,0.08886107634543179,0.008760951188986232,0.04755944931163955,0.7272727272727273,0.0,0.0,0.2727272727272727
3AM1,Q58933,1,,,,,,,,,,,,,,,,,,,,,,,,,,,,,,,,,,,,,,,,,,,,,,,,,,,,,,,,,,,,,,,,,,,,,,,,,,,,,,,,,,,,,,,,,,,,,,,,,,,,,,,,,,,,,,,,,,,,,,,,,,,,,,,,,,,,,,,,3.0,6.3,0.9013878188659972,79.96276666666667,3.9181916930305154,4.148517449696858,0.4307285201168758,0.27,0.1153256259467079,,,,,,,,,,,,,,,,,,,,,,,,,,,,,,,,,,,,,,,,,,,,,,,,,,,,,,,,,,,,,,,,,,,,,,,,,,,,,,,,,,,,,,,,,,,,,,,,,,,,,,,,,,,,,,,,,,,,,,,,,,,,,,,236,81,0.029661016949152543,0.0,0.0847457627118644,0.08050847457627118,0.038135593220338986,0.025423728813559324,0.0,0.1271186440677966,0.17796610169491525,0.08898305084745763,0.012711864406779662,0.059322033898305086,0.025423728813559324,0.0,0.0423728813559322,0.059322033898305086,0.029661016949152543,0.05508474576271186,0.012711864406779662,0.05084745762711865,0.07407407407407407,0.35802469135802467,0.41975308641975306,0.14814814814814814
RNCMPT00155_min,P11940,0,1.0,3.5,,78.7607,,4.9905104637146,,0.18,,,,,,,,,,,,,,,,,,,,,,,,,,,,,,,,,,,,,,2.0,2.4250000000000003,0.0353553390593272,87.20995,1.9712015739137392,3.3893123865127563,0.6514457985817264,0.58,0.3676955262170047,,,,,,,,,,,,,,,,,,,,,,,,,,,,,,,,,,,,,,,,,,,,,,,,,,,,,,,,,,,,,,,,5.0,17.82,0.7111610225539647,67.00131999999999,0.93390411552793,3.228060007095337,0.7867961921730996,0.1159999999999999,0.0357770876399966,,,,,,,,,,,,,,,,,,,,,,,,,,,,,,,,,,,,,,,,,,,,,,,,,,,,,,,,,,,,,,,,,,,,,,,,,,,,,,,,,,,,,,,,,,,,,,,,,,,,,,,,,,,,,,,,,,,,,,,,,,,,,,,,,,,,,,,,,,,,,,,,,414,30,0.07729468599033816,0.00966183574879227,0.057971014492753624,0.07246376811594203,0.057971014492753624,0.0748792270531401,0.00966183574879227,0.043478260869565216,0.08454106280193237,0.057971014492753624,0.043478260869565216,0.04830917874396135,0.04830917874396135,0.03864734299516908,0.07004830917874397,0.06038647342995169,0.036231884057971016,0.07004830917874397,0.0024154589371980675,0.036231884057971016,0.3,0.13333333333333333,0.26666666666666666,0.3
4JXX,P00962,1,,,,,,,,,,14.0,1.3,0.1224744871391589,97.13904285714284,1.0240004888177048,3.6420083216258456,0.7254900219812224,0.5828571428571429,0.4534386324593367,,,,,,,,,,,,,,,,,,,,,,,,,,,,,,,,,,,,,,,,,,,,,,,,,,,,,,,,,,,,,,,,,,,,,,,,,,,,,,,,,,,,,,,,,,,,,,,,,,,,,,,,,,,,,,,,,,,,,,,,,,,,,,,,,,,,,,,,11.0,1.2636363636363634,0.1206045378311054,96.81984545454544,0.5921306905804455,3.433349002491344,0.6428615100148544,0.2163636363636363,0.3611169541096825,3.0,1.9333333333333331,0.3214550253664317,90.5117,0.1846160068899744,3.430574337641398,0.6099567588047607,0.0166666666666666,0.0288675134594812,4.0,1.425,0.0499999999999999,95.689925,0.1740180713795744,4.262445867061615,0.6485012791174211,0.22,0.3188521078284832,4.0,1.1749999999999998,0.0957427107756338,96.450625,0.2747293986816811,3.743837594985962,0.6714264571179683,0.4475,0.5138984984086514,4.0,1.325,0.206155281280883,95.307525,0.2368346451992767,3.1442127227783203,0.3439138395578083,0.0525,0.105,,,,,,,,,,,,,,,,,,,,,,,,,,,,,,,,,,,,,,,,,,,,,,,,,,,,,,,,,,,,,,,,,,,,,,,,,536,71,0.06529850746268656,0.018656716417910446,0.06529850746268656,0.08022388059701492,0.04477611940298507,0.05783582089552239,0.029850746268656716,0.06529850746268656,0.055970149253731345,0.07462686567164178,0.020522388059701493,0.05037313432835821,0.05037313432835821,0.027985074626865673,0.07276119402985075,0.05037313432835821,0.05037313432835821,0.06343283582089553,0.014925373134328358,0.041044776119402986,0.19718309859154928,0.323943661971831,0.29577464788732394,0.18309859154929578
RNCMPT00050_min,P98179,0,,,,,,,,,,,,,,,,,,,,,,,,,,,,,,,,,,,,,,,,,,,,,,,,,,,,,,,,,,,,,,,,3.0,7.0,0.229128784747792,74.8305,0.7463692383800363,3.1441368659337363,1.7526968133077654,0.3666666666666667,0.2458319208998973,,,,,,,,,,,,,,,,,,,,,,,,,,,,,,,,,,,,,1.0,7.35,,70.998,,3.6800339221954346,,0.01,,,,,,,,,,,,,,,,,,,,,,,,,,,,,,,,,,,,,,,,,,,,,,,,,,,,,,,,,,,,,,,,,,,,,,,,,,,,,,,,,,,,,,,,,,,,,,,,,,,,,,,,,,,,,,,,,,,,,,,,,,,,,,,,,,,,,,,,,,,,,,,,,,,,,,,,,,,128,35,0.0546875,0.0,0.0546875,0.0625,0.0625,0.203125,0.03125,0.0234375,0.0234375,0.03125,0.0234375,0.03125,0.0234375,0.03125,0.1015625,0.1015625,0.0390625,0.0546875,0.0,0.046875,0.17142857142857143,0.17142857142857143,0.45714285714285713,0.2
6FQ3,E7FAM5,1,,,,,,,,,,,,,,,,,,,,,,,,,,,,,,,,,,,,,,,,,,,,,,,,,,,,,,,,,,,,,,,,,,,,,,,,,,,,,,,,,,,,,,,,,,,,,,,,,,,,,,,,,,,,,,,,,,,,,,,,,,,,,,,,,,,,,,,,,,,,,,,,,,,,,,,,,,,,,,,,,,,,,,,,,,,,,,,,,,,,,,,,,,,,,,,,,,,,,,,,,,,,,,,,,,,,,,,,,,,,,,,,,,,,,,,,,,,,,,,,,,,,,,,,,,,,,,,,,,,,,,,,,,,,,,,390,13,0.05128205128205128,0.017948717948717947,0.06923076923076923,0.038461538461538464,0.07179487179487179,0.1358974358974359,0.035897435897435895,0.04358974358974359,0.04358974358974359,0.06153846153846154,0.01282051282051282,0.05128205128205128,0.046153846153846156,0.046153846153846156,0.05897435897435897,0.06666666666666667,0.035897435897435895,0.08717948717948718,0.007692307692307693,0.017948717948717947,0.23076923076923078,0.38461538461538464,0.23076923076923078,0.15384615384615385
RNCMPT00074_min,Q13242,0,,,,,,,,,,,,,,,,,,,,,,,,,,,,,,,,,,,,,,,,,,,,,,,,,,,,,,,,,,,,,,,,,,,,,,,,,8.0,13.5875,1.359818790448618,64.125925,8.548087430321976,3.3488304913043976,0.4399504445372086,0.16,0.0840068024456523,,,,,,,,,,,,,,,,,,,,,,,,,,,,,,,,,,,,,,,,,,,,,,,,,,,,,,,,,,,,,,,,,,,,,,,,,,,,,,,,,,,,,,,,,,,,,,,,,,,,,,,,,,,,,,,,,,,,,,,,,,,,,,,,,,,,,,,,,,,,,,,,,,,,,,,,,,,,,,,,,,,,,,,,,,,,,,,,,,,,,,,,,,,,,,221,35,0.03167420814479638,0.00904977375565611,0.08597285067873303,0.07239819004524888,0.04072398190045249,0.12669683257918551,0.01809954751131222,0.02262443438914027,0.03619909502262444,0.05429864253393665,0.01809954751131222,0.01809954751131222,0.06334841628959276,0.01809954751131222,0.13574660633484162,0.07692307692307693,0.027149321266968326,0.05429864253393665,0.013574660633484163,0.07692307692307693,0.2,0.22857142857142856,0.14285714285714285,0.42857142857142855
2ZH2,O28126,1,,,,,,,,,,,,,,,,,,,,,,,,,,,,,,,,,,,,,,,,,,,,,,,,,,,,,,,,,,,,,,,,,,,,,,,,,,,,,,,,,,,,,,,,,,,,,,,,,,,,,,,,,,,,,,,,,,,,,,,,,,,,,,,,,,,,,,,,11.0,1.068181818181818,0.1940009372048589,98.04174545454543,1.170431386595248,3.693938211961226,0.6025120772499506,0.4872727272727272,0.4961268166324192,,,,,,,,,,,,,,,,,,,,,,,,,,,,,,,,,,,,,,,,,,,,,,,,,,,,,,,,,,,,,,,,4.0,1.0125,0.0629152869605896,98.290175,0.2055417617744238,3.278628349304199,0.5174072204220038,0.2425,0.4783565615730591,,,,,,,,,,,,,,,,,,,,,,,,,,,,,,,,,,,,,,,,,,,,,,,,,,,,,,,437,34,0.05263157894736842,0.013729977116704805,0.034324942791762014,0.14187643020594964,0.07322654462242563,0.06178489702517163,0.018306636155606407,0.04576659038901602,0.08237986270022883,0.08924485125858124,0.016018306636155607,0.032036613272311214,0.041189931350114416,0.006864988558352402,0.09153318077803203,0.041189931350114416,0.02517162471395881,0.08695652173913043,0.013729977116704805,0.032036613272311214,0.08823529411764706,0.38235294117647056,0.38235294117647056,0.14705882352941177
RNCMPT00095_min,P07909,0,,,,,,,,,,,,,,,,,,,,,,,,,,,,,,,,,,,,,,,,,,,,,,,,,,,,,,,,,,,,,,,,3.0,4.166666666666667,0.33291640592397,83.19523333333333,0.6863622682908265,3.956726233164469,0.2621233610799622,0.41,0.3637306695894642,,,,,,,,,,,,,,,,,,,,,,,,,,,,,,,,,,,,,3.0,4.883333333333334,0.475219247646108,78.5244,1.9191163982416464,3.855077187220256,0.2962204535582611,0.09,0.0888819441731559,,,,,,,,,,,,,,,,,,,,,,,,,,,,,,,,,,,,,,,,,,,,,,,,,,,,,,,,,,,,,,,,,,,,,,,,,,,,,,,,,,,,,,,,,,,,,,,,,,,,,,,,,,,,,,,,,,,,,,,,,,,,,,,,,,,,,,,,,,,,,,,,,,,,,,,,,,191,38,0.041884816753926704,0.0,0.11518324607329843,0.04712041884816754,0.05759162303664921,0.07853403141361257,0.03664921465968586,0.06282722513089005,0.10471204188481675,0.041884816753926704,0.020942408376963352,0.03664921465968586,0.04712041884816754,0.05759162303664921,0.05759162303664921,0.041884816753926704,0.03664921465968586,0.08900523560209424,0.005235602094240838,0.020942408376963352,0.07894736842105263,0.39473684210526316,0.21052631578947367,0.3157894736842105
1QRS,P00962,1,,,,,,,,,,14.0,1.3285714285714287,0.1502744741545203,97.01617857142855,1.0390077390535577,3.608909589903696,0.7381487929543022,0.5835714285714285,0.4474991558712647,,,,,,,,,,,,,,,,,,,,,,,,,,,,,,,,,,,,,,,,,,,,,,,,,,,,,,,,,,,,,,,,,,,,,,,,,,,,,,,,,,,,,,,,,,,,,,,,,,,,,,,,,,,,,,,,,,,,,,,,,,,,,,,,,,,,,,,,11.0,1.268181818181818,0.1146139766187511,96.70150909090913,0.6110900072076878,3.4720502116463403,0.6523702548888348,0.2227272727272727,0.3651599898425595,4.0,1.9625,0.2839454172900137,91.2241,0.2888272032432742,3.295446991920471,0.7317907406479547,0.0075,0.015,6.0,1.5166666666666668,0.0816496580927726,95.13908333333332,0.2644781534771182,4.450756907463074,0.5391407346984345,0.1933333333333333,0.240638040772166,4.0,1.1375000000000002,0.0629152869605896,96.392175,0.2424420807120693,3.7151926159858704,0.8081686960384891,0.4675,0.5267114959823831,4.0,1.3875,0.1493039405597409,94.879225,0.1750251672379345,2.9758108854293823,0.5493449487270401,0.0375,0.075,,,,,,,,,,,,,,,,,,,,,,,,,,,,,,,,,,,,,,,,,,,,,,,,,,,,,,,,,,,,,,,,,,,,,,,,,529,74,0.0661625708884688,0.01890359168241966,0.06427221172022685,0.08128544423440454,0.045368620037807186,0.05860113421550094,0.030245746691871456,0.0661625708884688,0.052930056710775046,0.07561436672967864,0.020793950850661626,0.052930056710775046,0.04914933837429111,0.02835538752362949,0.07183364839319471,0.04914933837429111,0.05103969754253308,0.062381852551984876,0.013232514177693762,0.04158790170132325,0.20270270270270271,0.3108108108108108,0.28378378378378377,0.20270270270270271
RNCMPT00232_min,A0AA85C575,0,,,,,,,,,,,,,,,,,,,,,,,,,,,,,,,,,,,,,,,,,,,,,,,,,,,,,,,,,,,,,,,,,,,,,,,,,,,,,,,,,,,,,,,,,,,,,,,,,,,,,,,,,,,,,,,,,,,,,,,,,,,,,,,,,,,,,,,,,,,,,,,,,,,,,,,,,,,,,,,,,,,,,,,,,,,,,,,,,,,,,,,,,,,,,,,,,,,,,,,,,,,,,,,,,,,,,,,,,,,,,,,,,,,,,,,,,,,,,,,,,,,,,,,,,,,,,,,,,,,,,,,,,,,,,,,223,38,0.1031390134529148,0.004484304932735426,0.05829596412556054,0.07174887892376682,0.04932735426008968,0.06726457399103139,0.017937219730941704,0.07174887892376682,0.053811659192825115,0.06726457399103139,0.04484304932735426,0.06278026905829596,0.07623318385650224,0.04484304932735426,0.04035874439461883,0.04932735426008968,0.03139013452914798,0.04484304932735426,0.004484304932735426,0.03587443946188341,0.23684210526315788,0.2631578947368421,0.3157894736842105,0.18421052631578946
RNCMPT00183_min,A0A0K3AX05,0,,,,,,,,,,,,,,,,,,,,,,,,,,,,,,,,,,,,,,,,,,,,,,,,,,,,,,,,,,,,,,,,,,,,,,,,,,,,,,,,,,,,,,,,,,,,,,,,,,,,,,,,,,,,,,,,,,,,,,,,,,,,,,,,,,,,,,,,,,,,,,,,,6.0,16.041666666666668,0.6240325846193188,56.22948333333334,3.4123702878888555,3.530889709790548,0.970015749413204,0.0816666666666666,0.0652431350156218,,,,,,,,,,,,,,,,,,,,,,,,,,,,,,,,,,,,,,,,,,,,,,,,,,,,,,,,,,,,,,,,,,,,,,,,,,,,,,,,,,,,,,,,,,,,,,,,,,,,,,,,,,,,,,,,,,,,,,588,35,0.11394557823129252,0.015306122448979591,0.047619047619047616,0.027210884353741496,0.04251700680272109,0.08673469387755102,0.025510204081632654,0.04081632653061224,0.05102040816326531,0.07653061224489796,0.02891156462585034,0.05952380952380952,0.04931972789115646,0.09183673469387756,0.02891156462585034,0.07312925170068027,0.05612244897959184,0.061224489795918366,0.0017006802721088435,0.022108843537414966,0.2857142857142857,0.22857142857142856,0.34285714285714286,0.14285714285714285
RNCMPT00014_min,Q20084,0,2.0,16.0,0.2121320343559635,62.84335,2.033144127945682,3.8849706649780273,0.3998144458684072,0.0,0.0,,,,,,,,,,,,,,,,,,,,,,,,,,,,,,,,,,,,,,,,,,,,,,,,,,,,,,,,,,,,,,,,,,,,,,,,,,,,,,,,,,,,,,,,,,,,,,,,,,,,,,,,,,,,,,,,,,,,,,,,,,,,,,,,,,,,,,,,,,,,,,,,,,,,,,,,,,,,,,,,,,,,,,,,,,,,,,,,,,,,,,,,,,,,,,,,,,,,,,,,,,,,,,,,,,,,,,,,,,,,,,,,,,,,,,,,,,,,,,,,,,,,,,,,,,,,,,,,,,,,,,456,38,0.1074561403508772,0.010964912280701754,0.03508771929824561,0.03070175438596491,0.03289473684210526,0.06359649122807018,0.015350877192982455,0.04824561403508772,0.039473684210526314,0.10087719298245613,0.019736842105263157,0.05921052631578947,0.05482456140350877,0.06140350877192982,0.03070175438596491,0.09649122807017543,0.09210526315789473,0.06359649122807018,0.0021929824561403508,0.03508771929824561,0.3157894736842105,0.23684210526315788,0.3157894736842105,0.13157894736842105
RNCMPT00039_min,Q9XUB2,0,,,,,,,,,,,,,,,,,,,,,,,,,,,,,,,,,,,,,,,,,,,,,,,,,,,,,,,,,,,,,,,,,,,,,,,,,,,,,,,,,,,,,,,,,,,,,,,,,,,,,,,,,,,,,,,,,,,,,,,,,,,,,,,,,,,,,,,,,,,,,,,,,,,,,,,,,,,,,,,,,,,,,,,,,,,,,,,,,,,,,,,,,,,,,,,,,,,,,,,,,,,,,,,,,,,,,,,,,,,,,,,,,,,,,,,,,,,,,,,,,,,,,,,,,,,,,,,,,,,,,,,,,,,,,,,468,38,0.07905982905982906,0.014957264957264958,0.04700854700854701,0.04487179487179487,0.02564102564102564,0.06196581196581197,0.038461538461538464,0.02564102564102564,0.03632478632478633,0.04700854700854701,0.05555555555555555,0.05128205128205128,0.10256410256410256,0.09615384615384616,0.0641025641025641,0.0641025641025641,0.05555555555555555,0.03632478632478633,0.002136752136752137,0.05128205128205128,0.23684210526315788,0.15789473684210525,0.42105263157894735,0.18421052631578946
RNCMPT00032_min,Q15717,0,1.0,7.35,,73.391,,4.840340614318848,,0.02,,,,,,,,,,,,,,,,,,,,,,,,,,,,,,,,,,,,,,,,,,,,,,,,,,,,,,,,,,,,,,,,,,,,,,,,,,,,,,,,,,,,,,,,,,,,2.0,5.75,0.0707106781186545,79.56395,0.7391387183742963,3.5111957788467407,0.2904813061462967,0.4,0.2969848480983499,,,,,,,,,,3.0,6.116666666666667,0.5346338310781812,78.0321,1.8439576269535027,3.943199872970581,0.8181493720171544,0.3966666666666666,0.2764657905299195,,,,,,,,,,,,,,,,,,,,,,,,,,,,,,,,,,,,,,,,,,,,,,,,,,,,,,,,,,,,,,,,,,,,,,,,,,,,,,,,,,,,,,,,,,,,,,,,,,,,,,,,,,,,,,,,,,,,,,,,,,,,,,,,,,,,,,,,,,,,,,,,,325,38,0.07076923076923076,0.009230769230769232,0.04923076923076923,0.046153846153846156,0.055384615384615386,0.08923076923076922,0.024615384615384615,0.05846153846153846,0.052307692307692305,0.06769230769230769,0.03076923076923077,0.07076923076923076,0.036923076923076927,0.036923076923076927,0.06153846153846154,0.08615384615384615,0.04923076923076923,0.06769230769230769,0.006153846153846154,0.03076923076923077,0.2631578947368421,0.15789473684210525,0.3684210526315789,0.21052631578947367
RNCMPT00206_min,A0A2K1J988,0,,,,,,,,,,,,,,,,,,,,,,,,,,,,,,,,,,,,,,,,,,,,,,,,,,,,,,,,,,,,,,,,,,,,,,,,,,,,,,,,,,,,,,,,,,,,,,,,,,,,,,,,,,,,,,,,,,,,,,,,,,,,,,,,,,,,,,,,,,,,,,,,,,,,,,,,,,,,,,,,,,,,,,,,,,,,,,,,,,,,,,,,,,,,,,,,,,,,,,,,,,,,,,,,,,,,,,,,,,,,,,,,,,,,,,,,,,,,,,,,,,,,,,,,,,,,,,,,,,,,,,,,,,,,,,,352,30,0.09090909090909091,0.014204545454545454,0.045454545454545456,0.05113636363636364,0.05397727272727273,0.0625,0.03409090909090909,0.045454545454545456,0.04261363636363636,0.07386363636363637,0.008522727272727272,0.05397727272727273,0.056818181818181816,0.05113636363636364,0.03977272727272727,0.09375,0.045454545454545456,0.09659090909090909,0.002840909090909091,0.036931818181818184,0.1,0.2,0.5,0.2
RNCMPT00164_min,Q14966,0,,,,,,,,,,,,,,,,,,,,,,,,,,,,,,,,,,,,,,,,,,,,,,,,,,,,,,,,,,,,,,,,,,,,,,,,,,,,,,,,,,,,,,,,,,,,,,,,,,,,,,,,,,,,,,,,,,,,,,,,,,,,,,,,,,,,,,,,,,,,,,,,,,,,,,,,,,,,,,,,,,,,,,,,,,,,,,,,,,,,,,,,,,,,,,,,,,,,,,,,,,,,,,,,,,,,,,,,,,,,,,,,,,,,,,,,,,,,,,,,,,,,,,,,,,,,,,,,,,,,,,,,,,,,,,,376,38,0.0851063829787234,0.018617021276595744,0.0425531914893617,0.09574468085106383,0.018617021276595744,0.04521276595744681,0.007978723404255319,0.061170212765957445,0.14627659574468085,0.07180851063829788,0.02127659574468085,0.05585106382978723,0.034574468085106384,0.018617021276595744,0.018617021276595744,0.09574468085106383,0.061170212765957445,0.0797872340425532,0.0,0.02127659574468085,0.34210526315789475,0.10526315789473684,0.3157894736842105,0.23684210526315788
4YCP,P33371,1,,,,,,,,,,,,,,,,,,,,,,,,,,,,,,,,,,,,,,,,,,,,,,,,,,,,,,,,,,,,,,,,,,,,,,,,,,,,,,,,,,,,,,,,,,,,,,,,,,,,,,,,,,,,,,,,,,,,,,,,,,,,,,,,,,,,,,,,6.0,1.8916666666666664,0.2083666640004265,92.6046,1.9052184504670344,3.74556436141332,1.1704112173231196,0.4533333333333333,0.4884123940551331,,,,,,,,,,,,,,,,,,,,,,,,,,,,,,,,,,,,,,,,,,,,,,,,,,,,,,,,,,,,,,,,,,,,,,,,,,,,,,,,,,,,,,,,,,,,,,,,,,,,,,,,,,,,,,,,,,,,,,,,,,,,,,,308,62,0.09415584415584416,0.016233766233766232,0.05194805194805195,0.07142857142857142,0.016233766233766232,0.07142857142857142,0.01948051948051948,0.05844155844155844,0.04220779220779221,0.11038961038961038,0.01948051948051948,0.03571428571428571,0.048701298701298704,0.06168831168831169,0.06818181818181818,0.03571428571428571,0.032467532467532464,0.09415584415584416,0.025974025974025976,0.025974025974025976,0.1935483870967742,0.24193548387096775,0.3225806451612903,0.24193548387096775
3OVA,A0A101DCH0,1,,,,,,,,,,,,,,,,,,,,,,,,,,,,,,,,,,,,,,,,,,,,,,,,,,,,,,,,,,,,,,,,,,,,,,,,,,,,,,,,,,,,,,,,,,,,,,,,,,,,,,,,,,,,,,,,,,,,,,,,,,,,,,,,,,,,,,,,,,,,,,,,,,,,,,,,,,,,,,,,,,,,,,,,,,,,,,,,,,,,,,,,,,,,,,,,,,,,,,,,,,,,,,,,4.0,1.2625000000000002,0.1314977819838292,97.57135,0.4592576655139572,3.303293228149414,0.5742719693019784,0.245,0.4833563212924119,,,,,,,,,,,,,,,,,,,,,,,,,,,,,,,,,,,,,,,,,,,,,,,,,,,,,,,430,34,0.053488372093023255,0.013953488372093023,0.03488372093023256,0.14186046511627906,0.07441860465116279,0.06279069767441861,0.01627906976744186,0.046511627906976744,0.07906976744186046,0.08837209302325581,0.013953488372093023,0.03255813953488372,0.03953488372093023,0.0069767441860465115,0.09302325581395349,0.04186046511627907,0.02558139534883721,0.08837209302325581,0.013953488372093023,0.03255813953488372,0.2647058823529412,0.23529411764705882,0.20588235294117646,0.29411764705882354
RNCMPT00282_min,Q66KL9,0,,,,,,,,,,,,,,,,,,,,,,,,,,,,,,,,,,,,,,,,,,,,,,3.0,4.216666666666666,0.1040832999733067,84.26360000000001,0.7663163054509502,3.1590221722920737,0.6005399421227852,0.3866666666666666,0.4202776859807492,,,,,,,,,,,,,,,,,,,,,,,,,,,,,,,,,,,,,,,,,,,,,,,,,,,,,,,,,,,,,,,,,,,,,,,,,,,,,,,,,,,,,,,,,,,,,,,,,,,,,,,,,,,,,,,,,,,,,,,,,,,,,,,,,,,,,,,,,,,,,,,,,,,,,,,,,,,,,,,,,,,,,,,,,,,,,,,,,,,,,,,,,,,,,,,,,,,,,,,,,,,,,,,,,,,,,,,,,148,38,0.04054054054054054,0.013513513513513514,0.08108108108108109,0.07432432432432433,0.04054054054054054,0.060810810810810814,0.0,0.033783783783783786,0.13513513513513514,0.06756756756756757,0.02027027027027027,0.033783783783783786,0.0472972972972973,0.033783783783783786,0.10810810810810811,0.05405405405405406,0.033783783783783786,0.07432432432432433,0.02027027027027027,0.02702702702702703,0.34210526315789475,0.23684210526315788,0.15789473684210525,0.2631578947368421
RNCMPT00111_min,Q08831,0,,,,,,,,,,,,,,,,,,,,,,,,,,,,,,,,,,,,,,,,,,,,,,,,,,,,,,,,,,,,,,,,,,,,,,,,,,,,,,,,,,,,,,,,,,,,,,,,,,,,,,,,,,,,,,,,,,,,,,,,,,,,,,,,,,,,,,,,,,,,,,,,,,,,,,,,,,,,,,,,,,,,,,,,,,,,,,,,,,,,,,,,,,,,,,,,,,,,,,,,,,,,,,,,,,,,,,,,,,,,,,,,,,,,,,,,,,,,,,,,,,,,,,,,,,,,,,,,,,,,,,,,,,,,,,,86,35,0.05813953488372093,0.0,0.08139534883720931,0.046511627906976744,0.011627906976744186,0.046511627906976744,0.011627906976744186,0.06976744186046512,0.11627906976744186,0.1744186046511628,0.03488372093023256,0.03488372093023256,0.046511627906976744,0.0,0.05813953488372093,0.09302325581395349,0.03488372093023256,0.023255813953488372,0.023255813953488372,0.03488372093023256,0.2857142857142857,0.11428571428571428,0.37142857142857144,0.22857142857142856
RNCMPT00057_min,Q6XE24,0,1.0,24.05,,39.4729,,3.814279317855835,,0.02,,,,,,,,,,,,,,,,,,,,,,,,,,,,,,,,,,,,,,3.0,2.5,0.3500000000000001,88.00896666666667,2.5959537174867644,3.756156047185262,0.700207307157738,0.2533333333333333,0.3700450423034112,,,,,,,,,,,,,,,,,,,,,,,,,,,,,,,,,,,,,,,,,,,,,,,,,,,,,,,,,,,,,,,,,,,,,,,,,,,,,,,,,,,,,,,,,,,,,,,,,,,,,,,,,,,,,,,,,,,,,,,,,,,,,,,,,,,,,,,,,,,,,,,,,,,,,,,,,,,,,,,,,,,,,,,,,,,,,,,,,,,,,,,,,,,,,,,,,,,,,,,,,,,,,,,,,,,,,,,,,246,38,0.07317073170731707,0.016260162601626018,0.04065040650406504,0.044715447154471545,0.024390243902439025,0.07317073170731707,0.016260162601626018,0.04065040650406504,0.07317073170731707,0.06910569105691057,0.024390243902439025,0.06504065040650407,0.08943089430894309,0.07723577235772358,0.032520325203252036,0.08536585365853659,0.06097560975609756,0.036585365853658534,0.0040650406504065045,0.052845528455284556,0.2894736842105263,0.2631578947368421,0.2894736842105263,0.15789473684210525
1O0B,P00962,1,,,,,,,,,,14.0,1.3107142857142855,0.1443534276971354,97.28630714285714,0.9866692029747878,3.618050251688276,0.695754940259053,0.5914285714285714,0.4449348637351685,,,,,,,,,,,,,,,,,,,,,,,,,,,,,,,,,,,,,,,,,,,,,,,,,,,,,,,,,,,,,,,,,,,,,,,,,,,,,,,,,,,,,,,,,,,,,,,,,,,,,,,,,,,,,,,,,,,,,,,,,,,,,,,,,,,,,,,,11.0,1.2454545454545456,0.1082925331095026,97.04802727272728,0.5193330127979688,3.4503019506281074,0.6367985226181052,0.2209090909090909,0.3630001252191118,4.0,2.1500000000000004,0.4415880433163923,90.395475,0.4653563034564686,3.6334608793258663,0.7590353581174166,0.01,0.02,5.0,1.5299999999999998,0.1095445115010332,95.5007,0.1682986779508375,4.39567346572876,0.5664402349325474,0.178,0.270961251842399,4.0,1.1625,0.0853912563829966,96.357375,0.2713263886293905,3.761822819709778,0.8116738881230043,0.4675,0.5216240664182076,3.0,1.35,0.0866025403784438,95.1133,0.1617283834087261,2.7460223038991294,1.1360154821735111,0.0499999999999999,0.0866025403784438,,,,,,,,,,,,,,,,,,,,,,,,,,,,,,,,,,,,,,,,,,,,,,,,,,,,,,,,,,,,,,,,,,,,,,,,,530,74,0.0660377358490566,0.018867924528301886,0.0660377358490566,0.08113207547169811,0.045283018867924525,0.05849056603773585,0.03018867924528302,0.0660377358490566,0.052830188679245285,0.07547169811320754,0.020754716981132074,0.0509433962264151,0.04905660377358491,0.03018867924528302,0.07169811320754717,0.04905660377358491,0.0509433962264151,0.062264150943396226,0.013207547169811321,0.04150943396226415,0.20270270270270271,0.3108108108108108,0.28378378378378377,0.20270270270270271
4KXT,Q9UL18,1,,,,,,,,,,,,,,,,,,,,,,,,,,,,54.0,1.6333333333333335,0.450366726878491,94.99115555555557,2.4566360853254743,3.541927796823007,0.7433986295679661,0.2301851851851852,0.3764105082483436,,,,,,,,,,,,,,,,,,,,,,,,,,,,,,,,,,,,,,,,,,,,,,,,,,,,,,,,,,,,,,,,,,,,,,,,,,,,,,,,,,,,,,,,,,,,,,,,,,,,,,,,,,,,,,,,,,,,,,,,,,,,,,,,,,,,,,,,,,,,,,,,,,,,,,,,,,,,,,,,,,,,,,,,,,,,,,,,,,,,,,,,,,,,,,,,,,,,,,,,,,,,,,,,,,,,,,,,,,,,,,,,,,,,,,,,,,,806,12,0.06327543424317618,0.02481389578163772,0.04714640198511166,0.04466501240694789,0.03722084367245657,0.05707196029776675,0.028535980148883373,0.06575682382133995,0.06699751861042183,0.07320099255583126,0.02357320099255583,0.03225806451612903,0.06575682382133995,0.06451612903225806,0.06699751861042183,0.04094292803970223,0.05583126550868486,0.08560794044665013,0.008684863523573201,0.04714640198511166,0.8333333333333334,0.0,0.0,0.16666666666666666
4NGC,Q9UPY3,1,,,,,,,,,,,,,,,,,,,,,,,,,,,,,,,,,,,,,,,,,,,,,,,,,,,,,,,,,,,,,,,,,,,,,,,,,,,,,,,,,,,,,,,,,,,,,,,,,,,,,,,,,,,,,,,,,,,,,,,,,,,,,,,,,,,,,,,,,,,,,,,,,,,,,,,,,,,,,,,,,,,,,,,,,,,,,,,,,,,,,,,,,,,,,,,,,,,,,,,,,,,,,,,,,,,,,,,,,,,,,,,,,,,,,,,,,,,,,,,,,,,,,,,,,,,,,,,,,,,,,,,,,,,,,,,276,12,0.04710144927536232,0.021739130434782608,0.050724637681159424,0.06159420289855073,0.04710144927536232,0.018115942028985508,0.025362318840579712,0.06884057971014493,0.057971014492753624,0.13405797101449277,0.014492753623188406,0.028985507246376812,0.08695652173913043,0.03260869565217391,0.05434782608695652,0.06521739130434782,0.06884057971014493,0.050724637681159424,0.007246376811594203,0.057971014492753624,0.25,0.25,0.25,0.25
RNCMPT00220_min,Q38EA2,0,,,,,,,,,,,,,,,,,,,,,,,,,,,,,,,,,,,,,,,,,,,,,,,,,,,,,,,,,,,,,,,,,,,,,,,,,,,,,,,,,,,,,,,,,,,,,,,,,,,,,,,,,,,,,,,,,,,,,,,,,,,,,,,,,,,,,,,,,,,,,,,,,,,,,,,,,,,,,,,,,,,,,,,,,,,,,,,,,,,,,,,,,,,,,,,,,,,,,,,,,,,,,,,,,,,,,,,,,,,,,,,,,,,,,,,,,,,,,,,,,,,,,,,,,,,,,,,,,,,,,,,,,,,,,,,264,38,0.04924242424242424,0.003787878787878788,0.030303030303030304,0.041666666666666664,0.03409090909090909,0.056818181818181816,0.01893939393939394,0.06818181818181818,0.03409090909090909,0.05303030303030303,0.03787878787878788,0.07954545454545454,0.06818181818181818,0.13257575757575757,0.056818181818181816,0.056818181818181816,0.06439393939393939,0.08712121212121213,0.0,0.026515151515151516,0.23684210526315788,0.21052631578947367,0.3684210526315789,0.18421052631578946
RNCMPT00046_min,P25822,0,,,,,,,,,,,,,,,,,,,,,,,,,,,,,,,,,,,,,,,,,,,,,,,,,,,,,,,,,,,,,,,,,,,,,,,,,,,,,,,,,,,,,,,,,,,,,,,,,,,,,,,,,,,,,,,,,,,,,,,,,,,,,,,,,,,,,,,,,,,,,,,,,,,,,,,,,,,,,,,,,,,,,,,,,,,,,,,,,,,,,,,,,,,,,,,,,,,,,,,,,,,,,,,,,,,,,,,,,,,,,,,,,,,,,,,,,,,,,,,,,,,,,,,,,,,,,,,,,,,,,,,,,,,,,,,391,38,0.09974424552429667,0.020460358056265986,0.03580562659846547,0.061381074168797956,0.030690537084398978,0.0639386189258312,0.043478260869565216,0.058823529411764705,0.0639386189258312,0.0792838874680307,0.02557544757033248,0.043478260869565216,0.030690537084398978,0.08439897698209718,0.04092071611253197,0.043478260869565216,0.05115089514066496,0.08695652173913043,0.0,0.03580562659846547,0.21052631578947367,0.23684210526315788,0.23684210526315788,0.3157894736842105
4PDB,W0CSD8,1,,,,,,,,,,,,,,,,,,,,,,,,,,,,,,,,,,,,,,,,,,,,,,,,,,,,,,,,,,,,,,,,,,,,,,,,,,,,,,,,,,,,,,,,,,,,,,,,,,,,,,,,,,,,,,,,,,,,,,,,,,,,,,,,,,,,,,,,,,,,,,,,,,,,,,,,,,,,,,,,,,,,,,,,,,,,,,,,,,,,,,,,,,,,,,,,,,,,,,,,,,,,,,,,,,,,,,,,,,,,,,,,,,,,,,,,,,,,,,,,,,,,,,,,,,,,,,,,,,,,,,,,,,,,,,,129,38,0.07751937984496124,0.0,0.05426356589147287,0.07751937984496124,0.015503875968992248,0.07751937984496124,0.007751937984496124,0.08527131782945736,0.09302325581395349,0.09302325581395349,0.023255813953488372,0.046511627906976744,0.031007751937984496,0.023255813953488372,0.08527131782945736,0.031007751937984496,0.046511627906976744,0.09302325581395349,0.007751937984496124,0.031007751937984496,0.18421052631578946,0.2631578947368421,0.3157894736842105,0.23684210526315788
RNCMPT00259_min,A2DLE8,0,,,,,,,,,,,,,,,,,,,11.0,20.12272727272727,4.507624853310424,63.175436363636365,2.771341443154461,3.496204527941617,0.8266346876100437,0.0072727272727272,0.0100904995821902,,,,,,,,,,,,,,,,,,,,,,,,,,,,,,,,,,,,,,,,,,,,,,,,,,,,,,,,,,,,,,,,,,,,,,,,,,,,,,,,,,,,,,,,,,,,,,,,,,,,,,,,,,,,,,,,,,,,,,,,,,,,,,,,,,,,,,,,,,,,,,,,,,,,,,,,,,,,,,,,,,,,,,,,,,,,,,,,,,,,,,,,,,,,,,,,,,,,,,,,,,,,,,,,,,,,,,,,,,,,,,,,,,,,,,,,,,,,,,,,,,,,248,38,0.06854838709677419,0.012096774193548387,0.028225806451612902,0.06048387096774194,0.056451612903225805,0.04838709677419355,0.024193548387096774,0.07258064516129033,0.04032258064516129,0.056451612903225805,0.024193548387096774,0.04838709677419355,0.08064516129032258,0.07258064516129033,0.07258064516129033,0.10080645161290322,0.05241935483870968,0.04435483870967742,0.004032258064516129,0.03225806451612903,0.34210526315789475,0.07894736842105263,0.3157894736842105,0.2631578947368421
2ZH1,O28126,1,,,,,,,,,,,,,,,,,,,,,,,,,,,,,,,,,,,,,,,,,,,,,,,,,,,,,,,,,,,,,,,,,,,,,,,,,,,,,,,,,,,,,,,,,,,,,,,,,,,,,,,,,,,,,,,,,,,,,,,,,,,,,,,,,,,,,,,,11.0,1.0454545454545454,0.187689298382387,98.04997272727272,1.1650793810645774,3.693038832057606,0.604381526366594,0.4863636363636363,0.4970970272949281,,,,,,,,,,,,,,,,,,,,,,,,,,,,,,,,,,,,,,,,,,,,,,,,,,,,,,,,,,,,,,,,4.0,1.025,0.0866025403784438,98.191025,0.2597342407795533,3.281540036201477,0.5182337819447785,0.24,0.4733568069296845,,,,,,,,,,,,,,,,,,,,,,,,,,,,,,,,,,,,,,,,,,,,,,,,,,,,,,,437,33,0.05263157894736842,0.013729977116704805,0.034324942791762014,0.14187643020594964,0.07322654462242563,0.06178489702517163,0.018306636155606407,0.04576659038901602,0.08237986270022883,0.08924485125858124,0.016018306636155607,0.032036613272311214,0.041189931350114416,0.006864988558352402,0.09153318077803203,0.041189931350114416,0.02517162471395881,0.08695652173913043,0.013729977116704805,0.032036613272311214,0.09090909090909091,0.36363636363636365,0.3939393939393939,0.15151515151515152
1ZJW,P00962,1,,,,,,,,,,14.0,1.3107142857142855,0.1443534276971354,97.28630714285714,0.9866692029747878,3.618050251688276,0.695754940259053,0.5914285714285714,0.4449348637351685,,,,,,,,,,,,,,,,,,,,,,,,,,,,,,,,,,,,,,,,,,,,,,,,,,,,,,,,,,,,,,,,,,,,,,,,,,,,,,,,,,,,,,,,,,,,,,,,,,,,,,,,,,,,,,,,,,,,,,,,,,,,,,,,,,,,,,,,11.0,1.2454545454545456,0.1082925331095026,97.04802727272728,0.5193330127979688,3.4503019506281074,0.6367985226181052,0.2209090909090909,0.3630001252191118,4.0,2.1500000000000004,0.4415880433163923,90.395475,0.4653563034564686,3.6334608793258663,0.7590353581174166,0.01,0.02,5.0,1.5299999999999998,0.1095445115010332,95.5007,0.1682986779508375,4.39567346572876,0.5664402349325474,0.178,0.270961251842399,4.0,1.1625,0.0853912563829966,96.357375,0.2713263886293905,3.761822819709778,0.8116738881230043,0.4675,0.5216240664182076,3.0,1.35,0.0866025403784438,95.1133,0.1617283834087261,2.7460223038991294,1.1360154821735111,0.0499999999999999,0.0866025403784438,,,,,,,,,,,,,,,,,,,,,,,,,,,,,,,,,,,,,,,,,,,,,,,,,,,,,,,,,,,,,,,,,,,,,,,,,530,74,0.0660377358490566,0.018867924528301886,0.0660377358490566,0.08113207547169811,0.045283018867924525,0.05849056603773585,0.03018867924528302,0.0660377358490566,0.052830188679245285,0.07547169811320754,0.020754716981132074,0.0509433962264151,0.04905660377358491,0.03018867924528302,0.07169811320754717,0.04905660377358491,0.0509433962264151,0.062264150943396226,0.013207547169811321,0.04150943396226415,0.20270270270270271,0.3108108108108108,0.28378378378378377,0.20270270270270271
5GXH,Q8TEQ6,1,,,,,,,,,,,,,,,,,,,,,,,,,,,,,,,,,,,,,,,,,,,,,,,,,,,,,,,,,,,,,,,,,,,,,,,,,7.0,2.178571428571429,0.1752549163769328,96.58797142857142,0.6357929922920071,3.0956472669328963,0.5015022148765964,0.3085714285714286,0.1782721301296206,,,,,,,,,,,,,,,,,,,,,,,,,,,,,,,,,,,,,,,,,,,,,,,,,,,,,,,,,,,,,,,,,,,,,,,,,,,,,,,,,,,,,,,,,,,,,,,,,,,,,,,,,,,,,,,,,,,,,,,,,,,,,,,,,,,,,,,,,,,,,,,,,,,,,,,,,,,,,,,,,,,,,,,,,,,,,,,,,,,,,,,,,,,,,,672,7,0.046130952380952384,0.03125,0.05505952380952381,0.044642857142857144,0.03273809523809524,0.07886904761904762,0.046130952380952384,0.06101190476190476,0.049107142857142856,0.09077380952380952,0.010416666666666666,0.03273809523809524,0.05952380952380952,0.03422619047619048,0.043154761904761904,0.09226190476190477,0.06547619047619048,0.06547619047619048,0.03273809523809524,0.028273809523809524,0.14285714285714285,0.0,0.14285714285714285,0.7142857142857143
RNCMPT00006_min,Q9VGJ3,0,,,,,,,,,,,,,,,,,,,,,,,,,,,,,,,,,,,,,,,,,,,,,,,,,,,,,,,,,,,,,,,,,,,,,,,,,,,,,,,,,,,,,,,,,,,,,,,,,,,,,,,,,,,,,,,,,,,,,,,,,,,,,,,,,,,,,,,,,,,,,,,,,,,,,,,,,,,,,,,,,,,,,,,,,,,,,,,,,,,,,,,,,,,,,,,,,,,,,,,,,,,,,,,,,,,,,,,,,,,,,,,,,,,,,,,,,,,,,,,,,,,,,,,,,,,,,,,,,,,,,,,,,,,,,,,179,30,0.07262569832402235,0.0223463687150838,0.0223463687150838,0.0335195530726257,0.03910614525139665,0.061452513966480445,0.0111731843575419,0.0670391061452514,0.061452513966480445,0.0670391061452514,0.0446927374301676,0.0446927374301676,0.07262569832402235,0.03910614525139665,0.08379888268156424,0.0670391061452514,0.055865921787709494,0.07262569832402235,0.0111731843575419,0.05027932960893855,0.13333333333333333,0.1,0.3,0.4666666666666667
2ASB,P0A5M2,1,,,,,,,,,,,,,,,,,,,,,,,,,,,,,,,,,,,,,,,,,,,,,,,,,,,,,,,,,,,,,,,,,,,,,,,,,,,,,,,,,,,,,,,,,,,,,,,,,,,,,,,,,,,,,,,,,,,,,,,,,,,,,,,,,,,,,,,,,,,,,,,,,,,,,,,,,,,,,,,,,,,,,,,,,,,,,,,,,,,,,,,,,,,,,,,,,,,,,,,,,,,,,,,,,,,,,,,,,,,,,,,,,,,,,,,,,,,,,,,,,,,,,,,,,,,,,,,,,,,,,,,,,,,,,,,226,11,0.11946902654867257,0.008849557522123894,0.048672566371681415,0.06637168141592921,0.01327433628318584,0.09292035398230089,0.01327433628318584,0.07079646017699115,0.030973451327433628,0.061946902654867256,0.008849557522123894,0.035398230088495575,0.061946902654867256,0.02654867256637168,0.10176991150442478,0.06637168141592921,0.035398230088495575,0.11946902654867257,0.004424778761061947,0.01327433628318584,0.45454545454545453,0.18181818181818182,0.18181818181818182,0.18181818181818182
5Z4D,Q9VI58,1,,,,,,,,,,,,,,,,,,,,,,,,,,,,,,,,,,,,,,,,,,,,,,,,,,,,,,,,,,,,,,,,,,,,,,,,,,,,,,,,,,,,,,,,,,,,,,,,,,,,,,,,,,,,,,,,,,,,,,,,,,,,,,,,,,,,,,,,,,,,,,,,,,,,,,,,,,,,,,,,,,,,,,,,,,,,,,,,,,,,,,,,,,,,,,,,,,,,,,,,,,,,,,,,,,,,,,,,,,,,,,,,,,,,,,,,,,,,,,,,,,,,,,,,,,,,,,,,,,,,,,,,,,,,,,,351,4,0.06552706552706553,0.03133903133903134,0.042735042735042736,0.05413105413105413,0.05982905982905983,0.037037037037037035,0.022792022792022793,0.07977207977207977,0.06837606837606838,0.09971509971509972,0.02564102564102564,0.045584045584045586,0.05128205128205128,0.05982905982905983,0.039886039886039885,0.042735042735042736,0.05128205128205128,0.07122507122507123,0.008547008547008548,0.042735042735042736,0.25,0.0,0.25,0.5
RNCMPT00117_min,Q15717,0,,,,,,,,,,,,,,,,,,,,,,,,,,,,,,,,,,,,,,,,,,,,,,,,,,,,,,,,,,,,,,,,,,,,,,,,,,,,,,,,,,,,,,,,,,,,,,,,,,,,2.0,15.525,0.6010407640085651,64.844,0.8442854967367396,3.287059187889099,0.0902598363095961,0.04,0.0141421356237309,,,,,,,,,,3.0,15.0,0.1802775637731993,64.08203333333334,0.635007097073202,4.292299350102742,0.5098968339470988,0.2333333333333333,0.2223360819420305,,,,,,,,,,,,,,,,,,,,,,,,,,,,,,,,,,,,,,,,,,,,,,,,,,,,,,,,,,,,,,,,,,,,,,,,,,,,,,,,,,,,,,,,,,,,,,,,,,,,,,,,,,,,,,,,,,,,,,,,,,,,,,,,,,,,,,,,,,,,,,,,,325,35,0.07076923076923076,0.009230769230769232,0.04923076923076923,0.046153846153846156,0.055384615384615386,0.08923076923076922,0.024615384615384615,0.05846153846153846,0.052307692307692305,0.06769230769230769,0.03076923076923077,0.07076923076923076,0.036923076923076927,0.036923076923076927,0.06153846153846154,0.08615384615384615,0.04923076923076923,0.06769230769230769,0.006153846153846154,0.03076923076923077,0.22857142857142856,0.2857142857142857,0.22857142857142856,0.2571428571428571
RNCMPT00288_min,A0A8V0YMA7,0,2.0,18.950000000000003,1.6263455967290597,43.62845,0.0630032142037227,2.691031813621521,0.5405523825277428,0.04,0.0141421356237309,,,,,,,,,,,,,,,,,,,,,,,,,,,,,,,,,,,,,,,,,,,,,,,,,,,,,,,,,,,,,,,,,,,,,,,,,,,,,,,,,,,,,,,,,,,,,,,,,,,,,,,,,,,,,,,,,,,,,,,,,,,,,,,,,,,,,,,,,,,,,,,,,,,,,,,,,,,,,,,,,,,,,,,,,,,,,,,,,,,,,,,,,,,,,,,,,,,,,,,,,,,,,,,,,,,,,,,,,,,,,,,,,,,,,,,,,,,,,,,,,,,,,,,,,,,,,,,,,,,,,,339,30,0.06784660766961652,0.011799410029498525,0.05604719764011799,0.09734513274336283,0.038348082595870206,0.08259587020648967,0.011799410029498525,0.04424778761061947,0.0943952802359882,0.06784660766961652,0.02064896755162242,0.035398230088495575,0.06784660766961652,0.02359882005899705,0.06784660766961652,0.035398230088495575,0.04424778761061947,0.08259587020648967,0.008849557522123894,0.04129793510324484,0.16666666666666666,0.2,0.4666666666666667,0.16666666666666666
5WTK,P0DOC6,1,,,,,,,,,,,,,,,,,,,,,,,,,,,,,,,,,,,,,,,,,,,,,,,,,,,,,,,,,,,,,,,,,,,,,,,,,,,,,,,,,,,,,,,,,,,,,,,,,,,,,,,,,,,,,,,,,,,,,,,,,,,,,,,,,,,,,,,,,,,,,,,,,,,,,,,,,,,,,,,,,,,,,,,,,,,,,,,,,,,,,,,,,,,,,,,,,,,,,,,,,,,,,,,,,,,,,,,,,,,,,,,,,,,,,,,,,,,,,,,,,,,,,,,,,,,,,,,,,,,,,,,,,,,,,,,1215,40,0.0205761316872428,0.00411522633744856,0.06584362139917696,0.10123456790123457,0.05432098765432099,0.027160493827160494,0.00905349794238683,0.12510288065843622,0.14979423868312758,0.08641975308641975,0.012345679012345678,0.1111111111111111,0.00823045267489712,0.013991769547325103,0.040329218106995884,0.04609053497942387,0.031275720164609055,0.03621399176954732,0.00411522633744856,0.05267489711934156,0.425,0.3,0.15,0.125
RNCMPT00270_min,A0A9P9YVQ1,0,,,,,,,,,,,,,,,,,,,,,,,,,,,,,,,,,,,,,10.0,6.535000000000001,1.838182979647746,64.72711,4.67692881599548,4.088857841491699,0.7420225063281043,0.142,0.1139980506655949,,,,,,,,,,,,,,,,,,,,,,,,,,,,,,,,,,,,,,,,,,,,,,,,,,,,,,,,,,,,,,,,,,,,,,,,,,,,,,,,,,,,,,,,,,,,,,,,,,,,,,,,,,,,,,,,,,,,,,,,,,,,,,,,,,,,,,,,,,,,,,,,,,,,,,,,,,,,,,,,,,,,,,,,,,,,,,,,,,,,,,,,,,,,,,,,,,,,,,,,,,,,,,,,,,,,,,,,,,,,,,,,,,98,38,0.09183673469387756,0.02040816326530612,0.061224489795918366,0.030612244897959183,0.09183673469387756,0.07142857142857142,0.01020408163265306,0.05102040816326531,0.11224489795918367,0.07142857142857142,0.01020408163265306,0.04081632653061224,0.061224489795918366,0.061224489795918366,0.01020408163265306,0.07142857142857142,0.05102040816326531,0.061224489795918366,0.0,0.02040816326530612,0.2894736842105263,0.07894736842105263,0.4473684210526316,0.18421052631578946
RNCMPT00209_min,Q7SAK7,0,,,,,,,,,,,,,,,,,,,,,,,,,,,,,,,,,,,,,,,,,,,,,,,,,,,,,,,,,,,,,,,,,,,,,,,,,,,,,,,,,,,,,,,,,,,,,,,,,,,,,,,,,,,,,,,,,,,,,,,,,,,,,,,,,,,,,,,,,,,,,,,,,,,,,,,,,,,,,,,,,,,,,,,,,,,,,,,,,,,,,,,,,,,,,,,,,,,,,,,,,,,,,,,,,,,,,,,,,,,,,,,,,,,,,,,,,,,,,,,,,,,,,,,,,,,,,,,,,,,,,,,,,,,,,,,247,30,0.12550607287449392,0.0,0.05668016194331984,0.08502024291497975,0.048582995951417005,0.06477732793522267,0.004048582995951417,0.048582995951417005,0.07692307692307693,0.06477732793522267,0.016194331983805668,0.04048582995951417,0.05668016194331984,0.05668016194331984,0.07692307692307693,0.024291497975708502,0.06072874493927125,0.0728744939271255,0.0,0.020242914979757085,0.26666666666666666,0.2,0.3,0.23333333333333334
RNCMPT00114_min,M9PDB0,0,,,,,,,,,,,,,,,,,,,,,,,,,,,,,,,,,,,,,,,,,,,,,,,,,,,,,,,,,,,,,,,,,,,,,,,,,,,,,,,,,,,,,,,,,,,,,,,,,,,,,,,,,,,,,,,,,,,,,,,,,,,,,,,,,,,,,,,,,,,,,,,,,,,,,,,,,,,,,,,,,,,,,,,,,,,,,,,,,,,,,,,,,,,,,,,,,,,,,,,,,,,,,,,,,,,,,,,,,,,,,,,,,,,,,,,,,,,,,,,,,,,,,,,,,,,,,,,,,,,,,,,,,,,,,,,467,30,0.1349036402569593,0.014989293361884369,0.03854389721627409,0.03854389721627409,0.04068522483940043,0.057815845824411134,0.017130620985010708,0.044967880085653104,0.06852248394004283,0.09207708779443255,0.02569593147751606,0.05139186295503212,0.057815845824411134,0.0728051391862955,0.017130620985010708,0.07922912205567452,0.07066381156316917,0.057815845824411134,0.004282655246252677,0.014989293361884369,0.06666666666666667,0.4,0.3333333333333333,0.2
3AVT,Q8LTE0,1,,,,,,,,,,,,,,,,,,,,,,,,,,,,,,,,,,,,,,,,,,,,,,,,,,,,,,,,,,,,,,,,,,,,,,,,,,,,,,,,,,,,,,,,,,,,,,,,,,,,,,,,,,,,,,,,,,,,,,,,,,,,,,,,,,,,,,,,,,,,,,,,,,,,,,,,,,8.0,5.36875,0.3644344934278313,85.048925,1.1433989139528573,3.557752102613449,0.8883281115318762,0.04625,0.0531675249968034,,,,,,,,,,,,,,,,,,,,,,,,,,,,,,,,,,,,,,,,,,,,,,,,,,,,,,,,,,,,,,,,,,,,,,,,,,,,,,,,,,,,,,,,,,,,,,,,,,,,,,,,,,,,,1203,4,0.08645054031587697,0.015793848711554447,0.05901911886949293,0.0773067331670823,0.040731504571903575,0.08146300914380715,0.020781379883624274,0.06816292601828762,0.058187863674147966,0.08229426433915212,0.021612635078969242,0.03325020781379884,0.04156275976724855,0.022443890274314215,0.059850374064837904,0.060681629260182876,0.05652535328345802,0.07813798836242726,0.006650041562759767,0.029093931837073983,0.25,0.5,0.25,0.0
RNCMPT00273_min,P41374,0,,,,,,,,,,,,,,,,,,,,,,,,,,,,,,,,,,,,,,,,,,,,,,,,,,,,,,,,,,,,,,,,,,,,,,,,,9.0,9.066666666666666,0.8314144574157941,64.45768888888888,2.3525573746693422,3.519350316789416,1.010577429996501,0.2244444444444444,0.1788233144133554,5.0,8.02,0.47775516742365,70.46376,1.539828317702987,3.757347345352173,1.0955634927289206,0.458,0.1852565788305505,7.0,8.1,0.5859465277082314,68.46425714285715,3.0861976399539204,3.63215902873448,0.891939593617502,0.1557142857142857,0.1381855205701309,,,,,,,,,,,,,,,,,,,,,,,,,,,,,,,,,,,,,,,,,,,,,,,,,,,,,,,,,,,,,,,,,,,,,,,,,,,,,,,,,,,,,,,,,,,,,,,,,,,,,,,,,,,,,,,,,,,,,,,,,,,,,,,,,,,,,,,,,,,,,,,,,,,,,,,,,,,,,,,,,,,,,,,,,,,,341,30,0.07917888563049853,0.011730205278592375,0.06744868035190615,0.13196480938416422,0.026392961876832845,0.04985337243401759,0.01466275659824047,0.06744868035190615,0.08211143695014662,0.08504398826979472,0.020527859237536656,0.04398826979472141,0.03225806451612903,0.01466275659824047,0.05865102639296188,0.04985337243401759,0.05278592375366569,0.07331378299120235,0.002932551319648094,0.03519061583577713,0.06666666666666667,0.23333333333333334,0.23333333333333334,0.4666666666666667
RNCMPT00070_min,P08621,0,,,,,,,,,,,,,,,,,,,,,,,,,,,,,,,,,,,,,,,,,,,,,,,,,,,,,,,,,,,,,,,,,,,,,,,,,,,,,,,,,,,,,,,,,,,,,,,,,,,,,,,,,,,,,,,,,,,,,,,,,,,,,,,,,,,,,,,,,,,,,,,,,,,,,,,,,,,,,,,,,,,,,,,,,,,,,,,,,,,,,,,,,,,,,,,,,,,,,,,,,,,,,,,,,,,,,,,,,,,,,,,,,,,,,,,,,,,,,,,,,,,,,,,,,,,,,,,,,,,,,,,,,,,,,,,171,38,0.04678362573099415,0.0,0.07017543859649122,0.09941520467836257,0.023391812865497075,0.09941520467836257,0.03508771929824561,0.03508771929824561,0.07017543859649122,0.03508771929824561,0.023391812865497075,0.023391812865497075,0.05847953216374269,0.017543859649122806,0.16374269005847952,0.03508771929824561,0.05263157894736842,0.05847953216374269,0.011695906432748537,0.04093567251461988,0.3157894736842105,0.3684210526315789,0.15789473684210525,0.15789473684210525
RNCMPT00053_min,Q96IZ5,0,3.0,6.866666666666667,0.4252450274057689,73.9987,3.8853300027153472,3.177825371424357,0.8628835015268357,0.0966666666666666,0.055075705472861,,,,,,,,,,,,,,,,,,,,,,,,,,,,,,,,,,,,,,,,,,,,,,,,,,,,,,,,,,,,,,,,,,,,,,,,,,,,,,,,,,,,,,,,,,,,,,,,,,,,,,,,,,,,,,,,,,,,,,,,,,,,,,,,,,,,,,,,,,,,,,,,,,,,,,,,,,,,,,,,,,,,,,,,,,,,,,,,,,,,,,,,,,,,,,,,,,,,,,,,,,,,,,,,,,,,,,,,,,,,,,,,,,,,,,,,,,,,,,,,,,,,,,,,,,,,,,,,,,,,,,153,30,0.0392156862745098,0.013071895424836602,0.013071895424836602,0.08496732026143791,0.05228758169934641,0.06535947712418301,0.013071895424836602,0.0718954248366013,0.08496732026143791,0.08496732026143791,0.026143790849673203,0.05228758169934641,0.0718954248366013,0.058823529411764705,0.06535947712418301,0.0718954248366013,0.058823529411764705,0.0392156862745098,0.013071895424836602,0.0196078431372549,0.3333333333333333,0.23333333333333334,0.26666666666666666,0.16666666666666666
RNCMPT00036_min,Q9H9Z2,0,,,,,,,,,,,,,,,,,,,,,,,,,,,,,,,,,,,,,18.0,15.533333333333337,4.028318872827283,47.37859444444444,10.647863955050395,3.2179172237714133,0.8098123236815248,0.0277777777777777,0.0355718916719955,,,,,,,,,,,,,,,,,,,,,,,,,,,,,,,,,,,,,,,,,,,,,,,,,,,,,,,,,,,,,,,,,,,,,,,,,,,,,,,,,,,,,,,,,,,,,,,,,,,,,,,,,,,,,,,,,,,,,,,,,,,,,,,,,,,,,,,,,,,,,,,,,,,,,,,,,,,,,,,,,,,,,,,,,,,,,,,,,,,,,,,,,,,,,,,,,,,,,,,,,,,,,,,,,,,,,,,,,,,,,,,,,,209,35,0.10047846889952153,0.0430622009569378,0.028708133971291867,0.09090909090909091,0.05263157894736842,0.10047846889952153,0.03827751196172249,0.023923444976076555,0.08133971291866028,0.05741626794258373,0.028708133971291867,0.019138755980861243,0.07177033492822966,0.05263157894736842,0.05263157894736842,0.07177033492822966,0.023923444976076555,0.04784688995215311,0.004784688995215311,0.009569377990430622,0.2,0.14285714285714285,0.4857142857142857,0.17142857142857143
2IX1,P30850,1,,,,,,,,,,,,,,,,,,,,,,,,,,,,86.0,2.059302325581396,0.4972578706032525,87.9302976744186,3.747223243604028,3.652472575043523,0.8171560541094098,0.163953488372093,0.2356831325905358,,,,,,,,,,,,,,,,,,,,,,,,,,,,,,,,,,,,,,,,,,,,,,,,,,,,,,,,,,,,,,,,,,,,,,,,,,,,,,,,,,1.0,4.5,,76.7846,,1.794671893119812,,0.45,,,,,,,,,,,,,,,,,,,,,,,,,,,,,,,,,,,,,,,,,,,,,,,,,,,,,,,,,,,,,,,,,,,,,,,,,,,,,,,,,,,,,,,,,,,,,,,,,,,,,,,,,,,,,,,,,,,,,,,,,,,,,,,,,,,,,,,,,,,,,,,,,,643,13,0.1088646967340591,0.01088646967340591,0.07620528771384137,0.08242612752721618,0.04354587869362364,0.05754276827371695,0.024883359253499222,0.06220839813374806,0.049766718506998445,0.09331259720062209,0.02332814930015552,0.027993779160186624,0.04821150855365474,0.03110419906687403,0.07776049766718507,0.03265940902021773,0.049766718506998445,0.06842923794712286,0.013996889580093312,0.017107309486780714,1.0,0.0,0.0,0.0
4J5V,P69517,1,,,,,,,,,,,,,,,,,,,,,,,,,,,,,,,,,,,,,,,,,,,,,,,,,,,,,,,,,,,,,,,,,,,,,,,,,,,,,,,,,,,,,,,,,,,,,,,,,,,,,,,,,,,,,,,,,,,,,,,,,,,,,,,,,,,,,,,,,,,,,,,,,,,,,,,,,,,,,,,,,,,,,,,,,,,,,,,,,,,,,,,,,,,,,,,,,,,,,,,,,,,,,,,,,,,,,,,,,,,,,,,,,,,,,,,,,,,,,,,,,,,,,,,,,,,,,,,,,,,,,,,,,,,,,,,122,19,0.040983606557377046,0.01639344262295082,0.04918032786885246,0.05737704918032787,0.06557377049180328,0.08196721311475409,0.02459016393442623,0.03278688524590164,0.040983606557377046,0.09016393442622951,0.01639344262295082,0.03278688524590164,0.040983606557377046,0.040983606557377046,0.08196721311475409,0.10655737704918032,0.06557377049180328,0.04918032786885246,0.03278688524590164,0.03278688524590164,0.15789473684210525,0.5263157894736842,0.3157894736842105,0.0
RNCMPT00253_min,Q38E63,0,,,,,,,,,,,,,,,,,,,,,,,,,,,,,,,,,,,,,,,,,,,,,,,,,,,,,,,,,,,,,,,,2.0,16.8,0.4242640687119295,72.14189999999999,0.7550486209509892,4.5835120677948,0.1057821834413697,0.1,0.0424264068711928,25.0,8.626000000000001,1.19653318661317,72.018404,4.33044621492982,3.4656308269500733,1.039692453574789,0.0948,0.0459274790657328,5.0,13.09,0.5538501602419191,63.44002,3.1967058758978744,4.515900707244873,0.3351952082680896,0.018,0.0349284983931459,2.0,11.525,0.0353553390593278,62.58685,3.492895367027195,3.922808527946472,0.0213561453152584,0.05,0.0424264068711928,,,,,,,,,,,,,,,,,,,,,,,,,,,,,,,,,,,,,,,,,,,,,,,,,,,,,,,,,,,,,,,,,,,,,,,,,,,,,,,,,,,,,,,,,,,,,,,,,,,,,,,,,,,,,,,,,,,,,,,,,,,,,,,,,,,,,,,,,,,,,,,,,,,,,,,,,,,,,,,,,,,,,,,,,,,,424,30,0.08962264150943396,0.01650943396226415,0.06367924528301887,0.05660377358490566,0.05188679245283019,0.07075471698113207,0.018867924528301886,0.05188679245283019,0.07075471698113207,0.07783018867924528,0.03537735849056604,0.0589622641509434,0.03773584905660377,0.05188679245283019,0.07075471698113207,0.05188679245283019,0.025943396226415096,0.0660377358490566,0.0023584905660377358,0.030660377358490566,0.2,0.13333333333333333,0.16666666666666666,0.5
5YTV,P67809,1,,,,,,,,,,,,,,,,,,,,,,,,,,,,,,,,,,,,,,,,,,,,,,,,,,,,,,,,,,,,,,,,,,,,,,,,,,,,,,,,,,,,,,,,,,,,,,,,,,,,,,,,,,,,,,,,,,,,,,,,,,,,,,,,,,,,,,,,,,,,,,,,,,,,,,,,,,,,,,,,,,,,,,,,,,,,,,,,,,,,,,,,,,,,,,,,,,,,,,,,,,,,,,,,,,,,,,,,,,,,,,,,,,,,,,,,,,,,,,,,,,,,,,,,,,,,,,,,,,,,,,,,,,,,,,,75,4,0.06666666666666667,0.0,0.05333333333333334,0.08,0.05333333333333334,0.12,0.013333333333333334,0.04,0.12,0.02666666666666667,0.0,0.08,0.013333333333333334,0.013333333333333334,0.04,0.013333333333333334,0.08,0.14666666666666667,0.013333333333333334,0.02666666666666667,0.25,0.5,0.0,0.25
RNCMPT00031_min,Q99383,0,,,,,,,,,,,,,,,,,,,,,,,,,,,,,,,,,,,,,,,,,,,,,,,,,,,,,,,,,,,,,,,,6.0,9.966666666666669,1.7707813717866658,75.15135,1.4728655237325634,3.39090887705485,0.7584582452314346,0.0533333333333333,0.0294392028877594,,,,,,,,,,,,,,,,,,,,,,,,,,,,2.0,9.025,1.1667261889578036,75.20545,1.3488061851133386,3.0479055643081665,0.0112601206355644,0.135,0.0494974746830583,4.0,10.7625,2.2957841797520957,70.92455,2.060365445740149,3.1868916749954224,0.8870497891822862,0.0125,0.005,,,,,,,,,,,,,,,,,,,,,,,,,,,,,,,,,,,,,,,,,,,,,,,,,,,,,,,,,,,,,,,,,,,,,,,,,,,,,,,,,,,,,,,,,,,,,,,,,,,,,,,,,,,,,,,,,,,,,,,,,,,,,,,,,,,,,,,,,,,,,,,,,,,,,,,,,,194,38,0.03608247422680412,0.010309278350515464,0.0979381443298969,0.06701030927835051,0.06701030927835051,0.09278350515463918,0.010309278350515464,0.061855670103092786,0.10309278350515463,0.041237113402061855,0.020618556701030927,0.03608247422680412,0.03608247422680412,0.05154639175257732,0.061855670103092786,0.061855670103092786,0.061855670103092786,0.05670103092783505,0.010309278350515464,0.015463917525773196,0.34210526315789475,0.21052631578947367,0.2631578947368421,0.18421052631578946
4QG3,P27150,1,,,,,,,,,,,,,,,,,,,,,,,,,,,,,,,,,,,,,,,,,,,,,,,,,,,,,,,,,,,,,,,,,,,,,,,,,,,,,,,,,,,,,,,,,,,,,,,,,,,,,,,,,,,,,,,,,,,,,,,,,,,,,,,,,,,,,,,,,,,,,,,,,,,,,,,,,,,,,,,,,,,,,,,,,,,,,,,,,,,,,,,,,,,,,,,,,,,,,,,,,,,,,,,,,,,,,,,,,,,,,,,,,,,,,,,,,,,,,,,,,,,,,,,,,,,,,,,,,,,,,,,,,,,,,,,228,80,0.10526315789473684,0.0,0.05263157894736842,0.07456140350877193,0.03070175438596491,0.10087719298245613,0.03070175438596491,0.07894736842105263,0.08771929824561403,0.07017543859649122,0.013157894736842105,0.03070175438596491,0.06140350877192982,0.013157894736842105,0.06578947368421052,0.03070175438596491,0.04824561403508772,0.08333333333333333,0.0043859649122807015,0.017543859649122806,0.1625,0.2875,0.4,0.15
1EUY,P00962,1,,,,,,,,,,14.0,1.417857142857143,0.1564106317175584,96.95221428571428,1.036861056530454,3.6456875801086426,0.7062096248384447,0.585,0.4489946033597217,,,,,,,,,,,,,,,,,,,,,,,,,,,,,,,,,,,,,,,,,,,,,,,,,,,,,,,,,,,,,,,,,,,,,,,,,,,,,,,,,,,,,,,,,,,,,,,,,,,,,,,,,,,,,,,,,,,,,,,,,,,,,,,,,,,,,,,,11.0,1.3454545454545457,0.1293339581365726,96.66390909090909,0.6383830863275496,3.493156519803134,0.6605005406638709,0.2218181818181818,0.3624587750853379,4.0,2.05,0.3582364210034112,91.20495,0.2440952887705938,3.262656986713409,0.9887130550555034,0.0075,0.015,5.0,1.5299999999999998,0.0908295106229247,95.47314,0.2068559716324397,4.458370018005371,0.5813626013083777,0.1619999999999999,0.2483344518990468,4.0,1.2374999999999998,0.0629152869605895,96.209275,0.2715230545767073,3.8005526661872864,0.7430003763236538,0.46,0.5198076567346811,4.0,1.4250000000000005,0.206155281280883,95.13205,0.2775624434248966,2.963654965162277,1.0741113342837592,0.0375,0.075,,,,,,,,,,,,,,,,,,,,,,,,,,,,,,,,,,,,,,,,,,,,,,,,,,,,,,,,,,,,,,,,,,,,,,,,,529,73,0.0661625708884688,0.01890359168241966,0.0661625708884688,0.08128544423440454,0.045368620037807186,0.05860113421550094,0.030245746691871456,0.0661625708884688,0.052930056710775046,0.07561436672967864,0.020793950850661626,0.05103969754253308,0.04914933837429111,0.02835538752362949,0.07183364839319471,0.04914933837429111,0.05103969754253308,0.062381852551984876,0.013232514177693762,0.04158790170132325,0.2191780821917808,0.3013698630136986,0.3013698630136986,0.1780821917808219
2DR8,O28126,1,,,,,,,,,,,,,,,,,,,,,,,,,,,,,,,,,,,,,,,,,,,,,,,,,,,,,,,,,,,,,,,,,,,,,,,,,,,,,,,,,,,,,,,,,,,,,,,,,,,,,,,,,,,,,,,,,,,,,,,,,,,,,,,,,,,,,,,,11.0,1.059090909090909,0.1985172307611883,97.91776363636365,1.2889562027258537,3.6727222962812944,0.6231863709650111,0.4854545454545454,0.4972999826334933,,,,,,,,,,,,,,,,,,,,,,,,,,,,,,,,,,,,,,,,,,,,,,,,,,,,,,,,,,,,,,,,4.0,0.95,0.0707106781186547,98.43475,0.1827211445527495,3.2553073167800903,0.5669845274025842,0.245,0.4833563212924119,,,,,,,,,,,,,,,,,,,,,,,,,,,,,,,,,,,,,,,,,,,,,,,,,,,,,,,437,33,0.05263157894736842,0.013729977116704805,0.034324942791762014,0.14187643020594964,0.07322654462242563,0.06178489702517163,0.018306636155606407,0.04576659038901602,0.08237986270022883,0.08924485125858124,0.016018306636155607,0.032036613272311214,0.041189931350114416,0.006864988558352402,0.09153318077803203,0.041189931350114416,0.02517162471395881,0.08695652173913043,0.013729977116704805,0.032036613272311214,0.06060606060606061,0.3939393939393939,0.3939393939393939,0.15151515151515152
2ZH8,O28126,1,,,,,,,,,,,,,,,,,,,,,,,,,,,,,,,,,,,,,,,,,,,,,,,,,,,,,,,,,,,,,,,,,,,,,,,,,,,,,,,,,,,,,,,,,,,,,,,,,,,,,,,,,,,,,,,,,,,,,,,,,,,,,,,,,,,,,,,,11.0,1.0636363636363635,0.185864075456917,98.07369090909091,1.1161265469959434,3.6449184851212935,0.5869621373302703,0.4854545454545454,0.4965554075098495,,,,,,,,,,,,,,,,,,,,,,,,,,,,,,,,,,,,,,,,,,,,,,,,,,,,,,,,,,,,,,,,4.0,1.0625,0.0629152869605895,98.21125,0.2042512423462798,3.3301828503608704,0.5443061274600149,0.2425,0.4783565615730591,,,,,,,,,,,,,,,,,,,,,,,,,,,,,,,,,,,,,,,,,,,,,,,,,,,,,,,437,34,0.05263157894736842,0.013729977116704805,0.034324942791762014,0.14187643020594964,0.07322654462242563,0.06178489702517163,0.018306636155606407,0.04576659038901602,0.08237986270022883,0.08924485125858124,0.016018306636155607,0.032036613272311214,0.041189931350114416,0.006864988558352402,0.09153318077803203,0.041189931350114416,0.02517162471395881,0.08695652173913043,0.013729977116704805,0.032036613272311214,0.058823529411764705,0.38235294117647056,0.4117647058823529,0.14705882352941177
RNCMPT00186_min,Q15365,0,,,,,,,,,,,,,,,,,,,,,,,,,,,,,,,,,,,,,,,,,,,,,,,,,,,,,,,,,,,,,,,,,,,,,,,,,,,,,,,,,,,,,,,,,,,,,,,,,,,,,,,,,,,,,,,,,,,,,,,,,,,,,,,,,,,,,,,,,,,,,,,,,,,,,,,,,,,,,,,,,,,,,,,,,,,,,,,,,,,,,,,,,,,,,,,,,,,,,,,,,,,,,,,,,,,,,,,,,,,,,,,,,,,,,,,,,,,,,,,,,,,,,,,,,,,,,,,,,,,,,,,,,,,,,,,356,38,0.08707865168539326,0.025280898876404494,0.03089887640449438,0.056179775280898875,0.011235955056179775,0.10112359550561797,0.019662921348314606,0.09550561797752809,0.03932584269662921,0.06741573033707865,0.033707865168539325,0.03932584269662921,0.05337078651685393,0.056179775280898875,0.0449438202247191,0.09831460674157304,0.0702247191011236,0.05337078651685393,0.0028089887640449437,0.014044943820224719,0.2894736842105263,0.15789473684210525,0.2894736842105263,0.2631578947368421
5KLA,P25822,1,,,,,,,,,,,,,,,,,,,7.0,1.2071428571428573,0.0838081709847526,96.00384285714286,1.3346025036905729,3.408757243837629,0.6193877152945878,0.8085714285714286,0.359602955652878,,,,,,,,,,,,,,,,,,,,,,,,,,,,,,,,,,,,,,,,,,,,,,,,,,,,,,,,,,,,,,,,,,,,,,,,,,,,,,,,,,,,,,,,,,,,,,,,,,,,,,,,,,,,,,,,,,,,,,,,,,,,,,,,,,,,,,,,,,,,,,,,,,,,,,,,,,,,,,,,,,,,,,,,,,,,,,,,,,,,,,,,,,,,,,6.0,1.525,0.2230470802319546,93.54601666666666,1.478725209654138,3.2412537733713784,0.3754067385338842,0.8283333333333333,0.3911734483150239,7.0,1.1785714285714288,0.0951189731211342,96.3985142857143,0.7121064373359066,3.2309041363852367,0.5229753914856624,0.6957142857142857,0.3995771574576113,,,,,,,,,,,,,,,,,,,,,,,,,,,,,,,,,,,,,337,8,0.05637982195845697,0.02373887240356083,0.04154302670623145,0.0712166172106825,0.03560830860534125,0.050445103857566766,0.050445103857566766,0.06231454005934718,0.0712166172106825,0.09198813056379822,0.026706231454005934,0.04451038575667656,0.02373887240356083,0.09198813056379822,0.04451038575667656,0.04451038575667656,0.04747774480712166,0.08605341246290801,0.0,0.03560830860534125,0.375,0.125,0.125,0.375
RNCMPT00160_min,P55795,0,,,,,,,,,,,,,,,,,,,,,,,,,,,,,,,,,,,,,,,,,,,,,,,,,,,,,,,,,,,,,,,,,,,,,,,,,,,,,,,,,,,,,,,,,,,,,,,,,,,,,,,,,,,,,,,,,,,,,,,,,,,,,,,,,,,,,,,,,,,,,,,,,,,,,,,,,,,,,,,,,,,,,,,,,,,,,,,,,,,,,,,,,,,,,,,,,,,,,,,,,,,,,,,,,,,,,,,,,,,,,,,,,,,,,,,,,,,,,,,,,,,,,,,,,,,,,,,,,,,,,,,,,,,,,,,408,38,0.06372549019607843,0.012254901960784314,0.05392156862745098,0.07352941176470588,0.058823529411764705,0.13480392156862744,0.029411764705882353,0.031862745098039214,0.0392156862745098,0.049019607843137254,0.041666666666666664,0.03676470588235294,0.0392156862745098,0.024509803921568627,0.07598039215686274,0.08088235294117647,0.041666666666666664,0.056372549019607844,0.004901960784313725,0.051470588235294115,0.21052631578947367,0.23684210526315788,0.2631578947368421,0.2894736842105263
RNCMPT00071_min,P09012,0,,,,,,,,,,,,,,,,,,,,,,,,,,,,,,,,,,,,,,,,,,,,,,,,,,,,,,,,,,,,,,,,,,,,,,,,,,,,,,,,,,,,,,,,,,,,,,,,,,,,,,,,,,,,,,,,,,,,,,,,,,,,,,,1.0,2.7,,81.8203,,3.80664587020874,,0.18,,,,,,,,,,,,,,,,,,,,,,,,,,,,,,,,,,,,,,,,,,,,,,,,,,,,,,,,,,,,,,,,,,,,,,,,,,,,,,,,,,,,,,,,,,,,,,,,,,,,,,,,,,,,,,,,,,,,,,,,,,,,,,,,,,,,,,,,,282,38,0.07801418439716312,0.0,0.031914893617021274,0.04964539007092199,0.05319148936170213,0.07092198581560284,0.01773049645390071,0.06028368794326241,0.07801418439716312,0.06382978723404255,0.06028368794326241,0.04609929078014184,0.12411347517730496,0.0673758865248227,0.04609929078014184,0.0425531914893617,0.0425531914893617,0.04964539007092199,0.0,0.01773049645390071,0.21052631578947367,0.10526315789473684,0.5,0.18421052631578946
RNCMPT00157_min,Q86U42,0,,,,,,,,,,,,,,,,,,,,,,,,,,,,,,,,,,,,,,,,,,,,,,,,,,,,,,,,,,,,,,,,,,,,,,,,,,,,,,,,,,,,,,,,,,,,,,,,,,,,,,,,,,,,,,,,,,,,,,,,,,,,,,,,,,,,,,,,,,,,,,,,,,,,,,,,,,,,,,,,,,,,,,,,,,,,,,,,,,,,,,,,,,,,,,,,,,,,,,,,,,,,,,,,,,,,,,,,,,,,,,,,,,,,,,,,,,,,,,,,,,,,,,,,,,,,,,,,,,,,,,,,,,,,,,,170,30,0.07058823529411765,0.011764705882352941,0.03529411764705882,0.1,0.047058823529411764,0.07647058823529412,0.01764705882352941,0.047058823529411764,0.052941176470588235,0.041176470588235294,0.029411764705882353,0.052941176470588235,0.052941176470588235,0.01764705882352941,0.11176470588235295,0.08823529411764706,0.047058823529411764,0.058823529411764705,0.0,0.041176470588235294,0.26666666666666666,0.13333333333333333,0.3333333333333333,0.26666666666666666
RNCMPT00150_min,G3R3S9,0,,,,,,,,,,,,,,,,,,,,,,,,,,,,,,,,,,,,,,,,,,,,,,,,,,,,,,,,,,,,,,,,,,,,,,,,,6.0,9.841666666666669,0.3693462693282104,72.71383333333334,2.019157264471163,3.002164264520009,1.2852400659046122,0.17,0.1052615789355261,,,,,,,,,,,,,,,,,,,,,,,,,,,,,,,,,,,,,,,,,,,,,,,,,,,,,,,,,,,,,,,,,,,,,,,,,,,,,,,,,,,,,,,,,,,,,,,,,,,,,,,,,,,,,,,,,,,,,,,,,,,,,,,,,,,,,,,,,,,,,,,,,,,,,,,,,,,,,,,,,,,,,,,,,,,,,,,,,,,,,,,,,,,,,,391,38,0.08951406649616368,0.023017902813299233,0.03580562659846547,0.0639386189258312,0.04092071611253197,0.08951406649616368,0.023017902813299233,0.03324808184143223,0.04092071611253197,0.10997442455242967,0.023017902813299233,0.01278772378516624,0.0741687979539642,0.04092071611253197,0.0792838874680307,0.05370843989769821,0.061381074168797956,0.0792838874680307,0.005115089514066497,0.020460358056265986,0.23684210526315788,0.23684210526315788,0.3157894736842105,0.21052631578947367
6R9P,P53010,1,,,,,,,,,,,,,,,,,,,,,,,,,,,,,,,,,,,,,,,,,,,,,,,,,,,,,,,,,,,,,,,,,,,,,,,,,,,,,,,,,,,,,,,,,,,,,,,,,,,,,,,,,,,,,,,,,,,,,,,,,,,,,,,,,,,,,,,,,,,,,,,,,,,,,,,,,,,,,,,,,,,,,,,,,,,,,,,,,,,,,,,,,,,,,,,,,,,,,,,,,,,,,,,,,,,,,,,,,,,,,,,,,,,,,,,,,,,,,,,,,,,,,,,,,,,,,,,,,,,,,,,,,,,,,,,607,4,0.03789126853377265,0.018121911037891267,0.051070840197693576,0.08072487644151564,0.04612850082372323,0.039538714991762765,0.02471169686985173,0.07413509060955518,0.06754530477759473,0.10873146622734761,0.014827018121911038,0.07084019769357495,0.036243822075782535,0.02800658978583196,0.044481054365733116,0.06754530477759473,0.06919275123558484,0.05601317957166392,0.006589785831960461,0.057660626029654036,0.5,0.0,0.0,0.5
RNCMPT00010_min,Q9VF55,0,,,,,,,,,,,,,,,,,,,,,,,,,,,,,,,,,,,,,,,,,,,,,,,,,,,,,,,8.0,10.3625,0.5546878143862289,67.61125000000001,4.725365776922913,3.6455052942037582,0.9906542853577543,0.0725,0.0533853912601565,,,,,,,,,,,,,,,,,,,,,,,,,,,,,,,,,,,,,,,,,,,,,,,,,,,,,,,,,,,,,,,,,,,,,,,,,,,,,,,,,,,,,,,,,,,,,,,,,,,,,,,,,,,,,,,,,,,,,,,,,,,,,,,,,,,,,,,,,,,,,,,,,,,,,,,,,,,,,,,,,,,,,,,,,,,,,,,,,,,,,,,,,,,,,,,,,,,,,,,,,,,,,,,,247,35,0.05263157894736842,0.012145748987854251,0.04048582995951417,0.06477732793522267,0.04048582995951417,0.06882591093117409,0.020242914979757085,0.032388663967611336,0.08097165991902834,0.06882591093117409,0.032388663967611336,0.04048582995951417,0.05668016194331984,0.020242914979757085,0.10121457489878542,0.0931174089068826,0.05263157894736842,0.06477732793522267,0.004048582995951417,0.05263157894736842,0.2571428571428571,0.45714285714285713,0.14285714285714285,0.14285714285714285
4J39,P69517,1,,,,,,,,,,,,,,,,,,,,,,,,,,,,,,,,,,,,,,,,,,,,,,,,,,,,,,,,,,,,,,,,,,,,,,,,,,,,,,,,,,,,,,,,,,,,,,,,,,,,,,,,,,,,,,,,,,,,,,,,,,,,,,,,,,,,,,,,,,,,,,,,,,,,,,,,,,,,,,,,,,,,,,,,,,,,,,,,,,,,,,,,,,,,,,,,,,,,,,,,,,,,,,,,,,,,,,,,,,,,,,,,,,,,,,,,,,,,,,,,,,,,,,,,,,,,,,,,,,,,,,,,,,,,,,,122,19,0.040983606557377046,0.01639344262295082,0.04918032786885246,0.05737704918032787,0.06557377049180328,0.08196721311475409,0.02459016393442623,0.03278688524590164,0.040983606557377046,0.09016393442622951,0.01639344262295082,0.03278688524590164,0.040983606557377046,0.040983606557377046,0.08196721311475409,0.10655737704918032,0.06557377049180328,0.04918032786885246,0.03278688524590164,0.03278688524590164,0.15789473684210525,0.3684210526315789,0.3157894736842105,0.15789473684210525
6I0U,Q9VI58,1,,,,,,,,,,,,,,,,,,,,,,,,,,,,,,,,,,,,,,,,,,,,,,,,,,,,,,,,,,,,,,,,,,,,,,,,,,,,,,,,,,14.0,1.1821428571428572,0.13951446417589,98.14978571428573,1.0618794845839228,3.747188057218279,0.735454947133216,0.5278571428571428,0.4773513231512883,10.0,1.52,0.1512907429054696,97.30818,1.1958081644738077,3.6020580530166626,0.8741802234793705,0.528,0.4290247338117258,,,,,,,,,,,,,,,,,,,,,,,,,,,,,,,,,,,,,,,,,,,,,,,,,,,,,,,,,,,,,,,,,,,,,,,,,,,,,,,,,,,,,,,,,,,,,,,,,,,,7.0,2.042857142857143,0.2439750182371333,94.09948571428572,1.9901413094121163,3.935817548206874,0.801907095107824,0.35,0.398622628559895,,,,,,,,,,,,,,,,,,,,,,,,,,,,,,,,,,,,,,,,,,,,,,,,,,,,,,,,,,,,,,,,350,4,0.06571428571428571,0.03142857142857143,0.04,0.05142857142857143,0.06,0.037142857142857144,0.02,0.08,0.07142857142857142,0.1,0.022857142857142857,0.04285714285714286,0.04857142857142857,0.06571428571428571,0.04285714285714286,0.04285714285714286,0.05142857142857143,0.07428571428571429,0.008571428571428572,0.04285714285714286,0.0,0.0,0.0,1.0
RNCMPT00073_min,Q16629,0,,,,,,,,,,,,,,,,,,,,,,,,,,,,,,,,,,,,,,,,,,,,,,,,,,,,,,,,,,,,,,,,,,,,,,,,,,,,,,,,,,,,,,,,,,,,,,,,,,,,,,,,,,,,,,,,,,,,,,,,,,,,,,,,,,,,,,,,,,,,,,,,,,,,,,,,,,,,,,,,,,,,,,,,,,,,,,,,,,,,,,,,,,,,,,,,,,,,,,,,,,,,,,,,,,,,,,,,,,,,,,,,,,,,,,,,,,,,,,,,,,,,,,,,,,,,,,,,,,,,,,,,,,,,,,,124,38,0.06451612903225806,0.03225806451612903,0.06451612903225806,0.07258064516129033,0.04838709677419355,0.12903225806451613,0.016129032258064516,0.016129032258064516,0.03225806451612903,0.04032258064516129,0.016129032258064516,0.024193548387096774,0.07258064516129033,0.0,0.14516129032258066,0.04838709677419355,0.03225806451612903,0.06451612903225806,0.008064516129032258,0.07258064516129033,0.2631578947368421,0.23684210526315788,0.2631578947368421,0.23684210526315788
3K5Z,Q09312,1,,,,,,,,,,,,,,,,,,,7.0,1.4857142857142858,0.270361310278002,95.18925714285714,1.692099331064958,3.791786193847656,0.6652383416692519,0.8757142857142858,0.1214985792587911,,,,,,,,,,,,,,,,,,,,,,,,,,,,,,,,,,,,,,,,,,,,,,,,,,,,,,,,,,,,,,,,,,,,,,,,,,,,,,,,,,,,,,,,,,,,,,,,,,,,,,,,,,,,,,,,,,,,,,,,,,,,,,,,,,,,,,,,,,,,,,,,,,,,,,,,,,,,,,,,,,,,,,,,,,,,,,,,,,,,,,,,,,,,,,7.0,1.385714285714286,0.0899735410842437,95.6880142857143,0.8860291970895986,3.4086337089538574,0.3053877136457377,0.7214285714285714,0.4260840516231733,7.0,0.9571428571428572,0.0449867705421218,97.97368571428572,0.5205895581888272,3.2516193049294606,0.5930858828594173,0.6742857142857143,0.4540138449745464,2.0,1.1,0.282842712474619,97.46795,1.1878686817152837,3.062846541404724,0.0114907481906161,0.975,0.0212132034355964,,,,,,,,,,,,,,,,,,,,,,,,,,,,394,9,0.06598984771573604,0.03299492385786802,0.06598984771573604,0.050761421319796954,0.04314720812182741,0.03807106598984772,0.025380710659898477,0.06345177664974619,0.06598984771573604,0.11421319796954314,0.03299492385786802,0.04314720812182741,0.017766497461928935,0.0583756345177665,0.05583756345177665,0.07614213197969544,0.048223350253807105,0.06852791878172589,0.007614213197969543,0.025380710659898477,0.3333333333333333,0.2222222222222222,0.1111111111111111,0.3333333333333333
RNCMPT00016_min,A0A8I5KUC2,0,,,,,,,,,,,,,,,,,,,,,,,,,,,,,,,,,,,,,,,,,,,,,,,,,,,,,,,,,,,,,,,,,,,,,,,,,14.0,4.385714285714285,0.3845219666769934,83.99077142857142,2.4082425342428158,3.6107251814433514,0.8349043744819635,0.3978571428571428,0.2341655749326029,,,,,,,,,,,,,,,,,,,,,,,,,,,,,,,,,,,,,,,,,,,,,,,,,,,,,,,,,,,,,,,,,,,,,,,,,,,,,,,,,,,,,,,,,,,,,,,,,,,,,,,,,,,,,,,,,,,,,,,,,,,,,,,,,,,,,,,,,,,,,,,,,,,,,,,,,,,,,,,,,,,,,,,,,,,,,,,,,,,,,,,,,,,,,,277,30,0.05415162454873646,0.0036101083032490976,0.061371841155234655,0.08664259927797834,0.032490974729241874,0.05054151624548736,0.02888086642599278,0.06859205776173286,0.06859205776173286,0.08303249097472924,0.021660649819494584,0.05776173285198556,0.04693140794223827,0.05776173285198556,0.06859205776173286,0.07220216606498195,0.04332129963898917,0.07942238267148015,0.0,0.01444043321299639,0.13333333333333333,0.23333333333333334,0.2,0.43333333333333335
RNCMPT00180_min,Q86G94,0,,,,,,,,,,,,,,,,,,,,,,,,,,,,,,,,,,,,,,,,,,,,,,,,,,,,,,,,,,,,,,,,,,,,,,,,,,,,,,,,,,,,,,,,,,,,,,,,,,,,2.0,5.949999999999999,0.7071067811865481,78.75725,2.0157493011284835,3.433476448059082,0.5824441583114496,0.6799999999999999,0.0424264068711928,,,,,,,,,,3.0,5.483333333333334,0.1443375672974064,77.9276,1.5194668242511913,3.5162946383158364,0.6867934639596861,0.2933333333333333,0.3557152419187759,,,,,,,,,,,,,,,,,,,,,,,,,,,,,,,,,,,,,,,,,,,,,,,,,,,,,,,,,,,,,,,,,,,,,,,,,,,,,,,,,,,,,,,,,,,,,,,,,,,,,,,,,,,,,,,,,,,,,,,,,,,,,,,,,,,,,,,,,,,,,,,,,404,35,0.15346534653465346,0.0,0.027227722772277228,0.03217821782178218,0.03217821782178218,0.04950495049504951,0.022277227722772276,0.03712871287128713,0.022277227722772276,0.07425742574257425,0.03712871287128713,0.03217821782178218,0.07178217821782178,0.18564356435643564,0.04455445544554455,0.06188118811881188,0.05198019801980198,0.05198019801980198,0.0,0.012376237623762377,0.2,0.42857142857142855,0.14285714285714285,0.22857142857142856
RNCMPT00045_min,Q5VV67,0,,,,,,,,,,,,,,,,,,,,,,,,,,,,,,,,,,,,,,,,,,,,,,,,,,,,,,,,,,,,,,,,,,,,,,,,,,,,,,,,,,,,,,,,,,,,,,,,,,,,,,,,,,,,,,,,,,,,,,,,,,,,,,,,,,,,,,,,,,,,,,,,,,,,,,,,,,,,,,,,,,,,,,,,,,,,,,,,,,,,,,,,,,,,,,,,,,,,,,,,,,,,,,,,,,,,,,,,,,,,,,,,,,,,,,,,,,,,,,,,,,,,,,,,,,,,,,,,,,,,,,,,,,,,,,,164,38,0.04878048780487805,0.018292682926829267,0.07317073170731707,0.07317073170731707,0.07317073170731707,0.04878048780487805,0.024390243902439025,0.036585365853658534,0.04878048780487805,0.04878048780487805,0.006097560975609756,0.012195121951219513,0.036585365853658534,0.054878048780487805,0.15853658536585366,0.12804878048780488,0.024390243902439025,0.042682926829268296,0.0,0.042682926829268296,0.21052631578947367,0.4473684210526316,0.10526315789473684,0.23684210526315788
6FPQ,O74958,1,,,,,,,,,,,,,,,,,,,,,,,,,,,,,,,,,,,,,,,,,,,,,,,,,,,,,,,,,,,,,,,,,,,,,,,,,,,,,,,,,,,,,,,,,,,,,,,,,,,,,,,,,,,,,,,,,,,,,,,,,,,,,,,,,,,,,,,,,,,,,,,,,,,,,,,,,,,,,,,,,,,,,,,,,,,,,,,,,,,,,,,,,,,,,,,,,,,,,,,,,,,,,,,,,,,,,,,,,,,,,,,,,,,,,,,,,,,,,,,,,,,,,,,,,,,,,,,,,,,,,,,,,,,,,,,174,7,0.08045977011494253,0.017241379310344827,0.05747126436781609,0.06321839080459771,0.034482758620689655,0.05172413793103448,0.034482758620689655,0.08620689655172414,0.06321839080459771,0.05172413793103448,0.040229885057471264,0.05172413793103448,0.017241379310344827,0.017241379310344827,0.07471264367816093,0.11494252873563218,0.034482758620689655,0.05172413793103448,0.017241379310344827,0.040229885057471264,0.42857142857142855,0.2857142857142857,0.0,0.2857142857142857
5BZU,P39016,1,,,,,,,,,,,,,,,,,,,,,,,,,,,,,,,,,,,,,,,,,,,,,,,,,,,,,,,,,,,,,,,,,,,,,,,,,,,,,,,,,,,,,,,,,,,,,,,,,,,,,,,,,,,,,,,,,,,,,,,,,,,,,,,,,,,,,,,,,,,,,,,,,,,,,,,,,,,,,,,,,,,,,,,,,,,,,,,,,,,,,,,,,,,,,,,,,,,,,,,,,,,,,,,,,,,,,,,,,7.0,1.7214285714285715,0.2078804601550749,96.2558142857143,0.9069312109683826,3.1033595289502824,0.325226175398746,0.7957142857142857,0.3635407883056655,7.0,1.5642857142857145,0.1796159925004029,97.05405714285712,0.7124259045850352,3.2887768064226424,0.6448212988435186,0.6757142857142856,0.3790715474620036,,,,,,,,,,,,,,,,,,,,,,,,,,,,,,,,,,,,,364,8,0.03296703296703297,0.024725274725274724,0.057692307692307696,0.04120879120879121,0.07142857142857142,0.03571428571428571,0.008241758241758242,0.11813186813186813,0.07967032967032966,0.1401098901098901,0.008241758241758242,0.06868131868131869,0.024725274725274724,0.06043956043956044,0.019230769230769232,0.06043956043956044,0.057692307692307696,0.057692307692307696,0.0,0.03296703296703297,0.375,0.0,0.125,0.5
RNCMPT00274_min,Q15717,0,,,,,,,,,,,,,,,,,,,,,,,,,,,,,,,,,,,,,,,,,,,,,,,,,,,,,,,,,,,,,,,,,,,,,,,,,,,,,,,,,,,,,,,,,,,,,,,,,,,,2.0,19.1,0.2828427124746205,56.90335,0.8371437182467545,3.4337931871414185,1.5024216900971812,0.035,0.0070710678118654,,,,,,,,,,2.0,19.675,0.6010407640085664,56.3874,0.8370730075686386,3.7781922817230233,0.9096419444191024,0.025,0.0070710678118654,,,,,,,,,,,,,,,,,,,,,,,,,,,,,,,,,,,,,,,,,,,,,,,,,,,,,,,,,,,,,,,,,,,,,,,,,,,,,,,,,,,,,,,,,,,,,,,,,,,,,,,,,,,,,,,,,,,,,,,,,,,,,,,,,,,,,,,,,,,,,,,,,325,35,0.07076923076923076,0.009230769230769232,0.04923076923076923,0.046153846153846156,0.055384615384615386,0.08923076923076922,0.024615384615384615,0.05846153846153846,0.052307692307692305,0.06769230769230769,0.03076923076923077,0.07076923076923076,0.036923076923076927,0.036923076923076927,0.06153846153846154,0.08615384615384615,0.04923076923076923,0.06769230769230769,0.006153846153846154,0.03076923076923077,0.2857142857142857,0.34285714285714286,0.22857142857142856,0.14285714285714285
2XS7,Q64368,1,,,,,,,,,,,,,,,,,,,,,,,,,,,,,,,,,,,,,,,,,,,,,,4.0,1.525,0.3201562118716424,93.422925,2.071951269335257,4.192250609397888,0.5217612263630939,0.33,0.2467117075995111,,,,,,,,,,,,,,,,,,,,,,,,,,,,5.0,2.42,0.3213253802611925,89.51742,1.9129348269086448,4.404857730865478,0.8462354767704806,0.156,0.0554977477020464,,,,,,,,,,,,,,,,,,,,,,,,,,,,,,,,,,,,,,,,,,,,,,,,,,,,,,,,,,,,,,,,,,,,,,,,,,,,,,,,,,,,,,,,,,,,,,,,,,,,,,,,,,,,,,,,,,,,,,,,,,,,,,,5.0,2.28,0.4777551674236502,88.91333999999999,1.6615737218071345,3.9161025047302247,0.643071535406011,0.4599999999999999,0.1974841765813149,,,,,,,,,,,,,,,,,,,,,,,,,,,,,,,,,,,,,,,,,,,,,,86,5,0.023255813953488372,0.0,0.05813953488372093,0.05813953488372093,0.06976744186046512,0.10465116279069768,0.011627906976744186,0.09302325581395349,0.10465116279069768,0.03488372093023256,0.023255813953488372,0.03488372093023256,0.03488372093023256,0.03488372093023256,0.05813953488372093,0.05813953488372093,0.046511627906976744,0.11627906976744186,0.0,0.03488372093023256,0.0,0.0,0.2,0.8
5WWE,P22626,1,,,,,,,,,,,,,,,,,,,,,,,,,,,,,,,,,,,,,,,,,,,,,,,,,,,,,,,,,,,,,,,,2.0,1.9,0.0707106781186546,94.4503,0.6556294075161663,3.805309534072876,0.343035223078895,0.46,0.6363961030678927,,,,,,,,,,,,,,,,,,,,,,,,,,,,3.0,1.7833333333333332,0.1892969448600091,94.41656666666668,0.5243388249341623,3.9099236329396567,0.9339501180939486,0.6133333333333333,0.5014312847572768,2.0,2.0,0.2828427124746193,92.104,0.6279108216936579,3.3210233449935918,0.5686892814188277,0.0,0.0,,,,,,,,,,,,,,,,,,,,,,,,,,,,,,,,,,,,,,,,,,,,,,,,,,,,,,,,,,,,,,,,,,,,,,,,,,,,,,,,,,,,,,,,,,,,,,,,,,,,,,,,,,,,,,,,,,,,,,,,,,,,,,,,,,,,,,,,,,,,,,,,,,,,,,,,,,174,10,0.06321839080459771,0.005747126436781609,0.06896551724137931,0.09770114942528736,0.06321839080459771,0.08045977011494253,0.040229885057471264,0.05172413793103448,0.08620689655172414,0.04597701149425287,0.017241379310344827,0.017241379310344827,0.028735632183908046,0.022988505747126436,0.08620689655172414,0.05172413793103448,0.05747126436781609,0.08045977011494253,0.005747126436781609,0.028735632183908046,0.3,0.2,0.4,0.1
4LMZ,O95319,1,,,,,,,,,,,,,,,,,,,,,,,,,,,,,,,,,,,,,,,,,,,,,,,,,,,,,,,,,,,,,,,,,,,,,,,,,,,,,,,,,,,,,,,,,,,,,,,,,,,,,,,,,,,,,,,,,,,,,,,,,,,,,,,,,,,,,,,,,,,,,,,,,,,,,,,,,,,,,,,,,,,,,,,,,,,,,,,,,,,,,,,,,,,,,,,,,,,,,,,,,,,,,,,,,,,,,,,,,,,,,,,,,,,,,,,,,,,,,,,,,,,,,,,,,,,,,,,,,,,,,,,,,,,,,,,176,5,0.07954545454545454,0.03409090909090909,0.045454545454545456,0.0625,0.056818181818181816,0.056818181818181816,0.022727272727272728,0.0625,0.07386363636363637,0.05113636363636364,0.045454545454545456,0.045454545454545456,0.0625,0.056818181818181816,0.056818181818181816,0.07386363636363637,0.03409090909090909,0.056818181818181816,0.005681818181818182,0.017045454545454544,0.0,0.0,0.2,0.8
1J1U,Q57834,1,,,,,,,,,,,,,,,,,,,,,,,,,,,,,,,,,,,,,,,,,,,,,,,,,,,,,,,,,,,,,,,,,,,,,,,,,,,,,,,,,,,,,,,,,,,,,,,,,,,,,,,,,,,,,,,,,,,,,,,,,,,,,,,,,,,,,,,,,,,,,,,,,,,,,,,,,,,,,,,,,,,,,,,,,,,,,,,,,,,,,,,,,,,,,,,,,,,,,,,,,,,,,,,,,,,,,,,,,,,,,,,,,,,,,,,,,,,,,,,,,,,,,,,,,,,,,,,,,,,,,,,,,,,,,,,300,74,0.06333333333333334,0.006666666666666667,0.056666666666666664,0.11,0.03,0.06,0.023333333333333334,0.09,0.10333333333333333,0.11,0.03333333333333333,0.043333333333333335,0.04,0.02,0.04666666666666667,0.03,0.023333333333333334,0.06,0.0,0.05,0.17567567567567569,0.2972972972972973,0.33783783783783783,0.1891891891891892
RNCMPT00261_min,D2W041,0,,,,,,,,,,,,,,,,,,,,,,,,,,,,,,,,,,,,,34.0,19.998529411764707,2.3718515109546443,45.94644411764706,10.77915764764776,3.1152362841017105,1.201749996393668,0.0102941176470588,0.0162341380145866,,,,,,,,,,,,,,,,,,,,,,,,,,,,,,,,,,,,,,,,,,,,,,,,,,,,,,,,,,,,,,,,,,,,,,,,,,,,,,,,,,,,,,,,,,,,,,,,,,,,,,,,,,,,,,,,,,,,,,,,,,,,,,,,,,,,,,,,,,,,,,,,,,,,,,,,,,,,,,,,,,,,,,,,,,,,,,,,,,,,,,,,,,,,,,,,,,,,,,,,,,,,,,,,,,,,,,,,,,,,,,,,,,407,30,0.0343980343980344,0.0171990171990172,0.05896805896805897,0.07616707616707617,0.06142506142506143,0.04668304668304668,0.0171990171990172,0.07616707616707617,0.10073710073710074,0.0687960687960688,0.014742014742014743,0.07125307125307126,0.05896805896805897,0.04176904176904177,0.05405405405405406,0.0687960687960688,0.06142506142506143,0.036855036855036855,0.002457002457002457,0.03194103194103194,0.3333333333333333,0.16666666666666666,0.43333333333333335,0.06666666666666667
RNCMPT00269_min,A0A2J8RA51,0,,,,,,,,,,,,,,,,,,,,,,,,,,,,,,,,,,,,,,,,,,,,,,,,,,,,,,,,,,,,,,,,,,,,,,,,,,,,,,,,,,,,,,,,,,,,,,,,,,,,,,,,,,,,,,,,,,,,,,,,,,,,,,,,,,,,,,,,,,,,,,,,,,,,,,,,,,,,,,,,,,,,,,,,,,,,,,,,,,,,,,,,,,,,,,,,,,,,,,,,,,,,,,,,,,,,,,,,,,,,,,,,,,,,,,,,,,,,,,,,,,,,,,,,,,,,,,,,,,,,,,,,,,,,,,,530,38,0.09811320754716982,0.005660377358490566,0.04716981132075472,0.03207547169811321,0.045283018867924525,0.07169811320754717,0.02830188679245283,0.052830188679245285,0.062264150943396226,0.1,0.022641509433962263,0.06981132075471698,0.052830188679245285,0.05471698113207547,0.033962264150943396,0.08867924528301886,0.04339622641509434,0.07169811320754717,0.0,0.018867924528301886,0.2631578947368421,0.10526315789473684,0.4473684210526316,0.18421052631578946
3I61,P15424,1,,,,,,,,,,,,,,,,,,,,,,,,,,,,,,,,,,,,,,,,,,,,,,,,,,,,,,,,,,,,,,,,,,,,,,,,,61.0,3.518032786885245,0.4659249570196583,85.84244098360655,2.181975026619772,3.790191257586245,0.8674773845189793,0.0865573770491803,0.1212832118899346,4.0,5.0125,0.451617463494641,80.23750000000001,3.274324713076984,2.8274399638175964,0.6303722350156294,0.055,0.0288675134594812,6.0,4.266666666666667,0.3544949458972113,83.85941666666668,1.031067866663813,3.808826128641764,0.8246078514603603,0.0483333333333333,0.0449073119510249,,,,,,,,,,,,,,,,,,,,,,,,,,,,,,,,,,,,,,,,,,,,,,,,,,,,,,,,,,,,,,,,,,,,,,,,,,,,,,,,,,,,,,,,,,,,,,,,,,,,6.0,4.95,0.3619392214170769,79.26875,3.6947304690599534,3.540434102217356,1.3730958252034846,0.0866666666666666,0.082138095100061,,,,,,,,,,,,,,,,,,,,,,,,,,,,,,,,,,,,,,,,,,,,,,,,,,,,,,,,,,,,,,,,509,10,0.05893909626719057,0.011787819253438114,0.06483300589390963,0.08447937131630648,0.05108055009823183,0.0412573673870334,0.019646365422396856,0.09430255402750491,0.10216110019646366,0.09233791748526522,0.015717092337917484,0.043222003929273084,0.03929273084479371,0.023575638506876228,0.05108055009823183,0.07072691552062868,0.04518664047151277,0.068762278978389,0.0,0.021611001964636542,0.0,0.0,0.0,1.0
6DTD,E6K398,1,,,,,,,,,,,,,,,,,,,,,,,,,,,,1.0,2.2,,91.6486,,3.363816022872925,,0.88,,,,,,,,,,,,,,,,,,,,,,,,,,,,,,,,,,,,,,8.0,2.1875,0.2248014997408031,91.1048625,2.07926168760349,2.8229504972696304,0.8638525224508982,0.42,0.3307998963551401,,,,,,,,,,,,,,,,,,,,,,,,,,,,,,,,,,,,,,,,,,,,,,,,,,,,,,,,,,,,,,,,2.0,1.925,0.4596194077712558,95.7751,1.8908035328928228,4.316865921020508,0.0205393393911169,0.005,0.0070710678118654,,,,,,,,,,,,,,,,,,,,,,,,,,,,,,,,,,,,,,,,,,,,,,,,,,,,,,,,,,,,,,,,8.0,2.23125,0.1667708008015791,90.40575,1.074089704952855,3.9480185955762863,1.0904763405566564,0.1575,0.1268013068882629,,,,,,,,,,,,,,,,,,,,,,,,,,,,,,,,,,,,,,,,,,,,,,1053,37,0.04653371320037987,0.005698005698005698,0.05128205128205128,0.07597340930674264,0.06267806267806268,0.032288698955365625,0.02564102564102564,0.06172839506172839,0.10161443494776828,0.1111111111111111,0.026590693257359924,0.07977207977207977,0.03513770180436847,0.0446343779677113,0.060778727445394115,0.042735042735042736,0.045584045584045586,0.03418803418803419,0.013295346628679962,0.042735042735042736,0.2972972972972973,0.1891891891891892,0.16216216216216217,0.35135135135135137
1VBZ,P09012,1,,,,,,,,,,,,,,,,,,,,,,,,,,,,,,,,,,,,,,,,,,,,,,,,,,,,,,,11.0,1.431818181818182,0.9607998561804452,96.47087272727272,2.639449506655092,3.7158008488741783,0.6300510205996257,0.5654545454545455,0.4522690269378091,,,,,,,,,,,,,,,,,,,,,,,,,,,,,,,,,,,,,,,,,,,,,,,,,,,,,,,,,,,,,,,,5.0,1.23,0.1095445115010331,97.0702,0.9258673366093028,4.12660846710205,0.8881088930219313,0.548,0.5023644095673976,,,,,,,,,,11.0,1.122727272727273,0.0786245393106896,97.57320909090907,1.232566616824052,3.3741161823272705,0.7506550589322835,0.5390909090909092,0.4463732641064997,,,,,,,,,,,,,,,,,,,,,,,,,,,,,,,,,,,,,,,,,,,,,,,,,,,,,,,,,,,,,,,,,,,,,,,,,,,,,,,,,,,,,,,,,,,,,,,,,,,,,,,,,,,,,,,,,,,,,,95,73,0.06315789473684211,0.0,0.05263157894736842,0.042105263157894736,0.06315789473684211,0.031578947368421054,0.021052631578947368,0.10526315789473684,0.11578947368421053,0.07368421052631578,0.042105263157894736,0.05263157894736842,0.042105263157894736,0.042105263157894736,0.06315789473684211,0.08421052631578947,0.042105263157894736,0.031578947368421054,0.0,0.031578947368421054,0.136986301369863,0.3424657534246575,0.3424657534246575,0.1780821917808219
7CGF,Q09487,1,,,,,,,,,,,,,,,,,,,7.0,1.1642857142857144,0.0748013241543095,95.9134,1.289599382237238,3.512439523424421,0.5924814916069195,0.807142857142857,0.350272003149661,,,,,,,,,,,,,,,,,,,,,,,,,,,,,,,,,,,,,,,,,,,,,,,,,,,,,,,,,,,,,,,,,,,,,,,,,,,,,,,,,,,,,,,,,,,,,,,,,,,,,,,,,,,,,,,,,,,,,,,,,,,,,,,,,,,,,,,,,,,,,,,,,,,,,,,,,,,,,,,,,,,,,,,,,,,,,,,,,,,,,,,,,,,,,,7.0,1.5642857142857145,0.2656976441281294,94.77822857142856,1.4823268237406175,3.068609850747245,0.3161234779370831,0.7242857142857143,0.4288689443508021,8.0,1.09375,0.0821040280898046,97.5253125,0.8818255714101629,3.488822340965271,0.9075824084172136,0.5787500000000001,0.4714851156565965,4.0,0.975,0.0866025403784439,97.818775,0.7406474256801744,3.0547919273376465,0.0957448938000543,0.9975,0.005,,,,,,,,,,,,,,,,,,,,,,,,,,,,343,8,0.05539358600583091,0.023323615160349854,0.05539358600583091,0.06997084548104957,0.043731778425655975,0.03498542274052478,0.04081632653061224,0.0728862973760933,0.06705539358600583,0.06705539358600583,0.029154518950437316,0.04081632653061224,0.03206997084548105,0.0728862973760933,0.061224489795918366,0.05830903790087463,0.023323615160349854,0.10495626822157435,0.0029154518950437317,0.043731778425655975,0.375,0.0,0.25,0.375
6OON,Q9HCK5,1,,,,,,,,,,,,,,,,,,,,,,,,,,,,52.0,1.6701923076923078,0.3909841297848159,94.68517884615386,2.4944793941772927,3.588001773907588,0.7240270706343956,0.2373076923076923,0.3792568346204651,,,,,,,,,,,,,,,,,,,,,,,,,,,,,,,,,,,,,,,,,,,,,,,,,,,,,,,,,,,,,,,,,,,,,,,,,,,,,,,,,,,,,,,,,,,,,,,,,,,,,,,,,,,,,,,,,,,,,,,,,,,,,,,,,,,,,,,,,,,,,,,,,,,,,,,,,,,,,,,,,,,,,,,,,,,,,,,,,,,,,,,,,,,,,,,,,,,,,,,,,,,,,,,,,,,,,,,,,,,,,,,,,,,,,,,,,,,785,12,0.05987261146496815,0.024203821656050957,0.04713375796178344,0.03949044585987261,0.03821656050955414,0.05605095541401274,0.03184713375796178,0.05222929936305733,0.05987261146496815,0.07898089171974522,0.02802547770700637,0.0267515923566879,0.06751592356687898,0.06496815286624204,0.06751592356687898,0.04713375796178344,0.062420382165605096,0.09554140127388536,0.008917197452229299,0.04331210191082802,0.8333333333333334,0.0,0.0,0.16666666666666666
3K64,Q09312,1,,,,,,,,,,,,,,,,,,,,,,,,,,,,,,,,,,,,,,,,,,,,,,,,,,,,,,,,,,,,,,,,,,,,,,,,,,,,,,,,,,,,,,,,,,,,,,,,,,,,,,,,,,,,,,,,,,,,,,,,,,,,,,,,,,,,,,,,,,,,,,,,,,,,,,,,,,,,,,,,,,,,,,,,,,,,,,,,,,,,,,,,,,,,,,,,,,,,,,,,,,,,,,,,,,,,,,,,,7.0,2.542857142857143,0.2907297878164697,94.7987714285714,0.7766556566765109,3.3541412012917653,0.3122036616406108,0.6728571428571428,0.3995294851745106,,,,,,,,,,2.0,1.8,0.6363961030678927,96.63445,1.467600124352683,3.115811944007873,0.0595971610809505,0.915,0.0353553390593273,,,,,,,,,,,,,,,,,,,,,,,,,,,,400,9,0.065,0.0325,0.0675,0.0525,0.0425,0.04,0.025,0.0625,0.065,0.1125,0.035,0.045,0.0175,0.0575,0.055,0.0775,0.0475,0.0675,0.0075,0.025,0.1111111111111111,0.1111111111111111,0.2222222222222222,0.5555555555555556
4OLB,Q9UKV8,1,,,,,,,,,,,,,,,,,,,,,,,,,,,,48.0,2.380208333333333,3.059268087675466,93.24617083333334,6.40372155337611,3.595718835790952,0.8033792859683524,0.25625,0.3935794547915865,,,,,,,,,,,,,,,,,,,,,,,,,,,,,,,,,,,,,,,,,,,,,,,,,,,,,,,,,,,,,,,,,,,,,,,,,,,,,,,,,,,,,,,,,,,,,,,,,,,,,,,,,,,,,,,,,,,,,,,,,,,,,,,,,,,,,,,,,,,,,,,,,,,,,,,,,,,,,,,,,,,,,,,,,,,,,,,,,,,,,,,,,,,,,,,,,,,,,,,,,,,,,,,,,,,,,,,,,,,,,,,,,,,,,,,,,,,796,10,0.06030150753768844,0.02512562814070352,0.04396984924623116,0.04522613065326633,0.048994974874371856,0.05150753768844221,0.0364321608040201,0.059045226130653265,0.06281407035175879,0.07537688442211055,0.02386934673366834,0.026381909547738693,0.06155778894472362,0.06532663316582915,0.07035175879396985,0.04648241206030151,0.06658291457286432,0.08793969849246232,0.010050251256281407,0.032663316582914576,0.9,0.0,0.0,0.1
2PJP,P14081,1,,,,,,,,,,,,,,,,,,,,,,,,,,,,,,,,,,,,,,,,,,,,,,,,,,,,,,,,,,,,,,,,,,,,,,,,,,,,,,,,,,,,,,,,,,,,,,,,,,,,,,,,,,,,,,,,,,,,,,,,,,,,,,,,,,,,,,,,,,,,,,,,,3.0,1.8333333333333333,0.2886751345948129,95.4972,1.564560459042727,3.974385817845663,0.8880791195546464,0.0633333333333333,0.1096965511460289,,,,,,,,,,,,,,,,,,,,,,,,,,,,,,,,,,,,,,,,,,,,,,,,,,,,,,,,,,,,,,,,,,,,,,,,,,,,,,,,,,,,,,,,,,,,,,,,,,,,,,,,,,,,,,,,,,,,,,121,23,0.09090909090909091,0.01652892561983471,0.09917355371900827,0.0743801652892562,0.049586776859504134,0.06611570247933884,0.008264462809917356,0.0743801652892562,0.03305785123966942,0.08264462809917356,0.01652892561983471,0.024793388429752067,0.01652892561983471,0.0743801652892562,0.12396694214876033,0.01652892561983471,0.049586776859504134,0.03305785123966942,0.024793388429752067,0.024793388429752067,0.08695652173913043,0.34782608695652173,0.391304347826087,0.17391304347826086
RNCMPT00254_min,E9AF78,0,,,,,,,,,,,,,,,,,,,,,,,,,,,,,,,,,,,,,,,,,,,,,,,,,,,,,,,,,,,,,,,,,,,,,,,,,18.0,12.619444444444447,2.476842088633457,64.02537222222223,7.762517723522862,3.4558980531162686,1.0641581602131582,0.0561111111111111,0.0453922627365046,,,,,,,,,,,,,,,,,,,,,,,,,,,,,,,,,,,,,,,,,,,,,,,,,,,,,,,,,,,,,,,,,,,,,,,,,,,,,,,,,,,,,,,,,,,,,,,,,,,,,,,,,,,,,,,,,,,,,,,,,,,,,,,,,,,,,,,,,,,,,,,,,,,,,,,,,,,,,,,,,,,,,,,,,,,,,,,,,,,,,,,,,,,,,,281,35,0.07829181494661921,0.014234875444839857,0.05338078291814947,0.09608540925266904,0.03914590747330961,0.07829181494661921,0.03558718861209965,0.042704626334519574,0.08896797153024912,0.05338078291814947,0.010676156583629894,0.03558718861209965,0.014234875444839857,0.02491103202846975,0.10320284697508897,0.07473309608540925,0.0498220640569395,0.08540925266903915,0.0035587188612099642,0.017793594306049824,0.2,0.22857142857142856,0.2857142857142857,0.2857142857142857
RNCMPT00185_min,Q5VWX1,0,2.0,5.875,0.6010407640085658,73.02189999999999,0.4634377843896634,4.501135349273682,0.6347942530846483,0.055,0.0212132034355964,,,,,,,,,,,,,,,,,,,,,,,,,,,,,,,,,,,,,,,,,,,,,,,,,,,,,,,,,,,,,,,,,,,,,,,,,,,,,,,,,,,,,,,,,,,,,,,,,,,,,,,,,,,,,,,,,,,,,,,,,,,,,,,,,,,,,,,,,,,,,,,,,,,,,,,,,,,,,,,,,,,,,,,,,,,,,,,,,,,,,,,,,,,,,,,,,,,,,,,,,,,,,,,,,,,,,,,,,,,,,,,,,,,,,,,,,,,,,,,,,,,,,,,,,,,,,,,,,,,,,,181,30,0.055248618784530384,0.0,0.055248618784530384,0.1270718232044199,0.03314917127071823,0.07734806629834254,0.022099447513812154,0.049723756906077346,0.11049723756906077,0.11049723756906077,0.022099447513812154,0.03314917127071823,0.03867403314917127,0.027624309392265192,0.06629834254143646,0.08839779005524862,0.0055248618784530384,0.04419889502762431,0.0,0.03314917127071823,0.16666666666666666,0.2,0.3333333333333333,0.3
RNCMPT00049_min,Q9NW13,0,,,,,,,,,,,,,,,,,,,,,,,,,,,,,,,,,,,,,9.0,25.70555555555556,0.4340538881035136,60.64018888888889,4.561391834310127,3.29040437274509,1.119088871996078,0.0155555555555555,0.0158989866902824,,,,,,,,,,,,,,,,,,,3.0,26.1,0.7211102550927972,62.857866666666666,0.8039544846154739,2.755265394846598,0.9937258630935756,0.03,0.0264575131106459,,,,,,,,,,,,,,,,,,,,,,,,,,,,,,,,,,,,,,,,,,,,,,,,,,,,,,,,,,,,,,,,,,,,,,,,,,,,,,,,,,,,,,,,,,,,,,,,,,,,,,,,,,,,,,,,,,,,,,,,,,,,,,,,,,,,,,,,,,,,,,,,,,,,,,,,,,,,,,,,,,,,,,,,,,,,,,,,,,,,,,,,,,,,,,,,,,,,,,,617,38,0.07617504051863858,0.014586709886547812,0.06645056726094004,0.11345218800648298,0.03889789303079417,0.06320907617504051,0.01620745542949757,0.03079416531604538,0.12641815235008103,0.08752025931928688,0.019448946515397084,0.03403565640194489,0.03565640194489465,0.04700162074554295,0.05834683954619125,0.05834683954619125,0.04051863857374392,0.06320907617504051,0.0016207455429497568,0.008103727714748784,0.2894736842105263,0.2631578947368421,0.2631578947368421,0.18421052631578946
RNCMPT00278_min,A7S488,0,,,,,,,,,,,,,,,,,,,,,,,,,,,,,,,,,,,,,,,,,,,,,,,,,,,,,,,,,,,,,,,,,,,,,,,,,,,,,,,,,,,,,,,,,,,,,,,,,,,,,,,,,,,,,,,,,,,,,,,,,,,,,,,,,,,,,,,,,,,,,,,,,,,,,,,,,,,,,,,,,,,,,,,,,,,,,,,,,,,,,,,,,,,,,,,,,,,,,,,,,,,,,,,,,,,,,,,,,,,,,,,,,,,,,,,,,,,,,,,,,,,,,,,,,,,,,,,,,,,,,,,,,,,,,,,177,38,0.07344632768361582,0.022598870056497175,0.04519774011299435,0.07344632768361582,0.03954802259887006,0.05084745762711865,0.02824858757062147,0.05084745762711865,0.096045197740113,0.07909604519774012,0.011299435028248588,0.05084745762711865,0.05084745762711865,0.05084745762711865,0.05084745762711865,0.05649717514124294,0.062146892655367235,0.05649717514124294,0.0,0.05084745762711865,0.2631578947368421,0.15789473684210525,0.3684210526315789,0.21052631578947367
RNCMPT00237_min,A0A2K1JQP1,0,,,,,,,,,,,,,,,,,,,,,,,,,,,,,,,,,,,,,,,,,,,,,,,,,,,,,,,,,,,,,,,,3.0,2.35,0.1322875655532295,88.42989999999999,1.4047372102994866,3.870318333307902,0.9541141985454408,0.48,0.4124318125460255,,,,,,,,,,,,,,,,,,,,,,,,,,,,,,,,,,,,,,,,,,,,,,,,,,,,,,,,,,,,,,,,,,,,,,,,,,,,,,,,,,,,,,,,,,,,,,,,,,,,,,,,,,,,,,,,,,,,,,,,,,,,,,,,,,,,,,,,,,,,,,,,,,,,,,,,,,,,,,,,,,,,,,,,,,,,,,,,,,,,,,,,,,,,,,,,,,,,,,,235,35,0.08085106382978724,0.00425531914893617,0.07234042553191489,0.04680851063829787,0.0425531914893617,0.08085106382978724,0.01702127659574468,0.04680851063829787,0.05531914893617021,0.08085106382978724,0.02127659574468085,0.06382978723404255,0.05531914893617021,0.03404255319148936,0.04680851063829787,0.07659574468085106,0.05531914893617021,0.07234042553191489,0.00425531914893617,0.0425531914893617,0.2571428571428571,0.37142857142857144,0.2571428571428571,0.11428571428571428
3PEY,P20449,1,,,,,,,,,,,,,,,,,,,,,,,,,,,,,,,,,,,,,,,,,,,,,,,,,,,,,,,,,,,,,,,,,,,,,,,,,28.0,2.514285714285714,0.4354344664851125,93.9470464285714,2.91804155816396,3.687733539513179,0.7603968431085002,0.2867857142857142,0.3655442778209215,2.0,3.8,0.3535533905932738,89.3212,0.5891613700846249,3.9759583473205566,1.1091290475673494,0.055,0.0494974746830583,8.0,3.03125,0.188864085673118,89.66015,0.5009683822358477,3.631885826587677,1.0199204809789415,0.1625,0.2695896352395088,,,,,,,,,,,,,,,,,,,,,,,,,,,,,,,,,,,,,,,,,,,,,,,,,,,,,,,,,,,,,,,,,,,,,,,,,,,,,,,,,,,,,,,,,,,,,,,,,,,,8.0,2.51875,0.5818305472509032,95.1901875,2.732956386373814,3.4667770862579346,0.5334899015148186,0.2225,0.358678128689219,,,,,,,,,,,,,,,,,,,,,,,,,,,,,,,,,,,,,,,,,,,,,,,,,,,,,,,,,,,,,,,,391,6,0.07161125319693094,0.0076726342710997444,0.06649616368286446,0.05115089514066496,0.04092071611253197,0.056265984654731455,0.01278772378516624,0.07161125319693094,0.08184143222506395,0.10485933503836317,0.028132992327365727,0.043478260869565216,0.04092071611253197,0.058823529411764705,0.05115089514066496,0.04859335038363171,0.06649616368286446,0.0741687979539642,0.0025575447570332483,0.020460358056265986,0.0,0.0,0.0,1.0
2DR7,O28126,1,,,,,,,,,,,,,,,,,,,,,,,,,,,,,,,,,,,,,,,,,,,,,,,,,,,,,,,,,,,,,,,,,,,,,,,,,,,,,,,,,,,,,,,,,,,,,,,,,,,,,,,,,,,,,,,,,,,,,,,,,,,,,,,,,,,,,,,,11.0,1.059090909090909,0.1985172307611883,97.91776363636365,1.2889562027258537,3.6727222962812944,0.6231863709650111,0.4854545454545454,0.4972999826334933,,,,,,,,,,,,,,,,,,,,,,,,,,,,,,,,,,,,,,,,,,,,,,,,,,,,,,,,,,,,,,,,4.0,0.95,0.0707106781186547,98.43475,0.1827211445527495,3.2553073167800903,0.5669845274025842,0.245,0.4833563212924119,,,,,,,,,,,,,,,,,,,,,,,,,,,,,,,,,,,,,,,,,,,,,,,,,,,,,,,437,33,0.05263157894736842,0.013729977116704805,0.034324942791762014,0.14187643020594964,0.07322654462242563,0.06178489702517163,0.018306636155606407,0.04576659038901602,0.08237986270022883,0.08924485125858124,0.016018306636155607,0.032036613272311214,0.041189931350114416,0.006864988558352402,0.09153318077803203,0.041189931350114416,0.02517162471395881,0.08695652173913043,0.013729977116704805,0.032036613272311214,0.06060606060606061,0.3939393939393939,0.3939393939393939,0.15151515151515152
RNCMPT00122_min,Q9VU91,0,,,,,,,,,,,,,,,,,,,,,,,,,,,,,,,,,,,,,,,,,,,,,,,,,,,,,,,,,,,,,,,,,,,,,,,,,,,,,,,,,,,,,,,,,,,,,,,,,,,,,,,,,,,,,,,,,,,,,,,,,,,,,,,,,,,,,,,,,,,,,,,,,,,,,,,,,,,,,,,,,,,,,,,,,,,,,,,,,,,,,,,,,,,,,,,,,,,,,,,,,,,,,,,,,,,,,,,,,,,,,,,,,,,,,,,,,,,,,,,,,,,,,,,,,,,,,,,,,,,,,,,,,,,,,,,416,38,0.1346153846153846,0.014423076923076924,0.028846153846153848,0.03365384615384615,0.06490384615384616,0.08413461538461539,0.026442307692307692,0.038461538461538464,0.036057692307692304,0.07451923076923077,0.038461538461538464,0.04567307692307692,0.10336538461538461,0.08653846153846154,0.03125,0.055288461538461536,0.04326923076923077,0.04326923076923077,0.0,0.016826923076923076,0.18421052631578946,0.34210526315789475,0.18421052631578946,0.2894736842105263
RNCMPT00059_min,Q9VK76,0,4.0,3.7625,0.2015564437074636,74.712975,2.786292020320193,3.464542388916016,1.0552776386089395,0.245,0.0822597511950204,,,,,,,,,,,,,,,,,,,,,,,,,,,,,,,,,,,,,,,,,,,,,,,,,,,,,,,,,,,,,,,,,,,,,,,,,,,,,,,,,,,,,,,,,,,,,,,,,,,,,,,,,,,,,,,,,,,,,,,,,,,,,,,,,,,,,,,,,,,,,,,,,,,,,,,,,,,,,,,,,,,,,,,,,,,,,,,,,,,,,,,,,,,,,,,,,,,,,,,,,,,,,,,,,,,,,,,,,,,,,,,,,,,,,,,,,,,,,,,,,,,,,,,,,,,,,,,,,,,,,,170,38,0.011764705882352941,0.0058823529411764705,0.07058823529411765,0.047058823529411764,0.07647058823529412,0.1,0.023529411764705882,0.03529411764705882,0.08235294117647059,0.1,0.01764705882352941,0.058823529411764705,0.01764705882352941,0.058823529411764705,0.10588235294117647,0.058823529411764705,0.052941176470588235,0.058823529411764705,0.0,0.01764705882352941,0.2894736842105263,0.3157894736842105,0.23684210526315788,0.15789473684210525
RNCMPT00002_min,Q8IWZ3,0,,,,,,,,,,2.0,9.525,0.0353553390593278,68.37815,0.6511746347946938,3.674583077430725,0.9227797914495244,0.03,0.0141421356237309,,,,,,,,,,,,,,,,,,,,,,,,,,,,,,,,,,,,,,,,,,,,,,,,,,,,,,,,,,,,,,,,,,,,,,,,,,,,,,,,,,,,,,,,,,,,,,,,,,,,,,,,,,,,,,,,,,,,,,,,,,,,,,,,,,,,,,,,,,,,,,,,,,,,,,,,,,,,,,,,,,,,,,,,,,,,,,,,,,,,,,,,,,,,,,,,,,,,,,,,,,,,,,,,,,,,,,,,,,,,,,,,,,,,,,,,,,,,,,,,,,,,,,,,,,,,,163,38,0.06748466257668712,0.006134969325153374,0.03680981595092025,0.05521472392638037,0.012269938650306749,0.0736196319018405,0.018404907975460124,0.0736196319018405,0.08588957055214724,0.0736196319018405,0.012269938650306749,0.05521472392638037,0.05521472392638037,0.03067484662576687,0.06748466257668712,0.11042944785276074,0.07975460122699386,0.06748466257668712,0.006134969325153374,0.012269938650306749,0.3157894736842105,0.23684210526315788,0.3157894736842105,0.13157894736842105
7DIC,P47350,1,,,,,,,,,,,,,,,,,,,,,,,,,,,,50.0,1.7349999999999997,0.2774243783705493,95.66125800000002,2.160160230649001,3.6475268840789794,0.7006138325971418,0.2458,0.3667290052140764,,,,,,,,,,,,,,,,,,,,,,,,,,,,,,,,,,,,,,,,,,,,,,,,,,,,,,,,,,,,,,,,,,,,,,,,,,,,,,,,,,,,,,,,,,,,,,,,,,,,,,,,,,,,,,,,,,,,,,,,,,,,,,,,,,,,,,,,,,,,,,,,,,,,,,,,,,,,,,,,,,,,,,,,,,,,,,,,,,,,,,,,,,,,,,,,,,,,,,,,,,,,,,,,,,,,,,,,,,,,,,,,,,,,,,,,,,,646,9,0.05417956656346749,0.009287925696594427,0.07430340557275542,0.05263157894736842,0.05108359133126935,0.032507739938080496,0.02321981424148607,0.08978328173374613,0.07739938080495357,0.10061919504643962,0.015479876160990712,0.07739938080495357,0.03560371517027864,0.03869969040247678,0.03560371517027864,0.05572755417956656,0.06811145510835913,0.06501547987616099,0.006191950464396285,0.03715170278637771,1.0,0.0,0.0,0.0
RNCMPT00055_min,P52756,0,,,,,,,,,,,,,,,,,,,,,,,,,,,,,,,,,,,,,,,,,,,,,,,,,,,,,,,,,,,,,,,,,,,,,,,,,,,,,,,,,,,,,,,,,,,,,,,,,,,,,,,,,,,,,,,,,,,,,,,,,,,,,,,,,,,,,,,,,,,,,,,,,,,,,,,,,,,,,,,,,,,,,,,,,,,,,,,,,,,,,,,,,,,,,,,,,,,,,,,,,,,,,,,,,,,,,,,,,,,,,,,,,,,,,,,,,,,,,,,,,,,,,,,,,,,,,,,,,,,,,,,,,,,,,,,546,30,0.07142857142857142,0.01098901098901099,0.08424908424908426,0.05860805860805861,0.023809523809523808,0.06227106227106227,0.016483516483516484,0.03663003663003663,0.05311355311355311,0.04945054945054945,0.018315018315018316,0.027472527472527472,0.05128205128205128,0.07142857142857142,0.0695970695970696,0.11904761904761904,0.06043956043956044,0.04395604395604396,0.007326007326007326,0.0641025641025641,0.16666666666666666,0.3333333333333333,0.23333333333333334,0.26666666666666666
RNCMPT00089_min,O75494,0,,,,,,,,,,,,,,,,,,,,,,,,,,,,,,,,,,,,,,,,,,,,,,,,,,,,,,,,,,,,,,,,,,,,,,,,,,,,,,,,,,,,,,,,,,,,,,,,,,,,,,,,,,,,,,,,,,,,,,,,,,,,,,,,,,,,,,,,,,,,,,,,,,,,,,,,,,,,,,,,,,,,,,,,,,,,,,,,,,,,,,,,,,,,,,,,,,,,,,,,,,,,,,,,,,,,,,,,,,,,,,,,,,,,,,,,,,,,,,,,,,,,,,,,,,,,,,,,,,,,,,,,,,,,,,,92,38,0.05434782608695652,0.010869565217391304,0.10869565217391304,0.05434782608695652,0.06521739130434782,0.05434782608695652,0.010869565217391304,0.043478260869565216,0.021739130434782608,0.06521739130434782,0.010869565217391304,0.03260869565217391,0.05434782608695652,0.043478260869565216,0.15217391304347827,0.03260869565217391,0.043478260869565216,0.07608695652173914,0.010869565217391304,0.05434782608695652,0.2631578947368421,0.2631578947368421,0.21052631578947367,0.2631578947368421
RNCMPT00258_min,A2DI67,0,2.0,3.95,1.0606601717798207,78.03855,0.8930051539604922,4.060624837875366,1.2739822308328603,0.675,0.2333452377915606,,,,,,,,,,,,,,,,,,,,,,,,,,,,,,,,,,,,,,,,,,,,,,,,,,,,,,,,,,,,,,,,,,,,,,,,,,,,,,,,,,,,,,,,,,,,,,,,,,,,,,,,,,,,,,,,,,,,,,,,,,,,,,,,,,,,,,,,,,,,,,,,,,,,,,,,,,,,,,,,,,,,,,,,,,,,,,,,,,,,,,,,,,,,,,,,,,,,,,,,,,,,,,,,,,,,,,,,,,,,,,,,,,,,,,,,,,,,,,,,,,,,,,,,,,,,,,,,,,,,,,230,38,0.04782608695652174,0.008695652173913044,0.12608695652173912,0.08695652173913043,0.05652173913043478,0.06086956521739131,0.013043478260869565,0.034782608695652174,0.09130434782608696,0.02608695652173913,0.004347826086956522,0.0391304347826087,0.02608695652173913,0.030434782608695653,0.13478260869565217,0.06956521739130435,0.013043478260869565,0.06956521739130435,0.0,0.06086956521739131,0.2894736842105263,0.21052631578947367,0.13157894736842105,0.3684210526315789
RNCMPT00038_min,K7CF00,0,,,,,,,,,,,,,,,,,,,,,,,,,,,,,,,,,,,,,,,,,,,,,,,,,,,,,,,,,,,,,,,,,,,,,,,,,,,,,,,,,,,,,,,,,,,,,,,,,,,,,,,,,,,,,,,,,,,,,,,,,,,,,,,,,,,,,,,,,,,,,,,,,,,,,,,,,,,,,,,,,,,,,,,,,,,,,,,,,,,,,,,,,,,,,,,,,,,,,,,,,,,,,,,,,,,,,,,,,,,,,,,,,,,,,,,,,,,,,,,,,,,,,,,,,,,,,,,,,,,,,,,,,,,,,,,382,38,0.14921465968586387,0.03664921465968586,0.02356020942408377,0.034031413612565446,0.028795811518324606,0.041884816753926704,0.02617801047120419,0.03664921465968586,0.041884816753926704,0.06806282722513089,0.041884816753926704,0.05235602094240838,0.09162303664921466,0.06544502617801047,0.04450261780104712,0.05235602094240838,0.07853403141361257,0.06282722513089005,0.002617801047120419,0.020942408376963352,0.2631578947368421,0.18421052631578946,0.2894736842105263,0.2631578947368421
2DRB,O28126,1,,,,,,,,,,,,,,,,,,,,,,,,,,,,,,,,,,,,,,,,,,,,,,,,,,,,,,,,,,,,,,,,,,,,,,,,,,,,,,,,,,,,,,,,,,,,,,,,,,,,,,,,,,,,,,,,,,,,,,,,,,,,,,,,,,,,,,,,11.0,1.1136363636363635,0.2356808319432332,97.8426818181818,1.3602095374008971,3.6925947232679888,0.607527096922695,0.4854545454545454,0.4972999826334933,,,,,,,,,,14.0,1.382142857142857,0.1624418746424783,96.96275714285714,0.5209479919624139,3.954402429716928,0.7123488939659539,0.3307142857142857,0.4427095642085883,,,,,,,,,,,,,,,,,,,,,,,,,,,,,,,,,,,,,,,,,,,,,,4.0,0.9875,0.1181453906563151,98.179375,0.2549949983169582,3.22566831111908,0.5176674250519241,0.245,0.49,,,,,,,,,,,,,,,,,,,,,,,,,,,,,,,,,,,,,,,,,,,,,,,,,,,,,,,437,35,0.05263157894736842,0.013729977116704805,0.034324942791762014,0.14187643020594964,0.07322654462242563,0.06178489702517163,0.018306636155606407,0.04576659038901602,0.08237986270022883,0.08924485125858124,0.016018306636155607,0.032036613272311214,0.041189931350114416,0.006864988558352402,0.09153318077803203,0.041189931350114416,0.02517162471395881,0.08695652173913043,0.013729977116704805,0.032036613272311214,0.08571428571428572,0.4,0.37142857142857144,0.14285714285714285
5BZV,P39016,1,,,,,,,,,,,,,,,,,,,7.0,1.6214285714285712,0.2547173970912712,93.5088,1.842355533006591,3.583691494805472,0.6619038119896328,0.71,0.461410879802373,,,,,,,,,,,,,,,,,,,,,,,,,,,,,,,,,,,,,,,,,,,,,,,,,,,,,,,,,,,,,,,,,,,,,,,,,,,,,,,,,,,,,,,,,,,,,,,,,,,,,,,,,,,,,,,,,,,,,,,,,,,,,,,,,,,,,,,,,,,,,,,,,,,,,,,,,,,,,,,,,,,,,,,,,,,,,,,,,,,,,,,,,,,,,,7.0,1.3571428571428572,0.1566007966895747,95.28752857142857,1.1002089191214055,3.1152662549700056,0.3390853119506715,0.7985714285714286,0.3743629509548442,7.0,1.114285714285714,0.0801783725737273,96.8367,0.8858149411699938,3.3240934780665805,0.7956945312572601,0.6957142857142857,0.3993268144789488,,,,,,,,,,,,,,,,,,,,,,,,,,,,,,,,,,,,,364,9,0.03296703296703297,0.024725274725274724,0.057692307692307696,0.04120879120879121,0.07142857142857142,0.03296703296703297,0.008241758241758242,0.11813186813186813,0.07967032967032966,0.1401098901098901,0.008241758241758242,0.06868131868131869,0.024725274725274724,0.06043956043956044,0.019230769230769232,0.06043956043956044,0.057692307692307696,0.06043956043956044,0.0,0.03296703296703297,0.3333333333333333,0.1111111111111111,0.1111111111111111,0.4444444444444444
RNCMPT00107_min,Q07955,0,,,,,,,,,,,,,,,,,,,,,,,,,,,,,,,,,,,,,,,,,,,,,,,,,,,,,,,,,,,,,,,,,,,,,,,,,,,,,,,,,,,,,,,,,,,,,,,,,,,,,,,,,,,,,,,,,,,,,,,,,,,,,,,,,,,,,,,,,,,,,,,,,,,,,,,,,,,,,,,,,,,,,,,,,,,,,,,,,,,,,,,,,,,,,,,,,,,,,,,,,,,,,,,,,,,,,,,,,,,,,,,,,,,,,,,,,,,,,,,,,,,,,,,,,,,,,,,,,,,,,,,,,,,,,,,202,35,0.04950495049504951,0.009900990099009901,0.09900990099009901,0.054455445544554455,0.034653465346534656,0.16336633663366337,0.009900990099009901,0.034653465346534656,0.039603960396039604,0.0297029702970297,0.01485148514851485,0.0297029702970297,0.06930693069306931,0.0049504950495049506,0.12376237623762376,0.04950495049504951,0.0297029702970297,0.08415841584158416,0.0049504950495049506,0.06435643564356436,0.2857142857142857,0.4,0.11428571428571428,0.2
4N0T,P49960,1,,,,,,,,,,,,,,,,,,,,,,,,,,,,,,,,,,,,,,,,,,,,,,,,,,,,,,,,,,,,,,,,,,,,,,,,,,,,,,,,,,,,,,,,,,,,,,,,,,,,,,,,,,,,,,,,,,,,,,,,,,,,,,,,,,,,,,,,,,,,,,,,,,,,,,,,,,,,,,,,,,,,,,,,,,,,,,,,,,,,,,,,,,,,,,,,,,,,,,,,,,,,,,,,,,,,,,,,,,,,,,,,,,,,,,,,,,,,,,,,,,,,,,,,,,,,,,,,,,,,,,,,,,,,,,,363,65,0.05234159779614325,0.01928374655647383,0.0440771349862259,0.07162534435261708,0.05234159779614325,0.03856749311294766,0.01652892561983471,0.07988980716253444,0.07988980716253444,0.10743801652892562,0.01928374655647383,0.07713498622589532,0.027548209366391185,0.03305785123966942,0.07162534435261708,0.07713498622589532,0.046831955922865015,0.05509641873278237,0.0027548209366391185,0.027548209366391185,0.3384615384615385,0.2,0.23076923076923078,0.23076923076923078
6NOF,Q09312,1,,,,,,,,,,,,,,,,,,,7.0,1.542857142857143,0.229906813420444,95.37732857142858,1.132471179492419,3.757366793496268,0.9507252070287904,0.8885714285714287,0.1161075035514603,,,,,,,,,,,,,,,,,,,,,,,,,,,,,,,,,,,,,,,,,,,,,,,,,,,,,,,,,,,,,,,,,,,,,,,,,,,,,,,,,,,,,,,,,,,,,,,,,,,,,,,,,,,,,,,,,,,,,,,,,,,,,,,,,,,,,,,,,,,,,,,,,,,,,,,,,,,,,,,,,,,,,,,,,,,,,,,,,,,,,,,,,,,,,,7.0,1.7785714285714285,0.1496026483086191,93.87277142857144,1.148382180452552,3.264361994607108,0.3745419609265077,0.7171428571428572,0.4561328127389465,7.0,1.0714285714285714,0.0809173593712686,97.25007142857145,0.6784033601388036,3.343036958149501,0.5934836488763404,0.6642857142857143,0.4551504199293952,2.0,1.225,0.3889087296526011,96.3982,1.6930964768730727,3.0930057764053345,0.0600429061508017,0.985,0.0070710678118654,,,,,,,,,,,,,,,,,,,,,,,,,,,,402,8,0.06716417910447761,0.029850746268656716,0.06716417910447761,0.05223880597014925,0.04228855721393035,0.03980099502487562,0.02736318407960199,0.06218905472636816,0.06467661691542288,0.11194029850746269,0.03482587064676617,0.04477611940298507,0.017412935323383085,0.05472636815920398,0.05223880597014925,0.07960199004975124,0.04975124378109453,0.06716417910447761,0.007462686567164179,0.02736318407960199,0.5,0.0,0.125,0.375
RNCMPT00058_min,Q02427,0,,,,,,,,,,,,,,,,,,,,,,,,,,,,,,,,,,,,,,,,,,,,,,,,,,,,,,,,,,,,,,,,,,,,,,,,,,,,,,,,,,,,,,,,,,,,,,,,,,,,,,,,,,,,,,,,,,,,,,,,,,,,,,,,,,,,,,,,,,,,,,,,,,,,,,,,,,,,,,,,,,,,,,,,,,,,,,,,,,,,,,,,,,,,,,,,,,,,,,,,,,,,,,,,,,,,,,,,,,,,,,,,,,,,,,,,,,,,,,,,,,,,,,,,,,,,,,,,,,,,,,,,,,,,,,,128,38,0.0703125,0.0234375,0.0546875,0.0625,0.0390625,0.109375,0.0078125,0.015625,0.0234375,0.03125,0.015625,0.0234375,0.046875,0.0,0.21875,0.140625,0.0234375,0.046875,0.015625,0.03125,0.2894736842105263,0.23684210526315788,0.2894736842105263,0.18421052631578946
4NH3,Q9UPY3,1,,,,,,,,,,,,,,,,,,,,,,,,,,,,,,,,,,,,,,,,,,,,,,,,,,,,,,,,,,,,,,,,,,,,,,,,,,,,,,,,,,,,,,,,,,,,,,,,,,,,,,,,,,,,,,,,,,,,,,,,,,,,,,,,,,,,,,,,,,,,,,,,,,,,,,,,,,,,,,,,,,,,,,,,,,,,,,,,,,,,,,,,,,,,,,,,,,,,,,,,,,,,,,,,,,,,,,,,,,,,,,,,,,,,,,,,,,,,,,,,,,,,,,,,,,,,,,,,,,,,,,,,,,,,,,,268,13,0.04477611940298507,0.022388059701492536,0.048507462686567165,0.05970149253731343,0.048507462686567165,0.018656716417910446,0.026119402985074626,0.0708955223880597,0.055970149253731345,0.13432835820895522,0.014925373134328358,0.029850746268656716,0.08582089552238806,0.033582089552238806,0.055970149253731345,0.05970149253731343,0.0708955223880597,0.05223880597014925,0.007462686567164179,0.05970149253731343,0.15384615384615385,0.23076923076923078,0.23076923076923078,0.38461538461538464
2DVI,O28126,1,,,,,,,,,,,,,,,,,,,,,,,,,,,,,,,,,,,,,,,,,,,,,,,,,,,,,,,,,,,,,,,,,,,,,,,,,,,,,,,,,,,,,,,,,,,,,,,,,,,,,,,,,,,,,,,,,,,,,,,,,,,,,,,,,,,,,,,,11.0,1.1454545454545455,0.2018099916438051,97.91352727272728,1.194100040273769,3.743865750052712,0.7038720567668701,0.4809090909090908,0.4985870946074426,,,,,,,,,,,,,,,,,,,,,,,,,,,,,,,,,,,,,,,,,,,,,,,,,,,,,,,,,,,,,,,,4.0,1.1375000000000002,0.1108677891304172,97.811775,0.3228078620996339,3.2221380472183228,0.4697854704280115,0.2475,0.4883560859318399,,,,,,,,,,,,,,,,,,,,,,,,,,,,,,,,,,,,,,,,,,,,,,,,,,,,,,,431,34,0.05336426914153132,0.013921113689095127,0.03480278422273782,0.14153132250580047,0.07424593967517401,0.06264501160092807,0.016241299303944315,0.04640371229698376,0.08120649651972157,0.08816705336426914,0.013921113689095127,0.03248259860788863,0.03944315545243619,0.0069605568445475635,0.09280742459396751,0.04176334106728538,0.025522041763341066,0.08816705336426914,0.013921113689095127,0.03248259860788863,0.058823529411764705,0.4117647058823529,0.38235294117647056,0.14705882352941177
1O0C,P00962,1,,,,,,,,,,14.0,1.325,0.1477393755128371,97.07980714285712,1.00978111982006,3.603024142129081,0.7138441222163981,0.5928571428571427,0.4444604087486926,,,,,,,,,,,,,,,,,,,,,,,,,,,,,,,,,,,,,,,,,,,,,,,,,,,,,,,,,,,,,,,,,,,,,,,,,,,,,,,,,,,,,,,,,,,,,,,,,,,,,,,,,,,,,,,,,,,,,,,,,,,,,,,,,,,,,,,,11.0,1.2727272727272727,0.116969304442739,96.64144545454546,0.5925084528741126,3.4652042388916016,0.6516852330603449,0.2209090909090909,0.3630001252191118,4.0,2.0250000000000004,0.4173328008516305,89.98917499999999,0.4853942959079758,3.699265420436859,0.4881782271460348,0.01,0.02,5.0,1.5399999999999998,0.108397416943394,95.13322,0.2022657336278172,4.4064854145050045,0.5750185774980529,0.1679999999999999,0.2572353008434107,4.0,1.175,0.0866025403784438,96.1651,0.2918965227610572,3.763197839260101,0.8232533284780846,0.4649999999999999,0.5193264869039514,3.0,1.3833333333333335,0.1154700538379251,94.74716666666666,0.1765925913885759,2.7931431929270425,1.123580650699424,0.0499999999999999,0.0866025403784438,,,,,,,,,,,,,,,,,,,,,,,,,,,,,,,,,,,,,,,,,,,,,,,,,,,,,,,,,,,,,,,,,,,,,,,,,530,74,0.0660377358490566,0.018867924528301886,0.0660377358490566,0.0830188679245283,0.045283018867924525,0.05849056603773585,0.03018867924528302,0.0660377358490566,0.052830188679245285,0.07547169811320754,0.020754716981132074,0.0509433962264151,0.04905660377358491,0.02830188679245283,0.07169811320754717,0.04905660377358491,0.0509433962264151,0.062264150943396226,0.013207547169811321,0.04150943396226415,0.20270270270270271,0.3108108108108108,0.28378378378378377,0.20270270270270271
RNCMPT00015_min,A0A0B4KGP6,0,,,,,,,,,,,,,,,,,,,,,,,,,,,,,,,,,,,,,,,,,,,,,,,,,,,,,,,,,,,,,,,,,,,,,,,,,,,,,,,,,,,,,,,,,,,,,,,,,,,,,,,,,,,,,,,,,,,,,,,,,,,,,,,,,,,,,,,,,,,,,,,,,,,,,,,,,,,,,,,,,,,,,,,,,,,,,,,,,,,,,,,,,,,,,,,,,,,,,,,,,,,,,,,,,,,,,,,,,,,,,,,,,,,,,,,,,,,,,,,,,,,,,,,,,,,,,,,,,,,,,,,,,,,,,,,248,38,0.05241935483870968,0.004032258064516129,0.03225806451612903,0.10887096774193548,0.04032258064516129,0.08064516129032258,0.024193548387096774,0.06451612903225806,0.06048387096774194,0.07258064516129033,0.036290322580645164,0.028225806451612902,0.016129032258064516,0.06048387096774194,0.0967741935483871,0.0846774193548387,0.04435483870967742,0.07661290322580645,0.0,0.016129032258064516,0.18421052631578946,0.3157894736842105,0.21052631578947367,0.2894736842105263
3QGC,Q09312,1,,,,,,,,,,,,,,,,,,,,,,,,,,,,,,,,,,,,,,,,,,,,,,,,,,,,,,,,,,,,,,,,,,,,,,,,,,,,,,,,,,,,,,,,,,,,,,,,,,,,,,,,,,,,,,,,,,,,,,,,,,,,,,,,,,,,,,,,,,,,,,,,,,,,,,,,,,,,,,,,,,,,,,,,,,,,,,,,,,,,,,,,,,,,,,,,,,,,,,,,,,,,,,,,,,,,,,,,,7.0,1.6357142857142857,0.1281739888923312,95.4428714285714,0.9747335767861308,3.2803868566240584,0.2801095330311144,0.7057142857142856,0.4282077822294975,,,,,,,,,,2.0,1.175,0.3889087296526011,97.3238,1.2517204240564284,3.105074405670166,0.0807584193686939,0.97,0.0282842712474619,,,,,,,,,,,,,,,,,,,,,,,,,,,,400,9,0.065,0.0325,0.0675,0.0525,0.0425,0.04,0.025,0.0625,0.065,0.1125,0.035,0.045,0.0175,0.0575,0.0525,0.0775,0.0475,0.0675,0.0075,0.0275,0.1111111111111111,0.2222222222222222,0.2222222222222222,0.4444444444444444
RNCMPT00099_min,A0A0R1EAS8,0,1.0,20.5,,58.151,,4.571705341339111,,0.01,,,,,,,,,,,,,,,,,,,,,,,,,,,,,,,,,,,,,,,,,,,,,,,,,,,,,,,,7.0,18.17142857142857,2.881240638865074,67.11361428571429,2.543656274885016,3.336853231702532,0.3890369418741338,0.2014285714285714,0.1518144230553179,,,,,,,,,,,,,,,,,,,,,,,,,,,,2.0,22.25,0.848528137423859,66.37135,0.1826456815804891,2.2531498670578003,0.3475953435003797,0.12,0.0424264068711928,4.0,16.6,2.961699962296429,61.586175,4.864768279767631,3.058703780174256,1.297600859145868,0.065,0.0714142842854285,,,,,,,,,,,,,,,,,,,,,,,,,,,,,,,,,,,,,,,,,,,,,,,,,,,,,,,,,,,,,,,,,,,,,,,,,,,,,,,,,,,,,,,,,,,,,,,,,,,,,,,,,,,,,,,,,,,,,,,,,,,,,,,,,,,,,,,,,,,,,,,,,,,,,,,,,,188,35,0.047872340425531915,0.015957446808510637,0.05319148936170213,0.06382978723404255,0.06914893617021277,0.0797872340425532,0.026595744680851064,0.03723404255319149,0.11170212765957446,0.0425531914893617,0.02127659574468085,0.026595744680851064,0.06382978723404255,0.05319148936170213,0.03723404255319149,0.05851063829787234,0.0797872340425532,0.09574468085106383,0.005319148936170213,0.010638297872340425,0.2857142857142857,0.4,0.11428571428571428,0.2
5V7C,Q6PKG0,1,,,,,,,,,,,,,,,,,,,,,,,,,,,,,,,,,,,,,,,,,,,,,,,,,,,,,,,,,,,,,,,,,,,,,,,,,,,,,,,,,,,,,,,,,,,,,,,,,,,,,,,,,,,,,,,,,,,,,,,,,,,,,,,,,,,,,,,,,,,,,,,,,,,,,,,,,,,,,,,,,,,,,,,,,,,,,,,,,,,,,,,,,,,,,,,,,,,,,,,,,,,,,,,,,,,,,,,,,,,,,,,,,,,,,,,,,,,,,,,,,,,,,,,,,,,,,,,,,,,,,,,,,,,,,,,144,8,0.027777777777777776,0.013888888888888888,0.04861111111111111,0.10416666666666667,0.09722222222222222,0.0625,0.034722222222222224,0.020833333333333332,0.1111111111111111,0.125,0.013888888888888888,0.034722222222222224,0.013888888888888888,0.05555555555555555,0.06944444444444445,0.034722222222222224,0.020833333333333332,0.013888888888888888,0.013888888888888888,0.08333333333333333,0.0,0.375,0.125,0.5
2R7W,O37061,1,,,,,,,,,,,,,,,,,,,,,,,,,,,,,,,,,,,,,,,,,,,,,,,,,,,,,,,,,,,,,,,,,,,,,,,,,,,,,,,,,,,,,,,,,,,,,,,,,,,,,,,,,,,,,,,,,,,,,,,,,,,,,,,,,,,,,,,,,,,,,,,,,,,,,,,,,,,,,,,,,,,,,,,,,,,,,,,,,,,,,,,,,,,,,,,,,,,,,,,,,,,,,,,,,,,,,,,,,8.0,4.1875,0.4619446472715721,78.0763,1.6096758484685243,3.459330663084984,1.1800562410025617,0.0725,0.0774135462490715,,,,,,,,,,,,,,,,,,,,,,,,,,,,,,,,,,,,,,,,,,,,,,1073,7,0.05684995340167754,0.004659832246039142,0.05405405405405406,0.05871388630009319,0.04100652376514446,0.034482758620689655,0.013979496738117428,0.08574091332712022,0.0754892823858341,0.09972041006523766,0.03075489282385834,0.06150978564771668,0.03168685927306617,0.036346691519105315,0.046598322460391424,0.08853681267474371,0.0521901211556384,0.06057781919850885,0.008387698042870456,0.05871388630009319,0.14285714285714285,0.2857142857142857,0.2857142857142857,0.2857142857142857
RNCMPT00200_min,W7FFR2,0,4.0,13.3625,0.9577534477445988,69.844325,3.3859712455709534,3.803400456905365,0.8670518473480013,0.175,0.06557438524302,,,,,,,,,,,,,,,,,,,8.0,24.45625,0.5199158585771346,56.1327625,2.6890016777009595,3.304412066936493,0.7940539862734621,0.01875,0.0124642345475822,,,,,,,,,,,,,,,,,,,,,,,,,,,,,,,,,,,,,,,,,,,,,,,,,,,,,,,,,,,,,,,,,,,,,,,,,,,,,,,,,,,,,,,,,,,,,,,,,,,,,,,,,,,,,,,,,,,,,,,,,,,,,,,,,,,,,,,,,,,,,,,,,,,,,,,,,,,,,,,,,,,,,,,,,,,,,,,,,,,,,,,,,,,,,,,,,,,,,,,,,,,,,,,,,,,,,,,,,,,,,,,,,,,,,,,,,,,455,30,0.06153846153846154,0.006593406593406593,0.035164835164835165,0.07692307692307693,0.05054945054945055,0.06153846153846154,0.013186813186813187,0.05714285714285714,0.08131868131868132,0.06153846153846154,0.026373626373626374,0.0967032967032967,0.07252747252747253,0.05934065934065934,0.026373626373626374,0.08131868131868132,0.03956043956043956,0.05274725274725275,0.006593406593406593,0.03296703296703297,0.43333333333333335,0.1,0.3,0.16666666666666666
4J7L,O70348,1,,,,,,,,,,,,,,,,,,,,,,,,,,,,,,,,,,,,,,,,,,,,,,,,,,,,,,,,,,,,,,,,,,,,,,,,,8.0,1.48125,0.0883883476483184,95.216325,1.0788054435346506,3.6951712667942047,0.7275480650872947,0.1475,0.3300541081182209,7.0,1.8785714285714283,0.0906326967174964,92.93375714285716,2.057247189698849,3.4867164748055592,0.5890259600700708,0.45,0.3941235001028654,5.0,1.65,0.0790569415042094,93.0533,1.4105520231455442,3.593864011764526,0.9716269125097654,0.2,0.4085339643163099,,,,,,,,,,,,,,,,,,,,,,,,,,,,,,,,,,,,,,,,,,,,,,,,,,,,,,,,,,,,,,,,,,,,,,,,,,,,,,,,,,,,,,,,,,,,,,,,,,,,9.0,1.227777777777778,0.0905231707600017,97.3238888888889,0.5318137701405543,3.705907609727648,0.6698104279070703,0.3233333333333333,0.4850773134253962,,,,,,,,,,,,,,,,,,,,,,,,,,,,,,,,,,,,,,,,,,,,,,,,,,,,,,,,,,,,,,,,358,5,0.05865921787709497,0.025139664804469275,0.04189944134078212,0.061452513966480445,0.05027932960893855,0.07262569832402235,0.027932960893854747,0.002793296089385475,0.0223463687150838,0.1005586592178771,0.0223463687150838,0.030726256983240222,0.1005586592178771,0.05027932960893855,0.0782122905027933,0.06983240223463687,0.04748603351955307,0.061452513966480445,0.027932960893854747,0.04748603351955307,0.0,0.0,0.0,1.0
7CGI,Q09487,1,,,,,,,,,,,,,,,,,,,7.0,1.2571428571428571,0.0786795792469443,96.2604857142857,1.3357698310070358,3.439221041543143,0.6344501707579862,0.8157142857142857,0.3488006662291584,,,,,,,,,,,,,,,,,,,,,,,,,,,,,,,,,,,,,,,,,,,,,,,,,,,,,,,,,,,,,,,,,,,,,,,,,,,,,,,,,,,,,,,,,,,,,,,,,,,,,,,,,,,,,,,,,,,,,,,,,,,,,,,,,,,,,,,,,,,,,,,,,,,,,,,,,,,,,,,,,,,,,,,,,,,,,,,,,,,,,,,,,,,,,,7.0,1.8,0.4242640687119284,93.56708571428572,1.8100833023451108,3.150772605623518,0.5743992151174696,0.7300000000000001,0.43,8.0,1.175,0.0707106781186547,97.092575,0.987942917307038,3.465781688690185,0.8336809991191714,0.5775,0.4699468055003672,4.0,1.0875,0.0749999999999999,97.84445,0.4216388225325893,3.131806254386902,0.0958341387576716,0.9975,0.005,,,,,,,,,,,,,,,,,,,,,,,,,,,,345,8,0.05507246376811594,0.020289855072463767,0.05217391304347826,0.07246376811594203,0.043478260869565216,0.03768115942028986,0.043478260869565216,0.07246376811594203,0.06666666666666667,0.06666666666666667,0.028985507246376812,0.043478260869565216,0.03188405797101449,0.07536231884057971,0.057971014492753624,0.057971014492753624,0.02318840579710145,0.10434782608695652,0.002898550724637681,0.043478260869565216,0.375,0.0,0.125,0.5
RNCMPT00156_min,O95628,0,,,,,,,,,,,,,,,,,,,,,,,,,,,,,,,,,,,,,,,,,,,,,,,,,,,,,,,,,,,,,,,,,,,,,,,,,,,,,,,,,,,,,,,,,,,,,,,,,,,,,,,,,,,,,,,,,,,,,,,,,,,,,,,,,,,,,,,,,,,,,,,,,,,,,,,,,,,,,,,,,,,,,,,,,,,,,,,,,,,,,,,,,,,,,,,,,,,,,,,,,,,,,,,,,,,,,,,,,,,,,,,,,,,,,,,,,,,,,,,,,,,,,,,,,,,,,,,,,,,,,,,,,,,,,,,177,39,0.06779661016949153,0.022598870056497175,0.03389830508474576,0.0847457627118644,0.02824858757062147,0.05084745762711865,0.022598870056497175,0.03389830508474576,0.10734463276836158,0.07344632768361582,0.01694915254237288,0.05084745762711865,0.04519774011299435,0.06779661016949153,0.05084745762711865,0.07344632768361582,0.03389830508474576,0.0847457627118644,0.0,0.05084745762711865,0.05128205128205128,0.23076923076923078,0.3076923076923077,0.41025641025641024
3O3I,Q96J94,1,,,,,,,,,,,,,,,,,,,,,,,,,,,,,,,,,,,,,,,,,,,,,,,,,,,,,,,,,,,,,,,,,,,,,,,,,,,,,,,,,,,,,,,,,,,,,,,,,,,,,,,,,,,,,,,,,,,,,,,,,,,,,,,,,,,,,,,,,,,,,,,,,,,,,,,,,,,,,,,,,,,,,,,,,,,,,,,,,,,,,,,,,,,,,,,,,,,,,,,,,,,,,,,,,,,,,,,,,,,,,,,,,,,,,,,,,,,,,,,,,,,,,,,,,,,,,,,,,,,,,,,,,,,,,,,108,14,0.018518518518518517,0.009259259259259259,0.06481481481481481,0.08333333333333333,0.05555555555555555,0.037037037037037035,0.018518518518518517,0.037037037037037035,0.09259259259259259,0.10185185185185185,0.018518518518518517,0.046296296296296294,0.046296296296296294,0.07407407407407407,0.018518518518518517,0.05555555555555555,0.07407407407407407,0.07407407407407407,0.009259259259259259,0.06481481481481481,0.21428571428571427,0.21428571428571427,0.21428571428571427,0.35714285714285715
6UV4,Q92841,1,,,,,,,,,,,,,,,,,,,,,,,,,,,,,,,,,,,,,,,,,,,,,,,,,,,,,,,,,,,,,,,,,,,,,,,,,,,,,,,,,,,,,,,,,,,,,,,,,,,,,,,,,,,,,,,,,,,,,,,,,,,,,,,,,,,,,,,,,,,,,,,,,,,,,,,,,,1.0,3.85,,86.1382,,3.956356048583984,,0.05,,,,,,,,,,,,,,,,,,,,,,,,,,,,,,,,,,,,,,,,,,,,,,,,,,,,,,,,,,,,,,,,,,,,,,,,,,,,,,,,,,,,,,,,,,,,,,,,,,,,,,,,,,,,,,426,7,0.06103286384976526,0.023474178403755867,0.06807511737089202,0.07511737089201878,0.035211267605633804,0.05868544600938967,0.023474178403755867,0.06572769953051644,0.056338028169014086,0.0892018779342723,0.028169014084507043,0.03755868544600939,0.05868544600938967,0.051643192488262914,0.07511737089201878,0.03286384976525822,0.0539906103286385,0.06572769953051644,0.009389671361502348,0.03051643192488263,0.2857142857142857,0.42857142857142855,0.0,0.2857142857142857
3V6Y,Q09312,1,,,,,,,,,,,,,,,,,,,,,,,,,,,,,,,,,,,,,,,,,,,,,,,,,,,,,,,,,,,,,,,,,,,,,,,,,,,,,,,,,,,,,,,,,,,,,,,,,,,,,,,,,,,,,,,,,,,,,,,,,,,,,,,,,,,,,,,,,,,,,,,,,,,,,,,,,,,,,,,,,,,,,,,,,,,,,,,,,,,,,,,,,,,,,,,,,,,,,,,,,,,,,,,,,,,,,,,,,,,,,,,,,,,,,,,,,,,2.0,1.075,0.2474873734152916,97.85585,1.0740244899442486,3.1330108642578125,0.0854114314442969,0.99,0.0,,,,,,,,,,,,,,,,,,,,,,,,,,,,393,11,0.06615776081424936,0.03307888040712468,0.06615776081424936,0.05343511450381679,0.043256997455470736,0.03816793893129771,0.022900763358778626,0.061068702290076333,0.06361323155216285,0.11450381679389313,0.035623409669211195,0.04580152671755725,0.01272264631043257,0.058524173027989825,0.05597964376590331,0.07888040712468193,0.04580152671755725,0.07124681933842239,0.007633587786259542,0.02544529262086514,0.18181818181818182,0.36363636363636365,0.18181818181818182,0.2727272727272727
1QRT,P00962,1,,,,,,,,,,14.0,1.3285714285714287,0.1476928800355211,97.08498571428572,1.0464301578054962,3.626185314995902,0.7129740505254603,0.5907142857142856,0.4480292621919017,,,,,,,,,,,,,,,,,,,,,,,,,,,,,,,,,,,,,,,,,,,,,,,,,,,,,,,,,,,,,,,,,,,,,,,,,,,,,,,,,,,,,,,,,,,,,,,,,,,,,,,,,,,,,,,,,,,,,,,,,,,,,,,,,,,,,,,,11.0,1.2772727272727271,0.116969304442739,96.65592727272728,0.577759159323172,3.489024964245883,0.6549629805492592,0.22,0.362518965021142,4.0,1.9375,0.3119161212035483,91.204325,0.2827752744377291,3.359579384326935,0.6339921457901135,0.01,0.02,6.0,1.5333333333333332,0.0816496580927726,94.9722,0.2791594884649292,4.455585598945618,0.5397314864799272,0.2016666666666666,0.2420261693839462,4.0,1.1625,0.0853912563829966,96.28035,0.2340144226324545,3.719092011451721,0.8070258332581666,0.4649999999999999,0.5193264869039514,4.0,1.45,0.1224744871391589,94.699875,0.1709442672335026,2.9998656511306763,0.5881076130890973,0.04,0.08,,,,,,,,,,,,,,,,,,,,,,,,,,,,,,,,,,,,,,,,,,,,,,,,,,,,,,,,,,,,,,,,,,,,,,,,,529,74,0.0661625708884688,0.01890359168241966,0.06427221172022685,0.08128544423440454,0.045368620037807186,0.06049149338374291,0.030245746691871456,0.0661625708884688,0.052930056710775046,0.07561436672967864,0.020793950850661626,0.05103969754253308,0.04914933837429111,0.02835538752362949,0.07183364839319471,0.04914933837429111,0.05103969754253308,0.062381852551984876,0.013232514177693762,0.04158790170132325,0.20270270270270271,0.3108108108108108,0.28378378378378377,0.20270270270270271
RNCMPT00060_min,Q9W4D2,0,,,,,,,,,,,,,,,,,,,,,,,,,,,,,,,,,,,,,10.0,19.29,2.2362915731183173,53.66341,5.68854389930616,3.718993890285492,0.9651263302948848,0.02,0.0156347191994114,,,,,,,,,,,,,,,,,,,,,,,,,,,,,,,,,,,,,,,,,,,,,,,,,,,,,,,,,,,,,,,,,,,,,,,,,,,,,,,,,,,,,,,,,,,,,,,,,,,,,,,,,,,,,,,,,,,,,,,,,,,,,,,,,,,,,,,,,,,,,,,,,,,,,,,,,,,,,,,,,,,,,,,,,,,,,,,,,,,,,,,,,,,,,,,,,,,,,,,,,,,,,,,,,,,,,,,,,,,,,,,,,,170,38,0.08235294117647059,0.011764705882352941,0.011764705882352941,0.07058823529411765,0.041176470588235294,0.06470588235294118,0.023529411764705882,0.047058823529411764,0.11176470588235295,0.07058823529411765,0.011764705882352941,0.047058823529411764,0.1,0.047058823529411764,0.058823529411764705,0.07647058823529412,0.041176470588235294,0.07058823529411765,0.0,0.011764705882352941,0.39473684210526316,0.13157894736842105,0.4473684210526316,0.02631578947368421
5BZ1,P39016,1,,,,,,,,,,,,,,,,,,,,,,,,,,,,,,,,,,,,,,,,,,,,,,,,,,,,,,,,,,,,,,,,,,,,,,,,,,,,,,,,,,,,,,,,,,,,,,,,,,,,,,,,,,,,,,,,,,,,,,,,,,,,,,,,,,,,,,,,,,,,,,,,,,,,,,,,,,,,,,,,,,,,,,,,,,,,,,,,,,,,,,,,,,,,,,,,,,,,,,,,,,,,,,,,,,,,,,,,,7.0,1.292857142857143,0.0975900072948533,95.62665714285713,1.0101118071070894,3.08374285697937,0.2842774658309919,0.7942857142857143,0.3725523293380919,7.0,1.1428571428571428,0.0932227235735803,96.9379,0.7973512546759646,3.295322826930455,0.7275002796221244,0.6771428571428572,0.4167219011008935,,,,,,,,,,,,,,,,,,,,,,,,,,,,,,,,,,,,,371,10,0.03234501347708895,0.02425876010781671,0.05660377358490566,0.04043126684636118,0.07008086253369272,0.03504043126684636,0.008086253369272238,0.11590296495956873,0.07816711590296496,0.13746630727762804,0.008086253369272238,0.07547169811320754,0.02425876010781671,0.05929919137466307,0.018867924528301886,0.05929919137466307,0.05660377358490566,0.0646900269541779,0.0,0.03504043126684636,0.2,0.0,0.2,0.6
RNCMPT00056_min,Q9Y5S9,0,,,,,,,,,,,,,,,,,,,,,,,,,,,,,,,,,,,,,,,,,,,,,,,,,,,,,,,,,,,,,,,,,,,,,,,,,,,,,,,,,,4.0,8.8875,2.377104330903463,64.376875,5.058963600300627,4.052556216716766,0.9330971320398812,0.1674999999999999,0.0411298755975102,7.0,5.714285714285714,1.3792251102564457,73.13331428571428,4.480718386013779,3.4254579884665355,1.2397798564432343,0.3399999999999999,0.1671326818229556,,,,,,,,,,,,,,,,,,,,,,,,,,,,,,,,,,,,,,,,,,,,,,,,,,,,,,,,,,,,,,,,,,,,,,,,,,,,,,,,,,,,,,,,,,,,,,,,,,,,,,,,,,,,,,,,,,,,,,,,,,,,,,,,,,,,,,,,,,,,,,,,,,,,,,,,,,,,,,,,,,,,,,,,,,,,153,38,0.0457516339869281,0.006535947712418301,0.0718954248366013,0.11764705882352941,0.026143790849673203,0.11764705882352941,0.026143790849673203,0.0392156862745098,0.0784313725490196,0.05228758169934641,0.0196078431372549,0.0196078431372549,0.0392156862745098,0.032679738562091505,0.12418300653594772,0.05228758169934641,0.032679738562091505,0.0457516339869281,0.013071895424836602,0.0392156862745098,0.21052631578947367,0.21052631578947367,0.2631578947368421,0.3157894736842105
RNCMPT00216_min,C9ZL79,0,,,,,,,,,,,,,,,,,,,,,,,,,,,,,,,,,,,,,,,,,,,,,,,,,,,,,,,,,,,,,,,,,,,,,,,,,,,,,,,,,,,,,,,,,,,,,,,,,,,,,,,,,,,,,,,,,,,,,,,,,,,,,,,,,,,,,,,,,,,,,,,,,,,,,,,,,,,,,,,,,,,,,,,,,,,,,,,,,,,,,,,,,,,,,,,,,,,,,,,,,,,,,,,,,,,,,,,,,,,,,,,,,,,,,,,,,,,,,,,,,,,,,,,,,,,,,,,,,,,,,,,,,,,,,,,270,38,0.0962962962962963,0.014814814814814815,0.037037037037037035,0.05925925925925926,0.037037037037037035,0.07037037037037037,0.037037037037037035,0.03333333333333333,0.037037037037037035,0.06666666666666667,0.014814814814814815,0.040740740740740744,0.06296296296296296,0.03333333333333333,0.10740740740740741,0.09259259259259259,0.06666666666666667,0.08518518518518518,0.003703703703703704,0.003703703703703704,0.23684210526315788,0.13157894736842105,0.34210526315789475,0.2894736842105263
RNCMPT00236_min,A2GMP0,0,7.0,14.292857142857144,2.063255633585865,61.13499999999999,9.34259534604812,3.3325764451708118,1.4236977479262731,0.0828571428571428,0.1110126547912873,,,,,,,,,,,,,,,,,,,,,,,,,,,,,,,,,,,,,,,,,,,,,,,,,,,,,,,,,,,,,,,,,,,,,,,,,,,,,,,,,,,,,,,,,,,,,,,,,,,,,,,,,,,,,3.0,9.916666666666666,1.078579312490896,68.2189,2.5993687849168263,3.1494669914245605,0.589306776049434,0.3,0.2165640782770771,,,,,,,,,,,,,,,,,,,,,,,,,,,,,,,,,,,,,,,,,,,,,,,,,,,,,,,,,,,,,,,,,,,,,,,,,,,,,,,,,,,,,,,,,,,,,,,,,,,,,,,,,,,,,,,,,,,,,,,,,,,,,,,,,,,,,,,,,,,,,,,,,310,38,0.07096774193548387,0.0064516129032258064,0.05161290322580645,0.06129032258064516,0.04516129032258064,0.06451612903225806,0.00967741935483871,0.08387096774193549,0.06451612903225806,0.06129032258064516,0.025806451612903226,0.1,0.03225806451612903,0.02258064516129032,0.054838709677419356,0.08064516129032258,0.04838709677419355,0.05806451612903226,0.016129032258064516,0.041935483870967745,0.34210526315789475,0.18421052631578946,0.21052631578947367,0.2631578947368421
7CGM,Q09487,1,,,,,,,,,,,,,,,,,,,7.0,1.4142857142857144,0.0899735410842436,94.5299142857143,1.5806421642574806,3.4257917063576837,0.6846583415520101,0.8128571428571428,0.3517913342553265,,,,,,,,,,,,,,,,,,,,,,,,,,,,,,,,,,,,,,,,,,,,,,,,,,,,,,,,,,,,,,,,,,,,,,,,,,,,,,,,,,,,,,,,,,,,,,,,,,,,,,,,,,,,,,,,,,,,,,,,,,,,,,,,,,,,,,,,,,,,,,,,,,,,,,,,,,,,,,,,,,,,,,,,,,,,,,,,,,,,,,,,,,,,,,7.0,1.7642857142857145,0.3262339213334067,93.69407142857142,1.7390213739478926,3.1000542640686035,0.460854621719573,0.7285714285714286,0.4293960320973546,8.0,1.19375,0.0821040280898046,97.103375,0.9576169346724348,3.4669977128505707,0.8624650758609824,0.5812499999999999,0.4696940493555352,4.0,1.1375000000000002,0.125,97.188125,1.0726453697129623,3.118960082530976,0.1021715803896608,0.995,0.0057735026918962,,,,,,,,,,,,,,,,,,,,,,,,,,,,349,8,0.054441260744985676,0.022922636103151862,0.054441260744985676,0.07163323782234957,0.04297994269340974,0.03724928366762178,0.04011461318051576,0.07163323782234957,0.06876790830945559,0.0659025787965616,0.02865329512893983,0.04011461318051576,0.03151862464183381,0.07449856733524356,0.06017191977077364,0.05730659025787966,0.02865329512893983,0.10315186246418338,0.0028653295128939827,0.04297994269340974,0.375,0.0,0.125,0.5
RNCMPT00234_min,W4IDK7,0,,,,,,,,,,,,,,,,,,,,,,,,,,,,,,,,,,,,,1.0,21.6,,50.2455,,4.8233842849731445,,0.03,,,,,,,,,,,,,,,,,,,,,,,,,,,,,,,,,,,,,,,,,,,,,,,,,,,,,,,,,,,,,,,,,,,,,,,,,,,,,,,,,,,,,,,,,,,,,,,,,,,,,,,,,,,,,,,,,,,,,,,,,,,,,,,,,,,,,,,,,,,,,,,,,,,,,,,,,,,,,,,,,,,,,,,,,,,,,,,,,,,,,,,,,,,,,,,,,,,,,,,,,,,,,,,,,,,,,,,,,,,,,,,,,,,323,38,0.058823529411764705,0.0030959752321981426,0.04953560371517028,0.06501547987616099,0.04953560371517028,0.02476780185758514,0.015479876160990712,0.07120743034055728,0.1238390092879257,0.06191950464396285,0.04024767801857585,0.10835913312693499,0.04643962848297214,0.05263157894736842,0.02786377708978328,0.034055727554179564,0.04953560371517028,0.058823529411764705,0.006191950464396285,0.05263157894736842,0.21052631578947367,0.10526315789473684,0.4473684210526316,0.23684210526315788
RNCMPT00205_min,I1BGL5,0,1.0,10.75,,62.8848,,3.0322515964508057,,0.24,,,,,,,,,,,,,,,,,,,,,,,,,,,,,,,,,,,,,,,,,,,,,,,,,,,,,,,,,,,,,,,,,,,,,,,,,,,,,,,,,,,,,,,,,,,,,,,,,,,,,,,,,,,,,,,,,,,,,,,,,,,,,,,,,,,,,,,,,,,,,,,,,,,,,,,,,,,,,,,,,,,,,,,,,,,,,,,,,,,,,,,,,,,,,,,,,,,,,,,,,,,,,,,,,,,,,,,,,,,,,,,,,,,,,,,,,,,,,,,,,,,,,,,,,,,,,,,,,,,,,,,238,35,0.09243697478991597,0.012605042016806723,0.08823529411764706,0.12605042016806722,0.05042016806722689,0.11764705882352941,0.008403361344537815,0.058823529411764705,0.07142857142857142,0.029411764705882353,0.008403361344537815,0.046218487394957986,0.02100840336134454,0.01680672268907563,0.07563025210084033,0.0546218487394958,0.058823529411764705,0.04201680672268908,0.004201680672268907,0.01680672268907563,0.2857142857142857,0.3142857142857143,0.2857142857142857,0.11428571428571428
RNCMPT00066_min,Q9V3W7,0,,,,,,,,,,,,,,,,,,,,,,,,,,,,,,,,,,,,,,,,,,,,,,,,,,,,,,,,,,,,,,,,,,,,,,,,,,,,,,,,,,,,,,,,,,,,,,,,,,,,,,,,,,,,,,,,,,,,,,,,,,,,,,,,,,,,,,,,,,,,,,,,,,,,,,,,,,,,,,,,,,,,,,,,,,,,,,,,,,,,,,,,,,,,,,,,,,,,,,,,,,,,,,,,,,,,,,,,,,,,,,,,,,,,,,,,,,,,,,,,,,,,,,,,,,,,,,,,,,,,,,,,,,,,,,,245,35,0.044897959183673466,0.00816326530612245,0.10612244897959183,0.04081632653061224,0.044897959183673466,0.17142857142857143,0.0163265306122449,0.02040816326530612,0.044897959183673466,0.0326530612244898,0.02040816326530612,0.024489795918367346,0.04897959183673469,0.0163265306122449,0.1469387755102041,0.08163265306122448,0.024489795918367346,0.05714285714285714,0.004081632653061225,0.044897959183673466,0.14285714285714285,0.3142857142857143,0.17142857142857143,0.37142857142857144
RNCMPT00054_min,Q8TBY0,0,,,,,,,,,,,,,,,,,,,,,,,,,,,,,,,,,,,,,,,,,,,,,,,,,,,,,,,,,,,,,,,,,,,,,,,,,,,,,,,,,,,,,,,,,,,,,,,,,,,,,,,,,,,,,,,,,,,,,,,,,,,,,,,,,,,,,,,,,,,,,,,,,,,,,,,,,,,,,,,,,,,,,,,,,,,,,,,,,,,,,,,,,,,,,,,,,,,,,,,,,,,,,,,,,,,,,,,,,,,,,,,,,,,,,,,,,,,,,,,,,,,,,,,,,,,,,,,,,,,,,,,,,,,,,,,340,39,0.07352941176470588,0.011764705882352941,0.03529411764705882,0.10294117647058823,0.05,0.07058823529411765,0.014705882352941176,0.05588235294117647,0.08529411764705883,0.061764705882352944,0.03529411764705882,0.052941176470588235,0.058823529411764705,0.026470588235294117,0.058823529411764705,0.03235294117647059,0.05,0.08235294117647059,0.011764705882352941,0.029411764705882353,0.10256410256410256,0.1282051282051282,0.46153846153846156,0.3076923076923077
4NGG,Q9UPY3,1,,,,,,,,,,,,,,,,,,,,,,,,,,,,,,,,,,,,,,,,,,,,,,,,,,,,,,,,,,,,,,,,,,,,,,,,,,,,,,,,,,,,,,,,,,,,,,,,,,,,,,,,,,,,,,,,,,,,,,,,,,,,,,,,,,,,,,,,,,,,,,,,,,,,,,,,,,,,,,,,,,,,,,,,,,,,,,,,,,,,,,,,,,,,,,,,,,,,,,,,,,,,,,,,,,,,,,,,,,,,,,,,,,,,,,,,,,,,,,,,,,,,,,,,,,,,,,,,,,,,,,,,,,,,,,,267,13,0.04119850187265917,0.02247191011235955,0.052434456928838954,0.0599250936329588,0.04868913857677903,0.018726591760299626,0.026217228464419477,0.07116104868913857,0.052434456928838954,0.13108614232209737,0.0149812734082397,0.033707865168539325,0.08614232209737828,0.033707865168539325,0.0599250936329588,0.056179775280898875,0.07116104868913857,0.052434456928838954,0.00749063670411985,0.0599250936329588,0.23076923076923078,0.23076923076923078,0.23076923076923078,0.3076923076923077
1GTS,P00962,1,,,,,,,,,,14.0,1.3321428571428573,0.1488509099958526,97.10655,1.0114677033894834,3.6069624594279697,0.7375073184929426,0.5871428571428571,0.4483719021497251,,,,,,,,,,,,,,,,,,,,,,,,,,,,,,,,,,,,,,,,,,,,,,,,,,,,,,,,,,,,,,,,,,,,,,,,,,,,,,,,,,,,,,,,,,,,,,,,,,,,,,,,,,,,,,,,,,,,,,,,,,,,,,,,,,,,,,,,11.0,1.2636363636363634,0.1226599141751474,96.7766,0.6046226476075801,3.4991802735762163,0.6636265389996444,0.2181818181818182,0.3611874356014667,4.0,1.9625,0.306526235962492,91.28025,0.2798249988832353,3.356130301952362,0.6545902580403616,0.01,0.02,6.0,1.525,0.0821583836257749,95.25186666666669,0.2457730633463863,4.460432370503743,0.5405384873549256,0.2083333333333333,0.254983659607173,4.0,1.15,0.0707106781186548,96.397875,0.2315122512956931,3.70524400472641,0.8166733117158954,0.47,0.5239592859500949,5.0,1.4900000000000002,0.1596871942267131,94.8028,0.1868526826138666,3.435940742492676,1.0000984321064814,0.032,0.0715541752799932,,,,,,,,,,,,,,,,,,,,,,,,,,,,,,,,,,,,,,,,,,,,,,,,,,,,,,,,,,,,,,,,,,,,,,,,,529,74,0.0661625708884688,0.01890359168241966,0.0661625708884688,0.08128544423440454,0.045368620037807186,0.05860113421550094,0.030245746691871456,0.0661625708884688,0.052930056710775046,0.07561436672967864,0.020793950850661626,0.05103969754253308,0.04914933837429111,0.02835538752362949,0.07183364839319471,0.04914933837429111,0.05103969754253308,0.062381852551984876,0.013232514177693762,0.04158790170132325,0.20270270270270271,0.3108108108108108,0.28378378378378377,0.20270270270270271
1VC0,P09012,1,,,,,,,,,,,,,,,,,,,,,,,,,,,,,,,,,,,,,,,,,,,,,,,,,,,,,,,11.0,1.431818181818182,0.9607998561804452,96.47087272727272,2.639449506655092,3.7158008488741783,0.6300510205996257,0.5654545454545455,0.4522690269378091,,,,,,,,,,,,,,,,,,,,,,,,,,,,,,,,,,,,,,,,,,,,,,,,,,,,,,,,,,,,,,,,5.0,1.23,0.1095445115010331,97.0702,0.9258673366093028,4.12660846710205,0.8881088930219313,0.548,0.5023644095673976,,,,,,,,,,11.0,1.122727272727273,0.0786245393106896,97.57320909090907,1.232566616824052,3.3741161823272705,0.7506550589322835,0.5390909090909092,0.4463732641064997,,,,,,,,,,,,,,,,,,,,,,,,,,,,,,,,,,,,,,,,,,,,,,,,,,,,,,,,,,,,,,,,,,,,,,,,,,,,,,,,,,,,,,,,,,,,,,,,,,,,,,,,,,,,,,,,,,,,,,95,73,0.06315789473684211,0.0,0.05263157894736842,0.042105263157894736,0.06315789473684211,0.031578947368421054,0.021052631578947368,0.10526315789473684,0.11578947368421053,0.07368421052631578,0.042105263157894736,0.05263157894736842,0.042105263157894736,0.042105263157894736,0.06315789473684211,0.08421052631578947,0.042105263157894736,0.031578947368421054,0.0,0.031578947368421054,0.136986301369863,0.3424657534246575,0.3424657534246575,0.1780821917808219
RNCMPT00024_min,P22626,0,2.0,15.0,0.6363961030678917,61.6625,4.465096480480572,3.764458417892456,0.939628921372421,0.095,0.0636396103067892,,,,,,,,,,,,,,,,,,,2.0,19.2,1.4849242404917509,63.122,1.221597675177876,3.0079376697540283,1.154621007150856,0.015,0.0070710678118654,,,,,,,,,,,,,,,,,,,,,,,,,,,,5.0,11.5,3.2157813980430943,75.53602000000001,2.779135579096492,3.279581308364868,0.7448971023268671,0.24,0.1328533025558642,,,,,,,,,,,,,,,,,,,,,,,,,,,,4.0,12.7,3.411988667429401,76.19295,2.768701994918678,3.252351760864258,0.6299781023644501,0.1124999999999999,0.0741057802513856,5.0,10.7,1.8751666592599172,71.89474,3.1168280387278378,4.117897033691406,0.5865529143693922,0.036,0.0181659021245849,,,,,,,,,,,,,,,,,,,,,,,,,,,,,,,,,,,,,,,,,,,,,,,,,,,,,,,,,,,,,,,,,,,,,,,,,,,,,,,,,,,,,,,,,,,,,,,,,,,,,,,,,,,,,,,,,,,,,,,,,,,,,,,,,,,,,,,,,,,,,,,,,,,,,,,,,,233,35,0.04721030042918455,0.004291845493562232,0.060085836909871244,0.0944206008583691,0.06437768240343347,0.12875536480686695,0.030042918454935622,0.03862660944206009,0.07725321888412018,0.04291845493562232,0.02145922746781116,0.02575107296137339,0.034334763948497854,0.030042918454935622,0.08583690987124463,0.06866952789699571,0.05150214592274678,0.06866952789699571,0.004291845493562232,0.02145922746781116,0.37142857142857144,0.37142857142857144,0.22857142857142856,0.02857142857142857
3QG9,Q09312,1,,,,,,,,,,,,,,,,,,,,,,,,,,,,,,,,,,,,,,,,,,,,,,,,,,,,,,,,,,,,,,,,,,,,,,,,,,,,,,,,,,,,,,,,,,,,,,,,,,,,,,,,,,,,,,,,,,,,,,,,,,,,,,,,,,,,,,,,,,,,,,,,,,,,,,,,,,,,,,,,,,,,,,,,,,,,,,,,,,,,,,,,,,,,,,,,,,,,,,,,,,,,,,,,,,,,,,,,,7.0,1.6428571428571428,0.1205147689032739,96.0693857142857,0.7964171968438228,3.383273567472185,0.3759774592263851,0.7,0.4177718675704879,,,,,,,,,,2.0,1.25,0.4949747468305833,97.68875,1.1509577077373463,3.094982981681824,0.0985145494715458,0.965,0.0353553390593274,,,,,,,,,,,,,,,,,,,,,,,,,,,,400,9,0.065,0.0325,0.0675,0.0525,0.0425,0.04,0.025,0.0625,0.065,0.1125,0.035,0.045,0.0175,0.0575,0.055,0.0775,0.0475,0.0675,0.0075,0.025,0.1111111111111111,0.2222222222222222,0.2222222222222222,0.4444444444444444
RNCMPT00184_min,Q9BX46,0,,,,,,,,,,,,,,,,,,,,,,,,,,,,,,,,,,,,,,,,,,,,,,,,,,,,,,,,,,,,,,,,,,,,,,,,,,,,,,,,,,,,,,,,,,,,,,,,,,,,,,,,,,,,,,,,,,,,,,,,,,,,,,,,,,,,,,,,,,,,,,,,,,,,,,,,,,,,,,,,,,,,,,,,,,,,,,,,,,,,,,,,,,,,,,,,,,,,,,,,,,,,,,,,,,,,,,,,,,,,,,,,,,,,,,,,,,,,,,,,,,,,,,,,,,,,,,,,,,,,,,,,,,,,,,,131,38,0.10687022900763359,0.007633587786259542,0.04580152671755725,0.03816793893129771,0.061068702290076333,0.0916030534351145,0.030534351145038167,0.061068702290076333,0.05343511450381679,0.04580152671755725,0.022900763358778626,0.022900763358778626,0.07633587786259542,0.061068702290076333,0.061068702290076333,0.015267175572519083,0.07633587786259542,0.06870229007633588,0.0,0.05343511450381679,0.2894736842105263,0.3157894736842105,0.2631578947368421,0.13157894736842105
2VOP,P05455,1,,,,,,,,,,,,,,,,,,,,,,,,,,,,,,,,,,,,,,,,,,,,,,,,,,,,,,,,,,,,,,,,,,,,,,,,,,,,,,,,,,10.0,1.4700000000000002,0.1206464071390257,96.1194,0.7834487078154985,3.610181951522827,0.823837405702369,0.41,0.4145680482944466,12.0,1.625,0.2880183074989252,96.04444166666669,1.7517841562031091,3.8221980333328247,0.7611794390740432,0.54,0.3784898221280798,,,,,,,,,,,,,,,,,,,,,,,,,,,,,,,,,,,,,,,,,,,,,,,,,,,,,,,,,,,,,,,,,,,,,,,,,,,,,,,,,,,,,,,,,,,,,,,,,,,,,,,,,,,,,,,,,,,,,,,,,,,,,,,,,,,,,,,,,,,,,,,,,,,,,,,,,,,,,,,,,,,,,,,,,,,,184,5,0.04891304347826087,0.005434782608695652,0.08152173913043478,0.09239130434782608,0.06521739130434782,0.03260869565217391,0.010869565217391304,0.07608695652173914,0.13043478260869565,0.09239130434782608,0.021739130434782608,0.03804347826086957,0.03804347826086957,0.02717391304347826,0.043478260869565216,0.04891304347826087,0.04891304347826087,0.05434782608695652,0.010869565217391304,0.03260869565217391,0.2,0.0,0.0,0.8
RNCMPT00238_min,V5IL07,0,1.0,26.700000000000003,,41.287,,3.973976612091065,,0.0,,,,,,,,,,,,,,,,,,,,,,,,,,,,,,,,,,,,,,,,,,,,,,,,,,,,,,,,,,,,,,,,,,,,,,,,,,,,,,,,,,,,,,,,,,,,,,,,,,,,,,,,,,,,,,,,,,,,,,,,,,,,,,,,,,,,,,,,,,,,,,,,,,,,,,,,,,,,,,,,,,,,,,,,,,,,,,,,,,,,,,,,,,,,,,,,,,,,,,,,,,,,,,,,,,,,,,,,,,,,,,,,,,,,,,,,,,,,,,,,,,,,,,,,,,,,,,,,,,,,,,,438,35,0.07534246575342465,0.00228310502283105,0.0547945205479452,0.04337899543378995,0.0547945205479452,0.2100456621004566,0.01598173515981735,0.0319634703196347,0.0182648401826484,0.045662100456621,0.02511415525114155,0.04794520547945205,0.0639269406392694,0.0547945205479452,0.0776255707762557,0.0410958904109589,0.03881278538812785,0.0547945205479452,0.0091324200913242,0.03424657534246575,0.2571428571428571,0.22857142857142856,0.22857142857142856,0.2857142857142857
5NPM,P27150,1,,,,,,,,,,,,,,,,,,,,,,,,,,,,,,,,,,,,,,,,,,,,,,,,,,,,,,,,,,,,,,,,,,,,,,,,,,,,,,,,,,,,,,,,,,,,,,,,,,,,,,,,,,,,,,,,,,,,,,,,,,,,,,,,,,,,,,,,,,,,,,,,,,,,,,,,,,,,,,,,,,,,,,,,,,,,,,,,,,,,,,,,,,,,,,,,,,,,,,,,,,,,,,,,,,,,,,,,,,,,,,,,,,,,,,,,,,,,,,,,,,,,,,,,,,,,,,,,,,,,,,,,,,,,,,,211,80,0.10900473933649289,0.0,0.052132701421800945,0.07582938388625593,0.03317535545023697,0.10900473933649289,0.02843601895734597,0.08530805687203792,0.08056872037914692,0.06635071090047394,0.014218009478672985,0.02843601895734597,0.05687203791469194,0.014218009478672985,0.061611374407582936,0.03317535545023697,0.052132701421800945,0.08056872037914692,0.004739336492890996,0.014218009478672985,0.1625,0.2875,0.4,0.15
3G0H,Q9UMR2,1,,,,,,,,,,,,,,,,,,,,,,,,,,,,,,,,,,,,,,,,,,,,,,,,,,,,,,,,,,,,,,,,,,,,,,,,,37.0,3.0824324324324324,0.4775830666863991,87.05191621621621,3.231321639697009,3.58697568403708,0.8580376151881092,0.1386486486486486,0.1997103758802587,8.0,5.35625,0.9061052840119,74.0538,4.621292258047064,3.282802253961563,0.9431040241408222,0.05375,0.0506916448455054,3.0,5.416666666666667,0.7371114795831994,73.43423333333334,3.829056012039169,2.976409673690796,0.6531643843671878,0.0466666666666666,0.0378593889720018,,,,,,,,,,,,,,,,,,,,,,,,,,,,,,,,,,,,,,,,,,,,,,,,,,,,,,,,,,,,,,,,,,,,,,,,,,,,,,,,,,,,,,,,,,,,,,,,,,,,9.0,3.077777777777778,0.5534613305773443,87.33021111111111,3.48681605101432,3.4129852983686657,0.8639825390475929,0.1333333333333333,0.186815416922694,,,,,,,,,,,,,,,,,,,,,,,,,,,,,,,,,,,,,,,,,,,,,,,,,,,,,,,,,,,,,,,,408,7,0.0661764705882353,0.0196078431372549,0.04411764705882353,0.06862745098039216,0.03676470588235294,0.051470588235294115,0.014705882352941176,0.058823529411764705,0.07598039215686274,0.10784313725490197,0.029411764705882353,0.051470588235294115,0.04411764705882353,0.0661764705882353,0.05392156862745098,0.056372549019607844,0.04411764705882353,0.0784313725490196,0.007352941176470588,0.024509803921568627,0.0,0.0,0.0,1.0
6DU4,Q86W50,1,,,,,,,,,,,,,,,,,,,,,,,,,,,,,,,,,,,,,,,,,,,,,,,,,,,,,,,,,,,,,,,,,,,,,,,,,,,,,,,,,,,,,,,,,,,,,,,,,,,,,,,,,,,,,,,,,,,,,,,,,,,,,,,,,,,,,,,,,,,,,,,,,,,,,,,,,,,,,,,,,,,,,,,,,,,,,,,,,,,,,,,,,,,,,,,,,,,,,,,,,,,,,,,,,,,,,,,,,,,,,,,,,,,,,,,,,,,,,,,,,,,,,,,,,,,,,,,,,,,,,,,,,,,,,,,287,29,0.05574912891986063,0.027874564459930314,0.05574912891986063,0.05226480836236934,0.041811846689895474,0.05574912891986063,0.017421602787456445,0.059233449477351915,0.06968641114982578,0.11149825783972125,0.024390243902439025,0.05226480836236934,0.06968641114982578,0.027874564459930314,0.0627177700348432,0.05574912891986063,0.04529616724738676,0.059233449477351915,0.017421602787456445,0.03832752613240418,0.27586206896551724,0.2413793103448276,0.3448275862068966,0.13793103448275862
4NGD,Q9UPY3,1,,,,,,,,,,,,,,,,,,,,,,,,,,,,,,,,,,,,,,,,,,,,,,,,,,,,,,,,,,,,,,,,,,,,,,,,,,,,,,,,,,,,,,,,,,,,,,,,,,,,,,,,,,,,,,,,,,,,,,,,,,,,,,,,,,,,,,,,,,,,,,,,,,,,,,,,,,,,,,,,,,,,,,,,,,,,,,,,,,,,,,,,,,,,,,,,,,,,,,,,,,,,,,,,,,,,,,,,,,,,,,,,,,,,,,,,,,,,,,,,,,,,,,,,,,,,,,,,,,,,,,,,,,,,,,,280,12,0.05,0.02142857142857143,0.04642857142857143,0.060714285714285714,0.04642857142857143,0.017857142857142856,0.02857142857142857,0.06785714285714285,0.05714285714285714,0.1357142857142857,0.014285714285714285,0.02857142857142857,0.08928571428571429,0.03214285714285714,0.05714285714285714,0.06428571428571428,0.06785714285714285,0.05,0.007142857142857143,0.05714285714285714,0.16666666666666666,0.25,0.25,0.3333333333333333
2BX2,P21513,1,,,,,,,,,,,,,,,,,,,,,,,,,,,,,,,,,,,,,,,,,,,,,,,,,,,,,,,,,,,,,,,,,,,,,,,,,,,,,,,,,,,,,,,,,,,,,,,,,,,,,,,,,,,,,,,,,,,,,,,,,,,,,,,,,,,,,,,,,,,,,,,,,,,,,,,,,,,,,,,,,,,,,,,,,,,,,,,,,,,,,,,,,,,,,,,,,,,,,,,,,,,,,,,,,,,,,,,,,,,,,,,,,,,,,,,,,,,,,,,,,,,,,,,,,,,,,,,,,,,,,,,,,,,,,,,500,14,0.084,0.006,0.044,0.1,0.026,0.06,0.032,0.086,0.042,0.104,0.018,0.034,0.046,0.042,0.09,0.066,0.036,0.058,0.004,0.022,0.21428571428571427,0.07142857142857142,0.14285714285714285,0.5714285714285714
3PEW,P20449,1,,,,,,,,,,,,,,,,,,,,,,,,,,,,,,,,,,,,,,,,,,,,,,,,,,,,,,,,,,,,,,,,,,,,,,,,,27.0,2.5333333333333337,0.3927222545651943,93.93007037037036,2.920072549917318,3.617166271916142,0.7244027824085995,0.2659259259259259,0.3542300345522911,2.0,3.95,0.494974746830583,89.53059999999999,0.6861764204634243,4.048920750617981,1.089200500304852,0.045,0.0494974746830583,8.0,3.0375,0.2341397629011967,89.7895875,0.4868201646178694,3.620263755321503,1.018839615489662,0.16125,0.2738319349006404,,,,,,,,,,,,,,,,,,,,,,,,,,,,,,,,,,,,,,,,,,,,,,,,,,,,,,,,,,,,,,,,,,,,,,,,,,,,,,,,,,,,,,,,,,,,,,,,,,,,8.0,2.575,0.5126959555693246,95.2948,2.616257665881882,3.400683730840683,0.4963211891822243,0.2225,0.3710121291817829,,,,,,,,,,,,,,,,,,,,,,,,,,,,,,,,,,,,,,,,,,,,,,,,,,,,,,,,,,,,,,,,391,6,0.07161125319693094,0.0076726342710997444,0.06649616368286446,0.05115089514066496,0.04092071611253197,0.056265984654731455,0.01278772378516624,0.07161125319693094,0.08184143222506395,0.10230179028132992,0.028132992327365727,0.043478260869565216,0.04092071611253197,0.058823529411764705,0.05115089514066496,0.04859335038363171,0.06649616368286446,0.07672634271099744,0.0025575447570332483,0.020460358056265986,0.0,0.0,0.0,1.0
RNCMPT00171_min,Q96DU9,0,1.0,14.9,,54.5005,,2.3499064445495605,,0.07,,,,,,,,,,,,,,,,,,,,,,,,,,,,,,,,,,,,,,,,,,,,,,,,,,,,,,,,,,,,,,,,,,,,,,,,,,,,,,,,,,,,,,,,,,,,,,,,,,,,,,,,,,,,,,3.0,12.55,1.2757350822173077,75.5339,2.249904960214992,3.660438617070516,1.0740235502842357,0.1166666666666666,0.0378593889720018,,,,,,,,,,,,,,,,,,,,,,,,,,,,,,,,,,,,,,,,,,,,,,,,,,,,,,,,,,,,,,,,,,,,,,,,,,,,,,,,,,,,,,,,,,,,,,,,,,,,,,,,,,,,,,,,,,,,,,,,,,,,,,,,,,,,,,,,,,,,,,,,,382,30,0.07068062827225131,0.015706806282722512,0.06544502617801047,0.06282722513089005,0.06282722513089005,0.08376963350785341,0.013089005235602094,0.04450261780104712,0.08900523560209424,0.07591623036649214,0.020942408376963352,0.049738219895287955,0.041884816753926704,0.015706806282722512,0.08638743455497382,0.0549738219895288,0.031413612565445025,0.07329842931937172,0.007853403141361256,0.034031413612565446,0.2,0.23333333333333334,0.36666666666666664,0.2
RNCMPT00152_min,P29558,0,,,,,,,,,,,,,,,,,,,,,,,,,,,,,,,,,,,,,,,,,,,,,,4.0,7.6,0.5816642788871721,78.340025,2.929523326840051,4.252781391143799,0.1277995097172301,0.17,0.1202774570177914,,,,,,,,,,,,,,,,,,,,,,,,,,,,,,,,,,,,,,,,,,,,,,,,,,,,,,,,,,,,,,,,,,,,,,,,,,,,,,,,,,,,,,,,,,,,,,,,,,,,,,,,,,,,,,,,,,,,,,,,,,,,,,,,,,,,,,,,,,,,,,,,,,,,,,,,,,,,,,,,,,,,,,,,,,,,,,,,,,,,,,,,,,,,,,,,,,,,,,,,,,,,,,,,,,,,,,,,,246,38,0.07317073170731707,0.016260162601626018,0.04065040650406504,0.04065040650406504,0.028455284552845527,0.07317073170731707,0.016260162601626018,0.036585365853658534,0.07723577235772358,0.07723577235772358,0.024390243902439025,0.052845528455284556,0.08130081300813008,0.06504065040650407,0.036585365853658534,0.0975609756097561,0.06910569105691057,0.044715447154471545,0.008130081300813009,0.04065040650406504,0.18421052631578946,0.39473684210526316,0.21052631578947367,0.21052631578947367
RNCMPT00173_min,Q6XE24,0,,,,,,,,,,,,,,,,,,,,,,,,,,,,,,,,,,,,,,,,,,,,,,3.0,3.75,0.3278719262150997,88.53883333333333,1.0323187992734235,3.6374842325846353,0.6643555209373154,0.2833333333333334,0.2650157228040128,,,,,,,,,,,,,,,,,,,,,,,,,,,,,,,,,,,,,,,,,,,,,,,,,,,,,,,,,,,,,,,,,,,,,,,,,,,,,,,,,,,,,,,,,,,,,,,,,,,,,,,,,,,,,,,,,,,,,,,,,,,,,,,,,,,,,,,,,,,,,,,,,,,,,,,,,,,,,,,,,,,,,,,,,,,,,,,,,,,,,,,,,,,,,,,,,,,,,,,,,,,,,,,,,,,,,,,,,246,38,0.07317073170731707,0.016260162601626018,0.04065040650406504,0.044715447154471545,0.024390243902439025,0.07317073170731707,0.016260162601626018,0.04065040650406504,0.07317073170731707,0.06910569105691057,0.024390243902439025,0.06504065040650407,0.08943089430894309,0.07723577235772358,0.032520325203252036,0.08536585365853659,0.06097560975609756,0.036585365853658534,0.0040650406504065045,0.052845528455284556,0.15789473684210525,0.3157894736842105,0.2894736842105263,0.23684210526315788
4YB1,P09012,1,,,,,,,,,,,,,,,,,,,,,,,,,,,,,,,,,,,,,,,,,,,,,,,,,,,,,,,10.0,3.82,1.3408537910185767,92.59155,2.041144770982969,3.712011504173279,0.5911665759716459,0.5920000000000001,0.4242064486910956,,,,,,,,,,,,,,,,,,,,,,,,,,,,,,,,,,,,,,,,,,,,,,,,,,,,,,,,,,,,,,,,4.0,12.9125,5.348111037241717,91.021275,0.0911993558091286,3.9806527495384216,0.7080420997603927,0.6075,0.4112075712662239,,,,,,,,,,11.0,8.136363636363637,3.129384197337466,91.64666363636364,1.9791838268704272,3.3656904914162378,0.8423530486577634,0.5436363636363637,0.4273937932930876,,,,,,,,,,,,,,,,,,,,,,,,,,,,,,,,,,,,,,,,,,,,,,,,,,,,,,,,,,,,,,,,,,,,,,,,,,,,,,,,,,,,,,,,,,,,,,,,,,,,,,,,,,,,,,,,,,,,,,92,91,0.07608695652173914,0.0,0.05434782608695652,0.03260869565217391,0.06521739130434782,0.03260869565217391,0.021739130434782608,0.10869565217391304,0.11956521739130435,0.07608695652173914,0.043478260869565216,0.05434782608695652,0.03260869565217391,0.043478260869565216,0.06521739130434782,0.07608695652173914,0.03260869565217391,0.03260869565217391,0.0,0.03260869565217391,0.27472527472527475,0.27472527472527475,0.3076923076923077,0.14285714285714285
RNCMPT00116_min,P67809,0,1.0,28.25,,44.8496,,4.567748069763184,,0.0,,,,,,,,,,,,,,,,,,,,,,,,,,,,,,,,,,,,,,,,,,,,,,,,,,,,,,,,,,,,,,,,,,,,,,,,,,,,,,,,,,,,,,,,,,,,,,,,,,,,,,,,,,,,,,,,,,,,,,,,,,,,,,,,,,,,,,,,,1.0,21.3,,37.0472,,4.474515914916992,,0.01,,,,,,,,,,,,,,,,,,,,,,,,,,,,,,,,,,,,,,,,,,,,,,,,,,,,,,,,,,,,,,,,,,,,,,,,,,,,,,,,,,,,,,,,,,,,,,,,,,,,,,,,,,,,,,,,,,,,,,,324,38,0.08950617283950617,0.0,0.040123456790123455,0.08333333333333333,0.021604938271604937,0.12037037037037036,0.006172839506172839,0.009259259259259259,0.04938271604938271,0.012345679012345678,0.012345679012345678,0.06481481481481481,0.10802469135802469,0.07407407407407407,0.12037037037037036,0.046296296296296294,0.040123456790123455,0.04938271604938271,0.0030864197530864196,0.04938271604938271,0.15789473684210525,0.42105263157894735,0.18421052631578946,0.23684210526315788
5EX7,Q8MQJ9,1,,,,,,,,,,,,,,,,,,,,,,,,,,,,,,,,,,,,,,,,,,,,,,,,,,,,,,,,,,,,,,,,,,,,,,,,,,,,,,,,,,,,,,,,,,,,,,,,,,,,,,,,,,,,,,,,,,,,,,,,,,,,,,,,,,,,,,,,,,,,,,,,,,,,,,,,,,,,,,,,,,,,,,,,,,,,,,,,,,,,,,,,,,,,,,,,,,,,,,,,,,,,,,,,,,,,,,,,,,,,,,,,,,,,,,,,,,,,,,,,,,,,,,,,,,,,,,,,,,,,,,,,,,,,,,,274,7,0.040145985401459854,0.021897810218978103,0.05474452554744526,0.04744525547445255,0.06204379562043796,0.08759124087591241,0.032846715328467155,0.0948905109489051,0.058394160583941604,0.04744525547445255,0.014598540145985401,0.07664233576642336,0.021897810218978103,0.072992700729927,0.05474452554744526,0.040145985401459854,0.032846715328467155,0.09854014598540146,0.0,0.040145985401459854,0.0,0.0,0.2857142857142857,0.7142857142857143
RNCMPT00097_min,Q94901,0,,,,,,,,,,,,,,,,,,,,,,,,,,,,,,,,,,,,,,,,,,,,,,,,,,,,,,,,,,,,,,,,,,,,,,,,,,,,,,,,,,,,,,,,,,,,,,,,,,,,,,,,,,,,,,,,,,,,,,,,,,,,,,,,,,,,,,,,,,,,,,,,,,,,,,,,,,,,,,,,,,,,,,,,,,,,,,,,,,,,,,,,,,,,,,,,,,,,,,,,,,,,,,,,,,,,,,,,,,,,,,,,,,,,,,,,,,,,,,,,,,,,,,,,,,,,,,,,,,,,,,,,,,,,,,,207,38,0.057971014492753624,0.028985507246376812,0.05314009661835749,0.07246376811594203,0.03864734299516908,0.1111111111111111,0.014492753623188406,0.028985507246376812,0.06280193236714976,0.06280193236714976,0.014492753623188406,0.043478260869565216,0.057971014492753624,0.043478260869565216,0.07246376811594203,0.03864734299516908,0.06280193236714976,0.09178743961352658,0.004830917874396135,0.03864734299516908,0.2631578947368421,0.21052631578947367,0.34210526315789475,0.18421052631578946
4JK0,P69517,1,,,,,,,,,,,,,,,,,,,,,,,,,,,,,,,,,,,,,,,,,,,,,,,,,,,,,,,,,,,,,,,,,,,,,,,,,,,,,,,,,,,,,,,,,,,,,,,,,,,,,,,,,,,,,,,,,,,,,,,,,,,,,,,,,,,,,,,,,,,,,,,,,,,,,,,,,,,,,,,,,,,,,,,,,,,,,,,,,,,,,,,,,,,,,,,,,,,,,,,,,,,,,,,,,,,,,,,,,,,,,,,,,,,,,,,,,,,,,,,,,,,,,,,,,,,,,,,,,,,,,,,,,,,,,,,120,21,0.041666666666666664,0.016666666666666666,0.041666666666666664,0.058333333333333334,0.06666666666666667,0.08333333333333333,0.03333333333333333,0.03333333333333333,0.041666666666666664,0.09166666666666666,0.016666666666666666,0.025,0.041666666666666664,0.041666666666666664,0.08333333333333333,0.10833333333333334,0.058333333333333334,0.05,0.03333333333333333,0.03333333333333333,0.0,0.2857142857142857,0.2857142857142857,0.42857142857142855
RNCMPT00272_min,Q02926,0,6.0,12.5,0.9005553841935543,71.45075000000001,1.87487416404408,4.230575998624166,0.6734286096152283,0.055,0.0472228758124703,,,,,,,,,,,,,,,,,,,,,,,,,,,,,,,,,,,,,,,,,,,,,,,,,,,,,,,2.0,16.15,1.979898987322331,66.09854999999999,1.79640477760442,3.794316530227661,0.2148373225507027,0.01,0.0,,,,,,,,,,,,,,,,,,,,,,,,,,,,,,,,,,,,,1.0,18.8,,62.2201,,2.9173593521118164,,0.01,,,,,,,,,,,,,,,,,,,,8.0,15.68125,2.2676195038598763,59.7127125,9.161532401988138,3.2887591123580933,0.7696047109031418,0.0025,0.0046291004988627,,,,,,,,,,,,,,,,,,,,,,,,,,,,,,,,,,,,,,,,,,,,,,,,,,,,,,,,,,,,,,,,,,,,,,,,,,,,,,,,,,,,,,,,,,,,,,,,,,,,,,,,,,,,,,,,,,,,,,,,,,,,,,,240,38,0.058333333333333334,0.008333333333333333,0.07916666666666666,0.075,0.041666666666666664,0.075,0.020833333333333332,0.04583333333333333,0.1,0.08333333333333333,0.016666666666666666,0.041666666666666664,0.0375,0.0625,0.058333333333333334,0.0375,0.041666666666666664,0.08333333333333333,0.004166666666666667,0.029166666666666667,0.3157894736842105,0.21052631578947367,0.23684210526315788,0.23684210526315788
RNCMPT00143_min,P17133,0,,,,,,,,,,,,,,,,,,,,,,,,,,,,,,,,,,,,,,,,,,,,,,,,,,,,,,,,,,,,,,,,,,,,,,,,,,,,,,,,,,,,,,,,,,,,,,,,,,,,,,,,,,,,,,,,,,,,,,,,,,,,,,,,,,,,,,,,,,,,,,,,,3.0,13.716666666666669,0.4481443219916253,54.01596666666666,1.393494400180111,3.833183209101359,1.554379009639861,0.0166666666666666,0.0057735026918962,,,,,,,,,,,,,,,,,,,,,,,,,,,,,,,,,,,,,,,,,,,,,,,,,,,,,,,,,,,,,,,,,,,,,,,,,,,,,,,,,,,,,,,,,,,,,,,,,,,,,,,,,,,,,,,,,,,,,,171,39,0.05847953216374269,0.0,0.05847953216374269,0.12280701754385964,0.029239766081871343,0.07602339181286549,0.029239766081871343,0.05847953216374269,0.08771929824561403,0.07017543859649122,0.005847953216374269,0.029239766081871343,0.04093567251461988,0.017543859649122806,0.14035087719298245,0.029239766081871343,0.04678362573099415,0.04678362573099415,0.011695906432748537,0.04093567251461988,0.10256410256410256,0.1282051282051282,0.48717948717948717,0.28205128205128205
7DOL,P47350,1,,,,,,,,,,,,,,,,,,,,,,,,,,,,26.0,1.5480769230769231,0.2338720886428174,96.11537692307692,1.993256926200472,3.689864717997037,0.6886602152229879,0.1696153846153846,0.3424205691161764,,,,,,,,,,,,,,,,,,,,,,,,,,,,,,,,,,,,,,,,,,,,,,,,,,,,,,,,,,,,,,,,,,,,,,,,,,,,,,,,,,,,,,,,,,,,,,,,,,,,,,,,,,,,,,,,,,,,,,,,,,,,,,,,,,,,,,,,,,,,,,,,,,,,,,,,,,,,,,,,,,,,,,,,,,,,,,,,,,,,,,,,,,,,,,,,,,,,,,,,,,,,,,,,,,,,,,,,,,,,,,,,,,,,,,,,,,,565,6,0.06017699115044248,0.008849557522123894,0.07079646017699115,0.05309734513274336,0.04424778761061947,0.02831858407079646,0.02654867256637168,0.09380530973451327,0.06371681415929203,0.10442477876106195,0.01592920353982301,0.07964601769911504,0.03716814159292035,0.03893805309734513,0.03716814159292035,0.0584070796460177,0.06902654867256637,0.06548672566371681,0.007079646017699115,0.03716814159292035,1.0,0.0,0.0,0.0
RNCMPT00023_min,Q32P51,0,,,,,,,,,,,,,,,,,,,,,,,,,,,,,,,,,,,,,,,,,,,,,,,,,,,,,,,,,,,,,,,,3.0,5.3500000000000005,0.1322875655532295,80.06373333333333,1.4364520609241842,2.833988746007284,0.9381428238525028,0.4499999999999999,0.3843175770115127,,,,,,,,,,,,,,,,,,,,,,,,,,,,2.0,5.775,0.6010407640085658,80.82815,1.095096272023614,3.294684171676636,0.3213703942451432,0.47,0.2121320343559642,3.0,6.216666666666666,0.1527525231651946,76.81963333333333,1.4364520609241842,3.60714324315389,0.2787049234998215,0.03,0.0435889894354067,,,,,,,,,,,,,,,,,,,,,,,,,,,,,,,,,,,,,,,,,,,,,,,,,,,,,,,,,,,,,,,,,,,,,,,,,,,,,,,,,,,,,,,,,,,,,,,,,,,,,,,,,,,,,,,,,,,,,,,,,,,,,,,,,,,,,,,,,,,,,,,,,,,,,,,,,,226,38,0.04424778761061947,0.008849557522123894,0.06637168141592921,0.0752212389380531,0.061946902654867256,0.12831858407079647,0.035398230088495575,0.035398230088495575,0.0752212389380531,0.035398230088495575,0.022123893805309734,0.030973451327433628,0.030973451327433628,0.030973451327433628,0.084070796460177,0.0752212389380531,0.061946902654867256,0.0752212389380531,0.004424778761061947,0.017699115044247787,0.10526315789473684,0.3157894736842105,0.23684210526315788,0.34210526315789475
RNCMPT00235_min,A0A2I0BQ04,0,,,,,,,,,,,,,,,,,,,,,,,,,,,,,,,,,,,,,27.0,4.866666666666667,0.8908725195861897,79.32757777777778,2.661494085938795,3.2913939555486045,0.9034339980253124,0.1337037037037037,0.1166898633837756,,,,,,,,,,,,,,,,,,,,,,,,,,,,,,,,,,,,,,,,,,,,,,,,,,,,,,,,,,,,,,,,,,,,,,,,,,,,,,,,,,,,,,,,,,,,,,,,,,,,,,,,,,,,,,,,,,,,,,,,,,,,,,,,,,,,,,,,,,,,,,,,,,,,,,,,,,,,,,,,,,,,,,,,,,,,,,,,,,,,,,,,,,,,,,,,,,,,,,,,,,,,,,,,,,,,,,,,,,,,,,,,,,534,38,0.02247191011235955,0.016853932584269662,0.05056179775280899,0.05805243445692884,0.0449438202247191,0.024344569288389514,0.02247191011235955,0.07865168539325842,0.09550561797752809,0.08239700374531835,0.016853932584269662,0.1348314606741573,0.031835205992509365,0.033707865168539325,0.035580524344569285,0.0898876404494382,0.04307116104868914,0.05805243445692884,0.0018726591760299626,0.05805243445692884,0.21052631578947367,0.18421052631578946,0.47368421052631576,0.13157894736842105
RNCMPT00080_min,Q24562,0,,,,,,,,,,,,,,,,,,,,,,,,,,,,,,,,,,,,,,,,,,,,,,,,,,,,,,,,,,,,,,,,,,,,,,,,,,,,,,,,,,,,,,,,,,,,,,,,,,,,,,,,,,,,,,,,,,,,,,,,,,,,,,,,,,,,,,,,,,,,,,,,,,,,,,,,,,,,,,,,,,,,,,,,,,,,,,,,,,,,,,,,,,,,,,,,,,,,,,,,,,,,,,,,,,,,,,,,,,,,,,,,,,,,,,,,,,,,,,,,,,,,,,,,,,,,,,,,,,,,,,,,,,,,,,,372,38,0.06989247311827956,0.016129032258064516,0.05913978494623656,0.06182795698924731,0.0456989247311828,0.07258064516129033,0.013440860215053764,0.053763440860215055,0.051075268817204304,0.07795698924731183,0.026881720430107527,0.04032258064516129,0.06989247311827956,0.05913978494623656,0.04032258064516129,0.05913978494623656,0.056451612903225805,0.09946236559139784,0.0,0.026881720430107527,0.2631578947368421,0.18421052631578946,0.34210526315789475,0.21052631578947367
RNCMPT00123_min,Q7YU08,0,,,,,,,,,,,,,,,,,,,,,,,,,,,,,,,,,,,,,,,,,,,,,,,,,,,,,,,,,,,,,,,,,,,,,,,,,,,,,,,,,,,,,,,,,,,,,,,,,,,,2.0,7.9,1.272792206135786,76.15025,0.5954546204371831,3.111132264137268,1.486156378319857,0.035,0.0070710678118654,,,,,,,,,,3.0,7.583333333333333,0.8892881047969405,73.96036666666667,1.823631531678844,4.170976003011067,0.0589791591021743,0.2066666666666666,0.2375570107012911,,,,,,,,,,,,,,,,,,,,,,,,,,,,,,,,,,,,,,,,,,,,,,,,,,,,,,,,,,,,,,,,,,,,,,,,,,,,,,,,,,,,,,,,,,,,,,,,,,,,,,,,,,,,,,,,,,,,,,,,,,,,,,,,,,,,,,,,,,,,,,,,,169,35,0.1834319526627219,0.005917159763313609,0.029585798816568046,0.04142011834319527,0.047337278106508875,0.07100591715976332,0.023668639053254437,0.04142011834319527,0.03550295857988166,0.047337278106508875,0.011834319526627219,0.05325443786982249,0.047337278106508875,0.03550295857988166,0.07100591715976332,0.07100591715976332,0.047337278106508875,0.1242603550295858,0.005917159763313609,0.005917159763313609,0.2,0.4,0.17142857142857143,0.22857142857142856
2Q66,P29468,1,,,,,,,,,,,,,,,,,,,,,,,,,,,,9.0,1.9666666666666663,0.2915475947422651,91.72685555555556,1.658055940032718,4.239449659983317,0.6407564449700026,0.2111111111111111,0.1957960957504288,,,,,,,,,,,,,,,,,,,,,,,,,,,,,,,,,,,,,,,,,,,,,,,,,,,,,,,,,,,,,,,,,,,,,,,,,,,,,,,,,,,,,,,,,,,,,,,,,,,,,,,,,,,,,,,,,,,,,,,,,,,,,,,,,,,,,,,,,,,,,,,,,,,,,,,,,,,,,,,,,,,,,,,,,,,,,,,,,,,,,,,,,,,,,,,,,,,,,,,,,,,,,,,,,,,,,,,,,,,,,,,,,,,,,,,,,,,519,5,0.06551059730250482,0.015414258188824663,0.05973025048169557,0.07129094412331406,0.055876685934489405,0.04816955684007707,0.017341040462427744,0.07129094412331406,0.07514450867052024,0.09441233140655106,0.015414258188824663,0.04816955684007707,0.05202312138728324,0.030828516377649325,0.05202312138728324,0.05394990366088632,0.05009633911368015,0.07707129094412331,0.01348747591522158,0.03275529865125241,1.0,0.0,0.0,0.0
4OHZ,P52874,1,,,,,,,,,,,,,,,,,,,,,,,,,,,,,,,,,,,,,,,,,,,,,,,,,,,,,,,,,,,,,,,,,,,,,,,,,,,,,,,,,,,,,,,,,,,,,,,,,,,,,,,,,,,,,,,,,,,,,,,,,,,,,,,,,,,,,,,,,,,,,,,,,,,,,,,,,,,,,,,,,,,,,,,,,,,,,,,,,,,,,,,,,,,,,,,,,,,,,,,,,,,,,,,,,,,,,,,,,,,,,,,,,,,,,,,,,,,,,,,,,,,,,,,,,,,,,,,,,,,,,,,,,,,,,,,399,4,0.07268170426065163,0.020050125313283207,0.05263157894736842,0.08020050125313283,0.05263157894736842,0.06265664160401002,0.022556390977443608,0.05263157894736842,0.06516290726817042,0.08521303258145363,0.017543859649122806,0.03759398496240601,0.03759398496240601,0.02756892230576441,0.047619047619047616,0.06015037593984962,0.07017543859649122,0.10275689223057644,0.005012531328320802,0.02756892230576441,0.75,0.0,0.25,0.0
6XH2,6XH2,1,,,,,,,,,,,,,,,,,,,,,,,,,,,,,,,,,,,,,,,,,,,,,,,,,,,,,,,,,,,,,,,,,,,,,,,,,,,,,,,,,,,,,,,,,,,,,,,,,,,,,,,,,,,,,,,,,,,,,,,,,,,,,,,,,,,,,,,,,,,,,,,,,,,,,,,,,,,,,,,,,,,,,,,,,,,,,,,,,,,,,,,,,,,,,,,,,,,,,,,,,,,,,,,,,,,,,,,,,,,,,,,,,,,,,,,,,,,,,,,,,,,,,,,,,,,,,,,,,,,,,,,,,,,,,,,93,27,0.07526881720430108,0.0,0.043010752688172046,0.03225806451612903,0.06451612903225806,0.03225806451612903,0.021505376344086023,0.0967741935483871,0.0967741935483871,0.06451612903225806,0.021505376344086023,0.053763440860215055,0.07526881720430108,0.043010752688172046,0.07526881720430108,0.06451612903225806,0.06451612903225806,0.043010752688172046,0.0,0.03225806451612903,0.14814814814814814,0.2962962962962963,0.3333333333333333,0.2222222222222222
RNCMPT00119_min,P19339,0,7.0,5.664285714285714,0.3313033425154427,78.33445714285715,2.82122894725989,3.434504066194807,0.976766711888847,0.1585714285714285,0.1186631888200902,,,,,,,,,,,,,,,,,,,,,,,,,,,,6.0,4.691666666666666,0.156258333111123,80.15209999999999,2.5364501863825346,3.733951528867086,0.8057174581324147,0.0566666666666666,0.0618600571181975,,,,,,,,,,,,,,,,,,,,,,,,,,,,,,,,,,,,,,,,,,,,,,,,,,,,,,,,,,,,,,,,,,,,,,,,,,,,,,,,,,,,,,,,,,,,,,,,,,,,,,,,,,,,,,,,,,,,,,,,,,,,,,,,,,,,,,,,,,,,,,,,,,,,,,,,,,,,,,,,,,,,,,,,,,,,,,,,,,,,,,,,,,,,,,,,,,,,,,,,,,,,,,,,,,,,,,,,,,,,,,,,,,255,35,0.08235294117647059,0.011764705882352941,0.050980392156862744,0.03529411764705882,0.03137254901960784,0.09019607843137255,0.0196078431372549,0.050980392156862744,0.043137254901960784,0.08235294117647059,0.043137254901960784,0.08627450980392157,0.07058823529411765,0.03137254901960784,0.06666666666666667,0.06666666666666667,0.047058823529411764,0.054901960784313725,0.0,0.03529411764705882,0.22857142857142856,0.17142857142857143,0.42857142857142855,0.17142857142857143
