Id,rbp_name,interaction,aa_A,aa_C,aa_D,aa_E,aa_F,aa_G,aa_H,aa_I,aa_K,aa_L,aa_M,aa_N,aa_P,aa_Q,aa_R,aa_S,aa_T,aa_V,aa_W,aa_Y,nt_A,nt_C,nt_G,nt_U,7mer_start,7mer_end,dataset_id2,RPIEmbeddor_pred
"RNCMPT00001,max,GAUAAUU,RBD_v3_002261",0,1,0.073529411764706,0.011764705882353,0.05,0.085294117647059,0.035294117647059,0.094117647058824,0.008823529411765,0.05,0.073529411764706,0.073529411764706,0.032352941176471,0.047058823529412,0.047058823529412,0.023529411764706,0.067647058823529,0.044117647058824,0.047058823529412,0.082352941176471,0.008823529411765,0.044117647058824,0.421052631578947,0.157894736842105,0.184210526315789,0.236842105263158,8,14,"RNCMPT00001,max,GAUAAUU,RBD_v3_002261",0
"RNCMPT00001,max,GAUAAUU,RBD_v3_114230",0,1,0.073529411764706,0.011764705882353,0.05,0.085294117647059,0.035294117647059,0.094117647058824,0.008823529411765,0.05,0.073529411764706,0.073529411764706,0.032352941176471,0.047058823529412,0.047058823529412,0.023529411764706,0.067647058823529,0.044117647058824,0.047058823529412,0.082352941176471,0.008823529411765,0.044117647058824,0.421052631578947,0.157894736842105,0.184210526315789,0.236842105263158,8,14,"RNCMPT00001,max,GAUAAUU,RBD_v3_114230",1
"RNCMPT00001,max,UAAUUGG,RBD_v3_090143",0,1,0.073529411764706,0.011764705882353,0.05,0.085294117647059,0.035294117647059,0.094117647058824,0.008823529411765,0.05,0.073529411764706,0.073529411764706,0.032352941176471,0.047058823529412,0.047058823529412,0.023529411764706,0.067647058823529,0.044117647058824,0.047058823529412,0.082352941176471,0.008823529411765,0.044117647058824,0.289473684210526,0.157894736842105,0.236842105263158,0.31578947368421,28,34,"RNCMPT00001,max,UAAUUGG,RBD_v3_090143",0
"RNCMPT00001,min,AGAGUCG,RBD_v3_238144",0,0,0.073529411764706,0.011764705882353,0.05,0.085294117647059,0.035294117647059,0.094117647058824,0.008823529411765,0.05,0.073529411764706,0.073529411764706,0.032352941176471,0.047058823529412,0.047058823529412,0.023529411764706,0.067647058823529,0.044117647058824,0.047058823529412,0.082352941176471,0.008823529411765,0.044117647058824,0.233333333333333,0.4,0.166666666666667,0.2,1,7,"RNCMPT00001,min,AGAGUCG,RBD_v3_238144",1
"RNCMPT00001,min,GAGUCGU,RBD_v3_157972",0,0,0.073529411764706,0.011764705882353,0.05,0.085294117647059,0.035294117647059,0.094117647058824,0.008823529411765,0.05,0.073529411764706,0.073529411764706,0.032352941176471,0.047058823529412,0.047058823529412,0.023529411764706,0.067647058823529,0.044117647058824,0.047058823529412,0.082352941176471,0.008823529411765,0.044117647058824,0.31578947368421,0.263157894736842,0.236842105263158,0.184210526315789,11,17,"RNCMPT00001,min,GAGUCGU,RBD_v3_157972",1
"RNCMPT00001,min,GUUCGUC,RBD_v3_205588",0,0,0.073529411764706,0.011764705882353,0.05,0.085294117647059,0.035294117647059,0.094117647058824,0.008823529411765,0.05,0.073529411764706,0.073529411764706,0.032352941176471,0.047058823529412,0.047058823529412,0.023529411764706,0.067647058823529,0.044117647058824,0.047058823529412,0.082352941176471,0.008823529411765,0.044117647058824,0.184210526315789,0.263157894736842,0.236842105263158,0.31578947368421,23,29,"RNCMPT00001,min,GUUCGUC,RBD_v3_205588",0
"RNCMPT00002,max,AGACGUA,RBD_v3_014856",2,1,0.067484662576687,0.006134969325153,0.03680981595092,0.05521472392638,0.012269938650307,0.073619631901841,0.01840490797546,0.073619631901841,0.085889570552147,0.073619631901841,0.012269938650307,0.05521472392638,0.05521472392638,0.030674846625767,0.067484662576687,0.110429447852761,0.079754601226994,0.067484662576687,0.006134969325153,0.012269938650307,0.266666666666667,0.266666666666667,0.266666666666667,0.2,1,7,"RNCMPT00002,max,AGACGUA,RBD_v3_014856",1
"RNCMPT00002,max,AGACGUA,RBD_v3_117126",2,1,0.067484662576687,0.006134969325153,0.03680981595092,0.05521472392638,0.012269938650307,0.073619631901841,0.01840490797546,0.073619631901841,0.085889570552147,0.073619631901841,0.012269938650307,0.05521472392638,0.05521472392638,0.030674846625767,0.067484662576687,0.110429447852761,0.079754601226994,0.067484662576687,0.006134969325153,0.012269938650307,0.266666666666667,0.266666666666667,0.266666666666667,0.2,1,7,"RNCMPT00002,max,AGACGUA,RBD_v3_117126",1
"RNCMPT00002,max,AGACGUU,RBD_v3_078194",2,1,0.067484662576687,0.006134969325153,0.03680981595092,0.05521472392638,0.012269938650307,0.073619631901841,0.01840490797546,0.073619631901841,0.085889570552147,0.073619631901841,0.012269938650307,0.05521472392638,0.05521472392638,0.030674846625767,0.067484662576687,0.110429447852761,0.079754601226994,0.067484662576687,0.006134969325153,0.012269938650307,0.342857142857143,0.228571428571429,0.228571428571429,0.2,1,7,"RNCMPT00002,max,AGACGUU,RBD_v3_078194",1
"RNCMPT00002,min,AAUAGUG,RBD_v3_217751",2,0,0.067484662576687,0.006134969325153,0.03680981595092,0.05521472392638,0.012269938650307,0.073619631901841,0.01840490797546,0.073619631901841,0.085889570552147,0.073619631901841,0.012269938650307,0.05521472392638,0.05521472392638,0.030674846625767,0.067484662576687,0.110429447852761,0.079754601226994,0.067484662576687,0.006134969325153,0.012269938650307,0.342105263157895,0.184210526315789,0.289473684210526,0.184210526315789,15,21,"RNCMPT00002,min,AAUAGUG,RBD_v3_217751",1
"RNCMPT00002,min,AUAGUGA,RBD_v3_101399",2,0,0.067484662576687,0.006134969325153,0.03680981595092,0.05521472392638,0.012269938650307,0.073619631901841,0.01840490797546,0.073619631901841,0.085889570552147,0.073619631901841,0.012269938650307,0.05521472392638,0.05521472392638,0.030674846625767,0.067484662576687,0.110429447852761,0.079754601226994,0.067484662576687,0.006134969325153,0.012269938650307,0.31578947368421,0.236842105263158,0.31578947368421,0.131578947368421,3,9,"RNCMPT00002,min,AUAGUGA,RBD_v3_101399",0
"RNCMPT00002,min,CCCCCCC,RBD_v3_124269",2,0,0.067484662576687,0.006134969325153,0.03680981595092,0.05521472392638,0.012269938650307,0.073619631901841,0.01840490797546,0.073619631901841,0.085889570552147,0.073619631901841,0.012269938650307,0.05521472392638,0.05521472392638,0.030674846625767,0.067484662576687,0.110429447852761,0.079754601226994,0.067484662576687,0.006134969325153,0.012269938650307,0.171428571428571,0.4,0.257142857142857,0.171428571428571,19,25,"RNCMPT00002,min,CCCCCCC,RBD_v3_124269",0
"RNCMPT00003,max,GUGUUGU,RBD_v3_089401",3,1,0.122516556291391,0.014900662251656,0.044701986754967,0.031456953642384,0.041390728476821,0.05794701986755,0.014900662251656,0.041390728476821,0.056291390728477,0.087748344370861,0.028145695364238,0.094370860927152,0.052980132450331,0.056291390728477,0.021523178807947,0.099337748344371,0.061258278145695,0.056291390728477,0.003311258278146,0.013245033112583,0.102564102564102,0.153846153846154,0.307692307692308,0.435897435897436,21,27,"RNCMPT00003,max,GUGUUGU,RBD_v3_089401",0
"RNCMPT00003,max,UGUUUGU,RBD_v3_004498",3,1,0.122516556291391,0.014900662251656,0.044701986754967,0.031456953642384,0.041390728476821,0.05794701986755,0.014900662251656,0.041390728476821,0.056291390728477,0.087748344370861,0.028145695364238,0.094370860927152,0.052980132450331,0.056291390728477,0.021523178807947,0.099337748344371,0.061258278145695,0.056291390728477,0.003311258278146,0.013245033112583,0.153846153846154,0.153846153846154,0.282051282051282,0.41025641025641,25,31,"RNCMPT00003,max,UGUUUGU,RBD_v3_004498",1
"RNCMPT00003,max,UGUUUGU,RBD_v3_048536",3,1,0.122516556291391,0.014900662251656,0.044701986754967,0.031456953642384,0.041390728476821,0.05794701986755,0.014900662251656,0.041390728476821,0.056291390728477,0.087748344370861,0.028145695364238,0.094370860927152,0.052980132450331,0.056291390728477,0.021523178807947,0.099337748344371,0.061258278145695,0.056291390728477,0.003311258278146,0.013245033112583,0.131578947368421,0.157894736842105,0.289473684210526,0.421052631578947,20,26,"RNCMPT00003,max,UGUUUGU,RBD_v3_048536",1
"RNCMPT00003,min,AGAGUCG,RBD_v3_058127",3,0,0.122516556291391,0.014900662251656,0.044701986754967,0.031456953642384,0.041390728476821,0.05794701986755,0.014900662251656,0.041390728476821,0.056291390728477,0.087748344370861,0.028145695364238,0.094370860927152,0.052980132450331,0.056291390728477,0.021523178807947,0.099337748344371,0.061258278145695,0.056291390728477,0.003311258278146,0.013245033112583,0.166666666666667,0.333333333333333,0.333333333333333,0.166666666666667,1,7,"RNCMPT00003,min,AGAGUCG,RBD_v3_058127",1
"RNCMPT00003,min,AGAGUCG,RBD_v3_190750",3,0,0.122516556291391,0.014900662251656,0.044701986754967,0.031456953642384,0.041390728476821,0.05794701986755,0.014900662251656,0.041390728476821,0.056291390728477,0.087748344370861,0.028145695364238,0.094370860927152,0.052980132450331,0.056291390728477,0.021523178807947,0.099337748344371,0.061258278145695,0.056291390728477,0.003311258278146,0.013245033112583,0.263157894736842,0.289473684210526,0.184210526315789,0.263157894736842,1,7,"RNCMPT00003,min,AGAGUCG,RBD_v3_190750",1
"RNCMPT00004,max,GUGUUUG,RBD_v3_157511",10,1,0.133056133056133,0.012474012474012,0.035343035343035,0.03950103950104,0.047817047817048,0.093555093555094,0.018711018711019,0.03950103950104,0.041580041580042,0.070686070686071,0.04989604989605,0.045738045738046,0.091476091476091,0.085239085239085,0.035343035343035,0.066528066528067,0.037422037422037,0.029106029106029,0,0.027027027027027,0.257142857142857,0.142857142857143,0.257142857142857,0.342857142857143,5,11,"RNCMPT00004,max,GUGUUUG,RBD_v3_157511",1
"RNCMPT00004,max,GUGUUUG,RBD_v3_220170",10,1,0.133056133056133,0.012474012474012,0.035343035343035,0.03950103950104,0.047817047817048,0.093555093555094,0.018711018711019,0.03950103950104,0.041580041580042,0.070686070686071,0.04989604989605,0.045738045738046,0.091476091476091,0.085239085239085,0.035343035343035,0.066528066528067,0.037422037422037,0.029106029106029,0,0.027027027027027,0.257142857142857,0.171428571428571,0.257142857142857,0.314285714285714,6,12,"RNCMPT00004,max,GUGUUUG,RBD_v3_220170",1
"RNCMPT00004,max,UUUGUGG,RBD_v3_143968",10,1,0.133056133056133,0.012474012474012,0.035343035343035,0.03950103950104,0.047817047817048,0.093555093555094,0.018711018711019,0.03950103950104,0.041580041580042,0.070686070686071,0.04989604989605,0.045738045738046,0.091476091476091,0.085239085239085,0.035343035343035,0.066528066528067,0.037422037422037,0.029106029106029,0,0.027027027027027,0.128205128205128,0.153846153846154,0.307692307692308,0.41025641025641,6,12,"RNCMPT00004,max,UUUGUGG,RBD_v3_143968",1
"RNCMPT00004,min,GACUCAC,RBD_v3_032276",10,0,0.133056133056133,0.012474012474012,0.035343035343035,0.03950103950104,0.047817047817048,0.093555093555094,0.018711018711019,0.03950103950104,0.041580041580042,0.070686070686071,0.04989604989605,0.045738045738046,0.091476091476091,0.085239085239085,0.035343035343035,0.066528066528067,0.037422037422037,0.029106029106029,0,0.027027027027027,0.263157894736842,0.342105263157895,0.289473684210526,0.105263157894737,3,9,"RNCMPT00004,min,GACUCAC,RBD_v3_032276",1
"RNCMPT00004,min,GACUCAC,RBD_v3_086033",10,0,0.133056133056133,0.012474012474012,0.035343035343035,0.03950103950104,0.047817047817048,0.093555093555094,0.018711018711019,0.03950103950104,0.041580041580042,0.070686070686071,0.04989604989605,0.045738045738046,0.091476091476091,0.085239085239085,0.035343035343035,0.066528066528067,0.037422037422037,0.029106029106029,0,0.027027027027027,0.228571428571429,0.342857142857143,0.257142857142857,0.171428571428571,24,30,"RNCMPT00004,min,GACUCAC,RBD_v3_086033",1
"RNCMPT00004,min,GACUCAC,RBD_v3_169556",10,0,0.133056133056133,0.012474012474012,0.035343035343035,0.03950103950104,0.047817047817048,0.093555093555094,0.018711018711019,0.03950103950104,0.041580041580042,0.070686070686071,0.04989604989605,0.045738045738046,0.091476091476091,0.085239085239085,0.035343035343035,0.066528066528067,0.037422037422037,0.029106029106029,0,0.027027027027027,0.266666666666667,0.333333333333333,0.266666666666667,0.133333333333333,2,8,"RNCMPT00004,min,GACUCAC,RBD_v3_169556",0
"RNCMPT00005,max,UUUUUUC,RBD_v3_008256",170,1,0.076363636363636,0.010909090909091,0.043636363636364,0.061818181818182,0.050909090909091,0.043636363636364,0.018181818181818,0.050909090909091,0.065454545454545,0.069090909090909,0.032727272727273,0.065454545454545,0.047272727272727,0.050909090909091,0.047272727272727,0.090909090909091,0.072727272727273,0.061818181818182,0.014545454545455,0.025454545454545,0.263157894736842,0.236842105263158,0.184210526315789,0.31578947368421,13,19,"RNCMPT00005,max,UUUUUUC,RBD_v3_008256",0
"RNCMPT00005,max,UUUUUUU,RBD_v3_029559",170,1,0.076363636363636,0.010909090909091,0.043636363636364,0.061818181818182,0.050909090909091,0.043636363636364,0.018181818181818,0.050909090909091,0.065454545454545,0.069090909090909,0.032727272727273,0.065454545454545,0.047272727272727,0.050909090909091,0.047272727272727,0.090909090909091,0.072727272727273,0.061818181818182,0.014545454545455,0.025454545454545,0.184210526315789,0.184210526315789,0.236842105263158,0.394736842105263,30,36,"RNCMPT00005,max,UUUUUUU,RBD_v3_029559",0
"RNCMPT00005,max,UUUUUUU,RBD_v3_152636",170,1,0.076363636363636,0.010909090909091,0.043636363636364,0.061818181818182,0.050909090909091,0.043636363636364,0.018181818181818,0.050909090909091,0.065454545454545,0.069090909090909,0.032727272727273,0.065454545454545,0.047272727272727,0.050909090909091,0.047272727272727,0.090909090909091,0.072727272727273,0.061818181818182,0.014545454545455,0.025454545454545,0.210526315789474,0.184210526315789,0.236842105263158,0.368421052631579,30,36,"RNCMPT00005,max,UUUUUUU,RBD_v3_152636",1
"RNCMPT00005,min,AGUGAGA,RBD_v3_101399",170,0,0.076363636363636,0.010909090909091,0.043636363636364,0.061818181818182,0.050909090909091,0.043636363636364,0.018181818181818,0.050909090909091,0.065454545454545,0.069090909090909,0.032727272727273,0.065454545454545,0.047272727272727,0.050909090909091,0.047272727272727,0.090909090909091,0.072727272727273,0.061818181818182,0.014545454545455,0.025454545454545,0.31578947368421,0.236842105263158,0.31578947368421,0.131578947368421,5,11,"RNCMPT00005,min,AGUGAGA,RBD_v3_101399",0
"RNCMPT00005,min,AGUGAGA,RBD_v3_138028",170,0,0.076363636363636,0.010909090909091,0.043636363636364,0.061818181818182,0.050909090909091,0.043636363636364,0.018181818181818,0.050909090909091,0.065454545454545,0.069090909090909,0.032727272727273,0.065454545454545,0.047272727272727,0.050909090909091,0.047272727272727,0.090909090909091,0.072727272727273,0.061818181818182,0.014545454545455,0.025454545454545,0.314285714285714,0.314285714285714,0.285714285714286,0.085714285714286,3,9,"RNCMPT00005,min,AGUGAGA,RBD_v3_138028",1
"RNCMPT00005,min,AGUGAGA,RBD_v3_229715",170,0,0.076363636363636,0.010909090909091,0.043636363636364,0.061818181818182,0.050909090909091,0.043636363636364,0.018181818181818,0.050909090909091,0.065454545454545,0.069090909090909,0.032727272727273,0.065454545454545,0.047272727272727,0.050909090909091,0.047272727272727,0.090909090909091,0.072727272727273,0.061818181818182,0.014545454545455,0.025454545454545,0.266666666666667,0.233333333333333,0.4,0.1,21,27,"RNCMPT00005,min,AGUGAGA,RBD_v3_229715",1
"RNCMPT00006,max,ACAGAUG,RBD_v3_023883",14,1,0.072625698324022,0.022346368715084,0.022346368715084,0.033519553072626,0.039106145251397,0.06145251396648,0.011173184357542,0.067039106145251,0.06145251396648,0.067039106145251,0.044692737430168,0.044692737430168,0.072625698324022,0.039106145251397,0.083798882681564,0.067039106145251,0.055865921787709,0.072625698324022,0.011173184357542,0.050279329608939,0.314285714285714,0.2,0.285714285714286,0.2,13,19,"RNCMPT00006,max,ACAGAUG,RBD_v3_023883",0
"RNCMPT00006,max,ACAGAUG,RBD_v3_158046",14,1,0.072625698324022,0.022346368715084,0.022346368715084,0.033519553072626,0.039106145251397,0.06145251396648,0.011173184357542,0.067039106145251,0.06145251396648,0.067039106145251,0.044692737430168,0.044692737430168,0.072625698324022,0.039106145251397,0.083798882681564,0.067039106145251,0.055865921787709,0.072625698324022,0.011173184357542,0.050279329608939,0.368421052631579,0.236842105263158,0.31578947368421,0.078947368421053,7,13,"RNCMPT00006,max,ACAGAUG,RBD_v3_158046",0
"RNCMPT00006,max,CAGAGCC,RBD_v3_222190",14,1,0.072625698324022,0.022346368715084,0.022346368715084,0.033519553072626,0.039106145251397,0.06145251396648,0.011173184357542,0.067039106145251,0.06145251396648,0.067039106145251,0.044692737430168,0.044692737430168,0.072625698324022,0.039106145251397,0.083798882681564,0.067039106145251,0.055865921787709,0.072625698324022,0.011173184357542,0.050279329608939,0.394736842105263,0.236842105263158,0.289473684210526,0.078947368421053,8,14,"RNCMPT00006,max,CAGAGCC,RBD_v3_222190",1
"RNCMPT00006,min,UUUUUUC,RBD_v3_127040",14,0,0.072625698324022,0.022346368715084,0.022346368715084,0.033519553072626,0.039106145251397,0.06145251396648,0.011173184357542,0.067039106145251,0.06145251396648,0.067039106145251,0.044692737430168,0.044692737430168,0.072625698324022,0.039106145251397,0.083798882681564,0.067039106145251,0.055865921787709,0.072625698324022,0.011173184357542,0.050279329608939,0.131578947368421,0.289473684210526,0.184210526315789,0.394736842105263,27,33,"RNCMPT00006,min,UUUUUUC,RBD_v3_127040",1
"RNCMPT00006,min,UUUUUUC,RBD_v3_205335",14,0,0.072625698324022,0.022346368715084,0.022346368715084,0.033519553072626,0.039106145251397,0.06145251396648,0.011173184357542,0.067039106145251,0.06145251396648,0.067039106145251,0.044692737430168,0.044692737430168,0.072625698324022,0.039106145251397,0.083798882681564,0.067039106145251,0.055865921787709,0.072625698324022,0.011173184357542,0.050279329608939,0.263157894736842,0.210526315789474,0.184210526315789,0.342105263157895,11,17,"RNCMPT00006,min,UUUUUUC,RBD_v3_205335",1
"RNCMPT00006,min,UUUUUUU,RBD_v3_145790",14,0,0.072625698324022,0.022346368715084,0.022346368715084,0.033519553072626,0.039106145251397,0.06145251396648,0.011173184357542,0.067039106145251,0.06145251396648,0.067039106145251,0.044692737430168,0.044692737430168,0.072625698324022,0.039106145251397,0.083798882681564,0.067039106145251,0.055865921787709,0.072625698324022,0.011173184357542,0.050279329608939,0.133333333333333,0.1,0.3,0.466666666666667,24,30,"RNCMPT00006,min,UUUUUUU,RBD_v3_145790",1
"RNCMPT00007,max,CCAACGA,RBD_v3_096103",17,1,0.128048780487805,0.01219512195122,0.036585365853659,0.054878048780488,0.01219512195122,0.073170731707317,0.01219512195122,0.073170731707317,0.060975609756098,0.054878048780488,0.024390243902439,0.054878048780488,0.073170731707317,0.042682926829268,0.067073170731707,0.091463414634146,0.048780487804878,0.067073170731707,0,0.01219512195122,0.289473684210526,0.368421052631579,0.157894736842105,0.184210526315789,12,18,"RNCMPT00007,max,CCAACGA,RBD_v3_096103",1
"RNCMPT00007,max,CCAACGA,RBD_v3_162909",17,1,0.128048780487805,0.01219512195122,0.036585365853659,0.054878048780488,0.01219512195122,0.073170731707317,0.01219512195122,0.073170731707317,0.060975609756098,0.054878048780488,0.024390243902439,0.054878048780488,0.073170731707317,0.042682926829268,0.067073170731707,0.091463414634146,0.048780487804878,0.067073170731707,0,0.01219512195122,0.263157894736842,0.289473684210526,0.263157894736842,0.184210526315789,15,21,"RNCMPT00007,max,CCAACGA,RBD_v3_162909",1
"RNCMPT00007,max,UCAACGA,RBD_v3_194234",17,1,0.128048780487805,0.01219512195122,0.036585365853659,0.054878048780488,0.01219512195122,0.073170731707317,0.01219512195122,0.073170731707317,0.060975609756098,0.054878048780488,0.024390243902439,0.054878048780488,0.073170731707317,0.042682926829268,0.067073170731707,0.091463414634146,0.048780487804878,0.067073170731707,0,0.01219512195122,0.31578947368421,0.210526315789474,0.31578947368421,0.157894736842105,18,24,"RNCMPT00007,max,UCAACGA,RBD_v3_194234",1
"RNCMPT00007,min,AGUCGUU,RBD_v3_213756",17,0,0.128048780487805,0.01219512195122,0.036585365853659,0.054878048780488,0.01219512195122,0.073170731707317,0.01219512195122,0.073170731707317,0.060975609756098,0.054878048780488,0.024390243902439,0.054878048780488,0.073170731707317,0.042682926829268,0.067073170731707,0.091463414634146,0.048780487804878,0.067073170731707,0,0.01219512195122,0.414634146341463,0.073170731707317,0.317073170731707,0.195121951219512,8,14,"RNCMPT00007,min,AGUCGUU,RBD_v3_213756",1
"RNCMPT00007,min,GAGUCGU,RBD_v3_175671",17,0,0.128048780487805,0.01219512195122,0.036585365853659,0.054878048780488,0.01219512195122,0.073170731707317,0.01219512195122,0.073170731707317,0.060975609756098,0.054878048780488,0.024390243902439,0.054878048780488,0.073170731707317,0.042682926829268,0.067073170731707,0.091463414634146,0.048780487804878,0.067073170731707,0,0.01219512195122,0.333333333333333,0.166666666666667,0.3,0.2,19,25,"RNCMPT00007,min,GAGUCGU,RBD_v3_175671",1
"RNCMPT00007,min,UCGUCGU,RBD_v3_019417",17,0,0.128048780487805,0.01219512195122,0.036585365853659,0.054878048780488,0.01219512195122,0.073170731707317,0.01219512195122,0.073170731707317,0.060975609756098,0.054878048780488,0.024390243902439,0.054878048780488,0.073170731707317,0.042682926829268,0.067073170731707,0.091463414634146,0.048780487804878,0.067073170731707,0,0.01219512195122,0.184210526315789,0.31578947368421,0.236842105263158,0.263157894736842,19,25,"RNCMPT00007,min,UCGUCGU,RBD_v3_019417",1
"RNCMPT00008,max,AACACAU,RBD_v3_021520",22,1,0.062146892655367,0.016949152542373,0.045197740112994,0.062146892655367,0.033898305084746,0.056497175141243,0.03954802259887,0.050847457627119,0.101694915254237,0.067796610169492,0.028248587570621,0.056497175141243,0.050847457627119,0.067796610169492,0.045197740112994,0.056497175141243,0.045197740112994,0.067796610169492,0,0.045197740112994,0.342105263157895,0.236842105263158,0.210526315789474,0.210526315789474,6,12,"RNCMPT00008,max,AACACAU,RBD_v3_021520",1
"RNCMPT00008,max,AACACAU,RBD_v3_036856",22,1,0.062146892655367,0.016949152542373,0.045197740112994,0.062146892655367,0.033898305084746,0.056497175141243,0.03954802259887,0.050847457627119,0.101694915254237,0.067796610169492,0.028248587570621,0.056497175141243,0.050847457627119,0.067796610169492,0.045197740112994,0.056497175141243,0.045197740112994,0.067796610169492,0,0.045197740112994,0.257142857142857,0.285714285714286,0.257142857142857,0.2,4,10,"RNCMPT00008,max,AACACAU,RBD_v3_036856",1
"RNCMPT00008,max,ACACAUA,RBD_v3_159752",22,1,0.062146892655367,0.016949152542373,0.045197740112994,0.062146892655367,0.033898305084746,0.056497175141243,0.03954802259887,0.050847457627119,0.101694915254237,0.067796610169492,0.028248587570621,0.056497175141243,0.050847457627119,0.067796610169492,0.045197740112994,0.056497175141243,0.045197740112994,0.067796610169492,0,0.045197740112994,0.31578947368421,0.157894736842105,0.289473684210526,0.236842105263158,18,24,"RNCMPT00008,max,ACACAUA,RBD_v3_159752",1
"RNCMPT00008,min,AGGGGGG,RBD_v3_080401",22,0,0.062146892655367,0.016949152542373,0.045197740112994,0.062146892655367,0.033898305084746,0.056497175141243,0.03954802259887,0.050847457627119,0.101694915254237,0.067796610169492,0.028248587570621,0.056497175141243,0.050847457627119,0.067796610169492,0.045197740112994,0.056497175141243,0.045197740112994,0.067796610169492,0,0.045197740112994,0.236842105263158,0.131578947368421,0.473684210526316,0.157894736842105,5,11,"RNCMPT00008,min,AGGGGGG,RBD_v3_080401",1
"RNCMPT00008,min,AGGGGGG,RBD_v3_233807",22,0,0.062146892655367,0.016949152542373,0.045197740112994,0.062146892655367,0.033898305084746,0.056497175141243,0.03954802259887,0.050847457627119,0.101694915254237,0.067796610169492,0.028248587570621,0.056497175141243,0.050847457627119,0.067796610169492,0.045197740112994,0.056497175141243,0.045197740112994,0.067796610169492,0,0.045197740112994,0.210526315789474,0.157894736842105,0.368421052631579,0.263157894736842,1,7,"RNCMPT00008,min,AGGGGGG,RBD_v3_233807",1
"RNCMPT00008,min,AGGGGGG,RBD_v3_235519",22,0,0.062146892655367,0.016949152542373,0.045197740112994,0.062146892655367,0.033898305084746,0.056497175141243,0.03954802259887,0.050847457627119,0.101694915254237,0.067796610169492,0.028248587570621,0.056497175141243,0.050847457627119,0.067796610169492,0.045197740112994,0.056497175141243,0.045197740112994,0.067796610169492,0,0.045197740112994,0.31578947368421,0.131578947368421,0.421052631578947,0.131578947368421,1,7,"RNCMPT00008,min,AGGGGGG,RBD_v3_235519",1
"RNCMPT00009,max,CGGCGUG,RBD_v3_235806",18,1,0.077777777777778,0.011111111111111,0.011111111111111,0.066666666666667,0.066666666666667,0.1,0.033333333333333,0.055555555555556,0.077777777777778,0.066666666666667,0.011111111111111,0.066666666666667,0.011111111111111,0.033333333333333,0.055555555555556,0.066666666666667,0.044444444444444,0.1,0.011111111111111,0.033333333333333,0.1,0.266666666666667,0.433333333333333,0.2,17,23,"RNCMPT00009,max,CGGCGUG,RBD_v3_235806",0
"RNCMPT00009,max,CGUGGCG,RBD_v3_130938",18,1,0.077777777777778,0.011111111111111,0.011111111111111,0.066666666666667,0.066666666666667,0.1,0.033333333333333,0.055555555555556,0.077777777777778,0.066666666666667,0.011111111111111,0.066666666666667,0.011111111111111,0.033333333333333,0.055555555555556,0.066666666666667,0.044444444444444,0.1,0.011111111111111,0.033333333333333,0.166666666666667,0.2,0.466666666666667,0.166666666666667,23,29,"RNCMPT00009,max,CGUGGCG,RBD_v3_130938",0
"RNCMPT00009,max,CGUGGCG,RBD_v3_229791",18,1,0.077777777777778,0.011111111111111,0.011111111111111,0.066666666666667,0.066666666666667,0.1,0.033333333333333,0.055555555555556,0.077777777777778,0.066666666666667,0.011111111111111,0.066666666666667,0.011111111111111,0.033333333333333,0.055555555555556,0.066666666666667,0.044444444444444,0.1,0.011111111111111,0.033333333333333,0.133333333333333,0.266666666666667,0.4,0.2,23,29,"RNCMPT00009,max,CGUGGCG,RBD_v3_229791",0
"RNCMPT00009,min,CACCCAC,RBD_v3_058855",18,0,0.077777777777778,0.011111111111111,0.011111111111111,0.066666666666667,0.066666666666667,0.1,0.033333333333333,0.055555555555556,0.077777777777778,0.066666666666667,0.011111111111111,0.066666666666667,0.011111111111111,0.033333333333333,0.055555555555556,0.066666666666667,0.044444444444444,0.1,0.011111111111111,0.033333333333333,0.285714285714286,0.314285714285714,0.228571428571429,0.171428571428571,4,10,"RNCMPT00009,min,CACCCAC,RBD_v3_058855",0
"RNCMPT00009,min,GGGGGGG,RBD_v3_036931",18,0,0.077777777777778,0.011111111111111,0.011111111111111,0.066666666666667,0.066666666666667,0.1,0.033333333333333,0.055555555555556,0.077777777777778,0.066666666666667,0.011111111111111,0.066666666666667,0.011111111111111,0.033333333333333,0.055555555555556,0.066666666666667,0.044444444444444,0.1,0.011111111111111,0.033333333333333,0.314285714285714,0.114285714285714,0.428571428571429,0.142857142857143,12,18,"RNCMPT00009,min,GGGGGGG,RBD_v3_036931",0
"RNCMPT00009,min,GGGGGGG,RBD_v3_193991",18,0,0.077777777777778,0.011111111111111,0.011111111111111,0.066666666666667,0.066666666666667,0.1,0.033333333333333,0.055555555555556,0.077777777777778,0.066666666666667,0.011111111111111,0.066666666666667,0.011111111111111,0.033333333333333,0.055555555555556,0.066666666666667,0.044444444444444,0.1,0.011111111111111,0.033333333333333,0.236842105263158,0.105263157894737,0.447368421052632,0.210526315789474,2,8,"RNCMPT00009,min,GGGGGGG,RBD_v3_193991",0
"RNCMPT00010,max,AUACUUU,RBD_v3_066475",19,1,0.052631578947368,0.012145748987854,0.040485829959514,0.064777327935223,0.040485829959514,0.068825910931174,0.020242914979757,0.032388663967611,0.080971659919028,0.068825910931174,0.032388663967611,0.040485829959514,0.05668016194332,0.020242914979757,0.101214574898785,0.093117408906883,0.052631578947368,0.064777327935223,0.004048582995951,0.052631578947368,0.289473684210526,0.236842105263158,0.236842105263158,0.236842105263158,4,10,"RNCMPT00010,max,AUACUUU,RBD_v3_066475",1
"RNCMPT00010,max,UACUUUA,RBD_v3_011511",19,1,0.052631578947368,0.012145748987854,0.040485829959514,0.064777327935223,0.040485829959514,0.068825910931174,0.020242914979757,0.032388663967611,0.080971659919028,0.068825910931174,0.032388663967611,0.040485829959514,0.05668016194332,0.020242914979757,0.101214574898785,0.093117408906883,0.052631578947368,0.064777327935223,0.004048582995951,0.052631578947368,0.184210526315789,0.31578947368421,0.210526315789474,0.289473684210526,26,32,"RNCMPT00010,max,UACUUUA,RBD_v3_011511",1
"RNCMPT00010,max,UACUUUA,RBD_v3_206289",19,1,0.052631578947368,0.012145748987854,0.040485829959514,0.064777327935223,0.040485829959514,0.068825910931174,0.020242914979757,0.032388663967611,0.080971659919028,0.068825910931174,0.032388663967611,0.040485829959514,0.05668016194332,0.020242914979757,0.101214574898785,0.093117408906883,0.052631578947368,0.064777327935223,0.004048582995951,0.052631578947368,0.289473684210526,0.263157894736842,0.184210526315789,0.263157894736842,6,12,"RNCMPT00010,max,UACUUUA,RBD_v3_206289",0
"RNCMPT00010,min,CCCCCCC,RBD_v3_012123",19,0,0.052631578947368,0.012145748987854,0.040485829959514,0.064777327935223,0.040485829959514,0.068825910931174,0.020242914979757,0.032388663967611,0.080971659919028,0.068825910931174,0.032388663967611,0.040485829959514,0.05668016194332,0.020242914979757,0.101214574898785,0.093117408906883,0.052631578947368,0.064777327935223,0.004048582995951,0.052631578947368,0.257142857142857,0.457142857142857,0.142857142857143,0.142857142857143,27,33,"RNCMPT00010,min,CCCCCCC,RBD_v3_012123",1
"RNCMPT00010,min,GGGGGGG,RBD_v3_027318",19,0,0.052631578947368,0.012145748987854,0.040485829959514,0.064777327935223,0.040485829959514,0.068825910931174,0.020242914979757,0.032388663967611,0.080971659919028,0.068825910931174,0.032388663967611,0.040485829959514,0.05668016194332,0.020242914979757,0.101214574898785,0.093117408906883,0.052631578947368,0.064777327935223,0.004048582995951,0.052631578947368,0.236842105263158,0.263157894736842,0.447368421052632,0.052631578947368,13,19,"RNCMPT00010,min,GGGGGGG,RBD_v3_027318",0
"RNCMPT00010,min,GGGGGGG,RBD_v3_098031",19,0,0.052631578947368,0.012145748987854,0.040485829959514,0.064777327935223,0.040485829959514,0.068825910931174,0.020242914979757,0.032388663967611,0.080971659919028,0.068825910931174,0.032388663967611,0.040485829959514,0.05668016194332,0.020242914979757,0.101214574898785,0.093117408906883,0.052631578947368,0.064777327935223,0.004048582995951,0.052631578947368,0.263157894736842,0.052631578947368,0.526315789473684,0.157894736842105,14,20,"RNCMPT00010,min,GGGGGGG,RBD_v3_098031",0
"RNCMPT00011,max,UGUGUGU,RBD_v3_045407",93,1,0.079861111111111,0.010416666666667,0.052083333333333,0.078125,0.024305555555556,0.053819444444444,0.017361111111111,0.0625,0.065972222222222,0.085069444444444,0.024305555555556,0.052083333333333,0.055555555555556,0.046875,0.052083333333333,0.086805555555556,0.057291666666667,0.0625,0.006944444444444,0.026041666666667,0.105263157894737,0.157894736842105,0.342105263157895,0.394736842105263,9,15,"RNCMPT00011,max,UGUGUGU,RBD_v3_045407",1
"RNCMPT00011,max,UGUUUGU,RBD_v3_048536",93,1,0.079861111111111,0.010416666666667,0.052083333333333,0.078125,0.024305555555556,0.053819444444444,0.017361111111111,0.0625,0.065972222222222,0.085069444444444,0.024305555555556,0.052083333333333,0.055555555555556,0.046875,0.052083333333333,0.086805555555556,0.057291666666667,0.0625,0.006944444444444,0.026041666666667,0.131578947368421,0.157894736842105,0.289473684210526,0.421052631578947,20,26,"RNCMPT00011,max,UGUUUGU,RBD_v3_048536",0
"RNCMPT00011,min,GAGUCGU,RBD_v3_193537",93,0,0.079861111111111,0.010416666666667,0.052083333333333,0.078125,0.024305555555556,0.053819444444444,0.017361111111111,0.0625,0.065972222222222,0.085069444444444,0.024305555555556,0.052083333333333,0.055555555555556,0.046875,0.052083333333333,0.086805555555556,0.057291666666667,0.0625,0.006944444444444,0.026041666666667,0.285714285714286,0.142857142857143,0.371428571428571,0.2,28,34,"RNCMPT00011,min,GAGUCGU,RBD_v3_193537",0
"RNCMPT00011,min,GAGUCGU,RBD_v3_210386",93,0,0.079861111111111,0.010416666666667,0.052083333333333,0.078125,0.024305555555556,0.053819444444444,0.017361111111111,0.0625,0.065972222222222,0.085069444444444,0.024305555555556,0.052083333333333,0.055555555555556,0.046875,0.052083333333333,0.086805555555556,0.057291666666667,0.0625,0.006944444444444,0.026041666666667,0.236842105263158,0.263157894736842,0.31578947368421,0.184210526315789,14,20,"RNCMPT00011,min,GAGUCGU,RBD_v3_210386",0
"RNCMPT00011,min,GAGUCGU,RBD_v3_210666",93,0,0.079861111111111,0.010416666666667,0.052083333333333,0.078125,0.024305555555556,0.053819444444444,0.017361111111111,0.0625,0.065972222222222,0.085069444444444,0.024305555555556,0.052083333333333,0.055555555555556,0.046875,0.052083333333333,0.086805555555556,0.057291666666667,0.0625,0.006944444444444,0.026041666666667,0.342105263157895,0.210526315789474,0.31578947368421,0.131578947368421,21,27,"RNCMPT00011,min,GAGUCGU,RBD_v3_210666",0
"RNCMPT00012,max,CUUUUUU,RBD_v3_029559",23,1,0.062271062271062,0.036630036630037,0.087912087912088,0.051282051282051,0.058608058608059,0.080586080586081,0.014652014652015,0.051282051282051,0.047619047619048,0.084249084249084,0.018315018315018,0.021978021978022,0.06959706959707,0.047619047619048,0.054945054945055,0.06959706959707,0.021978021978022,0.073260073260073,0.007326007326007,0.04029304029304,0.184210526315789,0.184210526315789,0.236842105263158,0.394736842105263,29,35,"RNCMPT00012,max,CUUUUUU,RBD_v3_029559",1
"RNCMPT00012,max,UUUUUUU,RBD_v3_037447",23,1,0.062271062271062,0.036630036630037,0.087912087912088,0.051282051282051,0.058608058608059,0.080586080586081,0.014652014652015,0.051282051282051,0.047619047619048,0.084249084249084,0.018315018315018,0.021978021978022,0.06959706959707,0.047619047619048,0.054945054945055,0.06959706959707,0.021978021978022,0.073260073260073,0.007326007326007,0.04029304029304,0.2,0.314285714285714,0.2,0.285714285714286,24,30,"RNCMPT00012,max,UUUUUUU,RBD_v3_037447",1
"RNCMPT00012,max,UUUUUUU,RBD_v3_159452",23,1,0.062271062271062,0.036630036630037,0.087912087912088,0.051282051282051,0.058608058608059,0.080586080586081,0.014652014652015,0.051282051282051,0.047619047619048,0.084249084249084,0.018315018315018,0.021978021978022,0.06959706959707,0.047619047619048,0.054945054945055,0.06959706959707,0.021978021978022,0.073260073260073,0.007326007326007,0.04029304029304,0.210526315789474,0.184210526315789,0.236842105263158,0.368421052631579,31,37,"RNCMPT00012,max,UUUUUUU,RBD_v3_159452",1
"RNCMPT00012,min,AAGUGGG,RBD_v3_165394",23,0,0.062271062271062,0.036630036630037,0.087912087912088,0.051282051282051,0.058608058608059,0.080586080586081,0.014652014652015,0.051282051282051,0.047619047619048,0.084249084249084,0.018315018315018,0.021978021978022,0.06959706959707,0.047619047619048,0.054945054945055,0.06959706959707,0.021978021978022,0.073260073260073,0.007326007326007,0.04029304029304,0.31578947368421,0.210526315789474,0.184210526315789,0.289473684210526,4,10,"RNCMPT00012,min,AAGUGGG,RBD_v3_165394",1
"RNCMPT00012,min,GGGAGUG,RBD_v3_126397",23,0,0.062271062271062,0.036630036630037,0.087912087912088,0.051282051282051,0.058608058608059,0.080586080586081,0.014652014652015,0.051282051282051,0.047619047619048,0.084249084249084,0.018315018315018,0.021978021978022,0.06959706959707,0.047619047619048,0.054945054945055,0.06959706959707,0.021978021978022,0.073260073260073,0.007326007326007,0.04029304029304,0.31578947368421,0.157894736842105,0.394736842105263,0.131578947368421,30,36,"RNCMPT00012,min,GGGAGUG,RBD_v3_126397",1
"RNCMPT00012,min,GGGAGUG,RBD_v3_176967",23,0,0.062271062271062,0.036630036630037,0.087912087912088,0.051282051282051,0.058608058608059,0.080586080586081,0.014652014652015,0.051282051282051,0.047619047619048,0.084249084249084,0.018315018315018,0.021978021978022,0.06959706959707,0.047619047619048,0.054945054945055,0.06959706959707,0.021978021978022,0.073260073260073,0.007326007326007,0.04029304029304,0.314285714285714,0.114285714285714,0.371428571428571,0.2,23,29,"RNCMPT00012,min,GGGAGUG,RBD_v3_176967",1
"RNCMPT00013,max,UAGAUAG,RBD_v3_063948",26,1,0.066137566137566,0.013227513227513,0.044973544973545,0.037037037037037,0.055555555555556,0.124338624338624,0.013227513227513,0.026455026455026,0.047619047619048,0.026455026455026,0.023809523809524,0.029100529100529,0.166666666666667,0.060846560846561,0.042328042328042,0.063492063492063,0.044973544973545,0.063492063492063,0.015873015873016,0.034391534391534,0.263157894736842,0.210526315789474,0.289473684210526,0.236842105263158,23,29,"RNCMPT00013,max,UAGAUAG,RBD_v3_063948",0
"RNCMPT00013,max,UAGGAUA,RBD_v3_171852",26,1,0.066137566137566,0.013227513227513,0.044973544973545,0.037037037037037,0.055555555555556,0.124338624338624,0.013227513227513,0.026455026455026,0.047619047619048,0.026455026455026,0.023809523809524,0.029100529100529,0.166666666666667,0.060846560846561,0.042328042328042,0.063492063492063,0.044973544973545,0.063492063492063,0.015873015873016,0.034391534391534,0.314285714285714,0.142857142857143,0.257142857142857,0.285714285714286,21,27,"RNCMPT00013,max,UAGGAUA,RBD_v3_171852",0
"RNCMPT00013,max,UAGGAUA,RBD_v3_230955",26,1,0.066137566137566,0.013227513227513,0.044973544973545,0.037037037037037,0.055555555555556,0.124338624338624,0.013227513227513,0.026455026455026,0.047619047619048,0.026455026455026,0.023809523809524,0.029100529100529,0.166666666666667,0.060846560846561,0.042328042328042,0.063492063492063,0.044973544973545,0.063492063492063,0.015873015873016,0.034391534391534,0.3,0.1,0.266666666666667,0.333333333333333,23,29,"RNCMPT00013,max,UAGGAUA,RBD_v3_230955",0
"RNCMPT00013,min,CUCAUCC,RBD_v3_095596",26,0,0.066137566137566,0.013227513227513,0.044973544973545,0.037037037037037,0.055555555555556,0.124338624338624,0.013227513227513,0.026455026455026,0.047619047619048,0.026455026455026,0.023809523809524,0.029100529100529,0.166666666666667,0.060846560846561,0.042328042328042,0.063492063492063,0.044973544973545,0.063492063492063,0.015873015873016,0.034391534391534,0.236842105263158,0.342105263157895,0.184210526315789,0.236842105263158,4,10,"RNCMPT00013,min,CUCAUCC,RBD_v3_095596",1
"RNCMPT00013,min,CUCAUCC,RBD_v3_143206",26,0,0.066137566137566,0.013227513227513,0.044973544973545,0.037037037037037,0.055555555555556,0.124338624338624,0.013227513227513,0.026455026455026,0.047619047619048,0.026455026455026,0.023809523809524,0.029100529100529,0.166666666666667,0.060846560846561,0.042328042328042,0.063492063492063,0.044973544973545,0.063492063492063,0.015873015873016,0.034391534391534,0.131578947368421,0.289473684210526,0.236842105263158,0.342105263157895,12,18,"RNCMPT00013,min,CUCAUCC,RBD_v3_143206",0
"RNCMPT00013,min,UGUCUGU,RBD_v3_136349",26,0,0.066137566137566,0.013227513227513,0.044973544973545,0.037037037037037,0.055555555555556,0.124338624338624,0.013227513227513,0.026455026455026,0.047619047619048,0.026455026455026,0.023809523809524,0.029100529100529,0.166666666666667,0.060846560846561,0.042328042328042,0.063492063492063,0.044973544973545,0.063492063492063,0.015873015873016,0.034391534391534,0.2,0.166666666666667,0.233333333333333,0.4,10,16,"RNCMPT00013,min,UGUCUGU,RBD_v3_136349",0
"RNCMPT00014,max,CUAAGUU,RBD_v3_016871",32,1,0.107456140350877,0.010964912280702,0.035087719298246,0.030701754385965,0.032894736842105,0.06359649122807,0.015350877192982,0.048245614035088,0.039473684210526,0.100877192982456,0.019736842105263,0.059210526315789,0.054824561403509,0.06140350877193,0.030701754385965,0.096491228070175,0.092105263157895,0.06359649122807,0.00219298245614,0.035087719298246,0.228571428571429,0.2,0.285714285714286,0.285714285714286,4,10,"RNCMPT00014,max,CUAAGUU,RBD_v3_016871",0
"RNCMPT00014,max,CUAAGUU,RBD_v3_206830",32,1,0.107456140350877,0.010964912280702,0.035087719298246,0.030701754385965,0.032894736842105,0.06359649122807,0.015350877192982,0.048245614035088,0.039473684210526,0.100877192982456,0.019736842105263,0.059210526315789,0.054824561403509,0.06140350877193,0.030701754385965,0.096491228070175,0.092105263157895,0.06359649122807,0.00219298245614,0.035087719298246,0.3,0.166666666666667,0.3,0.233333333333333,6,12,"RNCMPT00014,max,CUAAGUU,RBD_v3_206830",0
"RNCMPT00014,max,UUAAGUU,RBD_v3_059946",32,1,0.107456140350877,0.010964912280702,0.035087719298246,0.030701754385965,0.032894736842105,0.06359649122807,0.015350877192982,0.048245614035088,0.039473684210526,0.100877192982456,0.019736842105263,0.059210526315789,0.054824561403509,0.06140350877193,0.030701754385965,0.096491228070175,0.092105263157895,0.06359649122807,0.00219298245614,0.035087719298246,0.31578947368421,0.184210526315789,0.210526315789474,0.289473684210526,6,12,"RNCMPT00014,max,UUAAGUU,RBD_v3_059946",0
"RNCMPT00014,min,AACCCCA,RBD_v3_026727",32,0,0.107456140350877,0.010964912280702,0.035087719298246,0.030701754385965,0.032894736842105,0.06359649122807,0.015350877192982,0.048245614035088,0.039473684210526,0.100877192982456,0.019736842105263,0.059210526315789,0.054824561403509,0.06140350877193,0.030701754385965,0.096491228070175,0.092105263157895,0.06359649122807,0.00219298245614,0.035087719298246,0.342857142857143,0.257142857142857,0.342857142857143,0.057142857142857,20,26,"RNCMPT00014,min,AACCCCA,RBD_v3_026727",0
"RNCMPT00014,min,AACCCCA,RBD_v3_058230",32,0,0.107456140350877,0.010964912280702,0.035087719298246,0.030701754385965,0.032894736842105,0.06359649122807,0.015350877192982,0.048245614035088,0.039473684210526,0.100877192982456,0.019736842105263,0.059210526315789,0.054824561403509,0.06140350877193,0.030701754385965,0.096491228070175,0.092105263157895,0.06359649122807,0.00219298245614,0.035087719298246,0.263157894736842,0.342105263157895,0.236842105263158,0.157894736842105,12,18,"RNCMPT00014,min,AACCCCA,RBD_v3_058230",0
"RNCMPT00014,min,ACCACCC,RBD_v3_023827",32,0,0.107456140350877,0.010964912280702,0.035087719298246,0.030701754385965,0.032894736842105,0.06359649122807,0.015350877192982,0.048245614035088,0.039473684210526,0.100877192982456,0.019736842105263,0.059210526315789,0.054824561403509,0.06140350877193,0.030701754385965,0.096491228070175,0.092105263157895,0.06359649122807,0.00219298245614,0.035087719298246,0.31578947368421,0.236842105263158,0.31578947368421,0.131578947368421,29,35,"RNCMPT00014,min,ACCACCC,RBD_v3_023827",0
"RNCMPT00015,max,ACGGACG,RBD_v3_023644",33,1,0.05241935483871,0.004032258064516,0.032258064516129,0.108870967741935,0.040322580645161,0.080645161290323,0.024193548387097,0.064516129032258,0.060483870967742,0.07258064516129,0.036290322580645,0.028225806451613,0.016129032258065,0.060483870967742,0.096774193548387,0.084677419354839,0.044354838709677,0.076612903225806,0,0.016129032258065,0.4,0.228571428571429,0.2,0.171428571428571,21,27,"RNCMPT00015,max,ACGGACG,RBD_v3_023644",0
"RNCMPT00015,max,GGACAUA,RBD_v3_061956",33,1,0.05241935483871,0.004032258064516,0.032258064516129,0.108870967741935,0.040322580645161,0.080645161290323,0.024193548387097,0.064516129032258,0.060483870967742,0.07258064516129,0.036290322580645,0.028225806451613,0.016129032258065,0.060483870967742,0.096774193548387,0.084677419354839,0.044354838709677,0.076612903225806,0,0.016129032258065,0.236842105263158,0.289473684210526,0.263157894736842,0.210526315789474,10,16,"RNCMPT00015,max,GGACAUA,RBD_v3_061956",0
"RNCMPT00015,max,GGACAUA,RBD_v3_094377",33,1,0.05241935483871,0.004032258064516,0.032258064516129,0.108870967741935,0.040322580645161,0.080645161290323,0.024193548387097,0.064516129032258,0.060483870967742,0.07258064516129,0.036290322580645,0.028225806451613,0.016129032258065,0.060483870967742,0.096774193548387,0.084677419354839,0.044354838709677,0.076612903225806,0,0.016129032258065,0.289473684210526,0.236842105263158,0.236842105263158,0.236842105263158,10,16,"RNCMPT00015,max,GGACAUA,RBD_v3_094377",0
"RNCMPT00015,min,GGGGGGG,RBD_v3_036931",33,0,0.05241935483871,0.004032258064516,0.032258064516129,0.108870967741935,0.040322580645161,0.080645161290323,0.024193548387097,0.064516129032258,0.060483870967742,0.07258064516129,0.036290322580645,0.028225806451613,0.016129032258065,0.060483870967742,0.096774193548387,0.084677419354839,0.044354838709677,0.076612903225806,0,0.016129032258065,0.314285714285714,0.114285714285714,0.428571428571429,0.142857142857143,12,18,"RNCMPT00015,min,GGGGGGG,RBD_v3_036931",1
"RNCMPT00015,min,GGGGGGG,RBD_v3_133314",33,0,0.05241935483871,0.004032258064516,0.032258064516129,0.108870967741935,0.040322580645161,0.080645161290323,0.024193548387097,0.064516129032258,0.060483870967742,0.07258064516129,0.036290322580645,0.028225806451613,0.016129032258065,0.060483870967742,0.096774193548387,0.084677419354839,0.044354838709677,0.076612903225806,0,0.016129032258065,0.366666666666667,0.133333333333333,0.433333333333333,0.066666666666667,2,8,"RNCMPT00015,min,GGGGGGG,RBD_v3_133314",0
"RNCMPT00015,min,GGGGGGG,RBD_v3_237979",33,0,0.05241935483871,0.004032258064516,0.032258064516129,0.108870967741935,0.040322580645161,0.080645161290323,0.024193548387097,0.064516129032258,0.060483870967742,0.07258064516129,0.036290322580645,0.028225806451613,0.016129032258065,0.060483870967742,0.096774193548387,0.084677419354839,0.044354838709677,0.076612903225806,0,0.016129032258065,0.263157894736842,0.131578947368421,0.421052631578947,0.184210526315789,17,23,"RNCMPT00015,min,GGGGGGG,RBD_v3_237979",1
"RNCMPT00016,max,GACAAGA,RBD_v3_044993",33,1,0.054151624548736,0.003610108303249,0.061371841155235,0.086642599277978,0.032490974729242,0.050541516245487,0.028880866425993,0.068592057761733,0.068592057761733,0.083032490974729,0.021660649819495,0.057761732851986,0.046931407942238,0.057761732851986,0.068592057761733,0.072202166064982,0.043321299638989,0.07942238267148,0,0.014440433212996,0.368421052631579,0.184210526315789,0.289473684210526,0.157894736842105,3,9,"RNCMPT00016,max,GACAAGA,RBD_v3_044993",1
"RNCMPT00016,max,GACAAGA,RBD_v3_062374",33,1,0.054151624548736,0.003610108303249,0.061371841155235,0.086642599277978,0.032490974729242,0.050541516245487,0.028880866425993,0.068592057761733,0.068592057761733,0.083032490974729,0.021660649819495,0.057761732851986,0.046931407942238,0.057761732851986,0.068592057761733,0.072202166064982,0.043321299638989,0.07942238267148,0,0.014440433212996,0.368421052631579,0.184210526315789,0.236842105263158,0.210526315789474,3,9,"RNCMPT00016,max,GACAAGA,RBD_v3_062374",1
"RNCMPT00016,max,GACAAGA,RBD_v3_109777",33,1,0.054151624548736,0.003610108303249,0.061371841155235,0.086642599277978,0.032490974729242,0.050541516245487,0.028880866425993,0.068592057761733,0.068592057761733,0.083032490974729,0.021660649819495,0.057761732851986,0.046931407942238,0.057761732851986,0.068592057761733,0.072202166064982,0.043321299638989,0.07942238267148,0,0.014440433212996,0.368421052631579,0.157894736842105,0.289473684210526,0.184210526315789,8,14,"RNCMPT00016,max,GACAAGA,RBD_v3_109777",1
"RNCMPT00016,min,CUGUUCU,RBD_v3_059445",33,0,0.054151624548736,0.003610108303249,0.061371841155235,0.086642599277978,0.032490974729242,0.050541516245487,0.028880866425993,0.068592057761733,0.068592057761733,0.083032490974729,0.021660649819495,0.057761732851986,0.046931407942238,0.057761732851986,0.068592057761733,0.072202166064982,0.043321299638989,0.07942238267148,0,0.014440433212996,0.184210526315789,0.31578947368421,0.184210526315789,0.31578947368421,4,10,"RNCMPT00016,min,CUGUUCU,RBD_v3_059445",1
"RNCMPT00016,min,CUGUUCU,RBD_v3_115692",33,0,0.054151624548736,0.003610108303249,0.061371841155235,0.086642599277978,0.032490974729242,0.050541516245487,0.028880866425993,0.068592057761733,0.068592057761733,0.083032490974729,0.021660649819495,0.057761732851986,0.046931407942238,0.057761732851986,0.068592057761733,0.072202166064982,0.043321299638989,0.07942238267148,0,0.014440433212996,0.233333333333333,0.2,0.266666666666667,0.3,10,16,"RNCMPT00016,min,CUGUUCU,RBD_v3_115692",1
"RNCMPT00016,min,UGUUCUC,RBD_v3_217225",33,0,0.054151624548736,0.003610108303249,0.061371841155235,0.086642599277978,0.032490974729242,0.050541516245487,0.028880866425993,0.068592057761733,0.068592057761733,0.083032490974729,0.021660649819495,0.057761732851986,0.046931407942238,0.057761732851986,0.068592057761733,0.072202166064982,0.043321299638989,0.07942238267148,0,0.014440433212996,0.142857142857143,0.285714285714286,0.142857142857143,0.428571428571429,15,21,"RNCMPT00016,min,UGUUCUC,RBD_v3_217225",0
"RNCMPT00017,max,UGCAUGA,RBD_v3_028186",35,1,0.151807228915663,0.002409638554217,0.031325301204819,0.031325301204819,0.031325301204819,0.069879518072289,0.019277108433735,0.040963855421687,0.026506024096386,0.101204819277108,0.033734939759036,0.053012048192771,0.060240963855422,0.137349397590361,0.03855421686747,0.069879518072289,0.043373493975904,0.03855421686747,0,0.019277108433735,0.289473684210526,0.263157894736842,0.236842105263158,0.210526315789474,17,23,"RNCMPT00017,max,UGCAUGA,RBD_v3_028186",1
"RNCMPT00017,max,UGCAUGA,RBD_v3_030778",35,1,0.151807228915663,0.002409638554217,0.031325301204819,0.031325301204819,0.031325301204819,0.069879518072289,0.019277108433735,0.040963855421687,0.026506024096386,0.101204819277108,0.033734939759036,0.053012048192771,0.060240963855422,0.137349397590361,0.03855421686747,0.069879518072289,0.043373493975904,0.03855421686747,0,0.019277108433735,0.289473684210526,0.263157894736842,0.210526315789474,0.236842105263158,7,13,"RNCMPT00017,max,UGCAUGA,RBD_v3_030778",1
"RNCMPT00017,max,UGCAUGC,RBD_v3_031356",35,1,0.151807228915663,0.002409638554217,0.031325301204819,0.031325301204819,0.031325301204819,0.069879518072289,0.019277108433735,0.040963855421687,0.026506024096386,0.101204819277108,0.033734939759036,0.053012048192771,0.060240963855422,0.137349397590361,0.03855421686747,0.069879518072289,0.043373493975904,0.03855421686747,0,0.019277108433735,0.210526315789474,0.31578947368421,0.236842105263158,0.236842105263158,26,32,"RNCMPT00017,max,UGCAUGC,RBD_v3_031356",1
"RNCMPT00017,min,CGGCGCG,RBD_v3_162955",35,0,0.151807228915663,0.002409638554217,0.031325301204819,0.031325301204819,0.031325301204819,0.069879518072289,0.019277108433735,0.040963855421687,0.026506024096386,0.101204819277108,0.033734939759036,0.053012048192771,0.060240963855422,0.137349397590361,0.03855421686747,0.069879518072289,0.043373493975904,0.03855421686747,0,0.019277108433735,0.210526315789474,0.289473684210526,0.31578947368421,0.184210526315789,16,22,"RNCMPT00017,min,CGGCGCG,RBD_v3_162955",0
"RNCMPT00017,min,GGCGCGC,RBD_v3_109790",35,0,0.151807228915663,0.002409638554217,0.031325301204819,0.031325301204819,0.031325301204819,0.069879518072289,0.019277108433735,0.040963855421687,0.026506024096386,0.101204819277108,0.033734939759036,0.053012048192771,0.060240963855422,0.137349397590361,0.03855421686747,0.069879518072289,0.043373493975904,0.03855421686747,0,0.019277108433735,0.236842105263158,0.289473684210526,0.31578947368421,0.157894736842105,14,20,"RNCMPT00017,min,GGCGCGC,RBD_v3_109790",0
"RNCMPT00017,min,GGCGCGC,RBD_v3_138106",35,0,0.151807228915663,0.002409638554217,0.031325301204819,0.031325301204819,0.031325301204819,0.069879518072289,0.019277108433735,0.040963855421687,0.026506024096386,0.101204819277108,0.033734939759036,0.053012048192771,0.060240963855422,0.137349397590361,0.03855421686747,0.069879518072289,0.043373493975904,0.03855421686747,0,0.019277108433735,0.2,0.3,0.366666666666667,0.133333333333333,18,24,"RNCMPT00017,min,GGCGCGC,RBD_v3_138106",0
"RNCMPT00018,max,UACGCGC,RBD_v3_194714",36,1,0.039106145251397,0,0.067039106145251,0.039106145251397,0.055865921787709,0.279329608938547,0.005586592178771,0.044692737430168,0.055865921787709,0.016759776536313,0.016759776536313,0.055865921787709,0.044692737430168,0.027932960893855,0.089385474860335,0.06145251396648,0.044692737430168,0.027932960893855,0.005586592178771,0.022346368715084,0.210526315789474,0.289473684210526,0.184210526315789,0.31578947368421,22,28,"RNCMPT00018,max,UACGCGC,RBD_v3_194714",1
"RNCMPT00018,max,UGCGCGC,RBD_v3_170737",36,1,0.039106145251397,0,0.067039106145251,0.039106145251397,0.055865921787709,0.279329608938547,0.005586592178771,0.044692737430168,0.055865921787709,0.016759776536313,0.016759776536313,0.055865921787709,0.044692737430168,0.027932960893855,0.089385474860335,0.06145251396648,0.044692737430168,0.027932960893855,0.005586592178771,0.022346368715084,0.210526315789474,0.210526315789474,0.263157894736842,0.31578947368421,13,19,"RNCMPT00018,max,UGCGCGC,RBD_v3_170737",1
"RNCMPT00018,max,UGCGCGC,RBD_v3_240155",36,1,0.039106145251397,0,0.067039106145251,0.039106145251397,0.055865921787709,0.279329608938547,0.005586592178771,0.044692737430168,0.055865921787709,0.016759776536313,0.016759776536313,0.055865921787709,0.044692737430168,0.027932960893855,0.089385474860335,0.06145251396648,0.044692737430168,0.027932960893855,0.005586592178771,0.022346368715084,0.210526315789474,0.210526315789474,0.263157894736842,0.31578947368421,13,19,"RNCMPT00018,max,UGCGCGC,RBD_v3_240155",1
"RNCMPT00018,min,AGGGGGG,RBD_v3_008089",36,0,0.039106145251397,0,0.067039106145251,0.039106145251397,0.055865921787709,0.279329608938547,0.005586592178771,0.044692737430168,0.055865921787709,0.016759776536313,0.016759776536313,0.055865921787709,0.044692737430168,0.027932960893855,0.089385474860335,0.06145251396648,0.044692737430168,0.027932960893855,0.005586592178771,0.022346368715084,0.289473684210526,0.131578947368421,0.394736842105263,0.184210526315789,19,25,"RNCMPT00018,min,AGGGGGG,RBD_v3_008089",1
"RNCMPT00018,min,AGGGGGG,RBD_v3_110571",36,0,0.039106145251397,0,0.067039106145251,0.039106145251397,0.055865921787709,0.279329608938547,0.005586592178771,0.044692737430168,0.055865921787709,0.016759776536313,0.016759776536313,0.055865921787709,0.044692737430168,0.027932960893855,0.089385474860335,0.06145251396648,0.044692737430168,0.027932960893855,0.005586592178771,0.022346368715084,0.210526315789474,0.184210526315789,0.342105263157895,0.263157894736842,3,9,"RNCMPT00018,min,AGGGGGG,RBD_v3_110571",1
"RNCMPT00018,min,AGGGGGG,RBD_v3_213678",36,0,0.039106145251397,0,0.067039106145251,0.039106145251397,0.055865921787709,0.279329608938547,0.005586592178771,0.044692737430168,0.055865921787709,0.016759776536313,0.016759776536313,0.055865921787709,0.044692737430168,0.027932960893855,0.089385474860335,0.06145251396648,0.044692737430168,0.027932960893855,0.005586592178771,0.022346368715084,0.285714285714286,0.228571428571429,0.314285714285714,0.171428571428571,15,21,"RNCMPT00018,min,AGGGGGG,RBD_v3_213678",1
"RNCMPT00019,max,AGAGAAC,RBD_v3_140658",157,1,0.054347826086957,0.010869565217391,0.108695652173913,0.054347826086957,0.065217391304348,0.054347826086957,0.010869565217391,0.043478260869565,0.021739130434783,0.065217391304348,0.010869565217391,0.032608695652174,0.054347826086957,0.043478260869565,0.152173913043478,0.032608695652174,0.043478260869565,0.076086956521739,0.010869565217391,0.054347826086957,0.371428571428571,0.257142857142857,0.228571428571429,0.142857142857143,1,7,"RNCMPT00019,max,AGAGAAC,RBD_v3_140658",1
"RNCMPT00019,max,AGAGACA,RBD_v3_000179",157,1,0.054347826086957,0.010869565217391,0.108695652173913,0.054347826086957,0.065217391304348,0.054347826086957,0.010869565217391,0.043478260869565,0.021739130434783,0.065217391304348,0.010869565217391,0.032608695652174,0.054347826086957,0.043478260869565,0.152173913043478,0.032608695652174,0.043478260869565,0.076086956521739,0.010869565217391,0.054347826086957,0.447368421052632,0.236842105263158,0.236842105263158,0.078947368421053,1,7,"RNCMPT00019,max,AGAGACA,RBD_v3_000179",1
"RNCMPT00019,max,AGAGACA,RBD_v3_110944",157,1,0.054347826086957,0.010869565217391,0.108695652173913,0.054347826086957,0.065217391304348,0.054347826086957,0.010869565217391,0.043478260869565,0.021739130434783,0.065217391304348,0.010869565217391,0.032608695652174,0.054347826086957,0.043478260869565,0.152173913043478,0.032608695652174,0.043478260869565,0.076086956521739,0.010869565217391,0.054347826086957,0.447368421052632,0.236842105263158,0.236842105263158,0.078947368421053,1,7,"RNCMPT00019,max,AGAGACA,RBD_v3_110944",1
"RNCMPT00019,min,UUUCUUU,RBD_v3_036113",157,0,0.054347826086957,0.010869565217391,0.108695652173913,0.054347826086957,0.065217391304348,0.054347826086957,0.010869565217391,0.043478260869565,0.021739130434783,0.065217391304348,0.010869565217391,0.032608695652174,0.054347826086957,0.043478260869565,0.152173913043478,0.032608695652174,0.043478260869565,0.076086956521739,0.010869565217391,0.054347826086957,0.210526315789474,0.263157894736842,0.263157894736842,0.263157894736842,20,26,"RNCMPT00019,min,UUUCUUU,RBD_v3_036113",1
"RNCMPT00019,min,UUUCUUU,RBD_v3_205372",157,0,0.054347826086957,0.010869565217391,0.108695652173913,0.054347826086957,0.065217391304348,0.054347826086957,0.010869565217391,0.043478260869565,0.021739130434783,0.065217391304348,0.010869565217391,0.032608695652174,0.054347826086957,0.043478260869565,0.152173913043478,0.032608695652174,0.043478260869565,0.076086956521739,0.010869565217391,0.054347826086957,0.236842105263158,0.184210526315789,0.210526315789474,0.368421052631579,6,12,"RNCMPT00019,min,UUUCUUU,RBD_v3_205372",1
"RNCMPT00019,min,UUUUCUU,RBD_v3_173774",157,0,0.054347826086957,0.010869565217391,0.108695652173913,0.054347826086957,0.065217391304348,0.054347826086957,0.010869565217391,0.043478260869565,0.021739130434783,0.065217391304348,0.010869565217391,0.032608695652174,0.054347826086957,0.043478260869565,0.152173913043478,0.032608695652174,0.043478260869565,0.076086956521739,0.010869565217391,0.054347826086957,0.131578947368421,0.184210526315789,0.236842105263158,0.447368421052632,8,14,"RNCMPT00019,min,UUUUCUU,RBD_v3_173774",0
"RNCMPT00020,max,GGACAGA,RBD_v3_206033",38,1,0.064655172413793,0.008620689655172,0.03448275862069,0.103448275862069,0.03448275862069,0.094827586206897,0.017241379310345,0.051724137931034,0.051724137931034,0.099137931034483,0.017241379310345,0.03448275862069,0.03448275862069,0.056034482758621,0.081896551724138,0.064655172413793,0.056034482758621,0.073275862068966,0,0.021551724137931,0.289473684210526,0.184210526315789,0.394736842105263,0.131578947368421,15,21,"RNCMPT00020,max,GGACAGA,RBD_v3_206033",1
"RNCMPT00020,max,GGACAGG,RBD_v3_149215",38,1,0.064655172413793,0.008620689655172,0.03448275862069,0.103448275862069,0.03448275862069,0.094827586206897,0.017241379310345,0.051724137931034,0.051724137931034,0.099137931034483,0.017241379310345,0.03448275862069,0.03448275862069,0.056034482758621,0.081896551724138,0.064655172413793,0.056034482758621,0.073275862068966,0,0.021551724137931,0.342105263157895,0.263157894736842,0.289473684210526,0.105263157894737,2,8,"RNCMPT00020,max,GGACAGG,RBD_v3_149215",1
"RNCMPT00020,max,GGACAGG,RBD_v3_231818",38,1,0.064655172413793,0.008620689655172,0.03448275862069,0.103448275862069,0.03448275862069,0.094827586206897,0.017241379310345,0.051724137931034,0.051724137931034,0.099137931034483,0.017241379310345,0.03448275862069,0.03448275862069,0.056034482758621,0.081896551724138,0.064655172413793,0.056034482758621,0.073275862068966,0,0.021551724137931,0.342105263157895,0.263157894736842,0.289473684210526,0.105263157894737,2,8,"RNCMPT00020,max,GGACAGG,RBD_v3_231818",1
"RNCMPT00020,min,CCAUGUC,RBD_v3_203687",38,0,0.064655172413793,0.008620689655172,0.03448275862069,0.103448275862069,0.03448275862069,0.094827586206897,0.017241379310345,0.051724137931034,0.051724137931034,0.099137931034483,0.017241379310345,0.03448275862069,0.03448275862069,0.056034482758621,0.081896551724138,0.064655172413793,0.056034482758621,0.073275862068966,0,0.021551724137931,0.236842105263158,0.263157894736842,0.210526315789474,0.289473684210526,28,34,"RNCMPT00020,min,CCAUGUC,RBD_v3_203687",1
"RNCMPT00020,min,CCCCUCC,RBD_v3_006599",38,0,0.064655172413793,0.008620689655172,0.03448275862069,0.103448275862069,0.03448275862069,0.094827586206897,0.017241379310345,0.051724137931034,0.051724137931034,0.099137931034483,0.017241379310345,0.03448275862069,0.03448275862069,0.056034482758621,0.081896551724138,0.064655172413793,0.056034482758621,0.073275862068966,0,0.021551724137931,0.236842105263158,0.342105263157895,0.184210526315789,0.236842105263158,7,13,"RNCMPT00020,min,CCCCUCC,RBD_v3_006599",1
"RNCMPT00020,min,CUCACCC,RBD_v3_157859",38,0,0.064655172413793,0.008620689655172,0.03448275862069,0.103448275862069,0.03448275862069,0.094827586206897,0.017241379310345,0.051724137931034,0.051724137931034,0.099137931034483,0.017241379310345,0.03448275862069,0.03448275862069,0.056034482758621,0.081896551724138,0.064655172413793,0.056034482758621,0.073275862068966,0,0.021551724137931,0.236842105263158,0.263157894736842,0.236842105263158,0.263157894736842,16,22,"RNCMPT00020,min,CUCACCC,RBD_v3_157859",1
"RNCMPT00021,max,AGGAUAA,RBD_v3_144446",39,1,0.017964071856287,0,0.077844311377246,0.083832335329341,0.053892215568862,0.125748502994012,0.011976047904192,0.053892215568862,0.035928143712575,0.041916167664671,0.029940119760479,0.053892215568862,0.089820359281437,0.035928143712575,0.161676646706587,0.029940119760479,0.017964071856287,0.07185628742515,0,0.005988023952096,0.342105263157895,0.157894736842105,0.263157894736842,0.236842105263158,1,7,"RNCMPT00021,max,AGGAUAA,RBD_v3_144446",1
"RNCMPT00021,max,AGGAUGA,RBD_v3_102675",39,1,0.017964071856287,0,0.077844311377246,0.083832335329341,0.053892215568862,0.125748502994012,0.011976047904192,0.053892215568862,0.035928143712575,0.041916167664671,0.029940119760479,0.053892215568862,0.089820359281437,0.035928143712575,0.161676646706587,0.029940119760479,0.017964071856287,0.07185628742515,0,0.005988023952096,0.166666666666667,0.3,0.266666666666667,0.266666666666667,1,7,"RNCMPT00021,max,AGGAUGA,RBD_v3_102675",0
"RNCMPT00021,max,AGGAUGA,RBD_v3_187050",39,1,0.017964071856287,0,0.077844311377246,0.083832335329341,0.053892215568862,0.125748502994012,0.011976047904192,0.053892215568862,0.035928143712575,0.041916167664671,0.029940119760479,0.053892215568862,0.089820359281437,0.035928143712575,0.161676646706587,0.029940119760479,0.017964071856287,0.07185628742515,0,0.005988023952096,0.31578947368421,0.184210526315789,0.289473684210526,0.210526315789474,1,7,"RNCMPT00021,max,AGGAUGA,RBD_v3_187050",1
"RNCMPT00021,min,CCCCCCC,RBD_v3_197556",39,0,0.017964071856287,0,0.077844311377246,0.083832335329341,0.053892215568862,0.125748502994012,0.011976047904192,0.053892215568862,0.035928143712575,0.041916167664671,0.029940119760479,0.053892215568862,0.089820359281437,0.035928143712575,0.161676646706587,0.029940119760479,0.017964071856287,0.07185628742515,0,0.005988023952096,0.263157894736842,0.342105263157895,0.184210526315789,0.210526315789474,20,26,"RNCMPT00021,min,CCCCCCC,RBD_v3_197556",1
"RNCMPT00021,min,GAGUCGU,RBD_v3_033189",39,0,0.017964071856287,0,0.077844311377246,0.083832335329341,0.053892215568862,0.125748502994012,0.011976047904192,0.053892215568862,0.035928143712575,0.041916167664671,0.029940119760479,0.053892215568862,0.089820359281437,0.035928143712575,0.161676646706587,0.029940119760479,0.017964071856287,0.07185628742515,0,0.005988023952096,0.31578947368421,0.184210526315789,0.368421052631579,0.131578947368421,23,29,"RNCMPT00021,min,GAGUCGU,RBD_v3_033189",0
"RNCMPT00021,min,GAGUCGU,RBD_v3_098126",39,0,0.017964071856287,0,0.077844311377246,0.083832335329341,0.053892215568862,0.125748502994012,0.011976047904192,0.053892215568862,0.035928143712575,0.041916167664671,0.029940119760479,0.053892215568862,0.089820359281437,0.035928143712575,0.161676646706587,0.029940119760479,0.017964071856287,0.07185628742515,0,0.005988023952096,0.236842105263158,0.289473684210526,0.236842105263158,0.236842105263158,26,32,"RNCMPT00021,min,GAGUCGU,RBD_v3_098126",0
"RNCMPT00022,max,UAGGGUA,RBD_v3_091891",40,1,0.044247787610619,0.008849557522124,0.061946902654867,0.079646017699115,0.061946902654867,0.132743362831858,0.035398230088496,0.035398230088496,0.070796460176991,0.035398230088496,0.02212389380531,0.035398230088496,0.026548672566372,0.030973451327434,0.084070796460177,0.084070796460177,0.053097345132743,0.075221238938053,0.004424778761062,0.017699115044248,0.447368421052632,0.131578947368421,0.210526315789474,0.210526315789474,30,36,"RNCMPT00022,max,UAGGGUA,RBD_v3_091891",1
"RNCMPT00022,max,UAGGGUA,RBD_v3_211236",40,1,0.044247787610619,0.008849557522124,0.061946902654867,0.079646017699115,0.061946902654867,0.132743362831858,0.035398230088496,0.035398230088496,0.070796460176991,0.035398230088496,0.02212389380531,0.035398230088496,0.026548672566372,0.030973451327434,0.084070796460177,0.084070796460177,0.053097345132743,0.075221238938053,0.004424778761062,0.017699115044248,0.3,0.1,0.333333333333333,0.266666666666667,16,22,"RNCMPT00022,max,UAGGGUA,RBD_v3_211236",1
"RNCMPT00022,max,UUAGGGA,RBD_v3_233439",40,1,0.044247787610619,0.008849557522124,0.061946902654867,0.079646017699115,0.061946902654867,0.132743362831858,0.035398230088496,0.035398230088496,0.070796460176991,0.035398230088496,0.02212389380531,0.035398230088496,0.026548672566372,0.030973451327434,0.084070796460177,0.084070796460177,0.053097345132743,0.075221238938053,0.004424778761062,0.017699115044248,0.368421052631579,0.131578947368421,0.368421052631579,0.131578947368421,4,10,"RNCMPT00022,max,UUAGGGA,RBD_v3_233439",1
"RNCMPT00022,min,CCCUAUC,RBD_v3_167518",40,0,0.044247787610619,0.008849557522124,0.061946902654867,0.079646017699115,0.061946902654867,0.132743362831858,0.035398230088496,0.035398230088496,0.070796460176991,0.035398230088496,0.02212389380531,0.035398230088496,0.026548672566372,0.030973451327434,0.084070796460177,0.084070796460177,0.053097345132743,0.075221238938053,0.004424778761062,0.017699115044248,0.266666666666667,0.366666666666667,0.2,0.166666666666667,11,17,"RNCMPT00022,min,CCCUAUC,RBD_v3_167518",1
"RNCMPT00022,min,CCCUCUG,RBD_v3_107106",40,0,0.044247787610619,0.008849557522124,0.061946902654867,0.079646017699115,0.061946902654867,0.132743362831858,0.035398230088496,0.035398230088496,0.070796460176991,0.035398230088496,0.02212389380531,0.035398230088496,0.026548672566372,0.030973451327434,0.084070796460177,0.084070796460177,0.053097345132743,0.075221238938053,0.004424778761062,0.017699115044248,0.236842105263158,0.368421052631579,0.157894736842105,0.236842105263158,5,11,"RNCMPT00022,min,CCCUCUG,RBD_v3_107106",1
"RNCMPT00022,min,CCCUGCU,RBD_v3_101886",40,0,0.044247787610619,0.008849557522124,0.061946902654867,0.079646017699115,0.061946902654867,0.132743362831858,0.035398230088496,0.035398230088496,0.070796460176991,0.035398230088496,0.02212389380531,0.035398230088496,0.026548672566372,0.030973451327434,0.084070796460177,0.084070796460177,0.053097345132743,0.075221238938053,0.004424778761062,0.017699115044248,0.263157894736842,0.289473684210526,0.236842105263158,0.210526315789474,6,12,"RNCMPT00022,min,CCCUGCU,RBD_v3_101886",1
"RNCMPT00023,max,UAGGGAA,RBD_v3_062154",41,1,0.044247787610619,0.008849557522124,0.066371681415929,0.075221238938053,0.061946902654867,0.128318584070796,0.035398230088496,0.035398230088496,0.075221238938053,0.035398230088496,0.02212389380531,0.030973451327434,0.030973451327434,0.030973451327434,0.084070796460177,0.075221238938053,0.061946902654867,0.075221238938053,0.004424778761062,0.017699115044248,0.342857142857143,0.114285714285714,0.342857142857143,0.2,9,15,"RNCMPT00023,max,UAGGGAA,RBD_v3_062154",1
"RNCMPT00023,max,UUAGGGU,RBD_v3_030985",41,1,0.044247787610619,0.008849557522124,0.066371681415929,0.075221238938053,0.061946902654867,0.128318584070796,0.035398230088496,0.035398230088496,0.075221238938053,0.035398230088496,0.02212389380531,0.030973451327434,0.030973451327434,0.030973451327434,0.084070796460177,0.075221238938053,0.061946902654867,0.075221238938053,0.004424778761062,0.017699115044248,0.342105263157895,0.157894736842105,0.210526315789474,0.289473684210526,29,35,"RNCMPT00023,max,UUAGGGU,RBD_v3_030985",1
"RNCMPT00023,max,UUAGGGU,RBD_v3_225514",41,1,0.044247787610619,0.008849557522124,0.066371681415929,0.075221238938053,0.061946902654867,0.128318584070796,0.035398230088496,0.035398230088496,0.075221238938053,0.035398230088496,0.02212389380531,0.030973451327434,0.030973451327434,0.030973451327434,0.084070796460177,0.075221238938053,0.061946902654867,0.075221238938053,0.004424778761062,0.017699115044248,0.266666666666667,0.133333333333333,0.333333333333333,0.266666666666667,13,19,"RNCMPT00023,max,UUAGGGU,RBD_v3_225514",1
"RNCMPT00023,min,CCUGCCC,RBD_v3_240297",41,0,0.044247787610619,0.008849557522124,0.066371681415929,0.075221238938053,0.061946902654867,0.128318584070796,0.035398230088496,0.035398230088496,0.075221238938053,0.035398230088496,0.02212389380531,0.030973451327434,0.030973451327434,0.030973451327434,0.084070796460177,0.075221238938053,0.061946902654867,0.075221238938053,0.004424778761062,0.017699115044248,0.105263157894737,0.31578947368421,0.236842105263158,0.342105263157895,24,30,"RNCMPT00023,min,CCUGCCC,RBD_v3_240297",1
"RNCMPT00023,min,GACCCAC,RBD_v3_062235",41,0,0.044247787610619,0.008849557522124,0.066371681415929,0.075221238938053,0.061946902654867,0.128318584070796,0.035398230088496,0.035398230088496,0.075221238938053,0.035398230088496,0.02212389380531,0.030973451327434,0.030973451327434,0.030973451327434,0.084070796460177,0.075221238938053,0.061946902654867,0.075221238938053,0.004424778761062,0.017699115044248,0.289473684210526,0.342105263157895,0.157894736842105,0.210526315789474,2,8,"RNCMPT00023,min,GACCCAC,RBD_v3_062235",0
"RNCMPT00023,min,GACCCAC,RBD_v3_142476",41,0,0.044247787610619,0.008849557522124,0.066371681415929,0.075221238938053,0.061946902654867,0.128318584070796,0.035398230088496,0.035398230088496,0.075221238938053,0.035398230088496,0.02212389380531,0.030973451327434,0.030973451327434,0.030973451327434,0.084070796460177,0.075221238938053,0.061946902654867,0.075221238938053,0.004424778761062,0.017699115044248,0.263157894736842,0.342105263157895,0.236842105263158,0.157894736842105,2,8,"RNCMPT00023,min,GACCCAC,RBD_v3_142476",0
"RNCMPT00024,max,GAUAGGG,RBD_v3_151402",42,1,0.047210300429185,0.004291845493562,0.060085836909871,0.094420600858369,0.064377682403433,0.128755364806867,0.030042918454936,0.03862660944206,0.07725321888412,0.042918454935622,0.021459227467811,0.025751072961373,0.034334763948498,0.030042918454936,0.085836909871245,0.068669527896996,0.051502145922747,0.068669527896996,0.004291845493562,0.021459227467811,0.428571428571429,0.171428571428571,0.228571428571429,0.171428571428571,2,8,"RNCMPT00024,max,GAUAGGG,RBD_v3_151402",1
"RNCMPT00024,max,UAGGGAA,RBD_v3_153573",42,1,0.047210300429185,0.004291845493562,0.060085836909871,0.094420600858369,0.064377682403433,0.128755364806867,0.030042918454936,0.03862660944206,0.07725321888412,0.042918454935622,0.021459227467811,0.025751072961373,0.034334763948498,0.030042918454936,0.085836909871245,0.068669527896996,0.051502145922747,0.068669527896996,0.004291845493562,0.021459227467811,0.368421052631579,0.210526315789474,0.289473684210526,0.131578947368421,8,14,"RNCMPT00024,max,UAGGGAA,RBD_v3_153573",1
"RNCMPT00024,min,CCCCGCU,RBD_v3_116028",42,0,0.047210300429185,0.004291845493562,0.060085836909871,0.094420600858369,0.064377682403433,0.128755364806867,0.030042918454936,0.03862660944206,0.07725321888412,0.042918454935622,0.021459227467811,0.025751072961373,0.034334763948498,0.030042918454936,0.085836909871245,0.068669527896996,0.051502145922747,0.068669527896996,0.004291845493562,0.021459227467811,0.236842105263158,0.289473684210526,0.236842105263158,0.236842105263158,10,16,"RNCMPT00024,min,CCCCGCU,RBD_v3_116028",1
"RNCMPT00024,min,CCGCCCC,RBD_v3_228331",42,0,0.047210300429185,0.004291845493562,0.060085836909871,0.094420600858369,0.064377682403433,0.128755364806867,0.030042918454936,0.03862660944206,0.07725321888412,0.042918454935622,0.021459227467811,0.025751072961373,0.034334763948498,0.030042918454936,0.085836909871245,0.068669527896996,0.051502145922747,0.068669527896996,0.004291845493562,0.021459227467811,0.371428571428571,0.371428571428571,0.228571428571429,0.028571428571429,16,22,"RNCMPT00024,min,CCGCCCC,RBD_v3_228331",0
"RNCMPT00024,min,CCUCCCC,RBD_v3_147055",42,0,0.047210300429185,0.004291845493562,0.060085836909871,0.094420600858369,0.064377682403433,0.128755364806867,0.030042918454936,0.03862660944206,0.07725321888412,0.042918454935622,0.021459227467811,0.025751072961373,0.034334763948498,0.030042918454936,0.085836909871245,0.068669527896996,0.051502145922747,0.068669527896996,0.004291845493562,0.021459227467811,0.166666666666667,0.333333333333333,0.266666666666667,0.233333333333333,17,23,"RNCMPT00024,min,CCUCCCC,RBD_v3_147055",0
"RNCMPT00025,max,AUUUUUG,RBD_v3_141431",44,1,0.099236641221374,0.00763358778626,0.061068702290076,0.045801526717557,0.045801526717557,0.076335877862595,0.015267175572519,0.038167938931298,0.068702290076336,0.053435114503817,0.030534351145038,0.068702290076336,0.038167938931298,0.022900763358779,0.061068702290076,0.099236641221374,0.030534351145038,0.106870229007634,0,0.030534351145038,0.236842105263158,0.263157894736842,0.157894736842105,0.342105263157895,3,9,"RNCMPT00025,max,AUUUUUG,RBD_v3_141431",0
"RNCMPT00025,max,CUUUUUU,RBD_v3_152636",44,1,0.099236641221374,0.00763358778626,0.061068702290076,0.045801526717557,0.045801526717557,0.076335877862595,0.015267175572519,0.038167938931298,0.068702290076336,0.053435114503817,0.030534351145038,0.068702290076336,0.038167938931298,0.022900763358779,0.061068702290076,0.099236641221374,0.030534351145038,0.106870229007634,0,0.030534351145038,0.210526315789474,0.184210526315789,0.236842105263158,0.368421052631579,29,35,"RNCMPT00025,max,CUUUUUU,RBD_v3_152636",0
"RNCMPT00025,max,UUUUUGC,RBD_v3_008256",44,1,0.099236641221374,0.00763358778626,0.061068702290076,0.045801526717557,0.045801526717557,0.076335877862595,0.015267175572519,0.038167938931298,0.068702290076336,0.053435114503817,0.030534351145038,0.068702290076336,0.038167938931298,0.022900763358779,0.061068702290076,0.099236641221374,0.030534351145038,0.106870229007634,0,0.030534351145038,0.263157894736842,0.236842105263158,0.184210526315789,0.31578947368421,29,35,"RNCMPT00025,max,UUUUUGC,RBD_v3_008256",0
"RNCMPT00025,min,GAGUGAG,RBD_v3_087100",44,0,0.099236641221374,0.00763358778626,0.061068702290076,0.045801526717557,0.045801526717557,0.076335877862595,0.015267175572519,0.038167938931298,0.068702290076336,0.053435114503817,0.030534351145038,0.068702290076336,0.038167938931298,0.022900763358779,0.061068702290076,0.099236641221374,0.030534351145038,0.106870229007634,0,0.030534351145038,0.31578947368421,0.078947368421053,0.421052631578947,0.184210526315789,30,36,"RNCMPT00025,min,GAGUGAG,RBD_v3_087100",0
"RNCMPT00025,min,GAGUGAG,RBD_v3_184833",44,0,0.099236641221374,0.00763358778626,0.061068702290076,0.045801526717557,0.045801526717557,0.076335877862595,0.015267175572519,0.038167938931298,0.068702290076336,0.053435114503817,0.030534351145038,0.068702290076336,0.038167938931298,0.022900763358779,0.061068702290076,0.099236641221374,0.030534351145038,0.106870229007634,0,0.030534351145038,0.289473684210526,0.210526315789474,0.263157894736842,0.236842105263158,13,19,"RNCMPT00025,min,GAGUGAG,RBD_v3_184833",0
"RNCMPT00025,min,GAGUGAG,RBD_v3_219104",44,0,0.099236641221374,0.00763358778626,0.061068702290076,0.045801526717557,0.045801526717557,0.076335877862595,0.015267175572519,0.038167938931298,0.068702290076336,0.053435114503817,0.030534351145038,0.068702290076336,0.038167938931298,0.022900763358779,0.061068702290076,0.099236641221374,0.030534351145038,0.106870229007634,0,0.030534351145038,0.285714285714286,0.142857142857143,0.342857142857143,0.228571428571429,27,33,"RNCMPT00025,min,GAGUGAG,RBD_v3_219104",0
"RNCMPT00026,max,AGACCAA,RBD_v3_026840",47,1,0.047413793103448,0.010775862068966,0.073275862068966,0.073275862068966,0.025862068965517,0.120689655172414,0.008620689655172,0.075431034482759,0.045258620689655,0.0625,0.025862068965517,0.025862068965517,0.088362068965517,0.045258620689655,0.077586206896552,0.066810344827586,0.051724137931034,0.032327586206897,0.006465517241379,0.036637931034483,0.447368421052632,0.263157894736842,0.157894736842105,0.131578947368421,1,7,"RNCMPT00026,max,AGACCAA,RBD_v3_026840",1
"RNCMPT00026,max,AGACCAA,RBD_v3_217627",47,1,0.047413793103448,0.010775862068966,0.073275862068966,0.073275862068966,0.025862068965517,0.120689655172414,0.008620689655172,0.075431034482759,0.045258620689655,0.0625,0.025862068965517,0.025862068965517,0.088362068965517,0.045258620689655,0.077586206896552,0.066810344827586,0.051724137931034,0.032327586206897,0.006465517241379,0.036637931034483,0.447368421052632,0.31578947368421,0.184210526315789,0.052631578947368,25,31,"RNCMPT00026,max,AGACCAA,RBD_v3_217627",1
"RNCMPT00026,max,CCAAACC,RBD_v3_092003",47,1,0.047413793103448,0.010775862068966,0.073275862068966,0.073275862068966,0.025862068965517,0.120689655172414,0.008620689655172,0.075431034482759,0.045258620689655,0.0625,0.025862068965517,0.025862068965517,0.088362068965517,0.045258620689655,0.077586206896552,0.066810344827586,0.051724137931034,0.032327586206897,0.006465517241379,0.036637931034483,0.368421052631579,0.342105263157895,0.157894736842105,0.131578947368421,10,16,"RNCMPT00026,max,CCAAACC,RBD_v3_092003",1
"RNCMPT00026,min,GGUGGGU,RBD_v3_135832",47,0,0.047413793103448,0.010775862068966,0.073275862068966,0.073275862068966,0.025862068965517,0.120689655172414,0.008620689655172,0.075431034482759,0.045258620689655,0.0625,0.025862068965517,0.025862068965517,0.088362068965517,0.045258620689655,0.077586206896552,0.066810344827586,0.051724137931034,0.032327586206897,0.006465517241379,0.036637931034483,0.314285714285714,0.114285714285714,0.371428571428571,0.2,24,30,"RNCMPT00026,min,GGUGGGU,RBD_v3_135832",1
"RNCMPT00026,min,UGGGUGU,RBD_v3_193862",47,0,0.047413793103448,0.010775862068966,0.073275862068966,0.073275862068966,0.025862068965517,0.120689655172414,0.008620689655172,0.075431034482759,0.045258620689655,0.0625,0.025862068965517,0.025862068965517,0.088362068965517,0.045258620689655,0.077586206896552,0.066810344827586,0.051724137931034,0.032327586206897,0.006465517241379,0.036637931034483,0.314285714285714,0.114285714285714,0.4,0.171428571428571,23,29,"RNCMPT00026,min,UGGGUGU,RBD_v3_193862",1
"RNCMPT00026,min,UGUGGGU,RBD_v3_070950",47,0,0.047413793103448,0.010775862068966,0.073275862068966,0.073275862068966,0.025862068965517,0.120689655172414,0.008620689655172,0.075431034482759,0.045258620689655,0.0625,0.025862068965517,0.025862068965517,0.088362068965517,0.045258620689655,0.077586206896552,0.066810344827586,0.051724137931034,0.032327586206897,0.006465517241379,0.036637931034483,0.233333333333333,0.1,0.366666666666667,0.3,8,14,"RNCMPT00026,min,UGUGGGU,RBD_v3_070950",0
"RNCMPT00027,max,ACAAACA,RBD_v3_240735",48,1,0.068100358422939,0.017921146953405,0.051971326164875,0.048387096774194,0.037634408602151,0.127240143369176,0.032258064516129,0.032258064516129,0.050179211469534,0.057347670250896,0.023297491039427,0.059139784946237,0.084229390681004,0.039426523297491,0.044802867383513,0.073476702508961,0.030465949820789,0.068100358422939,0.003584229390681,0.050179211469534,0.368421052631579,0.236842105263158,0.131578947368421,0.263157894736842,5,11,"RNCMPT00027,max,ACAAACA,RBD_v3_240735",1
"RNCMPT00027,max,ACAUACA,RBD_v3_147622",48,1,0.068100358422939,0.017921146953405,0.051971326164875,0.048387096774194,0.037634408602151,0.127240143369176,0.032258064516129,0.032258064516129,0.050179211469534,0.057347670250896,0.023297491039427,0.059139784946237,0.084229390681004,0.039426523297491,0.044802867383513,0.073476702508961,0.030465949820789,0.068100358422939,0.003584229390681,0.050179211469534,0.394736842105263,0.184210526315789,0.157894736842105,0.263157894736842,23,29,"RNCMPT00027,max,ACAUACA,RBD_v3_147622",1
"RNCMPT00027,max,ACAUACA,RBD_v3_202152",48,1,0.068100358422939,0.017921146953405,0.051971326164875,0.048387096774194,0.037634408602151,0.127240143369176,0.032258064516129,0.032258064516129,0.050179211469534,0.057347670250896,0.023297491039427,0.059139784946237,0.084229390681004,0.039426523297491,0.044802867383513,0.073476702508961,0.030465949820789,0.068100358422939,0.003584229390681,0.050179211469534,0.368421052631579,0.210526315789474,0.184210526315789,0.236842105263158,23,29,"RNCMPT00027,max,ACAUACA,RBD_v3_202152",1
"RNCMPT00027,min,GGUGUGG,RBD_v3_094561",48,0,0.068100358422939,0.017921146953405,0.051971326164875,0.048387096774194,0.037634408602151,0.127240143369176,0.032258064516129,0.032258064516129,0.050179211469534,0.057347670250896,0.023297491039427,0.059139784946237,0.084229390681004,0.039426523297491,0.044802867383513,0.073476702508961,0.030465949820789,0.068100358422939,0.003584229390681,0.050179211469534,0.051282051282051,0.128205128205128,0.461538461538462,0.358974358974359,27,33,"RNCMPT00027,min,GGUGUGG,RBD_v3_094561",1
"RNCMPT00027,min,GGUGUGG,RBD_v3_174943",48,0,0.068100358422939,0.017921146953405,0.051971326164875,0.048387096774194,0.037634408602151,0.127240143369176,0.032258064516129,0.032258064516129,0.050179211469534,0.057347670250896,0.023297491039427,0.059139784946237,0.084229390681004,0.039426523297491,0.044802867383513,0.073476702508961,0.030465949820789,0.068100358422939,0.003584229390681,0.050179211469534,0.051282051282051,0.153846153846154,0.461538461538462,0.333333333333333,21,27,"RNCMPT00027,min,GGUGUGG,RBD_v3_174943",1
"RNCMPT00027,min,GUGGGUG,RBD_v3_046788",48,0,0.068100358422939,0.017921146953405,0.051971326164875,0.048387096774194,0.037634408602151,0.127240143369176,0.032258064516129,0.032258064516129,0.050179211469534,0.057347670250896,0.023297491039427,0.059139784946237,0.084229390681004,0.039426523297491,0.044802867383513,0.073476702508961,0.030465949820789,0.068100358422939,0.003584229390681,0.050179211469534,0.210526315789474,0.105263157894737,0.473684210526316,0.210526315789474,19,25,"RNCMPT00027,min,GUGGGUG,RBD_v3_046788",1
"RNCMPT00028,max,UAGGAUA,RBD_v3_203452",52,1,0.018348623853211,0.018348623853211,0.041284403669725,0.077981651376147,0.055045871559633,0.128440366972477,0.027522935779817,0.032110091743119,0.068807339449541,0.055045871559633,0.027522935779817,0.08256880733945,0.045871559633028,0.041284403669725,0.055045871559633,0.059633027522936,0.059633027522936,0.068807339449541,0.009174311926606,0.027522935779817,0.31578947368421,0.105263157894737,0.394736842105263,0.184210526315789,13,19,"RNCMPT00028,max,UAGGAUA,RBD_v3_203452",1
"RNCMPT00028,max,UAGGAUA,RBD_v3_230077",52,1,0.018348623853211,0.018348623853211,0.041284403669725,0.077981651376147,0.055045871559633,0.128440366972477,0.027522935779817,0.032110091743119,0.068807339449541,0.055045871559633,0.027522935779817,0.08256880733945,0.045871559633028,0.041284403669725,0.055045871559633,0.059633027522936,0.059633027522936,0.068807339449541,0.009174311926606,0.027522935779817,0.342105263157895,0.157894736842105,0.31578947368421,0.184210526315789,5,11,"RNCMPT00028,max,UAGGAUA,RBD_v3_230077",0
"RNCMPT00028,max,UAGGGUA,RBD_v3_227436",52,1,0.018348623853211,0.018348623853211,0.041284403669725,0.077981651376147,0.055045871559633,0.128440366972477,0.027522935779817,0.032110091743119,0.068807339449541,0.055045871559633,0.027522935779817,0.08256880733945,0.045871559633028,0.041284403669725,0.055045871559633,0.059633027522936,0.059633027522936,0.068807339449541,0.009174311926606,0.027522935779817,0.31578947368421,0.157894736842105,0.342105263157895,0.184210526315789,25,31,"RNCMPT00028,max,UAGGGUA,RBD_v3_227436",0
"RNCMPT00028,min,UCGUCUC,RBD_v3_013217",52,0,0.018348623853211,0.018348623853211,0.041284403669725,0.077981651376147,0.055045871559633,0.128440366972477,0.027522935779817,0.032110091743119,0.068807339449541,0.055045871559633,0.027522935779817,0.08256880733945,0.045871559633028,0.041284403669725,0.055045871559633,0.059633027522936,0.059633027522936,0.068807339449541,0.009174311926606,0.027522935779817,0.263157894736842,0.289473684210526,0.210526315789474,0.236842105263158,20,26,"RNCMPT00028,min,UCGUCUC,RBD_v3_013217",0
"RNCMPT00028,min,UCGUCUU,RBD_v3_118131",52,0,0.018348623853211,0.018348623853211,0.041284403669725,0.077981651376147,0.055045871559633,0.128440366972477,0.027522935779817,0.032110091743119,0.068807339449541,0.055045871559633,0.027522935779817,0.08256880733945,0.045871559633028,0.041284403669725,0.055045871559633,0.059633027522936,0.059633027522936,0.068807339449541,0.009174311926606,0.027522935779817,0.289473684210526,0.210526315789474,0.236842105263158,0.263157894736842,31,37,"RNCMPT00028,min,UCGUCUU,RBD_v3_118131",0
"RNCMPT00028,min,UCGUCUU,RBD_v3_170821",52,0,0.018348623853211,0.018348623853211,0.041284403669725,0.077981651376147,0.055045871559633,0.128440366972477,0.027522935779817,0.032110091743119,0.068807339449541,0.055045871559633,0.027522935779817,0.08256880733945,0.045871559633028,0.041284403669725,0.055045871559633,0.059633027522936,0.059633027522936,0.068807339449541,0.009174311926606,0.027522935779817,0.236842105263158,0.263157894736842,0.263157894736842,0.236842105263158,27,33,"RNCMPT00028,min,UCGUCUU,RBD_v3_170821",0
"RNCMPT00029,max,GGUAGGG,RBD_v3_060079",53,1,0.046610169491525,0.004237288135593,0.105932203389831,0.050847457627119,0.042372881355932,0.156779661016949,0.016949152542373,0.059322033898305,0.088983050847458,0.038135593220339,0.016949152542373,0.046610169491525,0.033898305084746,0.055084745762712,0.072033898305085,0.033898305084746,0.042372881355932,0.055084745762712,0.008474576271186,0.025423728813559,0.233333333333333,0.066666666666667,0.466666666666667,0.233333333333333,20,26,"RNCMPT00029,max,GGUAGGG,RBD_v3_060079",1
"RNCMPT00029,max,GGUAGGG,RBD_v3_110848",53,1,0.046610169491525,0.004237288135593,0.105932203389831,0.050847457627119,0.042372881355932,0.156779661016949,0.016949152542373,0.059322033898305,0.088983050847458,0.038135593220339,0.016949152542373,0.046610169491525,0.033898305084746,0.055084745762712,0.072033898305085,0.033898305084746,0.042372881355932,0.055084745762712,0.008474576271186,0.025423728813559,0.31578947368421,0.105263157894737,0.394736842105263,0.184210526315789,28,34,"RNCMPT00029,max,GGUAGGG,RBD_v3_110848",1
"RNCMPT00029,max,GUUAGGG,RBD_v3_029456",53,1,0.046610169491525,0.004237288135593,0.105932203389831,0.050847457627119,0.042372881355932,0.156779661016949,0.016949152542373,0.059322033898305,0.088983050847458,0.038135593220339,0.016949152542373,0.046610169491525,0.033898305084746,0.055084745762712,0.072033898305085,0.033898305084746,0.042372881355932,0.055084745762712,0.008474576271186,0.025423728813559,0.289473684210526,0.157894736842105,0.368421052631579,0.184210526315789,23,29,"RNCMPT00029,max,GUUAGGG,RBD_v3_029456",1
"RNCMPT00029,min,ACCCCCC,RBD_v3_172392",53,0,0.046610169491525,0.004237288135593,0.105932203389831,0.050847457627119,0.042372881355932,0.156779661016949,0.016949152542373,0.059322033898305,0.088983050847458,0.038135593220339,0.016949152542373,0.046610169491525,0.033898305084746,0.055084745762712,0.072033898305085,0.033898305084746,0.042372881355932,0.055084745762712,0.008474576271186,0.025423728813559,0.289473684210526,0.368421052631579,0.157894736842105,0.184210526315789,16,22,"RNCMPT00029,min,ACCCCCC,RBD_v3_172392",1
"RNCMPT00029,min,CCCCCCA,RBD_v3_017248",53,0,0.046610169491525,0.004237288135593,0.105932203389831,0.050847457627119,0.042372881355932,0.156779661016949,0.016949152542373,0.059322033898305,0.088983050847458,0.038135593220339,0.016949152542373,0.046610169491525,0.033898305084746,0.055084745762712,0.072033898305085,0.033898305084746,0.042372881355932,0.055084745762712,0.008474576271186,0.025423728813559,0.210526315789474,0.394736842105263,0.157894736842105,0.236842105263158,15,21,"RNCMPT00029,min,CCCCCCA,RBD_v3_017248",1
"RNCMPT00029,min,CCCCCCC,RBD_v3_190041",53,0,0.046610169491525,0.004237288135593,0.105932203389831,0.050847457627119,0.042372881355932,0.156779661016949,0.016949152542373,0.059322033898305,0.088983050847458,0.038135593220339,0.016949152542373,0.046610169491525,0.033898305084746,0.055084745762712,0.072033898305085,0.033898305084746,0.042372881355932,0.055084745762712,0.008474576271186,0.025423728813559,0.2,0.371428571428571,0.171428571428571,0.257142857142857,19,25,"RNCMPT00029,min,CCCCCCC,RBD_v3_190041",1
"RNCMPT00031,max,UAUAUAG,RBD_v3_164163",56,1,0.036082474226804,0.010309278350515,0.097938144329897,0.067010309278351,0.067010309278351,0.092783505154639,0.010309278350515,0.061855670103093,0.103092783505155,0.041237113402062,0.020618556701031,0.036082474226804,0.036082474226804,0.051546391752577,0.061855670103093,0.061855670103093,0.061855670103093,0.056701030927835,0.010309278350515,0.015463917525773,0.210526315789474,0.236842105263158,0.236842105263158,0.31578947368421,4,10,"RNCMPT00031,max,UAUAUAG,RBD_v3_164163",1
"RNCMPT00031,max,UAUGUAA,RBD_v3_176750",56,1,0.036082474226804,0.010309278350515,0.097938144329897,0.067010309278351,0.067010309278351,0.092783505154639,0.010309278350515,0.061855670103093,0.103092783505155,0.041237113402062,0.020618556701031,0.036082474226804,0.036082474226804,0.051546391752577,0.061855670103093,0.061855670103093,0.061855670103093,0.056701030927835,0.010309278350515,0.015463917525773,0.263157894736842,0.157894736842105,0.263157894736842,0.31578947368421,4,10,"RNCMPT00031,max,UAUGUAA,RBD_v3_176750",1
"RNCMPT00031,max,UAUGUAG,RBD_v3_077175",56,1,0.036082474226804,0.010309278350515,0.097938144329897,0.067010309278351,0.067010309278351,0.092783505154639,0.010309278350515,0.061855670103093,0.103092783505155,0.041237113402062,0.020618556701031,0.036082474226804,0.036082474226804,0.051546391752577,0.061855670103093,0.061855670103093,0.061855670103093,0.056701030927835,0.010309278350515,0.015463917525773,0.342105263157895,0.210526315789474,0.184210526315789,0.263157894736842,15,21,"RNCMPT00031,max,UAUGUAG,RBD_v3_077175",0
"RNCMPT00031,min,AGAGUCG,RBD_v3_056515",56,0,0.036082474226804,0.010309278350515,0.097938144329897,0.067010309278351,0.067010309278351,0.092783505154639,0.010309278350515,0.061855670103093,0.103092783505155,0.041237113402062,0.020618556701031,0.036082474226804,0.036082474226804,0.051546391752577,0.061855670103093,0.061855670103093,0.061855670103093,0.056701030927835,0.010309278350515,0.015463917525773,0.2,0.285714285714286,0.228571428571429,0.285714285714286,1,7,"RNCMPT00031,min,AGAGUCG,RBD_v3_056515",0
"RNCMPT00031,min,AGAGUCG,RBD_v3_184328",56,0,0.036082474226804,0.010309278350515,0.097938144329897,0.067010309278351,0.067010309278351,0.092783505154639,0.010309278350515,0.061855670103093,0.103092783505155,0.041237113402062,0.020618556701031,0.036082474226804,0.036082474226804,0.051546391752577,0.061855670103093,0.061855670103093,0.061855670103093,0.056701030927835,0.010309278350515,0.015463917525773,0.257142857142857,0.2,0.4,0.142857142857143,1,7,"RNCMPT00031,min,AGAGUCG,RBD_v3_184328",0
"RNCMPT00031,min,GAGUCGU,RBD_v3_061647",56,0,0.036082474226804,0.010309278350515,0.097938144329897,0.067010309278351,0.067010309278351,0.092783505154639,0.010309278350515,0.061855670103093,0.103092783505155,0.041237113402062,0.020618556701031,0.036082474226804,0.036082474226804,0.051546391752577,0.061855670103093,0.061855670103093,0.061855670103093,0.056701030927835,0.010309278350515,0.015463917525773,0.342105263157895,0.210526315789474,0.263157894736842,0.184210526315789,17,23,"RNCMPT00031,min,GAGUCGU,RBD_v3_061647",0
"RNCMPT00032,max,UUAUUUU,RBD_v3_157967",57,1,0.070769230769231,0.009230769230769,0.049230769230769,0.046153846153846,0.055384615384615,0.089230769230769,0.024615384615385,0.058461538461538,0.052307692307692,0.067692307692308,0.030769230769231,0.070769230769231,0.036923076923077,0.036923076923077,0.061538461538462,0.086153846153846,0.049230769230769,0.067692307692308,0.006153846153846,0.030769230769231,0.210526315789474,0.236842105263158,0.210526315789474,0.342105263157895,23,29,"RNCMPT00032,max,UUAUUUU,RBD_v3_157967",0
"RNCMPT00032,max,UUAUUUU,RBD_v3_205754",57,1,0.070769230769231,0.009230769230769,0.049230769230769,0.046153846153846,0.055384615384615,0.089230769230769,0.024615384615385,0.058461538461538,0.052307692307692,0.067692307692308,0.030769230769231,0.070769230769231,0.036923076923077,0.036923076923077,0.061538461538462,0.086153846153846,0.049230769230769,0.067692307692308,0.006153846153846,0.030769230769231,0.157894736842105,0.236842105263158,0.236842105263158,0.368421052631579,14,20,"RNCMPT00032,max,UUAUUUU,RBD_v3_205754",1
"RNCMPT00032,max,UUUUUUU,RBD_v3_125120",57,1,0.070769230769231,0.009230769230769,0.049230769230769,0.046153846153846,0.055384615384615,0.089230769230769,0.024615384615385,0.058461538461538,0.052307692307692,0.067692307692308,0.030769230769231,0.070769230769231,0.036923076923077,0.036923076923077,0.061538461538462,0.086153846153846,0.049230769230769,0.067692307692308,0.006153846153846,0.030769230769231,0.102564102564102,0.179487179487179,0.307692307692308,0.41025641025641,28,34,"RNCMPT00032,max,UUUUUUU,RBD_v3_125120",1
"RNCMPT00032,min,AGAGUCG,RBD_v3_160610",57,0,0.070769230769231,0.009230769230769,0.049230769230769,0.046153846153846,0.055384615384615,0.089230769230769,0.024615384615385,0.058461538461538,0.052307692307692,0.067692307692308,0.030769230769231,0.070769230769231,0.036923076923077,0.036923076923077,0.061538461538462,0.086153846153846,0.049230769230769,0.067692307692308,0.006153846153846,0.030769230769231,0.157894736842105,0.368421052631579,0.289473684210526,0.184210526315789,1,7,"RNCMPT00032,min,AGAGUCG,RBD_v3_160610",1
"RNCMPT00032,min,AGAGUCG,RBD_v3_240732",57,0,0.070769230769231,0.009230769230769,0.049230769230769,0.046153846153846,0.055384615384615,0.089230769230769,0.024615384615385,0.058461538461538,0.052307692307692,0.067692307692308,0.030769230769231,0.070769230769231,0.036923076923077,0.036923076923077,0.061538461538462,0.086153846153846,0.049230769230769,0.067692307692308,0.006153846153846,0.030769230769231,0.2,0.333333333333333,0.333333333333333,0.133333333333333,1,7,"RNCMPT00032,min,AGAGUCG,RBD_v3_240732",1
"RNCMPT00032,min,GUGAGUC,RBD_v3_178007",57,0,0.070769230769231,0.009230769230769,0.049230769230769,0.046153846153846,0.055384615384615,0.089230769230769,0.024615384615385,0.058461538461538,0.052307692307692,0.067692307692308,0.030769230769231,0.070769230769231,0.036923076923077,0.036923076923077,0.061538461538462,0.086153846153846,0.049230769230769,0.067692307692308,0.006153846153846,0.030769230769231,0.263157894736842,0.157894736842105,0.368421052631579,0.210526315789474,25,31,"RNCMPT00032,min,GUGAGUC,RBD_v3_178007",1
"RNCMPT00033,max,AAACAUU,RBD_v3_238142",58,1,0.081803005008347,0.003338898163606,0.030050083472454,0.08347245409015,0.03338898163606,0.075125208681135,0.031719532554257,0.08347245409015,0.068447412353923,0.071786310517529,0.015025041736227,0.038397328881469,0.063439065108514,0.061769616026711,0.05008347245409,0.063439065108514,0.055091819699499,0.063439065108514,0.003338898163606,0.023372287145242,0.447368421052632,0.131578947368421,0.184210526315789,0.236842105263158,7,13,"RNCMPT00033,max,AAACAUU,RBD_v3_238142",0
"RNCMPT00033,max,AACACAA,RBD_v3_006084",58,1,0.081803005008347,0.003338898163606,0.030050083472454,0.08347245409015,0.03338898163606,0.075125208681135,0.031719532554257,0.08347245409015,0.068447412353923,0.071786310517529,0.015025041736227,0.038397328881469,0.063439065108514,0.061769616026711,0.05008347245409,0.063439065108514,0.055091819699499,0.063439065108514,0.003338898163606,0.023372287145242,0.473684210526316,0.105263157894737,0.210526315789474,0.210526315789474,8,14,"RNCMPT00033,max,AACACAA,RBD_v3_006084",1
"RNCMPT00033,max,AACACAA,RBD_v3_056235",58,1,0.081803005008347,0.003338898163606,0.030050083472454,0.08347245409015,0.03338898163606,0.075125208681135,0.031719532554257,0.08347245409015,0.068447412353923,0.071786310517529,0.015025041736227,0.038397328881469,0.063439065108514,0.061769616026711,0.05008347245409,0.063439065108514,0.055091819699499,0.063439065108514,0.003338898163606,0.023372287145242,0.371428571428571,0.228571428571429,0.2,0.2,4,10,"RNCMPT00033,max,AACACAA,RBD_v3_056235",0
"RNCMPT00033,min,AGGGGGG,RBD_v3_127075",58,0,0.081803005008347,0.003338898163606,0.030050083472454,0.08347245409015,0.03338898163606,0.075125208681135,0.031719532554257,0.08347245409015,0.068447412353923,0.071786310517529,0.015025041736227,0.038397328881469,0.063439065108514,0.061769616026711,0.05008347245409,0.063439065108514,0.055091819699499,0.063439065108514,0.003338898163606,0.023372287145242,0.257142857142857,0.2,0.4,0.142857142857143,1,7,"RNCMPT00033,min,AGGGGGG,RBD_v3_127075",0
"RNCMPT00033,min,AGGGGGG,RBD_v3_166168",58,0,0.081803005008347,0.003338898163606,0.030050083472454,0.08347245409015,0.03338898163606,0.075125208681135,0.031719532554257,0.08347245409015,0.068447412353923,0.071786310517529,0.015025041736227,0.038397328881469,0.063439065108514,0.061769616026711,0.05008347245409,0.063439065108514,0.055091819699499,0.063439065108514,0.003338898163606,0.023372287145242,0.076923076923077,0.128205128205128,0.41025641025641,0.384615384615385,1,7,"RNCMPT00033,min,AGGGGGG,RBD_v3_166168",0
"RNCMPT00033,min,GGGGGGC,RBD_v3_202620",58,0,0.081803005008347,0.003338898163606,0.030050083472454,0.08347245409015,0.03338898163606,0.075125208681135,0.031719532554257,0.08347245409015,0.068447412353923,0.071786310517529,0.015025041736227,0.038397328881469,0.063439065108514,0.061769616026711,0.05008347245409,0.063439065108514,0.055091819699499,0.063439065108514,0.003338898163606,0.023372287145242,0.2,0.085714285714286,0.457142857142857,0.257142857142857,4,10,"RNCMPT00033,min,GGGGGGC,RBD_v3_202620",0
"RNCMPT00034,max,AGAUAAA,RBD_v3_058877",62,1,0.060109289617486,0,0.054644808743169,0.109289617486339,0.043715846994536,0.07103825136612,0.021857923497268,0.049180327868852,0.114754098360656,0.114754098360656,0.027322404371585,0.049180327868852,0.049180327868852,0.043715846994536,0.043715846994536,0.038251366120219,0.021857923497268,0.060109289617486,0,0.027322404371585,0.342105263157895,0.184210526315789,0.263157894736842,0.210526315789474,1,7,"RNCMPT00034,max,AGAUAAA,RBD_v3_058877",1
"RNCMPT00034,max,AGAUAAA,RBD_v3_213884",62,1,0.060109289617486,0,0.054644808743169,0.109289617486339,0.043715846994536,0.07103825136612,0.021857923497268,0.049180327868852,0.114754098360656,0.114754098360656,0.027322404371585,0.049180327868852,0.049180327868852,0.043715846994536,0.043715846994536,0.038251366120219,0.021857923497268,0.060109289617486,0,0.027322404371585,0.421052631578947,0.184210526315789,0.210526315789474,0.184210526315789,1,7,"RNCMPT00034,max,AGAUAAA,RBD_v3_213884",1
"RNCMPT00034,max,AGAUAAA,RBD_v3_240203",62,1,0.060109289617486,0,0.054644808743169,0.109289617486339,0.043715846994536,0.07103825136612,0.021857923497268,0.049180327868852,0.114754098360656,0.114754098360656,0.027322404371585,0.049180327868852,0.049180327868852,0.043715846994536,0.043715846994536,0.038251366120219,0.021857923497268,0.060109289617486,0,0.027322404371585,0.4,0.257142857142857,0.2,0.142857142857143,14,20,"RNCMPT00034,max,AGAUAAA,RBD_v3_240203",0
"RNCMPT00034,min,CCCCCCC,RBD_v3_072654",62,0,0.060109289617486,0,0.054644808743169,0.109289617486339,0.043715846994536,0.07103825136612,0.021857923497268,0.049180327868852,0.114754098360656,0.114754098360656,0.027322404371585,0.049180327868852,0.049180327868852,0.043715846994536,0.043715846994536,0.038251366120219,0.021857923497268,0.060109289617486,0,0.027322404371585,0.210526315789474,0.342105263157895,0.210526315789474,0.236842105263158,29,35,"RNCMPT00034,min,CCCCCCC,RBD_v3_072654",0
"RNCMPT00034,min,CCCCCCC,RBD_v3_081256",62,0,0.060109289617486,0,0.054644808743169,0.109289617486339,0.043715846994536,0.07103825136612,0.021857923497268,0.049180327868852,0.114754098360656,0.114754098360656,0.027322404371585,0.049180327868852,0.049180327868852,0.043715846994536,0.043715846994536,0.038251366120219,0.021857923497268,0.060109289617486,0,0.027322404371585,0.263157894736842,0.289473684210526,0.236842105263158,0.210526315789474,11,17,"RNCMPT00034,min,CCCCCCC,RBD_v3_081256",1
"RNCMPT00034,min,CCCCCCC,RBD_v3_103200",62,0,0.060109289617486,0,0.054644808743169,0.109289617486339,0.043715846994536,0.07103825136612,0.021857923497268,0.049180327868852,0.114754098360656,0.114754098360656,0.027322404371585,0.049180327868852,0.049180327868852,0.043715846994536,0.043715846994536,0.038251366120219,0.021857923497268,0.060109289617486,0,0.027322404371585,0.236842105263158,0.289473684210526,0.263157894736842,0.210526315789474,5,11,"RNCMPT00034,min,CCCCCCC,RBD_v3_103200",0
"RNCMPT00035,max,CGUCGCG,RBD_v3_043484",63,1,0.057971014492754,0.028985507246377,0.053140096618357,0.072463768115942,0.038647342995169,0.111111111111111,0.014492753623188,0.028985507246377,0.06280193236715,0.06280193236715,0.014492753623188,0.043478260869565,0.057971014492754,0.043478260869565,0.072463768115942,0.038647342995169,0.06280193236715,0.091787439613527,0.004830917874396,0.038647342995169,0.157894736842105,0.394736842105263,0.184210526315789,0.263157894736842,30,36,"RNCMPT00035,max,CGUCGCG,RBD_v3_043484",1
"RNCMPT00035,max,UCGCGCG,RBD_v3_157981",63,1,0.057971014492754,0.028985507246377,0.053140096618357,0.072463768115942,0.038647342995169,0.111111111111111,0.014492753623188,0.028985507246377,0.06280193236715,0.06280193236715,0.014492753623188,0.043478260869565,0.057971014492754,0.043478260869565,0.072463768115942,0.038647342995169,0.06280193236715,0.091787439613527,0.004830917874396,0.038647342995169,0.128205128205128,0.384615384615385,0.230769230769231,0.256410256410256,26,32,"RNCMPT00035,max,UCGCGCG,RBD_v3_157981",1
"RNCMPT00035,max,UCGCGCG,RBD_v3_228493",63,1,0.057971014492754,0.028985507246377,0.053140096618357,0.072463768115942,0.038647342995169,0.111111111111111,0.014492753623188,0.028985507246377,0.06280193236715,0.06280193236715,0.014492753623188,0.043478260869565,0.057971014492754,0.043478260869565,0.072463768115942,0.038647342995169,0.06280193236715,0.091787439613527,0.004830917874396,0.038647342995169,0.157894736842105,0.342105263157895,0.184210526315789,0.31578947368421,31,37,"RNCMPT00035,max,UCGCGCG,RBD_v3_228493",1
"RNCMPT00035,min,AGGGUGG,RBD_v3_162024",63,0,0.057971014492754,0.028985507246377,0.053140096618357,0.072463768115942,0.038647342995169,0.111111111111111,0.014492753623188,0.028985507246377,0.06280193236715,0.06280193236715,0.014492753623188,0.043478260869565,0.057971014492754,0.043478260869565,0.072463768115942,0.038647342995169,0.06280193236715,0.091787439613527,0.004830917874396,0.038647342995169,0.210526315789474,0.078947368421053,0.5,0.210526315789474,1,7,"RNCMPT00035,min,AGGGUGG,RBD_v3_162024",1
"RNCMPT00035,min,AGGGUGG,RBD_v3_176149",63,0,0.057971014492754,0.028985507246377,0.053140096618357,0.072463768115942,0.038647342995169,0.111111111111111,0.014492753623188,0.028985507246377,0.06280193236715,0.06280193236715,0.014492753623188,0.043478260869565,0.057971014492754,0.043478260869565,0.072463768115942,0.038647342995169,0.06280193236715,0.091787439613527,0.004830917874396,0.038647342995169,0.263157894736842,0.184210526315789,0.368421052631579,0.184210526315789,13,19,"RNCMPT00035,min,AGGGUGG,RBD_v3_176149",1
"RNCMPT00035,min,GCGAGGG,RBD_v3_050392",63,0,0.057971014492754,0.028985507246377,0.053140096618357,0.072463768115942,0.038647342995169,0.111111111111111,0.014492753623188,0.028985507246377,0.06280193236715,0.06280193236715,0.014492753623188,0.043478260869565,0.057971014492754,0.043478260869565,0.072463768115942,0.038647342995169,0.06280193236715,0.091787439613527,0.004830917874396,0.038647342995169,0.289473684210526,0.210526315789474,0.447368421052632,0.052631578947368,23,29,"RNCMPT00035,min,GCGAGGG,RBD_v3_050392",1
"RNCMPT00036,max,AACGGAG,RBD_v3_019641",64,1,0.100478468899522,0.043062200956938,0.028708133971292,0.090909090909091,0.052631578947368,0.100478468899522,0.038277511961722,0.023923444976077,0.08133971291866,0.057416267942584,0.028708133971292,0.019138755980861,0.07177033492823,0.052631578947368,0.052631578947368,0.07177033492823,0.023923444976077,0.047846889952153,0.004784688995215,0.009569377990431,0.4,0.228571428571429,0.228571428571429,0.142857142857143,14,20,"RNCMPT00036,max,AACGGAG,RBD_v3_019641",1
"RNCMPT00036,max,AGGAGAA,RBD_v3_111459",64,1,0.100478468899522,0.043062200956938,0.028708133971292,0.090909090909091,0.052631578947368,0.100478468899522,0.038277511961722,0.023923444976077,0.08133971291866,0.057416267942584,0.028708133971292,0.019138755980861,0.07177033492823,0.052631578947368,0.052631578947368,0.07177033492823,0.023923444976077,0.047846889952153,0.004784688995215,0.009569377990431,0.371428571428571,0.171428571428571,0.285714285714286,0.171428571428571,1,7,"RNCMPT00036,max,AGGAGAA,RBD_v3_111459",0
"RNCMPT00036,max,AGGAGAA,RBD_v3_117012",64,1,0.100478468899522,0.043062200956938,0.028708133971292,0.090909090909091,0.052631578947368,0.100478468899522,0.038277511961722,0.023923444976077,0.08133971291866,0.057416267942584,0.028708133971292,0.019138755980861,0.07177033492823,0.052631578947368,0.052631578947368,0.07177033492823,0.023923444976077,0.047846889952153,0.004784688995215,0.009569377990431,0.394736842105263,0.105263157894737,0.289473684210526,0.210526315789474,12,18,"RNCMPT00036,max,AGGAGAA,RBD_v3_117012",0
"RNCMPT00036,min,GGGGGGC,RBD_v3_030565",64,0,0.100478468899522,0.043062200956938,0.028708133971292,0.090909090909091,0.052631578947368,0.100478468899522,0.038277511961722,0.023923444976077,0.08133971291866,0.057416267942584,0.028708133971292,0.019138755980861,0.07177033492823,0.052631578947368,0.052631578947368,0.07177033492823,0.023923444976077,0.047846889952153,0.004784688995215,0.009569377990431,0.184210526315789,0.157894736842105,0.421052631578947,0.236842105263158,2,8,"RNCMPT00036,min,GGGGGGC,RBD_v3_030565",1
"RNCMPT00036,min,GGGGGGC,RBD_v3_063164",64,0,0.100478468899522,0.043062200956938,0.028708133971292,0.090909090909091,0.052631578947368,0.100478468899522,0.038277511961722,0.023923444976077,0.08133971291866,0.057416267942584,0.028708133971292,0.019138755980861,0.07177033492823,0.052631578947368,0.052631578947368,0.07177033492823,0.023923444976077,0.047846889952153,0.004784688995215,0.009569377990431,0.263157894736842,0.236842105263158,0.236842105263158,0.263157894736842,2,8,"RNCMPT00036,min,GGGGGGC,RBD_v3_063164",1
"RNCMPT00036,min,GGGGGGG,RBD_v3_097241",64,0,0.100478468899522,0.043062200956938,0.028708133971292,0.090909090909091,0.052631578947368,0.100478468899522,0.038277511961722,0.023923444976077,0.08133971291866,0.057416267942584,0.028708133971292,0.019138755980861,0.07177033492823,0.052631578947368,0.052631578947368,0.07177033492823,0.023923444976077,0.047846889952153,0.004784688995215,0.009569377990431,0.2,0.142857142857143,0.485714285714286,0.171428571428571,14,20,"RNCMPT00036,min,GGGGGGG,RBD_v3_097241",1
"RNCMPT00037,max,AUCUUGU,RBD_v3_179722",71,1,0.055335968379447,0.007905138339921,0.055335968379447,0.051383399209486,0.031620553359684,0.079051383399209,0.031620553359684,0.047430830039526,0.114624505928854,0.094861660079051,0.031620553359684,0.039525691699605,0.051383399209486,0.047430830039526,0.063241106719368,0.063241106719368,0.031620553359684,0.063241106719368,0.00395256916996,0.035573122529644,0.236842105263158,0.236842105263158,0.210526315789474,0.31578947368421,3,9,"RNCMPT00037,max,AUCUUGU,RBD_v3_179722",0
"RNCMPT00037,max,CAAUCUU,RBD_v3_145925",71,1,0.055335968379447,0.007905138339921,0.055335968379447,0.051383399209486,0.031620553359684,0.079051383399209,0.031620553359684,0.047430830039526,0.114624505928854,0.094861660079051,0.031620553359684,0.039525691699605,0.051383399209486,0.047430830039526,0.063241106719368,0.063241106719368,0.031620553359684,0.063241106719368,0.00395256916996,0.035573122529644,0.289473684210526,0.236842105263158,0.263157894736842,0.210526315789474,22,28,"RNCMPT00037,max,CAAUCUU,RBD_v3_145925",1
"RNCMPT00037,max,CAUCUUG,RBD_v3_187060",71,1,0.055335968379447,0.007905138339921,0.055335968379447,0.051383399209486,0.031620553359684,0.079051383399209,0.031620553359684,0.047430830039526,0.114624505928854,0.094861660079051,0.031620553359684,0.039525691699605,0.051383399209486,0.047430830039526,0.063241106719368,0.063241106719368,0.031620553359684,0.063241106719368,0.00395256916996,0.035573122529644,0.342105263157895,0.157894736842105,0.210526315789474,0.289473684210526,5,11,"RNCMPT00037,max,CAUCUUG,RBD_v3_187060",1
"RNCMPT00037,min,AGGGGGG,RBD_v3_022887",71,0,0.055335968379447,0.007905138339921,0.055335968379447,0.051383399209486,0.031620553359684,0.079051383399209,0.031620553359684,0.047430830039526,0.114624505928854,0.094861660079051,0.031620553359684,0.039525691699605,0.051383399209486,0.047430830039526,0.063241106719368,0.063241106719368,0.031620553359684,0.063241106719368,0.00395256916996,0.035573122529644,0.233333333333333,0.066666666666667,0.533333333333333,0.166666666666667,7,13,"RNCMPT00037,min,AGGGGGG,RBD_v3_022887",1
"RNCMPT00037,min,AGGGGGG,RBD_v3_040386",71,0,0.055335968379447,0.007905138339921,0.055335968379447,0.051383399209486,0.031620553359684,0.079051383399209,0.031620553359684,0.047430830039526,0.114624505928854,0.094861660079051,0.031620553359684,0.039525691699605,0.051383399209486,0.047430830039526,0.063241106719368,0.063241106719368,0.031620553359684,0.063241106719368,0.00395256916996,0.035573122529644,0.285714285714286,0.2,0.428571428571429,0.085714285714286,5,11,"RNCMPT00037,min,AGGGGGG,RBD_v3_040386",0
"RNCMPT00037,min,AGGGGGG,RBD_v3_204569",71,0,0.055335968379447,0.007905138339921,0.055335968379447,0.051383399209486,0.031620553359684,0.079051383399209,0.031620553359684,0.047430830039526,0.114624505928854,0.094861660079051,0.031620553359684,0.039525691699605,0.051383399209486,0.047430830039526,0.063241106719368,0.063241106719368,0.031620553359684,0.063241106719368,0.00395256916996,0.035573122529644,0.228571428571429,0.114285714285714,0.371428571428571,0.285714285714286,3,9,"RNCMPT00037,min,AGGGGGG,RBD_v3_204569",1
"RNCMPT00038,max,AGCUUGC,RBD_v3_000447",72,1,0.149214659685864,0.036649214659686,0.023560209424084,0.034031413612565,0.028795811518325,0.041884816753927,0.026178010471204,0.036649214659686,0.041884816753927,0.068062827225131,0.041884816753927,0.052356020942408,0.091623036649215,0.06544502617801,0.044502617801047,0.052356020942408,0.078534031413613,0.06282722513089,0.00261780104712,0.020942408376963,0.2,0.233333333333333,0.333333333333333,0.233333333333333,12,18,"RNCMPT00038,max,AGCUUGC,RBD_v3_000447",1
"RNCMPT00038,max,AGCUUGC,RBD_v3_109662",72,1,0.149214659685864,0.036649214659686,0.023560209424084,0.034031413612565,0.028795811518325,0.041884816753927,0.026178010471204,0.036649214659686,0.041884816753927,0.068062827225131,0.041884816753927,0.052356020942408,0.091623036649215,0.06544502617801,0.044502617801047,0.052356020942408,0.078534031413613,0.06282722513089,0.00261780104712,0.020942408376963,0.2,0.233333333333333,0.333333333333333,0.233333333333333,12,18,"RNCMPT00038,max,AGCUUGC,RBD_v3_109662",1
"RNCMPT00038,max,GCUUGCU,RBD_v3_053484",72,1,0.149214659685864,0.036649214659686,0.023560209424084,0.034031413612565,0.028795811518325,0.041884816753927,0.026178010471204,0.036649214659686,0.041884816753927,0.068062827225131,0.041884816753927,0.052356020942408,0.091623036649215,0.06544502617801,0.044502617801047,0.052356020942408,0.078534031413613,0.06282722513089,0.00261780104712,0.020942408376963,0.228571428571429,0.228571428571429,0.314285714285714,0.228571428571429,16,22,"RNCMPT00038,max,GCUUGCU,RBD_v3_053484",1
"RNCMPT00038,min,AGGUGUG,RBD_v3_016500",72,0,0.149214659685864,0.036649214659686,0.023560209424084,0.034031413612565,0.028795811518325,0.041884816753927,0.026178010471204,0.036649214659686,0.041884816753927,0.068062827225131,0.041884816753927,0.052356020942408,0.091623036649215,0.06544502617801,0.044502617801047,0.052356020942408,0.078534031413613,0.06282722513089,0.00261780104712,0.020942408376963,0.31578947368421,0.157894736842105,0.342105263157895,0.184210526315789,1,7,"RNCMPT00038,min,AGGUGUG,RBD_v3_016500",1
"RNCMPT00038,min,AGGUGUG,RBD_v3_150384",72,0,0.149214659685864,0.036649214659686,0.023560209424084,0.034031413612565,0.028795811518325,0.041884816753927,0.026178010471204,0.036649214659686,0.041884816753927,0.068062827225131,0.041884816753927,0.052356020942408,0.091623036649215,0.06544502617801,0.044502617801047,0.052356020942408,0.078534031413613,0.06282722513089,0.00261780104712,0.020942408376963,0.263157894736842,0.184210526315789,0.289473684210526,0.263157894736842,30,36,"RNCMPT00038,min,AGGUGUG,RBD_v3_150384",1
"RNCMPT00038,min,AGUGGUG,RBD_v3_024885",72,0,0.149214659685864,0.036649214659686,0.023560209424084,0.034031413612565,0.028795811518325,0.041884816753927,0.026178010471204,0.036649214659686,0.041884816753927,0.068062827225131,0.041884816753927,0.052356020942408,0.091623036649215,0.06544502617801,0.044502617801047,0.052356020942408,0.078534031413613,0.06282722513089,0.00261780104712,0.020942408376963,0.228571428571429,0.085714285714286,0.257142857142857,0.428571428571429,18,24,"RNCMPT00038,min,AGUGGUG,RBD_v3_024885",1
"RNCMPT00039,max,UAAUAUU,RBD_v3_034143",74,1,0.079059829059829,0.014957264957265,0.047008547008547,0.044871794871795,0.025641025641026,0.061965811965812,0.038461538461538,0.025641025641026,0.036324786324786,0.047008547008547,0.055555555555556,0.051282051282051,0.102564102564102,0.096153846153846,0.064102564102564,0.064102564102564,0.055555555555556,0.036324786324786,0.002136752136752,0.051282051282051,0.368421052631579,0.157894736842105,0.236842105263158,0.236842105263158,5,11,"RNCMPT00039,max,UAAUAUU,RBD_v3_034143",1
"RNCMPT00039,max,UAAUAUU,RBD_v3_045196",74,1,0.079059829059829,0.014957264957265,0.047008547008547,0.044871794871795,0.025641025641026,0.061965811965812,0.038461538461538,0.025641025641026,0.036324786324786,0.047008547008547,0.055555555555556,0.051282051282051,0.102564102564102,0.096153846153846,0.064102564102564,0.064102564102564,0.055555555555556,0.036324786324786,0.002136752136752,0.051282051282051,0.368421052631579,0.131578947368421,0.263157894736842,0.236842105263158,19,25,"RNCMPT00039,max,UAAUAUU,RBD_v3_045196",1
"RNCMPT00039,max,UAAUAUU,RBD_v3_048705",74,1,0.079059829059829,0.014957264957265,0.047008547008547,0.044871794871795,0.025641025641026,0.061965811965812,0.038461538461538,0.025641025641026,0.036324786324786,0.047008547008547,0.055555555555556,0.051282051282051,0.102564102564102,0.096153846153846,0.064102564102564,0.064102564102564,0.055555555555556,0.036324786324786,0.002136752136752,0.051282051282051,0.31578947368421,0.184210526315789,0.263157894736842,0.236842105263158,7,13,"RNCMPT00039,max,UAAUAUU,RBD_v3_048705",0
"RNCMPT00039,min,CAGUCGA,RBD_v3_018083",74,0,0.079059829059829,0.014957264957265,0.047008547008547,0.044871794871795,0.025641025641026,0.061965811965812,0.038461538461538,0.025641025641026,0.036324786324786,0.047008547008547,0.055555555555556,0.051282051282051,0.102564102564102,0.096153846153846,0.064102564102564,0.064102564102564,0.055555555555556,0.036324786324786,0.002136752136752,0.051282051282051,0.342105263157895,0.210526315789474,0.263157894736842,0.184210526315789,24,30,"RNCMPT00039,min,CAGUCGA,RBD_v3_018083",1
"RNCMPT00039,min,CAGUCGA,RBD_v3_139246",74,0,0.079059829059829,0.014957264957265,0.047008547008547,0.044871794871795,0.025641025641026,0.061965811965812,0.038461538461538,0.025641025641026,0.036324786324786,0.047008547008547,0.055555555555556,0.051282051282051,0.102564102564102,0.096153846153846,0.064102564102564,0.064102564102564,0.055555555555556,0.036324786324786,0.002136752136752,0.051282051282051,0.314285714285714,0.342857142857143,0.2,0.142857142857143,14,20,"RNCMPT00039,min,CAGUCGA,RBD_v3_139246",0
"RNCMPT00039,min,GUGAGUC,RBD_v3_131385",74,0,0.079059829059829,0.014957264957265,0.047008547008547,0.044871794871795,0.025641025641026,0.061965811965812,0.038461538461538,0.025641025641026,0.036324786324786,0.047008547008547,0.055555555555556,0.051282051282051,0.102564102564102,0.096153846153846,0.064102564102564,0.064102564102564,0.055555555555556,0.036324786324786,0.002136752136752,0.051282051282051,0.236842105263158,0.157894736842105,0.421052631578947,0.184210526315789,12,18,"RNCMPT00039,min,GUGAGUC,RBD_v3_131385",0
"RNCMPT00040,max,AGUAGUU,RBD_v3_101106",76,1,0.08,0.02,0.04,0.09,0.07,0.05,0.03,0.03,0.12,0.01,0.02,0.04,0.05,0.07,0.05,0.03,0.08,0.11,0,0.01,0.257142857142857,0.2,0.228571428571429,0.314285714285714,9,15,"RNCMPT00040,max,AGUAGUU,RBD_v3_101106",0
"RNCMPT00040,max,AGUAGUU,RBD_v3_234645",76,1,0.08,0.02,0.04,0.09,0.07,0.05,0.03,0.03,0.12,0.01,0.02,0.04,0.05,0.07,0.05,0.03,0.08,0.11,0,0.01,0.184210526315789,0.131578947368421,0.394736842105263,0.289473684210526,14,20,"RNCMPT00040,max,AGUAGUU,RBD_v3_234645",0
"RNCMPT00040,max,UAGGUAG,RBD_v3_229896",76,1,0.08,0.02,0.04,0.09,0.07,0.05,0.03,0.03,0.12,0.01,0.02,0.04,0.05,0.07,0.05,0.03,0.08,0.11,0,0.01,0.257142857142857,0.142857142857143,0.371428571428571,0.228571428571429,7,13,"RNCMPT00040,max,UAGGUAG,RBD_v3_229896",0
"RNCMPT00040,min,CCCCCCC,RBD_v3_153897",76,0,0.08,0.02,0.04,0.09,0.07,0.05,0.03,0.03,0.12,0.01,0.02,0.04,0.05,0.07,0.05,0.03,0.08,0.11,0,0.01,0.184210526315789,0.342105263157895,0.184210526315789,0.289473684210526,8,14,"RNCMPT00040,min,CCCCCCC,RBD_v3_153897",1
"RNCMPT00040,min,CCCCCCC,RBD_v3_181436",76,0,0.08,0.02,0.04,0.09,0.07,0.05,0.03,0.03,0.12,0.01,0.02,0.04,0.05,0.07,0.05,0.03,0.08,0.11,0,0.01,0.285714285714286,0.4,0.114285714285714,0.2,25,31,"RNCMPT00040,min,CCCCCCC,RBD_v3_181436",0
"RNCMPT00040,min,CCCCCCU,RBD_v3_059971",76,0,0.08,0.02,0.04,0.09,0.07,0.05,0.03,0.03,0.12,0.01,0.02,0.04,0.05,0.07,0.05,0.03,0.08,0.11,0,0.01,0.114285714285714,0.314285714285714,0.142857142857143,0.428571428571429,17,23,"RNCMPT00040,min,CCCCCCU,RBD_v3_059971",1
"RNCMPT00041,max,UAGGUAG,RBD_v3_152603",77,1,0.052173913043478,0.017391304347826,0.060869565217391,0.065217391304348,0.073913043478261,0.091304347826087,0.021739130434783,0.030434782608696,0.073913043478261,0.047826086956522,0.056521739130435,0.017391304347826,0.056521739130435,0.047826086956522,0.060869565217391,0.052173913043478,0.069565217391304,0.078260869565217,0.004347826086957,0.021739130434783,0.314285714285714,0.171428571428571,0.285714285714286,0.228571428571429,5,11,"RNCMPT00041,max,UAGGUAG,RBD_v3_152603",0
"RNCMPT00041,max,UAGGUAG,RBD_v3_241293",77,1,0.052173913043478,0.017391304347826,0.060869565217391,0.065217391304348,0.073913043478261,0.091304347826087,0.021739130434783,0.030434782608696,0.073913043478261,0.047826086956522,0.056521739130435,0.017391304347826,0.056521739130435,0.047826086956522,0.060869565217391,0.052173913043478,0.069565217391304,0.078260869565217,0.004347826086957,0.021739130434783,0.314285714285714,0.171428571428571,0.285714285714286,0.228571428571429,5,11,"RNCMPT00041,max,UAGGUAG,RBD_v3_241293",0
"RNCMPT00041,max,UAGUUAG,RBD_v3_043887",77,1,0.052173913043478,0.017391304347826,0.060869565217391,0.065217391304348,0.073913043478261,0.091304347826087,0.021739130434783,0.030434782608696,0.073913043478261,0.047826086956522,0.056521739130435,0.017391304347826,0.056521739130435,0.047826086956522,0.060869565217391,0.052173913043478,0.069565217391304,0.078260869565217,0.004347826086957,0.021739130434783,0.342105263157895,0.210526315789474,0.184210526315789,0.263157894736842,20,26,"RNCMPT00041,max,UAGUUAG,RBD_v3_043887",0
"RNCMPT00041,min,GUCGUCU,RBD_v3_154646",77,0,0.052173913043478,0.017391304347826,0.060869565217391,0.065217391304348,0.073913043478261,0.091304347826087,0.021739130434783,0.030434782608696,0.073913043478261,0.047826086956522,0.056521739130435,0.017391304347826,0.056521739130435,0.047826086956522,0.060869565217391,0.052173913043478,0.069565217391304,0.078260869565217,0.004347826086957,0.021739130434783,0.236842105263158,0.263157894736842,0.263157894736842,0.236842105263158,3,9,"RNCMPT00041,min,GUCGUCU,RBD_v3_154646",1
"RNCMPT00041,min,UCGUCUU,RBD_v3_023327",77,0,0.052173913043478,0.017391304347826,0.060869565217391,0.065217391304348,0.073913043478261,0.091304347826087,0.021739130434783,0.030434782608696,0.073913043478261,0.047826086956522,0.056521739130435,0.017391304347826,0.056521739130435,0.047826086956522,0.060869565217391,0.052173913043478,0.069565217391304,0.078260869565217,0.004347826086957,0.021739130434783,0.2,0.066666666666667,0.266666666666667,0.466666666666667,5,11,"RNCMPT00041,min,UCGUCUU,RBD_v3_023327",1
"RNCMPT00041,min,UCGUCUU,RBD_v3_191229",77,0,0.052173913043478,0.017391304347826,0.060869565217391,0.065217391304348,0.073913043478261,0.091304347826087,0.021739130434783,0.030434782608696,0.073913043478261,0.047826086956522,0.056521739130435,0.017391304347826,0.056521739130435,0.047826086956522,0.060869565217391,0.052173913043478,0.069565217391304,0.078260869565217,0.004347826086957,0.021739130434783,0.1,0.333333333333333,0.266666666666667,0.3,4,10,"RNCMPT00041,min,UCGUCUU,RBD_v3_191229",1
"RNCMPT00042,max,AGAAAAA,RBD_v3_078881",81,1,0.053333333333333,0.12,0.026666666666667,0.053333333333333,0.053333333333333,0.066666666666667,0.066666666666667,0.053333333333333,0.066666666666667,0.04,0.013333333333333,0.066666666666667,0.08,0.013333333333333,0.106666666666667,0.026666666666667,0.04,0.026666666666667,0,0.026666666666667,0.421052631578947,0.105263157894737,0.31578947368421,0.157894736842105,1,7,"RNCMPT00042,max,AGAAAAA,RBD_v3_078881",1
"RNCMPT00042,max,GAAAAAA,RBD_v3_145240",81,1,0.053333333333333,0.12,0.026666666666667,0.053333333333333,0.053333333333333,0.066666666666667,0.066666666666667,0.053333333333333,0.066666666666667,0.04,0.013333333333333,0.066666666666667,0.08,0.013333333333333,0.106666666666667,0.026666666666667,0.04,0.026666666666667,0,0.026666666666667,0.421052631578947,0.157894736842105,0.263157894736842,0.157894736842105,12,18,"RNCMPT00042,max,GAAAAAA,RBD_v3_145240",0
"RNCMPT00042,max,GAAAAAA,RBD_v3_203948",81,1,0.053333333333333,0.12,0.026666666666667,0.053333333333333,0.053333333333333,0.066666666666667,0.066666666666667,0.053333333333333,0.066666666666667,0.04,0.013333333333333,0.066666666666667,0.08,0.013333333333333,0.106666666666667,0.026666666666667,0.04,0.026666666666667,0,0.026666666666667,0.5,0.157894736842105,0.210526315789474,0.131578947368421,2,8,"RNCMPT00042,max,GAAAAAA,RBD_v3_203948",0
"RNCMPT00042,min,AGGGGGG,RBD_v3_044820",81,0,0.053333333333333,0.12,0.026666666666667,0.053333333333333,0.053333333333333,0.066666666666667,0.066666666666667,0.053333333333333,0.066666666666667,0.04,0.013333333333333,0.066666666666667,0.08,0.013333333333333,0.106666666666667,0.026666666666667,0.04,0.026666666666667,0,0.026666666666667,0.263157894736842,0.263157894736842,0.289473684210526,0.184210526315789,18,24,"RNCMPT00042,min,AGGGGGG,RBD_v3_044820",1
"RNCMPT00042,min,AGGGGGG,RBD_v3_091465",81,0,0.053333333333333,0.12,0.026666666666667,0.053333333333333,0.053333333333333,0.066666666666667,0.066666666666667,0.053333333333333,0.066666666666667,0.04,0.013333333333333,0.066666666666667,0.08,0.013333333333333,0.106666666666667,0.026666666666667,0.04,0.026666666666667,0,0.026666666666667,0.210526315789474,0.105263157894737,0.473684210526316,0.210526315789474,1,7,"RNCMPT00042,min,AGGGGGG,RBD_v3_091465",1
"RNCMPT00042,min,AGGGGGG,RBD_v3_134069",81,0,0.053333333333333,0.12,0.026666666666667,0.053333333333333,0.053333333333333,0.066666666666667,0.066666666666667,0.053333333333333,0.066666666666667,0.04,0.013333333333333,0.066666666666667,0.08,0.013333333333333,0.106666666666667,0.026666666666667,0.04,0.026666666666667,0,0.026666666666667,0.133333333333333,0.1,0.366666666666667,0.4,1,7,"RNCMPT00042,min,AGGGGGG,RBD_v3_134069",1
"RNCMPT00043,max,AAAAACA,RBD_v3_134704",90,1,0.08695652173913,0.009661835748792,0.053140096618357,0.077294685990338,0.060386473429952,0.072463768115942,0.009661835748792,0.045893719806763,0.096618357487923,0.065217391304348,0.033816425120773,0.050724637681159,0.033816425120773,0.036231884057971,0.060386473429952,0.070048309178744,0.028985507246377,0.072463768115942,0.002415458937198,0.033816425120773,0.447368421052632,0.131578947368421,0.184210526315789,0.236842105263158,5,11,"RNCMPT00043,max,AAAAACA,RBD_v3_134704",1
"RNCMPT00043,max,AAAAACA,RBD_v3_225575",90,1,0.08695652173913,0.009661835748792,0.053140096618357,0.077294685990338,0.060386473429952,0.072463768115942,0.009661835748792,0.045893719806763,0.096618357487923,0.065217391304348,0.033816425120773,0.050724637681159,0.033816425120773,0.036231884057971,0.060386473429952,0.070048309178744,0.028985507246377,0.072463768115942,0.002415458937198,0.033816425120773,0.447368421052632,0.184210526315789,0.236842105263158,0.131578947368421,4,10,"RNCMPT00043,max,AAAAACA,RBD_v3_225575",1
"RNCMPT00043,max,AAAAACA,RBD_v3_238142",90,1,0.08695652173913,0.009661835748792,0.053140096618357,0.077294685990338,0.060386473429952,0.072463768115942,0.009661835748792,0.045893719806763,0.096618357487923,0.065217391304348,0.033816425120773,0.050724637681159,0.033816425120773,0.036231884057971,0.060386473429952,0.070048309178744,0.028985507246377,0.072463768115942,0.002415458937198,0.033816425120773,0.447368421052632,0.131578947368421,0.184210526315789,0.236842105263158,5,11,"RNCMPT00043,max,AAAAACA,RBD_v3_238142",1
"RNCMPT00043,min,GUUUGGG,RBD_v3_041678",90,0,0.08695652173913,0.009661835748792,0.053140096618357,0.077294685990338,0.060386473429952,0.072463768115942,0.009661835748792,0.045893719806763,0.096618357487923,0.065217391304348,0.033816425120773,0.050724637681159,0.033816425120773,0.036231884057971,0.060386473429952,0.070048309178744,0.028985507246377,0.072463768115942,0.002415458937198,0.033816425120773,0.102564102564102,0.128205128205128,0.384615384615385,0.384615384615385,32,38,"RNCMPT00043,min,GUUUGGG,RBD_v3_041678",1
"RNCMPT00043,min,UGUUUGG,RBD_v3_106110",90,0,0.08695652173913,0.009661835748792,0.053140096618357,0.077294685990338,0.060386473429952,0.072463768115942,0.009661835748792,0.045893719806763,0.096618357487923,0.065217391304348,0.033816425120773,0.050724637681159,0.033816425120773,0.036231884057971,0.060386473429952,0.070048309178744,0.028985507246377,0.072463768115942,0.002415458937198,0.033816425120773,0.166666666666667,0.233333333333333,0.366666666666667,0.233333333333333,23,29,"RNCMPT00043,min,UGUUUGG,RBD_v3_106110",1
"RNCMPT00043,min,UGUUUGG,RBD_v3_184459",90,0,0.08695652173913,0.009661835748792,0.053140096618357,0.077294685990338,0.060386473429952,0.072463768115942,0.009661835748792,0.045893719806763,0.096618357487923,0.065217391304348,0.033816425120773,0.050724637681159,0.033816425120773,0.036231884057971,0.060386473429952,0.070048309178744,0.028985507246377,0.072463768115942,0.002415458937198,0.033816425120773,0.102564102564102,0.102564102564102,0.41025641025641,0.384615384615385,24,30,"RNCMPT00043,min,UGUUUGG,RBD_v3_184459",1
"RNCMPT00044,max,CCCCCCC,RBD_v3_095560",95,1,0.074626865671642,0.017910447761194,0.023880597014925,0.059701492537313,0.014925373134328,0.104477611940299,0.014925373134328,0.11044776119403,0.050746268656716,0.062686567164179,0.032835820895522,0.032835820895522,0.056716417910448,0.056716417910448,0.038805970149254,0.104477611940299,0.071641791044776,0.053731343283582,0.002985074626866,0.014925373134328,0.133333333333333,0.433333333333333,0.333333333333333,0.1,17,23,"RNCMPT00044,max,CCCCCCC,RBD_v3_095560",1
"RNCMPT00044,max,CCUUCCC,RBD_v3_003952",95,1,0.074626865671642,0.017910447761194,0.023880597014925,0.059701492537313,0.014925373134328,0.104477611940299,0.014925373134328,0.11044776119403,0.050746268656716,0.062686567164179,0.032835820895522,0.032835820895522,0.056716417910448,0.056716417910448,0.038805970149254,0.104477611940299,0.071641791044776,0.053731343283582,0.002985074626866,0.014925373134328,0.289473684210526,0.342105263157895,0.105263157894737,0.263157894736842,15,21,"RNCMPT00044,max,CCUUCCC,RBD_v3_003952",0
"RNCMPT00044,max,CCUUUCC,RBD_v3_066099",95,1,0.074626865671642,0.017910447761194,0.023880597014925,0.059701492537313,0.014925373134328,0.104477611940299,0.014925373134328,0.11044776119403,0.050746268656716,0.062686567164179,0.032835820895522,0.032835820895522,0.056716417910448,0.056716417910448,0.038805970149254,0.104477611940299,0.071641791044776,0.053731343283582,0.002985074626866,0.014925373134328,0.131578947368421,0.289473684210526,0.236842105263158,0.342105263157895,29,35,"RNCMPT00044,max,CCUUUCC,RBD_v3_066099",1
"RNCMPT00044,min,GGGCGGG,RBD_v3_023026",95,0,0.074626865671642,0.017910447761194,0.023880597014925,0.059701492537313,0.014925373134328,0.104477611940299,0.014925373134328,0.11044776119403,0.050746268656716,0.062686567164179,0.032835820895522,0.032835820895522,0.056716417910448,0.056716417910448,0.038805970149254,0.104477611940299,0.071641791044776,0.053731343283582,0.002985074626866,0.014925373134328,0.333333333333333,0.133333333333333,0.4,0.133333333333333,20,26,"RNCMPT00044,min,GGGCGGG,RBD_v3_023026",1
"RNCMPT00044,min,GGGCGGG,RBD_v3_078608",95,0,0.074626865671642,0.017910447761194,0.023880597014925,0.059701492537313,0.014925373134328,0.104477611940299,0.014925373134328,0.11044776119403,0.050746268656716,0.062686567164179,0.032835820895522,0.032835820895522,0.056716417910448,0.056716417910448,0.038805970149254,0.104477611940299,0.071641791044776,0.053731343283582,0.002985074626866,0.014925373134328,0.342105263157895,0.236842105263158,0.31578947368421,0.105263157894737,2,8,"RNCMPT00044,min,GGGCGGG,RBD_v3_078608",1
"RNCMPT00044,min,GGGCGGG,RBD_v3_214839",95,0,0.074626865671642,0.017910447761194,0.023880597014925,0.059701492537313,0.014925373134328,0.104477611940299,0.014925373134328,0.11044776119403,0.050746268656716,0.062686567164179,0.032835820895522,0.032835820895522,0.056716417910448,0.056716417910448,0.038805970149254,0.104477611940299,0.071641791044776,0.053731343283582,0.002985074626866,0.014925373134328,0.257142857142857,0.2,0.285714285714286,0.257142857142857,11,17,"RNCMPT00044,min,GGGCGGG,RBD_v3_214839",0
"RNCMPT00045,max,GCGCGCG,RBD_v3_037870",103,1,0.048780487804878,0.018292682926829,0.073170731707317,0.073170731707317,0.073170731707317,0.048780487804878,0.024390243902439,0.036585365853659,0.048780487804878,0.048780487804878,0.00609756097561,0.01219512195122,0.036585365853659,0.054878048780488,0.158536585365854,0.128048780487805,0.024390243902439,0.042682926829268,0,0.042682926829268,0.142857142857143,0.428571428571429,0.228571428571429,0.2,28,34,"RNCMPT00045,max,GCGCGCG,RBD_v3_037870",1
"RNCMPT00045,max,GCGCGCG,RBD_v3_162833",103,1,0.048780487804878,0.018292682926829,0.073170731707317,0.073170731707317,0.073170731707317,0.048780487804878,0.024390243902439,0.036585365853659,0.048780487804878,0.048780487804878,0.00609756097561,0.01219512195122,0.036585365853659,0.054878048780488,0.158536585365854,0.128048780487805,0.024390243902439,0.042682926829268,0,0.042682926829268,0.166666666666667,0.333333333333333,0.433333333333333,0.066666666666667,20,26,"RNCMPT00045,max,GCGCGCG,RBD_v3_162833",1
"RNCMPT00045,max,UGCGCGC,RBD_v3_235837",103,1,0.048780487804878,0.018292682926829,0.073170731707317,0.073170731707317,0.073170731707317,0.048780487804878,0.024390243902439,0.036585365853659,0.048780487804878,0.048780487804878,0.00609756097561,0.01219512195122,0.036585365853659,0.054878048780488,0.158536585365854,0.128048780487805,0.024390243902439,0.042682926829268,0,0.042682926829268,0.263157894736842,0.236842105263158,0.263157894736842,0.236842105263158,11,17,"RNCMPT00045,max,UGCGCGC,RBD_v3_235837",0
"RNCMPT00045,min,GGGGGGG,RBD_v3_162504",103,0,0.048780487804878,0.018292682926829,0.073170731707317,0.073170731707317,0.073170731707317,0.048780487804878,0.024390243902439,0.036585365853659,0.048780487804878,0.048780487804878,0.00609756097561,0.01219512195122,0.036585365853659,0.054878048780488,0.158536585365854,0.128048780487805,0.024390243902439,0.042682926829268,0,0.042682926829268,0.289473684210526,0.157894736842105,0.394736842105263,0.157894736842105,9,15,"RNCMPT00045,min,GGGGGGG,RBD_v3_162504",1
"RNCMPT00045,min,GGGGGGG,RBD_v3_223121",103,0,0.048780487804878,0.018292682926829,0.073170731707317,0.073170731707317,0.073170731707317,0.048780487804878,0.024390243902439,0.036585365853659,0.048780487804878,0.048780487804878,0.00609756097561,0.01219512195122,0.036585365853659,0.054878048780488,0.158536585365854,0.128048780487805,0.024390243902439,0.042682926829268,0,0.042682926829268,0.292682926829268,0.121951219512195,0.439024390243902,0.146341463414634,5,11,"RNCMPT00045,min,GGGGGGG,RBD_v3_223121",1
"RNCMPT00045,min,GGGGGGG,RBD_v3_224570",103,0,0.048780487804878,0.018292682926829,0.073170731707317,0.073170731707317,0.073170731707317,0.048780487804878,0.024390243902439,0.036585365853659,0.048780487804878,0.048780487804878,0.00609756097561,0.01219512195122,0.036585365853659,0.054878048780488,0.158536585365854,0.128048780487805,0.024390243902439,0.042682926829268,0,0.042682926829268,0.285714285714286,0.171428571428571,0.485714285714286,0.057142857142857,23,29,"RNCMPT00045,min,GGGGGGG,RBD_v3_224570",0
"RNCMPT00047,max,ACUAACA,RBD_v3_101765",112,1,0.096774193548387,0.005865102639296,0.041055718475073,0.079178885630499,0.01466275659824,0.06158357771261,0.017595307917889,0.055718475073314,0.070381231671554,0.096774193548387,0.038123167155425,0.041055718475073,0.096774193548387,0.032258064516129,0.058651026392962,0.032258064516129,0.064516129032258,0.06158357771261,0.002932551319648,0.032258064516129,0.368421052631579,0.31578947368421,0.105263157894737,0.210526315789474,19,25,"RNCMPT00047,max,ACUAACA,RBD_v3_101765",1
"RNCMPT00047,max,ACUAACA,RBD_v3_136295",112,1,0.096774193548387,0.005865102639296,0.041055718475073,0.079178885630499,0.01466275659824,0.06158357771261,0.017595307917889,0.055718475073314,0.070381231671554,0.096774193548387,0.038123167155425,0.041055718475073,0.096774193548387,0.032258064516129,0.058651026392962,0.032258064516129,0.064516129032258,0.06158357771261,0.002932551319648,0.032258064516129,0.289473684210526,0.236842105263158,0.236842105263158,0.236842105263158,11,17,"RNCMPT00047,max,ACUAACA,RBD_v3_136295",1
"RNCMPT00047,max,UACUAAC,RBD_v3_135151",112,1,0.096774193548387,0.005865102639296,0.041055718475073,0.079178885630499,0.01466275659824,0.06158357771261,0.017595307917889,0.055718475073314,0.070381231671554,0.096774193548387,0.038123167155425,0.041055718475073,0.096774193548387,0.032258064516129,0.058651026392962,0.032258064516129,0.064516129032258,0.06158357771261,0.002932551319648,0.032258064516129,0.263157894736842,0.263157894736842,0.210526315789474,0.263157894736842,29,35,"RNCMPT00047,max,UACUAAC,RBD_v3_135151",1
"RNCMPT00047,min,GGCGGGC,RBD_v3_105764",112,0,0.096774193548387,0.005865102639296,0.041055718475073,0.079178885630499,0.01466275659824,0.06158357771261,0.017595307917889,0.055718475073314,0.070381231671554,0.096774193548387,0.038123167155425,0.041055718475073,0.096774193548387,0.032258064516129,0.058651026392962,0.032258064516129,0.064516129032258,0.06158357771261,0.002932551319648,0.032258064516129,0.263157894736842,0.236842105263158,0.236842105263158,0.263157894736842,2,8,"RNCMPT00047,min,GGCGGGC,RBD_v3_105764",1
"RNCMPT00047,min,GGCGGGC,RBD_v3_156207",112,0,0.096774193548387,0.005865102639296,0.041055718475073,0.079178885630499,0.01466275659824,0.06158357771261,0.017595307917889,0.055718475073314,0.070381231671554,0.096774193548387,0.038123167155425,0.041055718475073,0.096774193548387,0.032258064516129,0.058651026392962,0.032258064516129,0.064516129032258,0.06158357771261,0.002932551319648,0.032258064516129,0.285714285714286,0.228571428571429,0.285714285714286,0.2,11,17,"RNCMPT00047,min,GGCGGGC,RBD_v3_156207",1
"RNCMPT00047,min,GGCGGGC,RBD_v3_166585",112,0,0.096774193548387,0.005865102639296,0.041055718475073,0.079178885630499,0.01466275659824,0.06158357771261,0.017595307917889,0.055718475073314,0.070381231671554,0.096774193548387,0.038123167155425,0.041055718475073,0.096774193548387,0.032258064516129,0.058651026392962,0.032258064516129,0.064516129032258,0.06158357771261,0.002932551319648,0.032258064516129,0.233333333333333,0.2,0.3,0.266666666666667,14,20,"RNCMPT00047,min,GGCGGGC,RBD_v3_166585",1
"RNCMPT00049,max,AGAGUAG,RBD_v3_019295",117,1,0.076175040518639,0.014586709886548,0.06645056726094,0.113452188006483,0.038897893030794,0.063209076175041,0.016207455429498,0.030794165316045,0.126418152350081,0.087520259319287,0.019448946515397,0.034035656401945,0.035656401944895,0.047001620745543,0.058346839546191,0.058346839546191,0.040518638573744,0.063209076175041,0.00162074554295,0.008103727714749,0.233333333333333,0.133333333333333,0.366666666666667,0.266666666666667,1,7,"RNCMPT00049,max,AGAGUAG,RBD_v3_019295",1
"RNCMPT00049,max,AGAGUAG,RBD_v3_073041",117,1,0.076175040518639,0.014586709886548,0.06645056726094,0.113452188006483,0.038897893030794,0.063209076175041,0.016207455429498,0.030794165316045,0.126418152350081,0.087520259319287,0.019448946515397,0.034035656401945,0.035656401944895,0.047001620745543,0.058346839546191,0.058346839546191,0.040518638573744,0.063209076175041,0.00162074554295,0.008103727714749,0.4,0.114285714285714,0.342857142857143,0.142857142857143,1,7,"RNCMPT00049,max,AGAGUAG,RBD_v3_073041",1
"RNCMPT00049,max,AGAGUAG,RBD_v3_115591",117,1,0.076175040518639,0.014586709886548,0.06645056726094,0.113452188006483,0.038897893030794,0.063209076175041,0.016207455429498,0.030794165316045,0.126418152350081,0.087520259319287,0.019448946515397,0.034035656401945,0.035656401944895,0.047001620745543,0.058346839546191,0.058346839546191,0.040518638573744,0.063209076175041,0.00162074554295,0.008103727714749,0.368421052631579,0.184210526315789,0.263157894736842,0.184210526315789,1,7,"RNCMPT00049,max,AGAGUAG,RBD_v3_115591",1
"RNCMPT00049,min,AGGGGGC,RBD_v3_046490",117,0,0.076175040518639,0.014586709886548,0.06645056726094,0.113452188006483,0.038897893030794,0.063209076175041,0.016207455429498,0.030794165316045,0.126418152350081,0.087520259319287,0.019448946515397,0.034035656401945,0.035656401944895,0.047001620745543,0.058346839546191,0.058346839546191,0.040518638573744,0.063209076175041,0.00162074554295,0.008103727714749,0.236842105263158,0.105263157894737,0.421052631578947,0.236842105263158,19,25,"RNCMPT00049,min,AGGGGGC,RBD_v3_046490",1
"RNCMPT00049,min,GGGGGCC,RBD_v3_009932",117,0,0.076175040518639,0.014586709886548,0.06645056726094,0.113452188006483,0.038897893030794,0.063209076175041,0.016207455429498,0.030794165316045,0.126418152350081,0.087520259319287,0.019448946515397,0.034035656401945,0.035656401944895,0.047001620745543,0.058346839546191,0.058346839546191,0.040518638573744,0.063209076175041,0.00162074554295,0.008103727714749,0.289473684210526,0.263157894736842,0.263157894736842,0.184210526315789,2,8,"RNCMPT00049,min,GGGGGCC,RBD_v3_009932",1
"RNCMPT00049,min,GGGGGGC,RBD_v3_008495",117,0,0.076175040518639,0.014586709886548,0.06645056726094,0.113452188006483,0.038897893030794,0.063209076175041,0.016207455429498,0.030794165316045,0.126418152350081,0.087520259319287,0.019448946515397,0.034035656401945,0.035656401944895,0.047001620745543,0.058346839546191,0.058346839546191,0.040518638573744,0.063209076175041,0.00162074554295,0.008103727714749,0.371428571428571,0.171428571428571,0.371428571428571,0.085714285714286,6,12,"RNCMPT00049,min,GGGGGGC,RBD_v3_008495",1
"RNCMPT00050,max,AGAUACU,RBD_v3_224582",118,1,0.0546875,0,0.0546875,0.0625,0.0625,0.203125,0.03125,0.0234375,0.0234375,0.03125,0.0234375,0.03125,0.0234375,0.03125,0.1015625,0.1015625,0.0390625,0.0546875,0,0.046875,0.368421052631579,0.131578947368421,0.236842105263158,0.263157894736842,1,7,"RNCMPT00050,max,AGAUACU,RBD_v3_224582",0
"RNCMPT00050,max,GAUACGA,RBD_v3_130370",118,1,0.0546875,0,0.0546875,0.0625,0.0625,0.203125,0.03125,0.0234375,0.0234375,0.03125,0.0234375,0.03125,0.0234375,0.03125,0.1015625,0.1015625,0.0390625,0.0546875,0,0.046875,0.342857142857143,0.228571428571429,0.314285714285714,0.114285714285714,20,26,"RNCMPT00050,max,GAUACGA,RBD_v3_130370",0
"RNCMPT00050,max,GAUACGA,RBD_v3_210309",118,1,0.0546875,0,0.0546875,0.0625,0.0625,0.203125,0.03125,0.0234375,0.0234375,0.03125,0.0234375,0.03125,0.0234375,0.03125,0.1015625,0.1015625,0.0390625,0.0546875,0,0.046875,0.289473684210526,0.263157894736842,0.210526315789474,0.236842105263158,2,8,"RNCMPT00050,max,GAUACGA,RBD_v3_210309",0
"RNCMPT00050,min,AGGGGGG,RBD_v3_095475",118,0,0.0546875,0,0.0546875,0.0625,0.0625,0.203125,0.03125,0.0234375,0.0234375,0.03125,0.0234375,0.03125,0.0234375,0.03125,0.1015625,0.1015625,0.0390625,0.0546875,0,0.046875,0.171428571428571,0.171428571428571,0.457142857142857,0.2,11,17,"RNCMPT00050,min,AGGGGGG,RBD_v3_095475",0
"RNCMPT00050,min,AGGGGGG,RBD_v3_115041",118,0,0.0546875,0,0.0546875,0.0625,0.0625,0.203125,0.03125,0.0234375,0.0234375,0.03125,0.0234375,0.03125,0.0234375,0.03125,0.1015625,0.1015625,0.0390625,0.0546875,0,0.046875,0.2,0.1,0.433333333333333,0.266666666666667,1,7,"RNCMPT00050,min,AGGGGGG,RBD_v3_115041",0
"RNCMPT00050,min,AGGGGGG,RBD_v3_190677",118,0,0.0546875,0,0.0546875,0.0625,0.0625,0.203125,0.03125,0.0234375,0.0234375,0.03125,0.0234375,0.03125,0.0234375,0.03125,0.1015625,0.1015625,0.0390625,0.0546875,0,0.046875,0.263157894736842,0.184210526315789,0.447368421052632,0.105263157894737,1,7,"RNCMPT00050,min,AGGGGGG,RBD_v3_190677",1
"RNCMPT00051,max,GUGUGUG,RBD_v3_100125",119,1,0.112359550561798,0.01123595505618,0.089887640449438,0.033707865168539,0.056179775280899,0.101123595505618,0.01123595505618,0.056179775280899,0.078651685393258,0.044943820224719,0.01123595505618,0.033707865168539,0.044943820224719,0.02247191011236,0.078651685393258,0.02247191011236,0.089887640449438,0.056179775280899,0,0.044943820224719,0.102564102564102,0.102564102564102,0.435897435897436,0.358974358974359,17,23,"RNCMPT00051,max,GUGUGUG,RBD_v3_100125",0
"RNCMPT00051,max,GUGUGUG,RBD_v3_232088",119,1,0.112359550561798,0.01123595505618,0.089887640449438,0.033707865168539,0.056179775280899,0.101123595505618,0.01123595505618,0.056179775280899,0.078651685393258,0.044943820224719,0.01123595505618,0.033707865168539,0.044943820224719,0.02247191011236,0.078651685393258,0.02247191011236,0.089887640449438,0.056179775280899,0,0.044943820224719,0.210526315789474,0.236842105263158,0.263157894736842,0.289473684210526,29,35,"RNCMPT00051,max,GUGUGUG,RBD_v3_232088",0
"RNCMPT00051,max,UGUGUGU,RBD_v3_235740",119,1,0.112359550561798,0.01123595505618,0.089887640449438,0.033707865168539,0.056179775280899,0.101123595505618,0.01123595505618,0.056179775280899,0.078651685393258,0.044943820224719,0.01123595505618,0.033707865168539,0.044943820224719,0.02247191011236,0.078651685393258,0.02247191011236,0.089887640449438,0.056179775280899,0,0.044943820224719,0.257142857142857,0.228571428571429,0.257142857142857,0.257142857142857,28,34,"RNCMPT00051,max,UGUGUGU,RBD_v3_235740",0
"RNCMPT00051,min,ACAGGCG,RBD_v3_068254",119,0,0.112359550561798,0.01123595505618,0.089887640449438,0.033707865168539,0.056179775280899,0.101123595505618,0.01123595505618,0.056179775280899,0.078651685393258,0.044943820224719,0.01123595505618,0.033707865168539,0.044943820224719,0.02247191011236,0.078651685393258,0.02247191011236,0.089887640449438,0.056179775280899,0,0.044943820224719,0.31578947368421,0.210526315789474,0.289473684210526,0.184210526315789,15,21,"RNCMPT00051,min,ACAGGCG,RBD_v3_068254",0
"RNCMPT00051,min,CGGCGCC,RBD_v3_016686",119,0,0.112359550561798,0.01123595505618,0.089887640449438,0.033707865168539,0.056179775280899,0.101123595505618,0.01123595505618,0.056179775280899,0.078651685393258,0.044943820224719,0.01123595505618,0.033707865168539,0.044943820224719,0.02247191011236,0.078651685393258,0.02247191011236,0.089887640449438,0.056179775280899,0,0.044943820224719,0.285714285714286,0.285714285714286,0.257142857142857,0.171428571428571,4,10,"RNCMPT00051,min,CGGCGCC,RBD_v3_016686",0
"RNCMPT00051,min,CGGCGCC,RBD_v3_030843",119,0,0.112359550561798,0.01123595505618,0.089887640449438,0.033707865168539,0.056179775280899,0.101123595505618,0.01123595505618,0.056179775280899,0.078651685393258,0.044943820224719,0.01123595505618,0.033707865168539,0.044943820224719,0.02247191011236,0.078651685393258,0.02247191011236,0.089887640449438,0.056179775280899,0,0.044943820224719,0.257142857142857,0.314285714285714,0.2,0.228571428571429,26,32,"RNCMPT00051,min,CGGCGCC,RBD_v3_030843",0
"RNCMPT00052,max,CGCGCGG,RBD_v3_206656",120,1,0.062146892655367,0.033898305084746,0.045197740112994,0.101694915254237,0.033898305084746,0.073446327683616,0.045197740112994,0.067796610169492,0.084745762711864,0.062146892655367,0.022598870056497,0.050847457627119,0.028248587570621,0.028248587570621,0.056497175141243,0.050847457627119,0.050847457627119,0.062146892655367,0.005649717514124,0.033898305084746,0.257142857142857,0.314285714285714,0.285714285714286,0.142857142857143,19,25,"RNCMPT00052,max,CGCGCGG,RBD_v3_206656",1
"RNCMPT00052,max,GCGCGCG,RBD_v3_147842",120,1,0.062146892655367,0.033898305084746,0.045197740112994,0.101694915254237,0.033898305084746,0.073446327683616,0.045197740112994,0.067796610169492,0.084745762711864,0.062146892655367,0.022598870056497,0.050847457627119,0.028248587570621,0.028248587570621,0.056497175141243,0.050847457627119,0.050847457627119,0.062146892655367,0.005649717514124,0.033898305084746,0.236842105263158,0.263157894736842,0.289473684210526,0.210526315789474,27,33,"RNCMPT00052,max,GCGCGCG,RBD_v3_147842",1
"RNCMPT00052,max,GCGCGCG,RBD_v3_149085",120,1,0.062146892655367,0.033898305084746,0.045197740112994,0.101694915254237,0.033898305084746,0.073446327683616,0.045197740112994,0.067796610169492,0.084745762711864,0.062146892655367,0.022598870056497,0.050847457627119,0.028248587570621,0.028248587570621,0.056497175141243,0.050847457627119,0.050847457627119,0.062146892655367,0.005649717514124,0.033898305084746,0.166666666666667,0.333333333333333,0.333333333333333,0.166666666666667,21,27,"RNCMPT00052,max,GCGCGCG,RBD_v3_149085",0
"RNCMPT00052,min,CCCCCCA,RBD_v3_025151",120,0,0.062146892655367,0.033898305084746,0.045197740112994,0.101694915254237,0.033898305084746,0.073446327683616,0.045197740112994,0.067796610169492,0.084745762711864,0.062146892655367,0.022598870056497,0.050847457627119,0.028248587570621,0.028248587570621,0.056497175141243,0.050847457627119,0.050847457627119,0.062146892655367,0.005649717514124,0.033898305084746,0.131578947368421,0.394736842105263,0.184210526315789,0.289473684210526,6,12,"RNCMPT00052,min,CCCCCCA,RBD_v3_025151",1
"RNCMPT00052,min,CCCCCCC,RBD_v3_166722",120,0,0.062146892655367,0.033898305084746,0.045197740112994,0.101694915254237,0.033898305084746,0.073446327683616,0.045197740112994,0.067796610169492,0.084745762711864,0.062146892655367,0.022598870056497,0.050847457627119,0.028248587570621,0.028248587570621,0.056497175141243,0.050847457627119,0.050847457627119,0.062146892655367,0.005649717514124,0.033898305084746,0.236842105263158,0.289473684210526,0.263157894736842,0.210526315789474,14,20,"RNCMPT00052,min,CCCCCCC,RBD_v3_166722",1
"RNCMPT00052,min,UUUUUUU,RBD_v3_117413",120,0,0.062146892655367,0.033898305084746,0.045197740112994,0.101694915254237,0.033898305084746,0.073446327683616,0.045197740112994,0.067796610169492,0.084745762711864,0.062146892655367,0.022598870056497,0.050847457627119,0.028248587570621,0.028248587570621,0.056497175141243,0.050847457627119,0.050847457627119,0.062146892655367,0.005649717514124,0.033898305084746,0.133333333333333,0.266666666666667,0.2,0.4,24,30,"RNCMPT00052,min,UUUUUUU,RBD_v3_117413",1
"RNCMPT00053,max,AUACAUU,RBD_v3_020368",121,1,0.03921568627451,0.013071895424837,0.013071895424837,0.084967320261438,0.052287581699346,0.065359477124183,0.013071895424837,0.071895424836601,0.084967320261438,0.084967320261438,0.026143790849673,0.052287581699346,0.071895424836601,0.058823529411765,0.065359477124183,0.071895424836601,0.058823529411765,0.03921568627451,0.013071895424837,0.019607843137255,0.289473684210526,0.184210526315789,0.210526315789474,0.31578947368421,21,27,"RNCMPT00053,max,AUACAUU,RBD_v3_020368",1
"RNCMPT00053,max,UUACAUU,RBD_v3_003688",121,1,0.03921568627451,0.013071895424837,0.013071895424837,0.084967320261438,0.052287581699346,0.065359477124183,0.013071895424837,0.071895424836601,0.084967320261438,0.084967320261438,0.026143790849673,0.052287581699346,0.071895424836601,0.058823529411765,0.065359477124183,0.071895424836601,0.058823529411765,0.03921568627451,0.013071895424837,0.019607843137255,0.394736842105263,0.184210526315789,0.184210526315789,0.236842105263158,8,14,"RNCMPT00053,max,UUACAUU,RBD_v3_003688",1
"RNCMPT00053,max,UUACAUU,RBD_v3_109106",121,1,0.03921568627451,0.013071895424837,0.013071895424837,0.084967320261438,0.052287581699346,0.065359477124183,0.013071895424837,0.071895424836601,0.084967320261438,0.084967320261438,0.026143790849673,0.052287581699346,0.071895424836601,0.058823529411765,0.065359477124183,0.071895424836601,0.058823529411765,0.03921568627451,0.013071895424837,0.019607843137255,0.342105263157895,0.131578947368421,0.184210526315789,0.342105263157895,18,24,"RNCMPT00053,max,UUACAUU,RBD_v3_109106",1
"RNCMPT00053,min,AGUGAGU,RBD_v3_137169",121,0,0.03921568627451,0.013071895424837,0.013071895424837,0.084967320261438,0.052287581699346,0.065359477124183,0.013071895424837,0.071895424836601,0.084967320261438,0.084967320261438,0.026143790849673,0.052287581699346,0.071895424836601,0.058823529411765,0.065359477124183,0.071895424836601,0.058823529411765,0.03921568627451,0.013071895424837,0.019607843137255,0.333333333333333,0.233333333333333,0.266666666666667,0.166666666666667,20,26,"RNCMPT00053,min,AGUGAGU,RBD_v3_137169",1
"RNCMPT00053,min,GUGUGAG,RBD_v3_031458",121,0,0.03921568627451,0.013071895424837,0.013071895424837,0.084967320261438,0.052287581699346,0.065359477124183,0.013071895424837,0.071895424836601,0.084967320261438,0.084967320261438,0.026143790849673,0.052287581699346,0.071895424836601,0.058823529411765,0.065359477124183,0.071895424836601,0.058823529411765,0.03921568627451,0.013071895424837,0.019607843137255,0.289473684210526,0.105263157894737,0.421052631578947,0.184210526315789,16,22,"RNCMPT00053,min,GUGUGAG,RBD_v3_031458",1
"RNCMPT00053,min,GUGUGAG,RBD_v3_032476",121,0,0.03921568627451,0.013071895424837,0.013071895424837,0.084967320261438,0.052287581699346,0.065359477124183,0.013071895424837,0.071895424836601,0.084967320261438,0.084967320261438,0.026143790849673,0.052287581699346,0.071895424836601,0.058823529411765,0.065359477124183,0.071895424836601,0.058823529411765,0.03921568627451,0.013071895424837,0.019607843137255,0.342857142857143,0.085714285714286,0.428571428571429,0.142857142857143,16,22,"RNCMPT00053,min,GUGUGAG,RBD_v3_032476",1
"RNCMPT00054,max,AUGAUUA,RBD_v3_224059",124,1,0.073529411764706,0.011764705882353,0.035294117647059,0.102941176470588,0.05,0.070588235294118,0.014705882352941,0.055882352941176,0.085294117647059,0.061764705882353,0.035294117647059,0.052941176470588,0.058823529411765,0.026470588235294,0.058823529411765,0.032352941176471,0.05,0.082352941176471,0.011764705882353,0.029411764705882,0.289473684210526,0.184210526315789,0.236842105263158,0.289473684210526,4,10,"RNCMPT00054,max,AUGAUUA,RBD_v3_224059",1
"RNCMPT00054,max,GAAUCAA,RBD_v3_020188",124,1,0.073529411764706,0.011764705882353,0.035294117647059,0.102941176470588,0.05,0.070588235294118,0.014705882352941,0.055882352941176,0.085294117647059,0.061764705882353,0.035294117647059,0.052941176470588,0.058823529411765,0.026470588235294,0.058823529411765,0.032352941176471,0.05,0.082352941176471,0.011764705882353,0.029411764705882,0.31578947368421,0.236842105263158,0.236842105263158,0.210526315789474,17,23,"RNCMPT00054,max,GAAUCAA,RBD_v3_020188",0
"RNCMPT00054,max,GAAUCAA,RBD_v3_103262",124,1,0.073529411764706,0.011764705882353,0.035294117647059,0.102941176470588,0.05,0.070588235294118,0.014705882352941,0.055882352941176,0.085294117647059,0.061764705882353,0.035294117647059,0.052941176470588,0.058823529411765,0.026470588235294,0.058823529411765,0.032352941176471,0.05,0.082352941176471,0.011764705882353,0.029411764705882,0.428571428571429,0.257142857142857,0.171428571428571,0.142857142857143,15,21,"RNCMPT00054,max,GAAUCAA,RBD_v3_103262",1
"RNCMPT00054,min,CGGGUUU,RBD_v3_019329",124,0,0.073529411764706,0.011764705882353,0.035294117647059,0.102941176470588,0.05,0.070588235294118,0.014705882352941,0.055882352941176,0.085294117647059,0.061764705882353,0.035294117647059,0.052941176470588,0.058823529411765,0.026470588235294,0.058823529411765,0.032352941176471,0.05,0.082352941176471,0.011764705882353,0.029411764705882,0.285714285714286,0.142857142857143,0.2,0.371428571428571,4,10,"RNCMPT00054,min,CGGGUUU,RBD_v3_019329",0
"RNCMPT00054,min,CGGGUUU,RBD_v3_171394",124,0,0.073529411764706,0.011764705882353,0.035294117647059,0.102941176470588,0.05,0.070588235294118,0.014705882352941,0.055882352941176,0.085294117647059,0.061764705882353,0.035294117647059,0.052941176470588,0.058823529411765,0.026470588235294,0.058823529411765,0.032352941176471,0.05,0.082352941176471,0.011764705882353,0.029411764705882,0.133333333333333,0.233333333333333,0.366666666666667,0.266666666666667,8,14,"RNCMPT00054,min,CGGGUUU,RBD_v3_171394",1
"RNCMPT00054,min,GGGUUUU,RBD_v3_036071",124,0,0.073529411764706,0.011764705882353,0.035294117647059,0.102941176470588,0.05,0.070588235294118,0.014705882352941,0.055882352941176,0.085294117647059,0.061764705882353,0.035294117647059,0.052941176470588,0.058823529411765,0.026470588235294,0.058823529411765,0.032352941176471,0.05,0.082352941176471,0.011764705882353,0.029411764705882,0.076923076923077,0.128205128205128,0.435897435897436,0.358974358974359,4,10,"RNCMPT00054,min,GGGUUUU,RBD_v3_036071",0
"RNCMPT00055,max,ACGAAGG,RBD_v3_098406",126,1,0.071428571428571,0.010989010989011,0.084249084249084,0.058608058608059,0.023809523809524,0.062271062271062,0.016483516483516,0.036630036630037,0.053113553113553,0.049450549450549,0.018315018315018,0.027472527472527,0.051282051282051,0.071428571428571,0.06959706959707,0.119047619047619,0.06043956043956,0.043956043956044,0.007326007326007,0.064102564102564,0.371428571428571,0.285714285714286,0.257142857142857,0.085714285714286,9,15,"RNCMPT00055,max,ACGAAGG,RBD_v3_098406",0
"RNCMPT00055,max,ACGAAGG,RBD_v3_102192",126,1,0.071428571428571,0.010989010989011,0.084249084249084,0.058608058608059,0.023809523809524,0.062271062271062,0.016483516483516,0.036630036630037,0.053113553113553,0.049450549450549,0.018315018315018,0.027472527472527,0.051282051282051,0.071428571428571,0.06959706959707,0.119047619047619,0.06043956043956,0.043956043956044,0.007326007326007,0.064102564102564,0.5,0.1,0.3,0.1,13,19,"RNCMPT00055,max,ACGAAGG,RBD_v3_102192",1
"RNCMPT00055,max,ACGAAGG,RBD_v3_116228",126,1,0.071428571428571,0.010989010989011,0.084249084249084,0.058608058608059,0.023809523809524,0.062271062271062,0.016483516483516,0.036630036630037,0.053113553113553,0.049450549450549,0.018315018315018,0.027472527472527,0.051282051282051,0.071428571428571,0.06959706959707,0.119047619047619,0.06043956043956,0.043956043956044,0.007326007326007,0.064102564102564,0.333333333333333,0.2,0.333333333333333,0.133333333333333,21,27,"RNCMPT00055,max,ACGAAGG,RBD_v3_116228",0
"RNCMPT00055,min,AGACCCU,RBD_v3_211274",126,0,0.071428571428571,0.010989010989011,0.084249084249084,0.058608058608059,0.023809523809524,0.062271062271062,0.016483516483516,0.036630036630037,0.053113553113553,0.049450549450549,0.018315018315018,0.027472527472527,0.051282051282051,0.071428571428571,0.06959706959707,0.119047619047619,0.06043956043956,0.043956043956044,0.007326007326007,0.064102564102564,0.31578947368421,0.184210526315789,0.289473684210526,0.210526315789474,1,7,"RNCMPT00055,min,AGACCCU,RBD_v3_211274",1
"RNCMPT00055,min,AGACCCU,RBD_v3_220946",126,0,0.071428571428571,0.010989010989011,0.084249084249084,0.058608058608059,0.023809523809524,0.062271062271062,0.016483516483516,0.036630036630037,0.053113553113553,0.049450549450549,0.018315018315018,0.027472527472527,0.051282051282051,0.071428571428571,0.06959706959707,0.119047619047619,0.06043956043956,0.043956043956044,0.007326007326007,0.064102564102564,0.342105263157895,0.31578947368421,0.184210526315789,0.157894736842105,1,7,"RNCMPT00055,min,AGACCCU,RBD_v3_220946",1
"RNCMPT00055,min,CCCUUAC,RBD_v3_165348",126,0,0.071428571428571,0.010989010989011,0.084249084249084,0.058608058608059,0.023809523809524,0.062271062271062,0.016483516483516,0.036630036630037,0.053113553113553,0.049450549450549,0.018315018315018,0.027472527472527,0.051282051282051,0.071428571428571,0.06959706959707,0.119047619047619,0.06043956043956,0.043956043956044,0.007326007326007,0.064102564102564,0.228571428571429,0.371428571428571,0.2,0.2,4,10,"RNCMPT00055,min,CCCUUAC,RBD_v3_165348",0
"RNCMPT00056,max,GUGCGCG,RBD_v3_068291",128,1,0.045751633986928,0.006535947712418,0.071895424836601,0.117647058823529,0.026143790849673,0.117647058823529,0.026143790849673,0.03921568627451,0.07843137254902,0.052287581699346,0.019607843137255,0.019607843137255,0.03921568627451,0.032679738562092,0.124183006535948,0.052287581699346,0.032679738562092,0.045751633986928,0.013071895424837,0.03921568627451,0.210526315789474,0.342105263157895,0.236842105263158,0.210526315789474,19,25,"RNCMPT00056,max,GUGCGCG,RBD_v3_068291",0
"RNCMPT00056,min,AGGGGGG,RBD_v3_073145",128,0,0.045751633986928,0.006535947712418,0.071895424836601,0.117647058823529,0.026143790849673,0.117647058823529,0.026143790849673,0.03921568627451,0.07843137254902,0.052287581699346,0.019607843137255,0.019607843137255,0.03921568627451,0.032679738562092,0.124183006535948,0.052287581699346,0.032679738562092,0.045751633986928,0.013071895424837,0.03921568627451,0.263157894736842,0.210526315789474,0.342105263157895,0.184210526315789,20,26,"RNCMPT00056,min,AGGGGGG,RBD_v3_073145",0
"RNCMPT00056,min,AGGGGGG,RBD_v3_211338",128,0,0.045751633986928,0.006535947712418,0.071895424836601,0.117647058823529,0.026143790849673,0.117647058823529,0.026143790849673,0.03921568627451,0.07843137254902,0.052287581699346,0.019607843137255,0.019607843137255,0.03921568627451,0.032679738562092,0.124183006535948,0.052287581699346,0.032679738562092,0.045751633986928,0.013071895424837,0.03921568627451,0.236842105263158,0.131578947368421,0.473684210526316,0.157894736842105,9,15,"RNCMPT00056,min,AGGGGGG,RBD_v3_211338",0
"RNCMPT00056,min,GGGGGGG,RBD_v3_133483",128,0,0.045751633986928,0.006535947712418,0.071895424836601,0.117647058823529,0.026143790849673,0.117647058823529,0.026143790849673,0.03921568627451,0.07843137254902,0.052287581699346,0.019607843137255,0.019607843137255,0.03921568627451,0.032679738562092,0.124183006535948,0.052287581699346,0.032679738562092,0.045751633986928,0.013071895424837,0.03921568627451,0.314285714285714,0.257142857142857,0.371428571428571,0.057142857142857,2,8,"RNCMPT00056,min,GGGGGGG,RBD_v3_133483",0
"RNCMPT00057,max,ACAUAUA,RBD_v3_043957",130,1,0.073170731707317,0.016260162601626,0.040650406504065,0.044715447154472,0.024390243902439,0.073170731707317,0.016260162601626,0.040650406504065,0.073170731707317,0.069105691056911,0.024390243902439,0.065040650406504,0.089430894308943,0.077235772357724,0.032520325203252,0.085365853658537,0.060975609756098,0.036585365853659,0.004065040650407,0.052845528455285,0.394736842105263,0.157894736842105,0.236842105263158,0.210526315789474,3,9,"RNCMPT00057,max,ACAUAUA,RBD_v3_043957",1
"RNCMPT00057,max,AUAUAGC,RBD_v3_121401",130,1,0.073170731707317,0.016260162601626,0.040650406504065,0.044715447154472,0.024390243902439,0.073170731707317,0.016260162601626,0.040650406504065,0.073170731707317,0.069105691056911,0.024390243902439,0.065040650406504,0.089430894308943,0.077235772357724,0.032520325203252,0.085365853658537,0.060975609756098,0.036585365853659,0.004065040650407,0.052845528455285,0.368421052631579,0.210526315789474,0.289473684210526,0.131578947368421,29,35,"RNCMPT00057,max,AUAUAGC,RBD_v3_121401",0
"RNCMPT00057,max,AUAUAGC,RBD_v3_236027",130,1,0.073170731707317,0.016260162601626,0.040650406504065,0.044715447154472,0.024390243902439,0.073170731707317,0.016260162601626,0.040650406504065,0.073170731707317,0.069105691056911,0.024390243902439,0.065040650406504,0.089430894308943,0.077235772357724,0.032520325203252,0.085365853658537,0.060975609756098,0.036585365853659,0.004065040650407,0.052845528455285,0.368421052631579,0.210526315789474,0.289473684210526,0.131578947368421,29,35,"RNCMPT00057,max,AUAUAGC,RBD_v3_236027",1
"RNCMPT00057,min,AGAGUCG,RBD_v3_108208",130,0,0.073170731707317,0.016260162601626,0.040650406504065,0.044715447154472,0.024390243902439,0.073170731707317,0.016260162601626,0.040650406504065,0.073170731707317,0.069105691056911,0.024390243902439,0.065040650406504,0.089430894308943,0.077235772357724,0.032520325203252,0.085365853658537,0.060975609756098,0.036585365853659,0.004065040650407,0.052845528455285,0.233333333333333,0.233333333333333,0.4,0.133333333333333,1,7,"RNCMPT00057,min,AGAGUCG,RBD_v3_108208",1
"RNCMPT00057,min,AGAGUCG,RBD_v3_148682",130,0,0.073170731707317,0.016260162601626,0.040650406504065,0.044715447154472,0.024390243902439,0.073170731707317,0.016260162601626,0.040650406504065,0.073170731707317,0.069105691056911,0.024390243902439,0.065040650406504,0.089430894308943,0.077235772357724,0.032520325203252,0.085365853658537,0.060975609756098,0.036585365853659,0.004065040650407,0.052845528455285,0.266666666666667,0.233333333333333,0.233333333333333,0.266666666666667,1,7,"RNCMPT00057,min,AGAGUCG,RBD_v3_148682",1
"RNCMPT00057,min,AGAGUCG,RBD_v3_148750",130,0,0.073170731707317,0.016260162601626,0.040650406504065,0.044715447154472,0.024390243902439,0.073170731707317,0.016260162601626,0.040650406504065,0.073170731707317,0.069105691056911,0.024390243902439,0.065040650406504,0.089430894308943,0.077235772357724,0.032520325203252,0.085365853658537,0.060975609756098,0.036585365853659,0.004065040650407,0.052845528455285,0.236842105263158,0.263157894736842,0.210526315789474,0.289473684210526,1,7,"RNCMPT00057,min,AGAGUCG,RBD_v3_148750",1
"RNCMPT00058,max,AACAACG,RBD_v3_221482",131,1,0.0703125,0.0234375,0.0546875,0.0625,0.0390625,0.109375,0.0078125,0.015625,0.0234375,0.03125,0.015625,0.0234375,0.046875,0,0.21875,0.140625,0.0234375,0.046875,0.015625,0.03125,0.342105263157895,0.184210526315789,0.289473684210526,0.184210526315789,8,14,"RNCMPT00058,max,AACAACG,RBD_v3_221482",1
"RNCMPT00058,max,ACAACAG,RBD_v3_004244",131,1,0.0703125,0.0234375,0.0546875,0.0625,0.0390625,0.109375,0.0078125,0.015625,0.0234375,0.03125,0.015625,0.0234375,0.046875,0,0.21875,0.140625,0.0234375,0.046875,0.015625,0.03125,0.342105263157895,0.236842105263158,0.289473684210526,0.131578947368421,9,15,"RNCMPT00058,max,ACAACAG,RBD_v3_004244",0
"RNCMPT00058,max,ACAACAG,RBD_v3_117466",131,1,0.0703125,0.0234375,0.0546875,0.0625,0.0390625,0.109375,0.0078125,0.015625,0.0234375,0.03125,0.015625,0.0234375,0.046875,0,0.21875,0.140625,0.0234375,0.046875,0.015625,0.03125,0.342105263157895,0.236842105263158,0.289473684210526,0.131578947368421,9,15,"RNCMPT00058,max,ACAACAG,RBD_v3_117466",0
"RNCMPT00058,min,GCACCCC,RBD_v3_151744",131,0,0.0703125,0.0234375,0.0546875,0.0625,0.0390625,0.109375,0.0078125,0.015625,0.0234375,0.03125,0.015625,0.0234375,0.046875,0,0.21875,0.140625,0.0234375,0.046875,0.015625,0.03125,0.289473684210526,0.236842105263158,0.289473684210526,0.184210526315789,6,12,"RNCMPT00058,min,GCACCCC,RBD_v3_151744",1
"RNCMPT00058,min,GGGCCCC,RBD_v3_158155",131,0,0.0703125,0.0234375,0.0546875,0.0625,0.0390625,0.109375,0.0078125,0.015625,0.0234375,0.03125,0.015625,0.0234375,0.046875,0,0.21875,0.140625,0.0234375,0.046875,0.015625,0.03125,0.289473684210526,0.236842105263158,0.368421052631579,0.105263157894737,20,26,"RNCMPT00058,min,GGGCCCC,RBD_v3_158155",0
"RNCMPT00058,min,GGGCCCC,RBD_v3_170968",131,0,0.0703125,0.0234375,0.0546875,0.0625,0.0390625,0.109375,0.0078125,0.015625,0.0234375,0.03125,0.015625,0.0234375,0.046875,0,0.21875,0.140625,0.0234375,0.046875,0.015625,0.03125,0.342105263157895,0.289473684210526,0.263157894736842,0.105263157894737,27,33,"RNCMPT00058,min,GGGCCCC,RBD_v3_170968",1
"RNCMPT00059,max,GAAGGAC,RBD_v3_185388",134,1,0.011764705882353,0.005882352941176,0.070588235294118,0.047058823529412,0.076470588235294,0.1,0.023529411764706,0.035294117647059,0.082352941176471,0.1,0.017647058823529,0.058823529411765,0.017647058823529,0.058823529411765,0.105882352941176,0.058823529411765,0.052941176470588,0.058823529411765,0,0.017647058823529,0.371428571428571,0.228571428571429,0.228571428571429,0.171428571428571,27,33,"RNCMPT00059,max,GAAGGAC,RBD_v3_185388",1
"RNCMPT00059,max,GAAGGCC,RBD_v3_005437",134,1,0.011764705882353,0.005882352941176,0.070588235294118,0.047058823529412,0.076470588235294,0.1,0.023529411764706,0.035294117647059,0.082352941176471,0.1,0.017647058823529,0.058823529411765,0.017647058823529,0.058823529411765,0.105882352941176,0.058823529411765,0.052941176470588,0.058823529411765,0,0.017647058823529,0.263157894736842,0.263157894736842,0.236842105263158,0.236842105263158,30,36,"RNCMPT00059,max,GAAGGCC,RBD_v3_005437",1
"RNCMPT00059,max,GAAGGCC,RBD_v3_116456",134,1,0.011764705882353,0.005882352941176,0.070588235294118,0.047058823529412,0.076470588235294,0.1,0.023529411764706,0.035294117647059,0.082352941176471,0.1,0.017647058823529,0.058823529411765,0.017647058823529,0.058823529411765,0.105882352941176,0.058823529411765,0.052941176470588,0.058823529411765,0,0.017647058823529,0.263157894736842,0.263157894736842,0.236842105263158,0.236842105263158,30,36,"RNCMPT00059,max,GAAGGCC,RBD_v3_116456",1
"RNCMPT00059,min,CCCCCCA,RBD_v3_015622",134,0,0.011764705882353,0.005882352941176,0.070588235294118,0.047058823529412,0.076470588235294,0.1,0.023529411764706,0.035294117647059,0.082352941176471,0.1,0.017647058823529,0.058823529411765,0.017647058823529,0.058823529411765,0.105882352941176,0.058823529411765,0.052941176470588,0.058823529411765,0,0.017647058823529,0.31578947368421,0.289473684210526,0.184210526315789,0.210526315789474,22,28,"RNCMPT00059,min,CCCCCCA,RBD_v3_015622",0
"RNCMPT00059,min,CCCCCCC,RBD_v3_116498",134,0,0.011764705882353,0.005882352941176,0.070588235294118,0.047058823529412,0.076470588235294,0.1,0.023529411764706,0.035294117647059,0.082352941176471,0.1,0.017647058823529,0.058823529411765,0.017647058823529,0.058823529411765,0.105882352941176,0.058823529411765,0.052941176470588,0.058823529411765,0,0.017647058823529,0.289473684210526,0.31578947368421,0.236842105263158,0.157894736842105,30,36,"RNCMPT00059,min,CCCCCCC,RBD_v3_116498",1
"RNCMPT00059,min,CCCCUAC,RBD_v3_002659",134,0,0.011764705882353,0.005882352941176,0.070588235294118,0.047058823529412,0.076470588235294,0.1,0.023529411764706,0.035294117647059,0.082352941176471,0.1,0.017647058823529,0.058823529411765,0.017647058823529,0.058823529411765,0.105882352941176,0.058823529411765,0.052941176470588,0.058823529411765,0,0.017647058823529,0.236842105263158,0.394736842105263,0.131578947368421,0.236842105263158,19,25,"RNCMPT00059,min,CCCCUAC,RBD_v3_002659",1
"RNCMPT00060,max,AGAGAAA,RBD_v3_202498",136,1,0.082352941176471,0.011764705882353,0.011764705882353,0.070588235294118,0.041176470588235,0.064705882352941,0.023529411764706,0.047058823529412,0.111764705882353,0.070588235294118,0.011764705882353,0.047058823529412,0.1,0.047058823529412,0.058823529411765,0.076470588235294,0.041176470588235,0.070588235294118,0,0.011764705882353,0.342105263157895,0.184210526315789,0.263157894736842,0.210526315789474,6,12,"RNCMPT00060,max,AGAGAAA,RBD_v3_202498",0
"RNCMPT00060,max,AGAGAAA,RBD_v3_206234",136,1,0.082352941176471,0.011764705882353,0.011764705882353,0.070588235294118,0.041176470588235,0.064705882352941,0.023529411764706,0.047058823529412,0.111764705882353,0.070588235294118,0.011764705882353,0.047058823529412,0.1,0.047058823529412,0.058823529411765,0.076470588235294,0.041176470588235,0.070588235294118,0,0.011764705882353,0.314285714285714,0.285714285714286,0.2,0.2,1,7,"RNCMPT00060,max,AGAGAAA,RBD_v3_206234",0
"RNCMPT00060,max,AGAGAAG,RBD_v3_036241",136,1,0.082352941176471,0.011764705882353,0.011764705882353,0.070588235294118,0.041176470588235,0.064705882352941,0.023529411764706,0.047058823529412,0.111764705882353,0.070588235294118,0.011764705882353,0.047058823529412,0.1,0.047058823529412,0.058823529411765,0.076470588235294,0.041176470588235,0.070588235294118,0,0.011764705882353,0.394736842105263,0.157894736842105,0.263157894736842,0.184210526315789,11,17,"RNCMPT00060,max,AGAGAAG,RBD_v3_036241",1
"RNCMPT00060,min,AGGGGGG,RBD_v3_070537",136,0,0.082352941176471,0.011764705882353,0.011764705882353,0.070588235294118,0.041176470588235,0.064705882352941,0.023529411764706,0.047058823529412,0.111764705882353,0.070588235294118,0.011764705882353,0.047058823529412,0.1,0.047058823529412,0.058823529411765,0.076470588235294,0.041176470588235,0.070588235294118,0,0.011764705882353,0.236842105263158,0.184210526315789,0.394736842105263,0.184210526315789,1,7,"RNCMPT00060,min,AGGGGGG,RBD_v3_070537",0
"RNCMPT00060,min,GGGGGGG,RBD_v3_164249",136,0,0.082352941176471,0.011764705882353,0.011764705882353,0.070588235294118,0.041176470588235,0.064705882352941,0.023529411764706,0.047058823529412,0.111764705882353,0.070588235294118,0.011764705882353,0.047058823529412,0.1,0.047058823529412,0.058823529411765,0.076470588235294,0.041176470588235,0.070588235294118,0,0.011764705882353,0.266666666666667,0.066666666666667,0.433333333333333,0.233333333333333,14,20,"RNCMPT00060,min,GGGGGGG,RBD_v3_164249",0
"RNCMPT00060,min,GGGGGGG,RBD_v3_169706",136,0,0.082352941176471,0.011764705882353,0.011764705882353,0.070588235294118,0.041176470588235,0.064705882352941,0.023529411764706,0.047058823529412,0.111764705882353,0.070588235294118,0.011764705882353,0.047058823529412,0.1,0.047058823529412,0.058823529411765,0.076470588235294,0.041176470588235,0.070588235294118,0,0.011764705882353,0.394736842105263,0.131578947368421,0.447368421052632,0.026315789473684,2,8,"RNCMPT00060,min,GGGGGGG,RBD_v3_169706",0
"RNCMPT00061,max,ACGACGA,RBD_v3_092612",139,1,0.031496062992126,0.007874015748031,0.070866141732283,0.05511811023622,0.05511811023622,0.188976377952756,0.015748031496063,0.031496062992126,0.05511811023622,0.05511811023622,0.023622047244094,0.031496062992126,0.031496062992126,0.031496062992126,0.110236220472441,0.102362204724409,0.031496062992126,0.047244094488189,0.007874015748031,0.015748031496063,0.257142857142857,0.228571428571429,0.371428571428571,0.142857142857143,3,9,"RNCMPT00061,max,ACGACGA,RBD_v3_092612",0
"RNCMPT00061,max,ACGACGA,RBD_v3_170781",139,1,0.031496062992126,0.007874015748031,0.070866141732283,0.05511811023622,0.05511811023622,0.188976377952756,0.015748031496063,0.031496062992126,0.05511811023622,0.05511811023622,0.023622047244094,0.031496062992126,0.031496062992126,0.031496062992126,0.110236220472441,0.102362204724409,0.031496062992126,0.047244094488189,0.007874015748031,0.015748031496063,0.314285714285714,0.314285714285714,0.2,0.171428571428571,6,12,"RNCMPT00061,max,ACGACGA,RBD_v3_170781",0
"RNCMPT00061,max,ACGACGA,RBD_v3_223533",139,1,0.031496062992126,0.007874015748031,0.070866141732283,0.05511811023622,0.05511811023622,0.188976377952756,0.015748031496063,0.031496062992126,0.05511811023622,0.05511811023622,0.023622047244094,0.031496062992126,0.031496062992126,0.031496062992126,0.110236220472441,0.102362204724409,0.031496062992126,0.047244094488189,0.007874015748031,0.015748031496063,0.31578947368421,0.289473684210526,0.210526315789474,0.184210526315789,10,16,"RNCMPT00061,max,ACGACGA,RBD_v3_223533",1
"RNCMPT00061,min,GUCGUUU,RBD_v3_183167",139,0,0.031496062992126,0.007874015748031,0.070866141732283,0.05511811023622,0.05511811023622,0.188976377952756,0.015748031496063,0.031496062992126,0.05511811023622,0.05511811023622,0.023622047244094,0.031496062992126,0.031496062992126,0.031496062992126,0.110236220472441,0.102362204724409,0.031496062992126,0.047244094488189,0.007874015748031,0.015748031496063,0.210526315789474,0.210526315789474,0.236842105263158,0.342105263157895,16,22,"RNCMPT00061,min,GUCGUUU,RBD_v3_183167",1
"RNCMPT00061,min,GUGUGUC,RBD_v3_167595",139,0,0.031496062992126,0.007874015748031,0.070866141732283,0.05511811023622,0.05511811023622,0.188976377952756,0.015748031496063,0.031496062992126,0.05511811023622,0.05511811023622,0.023622047244094,0.031496062992126,0.031496062992126,0.031496062992126,0.110236220472441,0.102362204724409,0.031496062992126,0.047244094488189,0.007874015748031,0.015748031496063,0.2,0.285714285714286,0.257142857142857,0.257142857142857,27,33,"RNCMPT00061,min,GUGUGUC,RBD_v3_167595",0
"RNCMPT00061,min,UGUUUGU,RBD_v3_217904",139,0,0.031496062992126,0.007874015748031,0.070866141732283,0.05511811023622,0.05511811023622,0.188976377952756,0.015748031496063,0.031496062992126,0.05511811023622,0.05511811023622,0.023622047244094,0.031496062992126,0.031496062992126,0.031496062992126,0.110236220472441,0.102362204724409,0.031496062992126,0.047244094488189,0.007874015748031,0.015748031496063,0.31578947368421,0.210526315789474,0.210526315789474,0.263157894736842,15,21,"RNCMPT00061,min,UGUUUGU,RBD_v3_217904",0
"RNCMPT00062,max,AUAAAAG,RBD_v3_228958",60,1,0.068292682926829,0.004878048780488,0.048780487804878,0.058536585365854,0.024390243902439,0.08780487804878,0.019512195121951,0.029268292682927,0.08780487804878,0.092682926829268,0.024390243902439,0.024390243902439,0.131707317073171,0.029268292682927,0.068292682926829,0.092682926829268,0.048780487804878,0.04390243902439,0,0.014634146341463,0.447368421052632,0.105263157894737,0.31578947368421,0.131578947368421,18,24,"RNCMPT00062,max,AUAAAAG,RBD_v3_228958",1
"RNCMPT00062,max,GAUAAAA,RBD_v3_052691",60,1,0.068292682926829,0.004878048780488,0.048780487804878,0.058536585365854,0.024390243902439,0.08780487804878,0.019512195121951,0.029268292682927,0.08780487804878,0.092682926829268,0.024390243902439,0.024390243902439,0.131707317073171,0.029268292682927,0.068292682926829,0.092682926829268,0.048780487804878,0.04390243902439,0,0.014634146341463,0.368421052631579,0.184210526315789,0.236842105263158,0.210526315789474,32,38,"RNCMPT00062,max,GAUAAAA,RBD_v3_052691",1
"RNCMPT00062,max,UAAAAGC,RBD_v3_127796",60,1,0.068292682926829,0.004878048780488,0.048780487804878,0.058536585365854,0.024390243902439,0.08780487804878,0.019512195121951,0.029268292682927,0.08780487804878,0.092682926829268,0.024390243902439,0.024390243902439,0.131707317073171,0.029268292682927,0.068292682926829,0.092682926829268,0.048780487804878,0.04390243902439,0,0.014634146341463,0.342105263157895,0.157894736842105,0.236842105263158,0.263157894736842,29,35,"RNCMPT00062,max,UAAAAGC,RBD_v3_127796",1
"RNCMPT00062,min,GGGGGCC,RBD_v3_009111",60,0,0.068292682926829,0.004878048780488,0.048780487804878,0.058536585365854,0.024390243902439,0.08780487804878,0.019512195121951,0.029268292682927,0.08780487804878,0.092682926829268,0.024390243902439,0.024390243902439,0.131707317073171,0.029268292682927,0.068292682926829,0.092682926829268,0.048780487804878,0.04390243902439,0,0.014634146341463,0.4,0.142857142857143,0.285714285714286,0.171428571428571,5,11,"RNCMPT00062,min,GGGGGCC,RBD_v3_009111",1
"RNCMPT00062,min,GGGGGGC,RBD_v3_063164",60,0,0.068292682926829,0.004878048780488,0.048780487804878,0.058536585365854,0.024390243902439,0.08780487804878,0.019512195121951,0.029268292682927,0.08780487804878,0.092682926829268,0.024390243902439,0.024390243902439,0.131707317073171,0.029268292682927,0.068292682926829,0.092682926829268,0.048780487804878,0.04390243902439,0,0.014634146341463,0.263157894736842,0.236842105263158,0.236842105263158,0.263157894736842,2,8,"RNCMPT00062,min,GGGGGGC,RBD_v3_063164",1
"RNCMPT00062,min,GGGGGGC,RBD_v3_107730",60,0,0.068292682926829,0.004878048780488,0.048780487804878,0.058536585365854,0.024390243902439,0.08780487804878,0.019512195121951,0.029268292682927,0.08780487804878,0.092682926829268,0.024390243902439,0.024390243902439,0.131707317073171,0.029268292682927,0.068292682926829,0.092682926829268,0.048780487804878,0.04390243902439,0,0.014634146341463,0.285714285714286,0.085714285714286,0.485714285714286,0.142857142857143,2,8,"RNCMPT00062,min,GGGGGGC,RBD_v3_107730",1
"RNCMPT00063,max,GCUGGUC,RBD_v3_002136",145,1,0.055900621118012,0.018633540372671,0.031055900621118,0.06832298136646,0.006211180124224,0.049689440993789,0.024844720496894,0.074534161490683,0.062111801242236,0.099378881987578,0.031055900621118,0.055900621118012,0.043478260869565,0.055900621118012,0.055900621118012,0.118012422360248,0.074534161490683,0.031055900621118,0.018633540372671,0.024844720496894,0.184210526315789,0.31578947368421,0.236842105263158,0.263157894736842,5,11,"RNCMPT00063,max,GCUGGUC,RBD_v3_002136",0
"RNCMPT00063,max,GCUGGUC,RBD_v3_101848",145,1,0.055900621118012,0.018633540372671,0.031055900621118,0.06832298136646,0.006211180124224,0.049689440993789,0.024844720496894,0.074534161490683,0.062111801242236,0.099378881987578,0.031055900621118,0.055900621118012,0.043478260869565,0.055900621118012,0.055900621118012,0.118012422360248,0.074534161490683,0.031055900621118,0.018633540372671,0.024844720496894,0.236842105263158,0.157894736842105,0.289473684210526,0.31578947368421,22,28,"RNCMPT00063,max,GCUGGUC,RBD_v3_101848",1
"RNCMPT00063,max,GCUGGUC,RBD_v3_114193",145,1,0.055900621118012,0.018633540372671,0.031055900621118,0.06832298136646,0.006211180124224,0.049689440993789,0.024844720496894,0.074534161490683,0.062111801242236,0.099378881987578,0.031055900621118,0.055900621118012,0.043478260869565,0.055900621118012,0.055900621118012,0.118012422360248,0.074534161490683,0.031055900621118,0.018633540372671,0.024844720496894,0.184210526315789,0.31578947368421,0.236842105263158,0.263157894736842,5,11,"RNCMPT00063,max,GCUGGUC,RBD_v3_114193",0
"RNCMPT00063,min,AGUCGUU,RBD_v3_044642",145,0,0.055900621118012,0.018633540372671,0.031055900621118,0.06832298136646,0.006211180124224,0.049689440993789,0.024844720496894,0.074534161490683,0.062111801242236,0.099378881987578,0.031055900621118,0.055900621118012,0.043478260869565,0.055900621118012,0.055900621118012,0.118012422360248,0.074534161490683,0.031055900621118,0.018633540372671,0.024844720496894,0.210526315789474,0.263157894736842,0.236842105263158,0.289473684210526,17,23,"RNCMPT00063,min,AGUCGUU,RBD_v3_044642",0
"RNCMPT00063,min,AGUCGUU,RBD_v3_196349",145,0,0.055900621118012,0.018633540372671,0.031055900621118,0.06832298136646,0.006211180124224,0.049689440993789,0.024844720496894,0.074534161490683,0.062111801242236,0.099378881987578,0.031055900621118,0.055900621118012,0.043478260869565,0.055900621118012,0.055900621118012,0.118012422360248,0.074534161490683,0.031055900621118,0.018633540372671,0.024844720496894,0.133333333333333,0.233333333333333,0.4,0.233333333333333,6,12,"RNCMPT00063,min,AGUCGUU,RBD_v3_196349",1
"RNCMPT00063,min,GAGUCGU,RBD_v3_239744",145,0,0.055900621118012,0.018633540372671,0.031055900621118,0.06832298136646,0.006211180124224,0.049689440993789,0.024844720496894,0.074534161490683,0.062111801242236,0.099378881987578,0.031055900621118,0.055900621118012,0.043478260869565,0.055900621118012,0.055900621118012,0.118012422360248,0.074534161490683,0.031055900621118,0.018633540372671,0.024844720496894,0.228571428571429,0.314285714285714,0.171428571428571,0.285714285714286,11,17,"RNCMPT00063,min,GAGUCGU,RBD_v3_239744",0
"RNCMPT00064,max,AGAAAAA,RBD_v3_116048",146,1,0.071161048689139,0.02247191011236,0.041198501872659,0.086142322097378,0.037453183520599,0.059925093632959,0.01123595505618,0.033707865168539,0.104868913857678,0.074906367041199,0.029962546816479,0.029962546816479,0.078651685393258,0.041198501872659,0.059925093632959,0.074906367041199,0.041198501872659,0.074906367041199,0,0.026217228464419,0.433333333333333,0.133333333333333,0.3,0.133333333333333,1,7,"RNCMPT00064,max,AGAAAAA,RBD_v3_116048",1
"RNCMPT00064,max,AGAAAAA,RBD_v3_140436",146,1,0.071161048689139,0.02247191011236,0.041198501872659,0.086142322097378,0.037453183520599,0.059925093632959,0.01123595505618,0.033707865168539,0.104868913857678,0.074906367041199,0.029962546816479,0.029962546816479,0.078651685393258,0.041198501872659,0.059925093632959,0.074906367041199,0.041198501872659,0.074906367041199,0,0.026217228464419,0.421052631578947,0.157894736842105,0.289473684210526,0.131578947368421,1,7,"RNCMPT00064,max,AGAAAAA,RBD_v3_140436",0
"RNCMPT00064,max,AGAAAAC,RBD_v3_075295",146,1,0.071161048689139,0.02247191011236,0.041198501872659,0.086142322097378,0.037453183520599,0.059925093632959,0.01123595505618,0.033707865168539,0.104868913857678,0.074906367041199,0.029962546816479,0.029962546816479,0.078651685393258,0.041198501872659,0.059925093632959,0.074906367041199,0.041198501872659,0.074906367041199,0,0.026217228464419,0.4,0.257142857142857,0.257142857142857,0.085714285714286,1,7,"RNCMPT00064,max,AGAAAAC,RBD_v3_075295",1
"RNCMPT00064,min,ACUGUUU,RBD_v3_022653",146,0,0.071161048689139,0.02247191011236,0.041198501872659,0.086142322097378,0.037453183520599,0.059925093632959,0.01123595505618,0.033707865168539,0.104868913857678,0.074906367041199,0.029962546816479,0.029962546816479,0.078651685393258,0.041198501872659,0.059925093632959,0.074906367041199,0.041198501872659,0.074906367041199,0,0.026217228464419,0.210526315789474,0.31578947368421,0.157894736842105,0.31578947368421,13,19,"RNCMPT00064,min,ACUGUUU,RBD_v3_022653",1
"RNCMPT00064,min,ACUGUUU,RBD_v3_053156",146,0,0.071161048689139,0.02247191011236,0.041198501872659,0.086142322097378,0.037453183520599,0.059925093632959,0.01123595505618,0.033707865168539,0.104868913857678,0.074906367041199,0.029962546816479,0.029962546816479,0.078651685393258,0.041198501872659,0.059925093632959,0.074906367041199,0.041198501872659,0.074906367041199,0,0.026217228464419,0.153846153846154,0.307692307692308,0.256410256410256,0.282051282051282,32,38,"RNCMPT00064,min,ACUGUUU,RBD_v3_053156",1
"RNCMPT00064,min,UUUGCAG,RBD_v3_022234",146,0,0.071161048689139,0.02247191011236,0.041198501872659,0.086142322097378,0.037453183520599,0.059925093632959,0.01123595505618,0.033707865168539,0.104868913857678,0.074906367041199,0.029962546816479,0.029962546816479,0.078651685393258,0.041198501872659,0.059925093632959,0.074906367041199,0.041198501872659,0.074906367041199,0,0.026217228464419,0.228571428571429,0.142857142857143,0.228571428571429,0.4,6,12,"RNCMPT00064,min,UUUGCAG,RBD_v3_022234",1
"RNCMPT00065,max,ACUAAUA,RBD_v3_062804",147,1,0.043010752688172,0.010752688172043,0.064516129032258,0.075268817204301,0.021505376344086,0.080645161290323,0.026881720430108,0.064516129032258,0.091397849462366,0.075268817204301,0.016129032258065,0.043010752688172,0.075268817204301,0.053763440860215,0.091397849462366,0.032258064516129,0.048387096774194,0.064516129032258,0.005376344086022,0.016129032258065,0.342857142857143,0.142857142857143,0.342857142857143,0.171428571428571,7,13,"RNCMPT00065,max,ACUAAUA,RBD_v3_062804",0
"RNCMPT00065,max,ACUAAUG,RBD_v3_217045",147,1,0.043010752688172,0.010752688172043,0.064516129032258,0.075268817204301,0.021505376344086,0.080645161290323,0.026881720430108,0.064516129032258,0.091397849462366,0.075268817204301,0.016129032258065,0.043010752688172,0.075268817204301,0.053763440860215,0.091397849462366,0.032258064516129,0.048387096774194,0.064516129032258,0.005376344086022,0.016129032258065,0.371428571428571,0.228571428571429,0.2,0.2,6,12,"RNCMPT00065,max,ACUAAUG,RBD_v3_217045",1
"RNCMPT00065,max,GACUAAU,RBD_v3_188118",147,1,0.043010752688172,0.010752688172043,0.064516129032258,0.075268817204301,0.021505376344086,0.080645161290323,0.026881720430108,0.064516129032258,0.091397849462366,0.075268817204301,0.016129032258065,0.043010752688172,0.075268817204301,0.053763440860215,0.091397849462366,0.032258064516129,0.048387096774194,0.064516129032258,0.005376344086022,0.016129032258065,0.342105263157895,0.289473684210526,0.236842105263158,0.131578947368421,2,8,"RNCMPT00065,max,GACUAAU,RBD_v3_188118",0
"RNCMPT00065,min,CCCCCUC,RBD_v3_201912",147,0,0.043010752688172,0.010752688172043,0.064516129032258,0.075268817204301,0.021505376344086,0.080645161290323,0.026881720430108,0.064516129032258,0.091397849462366,0.075268817204301,0.016129032258065,0.043010752688172,0.075268817204301,0.053763440860215,0.091397849462366,0.032258064516129,0.048387096774194,0.064516129032258,0.005376344086022,0.016129032258065,0.210526315789474,0.342105263157895,0.184210526315789,0.263157894736842,9,15,"RNCMPT00065,min,CCCCCUC,RBD_v3_201912",0
"RNCMPT00065,min,CUCCCCC,RBD_v3_237750",147,0,0.043010752688172,0.010752688172043,0.064516129032258,0.075268817204301,0.021505376344086,0.080645161290323,0.026881720430108,0.064516129032258,0.091397849462366,0.075268817204301,0.016129032258065,0.043010752688172,0.075268817204301,0.053763440860215,0.091397849462366,0.032258064516129,0.048387096774194,0.064516129032258,0.005376344086022,0.016129032258065,0.342105263157895,0.289473684210526,0.289473684210526,0.078947368421053,18,24,"RNCMPT00065,min,CUCCCCC,RBD_v3_237750",0
"RNCMPT00065,min,UUAGCUU,RBD_v3_154684",147,0,0.043010752688172,0.010752688172043,0.064516129032258,0.075268817204301,0.021505376344086,0.080645161290323,0.026881720430108,0.064516129032258,0.091397849462366,0.075268817204301,0.016129032258065,0.043010752688172,0.075268817204301,0.053763440860215,0.091397849462366,0.032258064516129,0.048387096774194,0.064516129032258,0.005376344086022,0.016129032258065,0.289473684210526,0.210526315789474,0.236842105263158,0.263157894736842,13,19,"RNCMPT00065,min,UUAGCUU,RBD_v3_154684",0
"RNCMPT00066,max,AGGAGGA,RBD_v3_039490",148,1,0.044897959183673,0.008163265306122,0.106122448979592,0.040816326530612,0.044897959183673,0.171428571428571,0.016326530612245,0.020408163265306,0.044897959183673,0.03265306122449,0.020408163265306,0.024489795918367,0.048979591836735,0.016326530612245,0.146938775510204,0.081632653061224,0.024489795918367,0.057142857142857,0.004081632653061,0.044897959183673,0.342105263157895,0.131578947368421,0.31578947368421,0.210526315789474,8,14,"RNCMPT00066,max,AGGAGGA,RBD_v3_039490",1
"RNCMPT00066,max,AGGAGGA,RBD_v3_051049",148,1,0.044897959183673,0.008163265306122,0.106122448979592,0.040816326530612,0.044897959183673,0.171428571428571,0.016326530612245,0.020408163265306,0.044897959183673,0.03265306122449,0.020408163265306,0.024489795918367,0.048979591836735,0.016326530612245,0.146938775510204,0.081632653061224,0.024489795918367,0.057142857142857,0.004081632653061,0.044897959183673,0.289473684210526,0.157894736842105,0.394736842105263,0.157894736842105,1,7,"RNCMPT00066,max,AGGAGGA,RBD_v3_051049",1
"RNCMPT00066,max,GGAGGGA,RBD_v3_071955",148,1,0.044897959183673,0.008163265306122,0.106122448979592,0.040816326530612,0.044897959183673,0.171428571428571,0.016326530612245,0.020408163265306,0.044897959183673,0.03265306122449,0.020408163265306,0.024489795918367,0.048979591836735,0.016326530612245,0.146938775510204,0.081632653061224,0.024489795918367,0.057142857142857,0.004081632653061,0.044897959183673,0.236842105263158,0.157894736842105,0.342105263157895,0.263157894736842,26,32,"RNCMPT00066,max,GGAGGGA,RBD_v3_071955",1
"RNCMPT00066,min,UCGUCUU,RBD_v3_160018",148,0,0.044897959183673,0.008163265306122,0.106122448979592,0.040816326530612,0.044897959183673,0.171428571428571,0.016326530612245,0.020408163265306,0.044897959183673,0.03265306122449,0.020408163265306,0.024489795918367,0.048979591836735,0.016326530612245,0.146938775510204,0.081632653061224,0.024489795918367,0.057142857142857,0.004081632653061,0.044897959183673,0.289473684210526,0.210526315789474,0.157894736842105,0.342105263157895,7,13,"RNCMPT00066,min,UCGUCUU,RBD_v3_160018",0
"RNCMPT00066,min,UGUCCUU,RBD_v3_044988",148,0,0.044897959183673,0.008163265306122,0.106122448979592,0.040816326530612,0.044897959183673,0.171428571428571,0.016326530612245,0.020408163265306,0.044897959183673,0.03265306122449,0.020408163265306,0.024489795918367,0.048979591836735,0.016326530612245,0.146938775510204,0.081632653061224,0.024489795918367,0.057142857142857,0.004081632653061,0.044897959183673,0.210526315789474,0.236842105263158,0.184210526315789,0.368421052631579,17,23,"RNCMPT00066,min,UGUCCUU,RBD_v3_044988",1
"RNCMPT00066,min,UUCGUUC,RBD_v3_099915",148,0,0.044897959183673,0.008163265306122,0.106122448979592,0.040816326530612,0.044897959183673,0.171428571428571,0.016326530612245,0.020408163265306,0.044897959183673,0.03265306122449,0.020408163265306,0.024489795918367,0.048979591836735,0.016326530612245,0.146938775510204,0.081632653061224,0.024489795918367,0.057142857142857,0.004081632653061,0.044897959183673,0.142857142857143,0.314285714285714,0.171428571428571,0.371428571428571,6,12,"RNCMPT00066,min,UUCGUUC,RBD_v3_099915",0
"RNCMPT00067,max,GGGAGCC,RBD_v3_003612",160,1,0.031674208144796,0.009049773755656,0.085972850678733,0.072398190045249,0.040723981900452,0.126696832579185,0.018099547511312,0.02262443438914,0.036199095022624,0.054298642533937,0.018099547511312,0.018099547511312,0.063348416289593,0.018099547511312,0.135746606334842,0.076923076923077,0.027149321266968,0.054298642533937,0.013574660633484,0.076923076923077,0.3,0.2,0.433333333333333,0.066666666666667,17,23,"RNCMPT00067,max,GGGAGCC,RBD_v3_003612",1
"RNCMPT00067,max,GGGGAGC,RBD_v3_176195",160,1,0.031674208144796,0.009049773755656,0.085972850678733,0.072398190045249,0.040723981900452,0.126696832579185,0.018099547511312,0.02262443438914,0.036199095022624,0.054298642533937,0.018099547511312,0.018099547511312,0.063348416289593,0.018099547511312,0.135746606334842,0.076923076923077,0.027149321266968,0.054298642533937,0.013574660633484,0.076923076923077,0.263157894736842,0.184210526315789,0.342105263157895,0.210526315789474,2,8,"RNCMPT00067,max,GGGGAGC,RBD_v3_176195",1
"RNCMPT00067,max,GGGGAGC,RBD_v3_186352",160,1,0.031674208144796,0.009049773755656,0.085972850678733,0.072398190045249,0.040723981900452,0.126696832579185,0.018099547511312,0.02262443438914,0.036199095022624,0.054298642533937,0.018099547511312,0.018099547511312,0.063348416289593,0.018099547511312,0.135746606334842,0.076923076923077,0.027149321266968,0.054298642533937,0.013574660633484,0.076923076923077,0.4,0.114285714285714,0.342857142857143,0.142857142857143,15,21,"RNCMPT00067,max,GGGGAGC,RBD_v3_186352",1
"RNCMPT00067,min,GUGGUUU,RBD_v3_033293",160,0,0.031674208144796,0.009049773755656,0.085972850678733,0.072398190045249,0.040723981900452,0.126696832579185,0.018099547511312,0.02262443438914,0.036199095022624,0.054298642533937,0.018099547511312,0.018099547511312,0.063348416289593,0.018099547511312,0.135746606334842,0.076923076923077,0.027149321266968,0.054298642533937,0.013574660633484,0.076923076923077,0.3,0.1,0.3,0.3,20,26,"RNCMPT00067,min,GUGGUUU,RBD_v3_033293",1
"RNCMPT00067,min,GUGUUCG,RBD_v3_043282",160,0,0.031674208144796,0.009049773755656,0.085972850678733,0.072398190045249,0.040723981900452,0.126696832579185,0.018099547511312,0.02262443438914,0.036199095022624,0.054298642533937,0.018099547511312,0.018099547511312,0.063348416289593,0.018099547511312,0.135746606334842,0.076923076923077,0.027149321266968,0.054298642533937,0.013574660633484,0.076923076923077,0.228571428571429,0.285714285714286,0.257142857142857,0.228571428571429,13,19,"RNCMPT00067,min,GUGUUCG,RBD_v3_043282",0
"RNCMPT00067,min,UAGUCCU,RBD_v3_027733",160,0,0.031674208144796,0.009049773755656,0.085972850678733,0.072398190045249,0.040723981900452,0.126696832579185,0.018099547511312,0.02262443438914,0.036199095022624,0.054298642533937,0.018099547511312,0.018099547511312,0.063348416289593,0.018099547511312,0.135746606334842,0.076923076923077,0.027149321266968,0.054298642533937,0.013574660633484,0.076923076923077,0.371428571428571,0.257142857142857,0.257142857142857,0.114285714285714,23,29,"RNCMPT00067,min,UAGUCCU,RBD_v3_027733",0
"RNCMPT00068,max,AUAAUUA,RBD_v3_217404",150,1,0.082010582010582,0.010582010582011,0.044973544973545,0.034391534391534,0.023809523809524,0.08994708994709,0.007936507936508,0.05026455026455,0.055555555555556,0.047619047619048,0.044973544973545,0.044973544973545,0.092592592592593,0.092592592592593,0.026455026455026,0.055555555555556,0.071428571428571,0.066137566137566,0.007936507936508,0.05026455026455,0.394736842105263,0.157894736842105,0.210526315789474,0.236842105263158,5,11,"RNCMPT00068,max,AUAAUUA,RBD_v3_217404",0
"RNCMPT00068,max,AUAUUAG,RBD_v3_122805",150,1,0.082010582010582,0.010582010582011,0.044973544973545,0.034391534391534,0.023809523809524,0.08994708994709,0.007936507936508,0.05026455026455,0.055555555555556,0.047619047619048,0.044973544973545,0.044973544973545,0.092592592592593,0.092592592592593,0.026455026455026,0.055555555555556,0.071428571428571,0.066137566137566,0.007936507936508,0.05026455026455,0.421052631578947,0.184210526315789,0.184210526315789,0.210526315789474,15,21,"RNCMPT00068,max,AUAUUAG,RBD_v3_122805",0
"RNCMPT00068,max,UAUAUUA,RBD_v3_023250",150,1,0.082010582010582,0.010582010582011,0.044973544973545,0.034391534391534,0.023809523809524,0.08994708994709,0.007936507936508,0.05026455026455,0.055555555555556,0.047619047619048,0.044973544973545,0.044973544973545,0.092592592592593,0.092592592592593,0.026455026455026,0.055555555555556,0.071428571428571,0.066137566137566,0.007936507936508,0.05026455026455,0.285714285714286,0.2,0.2,0.314285714285714,4,10,"RNCMPT00068,max,UAUAUUA,RBD_v3_023250",0
"RNCMPT00068,min,CCCCCCC,RBD_v3_183991",150,0,0.082010582010582,0.010582010582011,0.044973544973545,0.034391534391534,0.023809523809524,0.08994708994709,0.007936507936508,0.05026455026455,0.055555555555556,0.047619047619048,0.044973544973545,0.044973544973545,0.092592592592593,0.092592592592593,0.026455026455026,0.055555555555556,0.071428571428571,0.066137566137566,0.007936507936508,0.05026455026455,0.236842105263158,0.31578947368421,0.342105263157895,0.105263157894737,27,33,"RNCMPT00068,min,CCCCCCC,RBD_v3_183991",1
"RNCMPT00068,min,CCCCCCU,RBD_v3_183023",150,0,0.082010582010582,0.010582010582011,0.044973544973545,0.034391534391534,0.023809523809524,0.08994708994709,0.007936507936508,0.05026455026455,0.055555555555556,0.047619047619048,0.044973544973545,0.044973544973545,0.092592592592593,0.092592592592593,0.026455026455026,0.055555555555556,0.071428571428571,0.066137566137566,0.007936507936508,0.05026455026455,0.131578947368421,0.394736842105263,0.210526315789474,0.263157894736842,26,32,"RNCMPT00068,min,CCCCCCU,RBD_v3_183023",1
"RNCMPT00068,min,GCCCCCC,RBD_v3_083576",150,0,0.082010582010582,0.010582010582011,0.044973544973545,0.034391534391534,0.023809523809524,0.08994708994709,0.007936507936508,0.05026455026455,0.055555555555556,0.047619047619048,0.044973544973545,0.044973544973545,0.092592592592593,0.092592592592593,0.026455026455026,0.055555555555556,0.071428571428571,0.066137566137566,0.007936507936508,0.05026455026455,0.133333333333333,0.333333333333333,0.333333333333333,0.2,22,28,"RNCMPT00068,min,GCCCCCC,RBD_v3_083576",0
"RNCMPT00069,max,ACACACA,RBD_v3_003309",151,1,0.073394495412844,0.01605504587156,0.043577981651376,0.05045871559633,0.05045871559633,0.06651376146789,0.029816513761468,0.061926605504587,0.068807339449541,0.075688073394495,0.027522935779817,0.075688073394495,0.077981651376147,0.041284403669725,0.034403669724771,0.055045871559633,0.061926605504587,0.059633027522936,0.006880733944954,0.022935779816514,0.342105263157895,0.289473684210526,0.184210526315789,0.184210526315789,27,33,"RNCMPT00069,max,ACACACA,RBD_v3_003309",0
"RNCMPT00069,max,ACACACA,RBD_v3_023851",151,1,0.073394495412844,0.01605504587156,0.043577981651376,0.05045871559633,0.05045871559633,0.06651376146789,0.029816513761468,0.061926605504587,0.068807339449541,0.075688073394495,0.027522935779817,0.075688073394495,0.077981651376147,0.041284403669725,0.034403669724771,0.055045871559633,0.061926605504587,0.059633027522936,0.006880733944954,0.022935779816514,0.368421052631579,0.31578947368421,0.157894736842105,0.157894736842105,3,9,"RNCMPT00069,max,ACACACA,RBD_v3_023851",0
"RNCMPT00069,max,ACACACA,RBD_v3_115487",151,1,0.073394495412844,0.01605504587156,0.043577981651376,0.05045871559633,0.05045871559633,0.06651376146789,0.029816513761468,0.061926605504587,0.068807339449541,0.075688073394495,0.027522935779817,0.075688073394495,0.077981651376147,0.041284403669725,0.034403669724771,0.055045871559633,0.061926605504587,0.059633027522936,0.006880733944954,0.022935779816514,0.342105263157895,0.289473684210526,0.184210526315789,0.184210526315789,27,33,"RNCMPT00069,max,ACACACA,RBD_v3_115487",0
"RNCMPT00069,min,AGAGUCG,RBD_v3_104533",151,0,0.073394495412844,0.01605504587156,0.043577981651376,0.05045871559633,0.05045871559633,0.06651376146789,0.029816513761468,0.061926605504587,0.068807339449541,0.075688073394495,0.027522935779817,0.075688073394495,0.077981651376147,0.041284403669725,0.034403669724771,0.055045871559633,0.061926605504587,0.059633027522936,0.006880733944954,0.022935779816514,0.236842105263158,0.210526315789474,0.289473684210526,0.263157894736842,17,23,"RNCMPT00069,min,AGAGUCG,RBD_v3_104533",0
"RNCMPT00069,min,AGAGUCG,RBD_v3_160610",151,0,0.073394495412844,0.01605504587156,0.043577981651376,0.05045871559633,0.05045871559633,0.06651376146789,0.029816513761468,0.061926605504587,0.068807339449541,0.075688073394495,0.027522935779817,0.075688073394495,0.077981651376147,0.041284403669725,0.034403669724771,0.055045871559633,0.061926605504587,0.059633027522936,0.006880733944954,0.022935779816514,0.157894736842105,0.368421052631579,0.289473684210526,0.184210526315789,1,7,"RNCMPT00069,min,AGAGUCG,RBD_v3_160610",1
"RNCMPT00069,min,GAGUCGU,RBD_v3_153659",151,0,0.073394495412844,0.01605504587156,0.043577981651376,0.05045871559633,0.05045871559633,0.06651376146789,0.029816513761468,0.061926605504587,0.068807339449541,0.075688073394495,0.027522935779817,0.075688073394495,0.077981651376147,0.041284403669725,0.034403669724771,0.055045871559633,0.061926605504587,0.059633027522936,0.006880733944954,0.022935779816514,0.263157894736842,0.105263157894737,0.5,0.131578947368421,24,30,"RNCMPT00069,min,GAGUCGU,RBD_v3_153659",0
"RNCMPT00070,max,AGAUCAA,RBD_v3_229571",153,1,0.046783625730994,0,0.070175438596491,0.099415204678363,0.023391812865497,0.099415204678363,0.035087719298246,0.035087719298246,0.070175438596491,0.035087719298246,0.023391812865497,0.023391812865497,0.058479532163743,0.017543859649123,0.163742690058479,0.035087719298246,0.052631578947368,0.058479532163743,0.011695906432749,0.04093567251462,0.371428571428571,0.228571428571429,0.228571428571429,0.171428571428571,19,25,"RNCMPT00070,max,AGAUCAA,RBD_v3_229571",1
"RNCMPT00070,max,AUCAAGA,RBD_v3_086909",153,1,0.046783625730994,0,0.070175438596491,0.099415204678363,0.023391812865497,0.099415204678363,0.035087719298246,0.035087719298246,0.070175438596491,0.035087719298246,0.023391812865497,0.023391812865497,0.058479532163743,0.017543859649123,0.163742690058479,0.035087719298246,0.052631578947368,0.058479532163743,0.011695906432749,0.04093567251462,0.31578947368421,0.157894736842105,0.263157894736842,0.263157894736842,8,14,"RNCMPT00070,max,AUCAAGA,RBD_v3_086909",1
"RNCMPT00070,max,GAUCAAG,RBD_v3_172434",153,1,0.046783625730994,0,0.070175438596491,0.099415204678363,0.023391812865497,0.099415204678363,0.035087719298246,0.035087719298246,0.070175438596491,0.035087719298246,0.023391812865497,0.023391812865497,0.058479532163743,0.017543859649123,0.163742690058479,0.035087719298246,0.052631578947368,0.058479532163743,0.011695906432749,0.04093567251462,0.368421052631579,0.184210526315789,0.236842105263158,0.210526315789474,2,8,"RNCMPT00070,max,GAUCAAG,RBD_v3_172434",1
"RNCMPT00070,min,GCCCACC,RBD_v3_125136",153,0,0.046783625730994,0,0.070175438596491,0.099415204678363,0.023391812865497,0.099415204678363,0.035087719298246,0.035087719298246,0.070175438596491,0.035087719298246,0.023391812865497,0.023391812865497,0.058479532163743,0.017543859649123,0.163742690058479,0.035087719298246,0.052631578947368,0.058479532163743,0.011695906432749,0.04093567251462,0.31578947368421,0.368421052631579,0.157894736842105,0.157894736842105,4,10,"RNCMPT00070,min,GCCCACC,RBD_v3_125136",1
"RNCMPT00070,min,GCCCGCC,RBD_v3_119665",153,0,0.046783625730994,0,0.070175438596491,0.099415204678363,0.023391812865497,0.099415204678363,0.035087719298246,0.035087719298246,0.070175438596491,0.035087719298246,0.023391812865497,0.023391812865497,0.058479532163743,0.017543859649123,0.163742690058479,0.035087719298246,0.052631578947368,0.058479532163743,0.011695906432749,0.04093567251462,0.333333333333333,0.233333333333333,0.166666666666667,0.266666666666667,17,23,"RNCMPT00070,min,GCCCGCC,RBD_v3_119665",1
"RNCMPT00070,min,GCCCGCC,RBD_v3_186736",153,0,0.046783625730994,0,0.070175438596491,0.099415204678363,0.023391812865497,0.099415204678363,0.035087719298246,0.035087719298246,0.070175438596491,0.035087719298246,0.023391812865497,0.023391812865497,0.058479532163743,0.017543859649123,0.163742690058479,0.035087719298246,0.052631578947368,0.058479532163743,0.011695906432749,0.04093567251462,0.184210526315789,0.31578947368421,0.184210526315789,0.31578947368421,5,11,"RNCMPT00070,min,GCCCGCC,RBD_v3_186736",1
"RNCMPT00071,max,AUUGCAC,RBD_v3_133839",155,1,0.078014184397163,0,0.031914893617021,0.049645390070922,0.053191489361702,0.070921985815603,0.017730496453901,0.060283687943262,0.078014184397163,0.063829787234043,0.060283687943262,0.046099290780142,0.124113475177305,0.067375886524823,0.046099290780142,0.042553191489362,0.042553191489362,0.049645390070922,0,0.017730496453901,0.285714285714286,0.257142857142857,0.2,0.257142857142857,12,18,"RNCMPT00071,max,AUUGCAC,RBD_v3_133839",0
"RNCMPT00071,max,AUUGCAC,RBD_v3_233166",155,1,0.078014184397163,0,0.031914893617021,0.049645390070922,0.053191489361702,0.070921985815603,0.017730496453901,0.060283687943262,0.078014184397163,0.063829787234043,0.060283687943262,0.046099290780142,0.124113475177305,0.067375886524823,0.046099290780142,0.042553191489362,0.042553191489362,0.049645390070922,0,0.017730496453901,0.285714285714286,0.257142857142857,0.2,0.257142857142857,12,18,"RNCMPT00071,max,AUUGCAC,RBD_v3_233166",0
"RNCMPT00071,max,UUGCACA,RBD_v3_168565",155,1,0.078014184397163,0,0.031914893617021,0.049645390070922,0.053191489361702,0.070921985815603,0.017730496453901,0.060283687943262,0.078014184397163,0.063829787234043,0.060283687943262,0.046099290780142,0.124113475177305,0.067375886524823,0.046099290780142,0.042553191489362,0.042553191489362,0.049645390070922,0,0.017730496453901,0.263157894736842,0.210526315789474,0.263157894736842,0.263157894736842,13,19,"RNCMPT00071,max,UUGCACA,RBD_v3_168565",0
"RNCMPT00071,min,GGGGGGG,RBD_v3_026081",155,0,0.078014184397163,0,0.031914893617021,0.049645390070922,0.053191489361702,0.070921985815603,0.017730496453901,0.060283687943262,0.078014184397163,0.063829787234043,0.060283687943262,0.046099290780142,0.124113475177305,0.067375886524823,0.046099290780142,0.042553191489362,0.042553191489362,0.049645390070922,0,0.017730496453901,0.289473684210526,0.078947368421053,0.421052631578947,0.210526315789474,29,35,"RNCMPT00071,min,GGGGGGG,RBD_v3_026081",0
"RNCMPT00071,min,GGGGGGG,RBD_v3_054011",155,0,0.078014184397163,0,0.031914893617021,0.049645390070922,0.053191489361702,0.070921985815603,0.017730496453901,0.060283687943262,0.078014184397163,0.063829787234043,0.060283687943262,0.046099290780142,0.124113475177305,0.067375886524823,0.046099290780142,0.042553191489362,0.042553191489362,0.049645390070922,0,0.017730496453901,0.289473684210526,0.131578947368421,0.368421052631579,0.210526315789474,10,16,"RNCMPT00071,min,GGGGGGG,RBD_v3_054011",1
"RNCMPT00071,min,GGGGGUG,RBD_v3_193503",155,0,0.078014184397163,0,0.031914893617021,0.049645390070922,0.053191489361702,0.070921985815603,0.017730496453901,0.060283687943262,0.078014184397163,0.063829787234043,0.060283687943262,0.046099290780142,0.124113475177305,0.067375886524823,0.046099290780142,0.042553191489362,0.042553191489362,0.049645390070922,0,0.017730496453901,0.342857142857143,0.085714285714286,0.371428571428571,0.2,5,11,"RNCMPT00071,min,GGGGGUG,RBD_v3_193503",1
"RNCMPT00072,max,AGGAGAA,RBD_v3_111459",158,1,0.05,0,0.1,0.041666666666667,0.033333333333333,0.116666666666667,0.025,0.008333333333333,0.033333333333333,0.041666666666667,0.041666666666667,0.008333333333333,0.083333333333333,0.008333333333333,0.175,0.058333333333333,0.041666666666667,0.066666666666667,0,0.066666666666667,0.371428571428571,0.171428571428571,0.285714285714286,0.171428571428571,1,7,"RNCMPT00072,max,AGGAGAA,RBD_v3_111459",0
"RNCMPT00072,max,AGGAGAA,RBD_v3_127223",158,1,0.05,0,0.1,0.041666666666667,0.033333333333333,0.116666666666667,0.025,0.008333333333333,0.033333333333333,0.041666666666667,0.041666666666667,0.008333333333333,0.083333333333333,0.008333333333333,0.175,0.058333333333333,0.041666666666667,0.066666666666667,0,0.066666666666667,0.31578947368421,0.157894736842105,0.31578947368421,0.210526315789474,1,7,"RNCMPT00072,max,AGGAGAA,RBD_v3_127223",0
"RNCMPT00072,max,AGGAGAG,RBD_v3_106344",158,1,0.05,0,0.1,0.041666666666667,0.033333333333333,0.116666666666667,0.025,0.008333333333333,0.033333333333333,0.041666666666667,0.041666666666667,0.008333333333333,0.083333333333333,0.008333333333333,0.175,0.058333333333333,0.041666666666667,0.066666666666667,0,0.066666666666667,0.289473684210526,0.105263157894737,0.368421052631579,0.236842105263158,1,7,"RNCMPT00072,max,AGGAGAG,RBD_v3_106344",1
"RNCMPT00072,min,CCAUUUU,RBD_v3_023952",158,0,0.05,0,0.1,0.041666666666667,0.033333333333333,0.116666666666667,0.025,0.008333333333333,0.033333333333333,0.041666666666667,0.041666666666667,0.008333333333333,0.083333333333333,0.008333333333333,0.175,0.058333333333333,0.041666666666667,0.066666666666667,0,0.066666666666667,0.285714285714286,0.257142857142857,0.228571428571429,0.228571428571429,22,28,"RNCMPT00072,min,CCAUUUU,RBD_v3_023952",1
"RNCMPT00072,min,GGGGGGC,RBD_v3_223282",158,0,0.05,0,0.1,0.041666666666667,0.033333333333333,0.116666666666667,0.025,0.008333333333333,0.033333333333333,0.041666666666667,0.041666666666667,0.008333333333333,0.083333333333333,0.008333333333333,0.175,0.058333333333333,0.041666666666667,0.066666666666667,0,0.066666666666667,0.333333333333333,0.133333333333333,0.433333333333333,0.1,15,21,"RNCMPT00072,min,GGGGGGC,RBD_v3_223282",1
"RNCMPT00072,min,GGGGGGG,RBD_v3_011654",158,0,0.05,0,0.1,0.041666666666667,0.033333333333333,0.116666666666667,0.025,0.008333333333333,0.033333333333333,0.041666666666667,0.041666666666667,0.008333333333333,0.083333333333333,0.008333333333333,0.175,0.058333333333333,0.041666666666667,0.066666666666667,0,0.066666666666667,0.236842105263158,0.157894736842105,0.447368421052632,0.157894736842105,2,8,"RNCMPT00072,min,GGGGGGG,RBD_v3_011654",1
"RNCMPT00073,max,ACGACGA,RBD_v3_077725",159,1,0.064516129032258,0.032258064516129,0.064516129032258,0.07258064516129,0.048387096774194,0.129032258064516,0.016129032258065,0.016129032258065,0.032258064516129,0.040322580645161,0.016129032258065,0.024193548387097,0.07258064516129,0,0.145161290322581,0.048387096774194,0.032258064516129,0.064516129032258,0.008064516129032,0.07258064516129,0.263157894736842,0.263157894736842,0.263157894736842,0.210526315789474,5,11,"RNCMPT00073,max,ACGACGA,RBD_v3_077725",0
"RNCMPT00073,max,CGACGAC,RBD_v3_172245",159,1,0.064516129032258,0.032258064516129,0.064516129032258,0.07258064516129,0.048387096774194,0.129032258064516,0.016129032258065,0.016129032258065,0.032258064516129,0.040322580645161,0.016129032258065,0.024193548387097,0.07258064516129,0,0.145161290322581,0.048387096774194,0.032258064516129,0.064516129032258,0.008064516129032,0.07258064516129,0.394736842105263,0.263157894736842,0.263157894736842,0.078947368421053,9,15,"RNCMPT00073,max,CGACGAC,RBD_v3_172245",0
"RNCMPT00073,max,GACGACG,RBD_v3_055960",159,1,0.064516129032258,0.032258064516129,0.064516129032258,0.07258064516129,0.048387096774194,0.129032258064516,0.016129032258065,0.016129032258065,0.032258064516129,0.040322580645161,0.016129032258065,0.024193548387097,0.07258064516129,0,0.145161290322581,0.048387096774194,0.032258064516129,0.064516129032258,0.008064516129032,0.07258064516129,0.233333333333333,0.333333333333333,0.333333333333333,0.1,2,8,"RNCMPT00073,max,GACGACG,RBD_v3_055960",0
"RNCMPT00073,min,UUUGUCC,RBD_v3_026735",159,0,0.064516129032258,0.032258064516129,0.064516129032258,0.07258064516129,0.048387096774194,0.129032258064516,0.016129032258065,0.016129032258065,0.032258064516129,0.040322580645161,0.016129032258065,0.024193548387097,0.07258064516129,0,0.145161290322581,0.048387096774194,0.032258064516129,0.064516129032258,0.008064516129032,0.07258064516129,0.31578947368421,0.236842105263158,0.184210526315789,0.263157894736842,17,23,"RNCMPT00073,min,UUUGUCC,RBD_v3_026735",0
"RNCMPT00073,min,UUUGUCC,RBD_v3_110550",159,0,0.064516129032258,0.032258064516129,0.064516129032258,0.07258064516129,0.048387096774194,0.129032258064516,0.016129032258065,0.016129032258065,0.032258064516129,0.040322580645161,0.016129032258065,0.024193548387097,0.07258064516129,0,0.145161290322581,0.048387096774194,0.032258064516129,0.064516129032258,0.008064516129032,0.07258064516129,0.263157894736842,0.236842105263158,0.263157894736842,0.236842105263158,11,17,"RNCMPT00073,min,UUUGUCC,RBD_v3_110550",1
"RNCMPT00073,min,UUUUGUC,RBD_v3_120107",159,0,0.064516129032258,0.032258064516129,0.064516129032258,0.07258064516129,0.048387096774194,0.129032258064516,0.016129032258065,0.016129032258065,0.032258064516129,0.040322580645161,0.016129032258065,0.024193548387097,0.07258064516129,0,0.145161290322581,0.048387096774194,0.032258064516129,0.064516129032258,0.008064516129032,0.07258064516129,0.157894736842105,0.236842105263158,0.184210526315789,0.421052631578947,6,12,"RNCMPT00073,min,UUUUGUC,RBD_v3_120107",0
"RNCMPT00074,max,AGGACAA,RBD_v3_020823",160,1,0.031674208144796,0.009049773755656,0.085972850678733,0.072398190045249,0.040723981900452,0.126696832579185,0.018099547511312,0.02262443438914,0.036199095022624,0.054298642533937,0.018099547511312,0.018099547511312,0.063348416289593,0.018099547511312,0.135746606334842,0.076923076923077,0.027149321266968,0.054298642533937,0.013574660633484,0.076923076923077,0.421052631578947,0.157894736842105,0.263157894736842,0.157894736842105,1,7,"RNCMPT00074,max,AGGACAA,RBD_v3_020823",0
"RNCMPT00074,max,AGGAGCA,RBD_v3_065928",160,1,0.031674208144796,0.009049773755656,0.085972850678733,0.072398190045249,0.040723981900452,0.126696832579185,0.018099547511312,0.02262443438914,0.036199095022624,0.054298642533937,0.018099547511312,0.018099547511312,0.063348416289593,0.018099547511312,0.135746606334842,0.076923076923077,0.027149321266968,0.054298642533937,0.013574660633484,0.076923076923077,0.31578947368421,0.131578947368421,0.394736842105263,0.157894736842105,19,25,"RNCMPT00074,max,AGGAGCA,RBD_v3_065928",1
"RNCMPT00074,max,GAGGAGC,RBD_v3_106705",160,1,0.031674208144796,0.009049773755656,0.085972850678733,0.072398190045249,0.040723981900452,0.126696832579185,0.018099547511312,0.02262443438914,0.036199095022624,0.054298642533937,0.018099547511312,0.018099547511312,0.063348416289593,0.018099547511312,0.135746606334842,0.076923076923077,0.027149321266968,0.054298642533937,0.013574660633484,0.076923076923077,0.314285714285714,0.085714285714286,0.457142857142857,0.142857142857143,4,10,"RNCMPT00074,max,GAGGAGC,RBD_v3_106705",1
"RNCMPT00074,min,ACUGUUU,RBD_v3_002893",160,0,0.031674208144796,0.009049773755656,0.085972850678733,0.072398190045249,0.040723981900452,0.126696832579185,0.018099547511312,0.02262443438914,0.036199095022624,0.054298642533937,0.018099547511312,0.018099547511312,0.063348416289593,0.018099547511312,0.135746606334842,0.076923076923077,0.027149321266968,0.054298642533937,0.013574660633484,0.076923076923077,0.2,0.228571428571429,0.142857142857143,0.428571428571429,3,9,"RNCMPT00074,min,ACUGUUU,RBD_v3_002893",0
"RNCMPT00074,min,CUGUUUC,RBD_v3_177649",160,0,0.031674208144796,0.009049773755656,0.085972850678733,0.072398190045249,0.040723981900452,0.126696832579185,0.018099547511312,0.02262443438914,0.036199095022624,0.054298642533937,0.018099547511312,0.018099547511312,0.063348416289593,0.018099547511312,0.135746606334842,0.076923076923077,0.027149321266968,0.054298642533937,0.013574660633484,0.076923076923077,0.2,0.314285714285714,0.114285714285714,0.371428571428571,17,23,"RNCMPT00074,min,CUGUUUC,RBD_v3_177649",0
"RNCMPT00074,min,GUUUGUG,RBD_v3_001244",160,0,0.031674208144796,0.009049773755656,0.085972850678733,0.072398190045249,0.040723981900452,0.126696832579185,0.018099547511312,0.02262443438914,0.036199095022624,0.054298642533937,0.018099547511312,0.018099547511312,0.063348416289593,0.018099547511312,0.135746606334842,0.076923076923077,0.027149321266968,0.054298642533937,0.013574660633484,0.076923076923077,0.166666666666667,0.166666666666667,0.366666666666667,0.3,18,24,"RNCMPT00074,min,GUUUGUG,RBD_v3_001244",1
"RNCMPT00076,max,AGAAUGA,RBD_v3_122590",167,1,0.046153846153846,0.015384615384615,0.065384615384615,0.057692307692308,0.065384615384615,0.123076923076923,0.019230769230769,0.034615384615385,0.073076923076923,0.061538461538462,0.030769230769231,0.053846153846154,0.034615384615385,0.05,0.053846153846154,0.065384615384615,0.042307692307692,0.076923076923077,0.011538461538462,0.019230769230769,0.314285714285714,0.085714285714286,0.342857142857143,0.257142857142857,16,22,"RNCMPT00076,max,AGAAUGA,RBD_v3_122590",1
"RNCMPT00076,max,AGAAUGA,RBD_v3_190636",167,1,0.046153846153846,0.015384615384615,0.065384615384615,0.057692307692308,0.065384615384615,0.123076923076923,0.019230769230769,0.034615384615385,0.073076923076923,0.061538461538462,0.030769230769231,0.053846153846154,0.034615384615385,0.05,0.053846153846154,0.065384615384615,0.042307692307692,0.076923076923077,0.011538461538462,0.019230769230769,0.368421052631579,0.105263157894737,0.263157894736842,0.263157894736842,1,7,"RNCMPT00076,max,AGAAUGA,RBD_v3_190636",0
"RNCMPT00076,max,GAAUGAG,RBD_v3_036671",167,1,0.046153846153846,0.015384615384615,0.065384615384615,0.057692307692308,0.065384615384615,0.123076923076923,0.019230769230769,0.034615384615385,0.073076923076923,0.061538461538462,0.030769230769231,0.053846153846154,0.034615384615385,0.05,0.053846153846154,0.065384615384615,0.042307692307692,0.076923076923077,0.011538461538462,0.019230769230769,0.285714285714286,0.114285714285714,0.342857142857143,0.257142857142857,15,21,"RNCMPT00076,max,GAAUGAG,RBD_v3_036671",1
"RNCMPT00076,min,CAUUUCA,RBD_v3_005890",167,0,0.046153846153846,0.015384615384615,0.065384615384615,0.057692307692308,0.065384615384615,0.123076923076923,0.019230769230769,0.034615384615385,0.073076923076923,0.061538461538462,0.030769230769231,0.053846153846154,0.034615384615385,0.05,0.053846153846154,0.065384615384615,0.042307692307692,0.076923076923077,0.011538461538462,0.019230769230769,0.31578947368421,0.210526315789474,0.236842105263158,0.236842105263158,15,21,"RNCMPT00076,min,CAUUUCA,RBD_v3_005890",1
"RNCMPT00076,min,CAUUUCA,RBD_v3_172826",167,0,0.046153846153846,0.015384615384615,0.065384615384615,0.057692307692308,0.065384615384615,0.123076923076923,0.019230769230769,0.034615384615385,0.073076923076923,0.061538461538462,0.030769230769231,0.053846153846154,0.034615384615385,0.05,0.053846153846154,0.065384615384615,0.042307692307692,0.076923076923077,0.011538461538462,0.019230769230769,0.236842105263158,0.184210526315789,0.210526315789474,0.368421052631579,17,23,"RNCMPT00076,min,CAUUUCA,RBD_v3_172826",1
"RNCMPT00076,min,CAUUUCA,RBD_v3_211225",167,0,0.046153846153846,0.015384615384615,0.065384615384615,0.057692307692308,0.065384615384615,0.123076923076923,0.019230769230769,0.034615384615385,0.073076923076923,0.061538461538462,0.030769230769231,0.053846153846154,0.034615384615385,0.05,0.053846153846154,0.065384615384615,0.042307692307692,0.076923076923077,0.011538461538462,0.019230769230769,0.31578947368421,0.289473684210526,0.184210526315789,0.210526315789474,31,37,"RNCMPT00076,min,CAUUUCA,RBD_v3_211225",1
"RNCMPT00077,max,UUUUUCG,RBD_v3_210431",168,1,0.069333333333333,0.016,0.034666666666667,0.045333333333333,0.042666666666667,0.098666666666667,0.021333333333333,0.042666666666667,0.050666666666667,0.034666666666667,0.04,0.061333333333333,0.061333333333333,0.088,0.032,0.066666666666667,0.058666666666667,0.064,0.026666666666667,0.045333333333333,0.184210526315789,0.078947368421053,0.368421052631579,0.368421052631579,9,15,"RNCMPT00077,max,UUUUUCG,RBD_v3_210431",1
"RNCMPT00077,max,UUUUUUG,RBD_v3_152636",168,1,0.069333333333333,0.016,0.034666666666667,0.045333333333333,0.042666666666667,0.098666666666667,0.021333333333333,0.042666666666667,0.050666666666667,0.034666666666667,0.04,0.061333333333333,0.061333333333333,0.088,0.032,0.066666666666667,0.058666666666667,0.064,0.026666666666667,0.045333333333333,0.210526315789474,0.184210526315789,0.236842105263158,0.368421052631579,32,38,"RNCMPT00077,max,UUUUUUG,RBD_v3_152636",1
"RNCMPT00077,max,UUUUUUG,RBD_v3_225797",168,1,0.069333333333333,0.016,0.034666666666667,0.045333333333333,0.042666666666667,0.098666666666667,0.021333333333333,0.042666666666667,0.050666666666667,0.034666666666667,0.04,0.061333333333333,0.061333333333333,0.088,0.032,0.066666666666667,0.058666666666667,0.064,0.026666666666667,0.045333333333333,0.210526315789474,0.157894736842105,0.236842105263158,0.394736842105263,26,32,"RNCMPT00077,max,UUUUUUG,RBD_v3_225797",1
"RNCMPT00077,min,AGGGGGG,RBD_v3_021242",168,0,0.069333333333333,0.016,0.034666666666667,0.045333333333333,0.042666666666667,0.098666666666667,0.021333333333333,0.042666666666667,0.050666666666667,0.034666666666667,0.04,0.061333333333333,0.061333333333333,0.088,0.032,0.066666666666667,0.058666666666667,0.064,0.026666666666667,0.045333333333333,0.233333333333333,0.3,0.366666666666667,0.1,18,24,"RNCMPT00077,min,AGGGGGG,RBD_v3_021242",0
"RNCMPT00077,min,GGGGGGC,RBD_v3_015998",168,0,0.069333333333333,0.016,0.034666666666667,0.045333333333333,0.042666666666667,0.098666666666667,0.021333333333333,0.042666666666667,0.050666666666667,0.034666666666667,0.04,0.061333333333333,0.061333333333333,0.088,0.032,0.066666666666667,0.058666666666667,0.064,0.026666666666667,0.045333333333333,0.166666666666667,0.3,0.4,0.133333333333333,10,16,"RNCMPT00077,min,GGGGGGC,RBD_v3_015998",1
"RNCMPT00077,min,GGGGGGG,RBD_v3_044649",168,0,0.069333333333333,0.016,0.034666666666667,0.045333333333333,0.042666666666667,0.098666666666667,0.021333333333333,0.042666666666667,0.050666666666667,0.034666666666667,0.04,0.061333333333333,0.061333333333333,0.088,0.032,0.066666666666667,0.058666666666667,0.064,0.026666666666667,0.045333333333333,0.289473684210526,0.157894736842105,0.447368421052632,0.105263157894737,11,17,"RNCMPT00077,min,GGGGGGG,RBD_v3_044649",0
"RNCMPT00078,max,AGAAGAA,RBD_v3_027072",171,1,0.046783625730994,0.017543859649123,0.046783625730994,0.046783625730994,0.04093567251462,0.064327485380117,0.04093567251462,0.046783625730994,0.035087719298246,0.023391812865497,0.011695906432749,0.023391812865497,0.070175438596491,0.046783625730994,0.187134502923977,0.140350877192982,0.035087719298246,0.04093567251462,0,0.035087719298246,0.368421052631579,0.210526315789474,0.289473684210526,0.131578947368421,4,10,"RNCMPT00078,max,AGAAGAA,RBD_v3_027072",1
"RNCMPT00078,max,AGAAGAA,RBD_v3_055639",171,1,0.046783625730994,0.017543859649123,0.046783625730994,0.046783625730994,0.04093567251462,0.064327485380117,0.04093567251462,0.046783625730994,0.035087719298246,0.023391812865497,0.011695906432749,0.023391812865497,0.070175438596491,0.046783625730994,0.187134502923977,0.140350877192982,0.035087719298246,0.04093567251462,0,0.035087719298246,0.289473684210526,0.157894736842105,0.368421052631579,0.184210526315789,1,7,"RNCMPT00078,max,AGAAGAA,RBD_v3_055639",0
"RNCMPT00078,max,AGAAGAA,RBD_v3_105475",171,1,0.046783625730994,0.017543859649123,0.046783625730994,0.046783625730994,0.04093567251462,0.064327485380117,0.04093567251462,0.046783625730994,0.035087719298246,0.023391812865497,0.011695906432749,0.023391812865497,0.070175438596491,0.046783625730994,0.187134502923977,0.140350877192982,0.035087719298246,0.04093567251462,0,0.035087719298246,0.368421052631579,0.131578947368421,0.342105263157895,0.157894736842105,19,25,"RNCMPT00078,max,AGAAGAA,RBD_v3_105475",1
"RNCMPT00078,min,AGGGGGG,RBD_v3_062286",171,0,0.046783625730994,0.017543859649123,0.046783625730994,0.046783625730994,0.04093567251462,0.064327485380117,0.04093567251462,0.046783625730994,0.035087719298246,0.023391812865497,0.011695906432749,0.023391812865497,0.070175438596491,0.046783625730994,0.187134502923977,0.140350877192982,0.035087719298246,0.04093567251462,0,0.035087719298246,0.236842105263158,0.184210526315789,0.342105263157895,0.236842105263158,1,7,"RNCMPT00078,min,AGGGGGG,RBD_v3_062286",0
"RNCMPT00078,min,AGGGGGG,RBD_v3_075285",171,0,0.046783625730994,0.017543859649123,0.046783625730994,0.046783625730994,0.04093567251462,0.064327485380117,0.04093567251462,0.046783625730994,0.035087719298246,0.023391812865497,0.011695906432749,0.023391812865497,0.070175438596491,0.046783625730994,0.187134502923977,0.140350877192982,0.035087719298246,0.04093567251462,0,0.035087719298246,0.210526315789474,0.210526315789474,0.263157894736842,0.31578947368421,20,26,"RNCMPT00078,min,AGGGGGG,RBD_v3_075285",1
"RNCMPT00078,min,GGGGGGG,RBD_v3_112821",171,0,0.046783625730994,0.017543859649123,0.046783625730994,0.046783625730994,0.04093567251462,0.064327485380117,0.04093567251462,0.046783625730994,0.035087719298246,0.023391812865497,0.011695906432749,0.023391812865497,0.070175438596491,0.046783625730994,0.187134502923977,0.140350877192982,0.035087719298246,0.04093567251462,0,0.035087719298246,0.236842105263158,0.105263157894737,0.421052631578947,0.236842105263158,2,8,"RNCMPT00078,min,GGGGGGG,RBD_v3_112821",1
"RNCMPT00079,max,UUUUUUC,RBD_v3_138040",188,1,0.066666666666667,0.016,0.058666666666667,0.050666666666667,0.045333333333333,0.08,0.013333333333333,0.042666666666667,0.045333333333333,0.085333333333333,0.04,0.04,0.074666666666667,0.061333333333333,0.037333333333333,0.050666666666667,0.061333333333333,0.098666666666667,0.002666666666667,0.029333333333333,0.157894736842105,0.184210526315789,0.184210526315789,0.473684210526316,29,35,"RNCMPT00079,max,UUUUUUC,RBD_v3_138040",0
"RNCMPT00079,max,UUUUUUU,RBD_v3_029559",188,1,0.066666666666667,0.016,0.058666666666667,0.050666666666667,0.045333333333333,0.08,0.013333333333333,0.042666666666667,0.045333333333333,0.085333333333333,0.04,0.04,0.074666666666667,0.061333333333333,0.037333333333333,0.050666666666667,0.061333333333333,0.098666666666667,0.002666666666667,0.029333333333333,0.184210526315789,0.184210526315789,0.236842105263158,0.394736842105263,30,36,"RNCMPT00079,max,UUUUUUU,RBD_v3_029559",0
"RNCMPT00079,max,UUUUUUU,RBD_v3_159452",188,1,0.066666666666667,0.016,0.058666666666667,0.050666666666667,0.045333333333333,0.08,0.013333333333333,0.042666666666667,0.045333333333333,0.085333333333333,0.04,0.04,0.074666666666667,0.061333333333333,0.037333333333333,0.050666666666667,0.061333333333333,0.098666666666667,0.002666666666667,0.029333333333333,0.210526315789474,0.184210526315789,0.236842105263158,0.368421052631579,31,37,"RNCMPT00079,max,UUUUUUU,RBD_v3_159452",0
"RNCMPT00079,min,AGAGUCG,RBD_v3_072002",188,0,0.066666666666667,0.016,0.058666666666667,0.050666666666667,0.045333333333333,0.08,0.013333333333333,0.042666666666667,0.045333333333333,0.085333333333333,0.04,0.04,0.074666666666667,0.061333333333333,0.037333333333333,0.050666666666667,0.061333333333333,0.098666666666667,0.002666666666667,0.029333333333333,0.257142857142857,0.171428571428571,0.4,0.171428571428571,1,7,"RNCMPT00079,min,AGAGUCG,RBD_v3_072002",1
"RNCMPT00079,min,GAGUCGU,RBD_v3_051562",188,0,0.066666666666667,0.016,0.058666666666667,0.050666666666667,0.045333333333333,0.08,0.013333333333333,0.042666666666667,0.045333333333333,0.085333333333333,0.04,0.04,0.074666666666667,0.061333333333333,0.037333333333333,0.050666666666667,0.061333333333333,0.098666666666667,0.002666666666667,0.029333333333333,0.142857142857143,0.285714285714286,0.257142857142857,0.314285714285714,11,17,"RNCMPT00079,min,GAGUCGU,RBD_v3_051562",1
"RNCMPT00079,min,GAGUGAG,RBD_v3_138028",188,0,0.066666666666667,0.016,0.058666666666667,0.050666666666667,0.045333333333333,0.08,0.013333333333333,0.042666666666667,0.045333333333333,0.085333333333333,0.04,0.04,0.074666666666667,0.061333333333333,0.037333333333333,0.050666666666667,0.061333333333333,0.098666666666667,0.002666666666667,0.029333333333333,0.314285714285714,0.314285714285714,0.285714285714286,0.085714285714286,2,8,"RNCMPT00079,min,GAGUGAG,RBD_v3_138028",1
"RNCMPT00080,max,UUUUUCC,RBD_v3_007520",189,1,0.06989247311828,0.016129032258065,0.059139784946237,0.061827956989247,0.045698924731183,0.07258064516129,0.013440860215054,0.053763440860215,0.051075268817204,0.077956989247312,0.026881720430108,0.040322580645161,0.06989247311828,0.059139784946237,0.040322580645161,0.059139784946237,0.056451612903226,0.099462365591398,0,0.026881720430108,0.131578947368421,0.263157894736842,0.157894736842105,0.447368421052632,28,34,"RNCMPT00080,max,UUUUUCC,RBD_v3_007520",1
"RNCMPT00080,max,UUUUUCC,RBD_v3_116610",189,1,0.06989247311828,0.016129032258065,0.059139784946237,0.061827956989247,0.045698924731183,0.07258064516129,0.013440860215054,0.053763440860215,0.051075268817204,0.077956989247312,0.026881720430108,0.040322580645161,0.06989247311828,0.059139784946237,0.040322580645161,0.059139784946237,0.056451612903226,0.099462365591398,0,0.026881720430108,0.131578947368421,0.263157894736842,0.157894736842105,0.447368421052632,28,34,"RNCMPT00080,max,UUUUUCC,RBD_v3_116610",1
"RNCMPT00080,max,UUUUUUU,RBD_v3_029559",189,1,0.06989247311828,0.016129032258065,0.059139784946237,0.061827956989247,0.045698924731183,0.07258064516129,0.013440860215054,0.053763440860215,0.051075268817204,0.077956989247312,0.026881720430108,0.040322580645161,0.06989247311828,0.059139784946237,0.040322580645161,0.059139784946237,0.056451612903226,0.099462365591398,0,0.026881720430108,0.184210526315789,0.184210526315789,0.236842105263158,0.394736842105263,30,36,"RNCMPT00080,max,UUUUUUU,RBD_v3_029559",1
"RNCMPT00080,min,GUGAGUC,RBD_v3_020775",189,0,0.06989247311828,0.016129032258065,0.059139784946237,0.061827956989247,0.045698924731183,0.07258064516129,0.013440860215054,0.053763440860215,0.051075268817204,0.077956989247312,0.026881720430108,0.040322580645161,0.06989247311828,0.059139784946237,0.040322580645161,0.059139784946237,0.056451612903226,0.099462365591398,0,0.026881720430108,0.447368421052632,0.131578947368421,0.236842105263158,0.184210526315789,13,19,"RNCMPT00080,min,GUGAGUC,RBD_v3_020775",1
"RNCMPT00080,min,UGAGUCG,RBD_v3_073940",189,0,0.06989247311828,0.016129032258065,0.059139784946237,0.061827956989247,0.045698924731183,0.07258064516129,0.013440860215054,0.053763440860215,0.051075268817204,0.077956989247312,0.026881720430108,0.040322580645161,0.06989247311828,0.059139784946237,0.040322580645161,0.059139784946237,0.056451612903226,0.099462365591398,0,0.026881720430108,0.263157894736842,0.184210526315789,0.342105263157895,0.210526315789474,25,31,"RNCMPT00080,min,UGAGUCG,RBD_v3_073940",1
"RNCMPT00080,min,UGAGUCG,RBD_v3_149682",189,0,0.06989247311828,0.016129032258065,0.059139784946237,0.061827956989247,0.045698924731183,0.07258064516129,0.013440860215054,0.053763440860215,0.051075268817204,0.077956989247312,0.026881720430108,0.040322580645161,0.06989247311828,0.059139784946237,0.040322580645161,0.059139784946237,0.056451612903226,0.099462365591398,0,0.026881720430108,0.285714285714286,0.171428571428571,0.285714285714286,0.257142857142857,10,16,"RNCMPT00080,min,UGAGUCG,RBD_v3_149682",1
"RNCMPT00081,max,AUGUUGU,RBD_v3_150739",190,1,0.155642023346304,0.011673151750973,0.042801556420233,0.033073929961089,0.035019455252918,0.050583657587549,0.036964980544747,0.025291828793774,0.046692607003891,0.085603112840467,0.040856031128405,0.035019455252918,0.040856031128405,0.132295719844358,0.035019455252918,0.070038910505837,0.044747081712062,0.050583657587549,0,0.027237354085603,0.342857142857143,0.114285714285714,0.257142857142857,0.285714285714286,7,13,"RNCMPT00081,max,AUGUUGU,RBD_v3_150739",0
"RNCMPT00081,max,UGUUGUG,RBD_v3_021065",190,1,0.155642023346304,0.011673151750973,0.042801556420233,0.033073929961089,0.035019455252918,0.050583657587549,0.036964980544747,0.025291828793774,0.046692607003891,0.085603112840467,0.040856031128405,0.035019455252918,0.040856031128405,0.132295719844358,0.035019455252918,0.070038910505837,0.044747081712062,0.050583657587549,0,0.027237354085603,0.342105263157895,0.131578947368421,0.263157894736842,0.263157894736842,16,22,"RNCMPT00081,max,UGUUGUG,RBD_v3_021065",0
"RNCMPT00081,max,UGUUGUG,RBD_v3_177863",190,1,0.155642023346304,0.011673151750973,0.042801556420233,0.033073929961089,0.035019455252918,0.050583657587549,0.036964980544747,0.025291828793774,0.046692607003891,0.085603112840467,0.040856031128405,0.035019455252918,0.040856031128405,0.132295719844358,0.035019455252918,0.070038910505837,0.044747081712062,0.050583657587549,0,0.027237354085603,0.289473684210526,0.105263157894737,0.31578947368421,0.289473684210526,10,16,"RNCMPT00081,max,UGUUGUG,RBD_v3_177863",1
"RNCMPT00081,min,GACGCAC,RBD_v3_040657",190,0,0.155642023346304,0.011673151750973,0.042801556420233,0.033073929961089,0.035019455252918,0.050583657587549,0.036964980544747,0.025291828793774,0.046692607003891,0.085603112840467,0.040856031128405,0.035019455252918,0.040856031128405,0.132295719844358,0.035019455252918,0.070038910505837,0.044747081712062,0.050583657587549,0,0.027237354085603,0.257142857142857,0.257142857142857,0.342857142857143,0.142857142857143,2,8,"RNCMPT00081,min,GACGCAC,RBD_v3_040657",0
"RNCMPT00081,min,GACGCAC,RBD_v3_080544",190,0,0.155642023346304,0.011673151750973,0.042801556420233,0.033073929961089,0.035019455252918,0.050583657587549,0.036964980544747,0.025291828793774,0.046692607003891,0.085603112840467,0.040856031128405,0.035019455252918,0.040856031128405,0.132295719844358,0.035019455252918,0.070038910505837,0.044747081712062,0.050583657587549,0,0.027237354085603,0.285714285714286,0.285714285714286,0.257142857142857,0.171428571428571,3,9,"RNCMPT00081,min,GACGCAC,RBD_v3_080544",1
"RNCMPT00081,min,GACGCAC,RBD_v3_166594",190,0,0.155642023346304,0.011673151750973,0.042801556420233,0.033073929961089,0.035019455252918,0.050583657587549,0.036964980544747,0.025291828793774,0.046692607003891,0.085603112840467,0.040856031128405,0.035019455252918,0.040856031128405,0.132295719844358,0.035019455252918,0.070038910505837,0.044747081712062,0.050583657587549,0,0.027237354085603,0.31578947368421,0.210526315789474,0.289473684210526,0.184210526315789,15,21,"RNCMPT00081,min,GACGCAC,RBD_v3_166594",1
"RNCMPT00082,max,GCUGGUC,RBD_v3_002136",191,1,0.058139534883721,0,0.081395348837209,0.046511627906977,0.011627906976744,0.046511627906977,0.011627906976744,0.069767441860465,0.116279069767442,0.174418604651163,0.034883720930233,0.034883720930233,0.046511627906977,0,0.058139534883721,0.093023255813953,0.034883720930233,0.023255813953488,0.023255813953488,0.034883720930233,0.184210526315789,0.31578947368421,0.236842105263158,0.263157894736842,5,11,"RNCMPT00082,max,GCUGGUC,RBD_v3_002136",0
"RNCMPT00082,max,GCUGGUC,RBD_v3_114193",191,1,0.058139534883721,0,0.081395348837209,0.046511627906977,0.011627906976744,0.046511627906977,0.011627906976744,0.069767441860465,0.116279069767442,0.174418604651163,0.034883720930233,0.034883720930233,0.046511627906977,0,0.058139534883721,0.093023255813953,0.034883720930233,0.023255813953488,0.023255813953488,0.034883720930233,0.184210526315789,0.31578947368421,0.236842105263158,0.263157894736842,5,11,"RNCMPT00082,max,GCUGGUC,RBD_v3_114193",0
"RNCMPT00082,max,GCUGGUC,RBD_v3_164319",191,1,0.058139534883721,0,0.081395348837209,0.046511627906977,0.011627906976744,0.046511627906977,0.011627906976744,0.069767441860465,0.116279069767442,0.174418604651163,0.034883720930233,0.034883720930233,0.046511627906977,0,0.058139534883721,0.093023255813953,0.034883720930233,0.023255813953488,0.023255813953488,0.034883720930233,0.257142857142857,0.257142857142857,0.2,0.285714285714286,22,28,"RNCMPT00082,max,GCUGGUC,RBD_v3_164319",1
"RNCMPT00082,min,ACCCCCC,RBD_v3_124783",191,0,0.058139534883721,0,0.081395348837209,0.046511627906977,0.011627906976744,0.046511627906977,0.011627906976744,0.069767441860465,0.116279069767442,0.174418604651163,0.034883720930233,0.034883720930233,0.046511627906977,0,0.058139534883721,0.093023255813953,0.034883720930233,0.023255813953488,0.023255813953488,0.034883720930233,0.236842105263158,0.31578947368421,0.210526315789474,0.236842105263158,30,36,"RNCMPT00082,min,ACCCCCC,RBD_v3_124783",1
"RNCMPT00082,min,ACCCCCC,RBD_v3_168238",191,0,0.058139534883721,0,0.081395348837209,0.046511627906977,0.011627906976744,0.046511627906977,0.011627906976744,0.069767441860465,0.116279069767442,0.174418604651163,0.034883720930233,0.034883720930233,0.046511627906977,0,0.058139534883721,0.093023255813953,0.034883720930233,0.023255813953488,0.023255813953488,0.034883720930233,0.166666666666667,0.4,0.333333333333333,0.1,11,17,"RNCMPT00082,min,ACCCCCC,RBD_v3_168238",0
"RNCMPT00082,min,ACCCCCC,RBD_v3_197990",191,0,0.058139534883721,0,0.081395348837209,0.046511627906977,0.011627906976744,0.046511627906977,0.011627906976744,0.069767441860465,0.116279069767442,0.174418604651163,0.034883720930233,0.034883720930233,0.046511627906977,0,0.058139534883721,0.093023255813953,0.034883720930233,0.023255813953488,0.023255813953488,0.034883720930233,0.257142857142857,0.4,0.171428571428571,0.171428571428571,15,21,"RNCMPT00082,min,ACCCCCC,RBD_v3_197990",1
"RNCMPT00083,max,AACACCA,RBD_v3_013992",192,1,0.089506172839506,0,0.040123456790123,0.083333333333333,0.021604938271605,0.12037037037037,0.006172839506173,0.009259259259259,0.049382716049383,0.012345679012346,0.012345679012346,0.064814814814815,0.108024691358025,0.074074074074074,0.12037037037037,0.046296296296296,0.040123456790123,0.049382716049383,0.003086419753086,0.049382716049383,0.428571428571429,0.285714285714286,0.085714285714286,0.2,15,21,"RNCMPT00083,max,AACACCA,RBD_v3_013992",1
"RNCMPT00083,max,GAACAUC,RBD_v3_030723",192,1,0.089506172839506,0,0.040123456790123,0.083333333333333,0.021604938271605,0.12037037037037,0.006172839506173,0.009259259259259,0.049382716049383,0.012345679012346,0.012345679012346,0.064814814814815,0.108024691358025,0.074074074074074,0.12037037037037,0.046296296296296,0.040123456790123,0.049382716049383,0.003086419753086,0.049382716049383,0.342105263157895,0.289473684210526,0.184210526315789,0.184210526315789,3,9,"RNCMPT00083,max,GAACAUC,RBD_v3_030723",0
"RNCMPT00083,max,GAACAUC,RBD_v3_118226",192,1,0.089506172839506,0,0.040123456790123,0.083333333333333,0.021604938271605,0.12037037037037,0.006172839506173,0.009259259259259,0.049382716049383,0.012345679012346,0.012345679012346,0.064814814814815,0.108024691358025,0.074074074074074,0.12037037037037,0.046296296296296,0.040123456790123,0.049382716049383,0.003086419753086,0.049382716049383,0.342105263157895,0.289473684210526,0.184210526315789,0.184210526315789,3,9,"RNCMPT00083,max,GAACAUC,RBD_v3_118226",0
"RNCMPT00083,min,CCCCCCC,RBD_v3_099115",192,0,0.089506172839506,0,0.040123456790123,0.083333333333333,0.021604938271605,0.12037037037037,0.006172839506173,0.009259259259259,0.049382716049383,0.012345679012346,0.012345679012346,0.064814814814815,0.108024691358025,0.074074074074074,0.12037037037037,0.046296296296296,0.040123456790123,0.049382716049383,0.003086419753086,0.049382716049383,0.133333333333333,0.333333333333333,0.366666666666667,0.166666666666667,18,24,"RNCMPT00083,min,CCCCCCC,RBD_v3_099115",1
"RNCMPT00083,min,UUUUUUU,RBD_v3_049924",192,0,0.089506172839506,0,0.040123456790123,0.083333333333333,0.021604938271605,0.12037037037037,0.006172839506173,0.009259259259259,0.049382716049383,0.012345679012346,0.012345679012346,0.064814814814815,0.108024691358025,0.074074074074074,0.12037037037037,0.046296296296296,0.040123456790123,0.049382716049383,0.003086419753086,0.049382716049383,0.1,0.2,0.233333333333333,0.466666666666667,24,30,"RNCMPT00083,min,UUUUUUU,RBD_v3_049924",1
"RNCMPT00083,min,UUUUUUU,RBD_v3_240329",192,0,0.089506172839506,0,0.040123456790123,0.083333333333333,0.021604938271605,0.12037037037037,0.006172839506173,0.009259259259259,0.049382716049383,0.012345679012346,0.012345679012346,0.064814814814815,0.108024691358025,0.074074074074074,0.12037037037037,0.046296296296296,0.040123456790123,0.049382716049383,0.003086419753086,0.049382716049383,0.105263157894737,0.184210526315789,0.210526315789474,0.5,7,13,"RNCMPT00083,min,UUUUUUU,RBD_v3_240329",1
"RNCMPT00084,max,AACAACU,RBD_v3_027354",193,1,0.107142857142857,0.002747252747253,0.03021978021978,0.06043956043956,0.032967032967033,0.120879120879121,0.005494505494505,0.019230769230769,0.032967032967033,0.013736263736264,0.005494505494505,0.032967032967033,0.159340659340659,0.057692307692308,0.10989010989011,0.046703296703297,0.063186813186813,0.07967032967033,0.005494505494505,0.013736263736264,0.31578947368421,0.210526315789474,0.31578947368421,0.157894736842105,25,31,"RNCMPT00084,max,AACAACU,RBD_v3_027354",0
"RNCMPT00084,max,AACAACU,RBD_v3_225575",193,1,0.107142857142857,0.002747252747253,0.03021978021978,0.06043956043956,0.032967032967033,0.120879120879121,0.005494505494505,0.019230769230769,0.032967032967033,0.013736263736264,0.005494505494505,0.032967032967033,0.159340659340659,0.057692307692308,0.10989010989011,0.046703296703297,0.063186813186813,0.07967032967033,0.005494505494505,0.013736263736264,0.447368421052632,0.184210526315789,0.236842105263158,0.131578947368421,7,13,"RNCMPT00084,max,AACAACU,RBD_v3_225575",1
"RNCMPT00084,max,AACAUCA,RBD_v3_155132",193,1,0.107142857142857,0.002747252747253,0.03021978021978,0.06043956043956,0.032967032967033,0.120879120879121,0.005494505494505,0.019230769230769,0.032967032967033,0.013736263736264,0.005494505494505,0.032967032967033,0.159340659340659,0.057692307692308,0.10989010989011,0.046703296703297,0.063186813186813,0.07967032967033,0.005494505494505,0.013736263736264,0.289473684210526,0.31578947368421,0.157894736842105,0.236842105263158,8,14,"RNCMPT00084,max,AACAUCA,RBD_v3_155132",1
"RNCMPT00084,min,GCCCCUC,RBD_v3_180883",193,0,0.107142857142857,0.002747252747253,0.03021978021978,0.06043956043956,0.032967032967033,0.120879120879121,0.005494505494505,0.019230769230769,0.032967032967033,0.013736263736264,0.005494505494505,0.032967032967033,0.159340659340659,0.057692307692308,0.10989010989011,0.046703296703297,0.063186813186813,0.07967032967033,0.005494505494505,0.013736263736264,0.2,0.314285714285714,0.257142857142857,0.228571428571429,7,13,"RNCMPT00084,min,GCCCCUC,RBD_v3_180883",1
"RNCMPT00084,min,GGGCUCC,RBD_v3_024151",193,0,0.107142857142857,0.002747252747253,0.03021978021978,0.06043956043956,0.032967032967033,0.120879120879121,0.005494505494505,0.019230769230769,0.032967032967033,0.013736263736264,0.005494505494505,0.032967032967033,0.159340659340659,0.057692307692308,0.10989010989011,0.046703296703297,0.063186813186813,0.07967032967033,0.005494505494505,0.013736263736264,0.2,0.171428571428571,0.342857142857143,0.285714285714286,5,11,"RNCMPT00084,min,GGGCUCC,RBD_v3_024151",1
"RNCMPT00084,min,GGGCUCC,RBD_v3_074559",193,0,0.107142857142857,0.002747252747253,0.03021978021978,0.06043956043956,0.032967032967033,0.120879120879121,0.005494505494505,0.019230769230769,0.032967032967033,0.013736263736264,0.005494505494505,0.032967032967033,0.159340659340659,0.057692307692308,0.10989010989011,0.046703296703297,0.063186813186813,0.07967032967033,0.005494505494505,0.013736263736264,0.289473684210526,0.236842105263158,0.31578947368421,0.157894736842105,20,26,"RNCMPT00084,min,GGGCUCC,RBD_v3_074559",0
"RNCMPT00085,max,CGCAGCG,RBD_v3_078674",194,1,0.101382488479263,0.027649769585253,0.043778801843318,0.059907834101382,0.029953917050691,0.101382488479263,0.027649769585253,0.027649769585253,0.039170506912442,0.069124423963134,0.023041474654378,0.032258064516129,0.105990783410138,0.04147465437788,0.066820276497696,0.071428571428571,0.057603686635945,0.055299539170507,0,0.018433179723502,0.2,0.314285714285714,0.285714285714286,0.2,28,34,"RNCMPT00085,max,CGCAGCG,RBD_v3_078674",1
"RNCMPT00085,max,GCAGCGA,RBD_v3_099728",194,1,0.101382488479263,0.027649769585253,0.043778801843318,0.059907834101382,0.029953917050691,0.101382488479263,0.027649769585253,0.027649769585253,0.039170506912442,0.069124423963134,0.023041474654378,0.032258064516129,0.105990783410138,0.04147465437788,0.066820276497696,0.071428571428571,0.057603686635945,0.055299539170507,0,0.018433179723502,0.314285714285714,0.285714285714286,0.314285714285714,0.085714285714286,12,18,"RNCMPT00085,max,GCAGCGA,RBD_v3_099728",1
"RNCMPT00085,max,GCAGCGA,RBD_v3_168987",194,1,0.101382488479263,0.027649769585253,0.043778801843318,0.059907834101382,0.029953917050691,0.101382488479263,0.027649769585253,0.027649769585253,0.039170506912442,0.069124423963134,0.023041474654378,0.032258064516129,0.105990783410138,0.04147465437788,0.066820276497696,0.071428571428571,0.057603686635945,0.055299539170507,0,0.018433179723502,0.289473684210526,0.263157894736842,0.342105263157895,0.105263157894737,18,24,"RNCMPT00085,max,GCAGCGA,RBD_v3_168987",1
"RNCMPT00085,min,AGCCCGU,RBD_v3_083693",194,0,0.101382488479263,0.027649769585253,0.043778801843318,0.059907834101382,0.029953917050691,0.101382488479263,0.027649769585253,0.027649769585253,0.039170506912442,0.069124423963134,0.023041474654378,0.032258064516129,0.105990783410138,0.04147465437788,0.066820276497696,0.071428571428571,0.057603686635945,0.055299539170507,0,0.018433179723502,0.228571428571429,0.257142857142857,0.228571428571429,0.285714285714286,7,13,"RNCMPT00085,min,AGCCCGU,RBD_v3_083693",1
"RNCMPT00085,min,AGCCCGU,RBD_v3_226734",194,0,0.101382488479263,0.027649769585253,0.043778801843318,0.059907834101382,0.029953917050691,0.101382488479263,0.027649769585253,0.027649769585253,0.039170506912442,0.069124423963134,0.023041474654378,0.032258064516129,0.105990783410138,0.04147465437788,0.066820276497696,0.071428571428571,0.057603686635945,0.055299539170507,0,0.018433179723502,0.31578947368421,0.289473684210526,0.210526315789474,0.184210526315789,17,23,"RNCMPT00085,min,AGCCCGU,RBD_v3_226734",1
"RNCMPT00085,min,GCCCGUG,RBD_v3_171261",194,0,0.101382488479263,0.027649769585253,0.043778801843318,0.059907834101382,0.029953917050691,0.101382488479263,0.027649769585253,0.027649769585253,0.039170506912442,0.069124423963134,0.023041474654378,0.032258064516129,0.105990783410138,0.04147465437788,0.066820276497696,0.071428571428571,0.057603686635945,0.055299539170507,0,0.018433179723502,0.228571428571429,0.285714285714286,0.257142857142857,0.228571428571429,10,16,"RNCMPT00085,min,GCCCGUG,RBD_v3_171261",1
"RNCMPT00086,max,UUGGUUU,RBD_v3_055884",195,1,0.052989130434783,0.023097826086957,0.054347826086957,0.077445652173913,0.029891304347826,0.033967391304348,0.023097826086957,0.035326086956522,0.072010869565217,0.074728260869565,0.025815217391304,0.043478260869565,0.089673913043478,0.054347826086957,0.058423913043478,0.101902173913043,0.057065217391304,0.0625,0.005434782608696,0.02445652173913,0.285714285714286,0.142857142857143,0.257142857142857,0.314285714285714,5,11,"RNCMPT00086,max,UUGGUUU,RBD_v3_055884",1
"RNCMPT00086,max,UUUAUUU,RBD_v3_009249",195,1,0.052989130434783,0.023097826086957,0.054347826086957,0.077445652173913,0.029891304347826,0.033967391304348,0.023097826086957,0.035326086956522,0.072010869565217,0.074728260869565,0.025815217391304,0.043478260869565,0.089673913043478,0.054347826086957,0.058423913043478,0.101902173913043,0.057065217391304,0.0625,0.005434782608696,0.02445652173913,0.153846153846154,0.179487179487179,0.282051282051282,0.384615384615385,9,15,"RNCMPT00086,max,UUUAUUU,RBD_v3_009249",1
"RNCMPT00086,max,UUUAUUU,RBD_v3_203268",195,1,0.052989130434783,0.023097826086957,0.054347826086957,0.077445652173913,0.029891304347826,0.033967391304348,0.023097826086957,0.035326086956522,0.072010869565217,0.074728260869565,0.025815217391304,0.043478260869565,0.089673913043478,0.054347826086957,0.058423913043478,0.101902173913043,0.057065217391304,0.0625,0.005434782608696,0.02445652173913,0.076923076923077,0.076923076923077,0.461538461538462,0.384615384615385,21,27,"RNCMPT00086,max,UUUAUUU,RBD_v3_203268",1
"RNCMPT00086,min,GGGCGGG,RBD_v3_015564",195,0,0.052989130434783,0.023097826086957,0.054347826086957,0.077445652173913,0.029891304347826,0.033967391304348,0.023097826086957,0.035326086956522,0.072010869565217,0.074728260869565,0.025815217391304,0.043478260869565,0.089673913043478,0.054347826086957,0.058423913043478,0.101902173913043,0.057065217391304,0.0625,0.005434782608696,0.02445652173913,0.233333333333333,0.266666666666667,0.366666666666667,0.133333333333333,9,15,"RNCMPT00086,min,GGGCGGG,RBD_v3_015564",0
"RNCMPT00086,min,GGGCGGG,RBD_v3_139038",195,0,0.052989130434783,0.023097826086957,0.054347826086957,0.077445652173913,0.029891304347826,0.033967391304348,0.023097826086957,0.035326086956522,0.072010869565217,0.074728260869565,0.025815217391304,0.043478260869565,0.089673913043478,0.054347826086957,0.058423913043478,0.101902173913043,0.057065217391304,0.0625,0.005434782608696,0.02445652173913,0.31578947368421,0.157894736842105,0.236842105263158,0.289473684210526,9,15,"RNCMPT00086,min,GGGCGGG,RBD_v3_139038",1
"RNCMPT00086,min,GGGGGGC,RBD_v3_136946",195,0,0.052989130434783,0.023097826086957,0.054347826086957,0.077445652173913,0.029891304347826,0.033967391304348,0.023097826086957,0.035326086956522,0.072010869565217,0.074728260869565,0.025815217391304,0.043478260869565,0.089673913043478,0.054347826086957,0.058423913043478,0.101902173913043,0.057065217391304,0.0625,0.005434782608696,0.02445652173913,0.289473684210526,0.210526315789474,0.342105263157895,0.157894736842105,11,17,"RNCMPT00086,min,GGGGGGC,RBD_v3_136946",1
"RNCMPT00087,max,GAAUUAA,RBD_v3_135861",196,1,0.068181818181818,0.03030303030303,0.053030303030303,0.037878787878788,0.053030303030303,0.068181818181818,0.007575757575758,0.060606060606061,0.113636363636364,0.068181818181818,0.022727272727273,0.068181818181818,0.037878787878788,0.015151515151515,0.068181818181818,0.090909090909091,0.037878787878788,0.053030303030303,0,0.045454545454545,0.394736842105263,0.184210526315789,0.210526315789474,0.210526315789474,2,8,"RNCMPT00087,max,GAAUUAA,RBD_v3_135861",1
"RNCMPT00087,max,GAAUUAA,RBD_v3_238794",196,1,0.068181818181818,0.03030303030303,0.053030303030303,0.037878787878788,0.053030303030303,0.068181818181818,0.007575757575758,0.060606060606061,0.113636363636364,0.068181818181818,0.022727272727273,0.068181818181818,0.037878787878788,0.015151515151515,0.068181818181818,0.090909090909091,0.037878787878788,0.053030303030303,0,0.045454545454545,0.394736842105263,0.184210526315789,0.210526315789474,0.210526315789474,2,8,"RNCMPT00087,max,GAAUUAA,RBD_v3_238794",1
"RNCMPT00087,max,GAUUUAA,RBD_v3_031561",196,1,0.068181818181818,0.03030303030303,0.053030303030303,0.037878787878788,0.053030303030303,0.068181818181818,0.007575757575758,0.060606060606061,0.113636363636364,0.068181818181818,0.022727272727273,0.068181818181818,0.037878787878788,0.015151515151515,0.068181818181818,0.090909090909091,0.037878787878788,0.053030303030303,0,0.045454545454545,0.257142857142857,0.142857142857143,0.257142857142857,0.342857142857143,2,8,"RNCMPT00087,max,GAUUUAA,RBD_v3_031561",1
"RNCMPT00087,min,CACCCCC,RBD_v3_143118",196,0,0.068181818181818,0.03030303030303,0.053030303030303,0.037878787878788,0.053030303030303,0.068181818181818,0.007575757575758,0.060606060606061,0.113636363636364,0.068181818181818,0.022727272727273,0.068181818181818,0.037878787878788,0.015151515151515,0.068181818181818,0.090909090909091,0.037878787878788,0.053030303030303,0,0.045454545454545,0.236842105263158,0.368421052631579,0.210526315789474,0.184210526315789,21,27,"RNCMPT00087,min,CACCCCC,RBD_v3_143118",1
"RNCMPT00087,min,CACCCCC,RBD_v3_227078",196,0,0.068181818181818,0.03030303030303,0.053030303030303,0.037878787878788,0.053030303030303,0.068181818181818,0.007575757575758,0.060606060606061,0.113636363636364,0.068181818181818,0.022727272727273,0.068181818181818,0.037878787878788,0.015151515151515,0.068181818181818,0.090909090909091,0.037878787878788,0.053030303030303,0,0.045454545454545,0.289473684210526,0.210526315789474,0.289473684210526,0.210526315789474,5,11,"RNCMPT00087,min,CACCCCC,RBD_v3_227078",1
"RNCMPT00087,min,CCCCUUC,RBD_v3_195026",196,0,0.068181818181818,0.03030303030303,0.053030303030303,0.037878787878788,0.053030303030303,0.068181818181818,0.007575757575758,0.060606060606061,0.113636363636364,0.068181818181818,0.022727272727273,0.068181818181818,0.037878787878788,0.015151515151515,0.068181818181818,0.090909090909091,0.037878787878788,0.053030303030303,0,0.045454545454545,0.210526315789474,0.394736842105263,0.210526315789474,0.184210526315789,10,16,"RNCMPT00087,min,CCCCUUC,RBD_v3_195026",1
"RNCMPT00088,max,AGAGAAC,RBD_v3_084411",157,1,0.054347826086957,0.010869565217391,0.108695652173913,0.054347826086957,0.065217391304348,0.054347826086957,0.010869565217391,0.043478260869565,0.021739130434783,0.065217391304348,0.010869565217391,0.032608695652174,0.054347826086957,0.043478260869565,0.152173913043478,0.032608695652174,0.043478260869565,0.076086956521739,0.010869565217391,0.054347826086957,0.368421052631579,0.184210526315789,0.342105263157895,0.105263157894737,1,7,"RNCMPT00088,max,AGAGAAC,RBD_v3_084411",0
"RNCMPT00088,max,AGAGACA,RBD_v3_000179",157,1,0.054347826086957,0.010869565217391,0.108695652173913,0.054347826086957,0.065217391304348,0.054347826086957,0.010869565217391,0.043478260869565,0.021739130434783,0.065217391304348,0.010869565217391,0.032608695652174,0.054347826086957,0.043478260869565,0.152173913043478,0.032608695652174,0.043478260869565,0.076086956521739,0.010869565217391,0.054347826086957,0.447368421052632,0.236842105263158,0.236842105263158,0.078947368421053,1,7,"RNCMPT00088,max,AGAGACA,RBD_v3_000179",1
"RNCMPT00088,max,AGAGACA,RBD_v3_110944",157,1,0.054347826086957,0.010869565217391,0.108695652173913,0.054347826086957,0.065217391304348,0.054347826086957,0.010869565217391,0.043478260869565,0.021739130434783,0.065217391304348,0.010869565217391,0.032608695652174,0.054347826086957,0.043478260869565,0.152173913043478,0.032608695652174,0.043478260869565,0.076086956521739,0.010869565217391,0.054347826086957,0.447368421052632,0.236842105263158,0.236842105263158,0.078947368421053,1,7,"RNCMPT00088,max,AGAGACA,RBD_v3_110944",1
"RNCMPT00088,min,UUCUUUU,RBD_v3_199609",157,0,0.054347826086957,0.010869565217391,0.108695652173913,0.054347826086957,0.065217391304348,0.054347826086957,0.010869565217391,0.043478260869565,0.021739130434783,0.065217391304348,0.010869565217391,0.032608695652174,0.054347826086957,0.043478260869565,0.152173913043478,0.032608695652174,0.043478260869565,0.076086956521739,0.010869565217391,0.054347826086957,0.184210526315789,0.31578947368421,0.184210526315789,0.31578947368421,9,15,"RNCMPT00088,min,UUCUUUU,RBD_v3_199609",1
"RNCMPT00088,min,UUUCUUU,RBD_v3_083963",157,0,0.054347826086957,0.010869565217391,0.108695652173913,0.054347826086957,0.065217391304348,0.054347826086957,0.010869565217391,0.043478260869565,0.021739130434783,0.065217391304348,0.010869565217391,0.032608695652174,0.054347826086957,0.043478260869565,0.152173913043478,0.032608695652174,0.043478260869565,0.076086956521739,0.010869565217391,0.054347826086957,0.236842105263158,0.105263157894737,0.263157894736842,0.394736842105263,32,38,"RNCMPT00088,min,UUUCUUU,RBD_v3_083963",1
"RNCMPT00088,min,UUUUUUU,RBD_v3_160976",157,0,0.054347826086957,0.010869565217391,0.108695652173913,0.054347826086957,0.065217391304348,0.054347826086957,0.010869565217391,0.043478260869565,0.021739130434783,0.065217391304348,0.010869565217391,0.032608695652174,0.054347826086957,0.043478260869565,0.152173913043478,0.032608695652174,0.043478260869565,0.076086956521739,0.010869565217391,0.054347826086957,0.285714285714286,0.171428571428571,0.142857142857143,0.4,7,13,"RNCMPT00088,min,UUUUUUU,RBD_v3_160976",0
"RNCMPT00089,max,AGAGAAA,RBD_v3_129353",157,1,0.054347826086957,0.010869565217391,0.108695652173913,0.054347826086957,0.065217391304348,0.054347826086957,0.010869565217391,0.043478260869565,0.021739130434783,0.065217391304348,0.010869565217391,0.032608695652174,0.054347826086957,0.043478260869565,0.152173913043478,0.032608695652174,0.043478260869565,0.076086956521739,0.010869565217391,0.054347826086957,0.428571428571429,0.085714285714286,0.371428571428571,0.114285714285714,27,33,"RNCMPT00089,max,AGAGAAA,RBD_v3_129353",1
"RNCMPT00089,max,AGAGAAC,RBD_v3_007194",157,1,0.054347826086957,0.010869565217391,0.108695652173913,0.054347826086957,0.065217391304348,0.054347826086957,0.010869565217391,0.043478260869565,0.021739130434783,0.065217391304348,0.010869565217391,0.032608695652174,0.054347826086957,0.043478260869565,0.152173913043478,0.032608695652174,0.043478260869565,0.076086956521739,0.010869565217391,0.054347826086957,0.447368421052632,0.210526315789474,0.263157894736842,0.078947368421053,12,18,"RNCMPT00089,max,AGAGAAC,RBD_v3_007194",0
"RNCMPT00089,max,GAGAAAG,RBD_v3_210476",157,1,0.054347826086957,0.010869565217391,0.108695652173913,0.054347826086957,0.065217391304348,0.054347826086957,0.010869565217391,0.043478260869565,0.021739130434783,0.065217391304348,0.010869565217391,0.032608695652174,0.054347826086957,0.043478260869565,0.152173913043478,0.032608695652174,0.043478260869565,0.076086956521739,0.010869565217391,0.054347826086957,0.428571428571429,0.057142857142857,0.371428571428571,0.142857142857143,21,27,"RNCMPT00089,max,GAGAAAG,RBD_v3_210476",0
"RNCMPT00089,min,CAUUUUG,RBD_v3_126299",157,0,0.054347826086957,0.010869565217391,0.108695652173913,0.054347826086957,0.065217391304348,0.054347826086957,0.010869565217391,0.043478260869565,0.021739130434783,0.065217391304348,0.010869565217391,0.032608695652174,0.054347826086957,0.043478260869565,0.152173913043478,0.032608695652174,0.043478260869565,0.076086956521739,0.010869565217391,0.054347826086957,0.236842105263158,0.236842105263158,0.184210526315789,0.342105263157895,17,23,"RNCMPT00089,min,CAUUUUG,RBD_v3_126299",0
"RNCMPT00089,min,UCUACUU,RBD_v3_023678",157,0,0.054347826086957,0.010869565217391,0.108695652173913,0.054347826086957,0.065217391304348,0.054347826086957,0.010869565217391,0.043478260869565,0.021739130434783,0.065217391304348,0.010869565217391,0.032608695652174,0.054347826086957,0.043478260869565,0.152173913043478,0.032608695652174,0.043478260869565,0.076086956521739,0.010869565217391,0.054347826086957,0.236842105263158,0.31578947368421,0.236842105263158,0.210526315789474,17,23,"RNCMPT00089,min,UCUACUU,RBD_v3_023678",1
"RNCMPT00089,min,UCUACUU,RBD_v3_105262",157,0,0.054347826086957,0.010869565217391,0.108695652173913,0.054347826086957,0.065217391304348,0.054347826086957,0.010869565217391,0.043478260869565,0.021739130434783,0.065217391304348,0.010869565217391,0.032608695652174,0.054347826086957,0.043478260869565,0.152173913043478,0.032608695652174,0.043478260869565,0.076086956521739,0.010869565217391,0.054347826086957,0.31578947368421,0.236842105263158,0.184210526315789,0.263157894736842,7,13,"RNCMPT00089,min,UCUACUU,RBD_v3_105262",0
"RNCMPT00090,max,AGAGAAA,RBD_v3_017163",157,1,0.054347826086957,0.010869565217391,0.108695652173913,0.054347826086957,0.065217391304348,0.054347826086957,0.010869565217391,0.043478260869565,0.021739130434783,0.065217391304348,0.010869565217391,0.032608695652174,0.054347826086957,0.043478260869565,0.152173913043478,0.032608695652174,0.043478260869565,0.076086956521739,0.010869565217391,0.054347826086957,0.394736842105263,0.289473684210526,0.184210526315789,0.131578947368421,1,7,"RNCMPT00090,max,AGAGAAA,RBD_v3_017163",1
"RNCMPT00090,max,AGAGAAA,RBD_v3_155447",157,1,0.054347826086957,0.010869565217391,0.108695652173913,0.054347826086957,0.065217391304348,0.054347826086957,0.010869565217391,0.043478260869565,0.021739130434783,0.065217391304348,0.010869565217391,0.032608695652174,0.054347826086957,0.043478260869565,0.152173913043478,0.032608695652174,0.043478260869565,0.076086956521739,0.010869565217391,0.054347826086957,0.394736842105263,0.236842105263158,0.236842105263158,0.131578947368421,1,7,"RNCMPT00090,max,AGAGAAA,RBD_v3_155447",1
"RNCMPT00090,max,AGAGAAC,RBD_v3_028122",157,1,0.054347826086957,0.010869565217391,0.108695652173913,0.054347826086957,0.065217391304348,0.054347826086957,0.010869565217391,0.043478260869565,0.021739130434783,0.065217391304348,0.010869565217391,0.032608695652174,0.054347826086957,0.043478260869565,0.152173913043478,0.032608695652174,0.043478260869565,0.076086956521739,0.010869565217391,0.054347826086957,0.289473684210526,0.210526315789474,0.263157894736842,0.236842105263158,1,7,"RNCMPT00090,max,AGAGAAC,RBD_v3_028122",1
"RNCMPT00090,min,GGGGCGG,RBD_v3_224341",157,0,0.054347826086957,0.010869565217391,0.108695652173913,0.054347826086957,0.065217391304348,0.054347826086957,0.010869565217391,0.043478260869565,0.021739130434783,0.065217391304348,0.010869565217391,0.032608695652174,0.054347826086957,0.043478260869565,0.152173913043478,0.032608695652174,0.043478260869565,0.076086956521739,0.010869565217391,0.054347826086957,0.31578947368421,0.157894736842105,0.289473684210526,0.236842105263158,22,28,"RNCMPT00090,min,GGGGCGG,RBD_v3_224341",1
"RNCMPT00090,min,GGGGGCG,RBD_v3_083774",157,0,0.054347826086957,0.010869565217391,0.108695652173913,0.054347826086957,0.065217391304348,0.054347826086957,0.010869565217391,0.043478260869565,0.021739130434783,0.065217391304348,0.010869565217391,0.032608695652174,0.054347826086957,0.043478260869565,0.152173913043478,0.032608695652174,0.043478260869565,0.076086956521739,0.010869565217391,0.054347826086957,0.236842105263158,0.184210526315789,0.368421052631579,0.210526315789474,5,11,"RNCMPT00090,min,GGGGGCG,RBD_v3_083774",0
"RNCMPT00090,min,GGGGGCG,RBD_v3_147529",157,0,0.054347826086957,0.010869565217391,0.108695652173913,0.054347826086957,0.065217391304348,0.054347826086957,0.010869565217391,0.043478260869565,0.021739130434783,0.065217391304348,0.010869565217391,0.032608695652174,0.054347826086957,0.043478260869565,0.152173913043478,0.032608695652174,0.043478260869565,0.076086956521739,0.010869565217391,0.054347826086957,0.368421052631579,0.131578947368421,0.263157894736842,0.236842105263158,21,27,"RNCMPT00090,min,GGGGGCG,RBD_v3_147529",1
"RNCMPT00091,max,GACACAA,RBD_v3_103769",48,1,0.067911714770798,0.018675721561969,0.050933786078098,0.050933786078098,0.035653650254669,0.120543293718166,0.030560271646859,0.030560271646859,0.049235993208829,0.059422750424448,0.023769100169779,0.056027164685908,0.083191850594228,0.044142614601019,0.061120543293718,0.073005093378608,0.028862478777589,0.064516129032258,0.00339558573854,0.047538200339559,0.394736842105263,0.184210526315789,0.263157894736842,0.157894736842105,3,9,"RNCMPT00091,max,GACACAA,RBD_v3_103769",1
"RNCMPT00091,max,GACACGA,RBD_v3_028350",48,1,0.067911714770798,0.018675721561969,0.050933786078098,0.050933786078098,0.035653650254669,0.120543293718166,0.030560271646859,0.030560271646859,0.049235993208829,0.059422750424448,0.023769100169779,0.056027164685908,0.083191850594228,0.044142614601019,0.061120543293718,0.073005093378608,0.028862478777589,0.064516129032258,0.00339558573854,0.047538200339559,0.289473684210526,0.210526315789474,0.236842105263158,0.263157894736842,13,19,"RNCMPT00091,max,GACACGA,RBD_v3_028350",1
"RNCMPT00091,max,GACACGA,RBD_v3_139392",48,1,0.067911714770798,0.018675721561969,0.050933786078098,0.050933786078098,0.035653650254669,0.120543293718166,0.030560271646859,0.030560271646859,0.049235993208829,0.059422750424448,0.023769100169779,0.056027164685908,0.083191850594228,0.044142614601019,0.061120543293718,0.073005093378608,0.028862478777589,0.064516129032258,0.00339558573854,0.047538200339559,0.342105263157895,0.157894736842105,0.289473684210526,0.210526315789474,6,12,"RNCMPT00091,max,GACACGA,RBD_v3_139392",1
"RNCMPT00091,min,GGGGGCC,RBD_v3_009111",48,0,0.067911714770798,0.018675721561969,0.050933786078098,0.050933786078098,0.035653650254669,0.120543293718166,0.030560271646859,0.030560271646859,0.049235993208829,0.059422750424448,0.023769100169779,0.056027164685908,0.083191850594228,0.044142614601019,0.061120543293718,0.073005093378608,0.028862478777589,0.064516129032258,0.00339558573854,0.047538200339559,0.4,0.142857142857143,0.285714285714286,0.171428571428571,5,11,"RNCMPT00091,min,GGGGGCC,RBD_v3_009111",1
"RNCMPT00091,min,GGGGGGC,RBD_v3_187755",48,0,0.067911714770798,0.018675721561969,0.050933786078098,0.050933786078098,0.035653650254669,0.120543293718166,0.030560271646859,0.030560271646859,0.049235993208829,0.059422750424448,0.023769100169779,0.056027164685908,0.083191850594228,0.044142614601019,0.061120543293718,0.073005093378608,0.028862478777589,0.064516129032258,0.00339558573854,0.047538200339559,0.171428571428571,0.171428571428571,0.428571428571429,0.228571428571429,7,13,"RNCMPT00091,min,GGGGGGC,RBD_v3_187755",1
"RNCMPT00091,min,GGGGGGG,RBD_v3_161279",48,0,0.067911714770798,0.018675721561969,0.050933786078098,0.050933786078098,0.035653650254669,0.120543293718166,0.030560271646859,0.030560271646859,0.049235993208829,0.059422750424448,0.023769100169779,0.056027164685908,0.083191850594228,0.044142614601019,0.061120543293718,0.073005093378608,0.028862478777589,0.064516129032258,0.00339558573854,0.047538200339559,0.263157894736842,0.157894736842105,0.342105263157895,0.236842105263158,2,8,"RNCMPT00091,min,GGGGGGG,RBD_v3_161279",1
"RNCMPT00093,max,UAGGAUA,RBD_v3_203452",52,1,0.052256532066508,0.009501187648456,0.03562945368171,0.045130641330166,0.028503562945368,0.171021377672209,0.014251781472684,0.019002375296912,0.040380047505938,0.030878859857482,0.030878859857482,0.07125890736342,0.087885985748219,0.057007125890736,0.03562945368171,0.087885985748219,0.061757719714964,0.042755344418052,0.019002375296912,0.05938242280285,0.31578947368421,0.105263157894737,0.394736842105263,0.184210526315789,13,19,"RNCMPT00093,max,UAGGAUA,RBD_v3_203452",1
"RNCMPT00093,max,UAGGAUA,RBD_v3_230077",52,1,0.052256532066508,0.009501187648456,0.03562945368171,0.045130641330166,0.028503562945368,0.171021377672209,0.014251781472684,0.019002375296912,0.040380047505938,0.030878859857482,0.030878859857482,0.07125890736342,0.087885985748219,0.057007125890736,0.03562945368171,0.087885985748219,0.061757719714964,0.042755344418052,0.019002375296912,0.05938242280285,0.342105263157895,0.157894736842105,0.31578947368421,0.184210526315789,5,11,"RNCMPT00093,max,UAGGAUA,RBD_v3_230077",1
"RNCMPT00093,max,UAGGGUA,RBD_v3_227436",52,1,0.052256532066508,0.009501187648456,0.03562945368171,0.045130641330166,0.028503562945368,0.171021377672209,0.014251781472684,0.019002375296912,0.040380047505938,0.030878859857482,0.030878859857482,0.07125890736342,0.087885985748219,0.057007125890736,0.03562945368171,0.087885985748219,0.061757719714964,0.042755344418052,0.019002375296912,0.05938242280285,0.31578947368421,0.157894736842105,0.342105263157895,0.184210526315789,25,31,"RNCMPT00093,max,UAGGGUA,RBD_v3_227436",0
"RNCMPT00093,min,GAGUCGU,RBD_v3_079827",52,0,0.052256532066508,0.009501187648456,0.03562945368171,0.045130641330166,0.028503562945368,0.171021377672209,0.014251781472684,0.019002375296912,0.040380047505938,0.030878859857482,0.030878859857482,0.07125890736342,0.087885985748219,0.057007125890736,0.03562945368171,0.087885985748219,0.061757719714964,0.042755344418052,0.019002375296912,0.05938242280285,0.157894736842105,0.263157894736842,0.236842105263158,0.342105263157895,2,8,"RNCMPT00093,min,GAGUCGU,RBD_v3_079827",0
"RNCMPT00093,min,GAGUCGU,RBD_v3_129717",52,0,0.052256532066508,0.009501187648456,0.03562945368171,0.045130641330166,0.028503562945368,0.171021377672209,0.014251781472684,0.019002375296912,0.040380047505938,0.030878859857482,0.030878859857482,0.07125890736342,0.087885985748219,0.057007125890736,0.03562945368171,0.087885985748219,0.061757719714964,0.042755344418052,0.019002375296912,0.05938242280285,0.233333333333333,0.233333333333333,0.4,0.133333333333333,6,12,"RNCMPT00093,min,GAGUCGU,RBD_v3_129717",0
"RNCMPT00093,min,GAGUCGU,RBD_v3_233260",52,0,0.052256532066508,0.009501187648456,0.03562945368171,0.045130641330166,0.028503562945368,0.171021377672209,0.014251781472684,0.019002375296912,0.040380047505938,0.030878859857482,0.030878859857482,0.07125890736342,0.087885985748219,0.057007125890736,0.03562945368171,0.087885985748219,0.061757719714964,0.042755344418052,0.019002375296912,0.05938242280285,0.2,0.1,0.4,0.3,2,8,"RNCMPT00093,min,GAGUCGU,RBD_v3_233260",0
"RNCMPT00094,max,UAGGUAG,RBD_v3_060079",54,1,0.027397260273973,0,0.073972602739726,0.024657534246575,0.046575342465753,0.227397260273973,0.021917808219178,0.032876712328767,0.057534246575342,0.021917808219178,0.019178082191781,0.150684931506849,0.035616438356164,0.057534246575342,0.052054794520548,0.032876712328767,0.019178082191781,0.049315068493151,0.019178082191781,0.03013698630137,0.233333333333333,0.066666666666667,0.466666666666667,0.233333333333333,18,24,"RNCMPT00094,max,UAGGUAG,RBD_v3_060079",1
"RNCMPT00094,max,UAGGUAG,RBD_v3_148932",54,1,0.027397260273973,0,0.073972602739726,0.024657534246575,0.046575342465753,0.227397260273973,0.021917808219178,0.032876712328767,0.057534246575342,0.021917808219178,0.019178082191781,0.150684931506849,0.035616438356164,0.057534246575342,0.052054794520548,0.032876712328767,0.019178082191781,0.049315068493151,0.019178082191781,0.03013698630137,0.228571428571429,0.2,0.371428571428571,0.2,23,29,"RNCMPT00094,max,UAGGUAG,RBD_v3_148932",0
"RNCMPT00094,max,UAGGUAG,RBD_v3_229896",54,1,0.027397260273973,0,0.073972602739726,0.024657534246575,0.046575342465753,0.227397260273973,0.021917808219178,0.032876712328767,0.057534246575342,0.021917808219178,0.019178082191781,0.150684931506849,0.035616438356164,0.057534246575342,0.052054794520548,0.032876712328767,0.019178082191781,0.049315068493151,0.019178082191781,0.03013698630137,0.257142857142857,0.142857142857143,0.371428571428571,0.228571428571429,7,13,"RNCMPT00094,max,UAGGUAG,RBD_v3_229896",0
"RNCMPT00094,min,AGAGUCG,RBD_v3_012837",54,0,0.027397260273973,0,0.073972602739726,0.024657534246575,0.046575342465753,0.227397260273973,0.021917808219178,0.032876712328767,0.057534246575342,0.021917808219178,0.019178082191781,0.150684931506849,0.035616438356164,0.057534246575342,0.052054794520548,0.032876712328767,0.019178082191781,0.049315068493151,0.019178082191781,0.03013698630137,0.428571428571429,0.171428571428571,0.228571428571429,0.171428571428571,1,7,"RNCMPT00094,min,AGAGUCG,RBD_v3_012837",0
"RNCMPT00094,min,AGAGUCU,RBD_v3_034782",54,0,0.027397260273973,0,0.073972602739726,0.024657534246575,0.046575342465753,0.227397260273973,0.021917808219178,0.032876712328767,0.057534246575342,0.021917808219178,0.019178082191781,0.150684931506849,0.035616438356164,0.057534246575342,0.052054794520548,0.032876712328767,0.019178082191781,0.049315068493151,0.019178082191781,0.03013698630137,0.184210526315789,0.289473684210526,0.184210526315789,0.342105263157895,1,7,"RNCMPT00094,min,AGAGUCU,RBD_v3_034782",1
"RNCMPT00094,min,GUGAGUC,RBD_v3_138684",54,0,0.027397260273973,0,0.073972602739726,0.024657534246575,0.046575342465753,0.227397260273973,0.021917808219178,0.032876712328767,0.057534246575342,0.021917808219178,0.019178082191781,0.150684931506849,0.035616438356164,0.057534246575342,0.052054794520548,0.032876712328767,0.019178082191781,0.049315068493151,0.019178082191781,0.03013698630137,0.342105263157895,0.236842105263158,0.263157894736842,0.157894736842105,5,11,"RNCMPT00094,min,GUGAGUC,RBD_v3_138684",1
"RNCMPT00095,max,GGUAGGG,RBD_v3_031924",54,1,0.041884816753927,0,0.115183246073298,0.047120418848168,0.057591623036649,0.078534031413613,0.036649214659686,0.06282722513089,0.104712041884817,0.041884816753927,0.020942408376963,0.036649214659686,0.047120418848168,0.057591623036649,0.057591623036649,0.041884816753927,0.036649214659686,0.089005235602094,0.005235602094241,0.020942408376963,0.31578947368421,0.105263157894737,0.394736842105263,0.184210526315789,28,34,"RNCMPT00095,max,GGUAGGG,RBD_v3_031924",1
"RNCMPT00095,max,GGUAGGG,RBD_v3_060079",54,1,0.041884816753927,0,0.115183246073298,0.047120418848168,0.057591623036649,0.078534031413613,0.036649214659686,0.06282722513089,0.104712041884817,0.041884816753927,0.020942408376963,0.036649214659686,0.047120418848168,0.057591623036649,0.057591623036649,0.041884816753927,0.036649214659686,0.089005235602094,0.005235602094241,0.020942408376963,0.233333333333333,0.066666666666667,0.466666666666667,0.233333333333333,20,26,"RNCMPT00095,max,GGUAGGG,RBD_v3_060079",1
"RNCMPT00095,max,GUUAGGG,RBD_v3_086213",54,1,0.041884816753927,0,0.115183246073298,0.047120418848168,0.057591623036649,0.078534031413613,0.036649214659686,0.06282722513089,0.104712041884817,0.041884816753927,0.020942408376963,0.036649214659686,0.047120418848168,0.057591623036649,0.057591623036649,0.041884816753927,0.036649214659686,0.089005235602094,0.005235602094241,0.020942408376963,0.285714285714286,0.114285714285714,0.428571428571429,0.171428571428571,7,13,"RNCMPT00095,max,GUUAGGG,RBD_v3_086213",0
"RNCMPT00095,min,AGAGUCC,RBD_v3_196418",54,0,0.041884816753927,0,0.115183246073298,0.047120418848168,0.057591623036649,0.078534031413613,0.036649214659686,0.06282722513089,0.104712041884817,0.041884816753927,0.020942408376963,0.036649214659686,0.047120418848168,0.057591623036649,0.057591623036649,0.041884816753927,0.036649214659686,0.089005235602094,0.005235602094241,0.020942408376963,0.157894736842105,0.289473684210526,0.210526315789474,0.342105263157895,1,7,"RNCMPT00095,min,AGAGUCC,RBD_v3_196418",0
"RNCMPT00095,min,AGAGUCU,RBD_v3_031994",54,0,0.041884816753927,0,0.115183246073298,0.047120418848168,0.057591623036649,0.078534031413613,0.036649214659686,0.06282722513089,0.104712041884817,0.041884816753927,0.020942408376963,0.036649214659686,0.047120418848168,0.057591623036649,0.057591623036649,0.041884816753927,0.036649214659686,0.089005235602094,0.005235602094241,0.020942408376963,0.289473684210526,0.157894736842105,0.31578947368421,0.236842105263158,1,7,"RNCMPT00095,min,AGAGUCU,RBD_v3_031994",1
"RNCMPT00095,min,AGAGUCU,RBD_v3_052889",54,0,0.041884816753927,0,0.115183246073298,0.047120418848168,0.057591623036649,0.078534031413613,0.036649214659686,0.06282722513089,0.104712041884817,0.041884816753927,0.020942408376963,0.036649214659686,0.047120418848168,0.057591623036649,0.057591623036649,0.041884816753927,0.036649214659686,0.089005235602094,0.005235602094241,0.020942408376963,0.289473684210526,0.289473684210526,0.184210526315789,0.236842105263158,1,7,"RNCMPT00095,min,AGAGUCU,RBD_v3_052889",0
"RNCMPT00096,max,GGUAGGG,RBD_v3_031924",54,1,0.041884816753927,0,0.115183246073298,0.047120418848168,0.057591623036649,0.078534031413613,0.036649214659686,0.06282722513089,0.104712041884817,0.041884816753927,0.020942408376963,0.036649214659686,0.047120418848168,0.057591623036649,0.057591623036649,0.041884816753927,0.036649214659686,0.089005235602094,0.005235602094241,0.020942408376963,0.31578947368421,0.105263157894737,0.394736842105263,0.184210526315789,28,34,"RNCMPT00096,max,GGUAGGG,RBD_v3_031924",1
"RNCMPT00096,max,GGUAGGG,RBD_v3_060079",54,1,0.041884816753927,0,0.115183246073298,0.047120418848168,0.057591623036649,0.078534031413613,0.036649214659686,0.06282722513089,0.104712041884817,0.041884816753927,0.020942408376963,0.036649214659686,0.047120418848168,0.057591623036649,0.057591623036649,0.041884816753927,0.036649214659686,0.089005235602094,0.005235602094241,0.020942408376963,0.233333333333333,0.066666666666667,0.466666666666667,0.233333333333333,20,26,"RNCMPT00096,max,GGUAGGG,RBD_v3_060079",1
"RNCMPT00096,max,GGUAGGG,RBD_v3_191146",54,1,0.041884816753927,0,0.115183246073298,0.047120418848168,0.057591623036649,0.078534031413613,0.036649214659686,0.06282722513089,0.104712041884817,0.041884816753927,0.020942408376963,0.036649214659686,0.047120418848168,0.057591623036649,0.057591623036649,0.041884816753927,0.036649214659686,0.089005235602094,0.005235602094241,0.020942408376963,0.285714285714286,0.085714285714286,0.4,0.228571428571429,26,32,"RNCMPT00096,max,GGUAGGG,RBD_v3_191146",1
"RNCMPT00096,min,AGAGUCU,RBD_v3_039228",54,0,0.041884816753927,0,0.115183246073298,0.047120418848168,0.057591623036649,0.078534031413613,0.036649214659686,0.06282722513089,0.104712041884817,0.041884816753927,0.020942408376963,0.036649214659686,0.047120418848168,0.057591623036649,0.057591623036649,0.041884816753927,0.036649214659686,0.089005235602094,0.005235602094241,0.020942408376963,0.2,0.228571428571429,0.285714285714286,0.285714285714286,1,7,"RNCMPT00096,min,AGAGUCU,RBD_v3_039228",0
"RNCMPT00096,min,AGAGUCU,RBD_v3_203049",54,0,0.041884816753927,0,0.115183246073298,0.047120418848168,0.057591623036649,0.078534031413613,0.036649214659686,0.06282722513089,0.104712041884817,0.041884816753927,0.020942408376963,0.036649214659686,0.047120418848168,0.057591623036649,0.057591623036649,0.041884816753927,0.036649214659686,0.089005235602094,0.005235602094241,0.020942408376963,0.236842105263158,0.263157894736842,0.31578947368421,0.184210526315789,13,19,"RNCMPT00096,min,AGAGUCU,RBD_v3_203049",0
"RNCMPT00096,min,CCCCCCC,RBD_v3_146093",54,0,0.041884816753927,0,0.115183246073298,0.047120418848168,0.057591623036649,0.078534031413613,0.036649214659686,0.06282722513089,0.104712041884817,0.041884816753927,0.020942408376963,0.036649214659686,0.047120418848168,0.057591623036649,0.057591623036649,0.041884816753927,0.036649214659686,0.089005235602094,0.005235602094241,0.020942408376963,0.263157894736842,0.342105263157895,0.210526315789474,0.184210526315789,14,20,"RNCMPT00096,min,CCCCCCC,RBD_v3_146093",1
"RNCMPT00097,max,CGCGCGG,RBD_v3_206656",63,1,0.057971014492754,0.028985507246377,0.053140096618357,0.072463768115942,0.038647342995169,0.111111111111111,0.014492753623188,0.028985507246377,0.06280193236715,0.06280193236715,0.014492753623188,0.043478260869565,0.057971014492754,0.043478260869565,0.072463768115942,0.038647342995169,0.06280193236715,0.091787439613527,0.004830917874396,0.038647342995169,0.257142857142857,0.314285714285714,0.285714285714286,0.142857142857143,19,25,"RNCMPT00097,max,CGCGCGG,RBD_v3_206656",1
"RNCMPT00097,max,CGCGCGU,RBD_v3_179815",63,1,0.057971014492754,0.028985507246377,0.053140096618357,0.072463768115942,0.038647342995169,0.111111111111111,0.014492753623188,0.028985507246377,0.06280193236715,0.06280193236715,0.014492753623188,0.043478260869565,0.057971014492754,0.043478260869565,0.072463768115942,0.038647342995169,0.06280193236715,0.091787439613527,0.004830917874396,0.038647342995169,0.257142857142857,0.285714285714286,0.257142857142857,0.2,11,17,"RNCMPT00097,max,CGCGCGU,RBD_v3_179815",0
"RNCMPT00097,max,UCGCGCG,RBD_v3_177480",63,1,0.057971014492754,0.028985507246377,0.053140096618357,0.072463768115942,0.038647342995169,0.111111111111111,0.014492753623188,0.028985507246377,0.06280193236715,0.06280193236715,0.014492753623188,0.043478260869565,0.057971014492754,0.043478260869565,0.072463768115942,0.038647342995169,0.06280193236715,0.091787439613527,0.004830917874396,0.038647342995169,0.2,0.233333333333333,0.366666666666667,0.2,18,24,"RNCMPT00097,max,UCGCGCG,RBD_v3_177480",1
"RNCMPT00097,min,ACCCCCC,RBD_v3_130727",63,0,0.057971014492754,0.028985507246377,0.053140096618357,0.072463768115942,0.038647342995169,0.111111111111111,0.014492753623188,0.028985507246377,0.06280193236715,0.06280193236715,0.014492753623188,0.043478260869565,0.057971014492754,0.043478260869565,0.072463768115942,0.038647342995169,0.06280193236715,0.091787439613527,0.004830917874396,0.038647342995169,0.166666666666667,0.466666666666667,0.266666666666667,0.1,21,27,"RNCMPT00097,min,ACCCCCC,RBD_v3_130727",1
"RNCMPT00097,min,CCCCCCA,RBD_v3_002837",63,0,0.057971014492754,0.028985507246377,0.053140096618357,0.072463768115942,0.038647342995169,0.111111111111111,0.014492753623188,0.028985507246377,0.06280193236715,0.06280193236715,0.014492753623188,0.043478260869565,0.057971014492754,0.043478260869565,0.072463768115942,0.038647342995169,0.06280193236715,0.091787439613527,0.004830917874396,0.038647342995169,0.257142857142857,0.428571428571429,0.2,0.114285714285714,23,29,"RNCMPT00097,min,CCCCCCA,RBD_v3_002837",1
"RNCMPT00097,min,CCCCCCC,RBD_v3_172160",63,0,0.057971014492754,0.028985507246377,0.053140096618357,0.072463768115942,0.038647342995169,0.111111111111111,0.014492753623188,0.028985507246377,0.06280193236715,0.06280193236715,0.014492753623188,0.043478260869565,0.057971014492754,0.043478260869565,0.072463768115942,0.038647342995169,0.06280193236715,0.091787439613527,0.004830917874396,0.038647342995169,0.263157894736842,0.210526315789474,0.342105263157895,0.184210526315789,21,27,"RNCMPT00097,min,CCCCCCC,RBD_v3_172160",1
"RNCMPT00099,max,GUAGGUA,RBD_v3_178131",76,1,0.047872340425532,0.015957446808511,0.053191489361702,0.063829787234043,0.069148936170213,0.079787234042553,0.026595744680851,0.037234042553191,0.111702127659574,0.042553191489362,0.021276595744681,0.026595744680851,0.063829787234043,0.053191489361702,0.037234042553191,0.058510638297872,0.079787234042553,0.095744680851064,0.00531914893617,0.01063829787234,0.285714285714286,0.085714285714286,0.342857142857143,0.285714285714286,5,11,"RNCMPT00099,max,GUAGGUA,RBD_v3_178131",1
"RNCMPT00099,max,UAGGUAG,RBD_v3_151154",76,1,0.047872340425532,0.015957446808511,0.053191489361702,0.063829787234043,0.069148936170213,0.079787234042553,0.026595744680851,0.037234042553191,0.111702127659574,0.042553191489362,0.021276595744681,0.026595744680851,0.063829787234043,0.053191489361702,0.037234042553191,0.058510638297872,0.079787234042553,0.095744680851064,0.00531914893617,0.01063829787234,0.31578947368421,0.105263157894737,0.342105263157895,0.236842105263158,7,13,"RNCMPT00099,max,UAGGUAG,RBD_v3_151154",0
"RNCMPT00099,max,UAGGUAG,RBD_v3_229896",76,1,0.047872340425532,0.015957446808511,0.053191489361702,0.063829787234043,0.069148936170213,0.079787234042553,0.026595744680851,0.037234042553191,0.111702127659574,0.042553191489362,0.021276595744681,0.026595744680851,0.063829787234043,0.053191489361702,0.037234042553191,0.058510638297872,0.079787234042553,0.095744680851064,0.00531914893617,0.01063829787234,0.257142857142857,0.142857142857143,0.371428571428571,0.228571428571429,7,13,"RNCMPT00099,max,UAGGUAG,RBD_v3_229896",1
"RNCMPT00099,min,CCCCCCC,RBD_v3_129287",76,0,0.047872340425532,0.015957446808511,0.053191489361702,0.063829787234043,0.069148936170213,0.079787234042553,0.026595744680851,0.037234042553191,0.111702127659574,0.042553191489362,0.021276595744681,0.026595744680851,0.063829787234043,0.053191489361702,0.037234042553191,0.058510638297872,0.079787234042553,0.095744680851064,0.00531914893617,0.01063829787234,0.184210526315789,0.447368421052632,0.184210526315789,0.184210526315789,6,12,"RNCMPT00099,min,CCCCCCC,RBD_v3_129287",1
"RNCMPT00099,min,CCCCCCC,RBD_v3_153897",76,0,0.047872340425532,0.015957446808511,0.053191489361702,0.063829787234043,0.069148936170213,0.079787234042553,0.026595744680851,0.037234042553191,0.111702127659574,0.042553191489362,0.021276595744681,0.026595744680851,0.063829787234043,0.053191489361702,0.037234042553191,0.058510638297872,0.079787234042553,0.095744680851064,0.00531914893617,0.01063829787234,0.184210526315789,0.342105263157895,0.184210526315789,0.289473684210526,8,14,"RNCMPT00099,min,CCCCCCC,RBD_v3_153897",1
"RNCMPT00099,min,CCCCCCC,RBD_v3_181436",76,0,0.047872340425532,0.015957446808511,0.053191489361702,0.063829787234043,0.069148936170213,0.079787234042553,0.026595744680851,0.037234042553191,0.111702127659574,0.042553191489362,0.021276595744681,0.026595744680851,0.063829787234043,0.053191489361702,0.037234042553191,0.058510638297872,0.079787234042553,0.095744680851064,0.00531914893617,0.01063829787234,0.285714285714286,0.4,0.114285714285714,0.2,25,31,"RNCMPT00099,min,CCCCCCC,RBD_v3_181436",0
"RNCMPT00100,max,AGUAGGA,RBD_v3_116665",76,1,0.073643410852713,0.011627906976744,0.038759689922481,0.050387596899225,0.050387596899225,0.108527131782946,0.01937984496124,0.034883720930233,0.093023255813953,0.062015503875969,0.027131782945736,0.042635658914729,0.058139534883721,0.058139534883721,0.038759689922481,0.065891472868217,0.073643410852713,0.081395348837209,0.003875968992248,0.007751937984496,0.289473684210526,0.184210526315789,0.368421052631579,0.157894736842105,3,9,"RNCMPT00100,max,AGUAGGA,RBD_v3_116665",1
"RNCMPT00100,max,AGUAGGA,RBD_v3_147955",76,1,0.073643410852713,0.011627906976744,0.038759689922481,0.050387596899225,0.050387596899225,0.108527131782946,0.01937984496124,0.034883720930233,0.093023255813953,0.062015503875969,0.027131782945736,0.042635658914729,0.058139534883721,0.058139534883721,0.038759689922481,0.065891472868217,0.073643410852713,0.081395348837209,0.003875968992248,0.007751937984496,0.31578947368421,0.184210526315789,0.31578947368421,0.184210526315789,11,17,"RNCMPT00100,max,AGUAGGA,RBD_v3_147955",1
"RNCMPT00100,max,AGUAGGA,RBD_v3_163505",76,1,0.073643410852713,0.011627906976744,0.038759689922481,0.050387596899225,0.050387596899225,0.108527131782946,0.01937984496124,0.034883720930233,0.093023255813953,0.062015503875969,0.027131782945736,0.042635658914729,0.058139534883721,0.058139534883721,0.038759689922481,0.065891472868217,0.073643410852713,0.081395348837209,0.003875968992248,0.007751937984496,0.394736842105263,0.210526315789474,0.210526315789474,0.184210526315789,4,10,"RNCMPT00100,max,AGUAGGA,RBD_v3_163505",1
"RNCMPT00100,min,ACCCCCC,RBD_v3_096931",76,0,0.073643410852713,0.011627906976744,0.038759689922481,0.050387596899225,0.050387596899225,0.108527131782946,0.01937984496124,0.034883720930233,0.093023255813953,0.062015503875969,0.027131782945736,0.042635658914729,0.058139534883721,0.058139534883721,0.038759689922481,0.065891472868217,0.073643410852713,0.081395348837209,0.003875968992248,0.007751937984496,0.210526315789474,0.342105263157895,0.210526315789474,0.236842105263158,22,28,"RNCMPT00100,min,ACCCCCC,RBD_v3_096931",1
"RNCMPT00100,min,CCCCCCC,RBD_v3_190041",76,0,0.073643410852713,0.011627906976744,0.038759689922481,0.050387596899225,0.050387596899225,0.108527131782946,0.01937984496124,0.034883720930233,0.093023255813953,0.062015503875969,0.027131782945736,0.042635658914729,0.058139534883721,0.058139534883721,0.038759689922481,0.065891472868217,0.073643410852713,0.081395348837209,0.003875968992248,0.007751937984496,0.2,0.371428571428571,0.171428571428571,0.257142857142857,19,25,"RNCMPT00100,min,CCCCCCC,RBD_v3_190041",1
"RNCMPT00100,min,CCCCCCC,RBD_v3_239770",76,0,0.073643410852713,0.011627906976744,0.038759689922481,0.050387596899225,0.050387596899225,0.108527131782946,0.01937984496124,0.034883720930233,0.093023255813953,0.062015503875969,0.027131782945736,0.042635658914729,0.058139534883721,0.058139534883721,0.038759689922481,0.065891472868217,0.073643410852713,0.081395348837209,0.003875968992248,0.007751937984496,0.2,0.4,0.171428571428571,0.228571428571429,23,29,"RNCMPT00100,min,CCCCCCC,RBD_v3_239770",0
"RNCMPT00111,max,GCUGGCC,RBD_v3_019784",191,1,0.058139534883721,0,0.081395348837209,0.046511627906977,0.011627906976744,0.046511627906977,0.011627906976744,0.069767441860465,0.116279069767442,0.174418604651163,0.034883720930233,0.034883720930233,0.046511627906977,0,0.058139534883721,0.093023255813953,0.034883720930233,0.023255813953488,0.023255813953488,0.034883720930233,0.263157894736842,0.289473684210526,0.236842105263158,0.210526315789474,28,34,"RNCMPT00111,max,GCUGGCC,RBD_v3_019784",0
"RNCMPT00111,max,GCUGGUC,RBD_v3_101848",191,1,0.058139534883721,0,0.081395348837209,0.046511627906977,0.011627906976744,0.046511627906977,0.011627906976744,0.069767441860465,0.116279069767442,0.174418604651163,0.034883720930233,0.034883720930233,0.046511627906977,0,0.058139534883721,0.093023255813953,0.034883720930233,0.023255813953488,0.023255813953488,0.034883720930233,0.236842105263158,0.157894736842105,0.289473684210526,0.31578947368421,22,28,"RNCMPT00111,max,GCUGGUC,RBD_v3_101848",1
"RNCMPT00111,max,GCUGGUC,RBD_v3_114193",191,1,0.058139534883721,0,0.081395348837209,0.046511627906977,0.011627906976744,0.046511627906977,0.011627906976744,0.069767441860465,0.116279069767442,0.174418604651163,0.034883720930233,0.034883720930233,0.046511627906977,0,0.058139534883721,0.093023255813953,0.034883720930233,0.023255813953488,0.023255813953488,0.034883720930233,0.184210526315789,0.31578947368421,0.236842105263158,0.263157894736842,5,11,"RNCMPT00111,max,GCUGGUC,RBD_v3_114193",0
"RNCMPT00111,min,CGCGUGG,RBD_v3_125172",191,0,0.058139534883721,0,0.081395348837209,0.046511627906977,0.011627906976744,0.046511627906977,0.011627906976744,0.069767441860465,0.116279069767442,0.174418604651163,0.034883720930233,0.034883720930233,0.046511627906977,0,0.058139534883721,0.093023255813953,0.034883720930233,0.023255813953488,0.023255813953488,0.034883720930233,0.1,0.233333333333333,0.4,0.266666666666667,24,30,"RNCMPT00111,min,CGCGUGG,RBD_v3_125172",0
"RNCMPT00111,min,CGCGUGG,RBD_v3_157277",191,0,0.058139534883721,0,0.081395348837209,0.046511627906977,0.011627906976744,0.046511627906977,0.011627906976744,0.069767441860465,0.116279069767442,0.174418604651163,0.034883720930233,0.034883720930233,0.046511627906977,0,0.058139534883721,0.093023255813953,0.034883720930233,0.023255813953488,0.023255813953488,0.034883720930233,0.2,0.228571428571429,0.314285714285714,0.257142857142857,21,27,"RNCMPT00111,min,CGCGUGG,RBD_v3_157277",1
"RNCMPT00111,min,UGAGCGU,RBD_v3_119688",191,0,0.058139534883721,0,0.081395348837209,0.046511627906977,0.011627906976744,0.046511627906977,0.011627906976744,0.069767441860465,0.116279069767442,0.174418604651163,0.034883720930233,0.034883720930233,0.046511627906977,0,0.058139534883721,0.093023255813953,0.034883720930233,0.023255813953488,0.023255813953488,0.034883720930233,0.285714285714286,0.171428571428571,0.285714285714286,0.257142857142857,17,23,"RNCMPT00111,min,UGAGCGU,RBD_v3_119688",0
"RNCMPT00112,max,UUAGUUU,RBD_v3_122545",57,1,0.070769230769231,0.009230769230769,0.049230769230769,0.046153846153846,0.055384615384615,0.089230769230769,0.024615384615385,0.058461538461538,0.052307692307692,0.067692307692308,0.030769230769231,0.070769230769231,0.036923076923077,0.036923076923077,0.061538461538462,0.086153846153846,0.049230769230769,0.067692307692308,0.006153846153846,0.030769230769231,0.184210526315789,0.236842105263158,0.210526315789474,0.368421052631579,6,12,"RNCMPT00112,max,UUAGUUU,RBD_v3_122545",0
"RNCMPT00112,max,UUAGUUU,RBD_v3_126187",57,1,0.070769230769231,0.009230769230769,0.049230769230769,0.046153846153846,0.055384615384615,0.089230769230769,0.024615384615385,0.058461538461538,0.052307692307692,0.067692307692308,0.030769230769231,0.070769230769231,0.036923076923077,0.036923076923077,0.061538461538462,0.086153846153846,0.049230769230769,0.067692307692308,0.006153846153846,0.030769230769231,0.289473684210526,0.184210526315789,0.236842105263158,0.289473684210526,13,19,"RNCMPT00112,max,UUAGUUU,RBD_v3_126187",0
"RNCMPT00112,max,UUUGGUU,RBD_v3_120548",57,1,0.070769230769231,0.009230769230769,0.049230769230769,0.046153846153846,0.055384615384615,0.089230769230769,0.024615384615385,0.058461538461538,0.052307692307692,0.067692307692308,0.030769230769231,0.070769230769231,0.036923076923077,0.036923076923077,0.061538461538462,0.086153846153846,0.049230769230769,0.067692307692308,0.006153846153846,0.030769230769231,0.102564102564102,0.102564102564102,0.333333333333333,0.461538461538462,5,11,"RNCMPT00112,max,UUUGGUU,RBD_v3_120548",0
"RNCMPT00112,min,AGAGUCG,RBD_v3_002256",57,0,0.070769230769231,0.009230769230769,0.049230769230769,0.046153846153846,0.055384615384615,0.089230769230769,0.024615384615385,0.058461538461538,0.052307692307692,0.067692307692308,0.030769230769231,0.070769230769231,0.036923076923077,0.036923076923077,0.061538461538462,0.086153846153846,0.049230769230769,0.067692307692308,0.006153846153846,0.030769230769231,0.314285714285714,0.285714285714286,0.257142857142857,0.142857142857143,29,35,"RNCMPT00112,min,AGAGUCG,RBD_v3_002256",0
"RNCMPT00112,min,AGAGUCG,RBD_v3_042940",57,0,0.070769230769231,0.009230769230769,0.049230769230769,0.046153846153846,0.055384615384615,0.089230769230769,0.024615384615385,0.058461538461538,0.052307692307692,0.067692307692308,0.030769230769231,0.070769230769231,0.036923076923077,0.036923076923077,0.061538461538462,0.086153846153846,0.049230769230769,0.067692307692308,0.006153846153846,0.030769230769231,0.263157894736842,0.210526315789474,0.236842105263158,0.289473684210526,1,7,"RNCMPT00112,min,AGAGUCG,RBD_v3_042940",1
"RNCMPT00112,min,GUGAGUC,RBD_v3_120052",57,0,0.070769230769231,0.009230769230769,0.049230769230769,0.046153846153846,0.055384615384615,0.089230769230769,0.024615384615385,0.058461538461538,0.052307692307692,0.067692307692308,0.030769230769231,0.070769230769231,0.036923076923077,0.036923076923077,0.061538461538462,0.086153846153846,0.049230769230769,0.067692307692308,0.006153846153846,0.030769230769231,0.210526315789474,0.342105263157895,0.263157894736842,0.184210526315789,10,16,"RNCMPT00112,min,GUGAGUC,RBD_v3_120052",1
"RNCMPT00113,max,GCGCGCG,RBD_v3_206656",120,1,0.062146892655367,0.033898305084746,0.045197740112994,0.101694915254237,0.033898305084746,0.073446327683616,0.045197740112994,0.067796610169492,0.084745762711864,0.062146892655367,0.022598870056497,0.050847457627119,0.028248587570621,0.028248587570621,0.056497175141243,0.050847457627119,0.050847457627119,0.062146892655367,0.005649717514124,0.033898305084746,0.257142857142857,0.314285714285714,0.285714285714286,0.142857142857143,18,24,"RNCMPT00113,max,GCGCGCG,RBD_v3_206656",1
"RNCMPT00113,max,GCGCGGG,RBD_v3_131807",120,1,0.062146892655367,0.033898305084746,0.045197740112994,0.101694915254237,0.033898305084746,0.073446327683616,0.045197740112994,0.067796610169492,0.084745762711864,0.062146892655367,0.022598870056497,0.050847457627119,0.028248587570621,0.028248587570621,0.056497175141243,0.050847457627119,0.050847457627119,0.062146892655367,0.005649717514124,0.033898305084746,0.076923076923077,0.153846153846154,0.487179487179487,0.282051282051282,4,10,"RNCMPT00113,max,GCGCGGG,RBD_v3_131807",0
"RNCMPT00113,max,GCGCGGG,RBD_v3_147741",120,1,0.062146892655367,0.033898305084746,0.045197740112994,0.101694915254237,0.033898305084746,0.073446327683616,0.045197740112994,0.067796610169492,0.084745762711864,0.062146892655367,0.022598870056497,0.050847457627119,0.028248587570621,0.028248587570621,0.056497175141243,0.050847457627119,0.050847457627119,0.062146892655367,0.005649717514124,0.033898305084746,0.166666666666667,0.333333333333333,0.3,0.2,23,29,"RNCMPT00113,max,GCGCGGG,RBD_v3_147741",0
"RNCMPT00113,min,CCCCCCC,RBD_v3_172404",120,0,0.062146892655367,0.033898305084746,0.045197740112994,0.101694915254237,0.033898305084746,0.073446327683616,0.045197740112994,0.067796610169492,0.084745762711864,0.062146892655367,0.022598870056497,0.050847457627119,0.028248587570621,0.028248587570621,0.056497175141243,0.050847457627119,0.050847457627119,0.062146892655367,0.005649717514124,0.033898305084746,0.157894736842105,0.368421052631579,0.157894736842105,0.31578947368421,15,21,"RNCMPT00113,min,CCCCCCC,RBD_v3_172404",1
"RNCMPT00113,min,UUUUUUU,RBD_v3_036271",120,0,0.062146892655367,0.033898305084746,0.045197740112994,0.101694915254237,0.033898305084746,0.073446327683616,0.045197740112994,0.067796610169492,0.084745762711864,0.062146892655367,0.022598870056497,0.050847457627119,0.028248587570621,0.028248587570621,0.056497175141243,0.050847457627119,0.050847457627119,0.062146892655367,0.005649717514124,0.033898305084746,0.2,0.2,0.166666666666667,0.433333333333333,24,30,"RNCMPT00113,min,UUUUUUU,RBD_v3_036271",0
"RNCMPT00113,min,UUUUUUU,RBD_v3_083792",120,0,0.062146892655367,0.033898305084746,0.045197740112994,0.101694915254237,0.033898305084746,0.073446327683616,0.045197740112994,0.067796610169492,0.084745762711864,0.062146892655367,0.022598870056497,0.050847457627119,0.028248587570621,0.028248587570621,0.056497175141243,0.050847457627119,0.050847457627119,0.062146892655367,0.005649717514124,0.033898305084746,0.131578947368421,0.31578947368421,0.184210526315789,0.368421052631579,17,23,"RNCMPT00113,min,UUUUUUU,RBD_v3_083792",1
"RNCMPT00114,max,UGUUUGU,RBD_v3_004498",3,1,0.134903640256959,0.014989293361884,0.038543897216274,0.038543897216274,0.0406852248394,0.057815845824411,0.017130620985011,0.044967880085653,0.068522483940043,0.092077087794433,0.025695931477516,0.051391862955032,0.057815845824411,0.072805139186296,0.017130620985011,0.079229122055675,0.070663811563169,0.057815845824411,0.004282655246253,0.014989293361884,0.153846153846154,0.153846153846154,0.282051282051282,0.41025641025641,25,31,"RNCMPT00114,max,UGUUUGU,RBD_v3_004498",1
"RNCMPT00114,max,UGUUUGU,RBD_v3_048536",3,1,0.134903640256959,0.014989293361884,0.038543897216274,0.038543897216274,0.0406852248394,0.057815845824411,0.017130620985011,0.044967880085653,0.068522483940043,0.092077087794433,0.025695931477516,0.051391862955032,0.057815845824411,0.072805139186296,0.017130620985011,0.079229122055675,0.070663811563169,0.057815845824411,0.004282655246253,0.014989293361884,0.131578947368421,0.157894736842105,0.289473684210526,0.421052631578947,20,26,"RNCMPT00114,max,UGUUUGU,RBD_v3_048536",1
"RNCMPT00114,max,UGUUUGU,RBD_v3_163719",3,1,0.134903640256959,0.014989293361884,0.038543897216274,0.038543897216274,0.0406852248394,0.057815845824411,0.017130620985011,0.044967880085653,0.068522483940043,0.092077087794433,0.025695931477516,0.051391862955032,0.057815845824411,0.072805139186296,0.017130620985011,0.079229122055675,0.070663811563169,0.057815845824411,0.004282655246253,0.014989293361884,0.157894736842105,0.184210526315789,0.263157894736842,0.394736842105263,8,14,"RNCMPT00114,max,UGUUUGU,RBD_v3_163719",1
"RNCMPT00114,min,AGAGUCG,RBD_v3_012837",3,0,0.134903640256959,0.014989293361884,0.038543897216274,0.038543897216274,0.0406852248394,0.057815845824411,0.017130620985011,0.044967880085653,0.068522483940043,0.092077087794433,0.025695931477516,0.051391862955032,0.057815845824411,0.072805139186296,0.017130620985011,0.079229122055675,0.070663811563169,0.057815845824411,0.004282655246253,0.014989293361884,0.428571428571429,0.171428571428571,0.228571428571429,0.171428571428571,1,7,"RNCMPT00114,min,AGAGUCG,RBD_v3_012837",1
"RNCMPT00114,min,AGAGUCG,RBD_v3_087382",3,0,0.134903640256959,0.014989293361884,0.038543897216274,0.038543897216274,0.0406852248394,0.057815845824411,0.017130620985011,0.044967880085653,0.068522483940043,0.092077087794433,0.025695931477516,0.051391862955032,0.057815845824411,0.072805139186296,0.017130620985011,0.079229122055675,0.070663811563169,0.057815845824411,0.004282655246253,0.014989293361884,0.368421052631579,0.157894736842105,0.342105263157895,0.131578947368421,1,7,"RNCMPT00114,min,AGAGUCG,RBD_v3_087382",0
"RNCMPT00114,min,AGAGUCG,RBD_v3_101854",3,0,0.134903640256959,0.014989293361884,0.038543897216274,0.038543897216274,0.0406852248394,0.057815845824411,0.017130620985011,0.044967880085653,0.068522483940043,0.092077087794433,0.025695931477516,0.051391862955032,0.057815845824411,0.072805139186296,0.017130620985011,0.079229122055675,0.070663811563169,0.057815845824411,0.004282655246253,0.014989293361884,0.342105263157895,0.210526315789474,0.289473684210526,0.157894736842105,7,13,"RNCMPT00114,min,AGAGUCG,RBD_v3_101854",1
"RNCMPT00116,max,AACAUCA,RBD_v3_107323",192,1,0.089506172839506,0,0.040123456790123,0.083333333333333,0.021604938271605,0.12037037037037,0.006172839506173,0.009259259259259,0.049382716049383,0.012345679012346,0.012345679012346,0.064814814814815,0.108024691358025,0.074074074074074,0.12037037037037,0.046296296296296,0.040123456790123,0.049382716049383,0.003086419753086,0.049382716049383,0.31578947368421,0.210526315789474,0.157894736842105,0.31578947368421,18,24,"RNCMPT00116,max,AACAUCA,RBD_v3_107323",1
"RNCMPT00116,max,GAACAUC,RBD_v3_030723",192,1,0.089506172839506,0,0.040123456790123,0.083333333333333,0.021604938271605,0.12037037037037,0.006172839506173,0.009259259259259,0.049382716049383,0.012345679012346,0.012345679012346,0.064814814814815,0.108024691358025,0.074074074074074,0.12037037037037,0.046296296296296,0.040123456790123,0.049382716049383,0.003086419753086,0.049382716049383,0.342105263157895,0.289473684210526,0.184210526315789,0.184210526315789,3,9,"RNCMPT00116,max,GAACAUC,RBD_v3_030723",0
"RNCMPT00116,max,GAACAUC,RBD_v3_118226",192,1,0.089506172839506,0,0.040123456790123,0.083333333333333,0.021604938271605,0.12037037037037,0.006172839506173,0.009259259259259,0.049382716049383,0.012345679012346,0.012345679012346,0.064814814814815,0.108024691358025,0.074074074074074,0.12037037037037,0.046296296296296,0.040123456790123,0.049382716049383,0.003086419753086,0.049382716049383,0.342105263157895,0.289473684210526,0.184210526315789,0.184210526315789,3,9,"RNCMPT00116,max,GAACAUC,RBD_v3_118226",0
"RNCMPT00116,min,CCCCCCC,RBD_v3_012658",192,0,0.089506172839506,0,0.040123456790123,0.083333333333333,0.021604938271605,0.12037037037037,0.006172839506173,0.009259259259259,0.049382716049383,0.012345679012346,0.012345679012346,0.064814814814815,0.108024691358025,0.074074074074074,0.12037037037037,0.046296296296296,0.040123456790123,0.049382716049383,0.003086419753086,0.049382716049383,0.157894736842105,0.421052631578947,0.184210526315789,0.236842105263158,17,23,"RNCMPT00116,min,CCCCCCC,RBD_v3_012658",1
"RNCMPT00116,min,UCCCCCC,RBD_v3_025151",192,0,0.089506172839506,0,0.040123456790123,0.083333333333333,0.021604938271605,0.12037037037037,0.006172839506173,0.009259259259259,0.049382716049383,0.012345679012346,0.012345679012346,0.064814814814815,0.108024691358025,0.074074074074074,0.12037037037037,0.046296296296296,0.040123456790123,0.049382716049383,0.003086419753086,0.049382716049383,0.131578947368421,0.394736842105263,0.184210526315789,0.289473684210526,5,11,"RNCMPT00116,min,UCCCCCC,RBD_v3_025151",1
"RNCMPT00116,min,UCCCCCC,RBD_v3_161085",192,0,0.089506172839506,0,0.040123456790123,0.083333333333333,0.021604938271605,0.12037037037037,0.006172839506173,0.009259259259259,0.049382716049383,0.012345679012346,0.012345679012346,0.064814814814815,0.108024691358025,0.074074074074074,0.12037037037037,0.046296296296296,0.040123456790123,0.049382716049383,0.003086419753086,0.049382716049383,0.131578947368421,0.31578947368421,0.263157894736842,0.289473684210526,31,37,"RNCMPT00116,min,UCCCCCC,RBD_v3_161085",1
"RNCMPT00117,max,UUAGUUU,RBD_v3_236589",57,1,0.070769230769231,0.009230769230769,0.049230769230769,0.046153846153846,0.055384615384615,0.089230769230769,0.024615384615385,0.058461538461538,0.052307692307692,0.067692307692308,0.030769230769231,0.070769230769231,0.036923076923077,0.036923076923077,0.061538461538462,0.086153846153846,0.049230769230769,0.067692307692308,0.006153846153846,0.030769230769231,0.184210526315789,0.184210526315789,0.289473684210526,0.342105263157895,12,18,"RNCMPT00117,max,UUAGUUU,RBD_v3_236589",0
"RNCMPT00117,max,UUAGUUU,RBD_v3_237638",57,1,0.070769230769231,0.009230769230769,0.049230769230769,0.046153846153846,0.055384615384615,0.089230769230769,0.024615384615385,0.058461538461538,0.052307692307692,0.067692307692308,0.030769230769231,0.070769230769231,0.036923076923077,0.036923076923077,0.061538461538462,0.086153846153846,0.049230769230769,0.067692307692308,0.006153846153846,0.030769230769231,0.257142857142857,0.2,0.228571428571429,0.314285714285714,13,19,"RNCMPT00117,max,UUAGUUU,RBD_v3_237638",1
"RNCMPT00117,max,UUUUGGU,RBD_v3_199528",57,1,0.070769230769231,0.009230769230769,0.049230769230769,0.046153846153846,0.055384615384615,0.089230769230769,0.024615384615385,0.058461538461538,0.052307692307692,0.067692307692308,0.030769230769231,0.070769230769231,0.036923076923077,0.036923076923077,0.061538461538462,0.086153846153846,0.049230769230769,0.067692307692308,0.006153846153846,0.030769230769231,0.076923076923077,0.128205128205128,0.358974358974359,0.435897435897436,4,10,"RNCMPT00117,max,UUUUGGU,RBD_v3_199528",0
"RNCMPT00117,min,ACCCCCC,RBD_v3_087960",57,0,0.070769230769231,0.009230769230769,0.049230769230769,0.046153846153846,0.055384615384615,0.089230769230769,0.024615384615385,0.058461538461538,0.052307692307692,0.067692307692308,0.030769230769231,0.070769230769231,0.036923076923077,0.036923076923077,0.061538461538462,0.086153846153846,0.049230769230769,0.067692307692308,0.006153846153846,0.030769230769231,0.184210526315789,0.447368421052632,0.210526315789474,0.157894736842105,3,9,"RNCMPT00117,min,ACCCCCC,RBD_v3_087960",1
"RNCMPT00117,min,CCCCCCC,RBD_v3_165962",57,0,0.070769230769231,0.009230769230769,0.049230769230769,0.046153846153846,0.055384615384615,0.089230769230769,0.024615384615385,0.058461538461538,0.052307692307692,0.067692307692308,0.030769230769231,0.070769230769231,0.036923076923077,0.036923076923077,0.061538461538462,0.086153846153846,0.049230769230769,0.067692307692308,0.006153846153846,0.030769230769231,0.228571428571429,0.285714285714286,0.228571428571429,0.257142857142857,20,26,"RNCMPT00117,min,CCCCCCC,RBD_v3_165962",0
"RNCMPT00117,min,CCCCCCC,RBD_v3_166722",57,0,0.070769230769231,0.009230769230769,0.049230769230769,0.046153846153846,0.055384615384615,0.089230769230769,0.024615384615385,0.058461538461538,0.052307692307692,0.067692307692308,0.030769230769231,0.070769230769231,0.036923076923077,0.036923076923077,0.061538461538462,0.086153846153846,0.049230769230769,0.067692307692308,0.006153846153846,0.030769230769231,0.236842105263158,0.289473684210526,0.263157894736842,0.210526315789474,14,20,"RNCMPT00117,min,CCCCCCC,RBD_v3_166722",1
"RNCMPT00118,max,ACUAACA,RBD_v3_032845",51,1,0.082474226804124,0.010309278350515,0.056701030927835,0.108247422680412,0.025773195876289,0.056701030927835,0.020618556701031,0.036082474226804,0.077319587628866,0.087628865979381,0.025773195876289,0.041237113402062,0.04639175257732,0.036082474226804,0.072164948453608,0.036082474226804,0.056701030927835,0.103092783505155,0.010309278350515,0.010309278350515,0.421052631578947,0.263157894736842,0.210526315789474,0.105263157894737,10,16,"RNCMPT00118,max,ACUAACA,RBD_v3_032845",1
"RNCMPT00118,max,ACUAACC,RBD_v3_226736",51,1,0.082474226804124,0.010309278350515,0.056701030927835,0.108247422680412,0.025773195876289,0.056701030927835,0.020618556701031,0.036082474226804,0.077319587628866,0.087628865979381,0.025773195876289,0.041237113402062,0.04639175257732,0.036082474226804,0.072164948453608,0.036082474226804,0.056701030927835,0.103092783505155,0.010309278350515,0.010309278350515,0.368421052631579,0.289473684210526,0.105263157894737,0.236842105263158,27,33,"RNCMPT00118,max,ACUAACC,RBD_v3_226736",1
"RNCMPT00118,max,UACUAAC,RBD_v3_090934",51,1,0.082474226804124,0.010309278350515,0.056701030927835,0.108247422680412,0.025773195876289,0.056701030927835,0.020618556701031,0.036082474226804,0.077319587628866,0.087628865979381,0.025773195876289,0.041237113402062,0.04639175257732,0.036082474226804,0.072164948453608,0.036082474226804,0.056701030927835,0.103092783505155,0.010309278350515,0.010309278350515,0.289473684210526,0.368421052631579,0.157894736842105,0.184210526315789,5,11,"RNCMPT00118,max,UACUAAC,RBD_v3_090934",1
"RNCMPT00118,min,CAGGAAA,RBD_v3_191239",51,0,0.082474226804124,0.010309278350515,0.056701030927835,0.108247422680412,0.025773195876289,0.056701030927835,0.020618556701031,0.036082474226804,0.077319587628866,0.087628865979381,0.025773195876289,0.041237113402062,0.04639175257732,0.036082474226804,0.072164948453608,0.036082474226804,0.056701030927835,0.103092783505155,0.010309278350515,0.010309278350515,0.368421052631579,0.184210526315789,0.289473684210526,0.157894736842105,20,26,"RNCMPT00118,min,CAGGAAA,RBD_v3_191239",1
"RNCMPT00118,min,GAACAAG,RBD_v3_219734",51,0,0.082474226804124,0.010309278350515,0.056701030927835,0.108247422680412,0.025773195876289,0.056701030927835,0.020618556701031,0.036082474226804,0.077319587628866,0.087628865979381,0.025773195876289,0.041237113402062,0.04639175257732,0.036082474226804,0.072164948453608,0.036082474226804,0.056701030927835,0.103092783505155,0.010309278350515,0.010309278350515,0.342857142857143,0.114285714285714,0.342857142857143,0.2,16,22,"RNCMPT00118,min,GAACAAG,RBD_v3_219734",1
"RNCMPT00118,min,UGAGUCG,RBD_v3_085939",51,0,0.082474226804124,0.010309278350515,0.056701030927835,0.108247422680412,0.025773195876289,0.056701030927835,0.020618556701031,0.036082474226804,0.077319587628866,0.087628865979381,0.025773195876289,0.041237113402062,0.04639175257732,0.036082474226804,0.072164948453608,0.036082474226804,0.056701030927835,0.103092783505155,0.010309278350515,0.010309278350515,0.342857142857143,0.142857142857143,0.342857142857143,0.171428571428571,20,26,"RNCMPT00118,min,UGAGUCG,RBD_v3_085939",1
"RNCMPT00119,max,GUUUUUU,RBD_v3_028511",163,1,0.082352941176471,0.011764705882353,0.050980392156863,0.035294117647059,0.031372549019608,0.090196078431373,0.019607843137255,0.050980392156863,0.043137254901961,0.082352941176471,0.043137254901961,0.086274509803922,0.070588235294118,0.031372549019608,0.066666666666667,0.066666666666667,0.047058823529412,0.054901960784314,0,0.035294117647059,0.131578947368421,0.289473684210526,0.210526315789474,0.368421052631579,6,12,"RNCMPT00119,max,GUUUUUU,RBD_v3_028511",1
"RNCMPT00119,max,UUUUUUU,RBD_v3_037447",163,1,0.082352941176471,0.011764705882353,0.050980392156863,0.035294117647059,0.031372549019608,0.090196078431373,0.019607843137255,0.050980392156863,0.043137254901961,0.082352941176471,0.043137254901961,0.086274509803922,0.070588235294118,0.031372549019608,0.066666666666667,0.066666666666667,0.047058823529412,0.054901960784314,0,0.035294117647059,0.2,0.314285714285714,0.2,0.285714285714286,24,30,"RNCMPT00119,max,UUUUUUU,RBD_v3_037447",1
"RNCMPT00119,max,UUUUUUU,RBD_v3_095206",163,1,0.082352941176471,0.011764705882353,0.050980392156863,0.035294117647059,0.031372549019608,0.090196078431373,0.019607843137255,0.050980392156863,0.043137254901961,0.082352941176471,0.043137254901961,0.086274509803922,0.070588235294118,0.031372549019608,0.066666666666667,0.066666666666667,0.047058823529412,0.054901960784314,0,0.035294117647059,0.228571428571429,0.257142857142857,0.257142857142857,0.257142857142857,21,27,"RNCMPT00119,max,UUUUUUU,RBD_v3_095206",1
"RNCMPT00119,min,GCGUGGG,RBD_v3_218712",163,0,0.082352941176471,0.011764705882353,0.050980392156863,0.035294117647059,0.031372549019608,0.090196078431373,0.019607843137255,0.050980392156863,0.043137254901961,0.082352941176471,0.043137254901961,0.086274509803922,0.070588235294118,0.031372549019608,0.066666666666667,0.066666666666667,0.047058823529412,0.054901960784314,0,0.035294117647059,0.342857142857143,0.142857142857143,0.371428571428571,0.142857142857143,19,25,"RNCMPT00119,min,GCGUGGG,RBD_v3_218712",1
"RNCMPT00119,min,GGGGAGC,RBD_v3_166046",163,0,0.082352941176471,0.011764705882353,0.050980392156863,0.035294117647059,0.031372549019608,0.090196078431373,0.019607843137255,0.050980392156863,0.043137254901961,0.082352941176471,0.043137254901961,0.086274509803922,0.070588235294118,0.031372549019608,0.066666666666667,0.066666666666667,0.047058823529412,0.054901960784314,0,0.035294117647059,0.342857142857143,0.114285714285714,0.285714285714286,0.257142857142857,6,12,"RNCMPT00119,min,GGGGAGC,RBD_v3_166046",1
"RNCMPT00119,min,GGGGAGC,RBD_v3_225725",163,0,0.082352941176471,0.011764705882353,0.050980392156863,0.035294117647059,0.031372549019608,0.090196078431373,0.019607843137255,0.050980392156863,0.043137254901961,0.082352941176471,0.043137254901961,0.086274509803922,0.070588235294118,0.031372549019608,0.066666666666667,0.066666666666667,0.047058823529412,0.054901960784314,0,0.035294117647059,0.157894736842105,0.210526315789474,0.263157894736842,0.368421052631579,21,27,"RNCMPT00119,min,GGGGAGC,RBD_v3_225725",1
"RNCMPT00120,max,UUAUGUU,RBD_v3_080006",34,1,0.092696629213483,0.01123595505618,0.030898876404494,0.047752808988764,0.036516853932584,0.084269662921348,0,0.050561797752809,0.056179775280899,0.101123595505618,0.019662921348315,0.078651685393258,0.047752808988764,0.044943820224719,0.044943820224719,0.087078651685393,0.061797752808989,0.067415730337079,0.00561797752809,0.030898876404494,0.133333333333333,0.133333333333333,0.333333333333333,0.4,21,27,"RNCMPT00120,max,UUAUGUU,RBD_v3_080006",1
"RNCMPT00120,max,UUAUGUU,RBD_v3_240700",34,1,0.092696629213483,0.01123595505618,0.030898876404494,0.047752808988764,0.036516853932584,0.084269662921348,0,0.050561797752809,0.056179775280899,0.101123595505618,0.019662921348315,0.078651685393258,0.047752808988764,0.044943820224719,0.044943820224719,0.087078651685393,0.061797752808989,0.067415730337079,0.00561797752809,0.030898876404494,0.210526315789474,0.263157894736842,0.157894736842105,0.368421052631579,8,14,"RNCMPT00120,max,UUAUGUU,RBD_v3_240700",1
"RNCMPT00120,max,UUUAGUU,RBD_v3_122545",34,1,0.092696629213483,0.01123595505618,0.030898876404494,0.047752808988764,0.036516853932584,0.084269662921348,0,0.050561797752809,0.056179775280899,0.101123595505618,0.019662921348315,0.078651685393258,0.047752808988764,0.044943820224719,0.044943820224719,0.087078651685393,0.061797752808989,0.067415730337079,0.00561797752809,0.030898876404494,0.184210526315789,0.236842105263158,0.210526315789474,0.368421052631579,5,11,"RNCMPT00120,max,UUUAGUU,RBD_v3_122545",1
"RNCMPT00120,min,AGAGUCG,RBD_v3_079827",34,0,0.092696629213483,0.01123595505618,0.030898876404494,0.047752808988764,0.036516853932584,0.084269662921348,0,0.050561797752809,0.056179775280899,0.101123595505618,0.019662921348315,0.078651685393258,0.047752808988764,0.044943820224719,0.044943820224719,0.087078651685393,0.061797752808989,0.067415730337079,0.00561797752809,0.030898876404494,0.157894736842105,0.263157894736842,0.236842105263158,0.342105263157895,1,7,"RNCMPT00120,min,AGAGUCG,RBD_v3_079827",1
"RNCMPT00120,min,AGAGUCG,RBD_v3_208616",34,0,0.092696629213483,0.01123595505618,0.030898876404494,0.047752808988764,0.036516853932584,0.084269662921348,0,0.050561797752809,0.056179775280899,0.101123595505618,0.019662921348315,0.078651685393258,0.047752808988764,0.044943820224719,0.044943820224719,0.087078651685393,0.061797752808989,0.067415730337079,0.00561797752809,0.030898876404494,0.314285714285714,0.257142857142857,0.2,0.228571428571429,1,7,"RNCMPT00120,min,AGAGUCG,RBD_v3_208616",1
"RNCMPT00120,min,AGAGUCG,RBD_v3_227874",34,0,0.092696629213483,0.01123595505618,0.030898876404494,0.047752808988764,0.036516853932584,0.084269662921348,0,0.050561797752809,0.056179775280899,0.101123595505618,0.019662921348315,0.078651685393258,0.047752808988764,0.044943820224719,0.044943820224719,0.087078651685393,0.061797752808989,0.067415730337079,0.00561797752809,0.030898876404494,0.233333333333333,0.3,0.333333333333333,0.133333333333333,1,7,"RNCMPT00120,min,AGAGUCG,RBD_v3_227874",1
"RNCMPT00121,max,UUGGGUU,RBD_v3_014854",28,1,0.109660574412533,0.005221932114883,0.031331592689295,0.036553524804178,0.039164490861619,0.086161879895561,0.002610966057441,0.057441253263708,0.046997389033943,0.070496083550914,0.023498694516971,0.067885117493473,0.065274151436031,0.080939947780679,0.039164490861619,0.067885117493473,0.070496083550914,0.070496083550914,0.002610966057441,0.026109660574413,0.102564102564102,0.076923076923077,0.384615384615385,0.435897435897436,21,27,"RNCMPT00121,max,UUGGGUU,RBD_v3_014854",1
"RNCMPT00121,max,UUGGGUU,RBD_v3_120548",28,1,0.109660574412533,0.005221932114883,0.031331592689295,0.036553524804178,0.039164490861619,0.086161879895561,0.002610966057441,0.057441253263708,0.046997389033943,0.070496083550914,0.023498694516971,0.067885117493473,0.065274151436031,0.080939947780679,0.039164490861619,0.067885117493473,0.070496083550914,0.070496083550914,0.002610966057441,0.026109660574413,0.102564102564102,0.102564102564102,0.333333333333333,0.461538461538462,20,26,"RNCMPT00121,max,UUGGGUU,RBD_v3_120548",0
"RNCMPT00121,max,UUGGGUU,RBD_v3_237081",28,1,0.109660574412533,0.005221932114883,0.031331592689295,0.036553524804178,0.039164490861619,0.086161879895561,0.002610966057441,0.057441253263708,0.046997389033943,0.070496083550914,0.023498694516971,0.067885117493473,0.065274151436031,0.080939947780679,0.039164490861619,0.067885117493473,0.070496083550914,0.070496083550914,0.002610966057441,0.026109660574413,0.102564102564102,0.102564102564102,0.333333333333333,0.461538461538462,20,26,"RNCMPT00121,max,UUGGGUU,RBD_v3_237081",0
"RNCMPT00121,min,GAGUCGU,RBD_v3_070447",28,0,0.109660574412533,0.005221932114883,0.031331592689295,0.036553524804178,0.039164490861619,0.086161879895561,0.002610966057441,0.057441253263708,0.046997389033943,0.070496083550914,0.023498694516971,0.067885117493473,0.065274151436031,0.080939947780679,0.039164490861619,0.067885117493473,0.070496083550914,0.070496083550914,0.002610966057441,0.026109660574413,0.263157894736842,0.236842105263158,0.31578947368421,0.184210526315789,2,8,"RNCMPT00121,min,GAGUCGU,RBD_v3_070447",0
"RNCMPT00121,min,GAGUCGU,RBD_v3_138567",28,0,0.109660574412533,0.005221932114883,0.031331592689295,0.036553524804178,0.039164490861619,0.086161879895561,0.002610966057441,0.057441253263708,0.046997389033943,0.070496083550914,0.023498694516971,0.067885117493473,0.065274151436031,0.080939947780679,0.039164490861619,0.067885117493473,0.070496083550914,0.070496083550914,0.002610966057441,0.026109660574413,0.257142857142857,0.257142857142857,0.285714285714286,0.2,5,11,"RNCMPT00121,min,GAGUCGU,RBD_v3_138567",1
"RNCMPT00121,min,GAGUCGU,RBD_v3_148916",28,0,0.109660574412533,0.005221932114883,0.031331592689295,0.036553524804178,0.039164490861619,0.086161879895561,0.002610966057441,0.057441253263708,0.046997389033943,0.070496083550914,0.023498694516971,0.067885117493473,0.065274151436031,0.080939947780679,0.039164490861619,0.067885117493473,0.070496083550914,0.070496083550914,0.002610966057441,0.026109660574413,0.342857142857143,0.285714285714286,0.114285714285714,0.257142857142857,2,8,"RNCMPT00121,min,GAGUCGU,RBD_v3_148916",1
"RNCMPT00122,max,GUGGUGU,RBD_v3_158272",9,1,0.134615384615385,0.014423076923077,0.028846153846154,0.033653846153846,0.064903846153846,0.084134615384615,0.026442307692308,0.038461538461538,0.036057692307692,0.074519230769231,0.038461538461538,0.045673076923077,0.103365384615385,0.086538461538462,0.03125,0.055288461538462,0.043269230769231,0.043269230769231,0,0.016826923076923,0.128205128205128,0.153846153846154,0.41025641025641,0.307692307692308,13,19,"RNCMPT00122,max,GUGGUGU,RBD_v3_158272",1
"RNCMPT00122,max,GUGUUGU,RBD_v3_002196",9,1,0.134615384615385,0.014423076923077,0.028846153846154,0.033653846153846,0.064903846153846,0.084134615384615,0.026442307692308,0.038461538461538,0.036057692307692,0.074519230769231,0.038461538461538,0.045673076923077,0.103365384615385,0.086538461538462,0.03125,0.055288461538462,0.043269230769231,0.043269230769231,0,0.016826923076923,0.142857142857143,0.114285714285714,0.371428571428571,0.371428571428571,24,30,"RNCMPT00122,max,GUGUUGU,RBD_v3_002196",0
"RNCMPT00122,max,UGGUGUU,RBD_v3_198904",9,1,0.134615384615385,0.014423076923077,0.028846153846154,0.033653846153846,0.064903846153846,0.084134615384615,0.026442307692308,0.038461538461538,0.036057692307692,0.074519230769231,0.038461538461538,0.045673076923077,0.103365384615385,0.086538461538462,0.03125,0.055288461538462,0.043269230769231,0.043269230769231,0,0.016826923076923,0.076923076923077,0.076923076923077,0.435897435897436,0.41025641025641,6,12,"RNCMPT00122,max,UGGUGUU,RBD_v3_198904",0
"RNCMPT00122,min,CGCUCUC,RBD_v3_085790",9,0,0.134615384615385,0.014423076923077,0.028846153846154,0.033653846153846,0.064903846153846,0.084134615384615,0.026442307692308,0.038461538461538,0.036057692307692,0.074519230769231,0.038461538461538,0.045673076923077,0.103365384615385,0.086538461538462,0.03125,0.055288461538462,0.043269230769231,0.043269230769231,0,0.016826923076923,0.166666666666667,0.366666666666667,0.166666666666667,0.3,9,15,"RNCMPT00122,min,CGCUCUC,RBD_v3_085790",0
"RNCMPT00122,min,CGCUCUC,RBD_v3_110513",9,0,0.134615384615385,0.014423076923077,0.028846153846154,0.033653846153846,0.064903846153846,0.084134615384615,0.026442307692308,0.038461538461538,0.036057692307692,0.074519230769231,0.038461538461538,0.045673076923077,0.103365384615385,0.086538461538462,0.03125,0.055288461538462,0.043269230769231,0.043269230769231,0,0.016826923076923,0.314285714285714,0.285714285714286,0.257142857142857,0.142857142857143,14,20,"RNCMPT00122,min,CGCUCUC,RBD_v3_110513",0
"RNCMPT00122,min,UCCGCUC,RBD_v3_166100",9,0,0.134615384615385,0.014423076923077,0.028846153846154,0.033653846153846,0.064903846153846,0.084134615384615,0.026442307692308,0.038461538461538,0.036057692307692,0.074519230769231,0.038461538461538,0.045673076923077,0.103365384615385,0.086538461538462,0.03125,0.055288461538462,0.043269230769231,0.043269230769231,0,0.016826923076923,0.184210526315789,0.342105263157895,0.184210526315789,0.289473684210526,26,32,"RNCMPT00122,min,UCCGCUC,RBD_v3_166100",0
"RNCMPT00123,max,AUGCAUG,RBD_v3_023963",1,1,0.183431952662722,0.005917159763314,0.029585798816568,0.041420118343195,0.047337278106509,0.071005917159763,0.023668639053254,0.041420118343195,0.035502958579882,0.047337278106509,0.011834319526627,0.053254437869822,0.047337278106509,0.035502958579882,0.071005917159763,0.071005917159763,0.047337278106509,0.124260355029586,0.005917159763314,0.005917159763314,0.263157894736842,0.210526315789474,0.31578947368421,0.210526315789474,4,10,"RNCMPT00123,max,AUGCAUG,RBD_v3_023963",0
"RNCMPT00123,max,UGCAUGC,RBD_v3_084817",1,1,0.183431952662722,0.005917159763314,0.029585798816568,0.041420118343195,0.047337278106509,0.071005917159763,0.023668639053254,0.041420118343195,0.035502958579882,0.047337278106509,0.011834319526627,0.053254437869822,0.047337278106509,0.035502958579882,0.071005917159763,0.071005917159763,0.047337278106509,0.124260355029586,0.005917159763314,0.005917159763314,0.131578947368421,0.289473684210526,0.210526315789474,0.368421052631579,30,36,"RNCMPT00123,max,UGCAUGC,RBD_v3_084817",0
"RNCMPT00123,max,UUGCAUG,RBD_v3_028511",1,1,0.183431952662722,0.005917159763314,0.029585798816568,0.041420118343195,0.047337278106509,0.071005917159763,0.023668639053254,0.041420118343195,0.035502958579882,0.047337278106509,0.011834319526627,0.053254437869822,0.047337278106509,0.035502958579882,0.071005917159763,0.071005917159763,0.047337278106509,0.124260355029586,0.005917159763314,0.005917159763314,0.131578947368421,0.289473684210526,0.210526315789474,0.368421052631579,11,17,"RNCMPT00123,max,UUGCAUG,RBD_v3_028511",0
"RNCMPT00123,min,AGAGUCG,RBD_v3_015863",1,0,0.183431952662722,0.005917159763314,0.029585798816568,0.041420118343195,0.047337278106509,0.071005917159763,0.023668639053254,0.041420118343195,0.035502958579882,0.047337278106509,0.011834319526627,0.053254437869822,0.047337278106509,0.035502958579882,0.071005917159763,0.071005917159763,0.047337278106509,0.124260355029586,0.005917159763314,0.005917159763314,0.3,0.266666666666667,0.266666666666667,0.166666666666667,1,7,"RNCMPT00123,min,AGAGUCG,RBD_v3_015863",1
"RNCMPT00123,min,AGAGUCG,RBD_v3_183781",1,0,0.183431952662722,0.005917159763314,0.029585798816568,0.041420118343195,0.047337278106509,0.071005917159763,0.023668639053254,0.041420118343195,0.035502958579882,0.047337278106509,0.011834319526627,0.053254437869822,0.047337278106509,0.035502958579882,0.071005917159763,0.071005917159763,0.047337278106509,0.124260355029586,0.005917159763314,0.005917159763314,0.31578947368421,0.236842105263158,0.289473684210526,0.157894736842105,32,38,"RNCMPT00123,min,AGAGUCG,RBD_v3_183781",1
"RNCMPT00123,min,AGAGUCG,RBD_v3_221610",1,0,0.183431952662722,0.005917159763314,0.029585798816568,0.041420118343195,0.047337278106509,0.071005917159763,0.023668639053254,0.041420118343195,0.035502958579882,0.047337278106509,0.011834319526627,0.053254437869822,0.047337278106509,0.035502958579882,0.071005917159763,0.071005917159763,0.047337278106509,0.124260355029586,0.005917159763314,0.005917159763314,0.31578947368421,0.210526315789474,0.236842105263158,0.236842105263158,1,7,"RNCMPT00123,min,AGAGUCG,RBD_v3_221610",0
"RNCMPT00124,max,CGCGCGG,RBD_v3_147741",63,1,0.039772727272727,0.019886363636364,0.068181818181818,0.056818181818182,0.042613636363636,0.09375,0.011363636363636,0.025568181818182,0.036931818181818,0.051136363636364,0.03125,0.028409090909091,0.110795454545455,0.028409090909091,0.116477272727273,0.073863636363636,0.048295454545455,0.056818181818182,0.002840909090909,0.056818181818182,0.166666666666667,0.333333333333333,0.3,0.2,22,28,"RNCMPT00124,max,CGCGCGG,RBD_v3_147741",1
"RNCMPT00124,max,CGCGCGG,RBD_v3_206656",63,1,0.039772727272727,0.019886363636364,0.068181818181818,0.056818181818182,0.042613636363636,0.09375,0.011363636363636,0.025568181818182,0.036931818181818,0.051136363636364,0.03125,0.028409090909091,0.110795454545455,0.028409090909091,0.116477272727273,0.073863636363636,0.048295454545455,0.056818181818182,0.002840909090909,0.056818181818182,0.257142857142857,0.314285714285714,0.285714285714286,0.142857142857143,19,25,"RNCMPT00124,max,CGCGCGG,RBD_v3_206656",1
"RNCMPT00124,max,UCGCGCG,RBD_v3_157981",63,1,0.039772727272727,0.019886363636364,0.068181818181818,0.056818181818182,0.042613636363636,0.09375,0.011363636363636,0.025568181818182,0.036931818181818,0.051136363636364,0.03125,0.028409090909091,0.110795454545455,0.028409090909091,0.116477272727273,0.073863636363636,0.048295454545455,0.056818181818182,0.002840909090909,0.056818181818182,0.128205128205128,0.384615384615385,0.230769230769231,0.256410256410256,26,32,"RNCMPT00124,max,UCGCGCG,RBD_v3_157981",1
"RNCMPT00124,min,CCCCCCC,RBD_v3_087545",63,0,0.039772727272727,0.019886363636364,0.068181818181818,0.056818181818182,0.042613636363636,0.09375,0.011363636363636,0.025568181818182,0.036931818181818,0.051136363636364,0.03125,0.028409090909091,0.110795454545455,0.028409090909091,0.116477272727273,0.073863636363636,0.048295454545455,0.056818181818182,0.002840909090909,0.056818181818182,0.333333333333333,0.333333333333333,0.233333333333333,0.1,4,10,"RNCMPT00124,min,CCCCCCC,RBD_v3_087545",0
"RNCMPT00124,min,CCCCCCC,RBD_v3_147508",63,0,0.039772727272727,0.019886363636364,0.068181818181818,0.056818181818182,0.042613636363636,0.09375,0.011363636363636,0.025568181818182,0.036931818181818,0.051136363636364,0.03125,0.028409090909091,0.110795454545455,0.028409090909091,0.116477272727273,0.073863636363636,0.048295454545455,0.056818181818182,0.002840909090909,0.056818181818182,0.105263157894737,0.447368421052632,0.210526315789474,0.236842105263158,22,28,"RNCMPT00124,min,CCCCCCC,RBD_v3_147508",1
"RNCMPT00124,min,GCCCCCC,RBD_v3_146384",63,0,0.039772727272727,0.019886363636364,0.068181818181818,0.056818181818182,0.042613636363636,0.09375,0.011363636363636,0.025568181818182,0.036931818181818,0.051136363636364,0.03125,0.028409090909091,0.110795454545455,0.028409090909091,0.116477272727273,0.073863636363636,0.048295454545455,0.056818181818182,0.002840909090909,0.056818181818182,0.166666666666667,0.333333333333333,0.233333333333333,0.266666666666667,19,25,"RNCMPT00124,min,GCCCCCC,RBD_v3_146384",1
"RNCMPT00126,max,UUUUUGG,RBD_v3_089482",84,1,0.073260073260073,0.032967032967033,0.084249084249084,0.04029304029304,0.051282051282051,0.084249084249084,0.018315018315018,0.047619047619048,0.054945054945055,0.073260073260073,0.018315018315018,0.021978021978022,0.073260073260073,0.043956043956044,0.051282051282051,0.073260073260073,0.032967032967033,0.073260073260073,0.007326007326007,0.043956043956044,0.128205128205128,0.051282051282051,0.487179487179487,0.333333333333333,30,36,"RNCMPT00126,max,UUUUUGG,RBD_v3_089482",1
"RNCMPT00126,max,UUUUUGG,RBD_v3_099381",84,1,0.073260073260073,0.032967032967033,0.084249084249084,0.04029304029304,0.051282051282051,0.084249084249084,0.018315018315018,0.047619047619048,0.054945054945055,0.073260073260073,0.018315018315018,0.021978021978022,0.073260073260073,0.043956043956044,0.051282051282051,0.073260073260073,0.032967032967033,0.073260073260073,0.007326007326007,0.043956043956044,0.153846153846154,0.102564102564102,0.41025641025641,0.333333333333333,29,35,"RNCMPT00126,max,UUUUUGG,RBD_v3_099381",1
"RNCMPT00126,max,UUUUUGG,RBD_v3_170136",84,1,0.073260073260073,0.032967032967033,0.084249084249084,0.04029304029304,0.051282051282051,0.084249084249084,0.018315018315018,0.047619047619048,0.054945054945055,0.073260073260073,0.018315018315018,0.021978021978022,0.073260073260073,0.043956043956044,0.051282051282051,0.073260073260073,0.032967032967033,0.073260073260073,0.007326007326007,0.043956043956044,0.102564102564102,0.153846153846154,0.384615384615385,0.358974358974359,31,37,"RNCMPT00126,max,UUUUUGG,RBD_v3_170136",1
"RNCMPT00126,min,AGAGUCG,RBD_v3_062831",84,0,0.073260073260073,0.032967032967033,0.084249084249084,0.04029304029304,0.051282051282051,0.084249084249084,0.018315018315018,0.047619047619048,0.054945054945055,0.073260073260073,0.018315018315018,0.021978021978022,0.073260073260073,0.043956043956044,0.051282051282051,0.073260073260073,0.032967032967033,0.073260073260073,0.007326007326007,0.043956043956044,0.342105263157895,0.184210526315789,0.289473684210526,0.184210526315789,6,12,"RNCMPT00126,min,AGAGUCG,RBD_v3_062831",1
"RNCMPT00126,min,AGAGUCG,RBD_v3_095150",84,0,0.073260073260073,0.032967032967033,0.084249084249084,0.04029304029304,0.051282051282051,0.084249084249084,0.018315018315018,0.047619047619048,0.054945054945055,0.073260073260073,0.018315018315018,0.021978021978022,0.073260073260073,0.043956043956044,0.051282051282051,0.073260073260073,0.032967032967033,0.073260073260073,0.007326007326007,0.043956043956044,0.171428571428571,0.285714285714286,0.228571428571429,0.314285714285714,1,7,"RNCMPT00126,min,AGAGUCG,RBD_v3_095150",1
"RNCMPT00126,min,AGAGUCG,RBD_v3_117215",84,0,0.073260073260073,0.032967032967033,0.084249084249084,0.04029304029304,0.051282051282051,0.084249084249084,0.018315018315018,0.047619047619048,0.054945054945055,0.073260073260073,0.018315018315018,0.021978021978022,0.073260073260073,0.043956043956044,0.051282051282051,0.073260073260073,0.032967032967033,0.073260073260073,0.007326007326007,0.043956043956044,0.3,0.266666666666667,0.266666666666667,0.166666666666667,1,7,"RNCMPT00126,min,AGAGUCG,RBD_v3_117215",1
"RNCMPT00127,max,AUCAACG,RBD_v3_002221",132,1,0.078125,0.0234375,0.046875,0.0625,0.03125,0.2890625,0,0.015625,0.0234375,0.03125,0.015625,0.03125,0.03125,0,0.1328125,0.0703125,0.0234375,0.046875,0.015625,0.03125,0.263157894736842,0.31578947368421,0.157894736842105,0.263157894736842,3,9,"RNCMPT00127,max,AUCAACG,RBD_v3_002221",1
"RNCMPT00127,max,AUCAACG,RBD_v3_114213",132,1,0.078125,0.0234375,0.046875,0.0625,0.03125,0.2890625,0,0.015625,0.0234375,0.03125,0.015625,0.03125,0.03125,0,0.1328125,0.0703125,0.0234375,0.046875,0.015625,0.03125,0.263157894736842,0.31578947368421,0.157894736842105,0.263157894736842,3,9,"RNCMPT00127,max,AUCAACG,RBD_v3_114213",1
"RNCMPT00127,max,AUCAUCA,RBD_v3_174879",132,1,0.078125,0.0234375,0.046875,0.0625,0.03125,0.2890625,0,0.015625,0.0234375,0.03125,0.015625,0.03125,0.03125,0,0.1328125,0.0703125,0.0234375,0.046875,0.015625,0.03125,0.289473684210526,0.236842105263158,0.236842105263158,0.236842105263158,20,26,"RNCMPT00127,max,AUCAUCA,RBD_v3_174879",0
"RNCMPT00127,min,GAUGGUG,RBD_v3_006110",132,0,0.078125,0.0234375,0.046875,0.0625,0.03125,0.2890625,0,0.015625,0.0234375,0.03125,0.015625,0.03125,0.03125,0,0.1328125,0.0703125,0.0234375,0.046875,0.015625,0.03125,0.285714285714286,0.171428571428571,0.342857142857143,0.2,2,8,"RNCMPT00127,min,GAUGGUG,RBD_v3_006110",1
"RNCMPT00127,min,GAUGGUG,RBD_v3_017802",132,0,0.078125,0.0234375,0.046875,0.0625,0.03125,0.2890625,0,0.015625,0.0234375,0.03125,0.015625,0.03125,0.03125,0,0.1328125,0.0703125,0.0234375,0.046875,0.015625,0.03125,0.31578947368421,0.157894736842105,0.31578947368421,0.210526315789474,32,38,"RNCMPT00127,min,GAUGGUG,RBD_v3_017802",1
"RNCMPT00127,min,GAUGGUG,RBD_v3_094617",132,0,0.078125,0.0234375,0.046875,0.0625,0.03125,0.2890625,0,0.015625,0.0234375,0.03125,0.015625,0.03125,0.03125,0,0.1328125,0.0703125,0.0234375,0.046875,0.015625,0.03125,0.289473684210526,0.184210526315789,0.368421052631579,0.157894736842105,10,16,"RNCMPT00127,min,GAUGGUG,RBD_v3_094617",1
"RNCMPT00129,max,AGAGUAU,RBD_v3_005236",13,1,0.066420664206642,0.014760147601476,0.044280442804428,0.059040590405904,0.014760147601476,0.077490774907749,0.014760147601476,0.066420664206642,0.055350553505535,0.062730627306273,0.022140221402214,0.040590405904059,0.081180811808118,0.040590405904059,0.055350553505535,0.107011070110701,0.07380073800738,0.088560885608856,0,0.014760147601476,0.263157894736842,0.157894736842105,0.31578947368421,0.263157894736842,3,9,"RNCMPT00129,max,AGAGUAU,RBD_v3_005236",1
"RNCMPT00129,max,AGAGUAU,RBD_v3_065094",13,1,0.066420664206642,0.014760147601476,0.044280442804428,0.059040590405904,0.014760147601476,0.077490774907749,0.014760147601476,0.066420664206642,0.055350553505535,0.062730627306273,0.022140221402214,0.040590405904059,0.081180811808118,0.040590405904059,0.055350553505535,0.107011070110701,0.07380073800738,0.088560885608856,0,0.014760147601476,0.263157894736842,0.236842105263158,0.263157894736842,0.236842105263158,1,7,"RNCMPT00129,max,AGAGUAU,RBD_v3_065094",0
"RNCMPT00129,max,AGAGUAU,RBD_v3_155907",13,1,0.066420664206642,0.014760147601476,0.044280442804428,0.059040590405904,0.014760147601476,0.077490774907749,0.014760147601476,0.066420664206642,0.055350553505535,0.062730627306273,0.022140221402214,0.040590405904059,0.081180811808118,0.040590405904059,0.055350553505535,0.107011070110701,0.07380073800738,0.088560885608856,0,0.014760147601476,0.263157894736842,0.289473684210526,0.31578947368421,0.131578947368421,1,7,"RNCMPT00129,max,AGAGUAU,RBD_v3_155907",1
"RNCMPT00129,min,CCCCCCC,RBD_v3_115637",13,0,0.066420664206642,0.014760147601476,0.044280442804428,0.059040590405904,0.014760147601476,0.077490774907749,0.014760147601476,0.066420664206642,0.055350553505535,0.062730627306273,0.022140221402214,0.040590405904059,0.081180811808118,0.040590405904059,0.055350553505535,0.107011070110701,0.07380073800738,0.088560885608856,0,0.014760147601476,0.333333333333333,0.333333333333333,0.233333333333333,0.1,7,13,"RNCMPT00129,min,CCCCCCC,RBD_v3_115637",1
"RNCMPT00129,min,UUUCGUC,RBD_v3_096490",13,0,0.066420664206642,0.014760147601476,0.044280442804428,0.059040590405904,0.014760147601476,0.077490774907749,0.014760147601476,0.066420664206642,0.055350553505535,0.062730627306273,0.022140221402214,0.040590405904059,0.081180811808118,0.040590405904059,0.055350553505535,0.107011070110701,0.07380073800738,0.088560885608856,0,0.014760147601476,0.157894736842105,0.210526315789474,0.210526315789474,0.421052631578947,19,25,"RNCMPT00129,min,UUUCGUC,RBD_v3_096490",1
"RNCMPT00129,min,UUUCGUC,RBD_v3_132833",13,0,0.066420664206642,0.014760147601476,0.044280442804428,0.059040590405904,0.014760147601476,0.077490774907749,0.014760147601476,0.066420664206642,0.055350553505535,0.062730627306273,0.022140221402214,0.040590405904059,0.081180811808118,0.040590405904059,0.055350553505535,0.107011070110701,0.07380073800738,0.088560885608856,0,0.014760147601476,0.210526315789474,0.236842105263158,0.210526315789474,0.342105263157895,20,26,"RNCMPT00129,min,UUUCGUC,RBD_v3_132833",0
"RNCMPT00131,max,AGAAAUU,RBD_v3_175905",15,1,0.053097345132743,0.017699115044248,0.064896755162242,0.085545722713864,0.032448377581121,0.07669616519174,0.014749262536873,0.067846607669617,0.100294985250737,0.070796460176991,0.032448377581121,0.044247787610619,0.061946902654867,0.026548672566372,0.058997050147493,0.044247787610619,0.044247787610619,0.061946902654867,0.011799410029499,0.029498525073746,0.342105263157895,0.236842105263158,0.236842105263158,0.184210526315789,1,7,"RNCMPT00131,max,AGAAAUU,RBD_v3_175905",1
"RNCMPT00131,max,AGAAAUU,RBD_v3_182322",15,1,0.053097345132743,0.017699115044248,0.064896755162242,0.085545722713864,0.032448377581121,0.07669616519174,0.014749262536873,0.067846607669617,0.100294985250737,0.070796460176991,0.032448377581121,0.044247787610619,0.061946902654867,0.026548672566372,0.058997050147493,0.044247787610619,0.044247787610619,0.061946902654867,0.011799410029499,0.029498525073746,0.263157894736842,0.236842105263158,0.236842105263158,0.263157894736842,1,7,"RNCMPT00131,max,AGAAAUU,RBD_v3_182322",1
"RNCMPT00131,max,AGAAAUU,RBD_v3_228533",15,1,0.053097345132743,0.017699115044248,0.064896755162242,0.085545722713864,0.032448377581121,0.07669616519174,0.014749262536873,0.067846607669617,0.100294985250737,0.070796460176991,0.032448377581121,0.044247787610619,0.061946902654867,0.026548672566372,0.058997050147493,0.044247787610619,0.044247787610619,0.061946902654867,0.011799410029499,0.029498525073746,0.289473684210526,0.289473684210526,0.157894736842105,0.263157894736842,1,7,"RNCMPT00131,max,AGAAAUU,RBD_v3_228533",1
"RNCMPT00131,min,AGUGAGU,RBD_v3_007663",15,0,0.053097345132743,0.017699115044248,0.064896755162242,0.085545722713864,0.032448377581121,0.07669616519174,0.014749262536873,0.067846607669617,0.100294985250737,0.070796460176991,0.032448377581121,0.044247787610619,0.061946902654867,0.026548672566372,0.058997050147493,0.044247787610619,0.044247787610619,0.061946902654867,0.011799410029499,0.029498525073746,0.31578947368421,0.184210526315789,0.236842105263158,0.263157894736842,8,14,"RNCMPT00131,min,AGUGAGU,RBD_v3_007663",1
"RNCMPT00131,min,AGUGAGU,RBD_v3_130588",15,0,0.053097345132743,0.017699115044248,0.064896755162242,0.085545722713864,0.032448377581121,0.07669616519174,0.014749262536873,0.067846607669617,0.100294985250737,0.070796460176991,0.032448377581121,0.044247787610619,0.061946902654867,0.026548672566372,0.058997050147493,0.044247787610619,0.044247787610619,0.061946902654867,0.011799410029499,0.029498525073746,0.421052631578947,0.105263157894737,0.289473684210526,0.184210526315789,27,33,"RNCMPT00131,min,AGUGAGU,RBD_v3_130588",1
"RNCMPT00131,min,AGUGAGU,RBD_v3_174808",15,0,0.053097345132743,0.017699115044248,0.064896755162242,0.085545722713864,0.032448377581121,0.07669616519174,0.014749262536873,0.067846607669617,0.100294985250737,0.070796460176991,0.032448377581121,0.044247787610619,0.061946902654867,0.026548672566372,0.058997050147493,0.044247787610619,0.044247787610619,0.061946902654867,0.011799410029499,0.029498525073746,0.289473684210526,0.131578947368421,0.31578947368421,0.263157894736842,15,21,"RNCMPT00131,min,AGUGAGU,RBD_v3_174808",1
"RNCMPT00132,max,UUUAGUU,RBD_v3_122545",133,1,0.107049608355091,0.010443864229765,0.031331592689295,0.04177545691906,0.039164490861619,0.070496083550914,0.005221932114883,0.060052219321149,0.054830287206266,0.067885117493473,0.013054830287206,0.135770234986945,0.04177545691906,0.044386422976501,0.036553524804178,0.08355091383812,0.067885117493473,0.054830287206266,0.005221932114883,0.028720626631854,0.184210526315789,0.236842105263158,0.210526315789474,0.368421052631579,5,11,"RNCMPT00132,max,UUUAGUU,RBD_v3_122545",1
"RNCMPT00132,max,UUUAGUU,RBD_v3_232147",133,1,0.107049608355091,0.010443864229765,0.031331592689295,0.04177545691906,0.039164490861619,0.070496083550914,0.005221932114883,0.060052219321149,0.054830287206266,0.067885117493473,0.013054830287206,0.135770234986945,0.04177545691906,0.044386422976501,0.036553524804178,0.08355091383812,0.067885117493473,0.054830287206266,0.005221932114883,0.028720626631854,0.184210526315789,0.236842105263158,0.210526315789474,0.368421052631579,5,11,"RNCMPT00132,max,UUUAGUU,RBD_v3_232147",1
"RNCMPT00132,max,UUUGGUU,RBD_v3_237081",133,1,0.107049608355091,0.010443864229765,0.031331592689295,0.04177545691906,0.039164490861619,0.070496083550914,0.005221932114883,0.060052219321149,0.054830287206266,0.067885117493473,0.013054830287206,0.135770234986945,0.04177545691906,0.044386422976501,0.036553524804178,0.08355091383812,0.067885117493473,0.054830287206266,0.005221932114883,0.028720626631854,0.102564102564102,0.102564102564102,0.333333333333333,0.461538461538462,5,11,"RNCMPT00132,max,UUUGGUU,RBD_v3_237081",1
"RNCMPT00132,min,AGAGUCG,RBD_v3_012354",133,0,0.107049608355091,0.010443864229765,0.031331592689295,0.04177545691906,0.039164490861619,0.070496083550914,0.005221932114883,0.060052219321149,0.054830287206266,0.067885117493473,0.013054830287206,0.135770234986945,0.04177545691906,0.044386422976501,0.036553524804178,0.08355091383812,0.067885117493473,0.054830287206266,0.005221932114883,0.028720626631854,0.257142857142857,0.171428571428571,0.342857142857143,0.228571428571429,1,7,"RNCMPT00132,min,AGAGUCG,RBD_v3_012354",1
"RNCMPT00132,min,GAGUCGU,RBD_v3_076525",133,0,0.107049608355091,0.010443864229765,0.031331592689295,0.04177545691906,0.039164490861619,0.070496083550914,0.005221932114883,0.060052219321149,0.054830287206266,0.067885117493473,0.013054830287206,0.135770234986945,0.04177545691906,0.044386422976501,0.036553524804178,0.08355091383812,0.067885117493473,0.054830287206266,0.005221932114883,0.028720626631854,0.236842105263158,0.210526315789474,0.263157894736842,0.289473684210526,19,25,"RNCMPT00132,min,GAGUCGU,RBD_v3_076525",1
"RNCMPT00132,min,GUGAGUC,RBD_v3_237892",133,0,0.107049608355091,0.010443864229765,0.031331592689295,0.04177545691906,0.039164490861619,0.070496083550914,0.005221932114883,0.060052219321149,0.054830287206266,0.067885117493473,0.013054830287206,0.135770234986945,0.04177545691906,0.044386422976501,0.036553524804178,0.08355091383812,0.067885117493473,0.054830287206266,0.005221932114883,0.028720626631854,0.236842105263158,0.157894736842105,0.421052631578947,0.184210526315789,12,18,"RNCMPT00132,min,GUGAGUC,RBD_v3_237892",1
"RNCMPT00133,max,AGAGCAC,RBD_v3_138176",25,1,0.098360655737705,0,0.032786885245902,0.054644808743169,0.043715846994536,0.07103825136612,0.032786885245902,0.010928961748634,0.049180327868852,0.098360655737705,0.032786885245902,0.07103825136612,0.081967213114754,0.032786885245902,0.032786885245902,0.114754098360656,0.065573770491803,0.049180327868852,0.005464480874317,0.021857923497268,0.31578947368421,0.236842105263158,0.210526315789474,0.236842105263158,1,7,"RNCMPT00133,max,AGAGCAC,RBD_v3_138176",0
"RNCMPT00133,max,AUGCACA,RBD_v3_019229",25,1,0.098360655737705,0,0.032786885245902,0.054644808743169,0.043715846994536,0.07103825136612,0.032786885245902,0.010928961748634,0.049180327868852,0.098360655737705,0.032786885245902,0.07103825136612,0.081967213114754,0.032786885245902,0.032786885245902,0.114754098360656,0.065573770491803,0.049180327868852,0.005464480874317,0.021857923497268,0.342857142857143,0.285714285714286,0.142857142857143,0.228571428571429,25,31,"RNCMPT00133,max,AUGCACA,RBD_v3_019229",0
"RNCMPT00133,max,AUUGCAC,RBD_v3_123690",25,1,0.098360655737705,0,0.032786885245902,0.054644808743169,0.043715846994536,0.07103825136612,0.032786885245902,0.010928961748634,0.049180327868852,0.098360655737705,0.032786885245902,0.07103825136612,0.081967213114754,0.032786885245902,0.032786885245902,0.114754098360656,0.065573770491803,0.049180327868852,0.005464480874317,0.021857923497268,0.236842105263158,0.263157894736842,0.263157894736842,0.236842105263158,3,9,"RNCMPT00133,max,AUUGCAC,RBD_v3_123690",1
"RNCMPT00133,min,GAGUCGU,RBD_v3_100507",25,0,0.098360655737705,0,0.032786885245902,0.054644808743169,0.043715846994536,0.07103825136612,0.032786885245902,0.010928961748634,0.049180327868852,0.098360655737705,0.032786885245902,0.07103825136612,0.081967213114754,0.032786885245902,0.032786885245902,0.114754098360656,0.065573770491803,0.049180327868852,0.005464480874317,0.021857923497268,0.236842105263158,0.263157894736842,0.289473684210526,0.210526315789474,2,8,"RNCMPT00133,min,GAGUCGU,RBD_v3_100507",1
"RNCMPT00133,min,GAGUCGU,RBD_v3_111585",25,0,0.098360655737705,0,0.032786885245902,0.054644808743169,0.043715846994536,0.07103825136612,0.032786885245902,0.010928961748634,0.049180327868852,0.098360655737705,0.032786885245902,0.07103825136612,0.081967213114754,0.032786885245902,0.032786885245902,0.114754098360656,0.065573770491803,0.049180327868852,0.005464480874317,0.021857923497268,0.342105263157895,0.105263157894737,0.368421052631579,0.184210526315789,18,24,"RNCMPT00133,min,GAGUCGU,RBD_v3_111585",1
"RNCMPT00133,min,GUGAGUC,RBD_v3_237140",25,0,0.098360655737705,0,0.032786885245902,0.054644808743169,0.043715846994536,0.07103825136612,0.032786885245902,0.010928961748634,0.049180327868852,0.098360655737705,0.032786885245902,0.07103825136612,0.081967213114754,0.032786885245902,0.032786885245902,0.114754098360656,0.065573770491803,0.049180327868852,0.005464480874317,0.021857923497268,0.266666666666667,0.166666666666667,0.333333333333333,0.233333333333333,6,12,"RNCMPT00133,min,GUGAGUC,RBD_v3_237140",1
"RNCMPT00134,max,GGAGGGA,RBD_v3_037950",8,1,0.037344398340249,0,0.066390041493776,0.070539419087137,0.020746887966805,0.132780082987552,0.012448132780083,0.020746887966805,0.045643153526971,0.058091286307054,0.012448132780083,0.037344398340249,0.016597510373444,0.012448132780083,0.182572614107884,0.128630705394191,0.024896265560166,0.062240663900415,0.004149377593361,0.053941908713693,0.292682926829268,0.195121951219512,0.390243902439024,0.121951219512195,26,32,"RNCMPT00134,max,GGAGGGA,RBD_v3_037950",0
"RNCMPT00134,max,GGAGGGA,RBD_v3_098883",8,1,0.037344398340249,0,0.066390041493776,0.070539419087137,0.020746887966805,0.132780082987552,0.012448132780083,0.020746887966805,0.045643153526971,0.058091286307054,0.012448132780083,0.037344398340249,0.016597510373444,0.012448132780083,0.182572614107884,0.128630705394191,0.024896265560166,0.062240663900415,0.004149377593361,0.053941908713693,0.366666666666667,0.1,0.466666666666667,0.066666666666667,22,28,"RNCMPT00134,max,GGAGGGA,RBD_v3_098883",1
"RNCMPT00134,max,GGAGGGA,RBD_v3_118539",8,1,0.037344398340249,0,0.066390041493776,0.070539419087137,0.020746887966805,0.132780082987552,0.012448132780083,0.020746887966805,0.045643153526971,0.058091286307054,0.012448132780083,0.037344398340249,0.016597510373444,0.012448132780083,0.182572614107884,0.128630705394191,0.024896265560166,0.062240663900415,0.004149377593361,0.053941908713693,0.236842105263158,0.157894736842105,0.421052631578947,0.184210526315789,15,21,"RNCMPT00134,max,GGAGGGA,RBD_v3_118539",0
"RNCMPT00134,min,CCUGUUC,RBD_v3_037257",8,0,0.037344398340249,0,0.066390041493776,0.070539419087137,0.020746887966805,0.132780082987552,0.012448132780083,0.020746887966805,0.045643153526971,0.058091286307054,0.012448132780083,0.037344398340249,0.016597510373444,0.012448132780083,0.182572614107884,0.128630705394191,0.024896265560166,0.062240663900415,0.004149377593361,0.053941908713693,0.1,0.4,0.266666666666667,0.233333333333333,7,13,"RNCMPT00134,min,CCUGUUC,RBD_v3_037257",0
"RNCMPT00134,min,CUCGUCU,RBD_v3_063190",8,0,0.037344398340249,0,0.066390041493776,0.070539419087137,0.020746887966805,0.132780082987552,0.012448132780083,0.020746887966805,0.045643153526971,0.058091286307054,0.012448132780083,0.037344398340249,0.016597510373444,0.012448132780083,0.182572614107884,0.128630705394191,0.024896265560166,0.062240663900415,0.004149377593361,0.053941908713693,0.263157894736842,0.289473684210526,0.157894736842105,0.289473684210526,30,36,"RNCMPT00134,min,CUCGUCU,RBD_v3_063190",0
"RNCMPT00134,min,UCGUCCU,RBD_v3_160743",8,0,0.037344398340249,0,0.066390041493776,0.070539419087137,0.020746887966805,0.132780082987552,0.012448132780083,0.020746887966805,0.045643153526971,0.058091286307054,0.012448132780083,0.037344398340249,0.016597510373444,0.012448132780083,0.182572614107884,0.128630705394191,0.024896265560166,0.062240663900415,0.004149377593361,0.053941908713693,0.236842105263158,0.289473684210526,0.157894736842105,0.31578947368421,12,18,"RNCMPT00134,min,UCGUCCU,RBD_v3_160743",1
"RNCMPT00136,max,UUAGUUU,RBD_v3_123820",57,1,0.070769230769231,0.009230769230769,0.049230769230769,0.046153846153846,0.055384615384615,0.089230769230769,0.024615384615385,0.058461538461538,0.052307692307692,0.067692307692308,0.030769230769231,0.070769230769231,0.036923076923077,0.036923076923077,0.061538461538462,0.086153846153846,0.049230769230769,0.067692307692308,0.006153846153846,0.030769230769231,0.184210526315789,0.184210526315789,0.289473684210526,0.342105263157895,12,18,"RNCMPT00136,max,UUAGUUU,RBD_v3_123820",0
"RNCMPT00136,max,UUAGUUU,RBD_v3_232147",57,1,0.070769230769231,0.009230769230769,0.049230769230769,0.046153846153846,0.055384615384615,0.089230769230769,0.024615384615385,0.058461538461538,0.052307692307692,0.067692307692308,0.030769230769231,0.070769230769231,0.036923076923077,0.036923076923077,0.061538461538462,0.086153846153846,0.049230769230769,0.067692307692308,0.006153846153846,0.030769230769231,0.184210526315789,0.236842105263158,0.210526315789474,0.368421052631579,6,12,"RNCMPT00136,max,UUAGUUU,RBD_v3_232147",0
"RNCMPT00136,max,UUAGUUU,RBD_v3_236589",57,1,0.070769230769231,0.009230769230769,0.049230769230769,0.046153846153846,0.055384615384615,0.089230769230769,0.024615384615385,0.058461538461538,0.052307692307692,0.067692307692308,0.030769230769231,0.070769230769231,0.036923076923077,0.036923076923077,0.061538461538462,0.086153846153846,0.049230769230769,0.067692307692308,0.006153846153846,0.030769230769231,0.184210526315789,0.184210526315789,0.289473684210526,0.342105263157895,12,18,"RNCMPT00136,max,UUAGUUU,RBD_v3_236589",0
"RNCMPT00136,min,AGAGUCG,RBD_v3_100507",57,0,0.070769230769231,0.009230769230769,0.049230769230769,0.046153846153846,0.055384615384615,0.089230769230769,0.024615384615385,0.058461538461538,0.052307692307692,0.067692307692308,0.030769230769231,0.070769230769231,0.036923076923077,0.036923076923077,0.061538461538462,0.086153846153846,0.049230769230769,0.067692307692308,0.006153846153846,0.030769230769231,0.236842105263158,0.263157894736842,0.289473684210526,0.210526315789474,1,7,"RNCMPT00136,min,AGAGUCG,RBD_v3_100507",1
"RNCMPT00136,min,AGAGUCG,RBD_v3_160610",57,0,0.070769230769231,0.009230769230769,0.049230769230769,0.046153846153846,0.055384615384615,0.089230769230769,0.024615384615385,0.058461538461538,0.052307692307692,0.067692307692308,0.030769230769231,0.070769230769231,0.036923076923077,0.036923076923077,0.061538461538462,0.086153846153846,0.049230769230769,0.067692307692308,0.006153846153846,0.030769230769231,0.157894736842105,0.368421052631579,0.289473684210526,0.184210526315789,1,7,"RNCMPT00136,min,AGAGUCG,RBD_v3_160610",1
"RNCMPT00136,min,GAGUCGU,RBD_v3_153659",57,0,0.070769230769231,0.009230769230769,0.049230769230769,0.046153846153846,0.055384615384615,0.089230769230769,0.024615384615385,0.058461538461538,0.052307692307692,0.067692307692308,0.030769230769231,0.070769230769231,0.036923076923077,0.036923076923077,0.061538461538462,0.086153846153846,0.049230769230769,0.067692307692308,0.006153846153846,0.030769230769231,0.263157894736842,0.105263157894737,0.5,0.131578947368421,24,30,"RNCMPT00136,min,GAGUCGU,RBD_v3_153659",0
"RNCMPT00137,max,AACCCUU,RBD_v3_153195",78,1,0.083333333333333,0.020833333333333,0.03125,0.0625,0,0.104166666666667,0.010416666666667,0.135416666666667,0.020833333333333,0.052083333333333,0.041666666666667,0.072916666666667,0.041666666666667,0.072916666666667,0.072916666666667,0.072916666666667,0.072916666666667,0.020833333333333,0,0.010416666666667,0.285714285714286,0.371428571428571,0.171428571428571,0.171428571428571,12,18,"RNCMPT00137,max,AACCCUU,RBD_v3_153195",0
"RNCMPT00137,max,ACCCGGA,RBD_v3_090882",78,1,0.083333333333333,0.020833333333333,0.03125,0.0625,0,0.104166666666667,0.010416666666667,0.135416666666667,0.020833333333333,0.052083333333333,0.041666666666667,0.072916666666667,0.041666666666667,0.072916666666667,0.072916666666667,0.072916666666667,0.072916666666667,0.020833333333333,0,0.010416666666667,0.184210526315789,0.368421052631579,0.210526315789474,0.236842105263158,4,10,"RNCMPT00137,max,ACCCGGA,RBD_v3_090882",0
"RNCMPT00137,max,ACCCGGA,RBD_v3_165047",78,1,0.083333333333333,0.020833333333333,0.03125,0.0625,0,0.104166666666667,0.010416666666667,0.135416666666667,0.020833333333333,0.052083333333333,0.041666666666667,0.072916666666667,0.041666666666667,0.072916666666667,0.072916666666667,0.072916666666667,0.072916666666667,0.020833333333333,0,0.010416666666667,0.184210526315789,0.421052631578947,0.210526315789474,0.184210526315789,4,10,"RNCMPT00137,max,ACCCGGA,RBD_v3_165047",0
"RNCMPT00137,min,AGAGUCG,RBD_v3_177367",78,0,0.083333333333333,0.020833333333333,0.03125,0.0625,0,0.104166666666667,0.010416666666667,0.135416666666667,0.020833333333333,0.052083333333333,0.041666666666667,0.072916666666667,0.041666666666667,0.072916666666667,0.072916666666667,0.072916666666667,0.072916666666667,0.020833333333333,0,0.010416666666667,0.289473684210526,0.184210526315789,0.31578947368421,0.210526315789474,8,14,"RNCMPT00137,min,AGAGUCG,RBD_v3_177367",1
"RNCMPT00137,min,AGGUUUU,RBD_v3_233073",78,0,0.083333333333333,0.020833333333333,0.03125,0.0625,0,0.104166666666667,0.010416666666667,0.135416666666667,0.020833333333333,0.052083333333333,0.041666666666667,0.072916666666667,0.041666666666667,0.072916666666667,0.072916666666667,0.072916666666667,0.072916666666667,0.020833333333333,0,0.010416666666667,0.166666666666667,0.166666666666667,0.266666666666667,0.4,21,27,"RNCMPT00137,min,AGGUUUU,RBD_v3_233073",0
"RNCMPT00137,min,GGGUUUU,RBD_v3_026137",78,0,0.083333333333333,0.020833333333333,0.03125,0.0625,0,0.104166666666667,0.010416666666667,0.135416666666667,0.020833333333333,0.052083333333333,0.041666666666667,0.072916666666667,0.041666666666667,0.072916666666667,0.072916666666667,0.072916666666667,0.072916666666667,0.020833333333333,0,0.010416666666667,0.2,0.166666666666667,0.333333333333333,0.3,7,13,"RNCMPT00137,min,GGGUUUU,RBD_v3_026137",0
"RNCMPT00138,max,AGAUUGA,RBD_v3_077102",135,1,0.028571428571429,0.011428571428571,0.051428571428571,0.045714285714286,0.04,0.102857142857143,0.011428571428571,0.034285714285714,0.04,0.08,0.022857142857143,0.16,0.08,0.062857142857143,0.08,0.074285714285714,0.017142857142857,0.034285714285714,0,0.022857142857143,0.342857142857143,0.114285714285714,0.285714285714286,0.257142857142857,1,7,"RNCMPT00138,max,AGAUUGA,RBD_v3_077102",0
"RNCMPT00138,max,AGAUUGA,RBD_v3_084186",135,1,0.028571428571429,0.011428571428571,0.051428571428571,0.045714285714286,0.04,0.102857142857143,0.011428571428571,0.034285714285714,0.04,0.08,0.022857142857143,0.16,0.08,0.062857142857143,0.08,0.074285714285714,0.017142857142857,0.034285714285714,0,0.022857142857143,0.368421052631579,0.157894736842105,0.210526315789474,0.263157894736842,1,7,"RNCMPT00138,max,AGAUUGA,RBD_v3_084186",0
"RNCMPT00138,max,AGAUUGA,RBD_v3_160573",135,1,0.028571428571429,0.011428571428571,0.051428571428571,0.045714285714286,0.04,0.102857142857143,0.011428571428571,0.034285714285714,0.04,0.08,0.022857142857143,0.16,0.08,0.062857142857143,0.08,0.074285714285714,0.017142857142857,0.034285714285714,0,0.022857142857143,0.285714285714286,0.171428571428571,0.285714285714286,0.257142857142857,1,7,"RNCMPT00138,max,AGAUUGA,RBD_v3_160573",0
"RNCMPT00138,min,GUCGUCU,RBD_v3_005046",135,0,0.028571428571429,0.011428571428571,0.051428571428571,0.045714285714286,0.04,0.102857142857143,0.011428571428571,0.034285714285714,0.04,0.08,0.022857142857143,0.16,0.08,0.062857142857143,0.08,0.074285714285714,0.017142857142857,0.034285714285714,0,0.022857142857143,0.289473684210526,0.157894736842105,0.210526315789474,0.342105263157895,11,17,"RNCMPT00138,min,GUCGUCU,RBD_v3_005046",0
"RNCMPT00138,min,GUCGUCU,RBD_v3_039021",135,0,0.028571428571429,0.011428571428571,0.051428571428571,0.045714285714286,0.04,0.102857142857143,0.011428571428571,0.034285714285714,0.04,0.08,0.022857142857143,0.16,0.08,0.062857142857143,0.08,0.074285714285714,0.017142857142857,0.034285714285714,0,0.022857142857143,0.184210526315789,0.210526315789474,0.236842105263158,0.368421052631579,9,15,"RNCMPT00138,min,GUCGUCU,RBD_v3_039021",0
"RNCMPT00138,min,UCGUCGU,RBD_v3_110911",135,0,0.028571428571429,0.011428571428571,0.051428571428571,0.045714285714286,0.04,0.102857142857143,0.011428571428571,0.034285714285714,0.04,0.08,0.022857142857143,0.16,0.08,0.062857142857143,0.08,0.074285714285714,0.017142857142857,0.034285714285714,0,0.022857142857143,0.210526315789474,0.289473684210526,0.263157894736842,0.236842105263158,24,30,"RNCMPT00138,min,UCGUCGU,RBD_v3_110911",0
"RNCMPT00139,max,AGAAAAA,RBD_v3_237834",87,1,0.083333333333333,0.009803921568627,0.058823529411765,0.073529411764706,0.063725490196078,0.075980392156863,0.009803921568627,0.036764705882353,0.090686274509804,0.068627450980392,0.026960784313725,0.053921568627451,0.029411764705882,0.036764705882353,0.061274509803922,0.063725490196078,0.044117647058824,0.073529411764706,0.002450980392157,0.036764705882353,0.566666666666667,0.166666666666667,0.233333333333333,0.033333333333333,24,30,"RNCMPT00139,max,AGAAAAA,RBD_v3_237834",1
"RNCMPT00139,max,AGAAAAU,RBD_v3_145115",87,1,0.083333333333333,0.009803921568627,0.058823529411765,0.073529411764706,0.063725490196078,0.075980392156863,0.009803921568627,0.036764705882353,0.090686274509804,0.068627450980392,0.026960784313725,0.053921568627451,0.029411764705882,0.036764705882353,0.061274509803922,0.063725490196078,0.044117647058824,0.073529411764706,0.002450980392157,0.036764705882353,0.342105263157895,0.263157894736842,0.236842105263158,0.157894736842105,1,7,"RNCMPT00139,max,AGAAAAU,RBD_v3_145115",1
"RNCMPT00139,max,AGAAAAU,RBD_v3_219059",87,1,0.083333333333333,0.009803921568627,0.058823529411765,0.073529411764706,0.063725490196078,0.075980392156863,0.009803921568627,0.036764705882353,0.090686274509804,0.068627450980392,0.026960784313725,0.053921568627451,0.029411764705882,0.036764705882353,0.061274509803922,0.063725490196078,0.044117647058824,0.073529411764706,0.002450980392157,0.036764705882353,0.466666666666667,0.166666666666667,0.266666666666667,0.1,1,7,"RNCMPT00139,max,AGAAAAU,RBD_v3_219059",1
"RNCMPT00139,min,UUUUCCC,RBD_v3_010961",87,0,0.083333333333333,0.009803921568627,0.058823529411765,0.073529411764706,0.063725490196078,0.075980392156863,0.009803921568627,0.036764705882353,0.090686274509804,0.068627450980392,0.026960784313725,0.053921568627451,0.029411764705882,0.036764705882353,0.061274509803922,0.063725490196078,0.044117647058824,0.073529411764706,0.002450980392157,0.036764705882353,0.157894736842105,0.31578947368421,0.210526315789474,0.31578947368421,18,24,"RNCMPT00139,min,UUUUCCC,RBD_v3_010961",1
"RNCMPT00139,min,UUUUCCC,RBD_v3_052903",87,0,0.083333333333333,0.009803921568627,0.058823529411765,0.073529411764706,0.063725490196078,0.075980392156863,0.009803921568627,0.036764705882353,0.090686274509804,0.068627450980392,0.026960784313725,0.053921568627451,0.029411764705882,0.036764705882353,0.061274509803922,0.063725490196078,0.044117647058824,0.073529411764706,0.002450980392157,0.036764705882353,0.228571428571429,0.285714285714286,0.171428571428571,0.314285714285714,16,22,"RNCMPT00139,min,UUUUCCC,RBD_v3_052903",1
"RNCMPT00139,min,UUUUUUU,RBD_v3_032650",87,0,0.083333333333333,0.009803921568627,0.058823529411765,0.073529411764706,0.063725490196078,0.075980392156863,0.009803921568627,0.036764705882353,0.090686274509804,0.068627450980392,0.026960784313725,0.053921568627451,0.029411764705882,0.036764705882353,0.061274509803922,0.063725490196078,0.044117647058824,0.073529411764706,0.002450980392157,0.036764705882353,0.236842105263158,0.184210526315789,0.263157894736842,0.31578947368421,17,23,"RNCMPT00139,min,UUUUUUU,RBD_v3_032650",1
"RNCMPT00140,max,AUGGAAA,RBD_v3_188013",75,1,0.076167076167076,0.004914004914005,0.054054054054054,0.078624078624079,0.058968058968059,0.049140049140049,0.012285012285012,0.051597051597052,0.108108108108108,0.090909090909091,0.004914004914005,0.061425061425061,0.044226044226044,0.027027027027027,0.051597051597052,0.078624078624079,0.056511056511057,0.083538083538084,0.002457002457002,0.004914004914005,0.342857142857143,0.085714285714286,0.314285714285714,0.257142857142857,3,9,"RNCMPT00140,max,AUGGAAA,RBD_v3_188013",1
"RNCMPT00140,max,GUGGAAA,RBD_v3_034406",75,1,0.076167076167076,0.004914004914005,0.054054054054054,0.078624078624079,0.058968058968059,0.049140049140049,0.012285012285012,0.051597051597052,0.108108108108108,0.090909090909091,0.004914004914005,0.061425061425061,0.044226044226044,0.027027027027027,0.051597051597052,0.078624078624079,0.056511056511057,0.083538083538084,0.002457002457002,0.004914004914005,0.371428571428571,0.114285714285714,0.285714285714286,0.228571428571429,5,11,"RNCMPT00140,max,GUGGAAA,RBD_v3_034406",1
"RNCMPT00140,max,UGGAAAA,RBD_v3_105190",75,1,0.076167076167076,0.004914004914005,0.054054054054054,0.078624078624079,0.058968058968059,0.049140049140049,0.012285012285012,0.051597051597052,0.108108108108108,0.090909090909091,0.004914004914005,0.061425061425061,0.044226044226044,0.027027027027027,0.051597051597052,0.078624078624079,0.056511056511057,0.083538083538084,0.002457002457002,0.004914004914005,0.342857142857143,0.142857142857143,0.342857142857143,0.171428571428571,26,32,"RNCMPT00140,max,UGGAAAA,RBD_v3_105190",1
"RNCMPT00140,min,AGGGGGG,RBD_v3_106185",75,0,0.076167076167076,0.004914004914005,0.054054054054054,0.078624078624079,0.058968058968059,0.049140049140049,0.012285012285012,0.051597051597052,0.108108108108108,0.090909090909091,0.004914004914005,0.061425061425061,0.044226044226044,0.027027027027027,0.051597051597052,0.078624078624079,0.056511056511057,0.083538083538084,0.002457002457002,0.004914004914005,0.076923076923077,0.153846153846154,0.333333333333333,0.435897435897436,1,7,"RNCMPT00140,min,AGGGGGG,RBD_v3_106185",1
"RNCMPT00140,min,GGGGGCC,RBD_v3_081252",75,0,0.076167076167076,0.004914004914005,0.054054054054054,0.078624078624079,0.058968058968059,0.049140049140049,0.012285012285012,0.051597051597052,0.108108108108108,0.090909090909091,0.004914004914005,0.061425061425061,0.044226044226044,0.027027027027027,0.051597051597052,0.078624078624079,0.056511056511057,0.083538083538084,0.002457002457002,0.004914004914005,0.31578947368421,0.131578947368421,0.394736842105263,0.157894736842105,2,8,"RNCMPT00140,min,GGGGGCC,RBD_v3_081252",1
"RNCMPT00140,min,GGGGGCC,RBD_v3_143408",75,0,0.076167076167076,0.004914004914005,0.054054054054054,0.078624078624079,0.058968058968059,0.049140049140049,0.012285012285012,0.051597051597052,0.108108108108108,0.090909090909091,0.004914004914005,0.061425061425061,0.044226044226044,0.027027027027027,0.051597051597052,0.078624078624079,0.056511056511057,0.083538083538084,0.002457002457002,0.004914004914005,0.1,0.266666666666667,0.366666666666667,0.266666666666667,8,14,"RNCMPT00140,min,GGGGGCC,RBD_v3_143408",1
"RNCMPT00141,max,GAUAUGA,RBD_v3_229806",105,1,0.143884892086331,0.007194244604317,0.037769784172662,0.066546762589928,0.032374100719424,0.070143884892086,0.014388489208633,0.052158273381295,0.050359712230216,0.086330935251799,0.035971223021583,0.034172661870504,0.057553956834532,0.075539568345324,0.034172661870504,0.053956834532374,0.052158273381295,0.079136690647482,0.001798561151079,0.014388489208633,0.31578947368421,0.052631578947368,0.31578947368421,0.31578947368421,3,9,"RNCMPT00141,max,GAUAUGA,RBD_v3_229806",1
"RNCMPT00141,max,UAUGAGG,RBD_v3_084584",105,1,0.143884892086331,0.007194244604317,0.037769784172662,0.066546762589928,0.032374100719424,0.070143884892086,0.014388489208633,0.052158273381295,0.050359712230216,0.086330935251799,0.035971223021583,0.034172661870504,0.057553956834532,0.075539568345324,0.034172661870504,0.053956834532374,0.052158273381295,0.079136690647482,0.001798561151079,0.014388489208633,0.342857142857143,0.171428571428571,0.257142857142857,0.228571428571429,26,32,"RNCMPT00141,max,UAUGAGG,RBD_v3_084584",0
"RNCMPT00141,max,UAUGAGG,RBD_v3_204950",105,1,0.143884892086331,0.007194244604317,0.037769784172662,0.066546762589928,0.032374100719424,0.070143884892086,0.014388489208633,0.052158273381295,0.050359712230216,0.086330935251799,0.035971223021583,0.034172661870504,0.057553956834532,0.075539568345324,0.034172661870504,0.053956834532374,0.052158273381295,0.079136690647482,0.001798561151079,0.014388489208633,0.342857142857143,0.085714285714286,0.314285714285714,0.257142857142857,5,11,"RNCMPT00141,max,UAUGAGG,RBD_v3_204950",1
"RNCMPT00141,min,AGGGGGC,RBD_v3_130968",105,0,0.143884892086331,0.007194244604317,0.037769784172662,0.066546762589928,0.032374100719424,0.070143884892086,0.014388489208633,0.052158273381295,0.050359712230216,0.086330935251799,0.035971223021583,0.034172661870504,0.057553956834532,0.075539568345324,0.034172661870504,0.053956834532374,0.052158273381295,0.079136690647482,0.001798561151079,0.014388489208633,0.31578947368421,0.131578947368421,0.368421052631579,0.184210526315789,1,7,"RNCMPT00141,min,AGGGGGC,RBD_v3_130968",0
"RNCMPT00141,min,AGGGGGC,RBD_v3_226335",105,0,0.143884892086331,0.007194244604317,0.037769784172662,0.066546762589928,0.032374100719424,0.070143884892086,0.014388489208633,0.052158273381295,0.050359712230216,0.086330935251799,0.035971223021583,0.034172661870504,0.057553956834532,0.075539568345324,0.034172661870504,0.053956834532374,0.052158273381295,0.079136690647482,0.001798561151079,0.014388489208633,0.263157894736842,0.210526315789474,0.236842105263158,0.289473684210526,1,7,"RNCMPT00141,min,AGGGGGC,RBD_v3_226335",1
"RNCMPT00141,min,GGGGGCC,RBD_v3_152881",105,0,0.143884892086331,0.007194244604317,0.037769784172662,0.066546762589928,0.032374100719424,0.070143884892086,0.014388489208633,0.052158273381295,0.050359712230216,0.086330935251799,0.035971223021583,0.034172661870504,0.057553956834532,0.075539568345324,0.034172661870504,0.053956834532374,0.052158273381295,0.079136690647482,0.001798561151079,0.014388489208633,0.166666666666667,0.266666666666667,0.4,0.166666666666667,6,12,"RNCMPT00141,min,GGGGGCC,RBD_v3_152881",0
"RNCMPT00142,max,AUAAUCA,RBD_v3_092273",113,1,0.047619047619048,0.005952380952381,0.047619047619048,0.095238095238095,0.023809523809524,0.053571428571429,0.041666666666667,0.077380952380952,0.101190476190476,0.077380952380952,0.041666666666667,0.035714285714286,0.05952380952381,0.023809523809524,0.077380952380952,0.05952380952381,0.023809523809524,0.05952380952381,0,0.047619047619048,0.368421052631579,0.157894736842105,0.210526315789474,0.263157894736842,5,11,"RNCMPT00142,max,AUAAUCA,RBD_v3_092273",0
"RNCMPT00142,max,AUAAUUA,RBD_v3_134623",113,1,0.047619047619048,0.005952380952381,0.047619047619048,0.095238095238095,0.023809523809524,0.053571428571429,0.041666666666667,0.077380952380952,0.101190476190476,0.077380952380952,0.041666666666667,0.035714285714286,0.05952380952381,0.023809523809524,0.077380952380952,0.05952380952381,0.023809523809524,0.05952380952381,0,0.047619047619048,0.421052631578947,0.131578947368421,0.184210526315789,0.263157894736842,21,27,"RNCMPT00142,max,AUAAUUA,RBD_v3_134623",0
"RNCMPT00142,max,AUAAUUA,RBD_v3_238138",113,1,0.047619047619048,0.005952380952381,0.047619047619048,0.095238095238095,0.023809523809524,0.053571428571429,0.041666666666667,0.077380952380952,0.101190476190476,0.077380952380952,0.041666666666667,0.035714285714286,0.05952380952381,0.023809523809524,0.077380952380952,0.05952380952381,0.023809523809524,0.05952380952381,0,0.047619047619048,0.421052631578947,0.131578947368421,0.184210526315789,0.263157894736842,21,27,"RNCMPT00142,max,AUAAUUA,RBD_v3_238138",0
"RNCMPT00142,min,AGGGGGG,RBD_v3_106185",113,0,0.047619047619048,0.005952380952381,0.047619047619048,0.095238095238095,0.023809523809524,0.053571428571429,0.041666666666667,0.077380952380952,0.101190476190476,0.077380952380952,0.041666666666667,0.035714285714286,0.05952380952381,0.023809523809524,0.077380952380952,0.05952380952381,0.023809523809524,0.05952380952381,0,0.047619047619048,0.076923076923077,0.153846153846154,0.333333333333333,0.435897435897436,1,7,"RNCMPT00142,min,AGGGGGG,RBD_v3_106185",1
"RNCMPT00142,min,AGGGGGG,RBD_v3_120672",113,0,0.047619047619048,0.005952380952381,0.047619047619048,0.095238095238095,0.023809523809524,0.053571428571429,0.041666666666667,0.077380952380952,0.101190476190476,0.077380952380952,0.041666666666667,0.035714285714286,0.05952380952381,0.023809523809524,0.077380952380952,0.05952380952381,0.023809523809524,0.05952380952381,0,0.047619047619048,0.257142857142857,0.114285714285714,0.4,0.228571428571429,6,12,"RNCMPT00142,min,AGGGGGG,RBD_v3_120672",0
"RNCMPT00142,min,GGGGGCA,RBD_v3_000612",113,0,0.047619047619048,0.005952380952381,0.047619047619048,0.095238095238095,0.023809523809524,0.053571428571429,0.041666666666667,0.077380952380952,0.101190476190476,0.077380952380952,0.041666666666667,0.035714285714286,0.05952380952381,0.023809523809524,0.077380952380952,0.05952380952381,0.023809523809524,0.05952380952381,0,0.047619047619048,0.342857142857143,0.114285714285714,0.314285714285714,0.228571428571429,12,18,"RNCMPT00142,min,GGGGGCA,RBD_v3_000612",1
"RNCMPT00143,max,AUCAAGA,RBD_v3_216383",154,1,0.058479532163743,0,0.058479532163743,0.12280701754386,0.029239766081871,0.076023391812865,0.029239766081871,0.058479532163743,0.087719298245614,0.070175438596491,0.005847953216374,0.029239766081871,0.04093567251462,0.017543859649123,0.140350877192982,0.029239766081871,0.046783625730994,0.046783625730994,0.011695906432749,0.04093567251462,0.31578947368421,0.289473684210526,0.184210526315789,0.210526315789474,3,9,"RNCMPT00143,max,AUCAAGA,RBD_v3_216383",1
"RNCMPT00143,max,AUCAAGA,RBD_v3_222524",154,1,0.058479532163743,0,0.058479532163743,0.12280701754386,0.029239766081871,0.076023391812865,0.029239766081871,0.058479532163743,0.087719298245614,0.070175438596491,0.005847953216374,0.029239766081871,0.04093567251462,0.017543859649123,0.140350877192982,0.029239766081871,0.046783625730994,0.046783625730994,0.011695906432749,0.04093567251462,0.368421052631579,0.263157894736842,0.157894736842105,0.210526315789474,25,31,"RNCMPT00143,max,AUCAAGA,RBD_v3_222524",1
"RNCMPT00143,max,GAUCAAG,RBD_v3_083150",154,1,0.058479532163743,0,0.058479532163743,0.12280701754386,0.029239766081871,0.076023391812865,0.029239766081871,0.058479532163743,0.087719298245614,0.070175438596491,0.005847953216374,0.029239766081871,0.04093567251462,0.017543859649123,0.140350877192982,0.029239766081871,0.046783625730994,0.046783625730994,0.011695906432749,0.04093567251462,0.368421052631579,0.289473684210526,0.131578947368421,0.210526315789474,2,8,"RNCMPT00143,max,GAUCAAG,RBD_v3_083150",1
"RNCMPT00143,min,AGAGUCG,RBD_v3_165415",154,0,0.058479532163743,0,0.058479532163743,0.12280701754386,0.029239766081871,0.076023391812865,0.029239766081871,0.058479532163743,0.087719298245614,0.070175438596491,0.005847953216374,0.029239766081871,0.04093567251462,0.017543859649123,0.140350877192982,0.029239766081871,0.046783625730994,0.046783625730994,0.011695906432749,0.04093567251462,0.102564102564102,0.128205128205128,0.487179487179487,0.282051282051282,1,7,"RNCMPT00143,min,AGAGUCG,RBD_v3_165415",1
"RNCMPT00143,min,GUGGUUU,RBD_v3_104491",154,0,0.058479532163743,0,0.058479532163743,0.12280701754386,0.029239766081871,0.076023391812865,0.029239766081871,0.058479532163743,0.087719298245614,0.070175438596491,0.005847953216374,0.029239766081871,0.04093567251462,0.017543859649123,0.140350877192982,0.029239766081871,0.046783625730994,0.046783625730994,0.011695906432749,0.04093567251462,0.133333333333333,0.133333333333333,0.2,0.533333333333333,10,16,"RNCMPT00143,min,GUGGUUU,RBD_v3_104491",1
"RNCMPT00143,min,GUGGUUU,RBD_v3_120086",154,0,0.058479532163743,0,0.058479532163743,0.12280701754386,0.029239766081871,0.076023391812865,0.029239766081871,0.058479532163743,0.087719298245614,0.070175438596491,0.005847953216374,0.029239766081871,0.04093567251462,0.017543859649123,0.140350877192982,0.029239766081871,0.046783625730994,0.046783625730994,0.011695906432749,0.04093567251462,0.2,0.133333333333333,0.333333333333333,0.333333333333333,19,25,"RNCMPT00143,min,GUGGUUU,RBD_v3_120086",1
"RNCMPT00144,max,AUGCGGA,RBD_v3_065826",21,1,0.076271186440678,0.025423728813559,0.033898305084746,0.059322033898305,0.042372881355932,0.135593220338983,0.016949152542373,0.025423728813559,0.050847457627119,0.042372881355932,0.025423728813559,0.076271186440678,0.076271186440678,0.033898305084746,0.084745762711864,0.050847457627119,0.050847457627119,0.076271186440678,0,0.016949152542373,0.285714285714286,0.314285714285714,0.285714285714286,0.114285714285714,21,27,"RNCMPT00144,max,AUGCGGA,RBD_v3_065826",1
"RNCMPT00144,max,AUGCGGA,RBD_v3_209743",21,1,0.076271186440678,0.025423728813559,0.033898305084746,0.059322033898305,0.042372881355932,0.135593220338983,0.016949152542373,0.025423728813559,0.050847457627119,0.042372881355932,0.025423728813559,0.076271186440678,0.076271186440678,0.033898305084746,0.084745762711864,0.050847457627119,0.050847457627119,0.076271186440678,0,0.016949152542373,0.342105263157895,0.31578947368421,0.210526315789474,0.131578947368421,11,17,"RNCMPT00144,max,AUGCGGA,RBD_v3_209743",0
"RNCMPT00144,max,UUGCGGA,RBD_v3_098489",21,1,0.076271186440678,0.025423728813559,0.033898305084746,0.059322033898305,0.042372881355932,0.135593220338983,0.016949152542373,0.025423728813559,0.050847457627119,0.042372881355932,0.025423728813559,0.076271186440678,0.076271186440678,0.033898305084746,0.084745762711864,0.050847457627119,0.050847457627119,0.076271186440678,0,0.016949152542373,0.31578947368421,0.184210526315789,0.342105263157895,0.157894736842105,20,26,"RNCMPT00144,max,UUGCGGA,RBD_v3_098489",1
"RNCMPT00144,min,GGUCGUG,RBD_v3_141800",21,0,0.076271186440678,0.025423728813559,0.033898305084746,0.059322033898305,0.042372881355932,0.135593220338983,0.016949152542373,0.025423728813559,0.050847457627119,0.042372881355932,0.025423728813559,0.076271186440678,0.076271186440678,0.033898305084746,0.084745762711864,0.050847457627119,0.050847457627119,0.076271186440678,0,0.016949152542373,0.228571428571429,0.114285714285714,0.428571428571429,0.228571428571429,26,32,"RNCMPT00144,min,GGUCGUG,RBD_v3_141800",1
"RNCMPT00144,min,GGUCGUG,RBD_v3_215931",21,0,0.076271186440678,0.025423728813559,0.033898305084746,0.059322033898305,0.042372881355932,0.135593220338983,0.016949152542373,0.025423728813559,0.050847457627119,0.042372881355932,0.025423728813559,0.076271186440678,0.076271186440678,0.033898305084746,0.084745762711864,0.050847457627119,0.050847457627119,0.076271186440678,0,0.016949152542373,0.371428571428571,0.171428571428571,0.371428571428571,0.085714285714286,26,32,"RNCMPT00144,min,GGUCGUG,RBD_v3_215931",1
"RNCMPT00144,min,GUCGUAU,RBD_v3_155485",21,0,0.076271186440678,0.025423728813559,0.033898305084746,0.059322033898305,0.042372881355932,0.135593220338983,0.016949152542373,0.025423728813559,0.050847457627119,0.042372881355932,0.025423728813559,0.076271186440678,0.076271186440678,0.033898305084746,0.084745762711864,0.050847457627119,0.050847457627119,0.076271186440678,0,0.016949152542373,0.166666666666667,0.266666666666667,0.366666666666667,0.2,5,11,"RNCMPT00144,min,GUCGUAU,RBD_v3_155485",0
"RNCMPT00145,max,AUUGCAC,RBD_v3_028293",152,1,0.074074074074074,0,0.032407407407407,0.074074074074074,0.069444444444444,0.037037037037037,0.009259259259259,0.069444444444444,0.134259259259259,0.074074074074074,0.041666666666667,0.064814814814815,0.074074074074074,0.055555555555556,0.023148148148148,0.055555555555556,0.060185185185185,0.032407407407407,0,0.018518518518519,0.257142857142857,0.228571428571429,0.314285714285714,0.2,12,18,"RNCMPT00145,max,AUUGCAC,RBD_v3_028293",0
"RNCMPT00145,max,AUUGCAC,RBD_v3_035412",152,1,0.074074074074074,0,0.032407407407407,0.074074074074074,0.069444444444444,0.037037037037037,0.009259259259259,0.069444444444444,0.134259259259259,0.074074074074074,0.041666666666667,0.064814814814815,0.074074074074074,0.055555555555556,0.023148148148148,0.055555555555556,0.060185185185185,0.032407407407407,0,0.018518518518519,0.263157894736842,0.289473684210526,0.210526315789474,0.236842105263158,32,38,"RNCMPT00145,max,AUUGCAC,RBD_v3_035412",1
"RNCMPT00145,max,AUUGCAC,RBD_v3_072551",152,1,0.074074074074074,0,0.032407407407407,0.074074074074074,0.069444444444444,0.037037037037037,0.009259259259259,0.069444444444444,0.134259259259259,0.074074074074074,0.041666666666667,0.064814814814815,0.074074074074074,0.055555555555556,0.023148148148148,0.055555555555556,0.060185185185185,0.032407407407407,0,0.018518518518519,0.289473684210526,0.184210526315789,0.263157894736842,0.263157894736842,11,17,"RNCMPT00145,max,AUUGCAC,RBD_v3_072551",0
"RNCMPT00145,min,GGGGGUG,RBD_v3_027985",152,0,0.074074074074074,0,0.032407407407407,0.074074074074074,0.069444444444444,0.037037037037037,0.009259259259259,0.069444444444444,0.134259259259259,0.074074074074074,0.041666666666667,0.064814814814815,0.074074074074074,0.055555555555556,0.023148148148148,0.055555555555556,0.060185185185185,0.032407407407407,0,0.018518518518519,0.289473684210526,0.157894736842105,0.31578947368421,0.236842105263158,18,24,"RNCMPT00145,min,GGGGGUG,RBD_v3_027985",0
"RNCMPT00145,min,GGGGGUG,RBD_v3_131696",152,0,0.074074074074074,0,0.032407407407407,0.074074074074074,0.069444444444444,0.037037037037037,0.009259259259259,0.069444444444444,0.134259259259259,0.074074074074074,0.041666666666667,0.064814814814815,0.074074074074074,0.055555555555556,0.023148148148148,0.055555555555556,0.060185185185185,0.032407407407407,0,0.018518518518519,0.342105263157895,0.184210526315789,0.394736842105263,0.078947368421053,7,13,"RNCMPT00145,min,GGGGGUG,RBD_v3_131696",0
"RNCMPT00145,min,GGGGGUG,RBD_v3_175536",152,0,0.074074074074074,0,0.032407407407407,0.074074074074074,0.069444444444444,0.037037037037037,0.009259259259259,0.069444444444444,0.134259259259259,0.074074074074074,0.041666666666667,0.064814814814815,0.074074074074074,0.055555555555556,0.023148148148148,0.055555555555556,0.060185185185185,0.032407407407407,0,0.018518518518519,0.105263157894737,0.078947368421053,0.526315789473684,0.289473684210526,17,23,"RNCMPT00145,min,GGGGGUG,RBD_v3_175536",1
"RNCMPT00146,max,AUGGAUG,RBD_v3_011923",20,1,0.03030303030303,0.021645021645022,0.060606060606061,0.073593073593074,0.073593073593074,0.069264069264069,0.03030303030303,0.034632034632035,0.086580086580087,0.051948051948052,0.012987012987013,0.060606060606061,0.038961038961039,0.034632034632035,0.060606060606061,0.064935064935065,0.051948051948052,0.090909090909091,0.008658008658009,0.043290043290043,0.314285714285714,0.171428571428571,0.342857142857143,0.171428571428571,3,9,"RNCMPT00146,max,AUGGAUG,RBD_v3_011923",0
"RNCMPT00146,max,AUGGAUG,RBD_v3_078401",20,1,0.03030303030303,0.021645021645022,0.060606060606061,0.073593073593074,0.073593073593074,0.069264069264069,0.03030303030303,0.034632034632035,0.086580086580087,0.051948051948052,0.012987012987013,0.060606060606061,0.038961038961039,0.034632034632035,0.060606060606061,0.064935064935065,0.051948051948052,0.090909090909091,0.008658008658009,0.043290043290043,0.266666666666667,0.066666666666667,0.4,0.266666666666667,3,9,"RNCMPT00146,max,AUGGAUG,RBD_v3_078401",1
"RNCMPT00146,max,AUGGAUG,RBD_v3_116910",20,1,0.03030303030303,0.021645021645022,0.060606060606061,0.073593073593074,0.073593073593074,0.069264069264069,0.03030303030303,0.034632034632035,0.086580086580087,0.051948051948052,0.012987012987013,0.060606060606061,0.038961038961039,0.034632034632035,0.060606060606061,0.064935064935065,0.051948051948052,0.090909090909091,0.008658008658009,0.043290043290043,0.314285714285714,0.171428571428571,0.342857142857143,0.171428571428571,3,9,"RNCMPT00146,max,AUGGAUG,RBD_v3_116910",0
"RNCMPT00146,min,CAACUUC,RBD_v3_148835",20,0,0.03030303030303,0.021645021645022,0.060606060606061,0.073593073593074,0.073593073593074,0.069264069264069,0.03030303030303,0.034632034632035,0.086580086580087,0.051948051948052,0.012987012987013,0.060606060606061,0.038961038961039,0.034632034632035,0.060606060606061,0.064935064935065,0.051948051948052,0.090909090909091,0.008658008658009,0.043290043290043,0.257142857142857,0.285714285714286,0.171428571428571,0.285714285714286,22,28,"RNCMPT00146,min,CAACUUC,RBD_v3_148835",0
"RNCMPT00146,min,CAUUUCU,RBD_v3_068862",20,0,0.03030303030303,0.021645021645022,0.060606060606061,0.073593073593074,0.073593073593074,0.069264069264069,0.03030303030303,0.034632034632035,0.086580086580087,0.051948051948052,0.012987012987013,0.060606060606061,0.038961038961039,0.034632034632035,0.060606060606061,0.064935064935065,0.051948051948052,0.090909090909091,0.008658008658009,0.043290043290043,0.289473684210526,0.31578947368421,0.052631578947368,0.342105263157895,29,35,"RNCMPT00146,min,CAUUUCU,RBD_v3_068862",0
"RNCMPT00146,min,CAUUUCU,RBD_v3_167501",20,0,0.03030303030303,0.021645021645022,0.060606060606061,0.073593073593074,0.073593073593074,0.069264069264069,0.03030303030303,0.034632034632035,0.086580086580087,0.051948051948052,0.012987012987013,0.060606060606061,0.038961038961039,0.034632034632035,0.060606060606061,0.064935064935065,0.051948051948052,0.090909090909091,0.008658008658009,0.043290043290043,0.236842105263158,0.236842105263158,0.210526315789474,0.31578947368421,17,23,"RNCMPT00146,min,CAUUUCU,RBD_v3_167501",1
"RNCMPT00147,max,AACUAAG,RBD_v3_089066",16,1,0.071895424836601,0.006535947712418,0.084967320261438,0.052287581699346,0.071895424836601,0.058823529411765,0,0.032679738562092,0.104575163398693,0.052287581699346,0.019607843137255,0.026143790849673,0.026143790849673,0.03921568627451,0.117647058823529,0.071895424836601,0.065359477124183,0.071895424836601,0.019607843137255,0.006535947712418,0.368421052631579,0.157894736842105,0.263157894736842,0.210526315789474,22,28,"RNCMPT00147,max,AACUAAG,RBD_v3_089066",1
"RNCMPT00147,max,AACUAAG,RBD_v3_125898",16,1,0.071895424836601,0.006535947712418,0.084967320261438,0.052287581699346,0.071895424836601,0.058823529411765,0,0.032679738562092,0.104575163398693,0.052287581699346,0.019607843137255,0.026143790849673,0.026143790849673,0.03921568627451,0.117647058823529,0.071895424836601,0.065359477124183,0.071895424836601,0.019607843137255,0.006535947712418,0.394736842105263,0.184210526315789,0.210526315789474,0.210526315789474,19,25,"RNCMPT00147,max,AACUAAG,RBD_v3_125898",1
"RNCMPT00147,max,AACUAAG,RBD_v3_148644",16,1,0.071895424836601,0.006535947712418,0.084967320261438,0.052287581699346,0.071895424836601,0.058823529411765,0,0.032679738562092,0.104575163398693,0.052287581699346,0.019607843137255,0.026143790849673,0.026143790849673,0.03921568627451,0.117647058823529,0.071895424836601,0.065359477124183,0.071895424836601,0.019607843137255,0.006535947712418,0.342105263157895,0.157894736842105,0.289473684210526,0.210526315789474,19,25,"RNCMPT00147,max,AACUAAG,RBD_v3_148644",1
"RNCMPT00147,min,CCCCCCC,RBD_v3_005402",16,0,0.071895424836601,0.006535947712418,0.084967320261438,0.052287581699346,0.071895424836601,0.058823529411765,0,0.032679738562092,0.104575163398693,0.052287581699346,0.019607843137255,0.026143790849673,0.026143790849673,0.03921568627451,0.117647058823529,0.071895424836601,0.065359477124183,0.071895424836601,0.019607843137255,0.006535947712418,0.236842105263158,0.31578947368421,0.184210526315789,0.263157894736842,25,31,"RNCMPT00147,min,CCCCCCC,RBD_v3_005402",1
"RNCMPT00147,min,CCCCUCC,RBD_v3_022466",16,0,0.071895424836601,0.006535947712418,0.084967320261438,0.052287581699346,0.071895424836601,0.058823529411765,0,0.032679738562092,0.104575163398693,0.052287581699346,0.019607843137255,0.026143790849673,0.026143790849673,0.03921568627451,0.117647058823529,0.071895424836601,0.065359477124183,0.071895424836601,0.019607843137255,0.006535947712418,0.2,0.4,0.142857142857143,0.257142857142857,15,21,"RNCMPT00147,min,CCCCUCC,RBD_v3_022466",0
"RNCMPT00147,min,CCCCUCC,RBD_v3_123886",16,0,0.071895424836601,0.006535947712418,0.084967320261438,0.052287581699346,0.071895424836601,0.058823529411765,0,0.032679738562092,0.104575163398693,0.052287581699346,0.019607843137255,0.026143790849673,0.026143790849673,0.03921568627451,0.117647058823529,0.071895424836601,0.065359477124183,0.071895424836601,0.019607843137255,0.006535947712418,0.342105263157895,0.236842105263158,0.236842105263158,0.184210526315789,16,22,"RNCMPT00147,min,CCCCUCC,RBD_v3_123886",1
"RNCMPT00148,max,CAUUUUU,RBD_v3_016809",138,1,0.112426035502958,0.011834319526627,0.035502958579882,0.059171597633136,0.050295857988166,0.097633136094675,0.032544378698225,0.050295857988166,0.062130177514793,0.041420118343195,0.029585798816568,0.068047337278107,0.056213017751479,0.032544378698225,0.032544378698225,0.079881656804734,0.053254437869822,0.062130177514793,0.011834319526627,0.020710059171598,0.289473684210526,0.236842105263158,0.210526315789474,0.263157894736842,18,24,"RNCMPT00148,max,CAUUUUU,RBD_v3_016809",0
"RNCMPT00148,max,CCAUUUU,RBD_v3_037447",138,1,0.112426035502958,0.011834319526627,0.035502958579882,0.059171597633136,0.050295857988166,0.097633136094675,0.032544378698225,0.050295857988166,0.062130177514793,0.041420118343195,0.029585798816568,0.068047337278107,0.056213017751479,0.032544378698225,0.032544378698225,0.079881656804734,0.053254437869822,0.062130177514793,0.011834319526627,0.020710059171598,0.2,0.314285714285714,0.2,0.285714285714286,21,27,"RNCMPT00148,max,CCAUUUU,RBD_v3_037447",0
"RNCMPT00148,max,CCAUUUU,RBD_v3_219605",138,1,0.112426035502958,0.011834319526627,0.035502958579882,0.059171597633136,0.050295857988166,0.097633136094675,0.032544378698225,0.050295857988166,0.062130177514793,0.041420118343195,0.029585798816568,0.068047337278107,0.056213017751479,0.032544378698225,0.032544378698225,0.079881656804734,0.053254437869822,0.062130177514793,0.011834319526627,0.020710059171598,0.236842105263158,0.263157894736842,0.184210526315789,0.31578947368421,23,29,"RNCMPT00148,max,CCAUUUU,RBD_v3_219605",0
"RNCMPT00148,min,AGAGUCG,RBD_v3_218768",138,0,0.112426035502958,0.011834319526627,0.035502958579882,0.059171597633136,0.050295857988166,0.097633136094675,0.032544378698225,0.050295857988166,0.062130177514793,0.041420118343195,0.029585798816568,0.068047337278107,0.056213017751479,0.032544378698225,0.032544378698225,0.079881656804734,0.053254437869822,0.062130177514793,0.011834319526627,0.020710059171598,0.257142857142857,0.257142857142857,0.228571428571429,0.257142857142857,16,22,"RNCMPT00148,min,AGAGUCG,RBD_v3_218768",1
"RNCMPT00148,min,CCCCCCC,RBD_v3_004576",138,0,0.112426035502958,0.011834319526627,0.035502958579882,0.059171597633136,0.050295857988166,0.097633136094675,0.032544378698225,0.050295857988166,0.062130177514793,0.041420118343195,0.029585798816568,0.068047337278107,0.056213017751479,0.032544378698225,0.032544378698225,0.079881656804734,0.053254437869822,0.062130177514793,0.011834319526627,0.020710059171598,0.263157894736842,0.342105263157895,0.289473684210526,0.105263157894737,28,34,"RNCMPT00148,min,CCCCCCC,RBD_v3_004576",1
"RNCMPT00148,min,CCCCCCC,RBD_v3_037843",138,0,0.112426035502958,0.011834319526627,0.035502958579882,0.059171597633136,0.050295857988166,0.097633136094675,0.032544378698225,0.050295857988166,0.062130177514793,0.041420118343195,0.029585798816568,0.068047337278107,0.056213017751479,0.032544378698225,0.032544378698225,0.079881656804734,0.053254437869822,0.062130177514793,0.011834319526627,0.020710059171598,0.263157894736842,0.473684210526316,0.184210526315789,0.078947368421053,7,13,"RNCMPT00148,min,CCCCCCC,RBD_v3_037843",1
"RNCMPT00149,max,AGUACAG,RBD_v3_033127",29,1,0.049689440993789,0.037267080745342,0.049689440993789,0.099378881987578,0.049689440993789,0.055900621118012,0.024844720496894,0.055900621118012,0.06832298136646,0.062111801242236,0.018633540372671,0.024844720496894,0.099378881987578,0.031055900621118,0.099378881987578,0.049689440993789,0.043478260869565,0.055900621118012,0.006211180124224,0.018633540372671,0.289473684210526,0.263157894736842,0.210526315789474,0.236842105263158,9,15,"RNCMPT00149,max,AGUACAG,RBD_v3_033127",1
"RNCMPT00149,max,AGUACAG,RBD_v3_075442",29,1,0.049689440993789,0.037267080745342,0.049689440993789,0.099378881987578,0.049689440993789,0.055900621118012,0.024844720496894,0.055900621118012,0.06832298136646,0.062111801242236,0.018633540372671,0.024844720496894,0.099378881987578,0.031055900621118,0.099378881987578,0.049689440993789,0.043478260869565,0.055900621118012,0.006211180124224,0.018633540372671,0.285714285714286,0.371428571428571,0.2,0.142857142857143,13,19,"RNCMPT00149,max,AGUACAG,RBD_v3_075442",1
"RNCMPT00149,max,CCCACAG,RBD_v3_107420",29,1,0.049689440993789,0.037267080745342,0.049689440993789,0.099378881987578,0.049689440993789,0.055900621118012,0.024844720496894,0.055900621118012,0.06832298136646,0.062111801242236,0.018633540372671,0.024844720496894,0.099378881987578,0.031055900621118,0.099378881987578,0.049689440993789,0.043478260869565,0.055900621118012,0.006211180124224,0.018633540372671,0.4,0.285714285714286,0.2,0.114285714285714,4,10,"RNCMPT00149,max,CCCACAG,RBD_v3_107420",1
"RNCMPT00149,min,UUUUCGU,RBD_v3_030947",29,0,0.049689440993789,0.037267080745342,0.049689440993789,0.099378881987578,0.049689440993789,0.055900621118012,0.024844720496894,0.055900621118012,0.06832298136646,0.062111801242236,0.018633540372671,0.024844720496894,0.099378881987578,0.031055900621118,0.099378881987578,0.049689440993789,0.043478260869565,0.055900621118012,0.006211180124224,0.018633540372671,0.236842105263158,0.263157894736842,0.184210526315789,0.31578947368421,7,13,"RNCMPT00149,min,UUUUCGU,RBD_v3_030947",1
"RNCMPT00149,min,UUUUCGU,RBD_v3_171480",29,0,0.049689440993789,0.037267080745342,0.049689440993789,0.099378881987578,0.049689440993789,0.055900621118012,0.024844720496894,0.055900621118012,0.06832298136646,0.062111801242236,0.018633540372671,0.024844720496894,0.099378881987578,0.031055900621118,0.099378881987578,0.049689440993789,0.043478260869565,0.055900621118012,0.006211180124224,0.018633540372671,0.285714285714286,0.171428571428571,0.285714285714286,0.257142857142857,21,27,"RNCMPT00149,min,UUUUCGU,RBD_v3_171480",1
"RNCMPT00149,min,UUUUUUU,RBD_v3_128298",29,0,0.049689440993789,0.037267080745342,0.049689440993789,0.099378881987578,0.049689440993789,0.055900621118012,0.024844720496894,0.055900621118012,0.06832298136646,0.062111801242236,0.018633540372671,0.024844720496894,0.099378881987578,0.031055900621118,0.099378881987578,0.049689440993789,0.043478260869565,0.055900621118012,0.006211180124224,0.018633540372671,0.157894736842105,0.210526315789474,0.210526315789474,0.421052631578947,15,21,"RNCMPT00149,min,UUUUUUU,RBD_v3_128298",1
"RNCMPT00150,max,GGGAUGG,RBD_v3_085670",30,1,0.089514066496164,0.023017902813299,0.035805626598465,0.063938618925831,0.040920716112532,0.089514066496164,0.023017902813299,0.033248081841432,0.040920716112532,0.10997442455243,0.023017902813299,0.012787723785166,0.074168797953964,0.040920716112532,0.079283887468031,0.053708439897698,0.061381074168798,0.079283887468031,0.005115089514066,0.020460358056266,0.342105263157895,0.131578947368421,0.31578947368421,0.210526315789474,2,8,"RNCMPT00150,max,GGGAUGG,RBD_v3_085670",1
"RNCMPT00150,max,GGGAUGG,RBD_v3_092672",30,1,0.089514066496164,0.023017902813299,0.035805626598465,0.063938618925831,0.040920716112532,0.089514066496164,0.023017902813299,0.033248081841432,0.040920716112532,0.10997442455243,0.023017902813299,0.012787723785166,0.074168797953964,0.040920716112532,0.079283887468031,0.053708439897698,0.061381074168798,0.079283887468031,0.005115089514066,0.020460358056266,0.342105263157895,0.157894736842105,0.368421052631579,0.131578947368421,2,8,"RNCMPT00150,max,GGGAUGG,RBD_v3_092672",0
"RNCMPT00150,max,UGGGGAA,RBD_v3_077422",30,1,0.089514066496164,0.023017902813299,0.035805626598465,0.063938618925831,0.040920716112532,0.089514066496164,0.023017902813299,0.033248081841432,0.040920716112532,0.10997442455243,0.023017902813299,0.012787723785166,0.074168797953964,0.040920716112532,0.079283887468031,0.053708439897698,0.061381074168798,0.079283887468031,0.005115089514066,0.020460358056266,0.314285714285714,0.114285714285714,0.4,0.171428571428571,18,24,"RNCMPT00150,max,UGGGGAA,RBD_v3_077422",1
"RNCMPT00150,min,UAUUUUC,RBD_v3_182856",30,0,0.089514066496164,0.023017902813299,0.035805626598465,0.063938618925831,0.040920716112532,0.089514066496164,0.023017902813299,0.033248081841432,0.040920716112532,0.10997442455243,0.023017902813299,0.012787723785166,0.074168797953964,0.040920716112532,0.079283887468031,0.053708439897698,0.061381074168798,0.079283887468031,0.005115089514066,0.020460358056266,0.233333333333333,0.266666666666667,0.133333333333333,0.366666666666667,17,23,"RNCMPT00150,min,UAUUUUC,RBD_v3_182856",1
"RNCMPT00150,min,UUUUUCC,RBD_v3_212050",30,0,0.089514066496164,0.023017902813299,0.035805626598465,0.063938618925831,0.040920716112532,0.089514066496164,0.023017902813299,0.033248081841432,0.040920716112532,0.10997442455243,0.023017902813299,0.012787723785166,0.074168797953964,0.040920716112532,0.079283887468031,0.053708439897698,0.061381074168798,0.079283887468031,0.005115089514066,0.020460358056266,0.236842105263158,0.236842105263158,0.131578947368421,0.394736842105263,13,19,"RNCMPT00150,min,UUUUUCC,RBD_v3_212050",1
"RNCMPT00150,min,UUUUUCC,RBD_v3_233254",30,0,0.089514066496164,0.023017902813299,0.035805626598465,0.063938618925831,0.040920716112532,0.089514066496164,0.023017902813299,0.033248081841432,0.040920716112532,0.10997442455243,0.023017902813299,0.012787723785166,0.074168797953964,0.040920716112532,0.079283887468031,0.053708439897698,0.061381074168798,0.079283887468031,0.005115089514066,0.020460358056266,0.236842105263158,0.236842105263158,0.31578947368421,0.210526315789474,18,24,"RNCMPT00150,min,UUUUUCC,RBD_v3_233254",1
"RNCMPT00151,max,AACUAAG,RBD_v3_083422",122,1,0.054054054054054,0.013513513513514,0.087837837837838,0.060810810810811,0.047297297297297,0.081081081081081,0,0.033783783783784,0.148648648648649,0.087837837837838,0.027027027027027,0.027027027027027,0.054054054054054,0.006756756756757,0.094594594594595,0.060810810810811,0.02027027027027,0.054054054054054,0.02027027027027,0.02027027027027,0.4,0.171428571428571,0.257142857142857,0.171428571428571,19,25,"RNCMPT00151,max,AACUAAG,RBD_v3_083422",1
"RNCMPT00151,max,AACUAAG,RBD_v3_123476",122,1,0.054054054054054,0.013513513513514,0.087837837837838,0.060810810810811,0.047297297297297,0.081081081081081,0,0.033783783783784,0.148648648648649,0.087837837837838,0.027027027027027,0.027027027027027,0.054054054054054,0.006756756756757,0.094594594594595,0.060810810810811,0.02027027027027,0.054054054054054,0.02027027027027,0.02027027027027,0.4,0.228571428571429,0.228571428571429,0.142857142857143,17,23,"RNCMPT00151,max,AACUAAG,RBD_v3_123476",1
"RNCMPT00151,max,AACUAAG,RBD_v3_148644",122,1,0.054054054054054,0.013513513513514,0.087837837837838,0.060810810810811,0.047297297297297,0.081081081081081,0,0.033783783783784,0.148648648648649,0.087837837837838,0.027027027027027,0.027027027027027,0.054054054054054,0.006756756756757,0.094594594594595,0.060810810810811,0.02027027027027,0.054054054054054,0.02027027027027,0.02027027027027,0.342105263157895,0.157894736842105,0.289473684210526,0.210526315789474,19,25,"RNCMPT00151,max,AACUAAG,RBD_v3_148644",1
"RNCMPT00151,min,CCCCCCC,RBD_v3_081256",122,0,0.054054054054054,0.013513513513514,0.087837837837838,0.060810810810811,0.047297297297297,0.081081081081081,0,0.033783783783784,0.148648648648649,0.087837837837838,0.027027027027027,0.027027027027027,0.054054054054054,0.006756756756757,0.094594594594595,0.060810810810811,0.02027027027027,0.054054054054054,0.02027027027027,0.02027027027027,0.263157894736842,0.289473684210526,0.236842105263158,0.210526315789474,11,17,"RNCMPT00151,min,CCCCCCC,RBD_v3_081256",1
"RNCMPT00151,min,CCCCCCC,RBD_v3_122332",122,0,0.054054054054054,0.013513513513514,0.087837837837838,0.060810810810811,0.047297297297297,0.081081081081081,0,0.033783783783784,0.148648648648649,0.087837837837838,0.027027027027027,0.027027027027027,0.054054054054054,0.006756756756757,0.094594594594595,0.060810810810811,0.02027027027027,0.054054054054054,0.02027027027027,0.02027027027027,0.131578947368421,0.31578947368421,0.236842105263158,0.31578947368421,18,24,"RNCMPT00151,min,CCCCCCC,RBD_v3_122332",1
"RNCMPT00151,min,CCCCCCC,RBD_v3_176463",122,0,0.054054054054054,0.013513513513514,0.087837837837838,0.060810810810811,0.047297297297297,0.081081081081081,0,0.033783783783784,0.148648648648649,0.087837837837838,0.027027027027027,0.027027027027027,0.054054054054054,0.006756756756757,0.094594594594595,0.060810810810811,0.02027027027027,0.054054054054054,0.02027027027027,0.02027027027027,0.157894736842105,0.421052631578947,0.236842105263158,0.184210526315789,27,33,"RNCMPT00151,min,CCCCCCC,RBD_v3_176463",1
"RNCMPT00152,max,AUAUAGC,RBD_v3_121401",129,1,0.073170731707317,0.016260162601626,0.040650406504065,0.040650406504065,0.028455284552846,0.073170731707317,0.016260162601626,0.036585365853659,0.077235772357724,0.077235772357724,0.024390243902439,0.052845528455285,0.08130081300813,0.065040650406504,0.036585365853659,0.097560975609756,0.069105691056911,0.044715447154472,0.008130081300813,0.040650406504065,0.368421052631579,0.210526315789474,0.289473684210526,0.131578947368421,29,35,"RNCMPT00152,max,AUAUAGC,RBD_v3_121401",0
"RNCMPT00152,max,AUAUAGC,RBD_v3_236027",129,1,0.073170731707317,0.016260162601626,0.040650406504065,0.040650406504065,0.028455284552846,0.073170731707317,0.016260162601626,0.036585365853659,0.077235772357724,0.077235772357724,0.024390243902439,0.052845528455285,0.08130081300813,0.065040650406504,0.036585365853659,0.097560975609756,0.069105691056911,0.044715447154472,0.008130081300813,0.040650406504065,0.368421052631579,0.210526315789474,0.289473684210526,0.131578947368421,29,35,"RNCMPT00152,max,AUAUAGC,RBD_v3_236027",0
"RNCMPT00152,max,UAUAGCC,RBD_v3_068728",129,1,0.073170731707317,0.016260162601626,0.040650406504065,0.040650406504065,0.028455284552846,0.073170731707317,0.016260162601626,0.036585365853659,0.077235772357724,0.077235772357724,0.024390243902439,0.052845528455285,0.08130081300813,0.065040650406504,0.036585365853659,0.097560975609756,0.069105691056911,0.044715447154472,0.008130081300813,0.040650406504065,0.228571428571429,0.257142857142857,0.2,0.314285714285714,23,29,"RNCMPT00152,max,UAUAGCC,RBD_v3_068728",1
"RNCMPT00152,min,CCCCCCC,RBD_v3_005753",129,0,0.073170731707317,0.016260162601626,0.040650406504065,0.040650406504065,0.028455284552846,0.073170731707317,0.016260162601626,0.036585365853659,0.077235772357724,0.077235772357724,0.024390243902439,0.052845528455285,0.08130081300813,0.065040650406504,0.036585365853659,0.097560975609756,0.069105691056911,0.044715447154472,0.008130081300813,0.040650406504065,0.263157894736842,0.368421052631579,0.184210526315789,0.184210526315789,27,33,"RNCMPT00152,min,CCCCCCC,RBD_v3_005753",1
"RNCMPT00152,min,CCCCCCC,RBD_v3_139546",129,0,0.073170731707317,0.016260162601626,0.040650406504065,0.040650406504065,0.028455284552846,0.073170731707317,0.016260162601626,0.036585365853659,0.077235772357724,0.077235772357724,0.024390243902439,0.052845528455285,0.08130081300813,0.065040650406504,0.036585365853659,0.097560975609756,0.069105691056911,0.044715447154472,0.008130081300813,0.040650406504065,0.184210526315789,0.394736842105263,0.210526315789474,0.210526315789474,27,33,"RNCMPT00152,min,CCCCCCC,RBD_v3_139546",1
"RNCMPT00152,min,GUUUUUG,RBD_v3_148971",129,0,0.073170731707317,0.016260162601626,0.040650406504065,0.040650406504065,0.028455284552846,0.073170731707317,0.016260162601626,0.036585365853659,0.077235772357724,0.077235772357724,0.024390243902439,0.052845528455285,0.08130081300813,0.065040650406504,0.036585365853659,0.097560975609756,0.069105691056911,0.044715447154472,0.008130081300813,0.040650406504065,0.133333333333333,0.166666666666667,0.2,0.5,19,25,"RNCMPT00152,min,GUUUUUG,RBD_v3_148971",0
"RNCMPT00153,max,AAAACCC,RBD_v3_064608",89,1,0.07487922705314,0.009661835748792,0.053140096618357,0.070048309178744,0.055555555555556,0.07487922705314,0.016908212560386,0.038647342995169,0.084541062801932,0.057971014492754,0.038647342995169,0.055555555555556,0.041062801932367,0.038647342995169,0.06280193236715,0.065217391304348,0.048309178743961,0.07487922705314,0.002415458937198,0.036231884057971,0.368421052631579,0.31578947368421,0.236842105263158,0.078947368421053,11,17,"RNCMPT00153,max,AAAACCC,RBD_v3_064608",0
"RNCMPT00153,max,AGAAAAC,RBD_v3_060277",89,1,0.07487922705314,0.009661835748792,0.053140096618357,0.070048309178744,0.055555555555556,0.07487922705314,0.016908212560386,0.038647342995169,0.084541062801932,0.057971014492754,0.038647342995169,0.055555555555556,0.041062801932367,0.038647342995169,0.06280193236715,0.065217391304348,0.048309178743961,0.07487922705314,0.002415458937198,0.036231884057971,0.31578947368421,0.289473684210526,0.210526315789474,0.184210526315789,1,7,"RNCMPT00153,max,AGAAAAC,RBD_v3_060277",0
"RNCMPT00153,max,AGAAAAC,RBD_v3_139356",89,1,0.07487922705314,0.009661835748792,0.053140096618357,0.070048309178744,0.055555555555556,0.07487922705314,0.016908212560386,0.038647342995169,0.084541062801932,0.057971014492754,0.038647342995169,0.055555555555556,0.041062801932367,0.038647342995169,0.06280193236715,0.065217391304348,0.048309178743961,0.07487922705314,0.002415458937198,0.036231884057971,0.285714285714286,0.285714285714286,0.257142857142857,0.171428571428571,1,7,"RNCMPT00153,max,AGAAAAC,RBD_v3_139356",0
"RNCMPT00153,min,GUGGUUU,RBD_v3_044501",89,0,0.07487922705314,0.009661835748792,0.053140096618357,0.070048309178744,0.055555555555556,0.07487922705314,0.016908212560386,0.038647342995169,0.084541062801932,0.057971014492754,0.038647342995169,0.055555555555556,0.041062801932367,0.038647342995169,0.06280193236715,0.065217391304348,0.048309178743961,0.07487922705314,0.002415458937198,0.036231884057971,0.228571428571429,0.142857142857143,0.257142857142857,0.371428571428571,15,21,"RNCMPT00153,min,GUGGUUU,RBD_v3_044501",0
"RNCMPT00153,min,GUGGUUU,RBD_v3_110902",89,0,0.07487922705314,0.009661835748792,0.053140096618357,0.070048309178744,0.055555555555556,0.07487922705314,0.016908212560386,0.038647342995169,0.084541062801932,0.057971014492754,0.038647342995169,0.055555555555556,0.041062801932367,0.038647342995169,0.06280193236715,0.065217391304348,0.048309178743961,0.07487922705314,0.002415458937198,0.036231884057971,0.3,0.1,0.3,0.3,20,26,"RNCMPT00153,min,GUGGUUU,RBD_v3_110902",0
"RNCMPT00153,min,GUGGUUU,RBD_v3_177485",89,0,0.07487922705314,0.009661835748792,0.053140096618357,0.070048309178744,0.055555555555556,0.07487922705314,0.016908212560386,0.038647342995169,0.084541062801932,0.057971014492754,0.038647342995169,0.055555555555556,0.041062801932367,0.038647342995169,0.06280193236715,0.065217391304348,0.048309178743961,0.07487922705314,0.002415458937198,0.036231884057971,0.266666666666667,0.133333333333333,0.333333333333333,0.266666666666667,10,16,"RNCMPT00153,min,GUGGUUU,RBD_v3_177485",0
"RNCMPT00154,max,CAAGGAG,RBD_v3_218921",126,1,0.069306930693069,0.01980198019802,0.085808580858086,0.059405940594059,0.03960396039604,0.04950495049505,0.026402640264026,0.056105610561056,0.056105610561056,0.066006600660066,0.026402640264026,0.036303630363036,0.03960396039604,0.052805280528053,0.075907590759076,0.099009900990099,0.046204620462046,0.04950495049505,0.00990099009901,0.036303630363036,0.428571428571429,0.142857142857143,0.285714285714286,0.142857142857143,24,30,"RNCMPT00154,max,CAAGGAG,RBD_v3_218921",1
"RNCMPT00154,max,CAAGGAG,RBD_v3_239632",126,1,0.069306930693069,0.01980198019802,0.085808580858086,0.059405940594059,0.03960396039604,0.04950495049505,0.026402640264026,0.056105610561056,0.056105610561056,0.066006600660066,0.026402640264026,0.036303630363036,0.03960396039604,0.052805280528053,0.075907590759076,0.099009900990099,0.046204620462046,0.04950495049505,0.00990099009901,0.036303630363036,0.368421052631579,0.210526315789474,0.236842105263158,0.184210526315789,15,21,"RNCMPT00154,max,CAAGGAG,RBD_v3_239632",0
"RNCMPT00154,max,GAAGGAG,RBD_v3_091855",126,1,0.069306930693069,0.01980198019802,0.085808580858086,0.059405940594059,0.03960396039604,0.04950495049505,0.026402640264026,0.056105610561056,0.056105610561056,0.066006600660066,0.026402640264026,0.036303630363036,0.03960396039604,0.052805280528053,0.075907590759076,0.099009900990099,0.046204620462046,0.04950495049505,0.00990099009901,0.036303630363036,0.394736842105263,0.236842105263158,0.184210526315789,0.184210526315789,2,8,"RNCMPT00154,max,GAAGGAG,RBD_v3_091855",1
"RNCMPT00154,min,GUUCGUC,RBD_v3_024832",126,0,0.069306930693069,0.01980198019802,0.085808580858086,0.059405940594059,0.03960396039604,0.04950495049505,0.026402640264026,0.056105610561056,0.056105610561056,0.066006600660066,0.026402640264026,0.036303630363036,0.03960396039604,0.052805280528053,0.075907590759076,0.099009900990099,0.046204620462046,0.04950495049505,0.00990099009901,0.036303630363036,0.263157894736842,0.31578947368421,0.263157894736842,0.157894736842105,22,28,"RNCMPT00154,min,GUUCGUC,RBD_v3_024832",1
"RNCMPT00154,min,UCGUCGU,RBD_v3_083816",126,0,0.069306930693069,0.01980198019802,0.085808580858086,0.059405940594059,0.03960396039604,0.04950495049505,0.026402640264026,0.056105610561056,0.056105610561056,0.066006600660066,0.026402640264026,0.036303630363036,0.03960396039604,0.052805280528053,0.075907590759076,0.099009900990099,0.046204620462046,0.04950495049505,0.00990099009901,0.036303630363036,0.236842105263158,0.131578947368421,0.421052631578947,0.210526315789474,30,36,"RNCMPT00154,min,UCGUCGU,RBD_v3_083816",0
"RNCMPT00154,min,UCGUCGU,RBD_v3_145784",126,0,0.069306930693069,0.01980198019802,0.085808580858086,0.059405940594059,0.03960396039604,0.04950495049505,0.026402640264026,0.056105610561056,0.056105610561056,0.066006600660066,0.026402640264026,0.036303630363036,0.03960396039604,0.052805280528053,0.075907590759076,0.099009900990099,0.046204620462046,0.04950495049505,0.00990099009901,0.036303630363036,0.342857142857143,0.2,0.257142857142857,0.2,20,26,"RNCMPT00154,min,UCGUCGU,RBD_v3_145784",0
"RNCMPT00155,max,AGAAAAA,RBD_v3_116048",88,1,0.077294685990338,0.009661835748792,0.057971014492754,0.072463768115942,0.057971014492754,0.07487922705314,0.009661835748792,0.043478260869565,0.084541062801932,0.057971014492754,0.043478260869565,0.048309178743961,0.048309178743961,0.038647342995169,0.070048309178744,0.060386473429952,0.036231884057971,0.070048309178744,0.002415458937198,0.036231884057971,0.433333333333333,0.133333333333333,0.3,0.133333333333333,1,7,"RNCMPT00155,max,AGAAAAA,RBD_v3_116048",1
"RNCMPT00155,max,AGAAAAA,RBD_v3_140436",88,1,0.077294685990338,0.009661835748792,0.057971014492754,0.072463768115942,0.057971014492754,0.07487922705314,0.009661835748792,0.043478260869565,0.084541062801932,0.057971014492754,0.043478260869565,0.048309178743961,0.048309178743961,0.038647342995169,0.070048309178744,0.060386473429952,0.036231884057971,0.070048309178744,0.002415458937198,0.036231884057971,0.421052631578947,0.157894736842105,0.289473684210526,0.131578947368421,1,7,"RNCMPT00155,max,AGAAAAA,RBD_v3_140436",1
"RNCMPT00155,max,AGAAAAC,RBD_v3_075295",88,1,0.077294685990338,0.009661835748792,0.057971014492754,0.072463768115942,0.057971014492754,0.07487922705314,0.009661835748792,0.043478260869565,0.084541062801932,0.057971014492754,0.043478260869565,0.048309178743961,0.048309178743961,0.038647342995169,0.070048309178744,0.060386473429952,0.036231884057971,0.070048309178744,0.002415458937198,0.036231884057971,0.4,0.257142857142857,0.257142857142857,0.085714285714286,1,7,"RNCMPT00155,max,AGAAAAC,RBD_v3_075295",1
"RNCMPT00155,min,CGGUUUG,RBD_v3_057299",88,0,0.077294685990338,0.009661835748792,0.057971014492754,0.072463768115942,0.057971014492754,0.07487922705314,0.009661835748792,0.043478260869565,0.084541062801932,0.057971014492754,0.043478260869565,0.048309178743961,0.048309178743961,0.038647342995169,0.070048309178744,0.060386473429952,0.036231884057971,0.070048309178744,0.002415458937198,0.036231884057971,0.133333333333333,0.3,0.3,0.266666666666667,12,18,"RNCMPT00155,min,CGGUUUG,RBD_v3_057299",1
"RNCMPT00155,min,UUUGCAG,RBD_v3_014533",88,0,0.077294685990338,0.009661835748792,0.057971014492754,0.072463768115942,0.057971014492754,0.07487922705314,0.009661835748792,0.043478260869565,0.084541062801932,0.057971014492754,0.043478260869565,0.048309178743961,0.048309178743961,0.038647342995169,0.070048309178744,0.060386473429952,0.036231884057971,0.070048309178744,0.002415458937198,0.036231884057971,0.210526315789474,0.368421052631579,0.184210526315789,0.236842105263158,12,18,"RNCMPT00155,min,UUUGCAG,RBD_v3_014533",1
"RNCMPT00155,min,UUUGCAG,RBD_v3_022234",88,0,0.077294685990338,0.009661835748792,0.057971014492754,0.072463768115942,0.057971014492754,0.07487922705314,0.009661835748792,0.043478260869565,0.084541062801932,0.057971014492754,0.043478260869565,0.048309178743961,0.048309178743961,0.038647342995169,0.070048309178744,0.060386473429952,0.036231884057971,0.070048309178744,0.002415458937198,0.036231884057971,0.228571428571429,0.142857142857143,0.228571428571429,0.4,6,12,"RNCMPT00155,min,UUUGCAG,RBD_v3_022234",1
"RNCMPT00156,max,AGACAGA,RBD_v3_072324",22,1,0.067796610169492,0.022598870056497,0.033898305084746,0.084745762711864,0.028248587570621,0.050847457627119,0.022598870056497,0.033898305084746,0.107344632768361,0.073446327683616,0.016949152542373,0.050847457627119,0.045197740112994,0.067796610169492,0.050847457627119,0.073446327683616,0.033898305084746,0.084745762711864,0,0.050847457627119,0.371428571428571,0.257142857142857,0.257142857142857,0.114285714285714,1,7,"RNCMPT00156,max,AGACAGA,RBD_v3_072324",1
"RNCMPT00156,max,AGACAGA,RBD_v3_160906",22,1,0.067796610169492,0.022598870056497,0.033898305084746,0.084745762711864,0.028248587570621,0.050847457627119,0.022598870056497,0.033898305084746,0.107344632768361,0.073446327683616,0.016949152542373,0.050847457627119,0.045197740112994,0.067796610169492,0.050847457627119,0.073446327683616,0.033898305084746,0.084745762711864,0,0.050847457627119,0.289473684210526,0.210526315789474,0.31578947368421,0.184210526315789,1,7,"RNCMPT00156,max,AGACAGA,RBD_v3_160906",1
"RNCMPT00156,max,AGACAGA,RBD_v3_170250",22,1,0.067796610169492,0.022598870056497,0.033898305084746,0.084745762711864,0.028248587570621,0.050847457627119,0.022598870056497,0.033898305084746,0.107344632768361,0.073446327683616,0.016949152542373,0.050847457627119,0.045197740112994,0.067796610169492,0.050847457627119,0.073446327683616,0.033898305084746,0.084745762711864,0,0.050847457627119,0.289473684210526,0.236842105263158,0.236842105263158,0.236842105263158,1,7,"RNCMPT00156,max,AGACAGA,RBD_v3_170250",1
"RNCMPT00156,min,CUUUUUU,RBD_v3_085962",22,0,0.067796610169492,0.022598870056497,0.033898305084746,0.084745762711864,0.028248587570621,0.050847457627119,0.022598870056497,0.033898305084746,0.107344632768361,0.073446327683616,0.016949152542373,0.050847457627119,0.045197740112994,0.067796610169492,0.050847457627119,0.073446327683616,0.033898305084746,0.084745762711864,0,0.050847457627119,0.166666666666667,0.2,0.2,0.433333333333333,22,28,"RNCMPT00156,min,CUUUUUU,RBD_v3_085962",1
"RNCMPT00156,min,CUUUUUU,RBD_v3_226608",22,0,0.067796610169492,0.022598870056497,0.033898305084746,0.084745762711864,0.028248587570621,0.050847457627119,0.022598870056497,0.033898305084746,0.107344632768361,0.073446327683616,0.016949152542373,0.050847457627119,0.045197740112994,0.067796610169492,0.050847457627119,0.073446327683616,0.033898305084746,0.084745762711864,0,0.050847457627119,0.184210526315789,0.263157894736842,0.184210526315789,0.368421052631579,16,22,"RNCMPT00156,min,CUUUUUU,RBD_v3_226608",1
"RNCMPT00156,min,UUUUUUU,RBD_v3_120276",22,0,0.067796610169492,0.022598870056497,0.033898305084746,0.084745762711864,0.028248587570621,0.050847457627119,0.022598870056497,0.033898305084746,0.107344632768361,0.073446327683616,0.016949152542373,0.050847457627119,0.045197740112994,0.067796610169492,0.050847457627119,0.073446327683616,0.033898305084746,0.084745762711864,0,0.050847457627119,0.1,0.2,0.233333333333333,0.466666666666667,24,30,"RNCMPT00156,min,UUUUUUU,RBD_v3_120276",1
"RNCMPT00157,max,AGAAGAA,RBD_v3_225915",92,1,0.070588235294118,0.011764705882353,0.035294117647059,0.1,0.047058823529412,0.076470588235294,0.017647058823529,0.047058823529412,0.052941176470588,0.041176470588235,0.029411764705882,0.052941176470588,0.052941176470588,0.017647058823529,0.111764705882353,0.088235294117647,0.047058823529412,0.058823529411765,0,0.041176470588235,0.473684210526316,0.263157894736842,0.157894736842105,0.105263157894737,1,7,"RNCMPT00157,max,AGAAGAA,RBD_v3_225915",0
"RNCMPT00157,max,AGAAGAC,RBD_v3_146157",92,1,0.070588235294118,0.011764705882353,0.035294117647059,0.1,0.047058823529412,0.076470588235294,0.017647058823529,0.047058823529412,0.052941176470588,0.041176470588235,0.029411764705882,0.052941176470588,0.052941176470588,0.017647058823529,0.111764705882353,0.088235294117647,0.047058823529412,0.058823529411765,0,0.041176470588235,0.368421052631579,0.263157894736842,0.263157894736842,0.105263157894737,1,7,"RNCMPT00157,max,AGAAGAC,RBD_v3_146157",1
"RNCMPT00157,max,AGAAGAU,RBD_v3_070903",92,1,0.070588235294118,0.011764705882353,0.035294117647059,0.1,0.047058823529412,0.076470588235294,0.017647058823529,0.047058823529412,0.052941176470588,0.041176470588235,0.029411764705882,0.052941176470588,0.052941176470588,0.017647058823529,0.111764705882353,0.088235294117647,0.047058823529412,0.058823529411765,0,0.041176470588235,0.236842105263158,0.368421052631579,0.184210526315789,0.210526315789474,1,7,"RNCMPT00157,max,AGAAGAU,RBD_v3_070903",0
"RNCMPT00157,min,UGGUUUU,RBD_v3_185877",92,0,0.070588235294118,0.011764705882353,0.035294117647059,0.1,0.047058823529412,0.076470588235294,0.017647058823529,0.047058823529412,0.052941176470588,0.041176470588235,0.029411764705882,0.052941176470588,0.052941176470588,0.017647058823529,0.111764705882353,0.088235294117647,0.047058823529412,0.058823529411765,0,0.041176470588235,0.266666666666667,0.133333333333333,0.333333333333333,0.266666666666667,15,21,"RNCMPT00157,min,UGGUUUU,RBD_v3_185877",1
"RNCMPT00157,min,UGUUUUU,RBD_v3_030672",92,0,0.070588235294118,0.011764705882353,0.035294117647059,0.1,0.047058823529412,0.076470588235294,0.017647058823529,0.047058823529412,0.052941176470588,0.041176470588235,0.029411764705882,0.052941176470588,0.052941176470588,0.017647058823529,0.111764705882353,0.088235294117647,0.047058823529412,0.058823529411765,0,0.041176470588235,0.171428571428571,0.257142857142857,0.228571428571429,0.342857142857143,13,19,"RNCMPT00157,min,UGUUUUU,RBD_v3_030672",1
"RNCMPT00157,min,UUUUGGU,RBD_v3_040676",92,0,0.070588235294118,0.011764705882353,0.035294117647059,0.1,0.047058823529412,0.076470588235294,0.017647058823529,0.047058823529412,0.052941176470588,0.041176470588235,0.029411764705882,0.052941176470588,0.052941176470588,0.017647058823529,0.111764705882353,0.088235294117647,0.047058823529412,0.058823529411765,0,0.041176470588235,0.184210526315789,0.157894736842105,0.236842105263158,0.421052631578947,12,18,"RNCMPT00157,min,UUUUGGU,RBD_v3_040676",1
"RNCMPT00158,max,UUUUUUG,RBD_v3_094016",24,1,0.064748201438849,0.039568345323741,0.08273381294964,0.053956834532374,0.057553956834532,0.089928057553957,0.017985611510791,0.050359712230216,0.046762589928058,0.075539568345324,0.014388489208633,0.014388489208633,0.071942446043165,0.050359712230216,0.064748201438849,0.068345323741007,0.017985611510791,0.064748201438849,0.010791366906475,0.043165467625899,0.157894736842105,0.184210526315789,0.184210526315789,0.473684210526316,31,37,"RNCMPT00158,max,UUUUUUG,RBD_v3_094016",1
"RNCMPT00158,max,UUUUUUG,RBD_v3_119555",24,1,0.064748201438849,0.039568345323741,0.08273381294964,0.053956834532374,0.057553956834532,0.089928057553957,0.017985611510791,0.050359712230216,0.046762589928058,0.075539568345324,0.014388489208633,0.014388489208633,0.071942446043165,0.050359712230216,0.064748201438849,0.068345323741007,0.017985611510791,0.064748201438849,0.010791366906475,0.043165467625899,0.157894736842105,0.184210526315789,0.184210526315789,0.473684210526316,31,37,"RNCMPT00158,max,UUUUUUG,RBD_v3_119555",1
"RNCMPT00158,max,UUUUUUU,RBD_v3_029559",24,1,0.064748201438849,0.039568345323741,0.08273381294964,0.053956834532374,0.057553956834532,0.089928057553957,0.017985611510791,0.050359712230216,0.046762589928058,0.075539568345324,0.014388489208633,0.014388489208633,0.071942446043165,0.050359712230216,0.064748201438849,0.068345323741007,0.017985611510791,0.064748201438849,0.010791366906475,0.043165467625899,0.184210526315789,0.184210526315789,0.236842105263158,0.394736842105263,30,36,"RNCMPT00158,max,UUUUUUU,RBD_v3_029559",1
"RNCMPT00158,min,AGAGUCG,RBD_v3_001231",24,0,0.064748201438849,0.039568345323741,0.08273381294964,0.053956834532374,0.057553956834532,0.089928057553957,0.017985611510791,0.050359712230216,0.046762589928058,0.075539568345324,0.014388489208633,0.014388489208633,0.071942446043165,0.050359712230216,0.064748201438849,0.068345323741007,0.017985611510791,0.064748201438849,0.010791366906475,0.043165467625899,0.31578947368421,0.210526315789474,0.289473684210526,0.184210526315789,21,27,"RNCMPT00158,min,AGAGUCG,RBD_v3_001231",0
"RNCMPT00158,min,GAGUCGU,RBD_v3_188393",24,0,0.064748201438849,0.039568345323741,0.08273381294964,0.053956834532374,0.057553956834532,0.089928057553957,0.017985611510791,0.050359712230216,0.046762589928058,0.075539568345324,0.014388489208633,0.014388489208633,0.071942446043165,0.050359712230216,0.064748201438849,0.068345323741007,0.017985611510791,0.064748201438849,0.010791366906475,0.043165467625899,0.285714285714286,0.257142857142857,0.285714285714286,0.171428571428571,24,30,"RNCMPT00158,min,GAGUCGU,RBD_v3_188393",0
"RNCMPT00158,min,GUGAGUC,RBD_v3_002522",24,0,0.064748201438849,0.039568345323741,0.08273381294964,0.053956834532374,0.057553956834532,0.089928057553957,0.017985611510791,0.050359712230216,0.046762589928058,0.075539568345324,0.014388489208633,0.014388489208633,0.071942446043165,0.050359712230216,0.064748201438849,0.068345323741007,0.017985611510791,0.064748201438849,0.010791366906475,0.043165467625899,0.342105263157895,0.263157894736842,0.236842105263158,0.157894736842105,28,34,"RNCMPT00158,min,GUGAGUC,RBD_v3_002522",1
"RNCMPT00159,max,UUUUUUG,RBD_v3_094016",114,1,0.088235294117647,0.007352941176471,0.073529411764706,0.029411764705882,0.044117647058824,0.080882352941176,0.014705882352941,0.044117647058824,0.073529411764706,0.073529411764706,0.014705882352941,0.066176470588235,0.036764705882353,0.022058823529412,0.080882352941176,0.080882352941176,0.029411764705882,0.066176470588235,0,0.073529411764706,0.157894736842105,0.184210526315789,0.184210526315789,0.473684210526316,31,37,"RNCMPT00159,max,UUUUUUG,RBD_v3_094016",0
"RNCMPT00159,max,UUUUUUG,RBD_v3_119555",114,1,0.088235294117647,0.007352941176471,0.073529411764706,0.029411764705882,0.044117647058824,0.080882352941176,0.014705882352941,0.044117647058824,0.073529411764706,0.073529411764706,0.014705882352941,0.066176470588235,0.036764705882353,0.022058823529412,0.080882352941176,0.080882352941176,0.029411764705882,0.066176470588235,0,0.073529411764706,0.157894736842105,0.184210526315789,0.184210526315789,0.473684210526316,31,37,"RNCMPT00159,max,UUUUUUG,RBD_v3_119555",0
"RNCMPT00159,max,UUUUUUU,RBD_v3_152636",114,1,0.088235294117647,0.007352941176471,0.073529411764706,0.029411764705882,0.044117647058824,0.080882352941176,0.014705882352941,0.044117647058824,0.073529411764706,0.073529411764706,0.014705882352941,0.066176470588235,0.036764705882353,0.022058823529412,0.080882352941176,0.080882352941176,0.029411764705882,0.066176470588235,0,0.073529411764706,0.210526315789474,0.184210526315789,0.236842105263158,0.368421052631579,30,36,"RNCMPT00159,max,UUUUUUU,RBD_v3_152636",0
"RNCMPT00159,min,AAGGGGG,RBD_v3_126934",114,0,0.088235294117647,0.007352941176471,0.073529411764706,0.029411764705882,0.044117647058824,0.080882352941176,0.014705882352941,0.044117647058824,0.073529411764706,0.073529411764706,0.014705882352941,0.066176470588235,0.036764705882353,0.022058823529412,0.080882352941176,0.080882352941176,0.029411764705882,0.066176470588235,0,0.073529411764706,0.289473684210526,0.184210526315789,0.263157894736842,0.263157894736842,11,17,"RNCMPT00159,min,AAGGGGG,RBD_v3_126934",0
"RNCMPT00159,min,AAGGGGG,RBD_v3_230339",114,0,0.088235294117647,0.007352941176471,0.073529411764706,0.029411764705882,0.044117647058824,0.080882352941176,0.014705882352941,0.044117647058824,0.073529411764706,0.073529411764706,0.014705882352941,0.066176470588235,0.036764705882353,0.022058823529412,0.080882352941176,0.080882352941176,0.029411764705882,0.066176470588235,0,0.073529411764706,0.289473684210526,0.157894736842105,0.394736842105263,0.157894736842105,19,25,"RNCMPT00159,min,AAGGGGG,RBD_v3_230339",0
"RNCMPT00159,min,UGGGGGA,RBD_v3_065419",114,0,0.088235294117647,0.007352941176471,0.073529411764706,0.029411764705882,0.044117647058824,0.080882352941176,0.014705882352941,0.044117647058824,0.073529411764706,0.073529411764706,0.014705882352941,0.066176470588235,0.036764705882353,0.022058823529412,0.080882352941176,0.080882352941176,0.029411764705882,0.066176470588235,0,0.073529411764706,0.314285714285714,0.171428571428571,0.314285714285714,0.2,16,22,"RNCMPT00159,min,UGGGGGA,RBD_v3_065419",0
"RNCMPT00160,max,GGAGGGA,RBD_v3_202924",46,1,0.063725490196078,0.012254901960784,0.053921568627451,0.073529411764706,0.058823529411765,0.134803921568627,0.029411764705882,0.031862745098039,0.03921568627451,0.049019607843137,0.041666666666667,0.036764705882353,0.03921568627451,0.024509803921569,0.075980392156863,0.080882352941176,0.041666666666667,0.056372549019608,0.004901960784314,0.051470588235294,0.236842105263158,0.131578947368421,0.421052631578947,0.210526315789474,25,31,"RNCMPT00160,max,GGAGGGA,RBD_v3_202924",0
"RNCMPT00160,max,GGGAGGG,RBD_v3_070390",46,1,0.063725490196078,0.012254901960784,0.053921568627451,0.073529411764706,0.058823529411765,0.134803921568627,0.029411764705882,0.031862745098039,0.03921568627451,0.049019607843137,0.041666666666667,0.036764705882353,0.03921568627451,0.024509803921569,0.075980392156863,0.080882352941176,0.041666666666667,0.056372549019608,0.004901960784314,0.051470588235294,0.314285714285714,0.057142857142857,0.371428571428571,0.257142857142857,11,17,"RNCMPT00160,max,GGGAGGG,RBD_v3_070390",1
"RNCMPT00160,max,GGGAGGG,RBD_v3_081495",46,1,0.063725490196078,0.012254901960784,0.053921568627451,0.073529411764706,0.058823529411765,0.134803921568627,0.029411764705882,0.031862745098039,0.03921568627451,0.049019607843137,0.041666666666667,0.036764705882353,0.03921568627451,0.024509803921569,0.075980392156863,0.080882352941176,0.041666666666667,0.056372549019608,0.004901960784314,0.051470588235294,0.2,0.2,0.566666666666667,0.033333333333333,6,12,"RNCMPT00160,max,GGGAGGG,RBD_v3_081495",1
"RNCMPT00160,min,AGACCCG,RBD_v3_065061",46,0,0.063725490196078,0.012254901960784,0.053921568627451,0.073529411764706,0.058823529411765,0.134803921568627,0.029411764705882,0.031862745098039,0.03921568627451,0.049019607843137,0.041666666666667,0.036764705882353,0.03921568627451,0.024509803921569,0.075980392156863,0.080882352941176,0.041666666666667,0.056372549019608,0.004901960784314,0.051470588235294,0.236842105263158,0.289473684210526,0.210526315789474,0.263157894736842,1,7,"RNCMPT00160,min,AGACCCG,RBD_v3_065061",1
"RNCMPT00160,min,AGACCCG,RBD_v3_163124",46,0,0.063725490196078,0.012254901960784,0.053921568627451,0.073529411764706,0.058823529411765,0.134803921568627,0.029411764705882,0.031862745098039,0.03921568627451,0.049019607843137,0.041666666666667,0.036764705882353,0.03921568627451,0.024509803921569,0.075980392156863,0.080882352941176,0.041666666666667,0.056372549019608,0.004901960784314,0.051470588235294,0.210526315789474,0.236842105263158,0.263157894736842,0.289473684210526,1,7,"RNCMPT00160,min,AGACCCG,RBD_v3_163124",1
"RNCMPT00160,min,AGGCCCG,RBD_v3_072893",46,0,0.063725490196078,0.012254901960784,0.053921568627451,0.073529411764706,0.058823529411765,0.134803921568627,0.029411764705882,0.031862745098039,0.03921568627451,0.049019607843137,0.041666666666667,0.036764705882353,0.03921568627451,0.024509803921569,0.075980392156863,0.080882352941176,0.041666666666667,0.056372549019608,0.004901960784314,0.051470588235294,0.342105263157895,0.263157894736842,0.289473684210526,0.105263157894737,1,7,"RNCMPT00160,min,AGGCCCG,RBD_v3_072893",0
"RNCMPT00161,max,AAUGACA,RBD_v3_029838",37,1,0.056034482758621,0.004310344827586,0.043103448275862,0.094827586206897,0.03448275862069,0.094827586206897,0.021551724137931,0.068965517241379,0.060344827586207,0.081896551724138,0.025862068965517,0.038793103448276,0.021551724137931,0.043103448275862,0.086206896551724,0.056034482758621,0.047413793103448,0.094827586206897,0,0.025862068965517,0.447368421052632,0.157894736842105,0.263157894736842,0.131578947368421,30,36,"RNCMPT00161,max,AAUGACA,RBD_v3_029838",1
"RNCMPT00161,max,AAUGACA,RBD_v3_050497",37,1,0.056034482758621,0.004310344827586,0.043103448275862,0.094827586206897,0.03448275862069,0.094827586206897,0.021551724137931,0.068965517241379,0.060344827586207,0.081896551724138,0.025862068965517,0.038793103448276,0.021551724137931,0.043103448275862,0.086206896551724,0.056034482758621,0.047413793103448,0.094827586206897,0,0.025862068965517,0.31578947368421,0.131578947368421,0.342105263157895,0.210526315789474,17,23,"RNCMPT00161,max,AAUGACA,RBD_v3_050497",1
"RNCMPT00161,max,AUGACAA,RBD_v3_084176",37,1,0.056034482758621,0.004310344827586,0.043103448275862,0.094827586206897,0.03448275862069,0.094827586206897,0.021551724137931,0.068965517241379,0.060344827586207,0.081896551724138,0.025862068965517,0.038793103448276,0.021551724137931,0.043103448275862,0.086206896551724,0.056034482758621,0.047413793103448,0.094827586206897,0,0.025862068965517,0.5,0.184210526315789,0.210526315789474,0.105263157894737,21,27,"RNCMPT00161,max,AUGACAA,RBD_v3_084176",0
"RNCMPT00161,min,CCAACCC,RBD_v3_171931",37,0,0.056034482758621,0.004310344827586,0.043103448275862,0.094827586206897,0.03448275862069,0.094827586206897,0.021551724137931,0.068965517241379,0.060344827586207,0.081896551724138,0.025862068965517,0.038793103448276,0.021551724137931,0.043103448275862,0.086206896551724,0.056034482758621,0.047413793103448,0.094827586206897,0,0.025862068965517,0.533333333333333,0.166666666666667,0.2,0.1,15,21,"RNCMPT00161,min,CCAACCC,RBD_v3_171931",1
"RNCMPT00161,min,CCCCCCC,RBD_v3_108852",37,0,0.056034482758621,0.004310344827586,0.043103448275862,0.094827586206897,0.03448275862069,0.094827586206897,0.021551724137931,0.068965517241379,0.060344827586207,0.081896551724138,0.025862068965517,0.038793103448276,0.021551724137931,0.043103448275862,0.086206896551724,0.056034482758621,0.047413793103448,0.094827586206897,0,0.025862068965517,0.2,0.4,0.3,0.1,20,26,"RNCMPT00161,min,CCCCCCC,RBD_v3_108852",1
"RNCMPT00161,min,CCCCUUU,RBD_v3_201456",37,0,0.056034482758621,0.004310344827586,0.043103448275862,0.094827586206897,0.03448275862069,0.094827586206897,0.021551724137931,0.068965517241379,0.060344827586207,0.081896551724138,0.025862068965517,0.038793103448276,0.021551724137931,0.043103448275862,0.086206896551724,0.056034482758621,0.047413793103448,0.094827586206897,0,0.025862068965517,0.210526315789474,0.368421052631579,0.184210526315789,0.236842105263158,15,21,"RNCMPT00161,min,CCCCUUU,RBD_v3_201456",1
"RNCMPT00162,max,CGGAGGA,RBD_v3_002491",64,1,0.100478468899522,0.043062200956938,0.028708133971292,0.090909090909091,0.052631578947368,0.100478468899522,0.038277511961722,0.023923444976077,0.08133971291866,0.057416267942584,0.028708133971292,0.019138755980861,0.07177033492823,0.052631578947368,0.052631578947368,0.07177033492823,0.023923444976077,0.047846889952153,0.004784688995215,0.009569377990431,0.333333333333333,0.2,0.333333333333333,0.133333333333333,11,17,"RNCMPT00162,max,CGGAGGA,RBD_v3_002491",1
"RNCMPT00162,max,CGGAGGA,RBD_v3_116228",64,1,0.100478468899522,0.043062200956938,0.028708133971292,0.090909090909091,0.052631578947368,0.100478468899522,0.038277511961722,0.023923444976077,0.08133971291866,0.057416267942584,0.028708133971292,0.019138755980861,0.07177033492823,0.052631578947368,0.052631578947368,0.07177033492823,0.023923444976077,0.047846889952153,0.004784688995215,0.009569377990431,0.333333333333333,0.2,0.333333333333333,0.133333333333333,11,17,"RNCMPT00162,max,CGGAGGA,RBD_v3_116228",1
"RNCMPT00162,max,GGAGGAG,RBD_v3_065928",64,1,0.100478468899522,0.043062200956938,0.028708133971292,0.090909090909091,0.052631578947368,0.100478468899522,0.038277511961722,0.023923444976077,0.08133971291866,0.057416267942584,0.028708133971292,0.019138755980861,0.07177033492823,0.052631578947368,0.052631578947368,0.07177033492823,0.023923444976077,0.047846889952153,0.004784688995215,0.009569377990431,0.31578947368421,0.131578947368421,0.394736842105263,0.157894736842105,17,23,"RNCMPT00162,max,GGAGGAG,RBD_v3_065928",0
"RNCMPT00162,min,ACCGCCC,RBD_v3_157306",64,0,0.100478468899522,0.043062200956938,0.028708133971292,0.090909090909091,0.052631578947368,0.100478468899522,0.038277511961722,0.023923444976077,0.08133971291866,0.057416267942584,0.028708133971292,0.019138755980861,0.07177033492823,0.052631578947368,0.052631578947368,0.07177033492823,0.023923444976077,0.047846889952153,0.004784688995215,0.009569377990431,0.314285714285714,0.285714285714286,0.257142857142857,0.142857142857143,10,16,"RNCMPT00162,min,ACCGCCC,RBD_v3_157306",0
"RNCMPT00162,min,CGCCGCC,RBD_v3_049594",64,0,0.100478468899522,0.043062200956938,0.028708133971292,0.090909090909091,0.052631578947368,0.100478468899522,0.038277511961722,0.023923444976077,0.08133971291866,0.057416267942584,0.028708133971292,0.019138755980861,0.07177033492823,0.052631578947368,0.052631578947368,0.07177033492823,0.023923444976077,0.047846889952153,0.004784688995215,0.009569377990431,0.266666666666667,0.233333333333333,0.333333333333333,0.166666666666667,17,23,"RNCMPT00162,min,CGCCGCC,RBD_v3_049594",1
"RNCMPT00162,min,CGCCGCC,RBD_v3_136214",64,0,0.100478468899522,0.043062200956938,0.028708133971292,0.090909090909091,0.052631578947368,0.100478468899522,0.038277511961722,0.023923444976077,0.08133971291866,0.057416267942584,0.028708133971292,0.019138755980861,0.07177033492823,0.052631578947368,0.052631578947368,0.07177033492823,0.023923444976077,0.047846889952153,0.004784688995215,0.009569377990431,0.2,0.342857142857143,0.2,0.257142857142857,12,18,"RNCMPT00162,min,CGCCGCC,RBD_v3_136214",1
"RNCMPT00164,max,GUUCGUU,RBD_v3_129456",197,1,0.085106382978723,0.018617021276596,0.042553191489362,0.095744680851064,0.018617021276596,0.045212765957447,0.007978723404255,0.061170212765957,0.146276595744681,0.071808510638298,0.021276595744681,0.055851063829787,0.034574468085106,0.018617021276596,0.018617021276596,0.095744680851064,0.061170212765957,0.079787234042553,0,0.021276595744681,0.051282051282051,0.179487179487179,0.333333333333333,0.435897435897436,5,11,"RNCMPT00164,max,GUUCGUU,RBD_v3_129456",1
"RNCMPT00164,max,GUUCGUU,RBD_v3_189047",197,1,0.085106382978723,0.018617021276596,0.042553191489362,0.095744680851064,0.018617021276596,0.045212765957447,0.007978723404255,0.061170212765957,0.146276595744681,0.071808510638298,0.021276595744681,0.055851063829787,0.034574468085106,0.018617021276596,0.018617021276596,0.095744680851064,0.061170212765957,0.079787234042553,0,0.021276595744681,0.166666666666667,0.2,0.366666666666667,0.266666666666667,10,16,"RNCMPT00164,max,GUUCGUU,RBD_v3_189047",0
"RNCMPT00164,max,GUUCGUU,RBD_v3_237729",197,1,0.085106382978723,0.018617021276596,0.042553191489362,0.095744680851064,0.018617021276596,0.045212765957447,0.007978723404255,0.061170212765957,0.146276595744681,0.071808510638298,0.021276595744681,0.055851063829787,0.034574468085106,0.018617021276596,0.018617021276596,0.095744680851064,0.061170212765957,0.079787234042553,0,0.021276595744681,0.051282051282051,0.179487179487179,0.333333333333333,0.435897435897436,5,11,"RNCMPT00164,max,GUUCGUU,RBD_v3_237729",1
"RNCMPT00164,min,AGGGGGA,RBD_v3_175568",197,0,0.085106382978723,0.018617021276596,0.042553191489362,0.095744680851064,0.018617021276596,0.045212765957447,0.007978723404255,0.061170212765957,0.146276595744681,0.071808510638298,0.021276595744681,0.055851063829787,0.034574468085106,0.018617021276596,0.018617021276596,0.095744680851064,0.061170212765957,0.079787234042553,0,0.021276595744681,0.366666666666667,0.166666666666667,0.333333333333333,0.133333333333333,11,17,"RNCMPT00164,min,AGGGGGA,RBD_v3_175568",1
"RNCMPT00164,min,AGGGGGA,RBD_v3_216069",197,0,0.085106382978723,0.018617021276596,0.042553191489362,0.095744680851064,0.018617021276596,0.045212765957447,0.007978723404255,0.061170212765957,0.146276595744681,0.071808510638298,0.021276595744681,0.055851063829787,0.034574468085106,0.018617021276596,0.018617021276596,0.095744680851064,0.061170212765957,0.079787234042553,0,0.021276595744681,0.342105263157895,0.078947368421053,0.421052631578947,0.157894736842105,9,15,"RNCMPT00164,min,AGGGGGA,RBD_v3_216069",1
"RNCMPT00164,min,AGGGGGC,RBD_v3_081252",197,0,0.085106382978723,0.018617021276596,0.042553191489362,0.095744680851064,0.018617021276596,0.045212765957447,0.007978723404255,0.061170212765957,0.146276595744681,0.071808510638298,0.021276595744681,0.055851063829787,0.034574468085106,0.018617021276596,0.018617021276596,0.095744680851064,0.061170212765957,0.079787234042553,0,0.021276595744681,0.31578947368421,0.131578947368421,0.394736842105263,0.157894736842105,1,7,"RNCMPT00164,min,AGGGGGC,RBD_v3_081252",1
"RNCMPT00165,max,CUUUUUU,RBD_v3_029559",168,1,0.068571428571429,0.017142857142857,0.04,0.045714285714286,0.045714285714286,0.088571428571429,0.022857142857143,0.045714285714286,0.054285714285714,0.034285714285714,0.037142857142857,0.054285714285714,0.048571428571429,0.085714285714286,0.034285714285714,0.077142857142857,0.065714285714286,0.068571428571429,0.025714285714286,0.04,0.184210526315789,0.184210526315789,0.236842105263158,0.394736842105263,29,35,"RNCMPT00165,max,CUUUUUU,RBD_v3_029559",1
"RNCMPT00165,max,UUUUUUG,RBD_v3_094016",168,1,0.068571428571429,0.017142857142857,0.04,0.045714285714286,0.045714285714286,0.088571428571429,0.022857142857143,0.045714285714286,0.054285714285714,0.034285714285714,0.037142857142857,0.054285714285714,0.048571428571429,0.085714285714286,0.034285714285714,0.077142857142857,0.065714285714286,0.068571428571429,0.025714285714286,0.04,0.157894736842105,0.184210526315789,0.184210526315789,0.473684210526316,31,37,"RNCMPT00165,max,UUUUUUG,RBD_v3_094016",0
"RNCMPT00165,max,UUUUUUG,RBD_v3_119555",168,1,0.068571428571429,0.017142857142857,0.04,0.045714285714286,0.045714285714286,0.088571428571429,0.022857142857143,0.045714285714286,0.054285714285714,0.034285714285714,0.037142857142857,0.054285714285714,0.048571428571429,0.085714285714286,0.034285714285714,0.077142857142857,0.065714285714286,0.068571428571429,0.025714285714286,0.04,0.157894736842105,0.184210526315789,0.184210526315789,0.473684210526316,31,37,"RNCMPT00165,max,UUUUUUG,RBD_v3_119555",0
"RNCMPT00165,min,AGAGUCG,RBD_v3_085147",168,0,0.068571428571429,0.017142857142857,0.04,0.045714285714286,0.045714285714286,0.088571428571429,0.022857142857143,0.045714285714286,0.054285714285714,0.034285714285714,0.037142857142857,0.054285714285714,0.048571428571429,0.085714285714286,0.034285714285714,0.077142857142857,0.065714285714286,0.068571428571429,0.025714285714286,0.04,0.2,0.3,0.3,0.2,1,7,"RNCMPT00165,min,AGAGUCG,RBD_v3_085147",1
"RNCMPT00165,min,GUGAGUC,RBD_v3_009929",168,0,0.068571428571429,0.017142857142857,0.04,0.045714285714286,0.045714285714286,0.088571428571429,0.022857142857143,0.045714285714286,0.054285714285714,0.034285714285714,0.037142857142857,0.054285714285714,0.048571428571429,0.085714285714286,0.034285714285714,0.077142857142857,0.065714285714286,0.068571428571429,0.025714285714286,0.04,0.2,0.233333333333333,0.4,0.166666666666667,16,22,"RNCMPT00165,min,GUGAGUC,RBD_v3_009929",1
"RNCMPT00165,min,GUGAGUC,RBD_v3_131385",168,0,0.068571428571429,0.017142857142857,0.04,0.045714285714286,0.045714285714286,0.088571428571429,0.022857142857143,0.045714285714286,0.054285714285714,0.034285714285714,0.037142857142857,0.054285714285714,0.048571428571429,0.085714285714286,0.034285714285714,0.077142857142857,0.065714285714286,0.068571428571429,0.025714285714286,0.04,0.236842105263158,0.157894736842105,0.421052631578947,0.184210526315789,12,18,"RNCMPT00165,min,GUGAGUC,RBD_v3_131385",0
"RNCMPT00166,max,GUGUUUG,RBD_v3_174371",11,1,0.088659793814433,0.014432989690722,0.037113402061856,0.039175257731959,0.049484536082474,0.08659793814433,0.02680412371134,0.039175257731959,0.043298969072165,0.092783505154639,0.028865979381443,0.018556701030928,0.098969072164948,0.082474226804124,0.041237113402062,0.072164948453608,0.05979381443299,0.055670103092784,0,0.024742268041237,0.2,0.166666666666667,0.366666666666667,0.266666666666667,18,24,"RNCMPT00166,max,GUGUUUG,RBD_v3_174371",1
"RNCMPT00166,max,UGUGUUU,RBD_v3_146939",11,1,0.088659793814433,0.014432989690722,0.037113402061856,0.039175257731959,0.049484536082474,0.08659793814433,0.02680412371134,0.039175257731959,0.043298969072165,0.092783505154639,0.028865979381443,0.018556701030928,0.098969072164948,0.082474226804124,0.041237113402062,0.072164948453608,0.05979381443299,0.055670103092784,0,0.024742268041237,0.128205128205128,0.205128205128205,0.282051282051282,0.384615384615385,6,12,"RNCMPT00166,max,UGUGUUU,RBD_v3_146939",1
"RNCMPT00166,max,UGUUUGU,RBD_v3_069547",11,1,0.088659793814433,0.014432989690722,0.037113402061856,0.039175257731959,0.049484536082474,0.08659793814433,0.02680412371134,0.039175257731959,0.043298969072165,0.092783505154639,0.028865979381443,0.018556701030928,0.098969072164948,0.082474226804124,0.041237113402062,0.072164948453608,0.05979381443299,0.055670103092784,0,0.024742268041237,0.2,0.171428571428571,0.285714285714286,0.342857142857143,4,10,"RNCMPT00166,max,UGUUUGU,RBD_v3_069547",1
"RNCMPT00166,min,ACACUGC,RBD_v3_071424",11,0,0.088659793814433,0.014432989690722,0.037113402061856,0.039175257731959,0.049484536082474,0.08659793814433,0.02680412371134,0.039175257731959,0.043298969072165,0.092783505154639,0.028865979381443,0.018556701030928,0.098969072164948,0.082474226804124,0.041237113402062,0.072164948453608,0.05979381443299,0.055670103092784,0,0.024742268041237,0.368421052631579,0.236842105263158,0.157894736842105,0.236842105263158,25,31,"RNCMPT00166,min,ACACUGC,RBD_v3_071424",1
"RNCMPT00166,min,CAUGCUA,RBD_v3_030020",11,0,0.088659793814433,0.014432989690722,0.037113402061856,0.039175257731959,0.049484536082474,0.08659793814433,0.02680412371134,0.039175257731959,0.043298969072165,0.092783505154639,0.028865979381443,0.018556701030928,0.098969072164948,0.082474226804124,0.041237113402062,0.072164948453608,0.05979381443299,0.055670103092784,0,0.024742268041237,0.289473684210526,0.236842105263158,0.31578947368421,0.157894736842105,6,12,"RNCMPT00166,min,CAUGCUA,RBD_v3_030020",1
"RNCMPT00166,min,CUACCAC,RBD_v3_154632",11,0,0.088659793814433,0.014432989690722,0.037113402061856,0.039175257731959,0.049484536082474,0.08659793814433,0.02680412371134,0.039175257731959,0.043298969072165,0.092783505154639,0.028865979381443,0.018556701030928,0.098969072164948,0.082474226804124,0.041237113402062,0.072164948453608,0.05979381443299,0.055670103092784,0,0.024742268041237,0.236842105263158,0.342105263157895,0.236842105263158,0.184210526315789,19,25,"RNCMPT00166,min,CUACCAC,RBD_v3_154632",1
"RNCMPT00167,max,UUUUUGC,RBD_v3_008256",45,1,0.114503816793893,0.00763358778626,0.068702290076336,0.038167938931298,0.053435114503817,0.083969465648855,0.015267175572519,0.038167938931298,0.076335877862595,0.030534351145038,0.045801526717557,0.068702290076336,0.030534351145038,0.022900763358779,0.053435114503817,0.083969465648855,0.015267175572519,0.099236641221374,0,0.053435114503817,0.263157894736842,0.236842105263158,0.184210526315789,0.31578947368421,29,35,"RNCMPT00167,max,UUUUUGC,RBD_v3_008256",0
"RNCMPT00167,max,UUUUUUG,RBD_v3_094016",45,1,0.114503816793893,0.00763358778626,0.068702290076336,0.038167938931298,0.053435114503817,0.083969465648855,0.015267175572519,0.038167938931298,0.076335877862595,0.030534351145038,0.045801526717557,0.068702290076336,0.030534351145038,0.022900763358779,0.053435114503817,0.083969465648855,0.015267175572519,0.099236641221374,0,0.053435114503817,0.157894736842105,0.184210526315789,0.184210526315789,0.473684210526316,31,37,"RNCMPT00167,max,UUUUUUG,RBD_v3_094016",0
"RNCMPT00167,max,UUUUUUG,RBD_v3_119555",45,1,0.114503816793893,0.00763358778626,0.068702290076336,0.038167938931298,0.053435114503817,0.083969465648855,0.015267175572519,0.038167938931298,0.076335877862595,0.030534351145038,0.045801526717557,0.068702290076336,0.030534351145038,0.022900763358779,0.053435114503817,0.083969465648855,0.015267175572519,0.099236641221374,0,0.053435114503817,0.157894736842105,0.184210526315789,0.184210526315789,0.473684210526316,31,37,"RNCMPT00167,max,UUUUUUG,RBD_v3_119555",0
"RNCMPT00167,min,AGAGUCG,RBD_v3_123308",45,0,0.114503816793893,0.00763358778626,0.068702290076336,0.038167938931298,0.053435114503817,0.083969465648855,0.015267175572519,0.038167938931298,0.076335877862595,0.030534351145038,0.045801526717557,0.068702290076336,0.030534351145038,0.022900763358779,0.053435114503817,0.083969465648855,0.015267175572519,0.099236641221374,0,0.053435114503817,0.368421052631579,0.131578947368421,0.31578947368421,0.184210526315789,3,9,"RNCMPT00167,min,AGAGUCG,RBD_v3_123308",0
"RNCMPT00167,min,GAGUCGU,RBD_v3_113700",45,0,0.114503816793893,0.00763358778626,0.068702290076336,0.038167938931298,0.053435114503817,0.083969465648855,0.015267175572519,0.038167938931298,0.076335877862595,0.030534351145038,0.045801526717557,0.068702290076336,0.030534351145038,0.022900763358779,0.053435114503817,0.083969465648855,0.015267175572519,0.099236641221374,0,0.053435114503817,0.266666666666667,0.233333333333333,0.333333333333333,0.166666666666667,16,22,"RNCMPT00167,min,GAGUCGU,RBD_v3_113700",0
"RNCMPT00167,min,GAGUCGU,RBD_v3_129771",45,0,0.114503816793893,0.00763358778626,0.068702290076336,0.038167938931298,0.053435114503817,0.083969465648855,0.015267175572519,0.038167938931298,0.076335877862595,0.030534351145038,0.045801526717557,0.068702290076336,0.030534351145038,0.022900763358779,0.053435114503817,0.083969465648855,0.015267175572519,0.099236641221374,0,0.053435114503817,0.166666666666667,0.233333333333333,0.333333333333333,0.266666666666667,2,8,"RNCMPT00167,min,GAGUCGU,RBD_v3_129771",0
"RNCMPT00168,max,UGCAUGC,RBD_v3_031356",115,1,0.082840236686391,0.005917159763314,0.053254437869822,0.06508875739645,0.053254437869822,0.076923076923077,0.017751479289941,0.029585798816568,0.053254437869822,0.041420118343195,0.011834319526627,0.071005917159763,0.059171597633136,0.071005917159763,0.053254437869822,0.059171597633136,0.094674556213018,0.076923076923077,0.005917159763314,0.017751479289941,0.210526315789474,0.31578947368421,0.236842105263158,0.236842105263158,26,32,"RNCMPT00168,max,UGCAUGC,RBD_v3_031356",1
"RNCMPT00168,max,UGCAUGC,RBD_v3_176762",115,1,0.082840236686391,0.005917159763314,0.053254437869822,0.06508875739645,0.053254437869822,0.076923076923077,0.017751479289941,0.029585798816568,0.053254437869822,0.041420118343195,0.011834319526627,0.071005917159763,0.059171597633136,0.071005917159763,0.053254437869822,0.059171597633136,0.094674556213018,0.076923076923077,0.005917159763314,0.017751479289941,0.31578947368421,0.210526315789474,0.236842105263158,0.236842105263158,18,24,"RNCMPT00168,max,UGCAUGC,RBD_v3_176762",1
"RNCMPT00168,max,UUGCAUG,RBD_v3_230485",115,1,0.082840236686391,0.005917159763314,0.053254437869822,0.06508875739645,0.053254437869822,0.076923076923077,0.017751479289941,0.029585798816568,0.053254437869822,0.041420118343195,0.011834319526627,0.071005917159763,0.059171597633136,0.071005917159763,0.053254437869822,0.059171597633136,0.094674556213018,0.076923076923077,0.005917159763314,0.017751479289941,0.333333333333333,0.166666666666667,0.3,0.2,13,19,"RNCMPT00168,max,UUGCAUG,RBD_v3_230485",0
"RNCMPT00168,min,UUCGUCG,RBD_v3_176538",115,0,0.082840236686391,0.005917159763314,0.053254437869822,0.06508875739645,0.053254437869822,0.076923076923077,0.017751479289941,0.029585798816568,0.053254437869822,0.041420118343195,0.011834319526627,0.071005917159763,0.059171597633136,0.071005917159763,0.053254437869822,0.059171597633136,0.094674556213018,0.076923076923077,0.005917159763314,0.017751479289941,0.236842105263158,0.263157894736842,0.236842105263158,0.263157894736842,25,31,"RNCMPT00168,min,UUCGUCG,RBD_v3_176538",1
"RNCMPT00168,min,UUUUUUU,RBD_v3_010118",115,0,0.082840236686391,0.005917159763314,0.053254437869822,0.06508875739645,0.053254437869822,0.076923076923077,0.017751479289941,0.029585798816568,0.053254437869822,0.041420118343195,0.011834319526627,0.071005917159763,0.059171597633136,0.071005917159763,0.053254437869822,0.059171597633136,0.094674556213018,0.076923076923077,0.005917159763314,0.017751479289941,0.166666666666667,0.2,0.2,0.433333333333333,23,29,"RNCMPT00168,min,UUUUUUU,RBD_v3_010118",1
"RNCMPT00168,min,UUUUUUU,RBD_v3_046339",115,0,0.082840236686391,0.005917159763314,0.053254437869822,0.06508875739645,0.053254437869822,0.076923076923077,0.017751479289941,0.029585798816568,0.053254437869822,0.041420118343195,0.011834319526627,0.071005917159763,0.059171597633136,0.071005917159763,0.053254437869822,0.059171597633136,0.094674556213018,0.076923076923077,0.005917159763314,0.017751479289941,0.3,0.066666666666667,0.266666666666667,0.366666666666667,24,30,"RNCMPT00168,min,UUUUUUU,RBD_v3_046339",1
"RNCMPT00169,max,AUAAAAG,RBD_v3_066665",60,1,0.054054054054054,0.010810810810811,0.064864864864865,0.097297297297297,0.043243243243243,0.075675675675676,0.027027027027027,0.043243243243243,0.108108108108108,0.102702702702703,0.048648648648649,0.032432432432432,0.059459459459459,0.037837837837838,0.043243243243243,0.043243243243243,0.021621621621622,0.059459459459459,0,0.027027027027027,0.394736842105263,0.210526315789474,0.131578947368421,0.263157894736842,21,27,"RNCMPT00169,max,AUAAAAG,RBD_v3_066665",1
"RNCMPT00169,max,UAAAAGC,RBD_v3_125730",60,1,0.054054054054054,0.010810810810811,0.064864864864865,0.097297297297297,0.043243243243243,0.075675675675676,0.027027027027027,0.043243243243243,0.108108108108108,0.102702702702703,0.048648648648649,0.032432432432432,0.059459459459459,0.037837837837838,0.043243243243243,0.043243243243243,0.021621621621622,0.059459459459459,0,0.027027027027027,0.4,0.2,0.2,0.2,28,34,"RNCMPT00169,max,UAAAAGC,RBD_v3_125730",1
"RNCMPT00169,max,UAAAAGC,RBD_v3_232425",60,1,0.054054054054054,0.010810810810811,0.064864864864865,0.097297297297297,0.043243243243243,0.075675675675676,0.027027027027027,0.043243243243243,0.108108108108108,0.102702702702703,0.048648648648649,0.032432432432432,0.059459459459459,0.037837837837838,0.043243243243243,0.043243243243243,0.021621621621622,0.059459459459459,0,0.027027027027027,0.4,0.2,0.2,0.2,28,34,"RNCMPT00169,max,UAAAAGC,RBD_v3_232425",1
"RNCMPT00169,min,AGAGUCG,RBD_v3_078093",60,0,0.054054054054054,0.010810810810811,0.064864864864865,0.097297297297297,0.043243243243243,0.075675675675676,0.027027027027027,0.043243243243243,0.108108108108108,0.102702702702703,0.048648648648649,0.032432432432432,0.059459459459459,0.037837837837838,0.043243243243243,0.043243243243243,0.021621621621622,0.059459459459459,0,0.027027027027027,0.257142857142857,0.171428571428571,0.428571428571429,0.142857142857143,1,7,"RNCMPT00169,min,AGAGUCG,RBD_v3_078093",1
"RNCMPT00169,min,GAGUGGG,RBD_v3_100915",60,0,0.054054054054054,0.010810810810811,0.064864864864865,0.097297297297297,0.043243243243243,0.075675675675676,0.027027027027027,0.043243243243243,0.108108108108108,0.102702702702703,0.048648648648649,0.032432432432432,0.059459459459459,0.037837837837838,0.043243243243243,0.043243243243243,0.021621621621622,0.059459459459459,0,0.027027027027027,0.289473684210526,0.210526315789474,0.368421052631579,0.131578947368421,32,38,"RNCMPT00169,min,GAGUGGG,RBD_v3_100915",1
"RNCMPT00169,min,GAGUGGG,RBD_v3_131215",60,0,0.054054054054054,0.010810810810811,0.064864864864865,0.097297297297297,0.043243243243243,0.075675675675676,0.027027027027027,0.043243243243243,0.108108108108108,0.102702702702703,0.048648648648649,0.032432432432432,0.059459459459459,0.037837837837838,0.043243243243243,0.043243243243243,0.021621621621622,0.059459459459459,0,0.027027027027027,0.342105263157895,0.210526315789474,0.263157894736842,0.184210526315789,4,10,"RNCMPT00169,min,GAGUGGG,RBD_v3_131215",1
"RNCMPT00170,max,AAUCCAA,RBD_v3_026869",127,1,0.043596730245232,0.016348773841962,0.065395095367847,0.087193460490463,0.02724795640327,0.076294277929155,0.021798365122616,0.040871934604905,0.065395095367847,0.068119891008174,0.021798365122616,0.035422343324251,0.070844686648501,0.049046321525886,0.095367847411444,0.065395095367847,0.051771117166213,0.046321525885559,0.008174386920981,0.043596730245232,0.3,0.266666666666667,0.166666666666667,0.266666666666667,4,10,"RNCMPT00170,max,AAUCCAA,RBD_v3_026869",1
"RNCMPT00170,max,AAUCCAA,RBD_v3_070010",127,1,0.043596730245232,0.016348773841962,0.065395095367847,0.087193460490463,0.02724795640327,0.076294277929155,0.021798365122616,0.040871934604905,0.065395095367847,0.068119891008174,0.021798365122616,0.035422343324251,0.070844686648501,0.049046321525886,0.095367847411444,0.065395095367847,0.051771117166213,0.046321525885559,0.008174386920981,0.043596730245232,0.236842105263158,0.236842105263158,0.184210526315789,0.342105263157895,27,33,"RNCMPT00170,max,AAUCCAA,RBD_v3_070010",1
"RNCMPT00170,max,UCAUCCA,RBD_v3_008078",127,1,0.043596730245232,0.016348773841962,0.065395095367847,0.087193460490463,0.02724795640327,0.076294277929155,0.021798365122616,0.040871934604905,0.065395095367847,0.068119891008174,0.021798365122616,0.035422343324251,0.070844686648501,0.049046321525886,0.095367847411444,0.065395095367847,0.051771117166213,0.046321525885559,0.008174386920981,0.043596730245232,0.210526315789474,0.236842105263158,0.210526315789474,0.342105263157895,18,24,"RNCMPT00170,max,UCAUCCA,RBD_v3_008078",0
"RNCMPT00170,min,AGGGGGG,RBD_v3_008089",127,0,0.043596730245232,0.016348773841962,0.065395095367847,0.087193460490463,0.02724795640327,0.076294277929155,0.021798365122616,0.040871934604905,0.065395095367847,0.068119891008174,0.021798365122616,0.035422343324251,0.070844686648501,0.049046321525886,0.095367847411444,0.065395095367847,0.051771117166213,0.046321525885559,0.008174386920981,0.043596730245232,0.289473684210526,0.131578947368421,0.394736842105263,0.184210526315789,19,25,"RNCMPT00170,min,AGGGGGG,RBD_v3_008089",1
"RNCMPT00170,min,GGGGGGA,RBD_v3_093036",127,0,0.043596730245232,0.016348773841962,0.065395095367847,0.087193460490463,0.02724795640327,0.076294277929155,0.021798365122616,0.040871934604905,0.065395095367847,0.068119891008174,0.021798365122616,0.035422343324251,0.070844686648501,0.049046321525886,0.095367847411444,0.065395095367847,0.051771117166213,0.046321525885559,0.008174386920981,0.043596730245232,0.31578947368421,0.131578947368421,0.31578947368421,0.236842105263158,2,8,"RNCMPT00170,min,GGGGGGA,RBD_v3_093036",1
"RNCMPT00170,min,GGGGGGA,RBD_v3_141881",127,0,0.043596730245232,0.016348773841962,0.065395095367847,0.087193460490463,0.02724795640327,0.076294277929155,0.021798365122616,0.040871934604905,0.065395095367847,0.068119891008174,0.021798365122616,0.035422343324251,0.070844686648501,0.049046321525886,0.095367847411444,0.065395095367847,0.051771117166213,0.046321525885559,0.008174386920981,0.043596730245232,0.166666666666667,0.033333333333333,0.5,0.3,2,8,"RNCMPT00170,min,GGGGGGA,RBD_v3_141881",1
"RNCMPT00171,max,AGAAAAU,RBD_v3_134489",91,1,0.070680628272251,0.015706806282723,0.06544502617801,0.06282722513089,0.06282722513089,0.083769633507853,0.013089005235602,0.044502617801047,0.089005235602094,0.075916230366492,0.020942408376963,0.049738219895288,0.041884816753927,0.015706806282723,0.086387434554974,0.054973821989529,0.031413612565445,0.073298429319372,0.007853403141361,0.034031413612565,0.5,0.166666666666667,0.266666666666667,0.066666666666667,1,7,"RNCMPT00171,max,AGAAAAU,RBD_v3_134489",0
"RNCMPT00171,max,AGAAAUU,RBD_v3_141548",91,1,0.070680628272251,0.015706806282723,0.06544502617801,0.06282722513089,0.06282722513089,0.083769633507853,0.013089005235602,0.044502617801047,0.089005235602094,0.075916230366492,0.020942408376963,0.049738219895288,0.041884816753927,0.015706806282723,0.086387434554974,0.054973821989529,0.031413612565445,0.073298429319372,0.007853403141361,0.034031413612565,0.4,0.166666666666667,0.266666666666667,0.166666666666667,1,7,"RNCMPT00171,max,AGAAAUU,RBD_v3_141548",0
"RNCMPT00171,max,AGAAAUU,RBD_v3_236647",91,1,0.070680628272251,0.015706806282723,0.06544502617801,0.06282722513089,0.06282722513089,0.083769633507853,0.013089005235602,0.044502617801047,0.089005235602094,0.075916230366492,0.020942408376963,0.049738219895288,0.041884816753927,0.015706806282723,0.086387434554974,0.054973821989529,0.031413612565445,0.073298429319372,0.007853403141361,0.034031413612565,0.447368421052632,0.210526315789474,0.184210526315789,0.157894736842105,1,7,"RNCMPT00171,max,AGAAAUU,RBD_v3_236647",0
"RNCMPT00171,min,GGGGGGC,RBD_v3_059942",91,0,0.070680628272251,0.015706806282723,0.06544502617801,0.06282722513089,0.06282722513089,0.083769633507853,0.013089005235602,0.044502617801047,0.089005235602094,0.075916230366492,0.020942408376963,0.049738219895288,0.041884816753927,0.015706806282723,0.086387434554974,0.054973821989529,0.031413612565445,0.073298429319372,0.007853403141361,0.034031413612565,0.2,0.2,0.466666666666667,0.133333333333333,10,16,"RNCMPT00171,min,GGGGGGC,RBD_v3_059942",0
"RNCMPT00171,min,GGGGGGC,RBD_v3_110940",91,0,0.070680628272251,0.015706806282723,0.06544502617801,0.06282722513089,0.06282722513089,0.083769633507853,0.013089005235602,0.044502617801047,0.089005235602094,0.075916230366492,0.020942408376963,0.049738219895288,0.041884816753927,0.015706806282723,0.086387434554974,0.054973821989529,0.031413612565445,0.073298429319372,0.007853403141361,0.034031413612565,0.2,0.233333333333333,0.366666666666667,0.2,9,15,"RNCMPT00171,min,GGGGGGC,RBD_v3_110940",0
"RNCMPT00171,min,GGGGGGG,RBD_v3_131732",91,0,0.070680628272251,0.015706806282723,0.06544502617801,0.06282722513089,0.06282722513089,0.083769633507853,0.013089005235602,0.044502617801047,0.089005235602094,0.075916230366492,0.020942408376963,0.049738219895288,0.041884816753927,0.015706806282723,0.086387434554974,0.054973821989529,0.031413612565445,0.073298429319372,0.007853403141361,0.034031413612565,0.133333333333333,0.133333333333333,0.6,0.133333333333333,2,8,"RNCMPT00171,min,GGGGGGG,RBD_v3_131732",0
"RNCMPT00172,max,AACACAA,RBD_v3_093718",59,1,0.077720207253886,0.010362694300518,0.032815198618307,0.077720207253886,0.027633851468048,0.067357512953368,0.020725388601036,0.079447322970639,0.081174438687392,0.077720207253886,0.013816925734024,0.041450777202073,0.070811744386874,0.072538860103627,0.044905008635579,0.065630397236615,0.051813471502591,0.065630397236615,0.003454231433506,0.01727115716753,0.314285714285714,0.257142857142857,0.228571428571429,0.2,25,31,"RNCMPT00172,max,AACACAA,RBD_v3_093718",0
"RNCMPT00172,max,ACAAACA,RBD_v3_240735",59,1,0.077720207253886,0.010362694300518,0.032815198618307,0.077720207253886,0.027633851468048,0.067357512953368,0.020725388601036,0.079447322970639,0.081174438687392,0.077720207253886,0.013816925734024,0.041450777202073,0.070811744386874,0.072538860103627,0.044905008635579,0.065630397236615,0.051813471502591,0.065630397236615,0.003454231433506,0.01727115716753,0.368421052631579,0.236842105263158,0.131578947368421,0.263157894736842,5,11,"RNCMPT00172,max,ACAAACA,RBD_v3_240735",0
"RNCMPT00172,max,CAAUUCA,RBD_v3_180258",59,1,0.077720207253886,0.010362694300518,0.032815198618307,0.077720207253886,0.027633851468048,0.067357512953368,0.020725388601036,0.079447322970639,0.081174438687392,0.077720207253886,0.013816925734024,0.041450777202073,0.070811744386874,0.072538860103627,0.044905008635579,0.065630397236615,0.051813471502591,0.065630397236615,0.003454231433506,0.01727115716753,0.421052631578947,0.263157894736842,0.157894736842105,0.157894736842105,23,29,"RNCMPT00172,max,CAAUUCA,RBD_v3_180258",0
"RNCMPT00172,min,CCCCCCC,RBD_v3_181436",59,0,0.077720207253886,0.010362694300518,0.032815198618307,0.077720207253886,0.027633851468048,0.067357512953368,0.020725388601036,0.079447322970639,0.081174438687392,0.077720207253886,0.013816925734024,0.041450777202073,0.070811744386874,0.072538860103627,0.044905008635579,0.065630397236615,0.051813471502591,0.065630397236615,0.003454231433506,0.01727115716753,0.285714285714286,0.4,0.114285714285714,0.2,25,31,"RNCMPT00172,min,CCCCCCC,RBD_v3_181436",0
"RNCMPT00172,min,CCUGCCC,RBD_v3_190070",59,0,0.077720207253886,0.010362694300518,0.032815198618307,0.077720207253886,0.027633851468048,0.067357512953368,0.020725388601036,0.079447322970639,0.081174438687392,0.077720207253886,0.013816925734024,0.041450777202073,0.070811744386874,0.072538860103627,0.044905008635579,0.065630397236615,0.051813471502591,0.065630397236615,0.003454231433506,0.01727115716753,0.263157894736842,0.31578947368421,0.184210526315789,0.236842105263158,17,23,"RNCMPT00172,min,CCUGCCC,RBD_v3_190070",0
"RNCMPT00172,min,GCCACCC,RBD_v3_096852",59,0,0.077720207253886,0.010362694300518,0.032815198618307,0.077720207253886,0.027633851468048,0.067357512953368,0.020725388601036,0.079447322970639,0.081174438687392,0.077720207253886,0.013816925734024,0.041450777202073,0.070811744386874,0.072538860103627,0.044905008635579,0.065630397236615,0.051813471502591,0.065630397236615,0.003454231433506,0.01727115716753,0.228571428571429,0.285714285714286,0.228571428571429,0.257142857142857,21,27,"RNCMPT00172,min,GCCACCC,RBD_v3_096852",0
"RNCMPT00173,max,AUAUAGC,RBD_v3_121401",130,1,0.073170731707317,0.016260162601626,0.040650406504065,0.044715447154472,0.024390243902439,0.073170731707317,0.016260162601626,0.040650406504065,0.073170731707317,0.069105691056911,0.024390243902439,0.065040650406504,0.089430894308943,0.077235772357724,0.032520325203252,0.085365853658537,0.060975609756098,0.036585365853659,0.004065040650407,0.052845528455285,0.368421052631579,0.210526315789474,0.289473684210526,0.131578947368421,29,35,"RNCMPT00173,max,AUAUAGC,RBD_v3_121401",0
"RNCMPT00173,max,AUAUAGC,RBD_v3_236027",130,1,0.073170731707317,0.016260162601626,0.040650406504065,0.044715447154472,0.024390243902439,0.073170731707317,0.016260162601626,0.040650406504065,0.073170731707317,0.069105691056911,0.024390243902439,0.065040650406504,0.089430894308943,0.077235772357724,0.032520325203252,0.085365853658537,0.060975609756098,0.036585365853659,0.004065040650407,0.052845528455285,0.368421052631579,0.210526315789474,0.289473684210526,0.131578947368421,29,35,"RNCMPT00173,max,AUAUAGC,RBD_v3_236027",0
"RNCMPT00173,max,UAUAUAG,RBD_v3_042649",130,1,0.073170731707317,0.016260162601626,0.040650406504065,0.044715447154472,0.024390243902439,0.073170731707317,0.016260162601626,0.040650406504065,0.073170731707317,0.069105691056911,0.024390243902439,0.065040650406504,0.089430894308943,0.077235772357724,0.032520325203252,0.085365853658537,0.060975609756098,0.036585365853659,0.004065040650407,0.052845528455285,0.368421052631579,0.131578947368421,0.184210526315789,0.31578947368421,13,19,"RNCMPT00173,max,UAUAUAG,RBD_v3_042649",0
"RNCMPT00173,min,AGAGUCG,RBD_v3_229927",130,0,0.073170731707317,0.016260162601626,0.040650406504065,0.044715447154472,0.024390243902439,0.073170731707317,0.016260162601626,0.040650406504065,0.073170731707317,0.069105691056911,0.024390243902439,0.065040650406504,0.089430894308943,0.077235772357724,0.032520325203252,0.085365853658537,0.060975609756098,0.036585365853659,0.004065040650407,0.052845528455285,0.285714285714286,0.228571428571429,0.228571428571429,0.257142857142857,24,30,"RNCMPT00173,min,AGAGUCG,RBD_v3_229927",1
"RNCMPT00173,min,CCCCCCC,RBD_v3_115165",130,0,0.073170731707317,0.016260162601626,0.040650406504065,0.044715447154472,0.024390243902439,0.073170731707317,0.016260162601626,0.040650406504065,0.073170731707317,0.069105691056911,0.024390243902439,0.065040650406504,0.089430894308943,0.077235772357724,0.032520325203252,0.085365853658537,0.060975609756098,0.036585365853659,0.004065040650407,0.052845528455285,0.157894736842105,0.31578947368421,0.289473684210526,0.236842105263158,25,31,"RNCMPT00173,min,CCCCCCC,RBD_v3_115165",1
"RNCMPT00173,min,CCCCCCC,RBD_v3_183991",130,0,0.073170731707317,0.016260162601626,0.040650406504065,0.044715447154472,0.024390243902439,0.073170731707317,0.016260162601626,0.040650406504065,0.073170731707317,0.069105691056911,0.024390243902439,0.065040650406504,0.089430894308943,0.077235772357724,0.032520325203252,0.085365853658537,0.060975609756098,0.036585365853659,0.004065040650407,0.052845528455285,0.236842105263158,0.31578947368421,0.342105263157895,0.105263157894737,27,33,"RNCMPT00173,min,CCCCCCC,RBD_v3_183991",1
"RNCMPT00174,max,UAUAUUA,RBD_v3_023250",150,1,0.135,0.006666666666667,0.03,0.021666666666667,0.013333333333333,0.09,0.01,0.033333333333333,0.036666666666667,0.046666666666667,0.035,0.045,0.106666666666667,0.091666666666667,0.028333333333333,0.081666666666667,0.081666666666667,0.05,0.008333333333333,0.048333333333333,0.285714285714286,0.2,0.2,0.314285714285714,4,10,"RNCMPT00174,max,UAUAUUA,RBD_v3_023250",0
"RNCMPT00174,max,UAUUUUA,RBD_v3_005916",150,1,0.135,0.006666666666667,0.03,0.021666666666667,0.013333333333333,0.09,0.01,0.033333333333333,0.036666666666667,0.046666666666667,0.035,0.045,0.106666666666667,0.091666666666667,0.028333333333333,0.081666666666667,0.081666666666667,0.05,0.008333333333333,0.048333333333333,0.263157894736842,0.236842105263158,0.184210526315789,0.31578947368421,20,26,"RNCMPT00174,max,UAUUUUA,RBD_v3_005916",1
"RNCMPT00174,max,UAUUUUA,RBD_v3_116039",150,1,0.135,0.006666666666667,0.03,0.021666666666667,0.013333333333333,0.09,0.01,0.033333333333333,0.036666666666667,0.046666666666667,0.035,0.045,0.106666666666667,0.091666666666667,0.028333333333333,0.081666666666667,0.081666666666667,0.05,0.008333333333333,0.048333333333333,0.263157894736842,0.236842105263158,0.184210526315789,0.31578947368421,20,26,"RNCMPT00174,max,UAUUUUA,RBD_v3_116039",1
"RNCMPT00174,min,AGAGUCG,RBD_v3_003246",150,0,0.135,0.006666666666667,0.03,0.021666666666667,0.013333333333333,0.09,0.01,0.033333333333333,0.036666666666667,0.046666666666667,0.035,0.045,0.106666666666667,0.091666666666667,0.028333333333333,0.081666666666667,0.081666666666667,0.05,0.008333333333333,0.048333333333333,0.289473684210526,0.394736842105263,0.236842105263158,0.078947368421053,22,28,"RNCMPT00174,min,AGAGUCG,RBD_v3_003246",1
"RNCMPT00174,min,AGAGUCG,RBD_v3_104687",150,0,0.135,0.006666666666667,0.03,0.021666666666667,0.013333333333333,0.09,0.01,0.033333333333333,0.036666666666667,0.046666666666667,0.035,0.045,0.106666666666667,0.091666666666667,0.028333333333333,0.081666666666667,0.081666666666667,0.05,0.008333333333333,0.048333333333333,0.166666666666667,0.233333333333333,0.233333333333333,0.366666666666667,1,7,"RNCMPT00174,min,AGAGUCG,RBD_v3_104687",1
"RNCMPT00174,min,GUGAGUC,RBD_v3_193333",150,0,0.135,0.006666666666667,0.03,0.021666666666667,0.013333333333333,0.09,0.01,0.033333333333333,0.036666666666667,0.046666666666667,0.035,0.045,0.106666666666667,0.091666666666667,0.028333333333333,0.081666666666667,0.081666666666667,0.05,0.008333333333333,0.048333333333333,0.342857142857143,0.114285714285714,0.314285714285714,0.228571428571429,21,27,"RNCMPT00174,min,GUGAGUC,RBD_v3_193333",1
"RNCMPT00175,max,AUAUAUA,RBD_v3_165347",150,1,0.126506024096386,0.008032128514056,0.034136546184739,0.026104417670683,0.020080321285141,0.080321285140562,0.008032128514056,0.038152610441767,0.040160642570281,0.046184738955823,0.036144578313253,0.050200803212851,0.094377510040161,0.08433734939759,0.026104417670683,0.07429718875502,0.092369477911647,0.05421686746988,0.008032128514056,0.052208835341365,0.31578947368421,0.236842105263158,0.157894736842105,0.289473684210526,25,31,"RNCMPT00175,max,AUAUAUA,RBD_v3_165347",1
"RNCMPT00175,max,UAUAUUA,RBD_v3_023250",150,1,0.126506024096386,0.008032128514056,0.034136546184739,0.026104417670683,0.020080321285141,0.080321285140562,0.008032128514056,0.038152610441767,0.040160642570281,0.046184738955823,0.036144578313253,0.050200803212851,0.094377510040161,0.08433734939759,0.026104417670683,0.07429718875502,0.092369477911647,0.05421686746988,0.008032128514056,0.052208835341365,0.285714285714286,0.2,0.2,0.314285714285714,4,10,"RNCMPT00175,max,UAUAUUA,RBD_v3_023250",0
"RNCMPT00175,max,UAUAUUA,RBD_v3_106267",150,1,0.126506024096386,0.008032128514056,0.034136546184739,0.026104417670683,0.020080321285141,0.080321285140562,0.008032128514056,0.038152610441767,0.040160642570281,0.046184738955823,0.036144578313253,0.050200803212851,0.094377510040161,0.08433734939759,0.026104417670683,0.07429718875502,0.092369477911647,0.05421686746988,0.008032128514056,0.052208835341365,0.333333333333333,0.133333333333333,0.3,0.233333333333333,9,15,"RNCMPT00175,max,UAUAUUA,RBD_v3_106267",0
"RNCMPT00175,min,CCCCCCC,RBD_v3_183991",150,0,0.126506024096386,0.008032128514056,0.034136546184739,0.026104417670683,0.020080321285141,0.080321285140562,0.008032128514056,0.038152610441767,0.040160642570281,0.046184738955823,0.036144578313253,0.050200803212851,0.094377510040161,0.08433734939759,0.026104417670683,0.07429718875502,0.092369477911647,0.05421686746988,0.008032128514056,0.052208835341365,0.236842105263158,0.31578947368421,0.342105263157895,0.105263157894737,27,33,"RNCMPT00175,min,CCCCCCC,RBD_v3_183991",1
"RNCMPT00175,min,CCCCCCU,RBD_v3_183023",150,0,0.126506024096386,0.008032128514056,0.034136546184739,0.026104417670683,0.020080321285141,0.080321285140562,0.008032128514056,0.038152610441767,0.040160642570281,0.046184738955823,0.036144578313253,0.050200803212851,0.094377510040161,0.08433734939759,0.026104417670683,0.07429718875502,0.092369477911647,0.05421686746988,0.008032128514056,0.052208835341365,0.131578947368421,0.394736842105263,0.210526315789474,0.263157894736842,26,32,"RNCMPT00175,min,CCCCCCU,RBD_v3_183023",1
"RNCMPT00175,min,GUGAGUC,RBD_v3_230980",150,0,0.126506024096386,0.008032128514056,0.034136546184739,0.026104417670683,0.020080321285141,0.080321285140562,0.008032128514056,0.038152610441767,0.040160642570281,0.046184738955823,0.036144578313253,0.050200803212851,0.094377510040161,0.08433734939759,0.026104417670683,0.07429718875502,0.092369477911647,0.05421686746988,0.008032128514056,0.052208835341365,0.314285714285714,0.285714285714286,0.285714285714286,0.114285714285714,10,16,"RNCMPT00175,min,GUGAGUC,RBD_v3_230980",1
"RNCMPT00176,max,UAGGUAG,RBD_v3_152603",77,1,0.091160220994475,0.011049723756906,0.041436464088398,0.052486187845304,0.060773480662983,0.104972375690608,0.022099447513812,0.027624309392265,0.046961325966851,0.05524861878453,0.044198895027624,0.016574585635359,0.085635359116022,0.035911602209945,0.049723756906077,0.069060773480663,0.082872928176796,0.06353591160221,0.005524861878453,0.033149171270718,0.314285714285714,0.171428571428571,0.285714285714286,0.228571428571429,5,11,"RNCMPT00176,max,UAGGUAG,RBD_v3_152603",0
"RNCMPT00176,max,UAGGUAG,RBD_v3_241293",77,1,0.091160220994475,0.011049723756906,0.041436464088398,0.052486187845304,0.060773480662983,0.104972375690608,0.022099447513812,0.027624309392265,0.046961325966851,0.05524861878453,0.044198895027624,0.016574585635359,0.085635359116022,0.035911602209945,0.049723756906077,0.069060773480663,0.082872928176796,0.06353591160221,0.005524861878453,0.033149171270718,0.314285714285714,0.171428571428571,0.285714285714286,0.228571428571429,5,11,"RNCMPT00176,max,UAGGUAG,RBD_v3_241293",0
"RNCMPT00176,max,UAGUUAG,RBD_v3_022963",77,1,0.091160220994475,0.011049723756906,0.041436464088398,0.052486187845304,0.060773480662983,0.104972375690608,0.022099447513812,0.027624309392265,0.046961325966851,0.05524861878453,0.044198895027624,0.016574585635359,0.085635359116022,0.035911602209945,0.049723756906077,0.069060773480663,0.082872928176796,0.06353591160221,0.005524861878453,0.033149171270718,0.342105263157895,0.184210526315789,0.184210526315789,0.289473684210526,18,24,"RNCMPT00176,max,UAGUUAG,RBD_v3_022963",0
"RNCMPT00176,min,CCCCUGC,RBD_v3_053875",77,0,0.091160220994475,0.011049723756906,0.041436464088398,0.052486187845304,0.060773480662983,0.104972375690608,0.022099447513812,0.027624309392265,0.046961325966851,0.05524861878453,0.044198895027624,0.016574585635359,0.085635359116022,0.035911602209945,0.049723756906077,0.069060773480663,0.082872928176796,0.06353591160221,0.005524861878453,0.033149171270718,0.184210526315789,0.342105263157895,0.157894736842105,0.31578947368421,25,31,"RNCMPT00176,min,CCCCUGC,RBD_v3_053875",0
"RNCMPT00176,min,CCCUCUG,RBD_v3_061201",77,0,0.091160220994475,0.011049723756906,0.041436464088398,0.052486187845304,0.060773480662983,0.104972375690608,0.022099447513812,0.027624309392265,0.046961325966851,0.05524861878453,0.044198895027624,0.016574585635359,0.085635359116022,0.035911602209945,0.049723756906077,0.069060773480663,0.082872928176796,0.06353591160221,0.005524861878453,0.033149171270718,0.2,0.371428571428571,0.171428571428571,0.257142857142857,22,28,"RNCMPT00176,min,CCCUCUG,RBD_v3_061201",0
"RNCMPT00176,min,CCCUCUG,RBD_v3_177237",77,0,0.091160220994475,0.011049723756906,0.041436464088398,0.052486187845304,0.060773480662983,0.104972375690608,0.022099447513812,0.027624309392265,0.046961325966851,0.05524861878453,0.044198895027624,0.016574585635359,0.085635359116022,0.035911602209945,0.049723756906077,0.069060773480663,0.082872928176796,0.06353591160221,0.005524861878453,0.033149171270718,0.236842105263158,0.289473684210526,0.157894736842105,0.31578947368421,27,33,"RNCMPT00176,min,CCCUCUG,RBD_v3_177237",0
"RNCMPT00177,max,AGAGUAA,RBD_v3_147087",149,1,0.085972850678733,0.009049773755656,0.045248868778281,0.108597285067873,0.067873303167421,0.076923076923077,0.009049773755656,0.040723981900452,0.067873303167421,0.090497737556561,0.009049773755656,0.027149321266968,0.063348416289593,0.031674208144796,0.090497737556561,0.054298642533937,0.049773755656109,0.054298642533937,0,0.018099547511312,0.342105263157895,0.157894736842105,0.210526315789474,0.289473684210526,1,7,"RNCMPT00177,max,AGAGUAA,RBD_v3_147087",1
"RNCMPT00177,max,AGAGUAA,RBD_v3_208884",149,1,0.085972850678733,0.009049773755656,0.045248868778281,0.108597285067873,0.067873303167421,0.076923076923077,0.009049773755656,0.040723981900452,0.067873303167421,0.090497737556561,0.009049773755656,0.027149321266968,0.063348416289593,0.031674208144796,0.090497737556561,0.054298642533937,0.049773755656109,0.054298642533937,0,0.018099547511312,0.236842105263158,0.184210526315789,0.289473684210526,0.289473684210526,1,7,"RNCMPT00177,max,AGAGUAA,RBD_v3_208884",1
"RNCMPT00177,max,GUAGUGU,RBD_v3_037143",149,1,0.085972850678733,0.009049773755656,0.045248868778281,0.108597285067873,0.067873303167421,0.076923076923077,0.009049773755656,0.040723981900452,0.067873303167421,0.090497737556561,0.009049773755656,0.027149321266968,0.063348416289593,0.031674208144796,0.090497737556561,0.054298642533937,0.049773755656109,0.054298642533937,0,0.018099547511312,0.210526315789474,0.210526315789474,0.263157894736842,0.31578947368421,5,11,"RNCMPT00177,max,GUAGUGU,RBD_v3_037143",0
"RNCMPT00177,min,GGGGGCC,RBD_v3_087406",149,0,0.085972850678733,0.009049773755656,0.045248868778281,0.108597285067873,0.067873303167421,0.076923076923077,0.009049773755656,0.040723981900452,0.067873303167421,0.090497737556561,0.009049773755656,0.027149321266968,0.063348416289593,0.031674208144796,0.090497737556561,0.054298642533937,0.049773755656109,0.054298642533937,0,0.018099547511312,0.266666666666667,0.233333333333333,0.4,0.1,12,18,"RNCMPT00177,min,GGGGGCC,RBD_v3_087406",1
"RNCMPT00177,min,GGGGGCC,RBD_v3_110571",149,0,0.085972850678733,0.009049773755656,0.045248868778281,0.108597285067873,0.067873303167421,0.076923076923077,0.009049773755656,0.040723981900452,0.067873303167421,0.090497737556561,0.009049773755656,0.027149321266968,0.063348416289593,0.031674208144796,0.090497737556561,0.054298642533937,0.049773755656109,0.054298642533937,0,0.018099547511312,0.210526315789474,0.184210526315789,0.342105263157895,0.263157894736842,5,11,"RNCMPT00177,min,GGGGGCC,RBD_v3_110571",1
"RNCMPT00177,min,GGGGGCC,RBD_v3_124350",149,0,0.085972850678733,0.009049773755656,0.045248868778281,0.108597285067873,0.067873303167421,0.076923076923077,0.009049773755656,0.040723981900452,0.067873303167421,0.090497737556561,0.009049773755656,0.027149321266968,0.063348416289593,0.031674208144796,0.090497737556561,0.054298642533937,0.049773755656109,0.054298642533937,0,0.018099547511312,0.228571428571429,0.171428571428571,0.342857142857143,0.257142857142857,4,10,"RNCMPT00177,min,GGGGGCC,RBD_v3_124350",1
"RNCMPT00178,max,ACACACA,RBD_v3_049614",50,1,0.062730627306273,0.027675276752768,0.040590405904059,0.070110701107011,0.038745387453875,0.077490774907749,0.025830258302583,0.038745387453875,0.059040590405904,0.077490774907749,0.022140221402214,0.049815498154982,0.053505535055351,0.033210332103321,0.055350553505535,0.088560885608856,0.051660516605166,0.079335793357934,0.003690036900369,0.044280442804428,0.263157894736842,0.263157894736842,0.184210526315789,0.289473684210526,12,18,"RNCMPT00178,max,ACACACA,RBD_v3_049614",1
"RNCMPT00178,max,ACACGCA,RBD_v3_196275",50,1,0.062730627306273,0.027675276752768,0.040590405904059,0.070110701107011,0.038745387453875,0.077490774907749,0.025830258302583,0.038745387453875,0.059040590405904,0.077490774907749,0.022140221402214,0.049815498154982,0.053505535055351,0.033210332103321,0.055350553505535,0.088560885608856,0.051660516605166,0.079335793357934,0.003690036900369,0.044280442804428,0.31578947368421,0.263157894736842,0.263157894736842,0.157894736842105,3,9,"RNCMPT00178,max,ACACGCA,RBD_v3_196275",1
"RNCMPT00178,max,GCACACA,RBD_v3_152810",50,1,0.062730627306273,0.027675276752768,0.040590405904059,0.070110701107011,0.038745387453875,0.077490774907749,0.025830258302583,0.038745387453875,0.059040590405904,0.077490774907749,0.022140221402214,0.049815498154982,0.053505535055351,0.033210332103321,0.055350553505535,0.088560885608856,0.051660516605166,0.079335793357934,0.003690036900369,0.044280442804428,0.342857142857143,0.228571428571429,0.2,0.228571428571429,12,18,"RNCMPT00178,max,GCACACA,RBD_v3_152810",1
"RNCMPT00178,min,AGUGAGU,RBD_v3_187727",50,0,0.062730627306273,0.027675276752768,0.040590405904059,0.070110701107011,0.038745387453875,0.077490774907749,0.025830258302583,0.038745387453875,0.059040590405904,0.077490774907749,0.022140221402214,0.049815498154982,0.053505535055351,0.033210332103321,0.055350553505535,0.088560885608856,0.051660516605166,0.079335793357934,0.003690036900369,0.044280442804428,0.266666666666667,0.133333333333333,0.233333333333333,0.366666666666667,20,26,"RNCMPT00178,min,AGUGAGU,RBD_v3_187727",1
"RNCMPT00178,min,AGUGAGU,RBD_v3_201706",50,0,0.062730627306273,0.027675276752768,0.040590405904059,0.070110701107011,0.038745387453875,0.077490774907749,0.025830258302583,0.038745387453875,0.059040590405904,0.077490774907749,0.022140221402214,0.049815498154982,0.053505535055351,0.033210332103321,0.055350553505535,0.088560885608856,0.051660516605166,0.079335793357934,0.003690036900369,0.044280442804428,0.289473684210526,0.078947368421053,0.447368421052632,0.184210526315789,28,34,"RNCMPT00178,min,AGUGAGU,RBD_v3_201706",1
"RNCMPT00178,min,GUGUGUC,RBD_v3_019656",50,0,0.062730627306273,0.027675276752768,0.040590405904059,0.070110701107011,0.038745387453875,0.077490774907749,0.025830258302583,0.038745387453875,0.059040590405904,0.077490774907749,0.022140221402214,0.049815498154982,0.053505535055351,0.033210332103321,0.055350553505535,0.088560885608856,0.051660516605166,0.079335793357934,0.003690036900369,0.044280442804428,0.257142857142857,0.2,0.285714285714286,0.257142857142857,7,13,"RNCMPT00178,min,GUGUGUC,RBD_v3_019656",1
"RNCMPT00179,max,GUGUGUG,RBD_v3_104995",161,1,0.161290322580645,0.004032258064516,0.036290322580645,0.032258064516129,0.032258064516129,0.07258064516129,0.016129032258065,0.032258064516129,0.032258064516129,0.084677419354839,0.028225806451613,0.044354838709677,0.064516129032258,0.116935483870968,0.036290322580645,0.028225806451613,0.060483870967742,0.064516129032258,0,0.05241935483871,0.233333333333333,0.166666666666667,0.333333333333333,0.266666666666667,11,17,"RNCMPT00179,max,GUGUGUG,RBD_v3_104995",1
"RNCMPT00179,max,GUGUGUG,RBD_v3_138402",161,1,0.161290322580645,0.004032258064516,0.036290322580645,0.032258064516129,0.032258064516129,0.07258064516129,0.016129032258065,0.032258064516129,0.032258064516129,0.084677419354839,0.028225806451613,0.044354838709677,0.064516129032258,0.116935483870968,0.036290322580645,0.028225806451613,0.060483870967742,0.064516129032258,0,0.05241935483871,0.285714285714286,0.171428571428571,0.285714285714286,0.257142857142857,14,20,"RNCMPT00179,max,GUGUGUG,RBD_v3_138402",1
"RNCMPT00179,max,UUGUGUG,RBD_v3_014236",161,1,0.161290322580645,0.004032258064516,0.036290322580645,0.032258064516129,0.032258064516129,0.07258064516129,0.016129032258065,0.032258064516129,0.032258064516129,0.084677419354839,0.028225806451613,0.044354838709677,0.064516129032258,0.116935483870968,0.036290322580645,0.028225806451613,0.060483870967742,0.064516129032258,0,0.05241935483871,0.285714285714286,0.142857142857143,0.314285714285714,0.257142857142857,11,17,"RNCMPT00179,max,UUGUGUG,RBD_v3_014236",1
"RNCMPT00179,min,ACUCGCA,RBD_v3_118630",161,0,0.161290322580645,0.004032258064516,0.036290322580645,0.032258064516129,0.032258064516129,0.07258064516129,0.016129032258065,0.032258064516129,0.032258064516129,0.084677419354839,0.028225806451613,0.044354838709677,0.064516129032258,0.116935483870968,0.036290322580645,0.028225806451613,0.060483870967742,0.064516129032258,0,0.05241935483871,0.285714285714286,0.314285714285714,0.2,0.2,5,11,"RNCMPT00179,min,ACUCGCA,RBD_v3_118630",1
"RNCMPT00179,min,CACUCAC,RBD_v3_228840",161,0,0.161290322580645,0.004032258064516,0.036290322580645,0.032258064516129,0.032258064516129,0.07258064516129,0.016129032258065,0.032258064516129,0.032258064516129,0.084677419354839,0.028225806451613,0.044354838709677,0.064516129032258,0.116935483870968,0.036290322580645,0.028225806451613,0.060483870967742,0.064516129032258,0,0.05241935483871,0.342105263157895,0.263157894736842,0.184210526315789,0.210526315789474,31,37,"RNCMPT00179,min,CACUCAC,RBD_v3_228840",1
"RNCMPT00179,min,UACUCAC,RBD_v3_125017",161,0,0.161290322580645,0.004032258064516,0.036290322580645,0.032258064516129,0.032258064516129,0.07258064516129,0.016129032258065,0.032258064516129,0.032258064516129,0.084677419354839,0.028225806451613,0.044354838709677,0.064516129032258,0.116935483870968,0.036290322580645,0.028225806451613,0.060483870967742,0.064516129032258,0,0.05241935483871,0.31578947368421,0.31578947368421,0.184210526315789,0.184210526315789,31,37,"RNCMPT00179,min,UACUCAC,RBD_v3_125017",1
"RNCMPT00180,max,UUGCAUG,RBD_v3_108076",4,1,0.153465346534653,0,0.027227722772277,0.032178217821782,0.032178217821782,0.04950495049505,0.022277227722772,0.037128712871287,0.022277227722772,0.074257425742574,0.037128712871287,0.032178217821782,0.071782178217822,0.185643564356436,0.044554455445545,0.061881188118812,0.051980198019802,0.051980198019802,0,0.012376237623762,0.179487179487179,0.076923076923077,0.282051282051282,0.461538461538462,6,12,"RNCMPT00180,max,UUGCAUG,RBD_v3_108076",1
"RNCMPT00180,max,UUGCAUG,RBD_v3_230485",4,1,0.153465346534653,0,0.027227722772277,0.032178217821782,0.032178217821782,0.04950495049505,0.022277227722772,0.037128712871287,0.022277227722772,0.074257425742574,0.037128712871287,0.032178217821782,0.071782178217822,0.185643564356436,0.044554455445545,0.061881188118812,0.051980198019802,0.051980198019802,0,0.012376237623762,0.333333333333333,0.166666666666667,0.3,0.2,13,19,"RNCMPT00180,max,UUGCAUG,RBD_v3_230485",1
"RNCMPT00180,max,UUGCAUG,RBD_v3_230545",4,1,0.153465346534653,0,0.027227722772277,0.032178217821782,0.032178217821782,0.04950495049505,0.022277227722772,0.037128712871287,0.022277227722772,0.074257425742574,0.037128712871287,0.032178217821782,0.071782178217822,0.185643564356436,0.044554455445545,0.061881188118812,0.051980198019802,0.051980198019802,0,0.012376237623762,0.433333333333333,0.1,0.333333333333333,0.133333333333333,13,19,"RNCMPT00180,max,UUGCAUG,RBD_v3_230545",1
"RNCMPT00180,min,AAAUCCC,RBD_v3_240085",4,0,0.153465346534653,0,0.027227722772277,0.032178217821782,0.032178217821782,0.04950495049505,0.022277227722772,0.037128712871287,0.022277227722772,0.074257425742574,0.037128712871287,0.032178217821782,0.071782178217822,0.185643564356436,0.044554455445545,0.061881188118812,0.051980198019802,0.051980198019802,0,0.012376237623762,0.342857142857143,0.285714285714286,0.142857142857143,0.228571428571429,13,19,"RNCMPT00180,min,AAAUCCC,RBD_v3_240085",1
"RNCMPT00180,min,CCCACUC,RBD_v3_012226",4,0,0.153465346534653,0,0.027227722772277,0.032178217821782,0.032178217821782,0.04950495049505,0.022277227722772,0.037128712871287,0.022277227722772,0.074257425742574,0.037128712871287,0.032178217821782,0.071782178217822,0.185643564356436,0.044554455445545,0.061881188118812,0.051980198019802,0.051980198019802,0,0.012376237623762,0.263157894736842,0.289473684210526,0.184210526315789,0.263157894736842,23,29,"RNCMPT00180,min,CCCACUC,RBD_v3_012226",1
"RNCMPT00180,min,CCCACUC,RBD_v3_108855",4,0,0.153465346534653,0,0.027227722772277,0.032178217821782,0.032178217821782,0.04950495049505,0.022277227722772,0.037128712871287,0.022277227722772,0.074257425742574,0.037128712871287,0.032178217821782,0.071782178217822,0.185643564356436,0.044554455445545,0.061881188118812,0.051980198019802,0.051980198019802,0,0.012376237623762,0.228571428571429,0.314285714285714,0.171428571428571,0.285714285714286,27,33,"RNCMPT00180,min,CCCACUC,RBD_v3_108855",1
"RNCMPT00181,max,AUGCACA,RBD_v3_057008",73,1,0.157051282051282,0.012820512820513,0.03525641025641,0.03525641025641,0.044871794871795,0.051282051282051,0.022435897435897,0.009615384615385,0.041666666666667,0.118589743589744,0.032051282051282,0.044871794871795,0.060897435897436,0.08974358974359,0.044871794871795,0.092948717948718,0.038461538461538,0.048076923076923,0,0.019230769230769,0.342105263157895,0.263157894736842,0.289473684210526,0.105263157894737,3,9,"RNCMPT00181,max,AUGCACA,RBD_v3_057008",1
"RNCMPT00181,max,UUGCACA,RBD_v3_098694",73,1,0.157051282051282,0.012820512820513,0.03525641025641,0.03525641025641,0.044871794871795,0.051282051282051,0.022435897435897,0.009615384615385,0.041666666666667,0.118589743589744,0.032051282051282,0.044871794871795,0.060897435897436,0.08974358974359,0.044871794871795,0.092948717948718,0.038461538461538,0.048076923076923,0,0.019230769230769,0.342105263157895,0.210526315789474,0.263157894736842,0.184210526315789,14,20,"RNCMPT00181,max,UUGCACA,RBD_v3_098694",1
"RNCMPT00181,max,UUGCACA,RBD_v3_168565",73,1,0.157051282051282,0.012820512820513,0.03525641025641,0.03525641025641,0.044871794871795,0.051282051282051,0.022435897435897,0.009615384615385,0.041666666666667,0.118589743589744,0.032051282051282,0.044871794871795,0.060897435897436,0.08974358974359,0.044871794871795,0.092948717948718,0.038461538461538,0.048076923076923,0,0.019230769230769,0.263157894736842,0.210526315789474,0.263157894736842,0.263157894736842,13,19,"RNCMPT00181,max,UUGCACA,RBD_v3_168565",1
"RNCMPT00181,min,CCCCCCC,RBD_v3_120429",73,0,0.157051282051282,0.012820512820513,0.03525641025641,0.03525641025641,0.044871794871795,0.051282051282051,0.022435897435897,0.009615384615385,0.041666666666667,0.118589743589744,0.032051282051282,0.044871794871795,0.060897435897436,0.08974358974359,0.044871794871795,0.092948717948718,0.038461538461538,0.048076923076923,0,0.019230769230769,0.285714285714286,0.342857142857143,0.171428571428571,0.2,15,21,"RNCMPT00181,min,CCCCCCC,RBD_v3_120429",1
"RNCMPT00181,min,CCCCCCC,RBD_v3_223949",73,0,0.157051282051282,0.012820512820513,0.03525641025641,0.03525641025641,0.044871794871795,0.051282051282051,0.022435897435897,0.009615384615385,0.041666666666667,0.118589743589744,0.032051282051282,0.044871794871795,0.060897435897436,0.08974358974359,0.044871794871795,0.092948717948718,0.038461538461538,0.048076923076923,0,0.019230769230769,0.31578947368421,0.289473684210526,0.236842105263158,0.157894736842105,13,19,"RNCMPT00181,min,CCCCCCC,RBD_v3_223949",1
"RNCMPT00181,min,CCCCCCC,RBD_v3_228785",73,0,0.157051282051282,0.012820512820513,0.03525641025641,0.03525641025641,0.044871794871795,0.051282051282051,0.022435897435897,0.009615384615385,0.041666666666667,0.118589743589744,0.032051282051282,0.044871794871795,0.060897435897436,0.08974358974359,0.044871794871795,0.092948717948718,0.038461538461538,0.048076923076923,0,0.019230769230769,0.228571428571429,0.4,0.114285714285714,0.257142857142857,20,26,"RNCMPT00181,min,CCCCCCC,RBD_v3_228785",1
"RNCMPT00182,max,AUAUAUA,RBD_v3_090891",162,1,0.069327731092437,0.008403361344538,0.039915966386555,0.025210084033613,0.027310924369748,0.092436974789916,0.052521008403361,0.029411764705882,0.033613445378151,0.069327731092437,0.03781512605042,0.07563025210084,0.071428571428571,0.128151260504202,0.03781512605042,0.086134453781513,0.042016806722689,0.033613445378151,0,0.039915966386555,0.371428571428571,0.171428571428571,0.171428571428571,0.285714285714286,3,9,"RNCMPT00182,max,AUAUAUA,RBD_v3_090891",0
"RNCMPT00182,max,AUAUAUA,RBD_v3_223185",162,1,0.069327731092437,0.008403361344538,0.039915966386555,0.025210084033613,0.027310924369748,0.092436974789916,0.052521008403361,0.029411764705882,0.033613445378151,0.069327731092437,0.03781512605042,0.07563025210084,0.071428571428571,0.128151260504202,0.03781512605042,0.086134453781513,0.042016806722689,0.033613445378151,0,0.039915966386555,0.394736842105263,0.157894736842105,0.184210526315789,0.263157894736842,3,9,"RNCMPT00182,max,AUAUAUA,RBD_v3_223185",1
"RNCMPT00182,max,UAUAUAU,RBD_v3_126005",162,1,0.069327731092437,0.008403361344538,0.039915966386555,0.025210084033613,0.027310924369748,0.092436974789916,0.052521008403361,0.029411764705882,0.033613445378151,0.069327731092437,0.03781512605042,0.07563025210084,0.071428571428571,0.128151260504202,0.03781512605042,0.086134453781513,0.042016806722689,0.033613445378151,0,0.039915966386555,0.342105263157895,0.131578947368421,0.236842105263158,0.289473684210526,6,12,"RNCMPT00182,max,UAUAUAU,RBD_v3_126005",0
"RNCMPT00182,min,AGACCCC,RBD_v3_000172",162,0,0.069327731092437,0.008403361344538,0.039915966386555,0.025210084033613,0.027310924369748,0.092436974789916,0.052521008403361,0.029411764705882,0.033613445378151,0.069327731092437,0.03781512605042,0.07563025210084,0.071428571428571,0.128151260504202,0.03781512605042,0.086134453781513,0.042016806722689,0.033613445378151,0,0.039915966386555,0.210526315789474,0.394736842105263,0.263157894736842,0.131578947368421,6,12,"RNCMPT00182,min,AGACCCC,RBD_v3_000172",1
"RNCMPT00182,min,CCCUGAC,RBD_v3_010205",162,0,0.069327731092437,0.008403361344538,0.039915966386555,0.025210084033613,0.027310924369748,0.092436974789916,0.052521008403361,0.029411764705882,0.033613445378151,0.069327731092437,0.03781512605042,0.07563025210084,0.071428571428571,0.128151260504202,0.03781512605042,0.086134453781513,0.042016806722689,0.033613445378151,0,0.039915966386555,0.314285714285714,0.285714285714286,0.228571428571429,0.171428571428571,18,24,"RNCMPT00182,min,CCCUGAC,RBD_v3_010205",0
"RNCMPT00182,min,GACCCAC,RBD_v3_206366",162,0,0.069327731092437,0.008403361344538,0.039915966386555,0.025210084033613,0.027310924369748,0.092436974789916,0.052521008403361,0.029411764705882,0.033613445378151,0.069327731092437,0.03781512605042,0.07563025210084,0.071428571428571,0.128151260504202,0.03781512605042,0.086134453781513,0.042016806722689,0.033613445378151,0,0.039915966386555,0.210526315789474,0.394736842105263,0.184210526315789,0.210526315789474,9,15,"RNCMPT00182,min,GACCCAC,RBD_v3_206366",0
"RNCMPT00183,max,GUGUUGU,RBD_v3_169433",31,1,0.113945578231292,0.01530612244898,0.047619047619048,0.027210884353741,0.042517006802721,0.086734693877551,0.025510204081633,0.040816326530612,0.051020408163265,0.076530612244898,0.02891156462585,0.05952380952381,0.049319727891156,0.091836734693878,0.02891156462585,0.07312925170068,0.056122448979592,0.061224489795918,0.001700680272109,0.022108843537415,0.333333333333333,0.1,0.266666666666667,0.3,21,27,"RNCMPT00183,max,GUGUUGU,RBD_v3_169433",1
"RNCMPT00183,max,GUUUUGU,RBD_v3_093702",31,1,0.113945578231292,0.01530612244898,0.047619047619048,0.027210884353741,0.042517006802721,0.086734693877551,0.025510204081633,0.040816326530612,0.051020408163265,0.076530612244898,0.02891156462585,0.05952380952381,0.049319727891156,0.091836734693878,0.02891156462585,0.07312925170068,0.056122448979592,0.061224489795918,0.001700680272109,0.022108843537415,0.157894736842105,0.210526315789474,0.263157894736842,0.368421052631579,11,17,"RNCMPT00183,max,GUUUUGU,RBD_v3_093702",1
"RNCMPT00183,max,UGUUUGU,RBD_v3_234230",31,1,0.113945578231292,0.01530612244898,0.047619047619048,0.027210884353741,0.042517006802721,0.086734693877551,0.025510204081633,0.040816326530612,0.051020408163265,0.076530612244898,0.02891156462585,0.05952380952381,0.049319727891156,0.091836734693878,0.02891156462585,0.07312925170068,0.056122448979592,0.061224489795918,0.001700680272109,0.022108843537415,0.1,0.133333333333333,0.333333333333333,0.433333333333333,18,24,"RNCMPT00183,max,UGUUUGU,RBD_v3_234230",1
"RNCMPT00183,min,AGGGGGC,RBD_v3_036614",31,0,0.113945578231292,0.01530612244898,0.047619047619048,0.027210884353741,0.042517006802721,0.086734693877551,0.025510204081633,0.040816326530612,0.051020408163265,0.076530612244898,0.02891156462585,0.05952380952381,0.049319727891156,0.091836734693878,0.02891156462585,0.07312925170068,0.056122448979592,0.061224489795918,0.001700680272109,0.022108843537415,0.285714285714286,0.228571428571429,0.342857142857143,0.142857142857143,1,7,"RNCMPT00183,min,AGGGGGC,RBD_v3_036614",0
"RNCMPT00183,min,GGGCACA,RBD_v3_197282",31,0,0.113945578231292,0.01530612244898,0.047619047619048,0.027210884353741,0.042517006802721,0.086734693877551,0.025510204081633,0.040816326530612,0.051020408163265,0.076530612244898,0.02891156462585,0.05952380952381,0.049319727891156,0.091836734693878,0.02891156462585,0.07312925170068,0.056122448979592,0.061224489795918,0.001700680272109,0.022108843537415,0.289473684210526,0.289473684210526,0.236842105263158,0.184210526315789,5,11,"RNCMPT00183,min,GGGCACA,RBD_v3_197282",0
"RNCMPT00183,min,GGGGCAC,RBD_v3_211306",31,0,0.113945578231292,0.01530612244898,0.047619047619048,0.027210884353741,0.042517006802721,0.086734693877551,0.025510204081633,0.040816326530612,0.051020408163265,0.076530612244898,0.02891156462585,0.05952380952381,0.049319727891156,0.091836734693878,0.02891156462585,0.07312925170068,0.056122448979592,0.061224489795918,0.001700680272109,0.022108843537415,0.314285714285714,0.228571428571429,0.314285714285714,0.142857142857143,10,16,"RNCMPT00183,min,GGGGCAC,RBD_v3_211306",0
"RNCMPT00184,max,AGUGUGA,RBD_v3_096522",116,1,0.106870229007634,0.00763358778626,0.045801526717557,0.038167938931298,0.061068702290076,0.091603053435115,0.030534351145038,0.061068702290076,0.053435114503817,0.045801526717557,0.022900763358779,0.022900763358779,0.076335877862595,0.061068702290076,0.061068702290076,0.015267175572519,0.076335877862595,0.068702290076336,0,0.053435114503817,0.368421052631579,0.105263157894737,0.289473684210526,0.236842105263158,16,22,"RNCMPT00184,max,AGUGUGA,RBD_v3_096522",0
"RNCMPT00184,max,AGUGUGA,RBD_v3_129397",116,1,0.106870229007634,0.00763358778626,0.045801526717557,0.038167938931298,0.061068702290076,0.091603053435115,0.030534351145038,0.061068702290076,0.053435114503817,0.045801526717557,0.022900763358779,0.022900763358779,0.076335877862595,0.061068702290076,0.061068702290076,0.015267175572519,0.076335877862595,0.068702290076336,0,0.053435114503817,0.342857142857143,0.085714285714286,0.342857142857143,0.228571428571429,9,15,"RNCMPT00184,max,AGUGUGA,RBD_v3_129397",0
"RNCMPT00184,max,GUGUGUG,RBD_v3_138402",116,1,0.106870229007634,0.00763358778626,0.045801526717557,0.038167938931298,0.061068702290076,0.091603053435115,0.030534351145038,0.061068702290076,0.053435114503817,0.045801526717557,0.022900763358779,0.022900763358779,0.076335877862595,0.061068702290076,0.061068702290076,0.015267175572519,0.076335877862595,0.068702290076336,0,0.053435114503817,0.285714285714286,0.171428571428571,0.285714285714286,0.257142857142857,14,20,"RNCMPT00184,max,GUGUGUG,RBD_v3_138402",0
"RNCMPT00184,min,CACAAAU,RBD_v3_066375",116,0,0.106870229007634,0.00763358778626,0.045801526717557,0.038167938931298,0.061068702290076,0.091603053435115,0.030534351145038,0.061068702290076,0.053435114503817,0.045801526717557,0.022900763358779,0.022900763358779,0.076335877862595,0.061068702290076,0.061068702290076,0.015267175572519,0.076335877862595,0.068702290076336,0,0.053435114503817,0.289473684210526,0.31578947368421,0.263157894736842,0.131578947368421,26,32,"RNCMPT00184,min,CACAAAU,RBD_v3_066375",1
"RNCMPT00184,min,CACAAAU,RBD_v3_114933",116,0,0.106870229007634,0.00763358778626,0.045801526717557,0.038167938931298,0.061068702290076,0.091603053435115,0.030534351145038,0.061068702290076,0.053435114503817,0.045801526717557,0.022900763358779,0.022900763358779,0.076335877862595,0.061068702290076,0.061068702290076,0.015267175572519,0.076335877862595,0.068702290076336,0,0.053435114503817,0.314285714285714,0.2,0.257142857142857,0.228571428571429,21,27,"RNCMPT00184,min,CACAAAU,RBD_v3_114933",1
"RNCMPT00184,min,CGCAACA,RBD_v3_041614",116,0,0.106870229007634,0.00763358778626,0.045801526717557,0.038167938931298,0.061068702290076,0.091603053435115,0.030534351145038,0.061068702290076,0.053435114503817,0.045801526717557,0.022900763358779,0.022900763358779,0.076335877862595,0.061068702290076,0.061068702290076,0.015267175572519,0.076335877862595,0.068702290076336,0,0.053435114503817,0.4,0.2,0.2,0.2,19,25,"RNCMPT00184,min,CGCAACA,RBD_v3_041614",1
"RNCMPT00185,max,AGAUAAA,RBD_v3_213884",61,1,0.05524861878453,0,0.05524861878453,0.12707182320442,0.033149171270718,0.077348066298343,0.022099447513812,0.049723756906077,0.110497237569061,0.110497237569061,0.022099447513812,0.033149171270718,0.038674033149171,0.027624309392265,0.066298342541436,0.088397790055249,0.005524861878453,0.044198895027624,0,0.033149171270718,0.421052631578947,0.184210526315789,0.210526315789474,0.184210526315789,1,7,"RNCMPT00185,max,AGAUAAA,RBD_v3_213884",1
"RNCMPT00185,max,AUAAACA,RBD_v3_065115",61,1,0.05524861878453,0,0.05524861878453,0.12707182320442,0.033149171270718,0.077348066298343,0.022099447513812,0.049723756906077,0.110497237569061,0.110497237569061,0.022099447513812,0.033149171270718,0.038674033149171,0.027624309392265,0.066298342541436,0.088397790055249,0.005524861878453,0.044198895027624,0,0.033149171270718,0.421052631578947,0.184210526315789,0.184210526315789,0.210526315789474,8,14,"RNCMPT00185,max,AUAAACA,RBD_v3_065115",0
"RNCMPT00185,max,AUAAACA,RBD_v3_227701",61,1,0.05524861878453,0,0.05524861878453,0.12707182320442,0.033149171270718,0.077348066298343,0.022099447513812,0.049723756906077,0.110497237569061,0.110497237569061,0.022099447513812,0.033149171270718,0.038674033149171,0.027624309392265,0.066298342541436,0.088397790055249,0.005524861878453,0.044198895027624,0,0.033149171270718,0.342857142857143,0.2,0.2,0.257142857142857,10,16,"RNCMPT00185,max,AUAAACA,RBD_v3_227701",0
"RNCMPT00185,min,GUUGGAC,RBD_v3_167307",61,0,0.05524861878453,0,0.05524861878453,0.12707182320442,0.033149171270718,0.077348066298343,0.022099447513812,0.049723756906077,0.110497237569061,0.110497237569061,0.022099447513812,0.033149171270718,0.038674033149171,0.027624309392265,0.066298342541436,0.088397790055249,0.005524861878453,0.044198895027624,0,0.033149171270718,0.285714285714286,0.142857142857143,0.285714285714286,0.285714285714286,4,10,"RNCMPT00185,min,GUUGGAC,RBD_v3_167307",0
"RNCMPT00185,min,GUUGGAC,RBD_v3_201524",61,0,0.05524861878453,0,0.05524861878453,0.12707182320442,0.033149171270718,0.077348066298343,0.022099447513812,0.049723756906077,0.110497237569061,0.110497237569061,0.022099447513812,0.033149171270718,0.038674033149171,0.027624309392265,0.066298342541436,0.088397790055249,0.005524861878453,0.044198895027624,0,0.033149171270718,0.285714285714286,0.2,0.171428571428571,0.342857142857143,5,11,"RNCMPT00185,min,GUUGGAC,RBD_v3_201524",0
"RNCMPT00185,min,UUGUUGG,RBD_v3_055009",61,0,0.05524861878453,0,0.05524861878453,0.12707182320442,0.033149171270718,0.077348066298343,0.022099447513812,0.049723756906077,0.110497237569061,0.110497237569061,0.022099447513812,0.033149171270718,0.038674033149171,0.027624309392265,0.066298342541436,0.088397790055249,0.005524861878453,0.044198895027624,0,0.033149171270718,0.236842105263158,0.289473684210526,0.210526315789474,0.263157894736842,27,33,"RNCMPT00185,min,UUGUUGG,RBD_v3_055009",0
"RNCMPT00186,max,CCAUACC,RBD_v3_073630",94,1,0.087078651685393,0.025280898876404,0.030898876404494,0.056179775280899,0.01123595505618,0.101123595505618,0.019662921348315,0.095505617977528,0.039325842696629,0.067415730337079,0.033707865168539,0.039325842696629,0.053370786516854,0.056179775280899,0.044943820224719,0.098314606741573,0.070224719101124,0.053370786516854,0.002808988764045,0.014044943820225,0.31578947368421,0.31578947368421,0.105263157894737,0.263157894736842,13,19,"RNCMPT00186,max,CCAUACC,RBD_v3_073630",0
"RNCMPT00186,max,CCCAACC,RBD_v3_032556",94,1,0.087078651685393,0.025280898876404,0.030898876404494,0.056179775280899,0.01123595505618,0.101123595505618,0.019662921348315,0.095505617977528,0.039325842696629,0.067415730337079,0.033707865168539,0.039325842696629,0.053370786516854,0.056179775280899,0.044943820224719,0.098314606741573,0.070224719101124,0.053370786516854,0.002808988764045,0.014044943820225,0.263157894736842,0.31578947368421,0.236842105263158,0.184210526315789,22,28,"RNCMPT00186,max,CCCAACC,RBD_v3_032556",1
"RNCMPT00186,max,CCCAACC,RBD_v3_051431",94,1,0.087078651685393,0.025280898876404,0.030898876404494,0.056179775280899,0.01123595505618,0.101123595505618,0.019662921348315,0.095505617977528,0.039325842696629,0.067415730337079,0.033707865168539,0.039325842696629,0.053370786516854,0.056179775280899,0.044943820224719,0.098314606741573,0.070224719101124,0.053370786516854,0.002808988764045,0.014044943820225,0.368421052631579,0.394736842105263,0.131578947368421,0.105263157894737,4,10,"RNCMPT00186,max,CCCAACC,RBD_v3_051431",1
"RNCMPT00186,min,GGGCGGG,RBD_v3_198448",94,0,0.087078651685393,0.025280898876404,0.030898876404494,0.056179775280899,0.01123595505618,0.101123595505618,0.019662921348315,0.095505617977528,0.039325842696629,0.067415730337079,0.033707865168539,0.039325842696629,0.053370786516854,0.056179775280899,0.044943820224719,0.098314606741573,0.070224719101124,0.053370786516854,0.002808988764045,0.014044943820225,0.210526315789474,0.131578947368421,0.368421052631579,0.289473684210526,24,30,"RNCMPT00186,min,GGGCGGG,RBD_v3_198448",0
"RNCMPT00186,min,GGGGGUG,RBD_v3_037768",94,0,0.087078651685393,0.025280898876404,0.030898876404494,0.056179775280899,0.01123595505618,0.101123595505618,0.019662921348315,0.095505617977528,0.039325842696629,0.067415730337079,0.033707865168539,0.039325842696629,0.053370786516854,0.056179775280899,0.044943820224719,0.098314606741573,0.070224719101124,0.053370786516854,0.002808988764045,0.014044943820225,0.289473684210526,0.157894736842105,0.289473684210526,0.263157894736842,29,35,"RNCMPT00186,min,GGGGGUG,RBD_v3_037768",1
"RNCMPT00186,min,GGGGGUG,RBD_v3_097391",94,0,0.087078651685393,0.025280898876404,0.030898876404494,0.056179775280899,0.01123595505618,0.101123595505618,0.019662921348315,0.095505617977528,0.039325842696629,0.067415730337079,0.033707865168539,0.039325842696629,0.053370786516854,0.056179775280899,0.044943820224719,0.098314606741573,0.070224719101124,0.053370786516854,0.002808988764045,0.014044943820225,0.31578947368421,0.210526315789474,0.236842105263158,0.236842105263158,12,18,"RNCMPT00186,min,GGGGGUG,RBD_v3_097391",1
"RNCMPT00187,max,GUGUUGU,RBD_v3_123072",12,1,0.137214137214137,0.014553014553015,0.037422037422037,0.035343035343035,0.047817047817048,0.112266112266112,0.024948024948025,0.024948024948025,0.03950103950104,0.093555093555094,0.024948024948025,0.024948024948025,0.093555093555094,0.072765072765073,0.045738045738046,0.056133056133056,0.041580041580042,0.04989604989605,0,0.022869022869023,0.184210526315789,0.184210526315789,0.368421052631579,0.263157894736842,11,17,"RNCMPT00187,max,GUGUUGU,RBD_v3_123072",1
"RNCMPT00187,max,GUGUUGU,RBD_v3_162301",12,1,0.137214137214137,0.014553014553015,0.037422037422037,0.035343035343035,0.047817047817048,0.112266112266112,0.024948024948025,0.024948024948025,0.03950103950104,0.093555093555094,0.024948024948025,0.024948024948025,0.093555093555094,0.072765072765073,0.045738045738046,0.056133056133056,0.041580041580042,0.04989604989605,0,0.022869022869023,0.2,0.171428571428571,0.314285714285714,0.314285714285714,10,16,"RNCMPT00187,max,GUGUUGU,RBD_v3_162301",1
"RNCMPT00187,max,UGUGAUG,RBD_v3_160013",12,1,0.137214137214137,0.014553014553015,0.037422037422037,0.035343035343035,0.047817047817048,0.112266112266112,0.024948024948025,0.024948024948025,0.03950103950104,0.093555093555094,0.024948024948025,0.024948024948025,0.093555093555094,0.072765072765073,0.045738045738046,0.056133056133056,0.041580041580042,0.04989604989605,0,0.022869022869023,0.210526315789474,0.157894736842105,0.289473684210526,0.342105263157895,7,13,"RNCMPT00187,max,UGUGAUG,RBD_v3_160013",1
"RNCMPT00187,min,CACUUUC,RBD_v3_094467",12,0,0.137214137214137,0.014553014553015,0.037422037422037,0.035343035343035,0.047817047817048,0.112266112266112,0.024948024948025,0.024948024948025,0.03950103950104,0.093555093555094,0.024948024948025,0.024948024948025,0.093555093555094,0.072765072765073,0.045738045738046,0.056133056133056,0.041580041580042,0.04989604989605,0,0.022869022869023,0.236842105263158,0.289473684210526,0.236842105263158,0.236842105263158,4,10,"RNCMPT00187,min,CACUUUC,RBD_v3_094467",1
"RNCMPT00187,min,CUUUAUA,RBD_v3_128849",12,0,0.137214137214137,0.014553014553015,0.037422037422037,0.035343035343035,0.047817047817048,0.112266112266112,0.024948024948025,0.024948024948025,0.03950103950104,0.093555093555094,0.024948024948025,0.024948024948025,0.093555093555094,0.072765072765073,0.045738045738046,0.056133056133056,0.041580041580042,0.04989604989605,0,0.022869022869023,0.342857142857143,0.257142857142857,0.171428571428571,0.228571428571429,25,31,"RNCMPT00187,min,CUUUAUA,RBD_v3_128849",1
"RNCMPT00187,min,CUUUAUA,RBD_v3_135807",12,0,0.137214137214137,0.014553014553015,0.037422037422037,0.035343035343035,0.047817047817048,0.112266112266112,0.024948024948025,0.024948024948025,0.03950103950104,0.093555093555094,0.024948024948025,0.024948024948025,0.093555093555094,0.072765072765073,0.045738045738046,0.056133056133056,0.041580041580042,0.04989604989605,0,0.022869022869023,0.210526315789474,0.157894736842105,0.157894736842105,0.473684210526316,25,31,"RNCMPT00187,min,CUUUAUA,RBD_v3_135807",1
"RNCMPT00197,max,AUACAUG,RBD_v3_011896",70,1,0.070110701107011,0.003690036900369,0.025830258302583,0.047970479704797,0.047970479704797,0.081180811808118,0.047970479704797,0.040590405904059,0.066420664206642,0.040590405904059,0.029520295202952,0.062730627306273,0.070110701107011,0.066420664206642,0.025830258302583,0.07380073800738,0.055350553505535,0.059040590405904,0.014760147601476,0.070110701107011,0.236842105263158,0.184210526315789,0.210526315789474,0.368421052631579,28,34,"RNCMPT00197,max,AUACAUG,RBD_v3_011896",1
"RNCMPT00197,max,AUACAUG,RBD_v3_119805",70,1,0.070110701107011,0.003690036900369,0.025830258302583,0.047970479704797,0.047970479704797,0.081180811808118,0.047970479704797,0.040590405904059,0.066420664206642,0.040590405904059,0.029520295202952,0.062730627306273,0.070110701107011,0.066420664206642,0.025830258302583,0.07380073800738,0.055350553505535,0.059040590405904,0.014760147601476,0.070110701107011,0.236842105263158,0.184210526315789,0.210526315789474,0.368421052631579,28,34,"RNCMPT00197,max,AUACAUG,RBD_v3_119805",1
"RNCMPT00197,max,UACAUGA,RBD_v3_212656",70,1,0.070110701107011,0.003690036900369,0.025830258302583,0.047970479704797,0.047970479704797,0.081180811808118,0.047970479704797,0.040590405904059,0.066420664206642,0.040590405904059,0.029520295202952,0.062730627306273,0.070110701107011,0.066420664206642,0.025830258302583,0.07380073800738,0.055350553505535,0.059040590405904,0.014760147601476,0.070110701107011,0.31578947368421,0.184210526315789,0.236842105263158,0.263157894736842,15,21,"RNCMPT00197,max,UACAUGA,RBD_v3_212656",1
"RNCMPT00197,min,GACGGGG,RBD_v3_110709",70,0,0.070110701107011,0.003690036900369,0.025830258302583,0.047970479704797,0.047970479704797,0.081180811808118,0.047970479704797,0.040590405904059,0.066420664206642,0.040590405904059,0.029520295202952,0.062730627306273,0.070110701107011,0.066420664206642,0.025830258302583,0.07380073800738,0.055350553505535,0.059040590405904,0.014760147601476,0.070110701107011,0.263157894736842,0.236842105263158,0.342105263157895,0.157894736842105,27,33,"RNCMPT00197,min,GACGGGG,RBD_v3_110709",0
"RNCMPT00197,min,GGGGGAC,RBD_v3_173629",70,0,0.070110701107011,0.003690036900369,0.025830258302583,0.047970479704797,0.047970479704797,0.081180811808118,0.047970479704797,0.040590405904059,0.066420664206642,0.040590405904059,0.029520295202952,0.062730627306273,0.070110701107011,0.066420664206642,0.025830258302583,0.07380073800738,0.055350553505535,0.059040590405904,0.014760147601476,0.070110701107011,0.266666666666667,0.2,0.466666666666667,0.066666666666667,5,11,"RNCMPT00197,min,GGGGGAC,RBD_v3_173629",1
"RNCMPT00197,min,GGGGGAC,RBD_v3_177821",70,0,0.070110701107011,0.003690036900369,0.025830258302583,0.047970479704797,0.047970479704797,0.081180811808118,0.047970479704797,0.040590405904059,0.066420664206642,0.040590405904059,0.029520295202952,0.062730627306273,0.070110701107011,0.066420664206642,0.025830258302583,0.07380073800738,0.055350553505535,0.059040590405904,0.014760147601476,0.070110701107011,0.289473684210526,0.184210526315789,0.368421052631579,0.157894736842105,3,9,"RNCMPT00197,min,GGGGGAC,RBD_v3_177821",1
"RNCMPT00199,max,GGAGGAA,RBD_v3_150109",97,1,0.032520325203252,0.016260162601626,0.08130081300813,0.101626016260163,0.052845528455285,0.065040650406504,0.008130081300813,0.040650406504065,0.08130081300813,0.052845528455285,0.016260162601626,0.08130081300813,0.020325203252033,0.01219512195122,0.134146341463415,0.052845528455285,0.020325203252033,0.065040650406504,0.01219512195122,0.052845528455285,0.368421052631579,0.026315789473684,0.342105263157895,0.263157894736842,2,8,"RNCMPT00199,max,GGAGGAA,RBD_v3_150109",1
"RNCMPT00199,max,GGAGGAA,RBD_v3_191993",97,1,0.032520325203252,0.016260162601626,0.08130081300813,0.101626016260163,0.052845528455285,0.065040650406504,0.008130081300813,0.040650406504065,0.08130081300813,0.052845528455285,0.016260162601626,0.08130081300813,0.020325203252033,0.01219512195122,0.134146341463415,0.052845528455285,0.020325203252033,0.065040650406504,0.01219512195122,0.052845528455285,0.31578947368421,0.131578947368421,0.342105263157895,0.210526315789474,23,29,"RNCMPT00199,max,GGAGGAA,RBD_v3_191993",1
"RNCMPT00199,max,GGAGGAA,RBD_v3_211512",97,1,0.032520325203252,0.016260162601626,0.08130081300813,0.101626016260163,0.052845528455285,0.065040650406504,0.008130081300813,0.040650406504065,0.08130081300813,0.052845528455285,0.016260162601626,0.08130081300813,0.020325203252033,0.01219512195122,0.134146341463415,0.052845528455285,0.020325203252033,0.065040650406504,0.01219512195122,0.052845528455285,0.31578947368421,0.131578947368421,0.421052631578947,0.131578947368421,27,33,"RNCMPT00199,max,GGAGGAA,RBD_v3_211512",1
"RNCMPT00199,min,AGACCCG,RBD_v3_028790",97,0,0.032520325203252,0.016260162601626,0.08130081300813,0.101626016260163,0.052845528455285,0.065040650406504,0.008130081300813,0.040650406504065,0.08130081300813,0.052845528455285,0.016260162601626,0.08130081300813,0.020325203252033,0.01219512195122,0.134146341463415,0.052845528455285,0.020325203252033,0.065040650406504,0.01219512195122,0.052845528455285,0.421052631578947,0.289473684210526,0.157894736842105,0.131578947368421,21,27,"RNCMPT00199,min,AGACCCG,RBD_v3_028790",0
"RNCMPT00199,min,CCCAUUU,RBD_v3_014474",97,0,0.032520325203252,0.016260162601626,0.08130081300813,0.101626016260163,0.052845528455285,0.065040650406504,0.008130081300813,0.040650406504065,0.08130081300813,0.052845528455285,0.016260162601626,0.08130081300813,0.020325203252033,0.01219512195122,0.134146341463415,0.052845528455285,0.020325203252033,0.065040650406504,0.01219512195122,0.052845528455285,0.314285714285714,0.142857142857143,0.257142857142857,0.285714285714286,7,13,"RNCMPT00199,min,CCCAUUU,RBD_v3_014474",1
"RNCMPT00199,min,CUGGCCU,RBD_v3_156157",97,0,0.032520325203252,0.016260162601626,0.08130081300813,0.101626016260163,0.052845528455285,0.065040650406504,0.008130081300813,0.040650406504065,0.08130081300813,0.052845528455285,0.016260162601626,0.08130081300813,0.020325203252033,0.01219512195122,0.134146341463415,0.052845528455285,0.020325203252033,0.065040650406504,0.01219512195122,0.052845528455285,0.342857142857143,0.2,0.171428571428571,0.285714285714286,6,12,"RNCMPT00199,min,CUGGCCU,RBD_v3_156157",1
"RNCMPT00200,max,GUUACAU,RBD_v3_029622",99,1,0.061538461538462,0.006593406593407,0.035164835164835,0.076923076923077,0.050549450549451,0.061538461538462,0.013186813186813,0.057142857142857,0.081318681318681,0.061538461538462,0.026373626373626,0.096703296703297,0.072527472527473,0.059340659340659,0.026373626373626,0.081318681318681,0.03956043956044,0.052747252747253,0.006593406593407,0.032967032967033,0.210526315789474,0.157894736842105,0.289473684210526,0.342105263157895,10,16,"RNCMPT00200,max,GUUACAU,RBD_v3_029622",1
"RNCMPT00200,max,GUUACAU,RBD_v3_109106",99,1,0.061538461538462,0.006593406593407,0.035164835164835,0.076923076923077,0.050549450549451,0.061538461538462,0.013186813186813,0.057142857142857,0.081318681318681,0.061538461538462,0.026373626373626,0.096703296703297,0.072527472527473,0.059340659340659,0.026373626373626,0.081318681318681,0.03956043956044,0.052747252747253,0.006593406593407,0.032967032967033,0.342105263157895,0.131578947368421,0.184210526315789,0.342105263157895,17,23,"RNCMPT00200,max,GUUACAU,RBD_v3_109106",0
"RNCMPT00200,max,UUACAUG,RBD_v3_016235",99,1,0.061538461538462,0.006593406593407,0.035164835164835,0.076923076923077,0.050549450549451,0.061538461538462,0.013186813186813,0.057142857142857,0.081318681318681,0.061538461538462,0.026373626373626,0.096703296703297,0.072527472527473,0.059340659340659,0.026373626373626,0.081318681318681,0.03956043956044,0.052747252747253,0.006593406593407,0.032967032967033,0.263157894736842,0.184210526315789,0.210526315789474,0.342105263157895,23,29,"RNCMPT00200,max,UUACAUG,RBD_v3_016235",0
"RNCMPT00200,min,GACGGGG,RBD_v3_075374",99,0,0.061538461538462,0.006593406593407,0.035164835164835,0.076923076923077,0.050549450549451,0.061538461538462,0.013186813186813,0.057142857142857,0.081318681318681,0.061538461538462,0.026373626373626,0.096703296703297,0.072527472527473,0.059340659340659,0.026373626373626,0.081318681318681,0.03956043956044,0.052747252747253,0.006593406593407,0.032967032967033,0.314285714285714,0.114285714285714,0.342857142857143,0.228571428571429,2,8,"RNCMPT00200,min,GACGGGG,RBD_v3_075374",0
"RNCMPT00200,min,GGGGCAC,RBD_v3_002802",99,0,0.061538461538462,0.006593406593407,0.035164835164835,0.076923076923077,0.050549450549451,0.061538461538462,0.013186813186813,0.057142857142857,0.081318681318681,0.061538461538462,0.026373626373626,0.096703296703297,0.072527472527473,0.059340659340659,0.026373626373626,0.081318681318681,0.03956043956044,0.052747252747253,0.006593406593407,0.032967032967033,0.433333333333333,0.1,0.3,0.166666666666667,9,15,"RNCMPT00200,min,GGGGCAC,RBD_v3_002802",0
"RNCMPT00200,min,GGGGCGA,RBD_v3_146099",99,0,0.061538461538462,0.006593406593407,0.035164835164835,0.076923076923077,0.050549450549451,0.061538461538462,0.013186813186813,0.057142857142857,0.081318681318681,0.061538461538462,0.026373626373626,0.096703296703297,0.072527472527473,0.059340659340659,0.026373626373626,0.081318681318681,0.03956043956044,0.052747252747253,0.006593406593407,0.032967032967033,0.342105263157895,0.184210526315789,0.236842105263158,0.236842105263158,15,21,"RNCMPT00200,min,GGGGCGA,RBD_v3_146099",0
"RNCMPT00202,max,GUUUUUU,RBD_v3_010930",101,1,0.038062283737024,0.006920415224913,0.055363321799308,0.048442906574394,0.041522491349481,0.027681660899654,0.017301038062284,0.107266435986159,0.114186851211073,0.044982698961938,0.044982698961938,0.179930795847751,0.034602076124567,0.024221453287197,0.017301038062284,0.048442906574394,0.055363321799308,0.038062283737024,0,0.055363321799308,0.1,0.133333333333333,0.266666666666667,0.5,24,30,"RNCMPT00202,max,GUUUUUU,RBD_v3_010930",1
"RNCMPT00202,max,UUUUUUU,RBD_v3_042895",101,1,0.038062283737024,0.006920415224913,0.055363321799308,0.048442906574394,0.041522491349481,0.027681660899654,0.017301038062284,0.107266435986159,0.114186851211073,0.044982698961938,0.044982698961938,0.179930795847751,0.034602076124567,0.024221453287197,0.017301038062284,0.048442906574394,0.055363321799308,0.038062283737024,0,0.055363321799308,0.210526315789474,0.210526315789474,0.210526315789474,0.368421052631579,13,19,"RNCMPT00202,max,UUUUUUU,RBD_v3_042895",1
"RNCMPT00202,max,UUUUUUU,RBD_v3_086894",101,1,0.038062283737024,0.006920415224913,0.055363321799308,0.048442906574394,0.041522491349481,0.027681660899654,0.017301038062284,0.107266435986159,0.114186851211073,0.044982698961938,0.044982698961938,0.179930795847751,0.034602076124567,0.024221453287197,0.017301038062284,0.048442906574394,0.055363321799308,0.038062283737024,0,0.055363321799308,0.157894736842105,0.210526315789474,0.184210526315789,0.447368421052632,26,32,"RNCMPT00202,max,UUUUUUU,RBD_v3_086894",1
"RNCMPT00202,min,AGAAGAA,RBD_v3_005677",101,0,0.038062283737024,0.006920415224913,0.055363321799308,0.048442906574394,0.041522491349481,0.027681660899654,0.017301038062284,0.107266435986159,0.114186851211073,0.044982698961938,0.044982698961938,0.179930795847751,0.034602076124567,0.024221453287197,0.017301038062284,0.048442906574394,0.055363321799308,0.038062283737024,0,0.055363321799308,0.368421052631579,0.236842105263158,0.236842105263158,0.157894736842105,1,7,"RNCMPT00202,min,AGAAGAA,RBD_v3_005677",1
"RNCMPT00202,min,AGAAGAA,RBD_v3_041899",101,0,0.038062283737024,0.006920415224913,0.055363321799308,0.048442906574394,0.041522491349481,0.027681660899654,0.017301038062284,0.107266435986159,0.114186851211073,0.044982698961938,0.044982698961938,0.179930795847751,0.034602076124567,0.024221453287197,0.017301038062284,0.048442906574394,0.055363321799308,0.038062283737024,0,0.055363321799308,0.289473684210526,0.210526315789474,0.157894736842105,0.342105263157895,1,7,"RNCMPT00202,min,AGAAGAA,RBD_v3_041899",1
"RNCMPT00202,min,AGAAUGA,RBD_v3_177204",101,0,0.038062283737024,0.006920415224913,0.055363321799308,0.048442906574394,0.041522491349481,0.027681660899654,0.017301038062284,0.107266435986159,0.114186851211073,0.044982698961938,0.044982698961938,0.179930795847751,0.034602076124567,0.024221453287197,0.017301038062284,0.048442906574394,0.055363321799308,0.038062283737024,0,0.055363321799308,0.371428571428571,0.257142857142857,0.2,0.171428571428571,1,7,"RNCMPT00202,min,AGAAUGA,RBD_v3_177204",1
"RNCMPT00203,max,CCAUCAC,RBD_v3_095283",102,1,0.046632124352332,0.005181347150259,0.036269430051813,0.046632124352332,0.05699481865285,0.041450777202073,0.025906735751295,0.113989637305699,0.103626943005181,0.088082901554404,0.020725388601036,0.124352331606218,0.046632124352332,0.036269430051813,0.010362694300518,0.041450777202073,0.051813471502591,0.041450777202073,0.005181347150259,0.05699481865285,0.314285714285714,0.228571428571429,0.228571428571429,0.228571428571429,6,12,"RNCMPT00203,max,CCAUCAC,RBD_v3_095283",0
"RNCMPT00203,max,CCAUCAC,RBD_v3_139521",102,1,0.046632124352332,0.005181347150259,0.036269430051813,0.046632124352332,0.05699481865285,0.041450777202073,0.025906735751295,0.113989637305699,0.103626943005181,0.088082901554404,0.020725388601036,0.124352331606218,0.046632124352332,0.036269430051813,0.010362694300518,0.041450777202073,0.051813471502591,0.041450777202073,0.005181347150259,0.05699481865285,0.233333333333333,0.3,0.266666666666667,0.2,12,18,"RNCMPT00203,max,CCAUCAC,RBD_v3_139521",1
"RNCMPT00203,max,CCUUCAC,RBD_v3_080514",102,1,0.046632124352332,0.005181347150259,0.036269430051813,0.046632124352332,0.05699481865285,0.041450777202073,0.025906735751295,0.113989637305699,0.103626943005181,0.088082901554404,0.020725388601036,0.124352331606218,0.046632124352332,0.036269430051813,0.010362694300518,0.041450777202073,0.051813471502591,0.041450777202073,0.005181347150259,0.05699481865285,0.210526315789474,0.394736842105263,0.236842105263158,0.157894736842105,11,17,"RNCMPT00203,max,CCUUCAC,RBD_v3_080514",1
"RNCMPT00203,min,AGUGGGU,RBD_v3_040948",102,0,0.046632124352332,0.005181347150259,0.036269430051813,0.046632124352332,0.05699481865285,0.041450777202073,0.025906735751295,0.113989637305699,0.103626943005181,0.088082901554404,0.020725388601036,0.124352331606218,0.046632124352332,0.036269430051813,0.010362694300518,0.041450777202073,0.051813471502591,0.041450777202073,0.005181347150259,0.05699481865285,0.233333333333333,0.166666666666667,0.433333333333333,0.166666666666667,4,10,"RNCMPT00203,min,AGUGGGU,RBD_v3_040948",1
"RNCMPT00203,min,GAGUGUG,RBD_v3_065157",102,0,0.046632124352332,0.005181347150259,0.036269430051813,0.046632124352332,0.05699481865285,0.041450777202073,0.025906735751295,0.113989637305699,0.103626943005181,0.088082901554404,0.020725388601036,0.124352331606218,0.046632124352332,0.036269430051813,0.010362694300518,0.041450777202073,0.051813471502591,0.041450777202073,0.005181347150259,0.05699481865285,0.142857142857143,0.257142857142857,0.342857142857143,0.257142857142857,23,29,"RNCMPT00203,min,GAGUGUG,RBD_v3_065157",0
"RNCMPT00203,min,GUGUGUG,RBD_v3_076723",102,0,0.046632124352332,0.005181347150259,0.036269430051813,0.046632124352332,0.05699481865285,0.041450777202073,0.025906735751295,0.113989637305699,0.103626943005181,0.088082901554404,0.020725388601036,0.124352331606218,0.046632124352332,0.036269430051813,0.010362694300518,0.041450777202073,0.051813471502591,0.041450777202073,0.005181347150259,0.05699481865285,0.105263157894737,0.31578947368421,0.210526315789474,0.368421052631579,14,20,"RNCMPT00203,min,GUGUGUG,RBD_v3_076723",0
"RNCMPT00205,max,AGGGGAA,RBD_v3_062797",137,1,0.092436974789916,0.012605042016807,0.088235294117647,0.126050420168067,0.050420168067227,0.117647058823529,0.008403361344538,0.058823529411765,0.071428571428571,0.029411764705882,0.008403361344538,0.046218487394958,0.021008403361345,0.016806722689076,0.07563025210084,0.054621848739496,0.058823529411765,0.042016806722689,0.004201680672269,0.016806722689076,0.368421052631579,0.157894736842105,0.31578947368421,0.157894736842105,1,7,"RNCMPT00205,max,AGGGGAA,RBD_v3_062797",1
"RNCMPT00205,max,AGGGGAA,RBD_v3_143144",137,1,0.092436974789916,0.012605042016807,0.088235294117647,0.126050420168067,0.050420168067227,0.117647058823529,0.008403361344538,0.058823529411765,0.071428571428571,0.029411764705882,0.008403361344538,0.046218487394958,0.021008403361345,0.016806722689076,0.07563025210084,0.054621848739496,0.058823529411765,0.042016806722689,0.004201680672269,0.016806722689076,0.31578947368421,0.105263157894737,0.368421052631579,0.210526315789474,1,7,"RNCMPT00205,max,AGGGGAA,RBD_v3_143144",1
"RNCMPT00205,max,AGGGGAA,RBD_v3_224891",137,1,0.092436974789916,0.012605042016807,0.088235294117647,0.126050420168067,0.050420168067227,0.117647058823529,0.008403361344538,0.058823529411765,0.071428571428571,0.029411764705882,0.008403361344538,0.046218487394958,0.021008403361345,0.016806722689076,0.07563025210084,0.054621848739496,0.058823529411765,0.042016806722689,0.004201680672269,0.016806722689076,0.428571428571429,0.142857142857143,0.342857142857143,0.085714285714286,1,7,"RNCMPT00205,max,AGGGGAA,RBD_v3_224891",0
"RNCMPT00205,min,AGACCCU,RBD_v3_063406",137,0,0.092436974789916,0.012605042016807,0.088235294117647,0.126050420168067,0.050420168067227,0.117647058823529,0.008403361344538,0.058823529411765,0.071428571428571,0.029411764705882,0.008403361344538,0.046218487394958,0.021008403361345,0.016806722689076,0.07563025210084,0.054621848739496,0.058823529411765,0.042016806722689,0.004201680672269,0.016806722689076,0.289473684210526,0.31578947368421,0.184210526315789,0.210526315789474,1,7,"RNCMPT00205,min,AGACCCU,RBD_v3_063406",1
"RNCMPT00205,min,AGACCCU,RBD_v3_184058",137,0,0.092436974789916,0.012605042016807,0.088235294117647,0.126050420168067,0.050420168067227,0.117647058823529,0.008403361344538,0.058823529411765,0.071428571428571,0.029411764705882,0.008403361344538,0.046218487394958,0.021008403361345,0.016806722689076,0.07563025210084,0.054621848739496,0.058823529411765,0.042016806722689,0.004201680672269,0.016806722689076,0.289473684210526,0.289473684210526,0.210526315789474,0.210526315789474,1,7,"RNCMPT00205,min,AGACCCU,RBD_v3_184058",0
"RNCMPT00205,min,AGACCCU,RBD_v3_215163",137,0,0.092436974789916,0.012605042016807,0.088235294117647,0.126050420168067,0.050420168067227,0.117647058823529,0.008403361344538,0.058823529411765,0.071428571428571,0.029411764705882,0.008403361344538,0.046218487394958,0.021008403361345,0.016806722689076,0.07563025210084,0.054621848739496,0.058823529411765,0.042016806722689,0.004201680672269,0.016806722689076,0.368421052631579,0.236842105263158,0.157894736842105,0.236842105263158,1,7,"RNCMPT00205,min,AGACCCU,RBD_v3_215163",1
"RNCMPT00206,max,UGCGACA,RBD_v3_014129",107,1,0.090909090909091,0.014204545454545,0.045454545454545,0.051136363636364,0.053977272727273,0.0625,0.034090909090909,0.045454545454545,0.042613636363636,0.073863636363636,0.008522727272727,0.053977272727273,0.056818181818182,0.051136363636364,0.039772727272727,0.09375,0.045454545454545,0.096590909090909,0.002840909090909,0.036931818181818,0.366666666666667,0.2,0.266666666666667,0.166666666666667,5,11,"RNCMPT00206,max,UGCGACA,RBD_v3_014129",0
"RNCMPT00206,max,UGCGACA,RBD_v3_037630",107,1,0.090909090909091,0.014204545454545,0.045454545454545,0.051136363636364,0.053977272727273,0.0625,0.034090909090909,0.045454545454545,0.042613636363636,0.073863636363636,0.008522727272727,0.053977272727273,0.056818181818182,0.051136363636364,0.039772727272727,0.09375,0.045454545454545,0.096590909090909,0.002840909090909,0.036931818181818,0.342105263157895,0.236842105263158,0.236842105263158,0.184210526315789,11,17,"RNCMPT00206,max,UGCGACA,RBD_v3_037630",1
"RNCMPT00206,max,UGCGACA,RBD_v3_110167",107,1,0.090909090909091,0.014204545454545,0.045454545454545,0.051136363636364,0.053977272727273,0.0625,0.034090909090909,0.045454545454545,0.042613636363636,0.073863636363636,0.008522727272727,0.053977272727273,0.056818181818182,0.051136363636364,0.039772727272727,0.09375,0.045454545454545,0.096590909090909,0.002840909090909,0.036931818181818,0.366666666666667,0.2,0.266666666666667,0.166666666666667,5,11,"RNCMPT00206,max,UGCGACA,RBD_v3_110167",0
"RNCMPT00206,min,GGGUGGU,RBD_v3_213602",107,0,0.090909090909091,0.014204545454545,0.045454545454545,0.051136363636364,0.053977272727273,0.0625,0.034090909090909,0.045454545454545,0.042613636363636,0.073863636363636,0.008522727272727,0.053977272727273,0.056818181818182,0.051136363636364,0.039772727272727,0.09375,0.045454545454545,0.096590909090909,0.002840909090909,0.036931818181818,0.1,0.2,0.5,0.2,18,24,"RNCMPT00206,min,GGGUGGU,RBD_v3_213602",1
"RNCMPT00206,min,GGGUUGA,RBD_v3_016359",107,0,0.090909090909091,0.014204545454545,0.045454545454545,0.051136363636364,0.053977272727273,0.0625,0.034090909090909,0.045454545454545,0.042613636363636,0.073863636363636,0.008522727272727,0.053977272727273,0.056818181818182,0.051136363636364,0.039772727272727,0.09375,0.045454545454545,0.096590909090909,0.002840909090909,0.036931818181818,0.236842105263158,0.105263157894737,0.473684210526316,0.184210526315789,4,10,"RNCMPT00206,min,GGGUUGA,RBD_v3_016359",1
"RNCMPT00206,min,GGGUUGA,RBD_v3_062466",107,0,0.090909090909091,0.014204545454545,0.045454545454545,0.051136363636364,0.053977272727273,0.0625,0.034090909090909,0.045454545454545,0.042613636363636,0.073863636363636,0.008522727272727,0.053977272727273,0.056818181818182,0.051136363636364,0.039772727272727,0.09375,0.045454545454545,0.096590909090909,0.002840909090909,0.036931818181818,0.2,0.171428571428571,0.371428571428571,0.257142857142857,8,14,"RNCMPT00206,min,GGGUUGA,RBD_v3_062466",1
"RNCMPT00209,max,AUUGCAC,RBD_v3_006938",80,1,0.125506072874494,0,0.05668016194332,0.08502024291498,0.048582995951417,0.064777327935223,0.004048582995951,0.048582995951417,0.076923076923077,0.064777327935223,0.016194331983806,0.040485829959514,0.05668016194332,0.05668016194332,0.076923076923077,0.024291497975709,0.060728744939271,0.072874493927126,0,0.020242914979757,0.342105263157895,0.236842105263158,0.184210526315789,0.236842105263158,7,13,"RNCMPT00209,max,AUUGCAC,RBD_v3_006938",1
"RNCMPT00209,max,AUUGCAC,RBD_v3_028293",80,1,0.125506072874494,0,0.05668016194332,0.08502024291498,0.048582995951417,0.064777327935223,0.004048582995951,0.048582995951417,0.076923076923077,0.064777327935223,0.016194331983806,0.040485829959514,0.05668016194332,0.05668016194332,0.076923076923077,0.024291497975709,0.060728744939271,0.072874493927126,0,0.020242914979757,0.257142857142857,0.228571428571429,0.314285714285714,0.2,12,18,"RNCMPT00209,max,AUUGCAC,RBD_v3_028293",1
"RNCMPT00209,max,AUUGCAC,RBD_v3_130306",80,1,0.125506072874494,0,0.05668016194332,0.08502024291498,0.048582995951417,0.064777327935223,0.004048582995951,0.048582995951417,0.076923076923077,0.064777327935223,0.016194331983806,0.040485829959514,0.05668016194332,0.05668016194332,0.076923076923077,0.024291497975709,0.060728744939271,0.072874493927126,0,0.020242914979757,0.257142857142857,0.285714285714286,0.285714285714286,0.171428571428571,7,13,"RNCMPT00209,max,AUUGCAC,RBD_v3_130306",1
"RNCMPT00209,min,AGAGUCG,RBD_v3_218768",80,0,0.125506072874494,0,0.05668016194332,0.08502024291498,0.048582995951417,0.064777327935223,0.004048582995951,0.048582995951417,0.076923076923077,0.064777327935223,0.016194331983806,0.040485829959514,0.05668016194332,0.05668016194332,0.076923076923077,0.024291497975709,0.060728744939271,0.072874493927126,0,0.020242914979757,0.257142857142857,0.257142857142857,0.228571428571429,0.257142857142857,16,22,"RNCMPT00209,min,AGAGUCG,RBD_v3_218768",0
"RNCMPT00209,min,GUGUGUC,RBD_v3_064330",80,0,0.125506072874494,0,0.05668016194332,0.08502024291498,0.048582995951417,0.064777327935223,0.004048582995951,0.048582995951417,0.076923076923077,0.064777327935223,0.016194331983806,0.040485829959514,0.05668016194332,0.05668016194332,0.076923076923077,0.024291497975709,0.060728744939271,0.072874493927126,0,0.020242914979757,0.228571428571429,0.2,0.228571428571429,0.342857142857143,10,16,"RNCMPT00209,min,GUGUGUC,RBD_v3_064330",1
"RNCMPT00209,min,GUGUGUC,RBD_v3_162052",80,0,0.125506072874494,0,0.05668016194332,0.08502024291498,0.048582995951417,0.064777327935223,0.004048582995951,0.048582995951417,0.076923076923077,0.064777327935223,0.016194331983806,0.040485829959514,0.05668016194332,0.05668016194332,0.076923076923077,0.024291497975709,0.060728744939271,0.072874493927126,0,0.020242914979757,0.266666666666667,0.133333333333333,0.3,0.3,20,26,"RNCMPT00209,min,GUGUGUC,RBD_v3_162052",1
"RNCMPT00212,max,ACAUUUU,RBD_v3_225797",65,1,0.08936170212766,0.012765957446809,0.042553191489362,0.063829787234043,0.038297872340426,0.051063829787234,0.038297872340426,0.034042553191489,0.05531914893617,0.076595744680851,0.029787234042553,0.029787234042553,0.046808510638298,0.042553191489362,0.08936170212766,0.093617021276596,0.068085106382979,0.063829787234043,0.004255319148936,0.029787234042553,0.210526315789474,0.157894736842105,0.236842105263158,0.394736842105263,22,28,"RNCMPT00212,max,ACAUUUU,RBD_v3_225797",0
"RNCMPT00212,max,CAUUUUU,RBD_v3_004994",65,1,0.08936170212766,0.012765957446809,0.042553191489362,0.063829787234043,0.038297872340426,0.051063829787234,0.038297872340426,0.034042553191489,0.05531914893617,0.076595744680851,0.029787234042553,0.029787234042553,0.046808510638298,0.042553191489362,0.08936170212766,0.093617021276596,0.068085106382979,0.063829787234043,0.004255319148936,0.029787234042553,0.342857142857143,0.257142857142857,0.171428571428571,0.228571428571429,10,16,"RNCMPT00212,max,CAUUUUU,RBD_v3_004994",1
"RNCMPT00212,max,CAUUUUU,RBD_v3_115850",65,1,0.08936170212766,0.012765957446809,0.042553191489362,0.063829787234043,0.038297872340426,0.051063829787234,0.038297872340426,0.034042553191489,0.05531914893617,0.076595744680851,0.029787234042553,0.029787234042553,0.046808510638298,0.042553191489362,0.08936170212766,0.093617021276596,0.068085106382979,0.063829787234043,0.004255319148936,0.029787234042553,0.342857142857143,0.257142857142857,0.171428571428571,0.228571428571429,10,16,"RNCMPT00212,max,CAUUUUU,RBD_v3_115850",1
"RNCMPT00212,min,AGAAUGU,RBD_v3_138214",65,0,0.08936170212766,0.012765957446809,0.042553191489362,0.063829787234043,0.038297872340426,0.051063829787234,0.038297872340426,0.034042553191489,0.05531914893617,0.076595744680851,0.029787234042553,0.029787234042553,0.046808510638298,0.042553191489362,0.08936170212766,0.093617021276596,0.068085106382979,0.063829787234043,0.004255319148936,0.029787234042553,0.2,0.2,0.257142857142857,0.342857142857143,1,7,"RNCMPT00212,min,AGAAUGU,RBD_v3_138214",1
"RNCMPT00212,min,AGAUGUU,RBD_v3_157779",65,0,0.08936170212766,0.012765957446809,0.042553191489362,0.063829787234043,0.038297872340426,0.051063829787234,0.038297872340426,0.034042553191489,0.05531914893617,0.076595744680851,0.029787234042553,0.029787234042553,0.046808510638298,0.042553191489362,0.08936170212766,0.093617021276596,0.068085106382979,0.063829787234043,0.004255319148936,0.029787234042553,0.257142857142857,0.257142857142857,0.228571428571429,0.257142857142857,11,17,"RNCMPT00212,min,AGAUGUU,RBD_v3_157779",1
"RNCMPT00212,min,AGAUGUU,RBD_v3_217823",65,0,0.08936170212766,0.012765957446809,0.042553191489362,0.063829787234043,0.038297872340426,0.051063829787234,0.038297872340426,0.034042553191489,0.05531914893617,0.076595744680851,0.029787234042553,0.029787234042553,0.046808510638298,0.042553191489362,0.08936170212766,0.093617021276596,0.068085106382979,0.063829787234043,0.004255319148936,0.029787234042553,0.285714285714286,0.257142857142857,0.114285714285714,0.342857142857143,1,7,"RNCMPT00212,min,AGAUGUU,RBD_v3_217823",0
"RNCMPT00215,max,AACCCUU,RBD_v3_074098",96,1,0.08259587020649,0.014749262536873,0.020648967551622,0.064896755162242,0.017699115044248,0.094395280235988,0.014749262536873,0.100294985250737,0.056047197640118,0.067846607669617,0.032448377581121,0.03834808259587,0.07669616519174,0.058997050147493,0.035398230088496,0.08259587020649,0.079646017699115,0.047197640117994,0,0.014749262536873,0.236842105263158,0.289473684210526,0.184210526315789,0.289473684210526,10,16,"RNCMPT00215,max,AACCCUU,RBD_v3_074098",1
"RNCMPT00215,max,AACCCUU,RBD_v3_099314",96,1,0.08259587020649,0.014749262536873,0.020648967551622,0.064896755162242,0.017699115044248,0.094395280235988,0.014749262536873,0.100294985250737,0.056047197640118,0.067846607669617,0.032448377581121,0.03834808259587,0.07669616519174,0.058997050147493,0.035398230088496,0.08259587020649,0.079646017699115,0.047197640117994,0,0.014749262536873,0.289473684210526,0.210526315789474,0.131578947368421,0.368421052631579,8,14,"RNCMPT00215,max,AACCCUU,RBD_v3_099314",1
"RNCMPT00215,max,UUUCCCU,RBD_v3_036176",96,1,0.08259587020649,0.014749262536873,0.020648967551622,0.064896755162242,0.017699115044248,0.094395280235988,0.014749262536873,0.100294985250737,0.056047197640118,0.067846607669617,0.032448377581121,0.03834808259587,0.07669616519174,0.058997050147493,0.035398230088496,0.08259587020649,0.079646017699115,0.047197640117994,0,0.014749262536873,0.31578947368421,0.289473684210526,0.157894736842105,0.236842105263158,32,38,"RNCMPT00215,max,UUUCCCU,RBD_v3_036176",1
"RNCMPT00215,min,AGGGUGG,RBD_v3_006832",96,0,0.08259587020649,0.014749262536873,0.020648967551622,0.064896755162242,0.017699115044248,0.094395280235988,0.014749262536873,0.100294985250737,0.056047197640118,0.067846607669617,0.032448377581121,0.03834808259587,0.07669616519174,0.058997050147493,0.035398230088496,0.08259587020649,0.079646017699115,0.047197640117994,0,0.014749262536873,0.263157894736842,0.210526315789474,0.342105263157895,0.184210526315789,1,7,"RNCMPT00215,min,AGGGUGG,RBD_v3_006832",1
"RNCMPT00215,min,GGAGGGG,RBD_v3_103948",96,0,0.08259587020649,0.014749262536873,0.020648967551622,0.064896755162242,0.017699115044248,0.094395280235988,0.014749262536873,0.100294985250737,0.056047197640118,0.067846607669617,0.032448377581121,0.03834808259587,0.07669616519174,0.058997050147493,0.035398230088496,0.08259587020649,0.079646017699115,0.047197640117994,0,0.014749262536873,0.31578947368421,0.105263157894737,0.421052631578947,0.157894736842105,27,33,"RNCMPT00215,min,GGAGGGG,RBD_v3_103948",1
"RNCMPT00215,min,GGAGGGG,RBD_v3_201499",96,0,0.08259587020649,0.014749262536873,0.020648967551622,0.064896755162242,0.017699115044248,0.094395280235988,0.014749262536873,0.100294985250737,0.056047197640118,0.067846607669617,0.032448377581121,0.03834808259587,0.07669616519174,0.058997050147493,0.035398230088496,0.08259587020649,0.079646017699115,0.047197640117994,0,0.014749262536873,0.289473684210526,0.131578947368421,0.421052631578947,0.157894736842105,2,8,"RNCMPT00215,min,GGAGGGG,RBD_v3_201499",0
"RNCMPT00216,max,ACAUUGU,RBD_v3_062243",173,1,0.096296296296296,0.014814814814815,0.037037037037037,0.059259259259259,0.037037037037037,0.07037037037037,0.037037037037037,0.033333333333333,0.037037037037037,0.066666666666667,0.014814814814815,0.040740740740741,0.062962962962963,0.033333333333333,0.107407407407407,0.092592592592593,0.066666666666667,0.085185185185185,0.003703703703704,0.003703703703704,0.368421052631579,0.157894736842105,0.263157894736842,0.210526315789474,20,26,"RNCMPT00216,max,ACAUUGU,RBD_v3_062243",1
"RNCMPT00216,max,ACAUUGU,RBD_v3_127730",173,1,0.096296296296296,0.014814814814815,0.037037037037037,0.059259259259259,0.037037037037037,0.07037037037037,0.037037037037037,0.033333333333333,0.037037037037037,0.066666666666667,0.014814814814815,0.040740740740741,0.062962962962963,0.033333333333333,0.107407407407407,0.092592592592593,0.066666666666667,0.085185185185185,0.003703703703704,0.003703703703704,0.366666666666667,0.233333333333333,0.233333333333333,0.166666666666667,9,15,"RNCMPT00216,max,ACAUUGU,RBD_v3_127730",1
"RNCMPT00216,max,CAUUGUA,RBD_v3_147322",173,1,0.096296296296296,0.014814814814815,0.037037037037037,0.059259259259259,0.037037037037037,0.07037037037037,0.037037037037037,0.033333333333333,0.037037037037037,0.066666666666667,0.014814814814815,0.040740740740741,0.062962962962963,0.033333333333333,0.107407407407407,0.092592592592593,0.066666666666667,0.085185185185185,0.003703703703704,0.003703703703704,0.263157894736842,0.263157894736842,0.184210526315789,0.289473684210526,21,27,"RNCMPT00216,max,CAUUGUA,RBD_v3_147322",0
"RNCMPT00216,min,AGGGGGG,RBD_v3_056948",173,0,0.096296296296296,0.014814814814815,0.037037037037037,0.059259259259259,0.037037037037037,0.07037037037037,0.037037037037037,0.033333333333333,0.037037037037037,0.066666666666667,0.014814814814815,0.040740740740741,0.062962962962963,0.033333333333333,0.107407407407407,0.092592592592593,0.066666666666667,0.085185185185185,0.003703703703704,0.003703703703704,0.31578947368421,0.184210526315789,0.289473684210526,0.210526315789474,1,7,"RNCMPT00216,min,AGGGGGG,RBD_v3_056948",1
"RNCMPT00216,min,GGGGGGC,RBD_v3_006108",173,0,0.096296296296296,0.014814814814815,0.037037037037037,0.059259259259259,0.037037037037037,0.07037037037037,0.037037037037037,0.033333333333333,0.037037037037037,0.066666666666667,0.014814814814815,0.040740740740741,0.062962962962963,0.033333333333333,0.107407407407407,0.092592592592593,0.066666666666667,0.085185185185185,0.003703703703704,0.003703703703704,0.257142857142857,0.142857142857143,0.4,0.2,8,14,"RNCMPT00216,min,GGGGGGC,RBD_v3_006108",1
"RNCMPT00216,min,GGGGGGG,RBD_v3_105870",173,0,0.096296296296296,0.014814814814815,0.037037037037037,0.059259259259259,0.037037037037037,0.07037037037037,0.037037037037037,0.033333333333333,0.037037037037037,0.066666666666667,0.014814814814815,0.040740740740741,0.062962962962963,0.033333333333333,0.107407407407407,0.092592592592593,0.066666666666667,0.085185185185185,0.003703703703704,0.003703703703704,0.236842105263158,0.131578947368421,0.342105263157895,0.289473684210526,2,8,"RNCMPT00216,min,GGGGGGG,RBD_v3_105870",1
"RNCMPT00217,max,ACUGUUG,RBD_v3_179778",174,1,0.075129533678756,0.012953367875648,0.05699481865285,0.082901554404145,0.051813471502591,0.093264248704663,0.031088082901554,0.041450777202073,0.020725388601036,0.05699481865285,0.023316062176166,0.051813471502591,0.064766839378238,0.036269430051813,0.098445595854922,0.059585492227979,0.049222797927461,0.062176165803109,0.005181347150259,0.025906735751295,0.210526315789474,0.236842105263158,0.210526315789474,0.342105263157895,21,27,"RNCMPT00217,max,ACUGUUG,RBD_v3_179778",1
"RNCMPT00217,max,CUUGUUU,RBD_v3_177206",174,1,0.075129533678756,0.012953367875648,0.05699481865285,0.082901554404145,0.051813471502591,0.093264248704663,0.031088082901554,0.041450777202073,0.020725388601036,0.05699481865285,0.023316062176166,0.051813471502591,0.064766839378238,0.036269430051813,0.098445595854922,0.059585492227979,0.049222797927461,0.062176165803109,0.005181347150259,0.025906735751295,0.210526315789474,0.210526315789474,0.184210526315789,0.394736842105263,9,15,"RNCMPT00217,max,CUUGUUU,RBD_v3_177206",1
"RNCMPT00217,max,UGUUUGU,RBD_v3_004768",174,1,0.075129533678756,0.012953367875648,0.05699481865285,0.082901554404145,0.051813471502591,0.093264248704663,0.031088082901554,0.041450777202073,0.020725388601036,0.05699481865285,0.023316062176166,0.051813471502591,0.064766839378238,0.036269430051813,0.098445595854922,0.059585492227979,0.049222797927461,0.062176165803109,0.005181347150259,0.025906735751295,0.184210526315789,0.157894736842105,0.263157894736842,0.394736842105263,8,14,"RNCMPT00217,max,UGUUUGU,RBD_v3_004768",1
"RNCMPT00217,min,AGGGGGG,RBD_v3_177821",174,0,0.075129533678756,0.012953367875648,0.05699481865285,0.082901554404145,0.051813471502591,0.093264248704663,0.031088082901554,0.041450777202073,0.020725388601036,0.05699481865285,0.023316062176166,0.051813471502591,0.064766839378238,0.036269430051813,0.098445595854922,0.059585492227979,0.049222797927461,0.062176165803109,0.005181347150259,0.025906735751295,0.289473684210526,0.184210526315789,0.368421052631579,0.157894736842105,1,7,"RNCMPT00217,min,AGGGGGG,RBD_v3_177821",1
"RNCMPT00217,min,AGGGGGG,RBD_v3_239751",174,0,0.075129533678756,0.012953367875648,0.05699481865285,0.082901554404145,0.051813471502591,0.093264248704663,0.031088082901554,0.041450777202073,0.020725388601036,0.05699481865285,0.023316062176166,0.051813471502591,0.064766839378238,0.036269430051813,0.098445595854922,0.059585492227979,0.049222797927461,0.062176165803109,0.005181347150259,0.025906735751295,0.366666666666667,0.133333333333333,0.433333333333333,0.066666666666667,1,7,"RNCMPT00217,min,AGGGGGG,RBD_v3_239751",1
"RNCMPT00217,min,GGGGGGG,RBD_v3_145005",174,0,0.075129533678756,0.012953367875648,0.05699481865285,0.082901554404145,0.051813471502591,0.093264248704663,0.031088082901554,0.041450777202073,0.020725388601036,0.05699481865285,0.023316062176166,0.051813471502591,0.064766839378238,0.036269430051813,0.098445595854922,0.059585492227979,0.049222797927461,0.062176165803109,0.005181347150259,0.025906735751295,0.2,0.233333333333333,0.433333333333333,0.133333333333333,10,16,"RNCMPT00217,min,GGGGGGG,RBD_v3_145005",1
"RNCMPT00218,max,CAGUUAU,RBD_v3_123178",175,1,0.071207430340557,0.030959752321981,0.040247678018576,0.04953560371517,0.043343653250774,0.074303405572755,0.024767801857585,0.015479876160991,0.043343653250774,0.086687306501548,0.024767801857585,0.052631578947368,0.068111455108359,0.03405572755418,0.071207430340557,0.111455108359133,0.074303405572755,0.068111455108359,0.009287925696594,0.006191950464396,0.236842105263158,0.236842105263158,0.184210526315789,0.342105263157895,12,18,"RNCMPT00218,max,CAGUUAU,RBD_v3_123178",0
"RNCMPT00218,max,CAGUUAU,RBD_v3_185385",175,1,0.071207430340557,0.030959752321981,0.040247678018576,0.04953560371517,0.043343653250774,0.074303405572755,0.024767801857585,0.015479876160991,0.043343653250774,0.086687306501548,0.024767801857585,0.052631578947368,0.068111455108359,0.03405572755418,0.071207430340557,0.111455108359133,0.074303405572755,0.068111455108359,0.009287925696594,0.006191950464396,0.210526315789474,0.184210526315789,0.236842105263158,0.368421052631579,17,23,"RNCMPT00218,max,CAGUUAU,RBD_v3_185385",1
"RNCMPT00218,max,CAGUUAU,RBD_v3_235495",175,1,0.071207430340557,0.030959752321981,0.040247678018576,0.04953560371517,0.043343653250774,0.074303405572755,0.024767801857585,0.015479876160991,0.043343653250774,0.086687306501548,0.024767801857585,0.052631578947368,0.068111455108359,0.03405572755418,0.071207430340557,0.111455108359133,0.074303405572755,0.068111455108359,0.009287925696594,0.006191950464396,0.236842105263158,0.236842105263158,0.184210526315789,0.342105263157895,12,18,"RNCMPT00218,max,CAGUUAU,RBD_v3_235495",0
"RNCMPT00218,min,GAUGAAC,RBD_v3_084224",175,0,0.071207430340557,0.030959752321981,0.040247678018576,0.04953560371517,0.043343653250774,0.074303405572755,0.024767801857585,0.015479876160991,0.043343653250774,0.086687306501548,0.024767801857585,0.052631578947368,0.068111455108359,0.03405572755418,0.071207430340557,0.111455108359133,0.074303405572755,0.068111455108359,0.009287925696594,0.006191950464396,0.289473684210526,0.31578947368421,0.210526315789474,0.184210526315789,30,36,"RNCMPT00218,min,GAUGAAC,RBD_v3_084224",1
"RNCMPT00218,min,GAUGAAC,RBD_v3_153878",175,0,0.071207430340557,0.030959752321981,0.040247678018576,0.04953560371517,0.043343653250774,0.074303405572755,0.024767801857585,0.015479876160991,0.043343653250774,0.086687306501548,0.024767801857585,0.052631578947368,0.068111455108359,0.03405572755418,0.071207430340557,0.111455108359133,0.074303405572755,0.068111455108359,0.009287925696594,0.006191950464396,0.371428571428571,0.228571428571429,0.2,0.2,2,8,"RNCMPT00218,min,GAUGAAC,RBD_v3_153878",0
"RNCMPT00218,min,GAUGAAC,RBD_v3_220109",175,0,0.071207430340557,0.030959752321981,0.040247678018576,0.04953560371517,0.043343653250774,0.074303405572755,0.024767801857585,0.015479876160991,0.043343653250774,0.086687306501548,0.024767801857585,0.052631578947368,0.068111455108359,0.03405572755418,0.071207430340557,0.111455108359133,0.074303405572755,0.068111455108359,0.009287925696594,0.006191950464396,0.31578947368421,0.184210526315789,0.289473684210526,0.210526315789474,11,17,"RNCMPT00218,min,GAUGAAC,RBD_v3_220109",1
"RNCMPT00219,max,UAUACUG,RBD_v3_138908",176,1,0.095419847328244,0.022900763358779,0.049618320610687,0.045801526717557,0.038167938931298,0.064885496183206,0.045801526717557,0.041984732824427,0.061068702290076,0.057251908396947,0.011450381679389,0.038167938931298,0.057251908396947,0.049618320610687,0.057251908396947,0.103053435114504,0.068702290076336,0.076335877862595,0.00381679389313,0.011450381679389,0.263157894736842,0.289473684210526,0.184210526315789,0.263157894736842,22,28,"RNCMPT00219,max,UAUACUG,RBD_v3_138908",0
"RNCMPT00219,max,UUAUACU,RBD_v3_095756",176,1,0.095419847328244,0.022900763358779,0.049618320610687,0.045801526717557,0.038167938931298,0.064885496183206,0.045801526717557,0.041984732824427,0.061068702290076,0.057251908396947,0.011450381679389,0.038167938931298,0.057251908396947,0.049618320610687,0.057251908396947,0.103053435114504,0.068702290076336,0.076335877862595,0.00381679389313,0.011450381679389,0.236842105263158,0.289473684210526,0.210526315789474,0.263157894736842,14,20,"RNCMPT00219,max,UUAUACU,RBD_v3_095756",1
"RNCMPT00219,max,UUAUACU,RBD_v3_100509",176,1,0.095419847328244,0.022900763358779,0.049618320610687,0.045801526717557,0.038167938931298,0.064885496183206,0.045801526717557,0.041984732824427,0.061068702290076,0.057251908396947,0.011450381679389,0.038167938931298,0.057251908396947,0.049618320610687,0.057251908396947,0.103053435114504,0.068702290076336,0.076335877862595,0.00381679389313,0.011450381679389,0.31578947368421,0.263157894736842,0.184210526315789,0.236842105263158,9,15,"RNCMPT00219,max,UUAUACU,RBD_v3_100509",0
"RNCMPT00219,min,GAUGGGG,RBD_v3_032469",176,0,0.095419847328244,0.022900763358779,0.049618320610687,0.045801526717557,0.038167938931298,0.064885496183206,0.045801526717557,0.041984732824427,0.061068702290076,0.057251908396947,0.011450381679389,0.038167938931298,0.057251908396947,0.049618320610687,0.057251908396947,0.103053435114504,0.068702290076336,0.076335877862595,0.00381679389313,0.011450381679389,0.314285714285714,0.2,0.342857142857143,0.142857142857143,11,17,"RNCMPT00219,min,GAUGGGG,RBD_v3_032469",1
"RNCMPT00219,min,GAUGGGG,RBD_v3_055042",176,0,0.095419847328244,0.022900763358779,0.049618320610687,0.045801526717557,0.038167938931298,0.064885496183206,0.045801526717557,0.041984732824427,0.061068702290076,0.057251908396947,0.011450381679389,0.038167938931298,0.057251908396947,0.049618320610687,0.057251908396947,0.103053435114504,0.068702290076336,0.076335877862595,0.00381679389313,0.011450381679389,0.314285714285714,0.171428571428571,0.342857142857143,0.171428571428571,2,8,"RNCMPT00219,min,GAUGGGG,RBD_v3_055042",0
"RNCMPT00219,min,GGGGUGG,RBD_v3_131253",176,0,0.095419847328244,0.022900763358779,0.049618320610687,0.045801526717557,0.038167938931298,0.064885496183206,0.045801526717557,0.041984732824427,0.061068702290076,0.057251908396947,0.011450381679389,0.038167938931298,0.057251908396947,0.049618320610687,0.057251908396947,0.103053435114504,0.068702290076336,0.076335877862595,0.00381679389313,0.011450381679389,0.257142857142857,0.228571428571429,0.4,0.114285714285714,26,32,"RNCMPT00219,min,GGGGUGG,RBD_v3_131253",1
"RNCMPT00220,max,CCUUUCU,RBD_v3_138430",177,1,0.049242424242424,0.003787878787879,0.03030303030303,0.041666666666667,0.034090909090909,0.056818181818182,0.018939393939394,0.068181818181818,0.034090909090909,0.053030303030303,0.037878787878788,0.079545454545455,0.068181818181818,0.132575757575757,0.056818181818182,0.056818181818182,0.064393939393939,0.087121212121212,0,0.026515151515152,0.2,0.3,0.266666666666667,0.233333333333333,6,12,"RNCMPT00220,max,CCUUUCU,RBD_v3_138430",1
"RNCMPT00220,max,CCUUUCU,RBD_v3_143065",177,1,0.049242424242424,0.003787878787879,0.03030303030303,0.041666666666667,0.034090909090909,0.056818181818182,0.018939393939394,0.068181818181818,0.034090909090909,0.053030303030303,0.037878787878788,0.079545454545455,0.068181818181818,0.132575757575757,0.056818181818182,0.056818181818182,0.064393939393939,0.087121212121212,0,0.026515151515152,0.210526315789474,0.236842105263158,0.210526315789474,0.342105263157895,7,13,"RNCMPT00220,max,CCUUUCU,RBD_v3_143065",0
"RNCMPT00220,max,CUUUCUU,RBD_v3_077686",177,1,0.049242424242424,0.003787878787879,0.03030303030303,0.041666666666667,0.034090909090909,0.056818181818182,0.018939393939394,0.068181818181818,0.034090909090909,0.053030303030303,0.037878787878788,0.079545454545455,0.068181818181818,0.132575757575757,0.056818181818182,0.056818181818182,0.064393939393939,0.087121212121212,0,0.026515151515152,0.171428571428571,0.171428571428571,0.285714285714286,0.371428571428571,20,26,"RNCMPT00220,max,CUUUCUU,RBD_v3_077686",1
"RNCMPT00220,min,GGGAGGG,RBD_v3_008082",177,0,0.049242424242424,0.003787878787879,0.03030303030303,0.041666666666667,0.034090909090909,0.056818181818182,0.018939393939394,0.068181818181818,0.034090909090909,0.053030303030303,0.037878787878788,0.079545454545455,0.068181818181818,0.132575757575757,0.056818181818182,0.056818181818182,0.064393939393939,0.087121212121212,0,0.026515151515152,0.342105263157895,0.078947368421053,0.263157894736842,0.31578947368421,21,27,"RNCMPT00220,min,GGGAGGG,RBD_v3_008082",0
"RNCMPT00220,min,GGGAGGG,RBD_v3_079475",177,0,0.049242424242424,0.003787878787879,0.03030303030303,0.041666666666667,0.034090909090909,0.056818181818182,0.018939393939394,0.068181818181818,0.034090909090909,0.053030303030303,0.037878787878788,0.079545454545455,0.068181818181818,0.132575757575757,0.056818181818182,0.056818181818182,0.064393939393939,0.087121212121212,0,0.026515151515152,0.371428571428571,0.142857142857143,0.342857142857143,0.142857142857143,29,35,"RNCMPT00220,min,GGGAGGG,RBD_v3_079475",0
"RNCMPT00220,min,GGGAGGG,RBD_v3_221493",177,0,0.049242424242424,0.003787878787879,0.03030303030303,0.041666666666667,0.034090909090909,0.056818181818182,0.018939393939394,0.068181818181818,0.034090909090909,0.053030303030303,0.037878787878788,0.079545454545455,0.068181818181818,0.132575757575757,0.056818181818182,0.056818181818182,0.064393939393939,0.087121212121212,0,0.026515151515152,0.285714285714286,0.085714285714286,0.428571428571429,0.2,15,21,"RNCMPT00220,min,GGGAGGG,RBD_v3_221493",1
"RNCMPT00223,max,GUACACG,RBD_v3_026817",66,1,0.188940092165899,0.004608294930876,0.018433179723502,0.050691244239631,0.046082949308756,0.04147465437788,0.023041474654378,0.018433179723502,0.101382488479263,0.050691244239631,0.009216589861751,0.046082949308756,0.059907834101382,0.032258064516129,0.069124423963134,0.064516129032258,0.036866359447005,0.105990783410138,0.004608294930876,0.027649769585253,0.289473684210526,0.263157894736842,0.210526315789474,0.236842105263158,12,18,"RNCMPT00223,max,GUACACG,RBD_v3_026817",1
"RNCMPT00223,max,UUUCACG,RBD_v3_087181",66,1,0.188940092165899,0.004608294930876,0.018433179723502,0.050691244239631,0.046082949308756,0.04147465437788,0.023041474654378,0.018433179723502,0.101382488479263,0.050691244239631,0.009216589861751,0.046082949308756,0.059907834101382,0.032258064516129,0.069124423963134,0.064516129032258,0.036866359447005,0.105990783410138,0.004608294930876,0.027649769585253,0.228571428571429,0.257142857142857,0.257142857142857,0.257142857142857,10,16,"RNCMPT00223,max,UUUCACG,RBD_v3_087181",1
"RNCMPT00223,max,UUUCACG,RBD_v3_197022",66,1,0.188940092165899,0.004608294930876,0.018433179723502,0.050691244239631,0.046082949308756,0.04147465437788,0.023041474654378,0.018433179723502,0.101382488479263,0.050691244239631,0.009216589861751,0.046082949308756,0.059907834101382,0.032258064516129,0.069124423963134,0.064516129032258,0.036866359447005,0.105990783410138,0.004608294930876,0.027649769585253,0.342105263157895,0.210526315789474,0.236842105263158,0.210526315789474,9,15,"RNCMPT00223,max,UUUCACG,RBD_v3_197022",0
"RNCMPT00223,min,AGUGAGU,RBD_v3_137169",66,0,0.188940092165899,0.004608294930876,0.018433179723502,0.050691244239631,0.046082949308756,0.04147465437788,0.023041474654378,0.018433179723502,0.101382488479263,0.050691244239631,0.009216589861751,0.046082949308756,0.059907834101382,0.032258064516129,0.069124423963134,0.064516129032258,0.036866359447005,0.105990783410138,0.004608294930876,0.027649769585253,0.333333333333333,0.233333333333333,0.266666666666667,0.166666666666667,20,26,"RNCMPT00223,min,AGUGAGU,RBD_v3_137169",0
"RNCMPT00223,min,AGUGAGU,RBD_v3_208306",66,0,0.188940092165899,0.004608294930876,0.018433179723502,0.050691244239631,0.046082949308756,0.04147465437788,0.023041474654378,0.018433179723502,0.101382488479263,0.050691244239631,0.009216589861751,0.046082949308756,0.059907834101382,0.032258064516129,0.069124423963134,0.064516129032258,0.036866359447005,0.105990783410138,0.004608294930876,0.027649769585253,0.257142857142857,0.171428571428571,0.342857142857143,0.228571428571429,3,9,"RNCMPT00223,min,AGUGAGU,RBD_v3_208306",1
"RNCMPT00223,min,GAGUCGU,RBD_v3_154372",66,0,0.188940092165899,0.004608294930876,0.018433179723502,0.050691244239631,0.046082949308756,0.04147465437788,0.023041474654378,0.018433179723502,0.101382488479263,0.050691244239631,0.009216589861751,0.046082949308756,0.059907834101382,0.032258064516129,0.069124423963134,0.064516129032258,0.036866359447005,0.105990783410138,0.004608294930876,0.027649769585253,0.342105263157895,0.210526315789474,0.289473684210526,0.157894736842105,10,16,"RNCMPT00223,min,GAGUCGU,RBD_v3_154372",0
"RNCMPT00224,max,ACAAAAG,RBD_v3_089827",164,1,0.10377358490566,0.004716981132075,0.075471698113208,0.05188679245283,0.05188679245283,0.070754716981132,0.023584905660377,0.056603773584906,0.061320754716981,0.080188679245283,0.028301886792453,0.056603773584906,0.075471698113208,0.037735849056604,0.033018867924528,0.056603773584906,0.037735849056604,0.05188679245283,0.004716981132075,0.037735849056604,0.394736842105263,0.210526315789474,0.210526315789474,0.184210526315789,19,25,"RNCMPT00224,max,ACAAAAG,RBD_v3_089827",1
"RNCMPT00224,max,ACAAAAG,RBD_v3_101581",164,1,0.10377358490566,0.004716981132075,0.075471698113208,0.05188679245283,0.05188679245283,0.070754716981132,0.023584905660377,0.056603773584906,0.061320754716981,0.080188679245283,0.028301886792453,0.056603773584906,0.075471698113208,0.037735849056604,0.033018867924528,0.056603773584906,0.037735849056604,0.05188679245283,0.004716981132075,0.037735849056604,0.447368421052632,0.131578947368421,0.210526315789474,0.210526315789474,26,32,"RNCMPT00224,max,ACAAAAG,RBD_v3_101581",0
"RNCMPT00224,max,UCAAAAG,RBD_v3_190853",164,1,0.10377358490566,0.004716981132075,0.075471698113208,0.05188679245283,0.05188679245283,0.070754716981132,0.023584905660377,0.056603773584906,0.061320754716981,0.080188679245283,0.028301886792453,0.056603773584906,0.075471698113208,0.037735849056604,0.033018867924528,0.056603773584906,0.037735849056604,0.05188679245283,0.004716981132075,0.037735849056604,0.368421052631579,0.184210526315789,0.31578947368421,0.131578947368421,11,17,"RNCMPT00224,max,UCAAAAG,RBD_v3_190853",0
"RNCMPT00224,min,GGGGGGC,RBD_v3_131114",164,0,0.10377358490566,0.004716981132075,0.075471698113208,0.05188679245283,0.05188679245283,0.070754716981132,0.023584905660377,0.056603773584906,0.061320754716981,0.080188679245283,0.028301886792453,0.056603773584906,0.075471698113208,0.037735849056604,0.033018867924528,0.056603773584906,0.037735849056604,0.05188679245283,0.004716981132075,0.037735849056604,0.166666666666667,0.3,0.366666666666667,0.166666666666667,19,25,"RNCMPT00224,min,GGGGGGC,RBD_v3_131114",0
"RNCMPT00224,min,UGGGGGG,RBD_v3_063403",164,0,0.10377358490566,0.004716981132075,0.075471698113208,0.05188679245283,0.05188679245283,0.070754716981132,0.023584905660377,0.056603773584906,0.061320754716981,0.080188679245283,0.028301886792453,0.056603773584906,0.075471698113208,0.037735849056604,0.033018867924528,0.056603773584906,0.037735849056604,0.05188679245283,0.004716981132075,0.037735849056604,0.285714285714286,0.171428571428571,0.428571428571429,0.114285714285714,15,21,"RNCMPT00224,min,UGGGGGG,RBD_v3_063403",0
"RNCMPT00224,min,UGGGGGG,RBD_v3_179499",164,0,0.10377358490566,0.004716981132075,0.075471698113208,0.05188679245283,0.05188679245283,0.070754716981132,0.023584905660377,0.056603773584906,0.061320754716981,0.080188679245283,0.028301886792453,0.056603773584906,0.075471698113208,0.037735849056604,0.033018867924528,0.056603773584906,0.037735849056604,0.05188679245283,0.004716981132075,0.037735849056604,0.2,0.2,0.466666666666667,0.133333333333333,15,21,"RNCMPT00224,min,UGGGGGG,RBD_v3_179499",0
"RNCMPT00225,max,ACACGCA,RBD_v3_014987",182,1,0.104868913857678,0.00749063670412,0.059925093632959,0.037453183520599,0.029962546816479,0.086142322097378,0.00749063670412,0.037453183520599,0.086142322097378,0.101123595505618,0.026217228464419,0.029962546816479,0.044943820224719,0.029962546816479,0.048689138576779,0.089887640449438,0.089887640449438,0.052434456928839,0.00749063670412,0.02247191011236,0.473684210526316,0.236842105263158,0.184210526315789,0.105263157894737,14,20,"RNCMPT00225,max,ACACGCA,RBD_v3_014987",0
"RNCMPT00225,max,ACACGCA,RBD_v3_198606",182,1,0.104868913857678,0.00749063670412,0.059925093632959,0.037453183520599,0.029962546816479,0.086142322097378,0.00749063670412,0.037453183520599,0.086142322097378,0.101123595505618,0.026217228464419,0.029962546816479,0.044943820224719,0.029962546816479,0.048689138576779,0.089887640449438,0.089887640449438,0.052434456928839,0.00749063670412,0.02247191011236,0.289473684210526,0.210526315789474,0.289473684210526,0.210526315789474,10,16,"RNCMPT00225,max,ACACGCA,RBD_v3_198606",0
"RNCMPT00225,max,ACACGCA,RBD_v3_213163",182,1,0.104868913857678,0.00749063670412,0.059925093632959,0.037453183520599,0.029962546816479,0.086142322097378,0.00749063670412,0.037453183520599,0.086142322097378,0.101123595505618,0.026217228464419,0.029962546816479,0.044943820224719,0.029962546816479,0.048689138576779,0.089887640449438,0.089887640449438,0.052434456928839,0.00749063670412,0.02247191011236,0.31578947368421,0.210526315789474,0.342105263157895,0.131578947368421,11,17,"RNCMPT00225,max,ACACGCA,RBD_v3_213163",0
"RNCMPT00225,min,GGGGGCC,RBD_v3_136946",182,0,0.104868913857678,0.00749063670412,0.059925093632959,0.037453183520599,0.029962546816479,0.086142322097378,0.00749063670412,0.037453183520599,0.086142322097378,0.101123595505618,0.026217228464419,0.029962546816479,0.044943820224719,0.029962546816479,0.048689138576779,0.089887640449438,0.089887640449438,0.052434456928839,0.00749063670412,0.02247191011236,0.289473684210526,0.210526315789474,0.342105263157895,0.157894736842105,12,18,"RNCMPT00225,min,GGGGGCC,RBD_v3_136946",1
"RNCMPT00225,min,GGGGGCC,RBD_v3_156860",182,0,0.104868913857678,0.00749063670412,0.059925093632959,0.037453183520599,0.029962546816479,0.086142322097378,0.00749063670412,0.037453183520599,0.086142322097378,0.101123595505618,0.026217228464419,0.029962546816479,0.044943820224719,0.029962546816479,0.048689138576779,0.089887640449438,0.089887640449438,0.052434456928839,0.00749063670412,0.02247191011236,0.31578947368421,0.31578947368421,0.263157894736842,0.105263157894737,18,24,"RNCMPT00225,min,GGGGGCC,RBD_v3_156860",1
"RNCMPT00225,min,GGGGGCC,RBD_v3_207323",182,0,0.104868913857678,0.00749063670412,0.059925093632959,0.037453183520599,0.029962546816479,0.086142322097378,0.00749063670412,0.037453183520599,0.086142322097378,0.101123595505618,0.026217228464419,0.029962546816479,0.044943820224719,0.029962546816479,0.048689138576779,0.089887640449438,0.089887640449438,0.052434456928839,0.00749063670412,0.02247191011236,0.133333333333333,0.133333333333333,0.5,0.233333333333333,11,17,"RNCMPT00225,min,GGGGGCC,RBD_v3_207323",1
"RNCMPT00226,max,CAAUAAG,RBD_v3_129759",183,1,0.044334975369458,0.024630541871921,0.024630541871921,0.054187192118227,0.044334975369458,0.064039408866995,0.009852216748768,0.088669950738916,0.064039408866995,0.049261083743842,0.009852216748768,0.088669950738916,0.024630541871921,0.059113300492611,0.054187192118227,0.083743842364532,0.03448275862069,0.118226600985222,0,0.059113300492611,0.31578947368421,0.210526315789474,0.289473684210526,0.184210526315789,12,18,"RNCMPT00226,max,CAAUAAG,RBD_v3_129759",1
"RNCMPT00226,max,CCAAUAA,RBD_v3_035596",183,1,0.044334975369458,0.024630541871921,0.024630541871921,0.054187192118227,0.044334975369458,0.064039408866995,0.009852216748768,0.088669950738916,0.064039408866995,0.049261083743842,0.009852216748768,0.088669950738916,0.024630541871921,0.059113300492611,0.054187192118227,0.083743842364532,0.03448275862069,0.118226600985222,0,0.059113300492611,0.421052631578947,0.157894736842105,0.263157894736842,0.157894736842105,5,11,"RNCMPT00226,max,CCAAUAA,RBD_v3_035596",1
"RNCMPT00226,max,CCAAUAA,RBD_v3_061593",183,1,0.044334975369458,0.024630541871921,0.024630541871921,0.054187192118227,0.044334975369458,0.064039408866995,0.009852216748768,0.088669950738916,0.064039408866995,0.049261083743842,0.009852216748768,0.088669950738916,0.024630541871921,0.059113300492611,0.054187192118227,0.083743842364532,0.03448275862069,0.118226600985222,0,0.059113300492611,0.342857142857143,0.285714285714286,0.228571428571429,0.142857142857143,7,13,"RNCMPT00226,max,CCAAUAA,RBD_v3_061593",1
"RNCMPT00226,min,UGUUUGU,RBD_v3_003265",183,0,0.044334975369458,0.024630541871921,0.024630541871921,0.054187192118227,0.044334975369458,0.064039408866995,0.009852216748768,0.088669950738916,0.064039408866995,0.049261083743842,0.009852216748768,0.088669950738916,0.024630541871921,0.059113300492611,0.054187192118227,0.083743842364532,0.03448275862069,0.118226600985222,0,0.059113300492611,0.233333333333333,0.1,0.3,0.366666666666667,19,25,"RNCMPT00226,min,UGUUUGU,RBD_v3_003265",1
"RNCMPT00226,min,UGUUUGU,RBD_v3_034402",183,0,0.044334975369458,0.024630541871921,0.024630541871921,0.054187192118227,0.044334975369458,0.064039408866995,0.009852216748768,0.088669950738916,0.064039408866995,0.049261083743842,0.009852216748768,0.088669950738916,0.024630541871921,0.059113300492611,0.054187192118227,0.083743842364532,0.03448275862069,0.118226600985222,0,0.059113300492611,0.153846153846154,0.179487179487179,0.307692307692308,0.358974358974359,25,31,"RNCMPT00226,min,UGUUUGU,RBD_v3_034402",1
"RNCMPT00226,min,UUGUAUG,RBD_v3_042316",183,0,0.044334975369458,0.024630541871921,0.024630541871921,0.054187192118227,0.044334975369458,0.064039408866995,0.009852216748768,0.088669950738916,0.064039408866995,0.049261083743842,0.009852216748768,0.088669950738916,0.024630541871921,0.059113300492611,0.054187192118227,0.083743842364532,0.03448275862069,0.118226600985222,0,0.059113300492611,0.210526315789474,0.210526315789474,0.289473684210526,0.289473684210526,6,12,"RNCMPT00226,min,UUGUAUG,RBD_v3_042316",1
"RNCMPT00228,max,UUUUUUU,RBD_v3_029559",108,1,0.085492227979275,0.020725388601036,0.041450777202073,0.049222797927461,0.033678756476684,0.103626943005181,0.025906735751295,0.028497409326425,0.033678756476684,0.080310880829016,0.018134715025907,0.051813471502591,0.05699481865285,0.059585492227979,0.046632124352332,0.090673575129534,0.049222797927461,0.072538860103627,0.015544041450777,0.036269430051813,0.184210526315789,0.184210526315789,0.236842105263158,0.394736842105263,30,36,"RNCMPT00228,max,UUUUUUU,RBD_v3_029559",0
"RNCMPT00228,max,UUUUUUU,RBD_v3_159452",108,1,0.085492227979275,0.020725388601036,0.041450777202073,0.049222797927461,0.033678756476684,0.103626943005181,0.025906735751295,0.028497409326425,0.033678756476684,0.080310880829016,0.018134715025907,0.051813471502591,0.05699481865285,0.059585492227979,0.046632124352332,0.090673575129534,0.049222797927461,0.072538860103627,0.015544041450777,0.036269430051813,0.210526315789474,0.184210526315789,0.236842105263158,0.368421052631579,31,37,"RNCMPT00228,max,UUUUUUU,RBD_v3_159452",0
"RNCMPT00228,max,UUUUUUU,RBD_v3_234488",108,1,0.085492227979275,0.020725388601036,0.041450777202073,0.049222797927461,0.033678756476684,0.103626943005181,0.025906735751295,0.028497409326425,0.033678756476684,0.080310880829016,0.018134715025907,0.051813471502591,0.05699481865285,0.059585492227979,0.046632124352332,0.090673575129534,0.049222797927461,0.072538860103627,0.015544041450777,0.036269430051813,0.133333333333333,0.133333333333333,0.266666666666667,0.466666666666667,20,26,"RNCMPT00228,max,UUUUUUU,RBD_v3_234488",1
"RNCMPT00228,min,AAACAGC,RBD_v3_127048",108,0,0.085492227979275,0.020725388601036,0.041450777202073,0.049222797927461,0.033678756476684,0.103626943005181,0.025906735751295,0.028497409326425,0.033678756476684,0.080310880829016,0.018134715025907,0.051813471502591,0.05699481865285,0.059585492227979,0.046632124352332,0.090673575129534,0.049222797927461,0.072538860103627,0.015544041450777,0.036269430051813,0.333333333333333,0.266666666666667,0.166666666666667,0.233333333333333,12,18,"RNCMPT00228,min,AAACAGC,RBD_v3_127048",0
"RNCMPT00228,min,AAACAGC,RBD_v3_241049",108,0,0.085492227979275,0.020725388601036,0.041450777202073,0.049222797927461,0.033678756476684,0.103626943005181,0.025906735751295,0.028497409326425,0.033678756476684,0.080310880829016,0.018134715025907,0.051813471502591,0.05699481865285,0.059585492227979,0.046632124352332,0.090673575129534,0.049222797927461,0.072538860103627,0.015544041450777,0.036269430051813,0.366666666666667,0.233333333333333,0.166666666666667,0.233333333333333,8,14,"RNCMPT00228,min,AAACAGC,RBD_v3_241049",0
"RNCMPT00228,min,AAGUCGC,RBD_v3_022427",108,0,0.085492227979275,0.020725388601036,0.041450777202073,0.049222797927461,0.033678756476684,0.103626943005181,0.025906735751295,0.028497409326425,0.033678756476684,0.080310880829016,0.018134715025907,0.051813471502591,0.05699481865285,0.059585492227979,0.046632124352332,0.090673575129534,0.049222797927461,0.072538860103627,0.015544041450777,0.036269430051813,0.4,0.233333333333333,0.233333333333333,0.133333333333333,4,10,"RNCMPT00228,min,AAGUCGC,RBD_v3_022427",0
"RNCMPT00229,max,GUGUUUU,RBD_v3_106697",109,1,0.089020771513353,0.008902077151335,0.044510385756677,0.056379821958457,0.044510385756677,0.106824925816024,0.023738872403561,0.026706231454006,0.038575667655786,0.044510385756677,0.020771513353116,0.047477744807122,0.071216617210683,0.071216617210683,0.050445103857567,0.050445103857567,0.056379821958457,0.077151335311573,0.017804154302671,0.053412462908012,0.184210526315789,0.236842105263158,0.210526315789474,0.368421052631579,5,11,"RNCMPT00229,max,GUGUUUU,RBD_v3_106697",1
"RNCMPT00229,max,UGUUUUG,RBD_v3_071774",109,1,0.089020771513353,0.008902077151335,0.044510385756677,0.056379821958457,0.044510385756677,0.106824925816024,0.023738872403561,0.026706231454006,0.038575667655786,0.044510385756677,0.020771513353116,0.047477744807122,0.071216617210683,0.071216617210683,0.050445103857567,0.050445103857567,0.056379821958457,0.077151335311573,0.017804154302671,0.053412462908012,0.289473684210526,0.210526315789474,0.157894736842105,0.342105263157895,27,33,"RNCMPT00229,max,UGUUUUG,RBD_v3_071774",1
"RNCMPT00229,max,UGUUUUG,RBD_v3_108076",109,1,0.089020771513353,0.008902077151335,0.044510385756677,0.056379821958457,0.044510385756677,0.106824925816024,0.023738872403561,0.026706231454006,0.038575667655786,0.044510385756677,0.020771513353116,0.047477744807122,0.071216617210683,0.071216617210683,0.050445103857567,0.050445103857567,0.056379821958457,0.077151335311573,0.017804154302671,0.053412462908012,0.179487179487179,0.076923076923077,0.282051282051282,0.461538461538462,17,23,"RNCMPT00229,max,UGUUUUG,RBD_v3_108076",0
"RNCMPT00229,min,GACGGAC,RBD_v3_018982",109,0,0.089020771513353,0.008902077151335,0.044510385756677,0.056379821958457,0.044510385756677,0.106824925816024,0.023738872403561,0.026706231454006,0.038575667655786,0.044510385756677,0.020771513353116,0.047477744807122,0.071216617210683,0.071216617210683,0.050445103857567,0.050445103857567,0.056379821958457,0.077151335311573,0.017804154302671,0.053412462908012,0.289473684210526,0.263157894736842,0.236842105263158,0.210526315789474,2,8,"RNCMPT00229,min,GACGGAC,RBD_v3_018982",0
"RNCMPT00229,min,GACGGAC,RBD_v3_099342",109,0,0.089020771513353,0.008902077151335,0.044510385756677,0.056379821958457,0.044510385756677,0.106824925816024,0.023738872403561,0.026706231454006,0.038575667655786,0.044510385756677,0.020771513353116,0.047477744807122,0.071216617210683,0.071216617210683,0.050445103857567,0.050445103857567,0.056379821958457,0.077151335311573,0.017804154302671,0.053412462908012,0.236842105263158,0.236842105263158,0.342105263157895,0.184210526315789,2,8,"RNCMPT00229,min,GACGGAC,RBD_v3_099342",0
"RNCMPT00229,min,GACGGAC,RBD_v3_114462",109,0,0.089020771513353,0.008902077151335,0.044510385756677,0.056379821958457,0.044510385756677,0.106824925816024,0.023738872403561,0.026706231454006,0.038575667655786,0.044510385756677,0.020771513353116,0.047477744807122,0.071216617210683,0.071216617210683,0.050445103857567,0.050445103857567,0.056379821958457,0.077151335311573,0.017804154302671,0.053412462908012,0.289473684210526,0.236842105263158,0.342105263157895,0.131578947368421,26,32,"RNCMPT00229,min,GACGGAC,RBD_v3_114462",0
"RNCMPT00230,max,GAAGGAC,RBD_v3_017741",178,1,0.097852028639618,0.009546539379475,0.052505966587112,0.078758949880668,0.040572792362769,0.085918854415274,0.01909307875895,0.0381861575179,0.073985680190931,0.083532219570406,0.01909307875895,0.040572792362769,0.062052505966587,0.023866348448687,0.052505966587112,0.066825775656325,0.0381861575179,0.093078758949881,0.002386634844869,0.021479713603819,0.31578947368421,0.210526315789474,0.289473684210526,0.184210526315789,25,31,"RNCMPT00230,max,GAAGGAC,RBD_v3_017741",1
"RNCMPT00230,max,GAAGGAC,RBD_v3_021219",178,1,0.097852028639618,0.009546539379475,0.052505966587112,0.078758949880668,0.040572792362769,0.085918854415274,0.01909307875895,0.0381861575179,0.073985680190931,0.083532219570406,0.01909307875895,0.040572792362769,0.062052505966587,0.023866348448687,0.052505966587112,0.066825775656325,0.0381861575179,0.093078758949881,0.002386634844869,0.021479713603819,0.314285714285714,0.2,0.257142857142857,0.228571428571429,27,33,"RNCMPT00230,max,GAAGGAC,RBD_v3_021219",1
"RNCMPT00230,max,GAAGGAC,RBD_v3_237177",178,1,0.097852028639618,0.009546539379475,0.052505966587112,0.078758949880668,0.040572792362769,0.085918854415274,0.01909307875895,0.0381861575179,0.073985680190931,0.083532219570406,0.01909307875895,0.040572792362769,0.062052505966587,0.023866348448687,0.052505966587112,0.066825775656325,0.0381861575179,0.093078758949881,0.002386634844869,0.021479713603819,0.314285714285714,0.257142857142857,0.285714285714286,0.142857142857143,2,8,"RNCMPT00230,max,GAAGGAC,RBD_v3_237177",1
"RNCMPT00230,min,CCUUUUC,RBD_v3_095164",178,0,0.097852028639618,0.009546539379475,0.052505966587112,0.078758949880668,0.040572792362769,0.085918854415274,0.01909307875895,0.0381861575179,0.073985680190931,0.083532219570406,0.01909307875895,0.040572792362769,0.062052505966587,0.023866348448687,0.052505966587112,0.066825775656325,0.0381861575179,0.093078758949881,0.002386634844869,0.021479713603819,0.2,0.366666666666667,0.266666666666667,0.166666666666667,12,18,"RNCMPT00230,min,CCUUUUC,RBD_v3_095164",1
"RNCMPT00230,min,UUUGCUU,RBD_v3_045133",178,0,0.097852028639618,0.009546539379475,0.052505966587112,0.078758949880668,0.040572792362769,0.085918854415274,0.01909307875895,0.0381861575179,0.073985680190931,0.083532219570406,0.01909307875895,0.040572792362769,0.062052505966587,0.023866348448687,0.052505966587112,0.066825775656325,0.0381861575179,0.093078758949881,0.002386634844869,0.021479713603819,0.263157894736842,0.289473684210526,0.131578947368421,0.31578947368421,21,27,"RNCMPT00230,min,UUUGCUU,RBD_v3_045133",1
"RNCMPT00230,min,UUUUCUC,RBD_v3_237889",178,0,0.097852028639618,0.009546539379475,0.052505966587112,0.078758949880668,0.040572792362769,0.085918854415274,0.01909307875895,0.0381861575179,0.073985680190931,0.083532219570406,0.01909307875895,0.040572792362769,0.062052505966587,0.023866348448687,0.052505966587112,0.066825775656325,0.0381861575179,0.093078758949881,0.002386634844869,0.021479713603819,0.142857142857143,0.371428571428571,0.171428571428571,0.314285714285714,26,32,"RNCMPT00230,min,UUUUCUC,RBD_v3_237889",1
"RNCMPT00232,max,AUUUUUU,RBD_v3_056008",165,1,0.103139013452915,0.004484304932735,0.058295964125561,0.071748878923767,0.04932735426009,0.067264573991031,0.017937219730942,0.071748878923767,0.053811659192825,0.067264573991031,0.044843049327354,0.062780269058296,0.076233183856502,0.044843049327354,0.040358744394619,0.04932735426009,0.031390134529148,0.044843049327354,0.004484304932735,0.035874439461883,0.210526315789474,0.078947368421053,0.289473684210526,0.421052631578947,15,21,"RNCMPT00232,max,AUUUUUU,RBD_v3_056008",0
"RNCMPT00232,max,AUUUUUU,RBD_v3_119555",165,1,0.103139013452915,0.004484304932735,0.058295964125561,0.071748878923767,0.04932735426009,0.067264573991031,0.017937219730942,0.071748878923767,0.053811659192825,0.067264573991031,0.044843049327354,0.062780269058296,0.076233183856502,0.044843049327354,0.040358744394619,0.04932735426009,0.031390134529148,0.044843049327354,0.004484304932735,0.035874439461883,0.157894736842105,0.184210526315789,0.184210526315789,0.473684210526316,30,36,"RNCMPT00232,max,AUUUUUU,RBD_v3_119555",0
"RNCMPT00232,max,UUUUUUU,RBD_v3_152449",165,1,0.103139013452915,0.004484304932735,0.058295964125561,0.071748878923767,0.04932735426009,0.067264573991031,0.017937219730942,0.071748878923767,0.053811659192825,0.067264573991031,0.044843049327354,0.062780269058296,0.076233183856502,0.044843049327354,0.040358744394619,0.04932735426009,0.031390134529148,0.044843049327354,0.004484304932735,0.035874439461883,0.210526315789474,0.105263157894737,0.236842105263158,0.447368421052632,27,33,"RNCMPT00232,max,UUUUUUU,RBD_v3_152449",1
"RNCMPT00232,min,AGAGUCG,RBD_v3_016813",165,0,0.103139013452915,0.004484304932735,0.058295964125561,0.071748878923767,0.04932735426009,0.067264573991031,0.017937219730942,0.071748878923767,0.053811659192825,0.067264573991031,0.044843049327354,0.062780269058296,0.076233183856502,0.044843049327354,0.040358744394619,0.04932735426009,0.031390134529148,0.044843049327354,0.004484304932735,0.035874439461883,0.289473684210526,0.236842105263158,0.210526315789474,0.263157894736842,28,34,"RNCMPT00232,min,AGAGUCG,RBD_v3_016813",1
"RNCMPT00232,min,GAGUCGU,RBD_v3_210386",165,0,0.103139013452915,0.004484304932735,0.058295964125561,0.071748878923767,0.04932735426009,0.067264573991031,0.017937219730942,0.071748878923767,0.053811659192825,0.067264573991031,0.044843049327354,0.062780269058296,0.076233183856502,0.044843049327354,0.040358744394619,0.04932735426009,0.031390134529148,0.044843049327354,0.004484304932735,0.035874439461883,0.236842105263158,0.263157894736842,0.31578947368421,0.184210526315789,14,20,"RNCMPT00232,min,GAGUCGU,RBD_v3_210386",1
"RNCMPT00232,min,GUGAGUC,RBD_v3_029833",165,0,0.103139013452915,0.004484304932735,0.058295964125561,0.071748878923767,0.04932735426009,0.067264573991031,0.017937219730942,0.071748878923767,0.053811659192825,0.067264573991031,0.044843049327354,0.062780269058296,0.076233183856502,0.044843049327354,0.040358744394619,0.04932735426009,0.031390134529148,0.044843049327354,0.004484304932735,0.035874439461883,0.236842105263158,0.31578947368421,0.210526315789474,0.236842105263158,29,35,"RNCMPT00232,min,GUGAGUC,RBD_v3_029833",0
"RNCMPT00234,max,AUUGCAC,RBD_v3_006938",69,1,0.058823529411765,0.003095975232198,0.04953560371517,0.065015479876161,0.04953560371517,0.024767801857585,0.015479876160991,0.071207430340557,0.123839009287926,0.061919504643963,0.040247678018576,0.108359133126935,0.046439628482972,0.052631578947368,0.027863777089783,0.03405572755418,0.04953560371517,0.058823529411765,0.006191950464396,0.052631578947368,0.342105263157895,0.236842105263158,0.184210526315789,0.236842105263158,7,13,"RNCMPT00234,max,AUUGCAC,RBD_v3_006938",1
"RNCMPT00234,max,AUUGCAC,RBD_v3_035412",69,1,0.058823529411765,0.003095975232198,0.04953560371517,0.065015479876161,0.04953560371517,0.024767801857585,0.015479876160991,0.071207430340557,0.123839009287926,0.061919504643963,0.040247678018576,0.108359133126935,0.046439628482972,0.052631578947368,0.027863777089783,0.03405572755418,0.04953560371517,0.058823529411765,0.006191950464396,0.052631578947368,0.263157894736842,0.289473684210526,0.210526315789474,0.236842105263158,32,38,"RNCMPT00234,max,AUUGCAC,RBD_v3_035412",1
"RNCMPT00234,max,AUUGCAC,RBD_v3_130306",69,1,0.058823529411765,0.003095975232198,0.04953560371517,0.065015479876161,0.04953560371517,0.024767801857585,0.015479876160991,0.071207430340557,0.123839009287926,0.061919504643963,0.040247678018576,0.108359133126935,0.046439628482972,0.052631578947368,0.027863777089783,0.03405572755418,0.04953560371517,0.058823529411765,0.006191950464396,0.052631578947368,0.257142857142857,0.285714285714286,0.285714285714286,0.171428571428571,7,13,"RNCMPT00234,max,AUUGCAC,RBD_v3_130306",1
"RNCMPT00234,min,GGGGGGC,RBD_v3_141495",69,0,0.058823529411765,0.003095975232198,0.04953560371517,0.065015479876161,0.04953560371517,0.024767801857585,0.015479876160991,0.071207430340557,0.123839009287926,0.061919504643963,0.040247678018576,0.108359133126935,0.046439628482972,0.052631578947368,0.027863777089783,0.03405572755418,0.04953560371517,0.058823529411765,0.006191950464396,0.052631578947368,0.31578947368421,0.157894736842105,0.342105263157895,0.184210526315789,29,35,"RNCMPT00234,min,GGGGGGC,RBD_v3_141495",1
"RNCMPT00234,min,GGGGGGG,RBD_v3_169117",69,0,0.058823529411765,0.003095975232198,0.04953560371517,0.065015479876161,0.04953560371517,0.024767801857585,0.015479876160991,0.071207430340557,0.123839009287926,0.061919504643963,0.040247678018576,0.108359133126935,0.046439628482972,0.052631578947368,0.027863777089783,0.03405572755418,0.04953560371517,0.058823529411765,0.006191950464396,0.052631578947368,0.289473684210526,0.105263157894737,0.447368421052632,0.157894736842105,2,8,"RNCMPT00234,min,GGGGGGG,RBD_v3_169117",1
"RNCMPT00234,min,GGGGGGG,RBD_v3_218264",69,0,0.058823529411765,0.003095975232198,0.04953560371517,0.065015479876161,0.04953560371517,0.024767801857585,0.015479876160991,0.071207430340557,0.123839009287926,0.061919504643963,0.040247678018576,0.108359133126935,0.046439628482972,0.052631578947368,0.027863777089783,0.03405572755418,0.04953560371517,0.058823529411765,0.006191950464396,0.052631578947368,0.210526315789474,0.105263157894737,0.447368421052632,0.236842105263158,28,34,"RNCMPT00234,min,GGGGGGG,RBD_v3_218264",1
"RNCMPT00235,max,CUAAACU,RBD_v3_005450",100,1,0.02247191011236,0.01685393258427,0.050561797752809,0.058052434456929,0.044943820224719,0.02434456928839,0.02247191011236,0.078651685393258,0.095505617977528,0.082397003745318,0.01685393258427,0.134831460674157,0.031835205992509,0.033707865168539,0.035580524344569,0.089887640449438,0.043071161048689,0.058052434456929,0.00187265917603,0.058052434456929,0.371428571428571,0.257142857142857,0.228571428571429,0.142857142857143,17,23,"RNCMPT00235,max,CUAAACU,RBD_v3_005450",1
"RNCMPT00235,max,CUAAACU,RBD_v3_116458",100,1,0.02247191011236,0.01685393258427,0.050561797752809,0.058052434456929,0.044943820224719,0.02434456928839,0.02247191011236,0.078651685393258,0.095505617977528,0.082397003745318,0.01685393258427,0.134831460674157,0.031835205992509,0.033707865168539,0.035580524344569,0.089887640449438,0.043071161048689,0.058052434456929,0.00187265917603,0.058052434456929,0.371428571428571,0.257142857142857,0.228571428571429,0.142857142857143,17,23,"RNCMPT00235,max,CUAAACU,RBD_v3_116458",1
"RNCMPT00235,max,CUAAACU,RBD_v3_203043",100,1,0.02247191011236,0.01685393258427,0.050561797752809,0.058052434456929,0.044943820224719,0.02434456928839,0.02247191011236,0.078651685393258,0.095505617977528,0.082397003745318,0.01685393258427,0.134831460674157,0.031835205992509,0.033707865168539,0.035580524344569,0.089887640449438,0.043071161048689,0.058052434456929,0.00187265917603,0.058052434456929,0.342105263157895,0.289473684210526,0.157894736842105,0.210526315789474,12,18,"RNCMPT00235,max,CUAAACU,RBD_v3_203043",1
"RNCMPT00235,min,AGGGGGG,RBD_v3_014874",100,0,0.02247191011236,0.01685393258427,0.050561797752809,0.058052434456929,0.044943820224719,0.02434456928839,0.02247191011236,0.078651685393258,0.095505617977528,0.082397003745318,0.01685393258427,0.134831460674157,0.031835205992509,0.033707865168539,0.035580524344569,0.089887640449438,0.043071161048689,0.058052434456929,0.00187265917603,0.058052434456929,0.31578947368421,0.184210526315789,0.263157894736842,0.236842105263158,12,18,"RNCMPT00235,min,AGGGGGG,RBD_v3_014874",0
"RNCMPT00235,min,AGGGGGG,RBD_v3_102568",100,0,0.02247191011236,0.01685393258427,0.050561797752809,0.058052434456929,0.044943820224719,0.02434456928839,0.02247191011236,0.078651685393258,0.095505617977528,0.082397003745318,0.01685393258427,0.134831460674157,0.031835205992509,0.033707865168539,0.035580524344569,0.089887640449438,0.043071161048689,0.058052434456929,0.00187265917603,0.058052434456929,0.342105263157895,0.157894736842105,0.342105263157895,0.157894736842105,1,7,"RNCMPT00235,min,AGGGGGG,RBD_v3_102568",0
"RNCMPT00235,min,GGGGGGG,RBD_v3_011032",100,0,0.02247191011236,0.01685393258427,0.050561797752809,0.058052434456929,0.044943820224719,0.02434456928839,0.02247191011236,0.078651685393258,0.095505617977528,0.082397003745318,0.01685393258427,0.134831460674157,0.031835205992509,0.033707865168539,0.035580524344569,0.089887640449438,0.043071161048689,0.058052434456929,0.00187265917603,0.058052434456929,0.210526315789474,0.184210526315789,0.473684210526316,0.131578947368421,2,8,"RNCMPT00235,min,GGGGGGG,RBD_v3_011032",0
"RNCMPT00236,max,CUUUUUU,RBD_v3_138040",184,1,0.070967741935484,0.006451612903226,0.051612903225806,0.061290322580645,0.045161290322581,0.064516129032258,0.009677419354839,0.083870967741935,0.064516129032258,0.061290322580645,0.025806451612903,0.1,0.032258064516129,0.02258064516129,0.054838709677419,0.080645161290323,0.048387096774194,0.058064516129032,0.016129032258065,0.041935483870968,0.157894736842105,0.184210526315789,0.184210526315789,0.473684210526316,28,34,"RNCMPT00236,max,CUUUUUU,RBD_v3_138040",0
"RNCMPT00236,max,UUUUUUU,RBD_v3_126980",184,1,0.070967741935484,0.006451612903226,0.051612903225806,0.061290322580645,0.045161290322581,0.064516129032258,0.009677419354839,0.083870967741935,0.064516129032258,0.061290322580645,0.025806451612903,0.1,0.032258064516129,0.02258064516129,0.054838709677419,0.080645161290323,0.048387096774194,0.058064516129032,0.016129032258065,0.041935483870968,0.133333333333333,0.133333333333333,0.266666666666667,0.466666666666667,20,26,"RNCMPT00236,max,UUUUUUU,RBD_v3_126980",0
"RNCMPT00236,max,UUUUUUU,RBD_v3_234488",184,1,0.070967741935484,0.006451612903226,0.051612903225806,0.061290322580645,0.045161290322581,0.064516129032258,0.009677419354839,0.083870967741935,0.064516129032258,0.061290322580645,0.025806451612903,0.1,0.032258064516129,0.02258064516129,0.054838709677419,0.080645161290323,0.048387096774194,0.058064516129032,0.016129032258065,0.041935483870968,0.133333333333333,0.133333333333333,0.266666666666667,0.466666666666667,20,26,"RNCMPT00236,max,UUUUUUU,RBD_v3_234488",0
"RNCMPT00236,min,AGAAUGA,RBD_v3_083674",184,0,0.070967741935484,0.006451612903226,0.051612903225806,0.061290322580645,0.045161290322581,0.064516129032258,0.009677419354839,0.083870967741935,0.064516129032258,0.061290322580645,0.025806451612903,0.1,0.032258064516129,0.02258064516129,0.054838709677419,0.080645161290323,0.048387096774194,0.058064516129032,0.016129032258065,0.041935483870968,0.342105263157895,0.184210526315789,0.210526315789474,0.263157894736842,23,29,"RNCMPT00236,min,AGAAUGA,RBD_v3_083674",1
"RNCMPT00236,min,GAGAAAG,RBD_v3_021458",184,0,0.070967741935484,0.006451612903226,0.051612903225806,0.061290322580645,0.045161290322581,0.064516129032258,0.009677419354839,0.083870967741935,0.064516129032258,0.061290322580645,0.025806451612903,0.1,0.032258064516129,0.02258064516129,0.054838709677419,0.080645161290323,0.048387096774194,0.058064516129032,0.016129032258065,0.041935483870968,0.314285714285714,0.142857142857143,0.285714285714286,0.257142857142857,2,8,"RNCMPT00236,min,GAGAAAG,RBD_v3_021458",1
"RNCMPT00236,min,GAGAAAG,RBD_v3_054403",184,0,0.070967741935484,0.006451612903226,0.051612903225806,0.061290322580645,0.045161290322581,0.064516129032258,0.009677419354839,0.083870967741935,0.064516129032258,0.061290322580645,0.025806451612903,0.1,0.032258064516129,0.02258064516129,0.054838709677419,0.080645161290323,0.048387096774194,0.058064516129032,0.016129032258065,0.041935483870968,0.31578947368421,0.184210526315789,0.31578947368421,0.184210526315789,27,33,"RNCMPT00236,min,GAGAAAG,RBD_v3_054403",0
"RNCMPT00237,max,AUGGAGU,RBD_v3_069009",110,1,0.080851063829787,0.004255319148936,0.072340425531915,0.046808510638298,0.042553191489362,0.080851063829787,0.017021276595745,0.046808510638298,0.05531914893617,0.080851063829787,0.021276595744681,0.063829787234043,0.05531914893617,0.034042553191489,0.046808510638298,0.076595744680851,0.05531914893617,0.072340425531915,0.004255319148936,0.042553191489362,0.342105263157895,0.052631578947368,0.31578947368421,0.289473684210526,6,12,"RNCMPT00237,max,AUGGAGU,RBD_v3_069009",0
"RNCMPT00237,max,AUGGAGU,RBD_v3_144898",110,1,0.080851063829787,0.004255319148936,0.072340425531915,0.046808510638298,0.042553191489362,0.080851063829787,0.017021276595745,0.046808510638298,0.05531914893617,0.080851063829787,0.021276595744681,0.063829787234043,0.05531914893617,0.034042553191489,0.046808510638298,0.076595744680851,0.05531914893617,0.072340425531915,0.004255319148936,0.042553191489362,0.266666666666667,0.233333333333333,0.366666666666667,0.133333333333333,3,9,"RNCMPT00237,max,AUGGAGU,RBD_v3_144898",0
"RNCMPT00237,max,UGGAGUU,RBD_v3_144567",110,1,0.080851063829787,0.004255319148936,0.072340425531915,0.046808510638298,0.042553191489362,0.080851063829787,0.017021276595745,0.046808510638298,0.05531914893617,0.080851063829787,0.021276595744681,0.063829787234043,0.05531914893617,0.034042553191489,0.046808510638298,0.076595744680851,0.05531914893617,0.072340425531915,0.004255319148936,0.042553191489362,0.171428571428571,0.142857142857143,0.342857142857143,0.342857142857143,7,13,"RNCMPT00237,max,UGGAGUU,RBD_v3_144567",0
"RNCMPT00237,min,AGACCAC,RBD_v3_052573",110,0,0.080851063829787,0.004255319148936,0.072340425531915,0.046808510638298,0.042553191489362,0.080851063829787,0.017021276595745,0.046808510638298,0.05531914893617,0.080851063829787,0.021276595744681,0.063829787234043,0.05531914893617,0.034042553191489,0.046808510638298,0.076595744680851,0.05531914893617,0.072340425531915,0.004255319148936,0.042553191489362,0.263157894736842,0.342105263157895,0.210526315789474,0.184210526315789,25,31,"RNCMPT00237,min,AGACCAC,RBD_v3_052573",0
"RNCMPT00237,min,AGACCAC,RBD_v3_200824",110,0,0.080851063829787,0.004255319148936,0.072340425531915,0.046808510638298,0.042553191489362,0.080851063829787,0.017021276595745,0.046808510638298,0.05531914893617,0.080851063829787,0.021276595744681,0.063829787234043,0.05531914893617,0.034042553191489,0.046808510638298,0.076595744680851,0.05531914893617,0.072340425531915,0.004255319148936,0.042553191489362,0.342857142857143,0.228571428571429,0.257142857142857,0.171428571428571,1,7,"RNCMPT00237,min,AGACCAC,RBD_v3_200824",0
"RNCMPT00237,min,GACUCAC,RBD_v3_101693",110,0,0.080851063829787,0.004255319148936,0.072340425531915,0.046808510638298,0.042553191489362,0.080851063829787,0.017021276595745,0.046808510638298,0.05531914893617,0.080851063829787,0.021276595744681,0.063829787234043,0.05531914893617,0.034042553191489,0.046808510638298,0.076595744680851,0.05531914893617,0.072340425531915,0.004255319148936,0.042553191489362,0.257142857142857,0.371428571428571,0.257142857142857,0.114285714285714,4,10,"RNCMPT00237,min,GACUCAC,RBD_v3_101693",0
"RNCMPT00238,max,GGAGGAA,RBD_v3_150109",79,1,0.075342465753425,0.002283105022831,0.054794520547945,0.04337899543379,0.054794520547945,0.210045662100457,0.015981735159817,0.031963470319635,0.018264840182648,0.045662100456621,0.025114155251142,0.047945205479452,0.063926940639269,0.054794520547945,0.077625570776256,0.041095890410959,0.038812785388128,0.054794520547945,0.009132420091324,0.034246575342466,0.368421052631579,0.026315789473684,0.342105263157895,0.263157894736842,2,8,"RNCMPT00238,max,GGAGGAA,RBD_v3_150109",1
"RNCMPT00238,max,GGAGGAA,RBD_v3_167934",79,1,0.075342465753425,0.002283105022831,0.054794520547945,0.04337899543379,0.054794520547945,0.210045662100457,0.015981735159817,0.031963470319635,0.018264840182648,0.045662100456621,0.025114155251142,0.047945205479452,0.063926940639269,0.054794520547945,0.077625570776256,0.041095890410959,0.038812785388128,0.054794520547945,0.009132420091324,0.034246575342466,0.366666666666667,0.066666666666667,0.333333333333333,0.233333333333333,8,14,"RNCMPT00238,max,GGAGGAA,RBD_v3_167934",1
"RNCMPT00238,max,GGAGGAA,RBD_v3_224941",79,1,0.075342465753425,0.002283105022831,0.054794520547945,0.04337899543379,0.054794520547945,0.210045662100457,0.015981735159817,0.031963470319635,0.018264840182648,0.045662100456621,0.025114155251142,0.047945205479452,0.063926940639269,0.054794520547945,0.077625570776256,0.041095890410959,0.038812785388128,0.054794520547945,0.009132420091324,0.034246575342466,0.266666666666667,0.133333333333333,0.333333333333333,0.266666666666667,19,25,"RNCMPT00238,max,GGAGGAA,RBD_v3_224941",0
"RNCMPT00238,min,AGACCCU,RBD_v3_038773",79,0,0.075342465753425,0.002283105022831,0.054794520547945,0.04337899543379,0.054794520547945,0.210045662100457,0.015981735159817,0.031963470319635,0.018264840182648,0.045662100456621,0.025114155251142,0.047945205479452,0.063926940639269,0.054794520547945,0.077625570776256,0.041095890410959,0.038812785388128,0.054794520547945,0.009132420091324,0.034246575342466,0.31578947368421,0.289473684210526,0.210526315789474,0.184210526315789,1,7,"RNCMPT00238,min,AGACCCU,RBD_v3_038773",1
"RNCMPT00238,min,AGACCCU,RBD_v3_051760",79,0,0.075342465753425,0.002283105022831,0.054794520547945,0.04337899543379,0.054794520547945,0.210045662100457,0.015981735159817,0.031963470319635,0.018264840182648,0.045662100456621,0.025114155251142,0.047945205479452,0.063926940639269,0.054794520547945,0.077625570776256,0.041095890410959,0.038812785388128,0.054794520547945,0.009132420091324,0.034246575342466,0.3,0.3,0.2,0.2,1,7,"RNCMPT00238,min,AGACCCU,RBD_v3_051760",0
"RNCMPT00238,min,AGACCCU,RBD_v3_123814",79,0,0.075342465753425,0.002283105022831,0.054794520547945,0.04337899543379,0.054794520547945,0.210045662100457,0.015981735159817,0.031963470319635,0.018264840182648,0.045662100456621,0.025114155251142,0.047945205479452,0.063926940639269,0.054794520547945,0.077625570776256,0.041095890410959,0.038812785388128,0.054794520547945,0.009132420091324,0.034246575342466,0.257142857142857,0.228571428571429,0.228571428571429,0.285714285714286,3,9,"RNCMPT00238,min,AGACCCU,RBD_v3_123814",1
"RNCMPT00239,max,AACCCUU,RBD_v3_164995",94,1,0.087078651685393,0.025280898876404,0.030898876404494,0.056179775280899,0.01123595505618,0.101123595505618,0.019662921348315,0.095505617977528,0.039325842696629,0.067415730337079,0.033707865168539,0.039325842696629,0.053370786516854,0.056179775280899,0.044943820224719,0.098314606741573,0.070224719101124,0.053370786516854,0.002808988764045,0.014044943820225,0.31578947368421,0.342105263157895,0.131578947368421,0.210526315789474,19,25,"RNCMPT00239,max,AACCCUU,RBD_v3_164995",1
"RNCMPT00239,max,AUUUCCC,RBD_v3_119948",94,1,0.087078651685393,0.025280898876404,0.030898876404494,0.056179775280899,0.01123595505618,0.101123595505618,0.019662921348315,0.095505617977528,0.039325842696629,0.067415730337079,0.033707865168539,0.039325842696629,0.053370786516854,0.056179775280899,0.044943820224719,0.098314606741573,0.070224719101124,0.053370786516854,0.002808988764045,0.014044943820225,0.3,0.4,0.166666666666667,0.133333333333333,11,17,"RNCMPT00239,max,AUUUCCC,RBD_v3_119948",0
"RNCMPT00239,max,CCUUUCC,RBD_v3_002282",94,1,0.087078651685393,0.025280898876404,0.030898876404494,0.056179775280899,0.01123595505618,0.101123595505618,0.019662921348315,0.095505617977528,0.039325842696629,0.067415730337079,0.033707865168539,0.039325842696629,0.053370786516854,0.056179775280899,0.044943820224719,0.098314606741573,0.070224719101124,0.053370786516854,0.002808988764045,0.014044943820225,0.266666666666667,0.366666666666667,0.166666666666667,0.2,9,15,"RNCMPT00239,max,CCUUUCC,RBD_v3_002282",0
"RNCMPT00239,min,GGGUGAG,RBD_v3_117076",94,0,0.087078651685393,0.025280898876404,0.030898876404494,0.056179775280899,0.01123595505618,0.101123595505618,0.019662921348315,0.095505617977528,0.039325842696629,0.067415730337079,0.033707865168539,0.039325842696629,0.053370786516854,0.056179775280899,0.044943820224719,0.098314606741573,0.070224719101124,0.053370786516854,0.002808988764045,0.014044943820225,0.3,0.2,0.333333333333333,0.166666666666667,19,25,"RNCMPT00239,min,GGGUGAG,RBD_v3_117076",0
"RNCMPT00239,min,GGGUGAG,RBD_v3_159977",94,0,0.087078651685393,0.025280898876404,0.030898876404494,0.056179775280899,0.01123595505618,0.101123595505618,0.019662921348315,0.095505617977528,0.039325842696629,0.067415730337079,0.033707865168539,0.039325842696629,0.053370786516854,0.056179775280899,0.044943820224719,0.098314606741573,0.070224719101124,0.053370786516854,0.002808988764045,0.014044943820225,0.210526315789474,0.157894736842105,0.342105263157895,0.289473684210526,14,20,"RNCMPT00239,min,GGGUGAG,RBD_v3_159977",0
"RNCMPT00239,min,GGGUGAG,RBD_v3_207160",94,0,0.087078651685393,0.025280898876404,0.030898876404494,0.056179775280899,0.01123595505618,0.101123595505618,0.019662921348315,0.095505617977528,0.039325842696629,0.067415730337079,0.033707865168539,0.039325842696629,0.053370786516854,0.056179775280899,0.044943820224719,0.098314606741573,0.070224719101124,0.053370786516854,0.002808988764045,0.014044943820225,0.371428571428571,0.228571428571429,0.228571428571429,0.171428571428571,11,17,"RNCMPT00239,min,GGGUGAG,RBD_v3_207160",1
"RNCMPT00240,max,AUUCCGA,RBD_v3_012219",98,1,0.032258064516129,0.007168458781362,0.03584229390681,0.068100358422939,0.060931899641577,0.046594982078853,0.028673835125448,0.093189964157706,0.125448028673835,0.089605734767025,0.010752688172043,0.125448028673835,0.03584229390681,0.028673835125448,0.010752688172043,0.046594982078853,0.039426523297491,0.053763440860215,0.010752688172043,0.050179211469534,0.236842105263158,0.263157894736842,0.184210526315789,0.31578947368421,13,19,"RNCMPT00240,max,AUUCCGA,RBD_v3_012219",1
"RNCMPT00240,max,AUUCCGA,RBD_v3_149717",98,1,0.032258064516129,0.007168458781362,0.03584229390681,0.068100358422939,0.060931899641577,0.046594982078853,0.028673835125448,0.093189964157706,0.125448028673835,0.089605734767025,0.010752688172043,0.125448028673835,0.03584229390681,0.028673835125448,0.010752688172043,0.046594982078853,0.039426523297491,0.053763440860215,0.010752688172043,0.050179211469534,0.289473684210526,0.184210526315789,0.289473684210526,0.236842105263158,12,18,"RNCMPT00240,max,AUUCCGA,RBD_v3_149717",1
"RNCMPT00240,max,AUUCCGA,RBD_v3_193698",98,1,0.032258064516129,0.007168458781362,0.03584229390681,0.068100358422939,0.060931899641577,0.046594982078853,0.028673835125448,0.093189964157706,0.125448028673835,0.089605734767025,0.010752688172043,0.125448028673835,0.03584229390681,0.028673835125448,0.010752688172043,0.046594982078853,0.039426523297491,0.053763440860215,0.010752688172043,0.050179211469534,0.342105263157895,0.210526315789474,0.263157894736842,0.184210526315789,16,22,"RNCMPT00240,max,AUUCCGA,RBD_v3_193698",0
"RNCMPT00240,min,ACACGGA,RBD_v3_008850",98,0,0.032258064516129,0.007168458781362,0.03584229390681,0.068100358422939,0.060931899641577,0.046594982078853,0.028673835125448,0.093189964157706,0.125448028673835,0.089605734767025,0.010752688172043,0.125448028673835,0.03584229390681,0.028673835125448,0.010752688172043,0.046594982078853,0.039426523297491,0.053763440860215,0.010752688172043,0.050179211469534,0.314285714285714,0.228571428571429,0.342857142857143,0.114285714285714,3,9,"RNCMPT00240,min,ACACGGA,RBD_v3_008850",0
"RNCMPT00240,min,ACACGGA,RBD_v3_228694",98,0,0.032258064516129,0.007168458781362,0.03584229390681,0.068100358422939,0.060931899641577,0.046594982078853,0.028673835125448,0.093189964157706,0.125448028673835,0.089605734767025,0.010752688172043,0.125448028673835,0.03584229390681,0.028673835125448,0.010752688172043,0.046594982078853,0.039426523297491,0.053763440860215,0.010752688172043,0.050179211469534,0.31578947368421,0.210526315789474,0.263157894736842,0.210526315789474,8,14,"RNCMPT00240,min,ACACGGA,RBD_v3_228694",0
"RNCMPT00240,min,ACACGGU,RBD_v3_024389",98,0,0.032258064516129,0.007168458781362,0.03584229390681,0.068100358422939,0.060931899641577,0.046594982078853,0.028673835125448,0.093189964157706,0.125448028673835,0.089605734767025,0.010752688172043,0.125448028673835,0.03584229390681,0.028673835125448,0.010752688172043,0.046594982078853,0.039426523297491,0.053763440860215,0.010752688172043,0.050179211469534,0.285714285714286,0.257142857142857,0.114285714285714,0.342857142857143,3,9,"RNCMPT00240,min,ACACGGU,RBD_v3_024389",1
"RNCMPT00241,max,GACGACG,RBD_v3_044367",123,1,0.060924369747899,0.014705882352941,0.054621848739496,0.071428571428571,0.052521008403361,0.071428571428571,0.016806722689076,0.046218487394958,0.067226890756303,0.069327731092437,0.01890756302521,0.033613445378151,0.05672268907563,0.052521008403361,0.060924369747899,0.090336134453782,0.035714285714286,0.084033613445378,0.004201680672269,0.03781512605042,0.31578947368421,0.157894736842105,0.342105263157895,0.184210526315789,17,23,"RNCMPT00241,max,GACGACG,RBD_v3_044367",1
"RNCMPT00241,max,GACGACG,RBD_v3_045602",123,1,0.060924369747899,0.014705882352941,0.054621848739496,0.071428571428571,0.052521008403361,0.071428571428571,0.016806722689076,0.046218487394958,0.067226890756303,0.069327731092437,0.01890756302521,0.033613445378151,0.05672268907563,0.052521008403361,0.060924369747899,0.090336134453782,0.035714285714286,0.084033613445378,0.004201680672269,0.03781512605042,0.31578947368421,0.236842105263158,0.210526315789474,0.236842105263158,17,23,"RNCMPT00241,max,GACGACG,RBD_v3_045602",1
"RNCMPT00241,max,GACGGAC,RBD_v3_229876",123,1,0.060924369747899,0.014705882352941,0.054621848739496,0.071428571428571,0.052521008403361,0.071428571428571,0.016806722689076,0.046218487394958,0.067226890756303,0.069327731092437,0.01890756302521,0.033613445378151,0.05672268907563,0.052521008403361,0.060924369747899,0.090336134453782,0.035714285714286,0.084033613445378,0.004201680672269,0.03781512605042,0.285714285714286,0.171428571428571,0.314285714285714,0.228571428571429,19,25,"RNCMPT00241,max,GACGGAC,RBD_v3_229876",1
"RNCMPT00241,min,GAGUCGU,RBD_v3_148992",123,0,0.060924369747899,0.014705882352941,0.054621848739496,0.071428571428571,0.052521008403361,0.071428571428571,0.016806722689076,0.046218487394958,0.067226890756303,0.069327731092437,0.01890756302521,0.033613445378151,0.05672268907563,0.052521008403361,0.060924369747899,0.090336134453782,0.035714285714286,0.084033613445378,0.004201680672269,0.03781512605042,0.157894736842105,0.263157894736842,0.263157894736842,0.31578947368421,27,33,"RNCMPT00241,min,GAGUCGU,RBD_v3_148992",0
"RNCMPT00241,min,GUCGUCU,RBD_v3_105738",123,0,0.060924369747899,0.014705882352941,0.054621848739496,0.071428571428571,0.052521008403361,0.071428571428571,0.016806722689076,0.046218487394958,0.067226890756303,0.069327731092437,0.01890756302521,0.033613445378151,0.05672268907563,0.052521008403361,0.060924369747899,0.090336134453782,0.035714285714286,0.084033613445378,0.004201680672269,0.03781512605042,0.236842105263158,0.210526315789474,0.236842105263158,0.31578947368421,15,21,"RNCMPT00241,min,GUCGUCU,RBD_v3_105738",1
"RNCMPT00241,min,UCGUCUA,RBD_v3_152008",123,0,0.060924369747899,0.014705882352941,0.054621848739496,0.071428571428571,0.052521008403361,0.071428571428571,0.016806722689076,0.046218487394958,0.067226890756303,0.069327731092437,0.01890756302521,0.033613445378151,0.05672268907563,0.052521008403361,0.060924369747899,0.090336134453782,0.035714285714286,0.084033613445378,0.004201680672269,0.03781512605042,0.236842105263158,0.31578947368421,0.236842105263158,0.210526315789474,14,20,"RNCMPT00241,min,UCGUCUA,RBD_v3_152008",1
"RNCMPT00245,max,AGAUAGA,RBD_v3_038492",43,1,0.029268292682927,0.014634146341463,0.053658536585366,0.082926829268293,0.058536585365854,0.11219512195122,0.019512195121951,0.04390243902439,0.121951219512195,0.04390243902439,0.014634146341463,0.053658536585366,0.034146341463415,0.063414634146341,0.048780487804878,0.034146341463415,0.04390243902439,0.063414634146341,0.014634146341463,0.048780487804878,0.263157894736842,0.157894736842105,0.289473684210526,0.289473684210526,1,7,"RNCMPT00245,max,AGAUAGA,RBD_v3_038492",0
"RNCMPT00245,max,AGAUAGA,RBD_v3_052373",43,1,0.029268292682927,0.014634146341463,0.053658536585366,0.082926829268293,0.058536585365854,0.11219512195122,0.019512195121951,0.04390243902439,0.121951219512195,0.04390243902439,0.014634146341463,0.053658536585366,0.034146341463415,0.063414634146341,0.048780487804878,0.034146341463415,0.04390243902439,0.063414634146341,0.014634146341463,0.048780487804878,0.289473684210526,0.131578947368421,0.342105263157895,0.236842105263158,17,23,"RNCMPT00245,max,AGAUAGA,RBD_v3_052373",1
"RNCMPT00245,max,AGAUAGA,RBD_v3_063948",43,1,0.029268292682927,0.014634146341463,0.053658536585366,0.082926829268293,0.058536585365854,0.11219512195122,0.019512195121951,0.04390243902439,0.121951219512195,0.04390243902439,0.014634146341463,0.053658536585366,0.034146341463415,0.063414634146341,0.048780487804878,0.034146341463415,0.04390243902439,0.063414634146341,0.014634146341463,0.048780487804878,0.263157894736842,0.210526315789474,0.289473684210526,0.236842105263158,20,26,"RNCMPT00245,max,AGAUAGA,RBD_v3_063948",1
"RNCMPT00245,min,UCGUCUU,RBD_v3_113357",43,0,0.029268292682927,0.014634146341463,0.053658536585366,0.082926829268293,0.058536585365854,0.11219512195122,0.019512195121951,0.04390243902439,0.121951219512195,0.04390243902439,0.014634146341463,0.053658536585366,0.034146341463415,0.063414634146341,0.048780487804878,0.034146341463415,0.04390243902439,0.063414634146341,0.014634146341463,0.048780487804878,0.314285714285714,0.257142857142857,0.2,0.228571428571429,15,21,"RNCMPT00245,min,UCGUCUU,RBD_v3_113357",1
"RNCMPT00245,min,UCGUCUU,RBD_v3_201482",43,0,0.029268292682927,0.014634146341463,0.053658536585366,0.082926829268293,0.058536585365854,0.11219512195122,0.019512195121951,0.04390243902439,0.121951219512195,0.04390243902439,0.014634146341463,0.053658536585366,0.034146341463415,0.063414634146341,0.048780487804878,0.034146341463415,0.04390243902439,0.063414634146341,0.014634146341463,0.048780487804878,0.342105263157895,0.236842105263158,0.236842105263158,0.184210526315789,16,22,"RNCMPT00245,min,UCGUCUU,RBD_v3_201482",0
"RNCMPT00245,min,UCUGUUC,RBD_v3_010608",43,0,0.029268292682927,0.014634146341463,0.053658536585366,0.082926829268293,0.058536585365854,0.11219512195122,0.019512195121951,0.04390243902439,0.121951219512195,0.04390243902439,0.014634146341463,0.053658536585366,0.034146341463415,0.063414634146341,0.048780487804878,0.034146341463415,0.04390243902439,0.063414634146341,0.014634146341463,0.048780487804878,0.133333333333333,0.333333333333333,0.333333333333333,0.2,8,14,"RNCMPT00245,min,UCUGUUC,RBD_v3_010608",1
"RNCMPT00246,max,AUUUCCC,RBD_v3_026905",106,1,0.088050314465409,0.018867924528302,0.022012578616352,0.062893081761006,0.015723270440252,0.10062893081761,0.012578616352201,0.110062893081761,0.053459119496855,0.062893081761006,0.034591194968553,0.031446540880503,0.066037735849057,0.053459119496855,0.037735849056604,0.10377358490566,0.062893081761006,0.053459119496855,0,0.009433962264151,0.31578947368421,0.289473684210526,0.157894736842105,0.236842105263158,31,37,"RNCMPT00246,max,AUUUCCC,RBD_v3_026905",0
"RNCMPT00246,max,CCUUUCC,RBD_v3_122167",106,1,0.088050314465409,0.018867924528302,0.022012578616352,0.062893081761006,0.015723270440252,0.10062893081761,0.012578616352201,0.110062893081761,0.053459119496855,0.062893081761006,0.034591194968553,0.031446540880503,0.066037735849057,0.053459119496855,0.037735849056604,0.10377358490566,0.062893081761006,0.053459119496855,0,0.009433962264151,0.266666666666667,0.266666666666667,0.2,0.266666666666667,14,20,"RNCMPT00246,max,CCUUUCC,RBD_v3_122167",1
"RNCMPT00246,max,UUUCCCU,RBD_v3_036176",106,1,0.088050314465409,0.018867924528302,0.022012578616352,0.062893081761006,0.015723270440252,0.10062893081761,0.012578616352201,0.110062893081761,0.053459119496855,0.062893081761006,0.034591194968553,0.031446540880503,0.066037735849057,0.053459119496855,0.037735849056604,0.10377358490566,0.062893081761006,0.053459119496855,0,0.009433962264151,0.31578947368421,0.289473684210526,0.157894736842105,0.236842105263158,32,38,"RNCMPT00246,max,UUUCCCU,RBD_v3_036176",1
"RNCMPT00246,min,AGGGGGG,RBD_v3_071168",106,0,0.088050314465409,0.018867924528302,0.022012578616352,0.062893081761006,0.015723270440252,0.10062893081761,0.012578616352201,0.110062893081761,0.053459119496855,0.062893081761006,0.034591194968553,0.031446540880503,0.066037735849057,0.053459119496855,0.037735849056604,0.10377358490566,0.062893081761006,0.053459119496855,0,0.009433962264151,0.133333333333333,0.2,0.566666666666667,0.1,17,23,"RNCMPT00246,min,AGGGGGG,RBD_v3_071168",0
"RNCMPT00246,min,AGGGGUG,RBD_v3_099688",106,0,0.088050314465409,0.018867924528302,0.022012578616352,0.062893081761006,0.015723270440252,0.10062893081761,0.012578616352201,0.110062893081761,0.053459119496855,0.062893081761006,0.034591194968553,0.031446540880503,0.066037735849057,0.053459119496855,0.037735849056604,0.10377358490566,0.062893081761006,0.053459119496855,0,0.009433962264151,0.236842105263158,0.157894736842105,0.473684210526316,0.131578947368421,20,26,"RNCMPT00246,min,AGGGGUG,RBD_v3_099688",0
"RNCMPT00246,min,AGGGGUG,RBD_v3_227496",106,0,0.088050314465409,0.018867924528302,0.022012578616352,0.062893081761006,0.015723270440252,0.10062893081761,0.012578616352201,0.110062893081761,0.053459119496855,0.062893081761006,0.034591194968553,0.031446540880503,0.066037735849057,0.053459119496855,0.037735849056604,0.10377358490566,0.062893081761006,0.053459119496855,0,0.009433962264151,0.236842105263158,0.131578947368421,0.447368421052632,0.184210526315789,23,29,"RNCMPT00246,min,AGGGGUG,RBD_v3_227496",1
"RNCMPT00248,max,ACGACGA,RBD_v3_043086",142,1,0.073298429319372,0.010471204188482,0.06282722513089,0.073298429319372,0.041884816753927,0.089005235602094,0.036649214659686,0.057591623036649,0.073298429319372,0.052356020942408,0.020942408376963,0.052356020942408,0.089005235602094,0.031413612565445,0.052356020942408,0.036649214659686,0.036649214659686,0.057591623036649,0.005235602094241,0.047120418848168,0.289473684210526,0.263157894736842,0.263157894736842,0.184210526315789,27,33,"RNCMPT00248,max,ACGACGA,RBD_v3_043086",1
"RNCMPT00248,max,ACGACGA,RBD_v3_212621",142,1,0.073298429319372,0.010471204188482,0.06282722513089,0.073298429319372,0.041884816753927,0.089005235602094,0.036649214659686,0.057591623036649,0.073298429319372,0.052356020942408,0.020942408376963,0.052356020942408,0.089005235602094,0.031413612565445,0.052356020942408,0.036649214659686,0.036649214659686,0.057591623036649,0.005235602094241,0.047120418848168,0.3,0.166666666666667,0.366666666666667,0.166666666666667,3,9,"RNCMPT00248,max,ACGACGA,RBD_v3_212621",0
"RNCMPT00248,max,GACGACG,RBD_v3_046492",142,1,0.073298429319372,0.010471204188482,0.06282722513089,0.073298429319372,0.041884816753927,0.089005235602094,0.036649214659686,0.057591623036649,0.073298429319372,0.052356020942408,0.020942408376963,0.052356020942408,0.089005235602094,0.031413612565445,0.052356020942408,0.036649214659686,0.036649214659686,0.057591623036649,0.005235602094241,0.047120418848168,0.263157894736842,0.210526315789474,0.342105263157895,0.184210526315789,2,8,"RNCMPT00248,max,GACGACG,RBD_v3_046492",0
"RNCMPT00248,min,AAGAUGU,RBD_v3_117268",142,0,0.073298429319372,0.010471204188482,0.06282722513089,0.073298429319372,0.041884816753927,0.089005235602094,0.036649214659686,0.057591623036649,0.073298429319372,0.052356020942408,0.020942408376963,0.052356020942408,0.089005235602094,0.031413612565445,0.052356020942408,0.036649214659686,0.036649214659686,0.057591623036649,0.005235602094241,0.047120418848168,0.371428571428571,0.142857142857143,0.285714285714286,0.2,11,17,"RNCMPT00248,min,AAGAUGU,RBD_v3_117268",1
"RNCMPT00248,min,AGUGUUG,RBD_v3_044344",142,0,0.073298429319372,0.010471204188482,0.06282722513089,0.073298429319372,0.041884816753927,0.089005235602094,0.036649214659686,0.057591623036649,0.073298429319372,0.052356020942408,0.020942408376963,0.052356020942408,0.089005235602094,0.031413612565445,0.052356020942408,0.036649214659686,0.036649214659686,0.057591623036649,0.005235602094241,0.047120418848168,0.31578947368421,0.131578947368421,0.342105263157895,0.210526315789474,17,23,"RNCMPT00248,min,AGUGUUG,RBD_v3_044344",0
"RNCMPT00248,min,AGUGUUG,RBD_v3_084691",142,0,0.073298429319372,0.010471204188482,0.06282722513089,0.073298429319372,0.041884816753927,0.089005235602094,0.036649214659686,0.057591623036649,0.073298429319372,0.052356020942408,0.020942408376963,0.052356020942408,0.089005235602094,0.031413612565445,0.052356020942408,0.036649214659686,0.036649214659686,0.057591623036649,0.005235602094241,0.047120418848168,0.289473684210526,0.157894736842105,0.342105263157895,0.210526315789474,11,17,"RNCMPT00248,min,AGUGUUG,RBD_v3_084691",1
"RNCMPT00249,max,AUUGCAC,RBD_v3_028293",111,1,0.140350877192982,0.004385964912281,0.048245614035088,0.048245614035088,0.052631578947368,0.057017543859649,0.008771929824561,0.026315789473684,0.092105263157895,0.087719298245614,0.021929824561404,0.043859649122807,0.074561403508772,0.06140350877193,0.057017543859649,0.048245614035088,0.035087719298246,0.074561403508772,0.004385964912281,0.013157894736842,0.257142857142857,0.228571428571429,0.314285714285714,0.2,12,18,"RNCMPT00249,max,AUUGCAC,RBD_v3_028293",1
"RNCMPT00249,max,AUUGCAC,RBD_v3_049638",111,1,0.140350877192982,0.004385964912281,0.048245614035088,0.048245614035088,0.052631578947368,0.057017543859649,0.008771929824561,0.026315789473684,0.092105263157895,0.087719298245614,0.021929824561404,0.043859649122807,0.074561403508772,0.06140350877193,0.057017543859649,0.048245614035088,0.035087719298246,0.074561403508772,0.004385964912281,0.013157894736842,0.342857142857143,0.257142857142857,0.285714285714286,0.114285714285714,16,22,"RNCMPT00249,max,AUUGCAC,RBD_v3_049638",1
"RNCMPT00249,max,AUUGCAC,RBD_v3_130306",111,1,0.140350877192982,0.004385964912281,0.048245614035088,0.048245614035088,0.052631578947368,0.057017543859649,0.008771929824561,0.026315789473684,0.092105263157895,0.087719298245614,0.021929824561404,0.043859649122807,0.074561403508772,0.06140350877193,0.057017543859649,0.048245614035088,0.035087719298246,0.074561403508772,0.004385964912281,0.013157894736842,0.257142857142857,0.285714285714286,0.285714285714286,0.171428571428571,7,13,"RNCMPT00249,max,AUUGCAC,RBD_v3_130306",1
"RNCMPT00249,min,GGGGGGG,RBD_v3_055167",111,0,0.140350877192982,0.004385964912281,0.048245614035088,0.048245614035088,0.052631578947368,0.057017543859649,0.008771929824561,0.026315789473684,0.092105263157895,0.087719298245614,0.021929824561404,0.043859649122807,0.074561403508772,0.06140350877193,0.057017543859649,0.048245614035088,0.035087719298246,0.074561403508772,0.004385964912281,0.013157894736842,0.210526315789474,0.131578947368421,0.526315789473684,0.131578947368421,4,10,"RNCMPT00249,min,GGGGGGG,RBD_v3_055167",0
"RNCMPT00249,min,GGGGGGG,RBD_v3_092948",111,0,0.140350877192982,0.004385964912281,0.048245614035088,0.048245614035088,0.052631578947368,0.057017543859649,0.008771929824561,0.026315789473684,0.092105263157895,0.087719298245614,0.021929824561404,0.043859649122807,0.074561403508772,0.06140350877193,0.057017543859649,0.048245614035088,0.035087719298246,0.074561403508772,0.004385964912281,0.013157894736842,0.236842105263158,0.078947368421053,0.473684210526316,0.210526315789474,6,12,"RNCMPT00249,min,GGGGGGG,RBD_v3_092948",1
"RNCMPT00249,min,GGGGGGG,RBD_v3_131335",111,0,0.140350877192982,0.004385964912281,0.048245614035088,0.048245614035088,0.052631578947368,0.057017543859649,0.008771929824561,0.026315789473684,0.092105263157895,0.087719298245614,0.021929824561404,0.043859649122807,0.074561403508772,0.06140350877193,0.057017543859649,0.048245614035088,0.035087719298246,0.074561403508772,0.004385964912281,0.013157894736842,0.31578947368421,0.157894736842105,0.368421052631579,0.157894736842105,11,17,"RNCMPT00249,min,GGGGGGG,RBD_v3_131335",1
"RNCMPT00251,max,AUUCACA,RBD_v3_129200",179,1,0.102844638949672,0.030634573304158,0.054704595185996,0.048140043763676,0.052516411378556,0.067833698030635,0.024070021881838,0.043763676148797,0.030634573304158,0.091903719912473,0.028446389496718,0.032822757111597,0.045951859956236,0.037199124726477,0.063457330415755,0.085339168490153,0.054704595185996,0.078774617067834,0.006564551422319,0.019693654266958,0.31578947368421,0.368421052631579,0.157894736842105,0.157894736842105,21,27,"RNCMPT00251,max,AUUCACA,RBD_v3_129200",1
"RNCMPT00251,max,AUUCACA,RBD_v3_203299",179,1,0.102844638949672,0.030634573304158,0.054704595185996,0.048140043763676,0.052516411378556,0.067833698030635,0.024070021881838,0.043763676148797,0.030634573304158,0.091903719912473,0.028446389496718,0.032822757111597,0.045951859956236,0.037199124726477,0.063457330415755,0.085339168490153,0.054704595185996,0.078774617067834,0.006564551422319,0.019693654266958,0.257142857142857,0.171428571428571,0.371428571428571,0.2,12,18,"RNCMPT00251,max,AUUCACA,RBD_v3_203299",0
"RNCMPT00251,max,AUUCACA,RBD_v3_237707",179,1,0.102844638949672,0.030634573304158,0.054704595185996,0.048140043763676,0.052516411378556,0.067833698030635,0.024070021881838,0.043763676148797,0.030634573304158,0.091903719912473,0.028446389496718,0.032822757111597,0.045951859956236,0.037199124726477,0.063457330415755,0.085339168490153,0.054704595185996,0.078774617067834,0.006564551422319,0.019693654266958,0.31578947368421,0.368421052631579,0.157894736842105,0.157894736842105,21,27,"RNCMPT00251,max,AUUCACA,RBD_v3_237707",1
"RNCMPT00251,min,CGUGAGU,RBD_v3_208907",179,0,0.102844638949672,0.030634573304158,0.054704595185996,0.048140043763676,0.052516411378556,0.067833698030635,0.024070021881838,0.043763676148797,0.030634573304158,0.091903719912473,0.028446389496718,0.032822757111597,0.045951859956236,0.037199124726477,0.063457330415755,0.085339168490153,0.054704595185996,0.078774617067834,0.006564551422319,0.019693654266958,0.263157894736842,0.131578947368421,0.236842105263158,0.368421052631579,22,28,"RNCMPT00251,min,CGUGAGU,RBD_v3_208907",1
"RNCMPT00251,min,GAGUGGU,RBD_v3_068788",179,0,0.102844638949672,0.030634573304158,0.054704595185996,0.048140043763676,0.052516411378556,0.067833698030635,0.024070021881838,0.043763676148797,0.030634573304158,0.091903719912473,0.028446389496718,0.032822757111597,0.045951859956236,0.037199124726477,0.063457330415755,0.085339168490153,0.054704595185996,0.078774617067834,0.006564551422319,0.019693654266958,0.233333333333333,0.166666666666667,0.3,0.3,10,16,"RNCMPT00251,min,GAGUGGU,RBD_v3_068788",0
"RNCMPT00251,min,GAGUGGU,RBD_v3_240778",179,0,0.102844638949672,0.030634573304158,0.054704595185996,0.048140043763676,0.052516411378556,0.067833698030635,0.024070021881838,0.043763676148797,0.030634573304158,0.091903719912473,0.028446389496718,0.032822757111597,0.045951859956236,0.037199124726477,0.063457330415755,0.085339168490153,0.054704595185996,0.078774617067834,0.006564551422319,0.019693654266958,0.333333333333333,0.133333333333333,0.3,0.233333333333333,2,8,"RNCMPT00251,min,GAGUGGU,RBD_v3_240778",1
"RNCMPT00252,max,GUAGAUA,RBD_v3_003163",180,1,0.074270557029178,0.005305039787798,0.071618037135279,0.071618037135279,0.047745358090186,0.039787798408488,0.03183023872679,0.03183023872679,0.084880636604775,0.108753315649867,0.013262599469496,0.058355437665782,0.03183023872679,0.037135278514589,0.108753315649867,0.058355437665782,0.058355437665782,0.047745358090186,0.005305039787798,0.013262599469496,0.371428571428571,0.142857142857143,0.314285714285714,0.171428571428571,12,18,"RNCMPT00252,max,GUAGAUA,RBD_v3_003163",1
"RNCMPT00252,max,GUAGAUA,RBD_v3_114558",180,1,0.074270557029178,0.005305039787798,0.071618037135279,0.071618037135279,0.047745358090186,0.039787798408488,0.03183023872679,0.03183023872679,0.084880636604775,0.108753315649867,0.013262599469496,0.058355437665782,0.03183023872679,0.037135278514589,0.108753315649867,0.058355437665782,0.058355437665782,0.047745358090186,0.005305039787798,0.013262599469496,0.371428571428571,0.142857142857143,0.314285714285714,0.171428571428571,12,18,"RNCMPT00252,max,GUAGAUA,RBD_v3_114558",1
"RNCMPT00252,max,GUAGAUA,RBD_v3_122927",180,1,0.074270557029178,0.005305039787798,0.071618037135279,0.071618037135279,0.047745358090186,0.039787798408488,0.03183023872679,0.03183023872679,0.084880636604775,0.108753315649867,0.013262599469496,0.058355437665782,0.03183023872679,0.037135278514589,0.108753315649867,0.058355437665782,0.058355437665782,0.047745358090186,0.005305039787798,0.013262599469496,0.31578947368421,0.263157894736842,0.157894736842105,0.263157894736842,13,19,"RNCMPT00252,max,GUAGAUA,RBD_v3_122927",1
"RNCMPT00252,min,AGGGGGG,RBD_v3_152400",180,0,0.074270557029178,0.005305039787798,0.071618037135279,0.071618037135279,0.047745358090186,0.039787798408488,0.03183023872679,0.03183023872679,0.084880636604775,0.108753315649867,0.013262599469496,0.058355437665782,0.03183023872679,0.037135278514589,0.108753315649867,0.058355437665782,0.058355437665782,0.047745358090186,0.005305039787798,0.013262599469496,0.394736842105263,0.105263157894737,0.289473684210526,0.210526315789474,1,7,"RNCMPT00252,min,AGGGGGG,RBD_v3_152400",1
"RNCMPT00252,min,GGGGGGC,RBD_v3_131114",180,0,0.074270557029178,0.005305039787798,0.071618037135279,0.071618037135279,0.047745358090186,0.039787798408488,0.03183023872679,0.03183023872679,0.084880636604775,0.108753315649867,0.013262599469496,0.058355437665782,0.03183023872679,0.037135278514589,0.108753315649867,0.058355437665782,0.058355437665782,0.047745358090186,0.005305039787798,0.013262599469496,0.166666666666667,0.3,0.366666666666667,0.166666666666667,19,25,"RNCMPT00252,min,GGGGGGC,RBD_v3_131114",0
"RNCMPT00252,min,GGGGGGC,RBD_v3_195000",180,0,0.074270557029178,0.005305039787798,0.071618037135279,0.071618037135279,0.047745358090186,0.039787798408488,0.03183023872679,0.03183023872679,0.084880636604775,0.108753315649867,0.013262599469496,0.058355437665782,0.03183023872679,0.037135278514589,0.108753315649867,0.058355437665782,0.058355437665782,0.047745358090186,0.005305039787798,0.013262599469496,0.1,0.266666666666667,0.4,0.233333333333333,10,16,"RNCMPT00252,min,GGGGGGC,RBD_v3_195000",1
"RNCMPT00253,max,AGAAAAA,RBD_v3_100829",181,1,0.089622641509434,0.016509433962264,0.063679245283019,0.056603773584906,0.05188679245283,0.070754716981132,0.018867924528302,0.05188679245283,0.070754716981132,0.077830188679245,0.035377358490566,0.058962264150943,0.037735849056604,0.05188679245283,0.070754716981132,0.05188679245283,0.025943396226415,0.066037735849057,0.002358490566038,0.030660377358491,0.457142857142857,0.2,0.2,0.142857142857143,1,7,"RNCMPT00253,max,AGAAAAA,RBD_v3_100829",0
"RNCMPT00253,max,AGAAAAA,RBD_v3_217452",181,1,0.089622641509434,0.016509433962264,0.063679245283019,0.056603773584906,0.05188679245283,0.070754716981132,0.018867924528302,0.05188679245283,0.070754716981132,0.077830188679245,0.035377358490566,0.058962264150943,0.037735849056604,0.05188679245283,0.070754716981132,0.05188679245283,0.025943396226415,0.066037735849057,0.002358490566038,0.030660377358491,0.285714285714286,0.257142857142857,0.285714285714286,0.171428571428571,1,7,"RNCMPT00253,max,AGAAAAA,RBD_v3_217452",0
"RNCMPT00253,max,AGAAAUA,RBD_v3_020310",181,1,0.089622641509434,0.016509433962264,0.063679245283019,0.056603773584906,0.05188679245283,0.070754716981132,0.018867924528302,0.05188679245283,0.070754716981132,0.077830188679245,0.035377358490566,0.058962264150943,0.037735849056604,0.05188679245283,0.070754716981132,0.05188679245283,0.025943396226415,0.066037735849057,0.002358490566038,0.030660377358491,0.433333333333333,0.166666666666667,0.266666666666667,0.133333333333333,1,7,"RNCMPT00253,max,AGAAAUA,RBD_v3_020310",1
"RNCMPT00253,min,GGUGUUU,RBD_v3_108561",181,0,0.089622641509434,0.016509433962264,0.063679245283019,0.056603773584906,0.05188679245283,0.070754716981132,0.018867924528302,0.05188679245283,0.070754716981132,0.077830188679245,0.035377358490566,0.058962264150943,0.037735849056604,0.05188679245283,0.070754716981132,0.05188679245283,0.025943396226415,0.066037735849057,0.002358490566038,0.030660377358491,0.236842105263158,0.236842105263158,0.236842105263158,0.289473684210526,11,17,"RNCMPT00253,min,GGUGUUU,RBD_v3_108561",1
"RNCMPT00253,min,GGUGUUU,RBD_v3_134312",181,0,0.089622641509434,0.016509433962264,0.063679245283019,0.056603773584906,0.05188679245283,0.070754716981132,0.018867924528302,0.05188679245283,0.070754716981132,0.077830188679245,0.035377358490566,0.058962264150943,0.037735849056604,0.05188679245283,0.070754716981132,0.05188679245283,0.025943396226415,0.066037735849057,0.002358490566038,0.030660377358491,0.2,0.166666666666667,0.4,0.233333333333333,9,15,"RNCMPT00253,min,GGUGUUU,RBD_v3_134312",0
"RNCMPT00253,min,GGUGUUU,RBD_v3_206245",181,0,0.089622641509434,0.016509433962264,0.063679245283019,0.056603773584906,0.05188679245283,0.070754716981132,0.018867924528302,0.05188679245283,0.070754716981132,0.077830188679245,0.035377358490566,0.058962264150943,0.037735849056604,0.05188679245283,0.070754716981132,0.05188679245283,0.025943396226415,0.066037735849057,0.002358490566038,0.030660377358491,0.1,0.2,0.4,0.3,8,14,"RNCMPT00253,min,GGUGUUU,RBD_v3_206245",1
"RNCMPT00254,max,GAACGCA,RBD_v3_198270",67,1,0.078291814946619,0.01423487544484,0.053380782918149,0.096085409252669,0.03914590747331,0.078291814946619,0.0355871886121,0.04270462633452,0.088967971530249,0.053380782918149,0.01067615658363,0.0355871886121,0.01423487544484,0.02491103202847,0.103202846975089,0.074733096085409,0.04982206405694,0.085409252669039,0.00355871886121,0.01779359430605,0.447368421052632,0.157894736842105,0.210526315789474,0.184210526315789,10,16,"RNCMPT00254,max,GAACGCA,RBD_v3_198270",0
"RNCMPT00254,max,UUGAACG,RBD_v3_000201",67,1,0.078291814946619,0.01423487544484,0.053380782918149,0.096085409252669,0.03914590747331,0.078291814946619,0.0355871886121,0.04270462633452,0.088967971530249,0.053380782918149,0.01067615658363,0.0355871886121,0.01423487544484,0.02491103202847,0.103202846975089,0.074733096085409,0.04982206405694,0.085409252669039,0.00355871886121,0.01779359430605,0.31578947368421,0.236842105263158,0.289473684210526,0.157894736842105,13,19,"RNCMPT00254,max,UUGAACG,RBD_v3_000201",1
"RNCMPT00254,max,UUGAACG,RBD_v3_198859",67,1,0.078291814946619,0.01423487544484,0.053380782918149,0.096085409252669,0.03914590747331,0.078291814946619,0.0355871886121,0.04270462633452,0.088967971530249,0.053380782918149,0.01067615658363,0.0355871886121,0.01423487544484,0.02491103202847,0.103202846975089,0.074733096085409,0.04982206405694,0.085409252669039,0.00355871886121,0.01779359430605,0.314285714285714,0.171428571428571,0.228571428571429,0.285714285714286,10,16,"RNCMPT00254,max,UUGAACG,RBD_v3_198859",1
"RNCMPT00254,min,UUUUUAU,RBD_v3_036100",67,0,0.078291814946619,0.01423487544484,0.053380782918149,0.096085409252669,0.03914590747331,0.078291814946619,0.0355871886121,0.04270462633452,0.088967971530249,0.053380782918149,0.01067615658363,0.0355871886121,0.01423487544484,0.02491103202847,0.103202846975089,0.074733096085409,0.04982206405694,0.085409252669039,0.00355871886121,0.01779359430605,0.4,0.2,0.085714285714286,0.314285714285714,6,12,"RNCMPT00254,min,UUUUUAU,RBD_v3_036100",1
"RNCMPT00254,min,UUUUUAU,RBD_v3_157599",67,0,0.078291814946619,0.01423487544484,0.053380782918149,0.096085409252669,0.03914590747331,0.078291814946619,0.0355871886121,0.04270462633452,0.088967971530249,0.053380782918149,0.01067615658363,0.0355871886121,0.01423487544484,0.02491103202847,0.103202846975089,0.074733096085409,0.04982206405694,0.085409252669039,0.00355871886121,0.01779359430605,0.2,0.133333333333333,0.233333333333333,0.433333333333333,24,30,"RNCMPT00254,min,UUUUUAU,RBD_v3_157599",1
"RNCMPT00254,min,UUUUUUU,RBD_v3_002291",67,0,0.078291814946619,0.01423487544484,0.053380782918149,0.096085409252669,0.03914590747331,0.078291814946619,0.0355871886121,0.04270462633452,0.088967971530249,0.053380782918149,0.01067615658363,0.0355871886121,0.01423487544484,0.02491103202847,0.103202846975089,0.074733096085409,0.04982206405694,0.085409252669039,0.00355871886121,0.01779359430605,0.133333333333333,0.266666666666667,0.166666666666667,0.433333333333333,22,28,"RNCMPT00254,min,UUUUUUU,RBD_v3_002291",1
"RNCMPT00255,max,AAAACAA,RBD_v3_020726",68,1,0.085574572127139,0.009779951100244,0.058679706601467,0.078239608801956,0.048899755501223,0.078239608801956,0.007334963325183,0.026894865525672,0.063569682151589,0.070904645476773,0.031784841075795,0.034229828850856,0.041564792176039,0.058679706601467,0.090464547677262,0.068459657701711,0.034229828850856,0.073349633251834,0.002444987775061,0.036674816625917,0.394736842105263,0.157894736842105,0.210526315789474,0.236842105263158,23,29,"RNCMPT00255,max,AAAACAA,RBD_v3_020726",1
"RNCMPT00255,max,AAAACAA,RBD_v3_179146",68,1,0.085574572127139,0.009779951100244,0.058679706601467,0.078239608801956,0.048899755501223,0.078239608801956,0.007334963325183,0.026894865525672,0.063569682151589,0.070904645476773,0.031784841075795,0.034229828850856,0.041564792176039,0.058679706601467,0.090464547677262,0.068459657701711,0.034229828850856,0.073349633251834,0.002444987775061,0.036674816625917,0.342105263157895,0.236842105263158,0.236842105263158,0.184210526315789,6,12,"RNCMPT00255,max,AAAACAA,RBD_v3_179146",1
"RNCMPT00255,max,AAAACAA,RBD_v3_225575",68,1,0.085574572127139,0.009779951100244,0.058679706601467,0.078239608801956,0.048899755501223,0.078239608801956,0.007334963325183,0.026894865525672,0.063569682151589,0.070904645476773,0.031784841075795,0.034229828850856,0.041564792176039,0.058679706601467,0.090464547677262,0.068459657701711,0.034229828850856,0.073349633251834,0.002444987775061,0.036674816625917,0.447368421052632,0.184210526315789,0.236842105263158,0.131578947368421,5,11,"RNCMPT00255,max,AAAACAA,RBD_v3_225575",1
"RNCMPT00255,min,GGGGGGC,RBD_v3_122622",68,0,0.085574572127139,0.009779951100244,0.058679706601467,0.078239608801956,0.048899755501223,0.078239608801956,0.007334963325183,0.026894865525672,0.063569682151589,0.070904645476773,0.031784841075795,0.034229828850856,0.041564792176039,0.058679706601467,0.090464547677262,0.068459657701711,0.034229828850856,0.073349633251834,0.002444987775061,0.036674816625917,0.342105263157895,0.105263157894737,0.289473684210526,0.263157894736842,4,10,"RNCMPT00255,min,GGGGGGC,RBD_v3_122622",1
"RNCMPT00255,min,GGGGGGC,RBD_v3_145005",68,0,0.085574572127139,0.009779951100244,0.058679706601467,0.078239608801956,0.048899755501223,0.078239608801956,0.007334963325183,0.026894865525672,0.063569682151589,0.070904645476773,0.031784841075795,0.034229828850856,0.041564792176039,0.058679706601467,0.090464547677262,0.068459657701711,0.034229828850856,0.073349633251834,0.002444987775061,0.036674816625917,0.2,0.233333333333333,0.433333333333333,0.133333333333333,12,18,"RNCMPT00255,min,GGGGGGC,RBD_v3_145005",1
"RNCMPT00255,min,GGGGGGC,RBD_v3_148767",68,0,0.085574572127139,0.009779951100244,0.058679706601467,0.078239608801956,0.048899755501223,0.078239608801956,0.007334963325183,0.026894865525672,0.063569682151589,0.070904645476773,0.031784841075795,0.034229828850856,0.041564792176039,0.058679706601467,0.090464547677262,0.068459657701711,0.034229828850856,0.073349633251834,0.002444987775061,0.036674816625917,0.102564102564102,0.179487179487179,0.384615384615385,0.333333333333333,29,35,"RNCMPT00255,min,GGGGGGC,RBD_v3_148767",1
"RNCMPT00256,max,UUUUUUG,RBD_v3_045178",169,1,0.058988764044944,0.002808988764045,0.064606741573034,0.053370786516854,0.050561797752809,0.129213483146067,0.019662921348315,0.036516853932584,0.056179775280899,0.039325842696629,0.019662921348315,0.070224719101124,0.030898876404494,0.056179775280899,0.050561797752809,0.078651685393258,0.064606741573034,0.058988764044944,0.01123595505618,0.047752808988764,0.2,0.171428571428571,0.228571428571429,0.4,26,32,"RNCMPT00256,max,UUUUUUG,RBD_v3_045178",1
"RNCMPT00256,max,UUUUUUG,RBD_v3_119555",169,1,0.058988764044944,0.002808988764045,0.064606741573034,0.053370786516854,0.050561797752809,0.129213483146067,0.019662921348315,0.036516853932584,0.056179775280899,0.039325842696629,0.019662921348315,0.070224719101124,0.030898876404494,0.056179775280899,0.050561797752809,0.078651685393258,0.064606741573034,0.058988764044944,0.01123595505618,0.047752808988764,0.157894736842105,0.184210526315789,0.184210526315789,0.473684210526316,31,37,"RNCMPT00256,max,UUUUUUG,RBD_v3_119555",0
"RNCMPT00256,max,UUUUUUU,RBD_v3_029559",169,1,0.058988764044944,0.002808988764045,0.064606741573034,0.053370786516854,0.050561797752809,0.129213483146067,0.019662921348315,0.036516853932584,0.056179775280899,0.039325842696629,0.019662921348315,0.070224719101124,0.030898876404494,0.056179775280899,0.050561797752809,0.078651685393258,0.064606741573034,0.058988764044944,0.01123595505618,0.047752808988764,0.184210526315789,0.184210526315789,0.236842105263158,0.394736842105263,30,36,"RNCMPT00256,max,UUUUUUU,RBD_v3_029559",1
"RNCMPT00256,min,GAGUCGA,RBD_v3_237980",169,0,0.058988764044944,0.002808988764045,0.064606741573034,0.053370786516854,0.050561797752809,0.129213483146067,0.019662921348315,0.036516853932584,0.056179775280899,0.039325842696629,0.019662921348315,0.070224719101124,0.030898876404494,0.056179775280899,0.050561797752809,0.078651685393258,0.064606741573034,0.058988764044944,0.01123595505618,0.047752808988764,0.421052631578947,0.157894736842105,0.31578947368421,0.105263157894737,3,9,"RNCMPT00256,min,GAGUCGA,RBD_v3_237980",1
"RNCMPT00256,min,GAGUGAG,RBD_v3_096874",169,0,0.058988764044944,0.002808988764045,0.064606741573034,0.053370786516854,0.050561797752809,0.129213483146067,0.019662921348315,0.036516853932584,0.056179775280899,0.039325842696629,0.019662921348315,0.070224719101124,0.030898876404494,0.056179775280899,0.050561797752809,0.078651685393258,0.064606741573034,0.058988764044944,0.01123595505618,0.047752808988764,0.314285714285714,0.2,0.314285714285714,0.171428571428571,25,31,"RNCMPT00256,min,GAGUGAG,RBD_v3_096874",1
"RNCMPT00256,min,GAGUGAG,RBD_v3_125025",169,0,0.058988764044944,0.002808988764045,0.064606741573034,0.053370786516854,0.050561797752809,0.129213483146067,0.019662921348315,0.036516853932584,0.056179775280899,0.039325842696629,0.019662921348315,0.070224719101124,0.030898876404494,0.056179775280899,0.050561797752809,0.078651685393258,0.064606741573034,0.058988764044944,0.01123595505618,0.047752808988764,0.228571428571429,0.257142857142857,0.342857142857143,0.171428571428571,24,30,"RNCMPT00256,min,GAGUGAG,RBD_v3_125025",1
"RNCMPT00257,max,AAAAAAG,RBD_v3_100829",185,1,0.068403908794788,0.01628664495114,0.035830618892508,0.094462540716612,0.052117263843648,0.058631921824104,0.019543973941368,0.078175895765472,0.04885993485342,0.071661237785016,0.029315960912052,0.078175895765472,0.058631921824104,0.03257328990228,0.058631921824104,0.06514657980456,0.052117263843648,0.061889250814332,0,0.019543973941368,0.457142857142857,0.2,0.2,0.142857142857143,3,9,"RNCMPT00257,max,AAAAAAG,RBD_v3_100829",0
"RNCMPT00257,max,AGAAAAC,RBD_v3_208855",185,1,0.068403908794788,0.01628664495114,0.035830618892508,0.094462540716612,0.052117263843648,0.058631921824104,0.019543973941368,0.078175895765472,0.04885993485342,0.071661237785016,0.029315960912052,0.078175895765472,0.058631921824104,0.03257328990228,0.058631921824104,0.06514657980456,0.052117263843648,0.061889250814332,0,0.019543973941368,0.447368421052632,0.131578947368421,0.236842105263158,0.184210526315789,20,26,"RNCMPT00257,max,AGAAAAC,RBD_v3_208855",1
"RNCMPT00257,max,AGAAAAG,RBD_v3_224849",185,1,0.068403908794788,0.01628664495114,0.035830618892508,0.094462540716612,0.052117263843648,0.058631921824104,0.019543973941368,0.078175895765472,0.04885993485342,0.071661237785016,0.029315960912052,0.078175895765472,0.058631921824104,0.03257328990228,0.058631921824104,0.06514657980456,0.052117263843648,0.061889250814332,0,0.019543973941368,0.428571428571429,0.171428571428571,0.257142857142857,0.142857142857143,1,7,"RNCMPT00257,max,AGAAAAG,RBD_v3_224849",0
"RNCMPT00257,min,AGGGGGG,RBD_v3_030948",185,0,0.068403908794788,0.01628664495114,0.035830618892508,0.094462540716612,0.052117263843648,0.058631921824104,0.019543973941368,0.078175895765472,0.04885993485342,0.071661237785016,0.029315960912052,0.078175895765472,0.058631921824104,0.03257328990228,0.058631921824104,0.06514657980456,0.052117263843648,0.061889250814332,0,0.019543973941368,0.184210526315789,0.236842105263158,0.394736842105263,0.184210526315789,31,37,"RNCMPT00257,min,AGGGGGG,RBD_v3_030948",1
"RNCMPT00257,min,AGGGGGG,RBD_v3_102729",185,0,0.068403908794788,0.01628664495114,0.035830618892508,0.094462540716612,0.052117263843648,0.058631921824104,0.019543973941368,0.078175895765472,0.04885993485342,0.071661237785016,0.029315960912052,0.078175895765472,0.058631921824104,0.03257328990228,0.058631921824104,0.06514657980456,0.052117263843648,0.061889250814332,0,0.019543973941368,0.368421052631579,0.105263157894737,0.394736842105263,0.131578947368421,1,7,"RNCMPT00257,min,AGGGGGG,RBD_v3_102729",1
"RNCMPT00257,min,AGGGGGG,RBD_v3_233807",185,0,0.068403908794788,0.01628664495114,0.035830618892508,0.094462540716612,0.052117263843648,0.058631921824104,0.019543973941368,0.078175895765472,0.04885993485342,0.071661237785016,0.029315960912052,0.078175895765472,0.058631921824104,0.03257328990228,0.058631921824104,0.06514657980456,0.052117263843648,0.061889250814332,0,0.019543973941368,0.210526315789474,0.157894736842105,0.368421052631579,0.263157894736842,1,7,"RNCMPT00257,min,AGGGGGG,RBD_v3_233807",1
"RNCMPT00258,max,CUGUUUG,RBD_v3_004404",186,1,0.047826086956522,0.008695652173913,0.126086956521739,0.08695652173913,0.056521739130435,0.060869565217391,0.01304347826087,0.034782608695652,0.091304347826087,0.026086956521739,0.004347826086957,0.039130434782609,0.026086956521739,0.030434782608696,0.134782608695652,0.069565217391304,0.01304347826087,0.069565217391304,0,0.060869565217391,0.133333333333333,0.233333333333333,0.266666666666667,0.366666666666667,20,26,"RNCMPT00258,max,CUGUUUG,RBD_v3_004404",1
"RNCMPT00258,max,CUGUUUG,RBD_v3_111325",186,1,0.047826086956522,0.008695652173913,0.126086956521739,0.08695652173913,0.056521739130435,0.060869565217391,0.01304347826087,0.034782608695652,0.091304347826087,0.026086956521739,0.004347826086957,0.039130434782609,0.026086956521739,0.030434782608696,0.134782608695652,0.069565217391304,0.01304347826087,0.069565217391304,0,0.060869565217391,0.133333333333333,0.233333333333333,0.266666666666667,0.366666666666667,20,26,"RNCMPT00258,max,CUGUUUG,RBD_v3_111325",1
"RNCMPT00258,max,UGUUUGU,RBD_v3_125733",186,1,0.047826086956522,0.008695652173913,0.126086956521739,0.08695652173913,0.056521739130435,0.060869565217391,0.01304347826087,0.034782608695652,0.091304347826087,0.026086956521739,0.004347826086957,0.039130434782609,0.026086956521739,0.030434782608696,0.134782608695652,0.069565217391304,0.01304347826087,0.069565217391304,0,0.060869565217391,0.1,0.133333333333333,0.333333333333333,0.433333333333333,18,24,"RNCMPT00258,max,UGUUUGU,RBD_v3_125733",1
"RNCMPT00258,min,ACAGGAC,RBD_v3_116467",186,0,0.047826086956522,0.008695652173913,0.126086956521739,0.08695652173913,0.056521739130435,0.060869565217391,0.01304347826087,0.034782608695652,0.091304347826087,0.026086956521739,0.004347826086957,0.039130434782609,0.026086956521739,0.030434782608696,0.134782608695652,0.069565217391304,0.01304347826087,0.069565217391304,0,0.060869565217391,0.421052631578947,0.157894736842105,0.236842105263158,0.184210526315789,5,11,"RNCMPT00258,min,ACAGGAC,RBD_v3_116467",1
"RNCMPT00258,min,ACAGGAC,RBD_v3_144560",186,0,0.047826086956522,0.008695652173913,0.126086956521739,0.08695652173913,0.056521739130435,0.060869565217391,0.01304347826087,0.034782608695652,0.091304347826087,0.026086956521739,0.004347826086957,0.039130434782609,0.026086956521739,0.030434782608696,0.134782608695652,0.069565217391304,0.01304347826087,0.069565217391304,0,0.060869565217391,0.289473684210526,0.210526315789474,0.131578947368421,0.368421052631579,3,9,"RNCMPT00258,min,ACAGGAC,RBD_v3_144560",1
"RNCMPT00258,min,CAGACAC,RBD_v3_084426",186,0,0.047826086956522,0.008695652173913,0.126086956521739,0.08695652173913,0.056521739130435,0.060869565217391,0.01304347826087,0.034782608695652,0.091304347826087,0.026086956521739,0.004347826086957,0.039130434782609,0.026086956521739,0.030434782608696,0.134782608695652,0.069565217391304,0.01304347826087,0.069565217391304,0,0.060869565217391,0.31578947368421,0.289473684210526,0.236842105263158,0.157894736842105,24,30,"RNCMPT00258,min,CAGACAC,RBD_v3_084426",1
"RNCMPT00259,max,UACCAUG,RBD_v3_068322",187,1,0.068548387096774,0.012096774193548,0.028225806451613,0.060483870967742,0.056451612903226,0.048387096774194,0.024193548387097,0.07258064516129,0.040322580645161,0.056451612903226,0.024193548387097,0.048387096774194,0.080645161290323,0.07258064516129,0.07258064516129,0.100806451612903,0.05241935483871,0.044354838709677,0.004032258064516,0.032258064516129,0.266666666666667,0.233333333333333,0.3,0.2,8,14,"RNCMPT00259,max,UACCAUG,RBD_v3_068322",0
"RNCMPT00259,max,UACCAUG,RBD_v3_170171",187,1,0.068548387096774,0.012096774193548,0.028225806451613,0.060483870967742,0.056451612903226,0.048387096774194,0.024193548387097,0.07258064516129,0.040322580645161,0.056451612903226,0.024193548387097,0.048387096774194,0.080645161290323,0.07258064516129,0.07258064516129,0.100806451612903,0.05241935483871,0.044354838709677,0.004032258064516,0.032258064516129,0.371428571428571,0.257142857142857,0.228571428571429,0.142857142857143,13,19,"RNCMPT00259,max,UACCAUG,RBD_v3_170171",1
"RNCMPT00259,max,UACCAUG,RBD_v3_176587",187,1,0.068548387096774,0.012096774193548,0.028225806451613,0.060483870967742,0.056451612903226,0.048387096774194,0.024193548387097,0.07258064516129,0.040322580645161,0.056451612903226,0.024193548387097,0.048387096774194,0.080645161290323,0.07258064516129,0.07258064516129,0.100806451612903,0.05241935483871,0.044354838709677,0.004032258064516,0.032258064516129,0.289473684210526,0.289473684210526,0.210526315789474,0.210526315789474,16,22,"RNCMPT00259,max,UACCAUG,RBD_v3_176587",1
"RNCMPT00259,min,GGGUGGG,RBD_v3_235371",187,0,0.068548387096774,0.012096774193548,0.028225806451613,0.060483870967742,0.056451612903226,0.048387096774194,0.024193548387097,0.07258064516129,0.040322580645161,0.056451612903226,0.024193548387097,0.048387096774194,0.080645161290323,0.07258064516129,0.07258064516129,0.100806451612903,0.05241935483871,0.044354838709677,0.004032258064516,0.032258064516129,0.166666666666667,0.2,0.5,0.133333333333333,21,27,"RNCMPT00259,min,GGGUGGG,RBD_v3_235371",1
"RNCMPT00259,min,GUGGGGC,RBD_v3_011158",187,0,0.068548387096774,0.012096774193548,0.028225806451613,0.060483870967742,0.056451612903226,0.048387096774194,0.024193548387097,0.07258064516129,0.040322580645161,0.056451612903226,0.024193548387097,0.048387096774194,0.080645161290323,0.07258064516129,0.07258064516129,0.100806451612903,0.05241935483871,0.044354838709677,0.004032258064516,0.032258064516129,0.257142857142857,0.2,0.371428571428571,0.171428571428571,11,17,"RNCMPT00259,min,GUGGGGC,RBD_v3_011158",1
"RNCMPT00259,min,GUGGGGC,RBD_v3_085327",187,0,0.068548387096774,0.012096774193548,0.028225806451613,0.060483870967742,0.056451612903226,0.048387096774194,0.024193548387097,0.07258064516129,0.040322580645161,0.056451612903226,0.024193548387097,0.048387096774194,0.080645161290323,0.07258064516129,0.07258064516129,0.100806451612903,0.05241935483871,0.044354838709677,0.004032258064516,0.032258064516129,0.257142857142857,0.114285714285714,0.514285714285714,0.114285714285714,14,20,"RNCMPT00259,min,GUGGGGC,RBD_v3_085327",1
"RNCMPT00261,max,AAUUUUG,RBD_v3_062401",82,1,0.034398034398034,0.017199017199017,0.058968058968059,0.076167076167076,0.061425061425061,0.046683046683047,0.017199017199017,0.076167076167076,0.100737100737101,0.068796068796069,0.014742014742015,0.071253071253071,0.058968058968059,0.041769041769042,0.054054054054054,0.068796068796069,0.061425061425061,0.036855036855037,0.002457002457002,0.031941031941032,0.228571428571429,0.257142857142857,0.285714285714286,0.228571428571429,8,14,"RNCMPT00261,max,AAUUUUG,RBD_v3_062401",1
"RNCMPT00261,max,AAUUUUG,RBD_v3_126280",82,1,0.034398034398034,0.017199017199017,0.058968058968059,0.076167076167076,0.061425061425061,0.046683046683047,0.017199017199017,0.076167076167076,0.100737100737101,0.068796068796069,0.014742014742015,0.071253071253071,0.058968058968059,0.041769041769042,0.054054054054054,0.068796068796069,0.061425061425061,0.036855036855037,0.002457002457002,0.031941031941032,0.263157894736842,0.236842105263158,0.263157894736842,0.236842105263158,16,22,"RNCMPT00261,max,AAUUUUG,RBD_v3_126280",1
"RNCMPT00261,max,AAUUUUG,RBD_v3_230896",82,1,0.034398034398034,0.017199017199017,0.058968058968059,0.076167076167076,0.061425061425061,0.046683046683047,0.017199017199017,0.076167076167076,0.100737100737101,0.068796068796069,0.014742014742015,0.071253071253071,0.058968058968059,0.041769041769042,0.054054054054054,0.068796068796069,0.061425061425061,0.036855036855037,0.002457002457002,0.031941031941032,0.263157894736842,0.236842105263158,0.263157894736842,0.236842105263158,16,22,"RNCMPT00261,max,AAUUUUG,RBD_v3_230896",1
"RNCMPT00261,min,GGGGGGC,RBD_v3_207323",82,0,0.034398034398034,0.017199017199017,0.058968058968059,0.076167076167076,0.061425061425061,0.046683046683047,0.017199017199017,0.076167076167076,0.100737100737101,0.068796068796069,0.014742014742015,0.071253071253071,0.058968058968059,0.041769041769042,0.054054054054054,0.068796068796069,0.061425061425061,0.036855036855037,0.002457002457002,0.031941031941032,0.133333333333333,0.133333333333333,0.5,0.233333333333333,10,16,"RNCMPT00261,min,GGGGGGC,RBD_v3_207323",1
"RNCMPT00261,min,GGGGGGC,RBD_v3_221155",82,0,0.034398034398034,0.017199017199017,0.058968058968059,0.076167076167076,0.061425061425061,0.046683046683047,0.017199017199017,0.076167076167076,0.100737100737101,0.068796068796069,0.014742014742015,0.071253071253071,0.058968058968059,0.041769041769042,0.054054054054054,0.068796068796069,0.061425061425061,0.036855036855037,0.002457002457002,0.031941031941032,0.266666666666667,0.333333333333333,0.333333333333333,0.066666666666667,19,25,"RNCMPT00261,min,GGGGGGC,RBD_v3_221155",0
"RNCMPT00261,min,GGGGGGG,RBD_v3_148566",82,0,0.034398034398034,0.017199017199017,0.058968058968059,0.076167076167076,0.061425061425061,0.046683046683047,0.017199017199017,0.076167076167076,0.100737100737101,0.068796068796069,0.014742014742015,0.071253071253071,0.058968058968059,0.041769041769042,0.054054054054054,0.068796068796069,0.061425061425061,0.036855036855037,0.002457002457002,0.031941031941032,0.333333333333333,0.166666666666667,0.433333333333333,0.066666666666667,2,8,"RNCMPT00261,min,GGGGGGG,RBD_v3_148566",1
"RNCMPT00262,max,UUUUUUC,RBD_v3_138040",85,1,0.089337175792507,0.011527377521614,0.048991354466859,0.089337175792507,0.048991354466859,0.089337175792507,0.002881844380403,0.063400576368876,0.031700288184438,0.063400576368876,0.023054755043228,0.057636887608069,0.063400576368876,0.040345821325648,0.057636887608069,0.063400576368876,0.051873198847262,0.077809798270893,0,0.025936599423631,0.157894736842105,0.184210526315789,0.184210526315789,0.473684210526316,29,35,"RNCMPT00262,max,UUUUUUC,RBD_v3_138040",0
"RNCMPT00262,max,UUUUUUG,RBD_v3_094016",85,1,0.089337175792507,0.011527377521614,0.048991354466859,0.089337175792507,0.048991354466859,0.089337175792507,0.002881844380403,0.063400576368876,0.031700288184438,0.063400576368876,0.023054755043228,0.057636887608069,0.063400576368876,0.040345821325648,0.057636887608069,0.063400576368876,0.051873198847262,0.077809798270893,0,0.025936599423631,0.157894736842105,0.184210526315789,0.184210526315789,0.473684210526316,31,37,"RNCMPT00262,max,UUUUUUG,RBD_v3_094016",0
"RNCMPT00262,max,UUUUUUG,RBD_v3_119555",85,1,0.089337175792507,0.011527377521614,0.048991354466859,0.089337175792507,0.048991354466859,0.089337175792507,0.002881844380403,0.063400576368876,0.031700288184438,0.063400576368876,0.023054755043228,0.057636887608069,0.063400576368876,0.040345821325648,0.057636887608069,0.063400576368876,0.051873198847262,0.077809798270893,0,0.025936599423631,0.157894736842105,0.184210526315789,0.184210526315789,0.473684210526316,31,37,"RNCMPT00262,max,UUUUUUG,RBD_v3_119555",0
"RNCMPT00262,min,AAGAGUC,RBD_v3_005651",85,0,0.089337175792507,0.011527377521614,0.048991354466859,0.089337175792507,0.048991354466859,0.089337175792507,0.002881844380403,0.063400576368876,0.031700288184438,0.063400576368876,0.023054755043228,0.057636887608069,0.063400576368876,0.040345821325648,0.057636887608069,0.063400576368876,0.051873198847262,0.077809798270893,0,0.025936599423631,0.428571428571429,0.228571428571429,0.2,0.142857142857143,29,35,"RNCMPT00262,min,AAGAGUC,RBD_v3_005651",1
"RNCMPT00262,min,AAGAGUC,RBD_v3_055586",85,0,0.089337175792507,0.011527377521614,0.048991354466859,0.089337175792507,0.048991354466859,0.089337175792507,0.002881844380403,0.063400576368876,0.031700288184438,0.063400576368876,0.023054755043228,0.057636887608069,0.063400576368876,0.040345821325648,0.057636887608069,0.063400576368876,0.051873198847262,0.077809798270893,0,0.025936599423631,0.342857142857143,0.257142857142857,0.257142857142857,0.142857142857143,22,28,"RNCMPT00262,min,AAGAGUC,RBD_v3_055586",0
"RNCMPT00262,min,AGAGUCG,RBD_v3_101143",85,0,0.089337175792507,0.011527377521614,0.048991354466859,0.089337175792507,0.048991354466859,0.089337175792507,0.002881844380403,0.063400576368876,0.031700288184438,0.063400576368876,0.023054755043228,0.057636887608069,0.063400576368876,0.040345821325648,0.057636887608069,0.063400576368876,0.051873198847262,0.077809798270893,0,0.025936599423631,0.368421052631579,0.236842105263158,0.263157894736842,0.131578947368421,9,15,"RNCMPT00262,min,AGAGUCG,RBD_v3_101143",1
"RNCMPT00263,max,AGAACAA,RBD_v3_125311",86,1,0.080952380952381,0.004761904761905,0.095238095238095,0.09047619047619,0.047619047619048,0.10952380952381,0.004761904761905,0.00952380952381,0.014285714285714,0.057142857142857,0.033333333333333,0.042857142857143,0.00952380952381,0.047619047619048,0.119047619047619,0.076190476190476,0.038095238095238,0.095238095238095,0.00952380952381,0.014285714285714,0.314285714285714,0.228571428571429,0.257142857142857,0.2,1,7,"RNCMPT00263,max,AGAACAA,RBD_v3_125311",0
"RNCMPT00263,max,AGAACAG,RBD_v3_207589",86,1,0.080952380952381,0.004761904761905,0.095238095238095,0.09047619047619,0.047619047619048,0.10952380952381,0.004761904761905,0.00952380952381,0.014285714285714,0.057142857142857,0.033333333333333,0.042857142857143,0.00952380952381,0.047619047619048,0.119047619047619,0.076190476190476,0.038095238095238,0.095238095238095,0.00952380952381,0.014285714285714,0.31578947368421,0.184210526315789,0.289473684210526,0.210526315789474,1,7,"RNCMPT00263,max,AGAACAG,RBD_v3_207589",0
"RNCMPT00263,max,AGAACAU,RBD_v3_047807",86,1,0.080952380952381,0.004761904761905,0.095238095238095,0.09047619047619,0.047619047619048,0.10952380952381,0.004761904761905,0.00952380952381,0.014285714285714,0.057142857142857,0.033333333333333,0.042857142857143,0.00952380952381,0.047619047619048,0.119047619047619,0.076190476190476,0.038095238095238,0.095238095238095,0.00952380952381,0.014285714285714,0.285714285714286,0.171428571428571,0.314285714285714,0.228571428571429,1,7,"RNCMPT00263,max,AGAACAU,RBD_v3_047807",0
"RNCMPT00263,min,AGACCCU,RBD_v3_032104",86,0,0.080952380952381,0.004761904761905,0.095238095238095,0.09047619047619,0.047619047619048,0.10952380952381,0.004761904761905,0.00952380952381,0.014285714285714,0.057142857142857,0.033333333333333,0.042857142857143,0.00952380952381,0.047619047619048,0.119047619047619,0.076190476190476,0.038095238095238,0.095238095238095,0.00952380952381,0.014285714285714,0.184210526315789,0.289473684210526,0.263157894736842,0.263157894736842,1,7,"RNCMPT00263,min,AGACCCU,RBD_v3_032104",0
"RNCMPT00263,min,AGACCCU,RBD_v3_051760",86,0,0.080952380952381,0.004761904761905,0.095238095238095,0.09047619047619,0.047619047619048,0.10952380952381,0.004761904761905,0.00952380952381,0.014285714285714,0.057142857142857,0.033333333333333,0.042857142857143,0.00952380952381,0.047619047619048,0.119047619047619,0.076190476190476,0.038095238095238,0.095238095238095,0.00952380952381,0.014285714285714,0.3,0.3,0.2,0.2,1,7,"RNCMPT00263,min,AGACCCU,RBD_v3_051760",0
"RNCMPT00263,min,AGACCCU,RBD_v3_119267",86,0,0.080952380952381,0.004761904761905,0.095238095238095,0.09047619047619,0.047619047619048,0.10952380952381,0.004761904761905,0.00952380952381,0.014285714285714,0.057142857142857,0.033333333333333,0.042857142857143,0.00952380952381,0.047619047619048,0.119047619047619,0.076190476190476,0.038095238095238,0.095238095238095,0.00952380952381,0.014285714285714,0.1,0.266666666666667,0.366666666666667,0.266666666666667,1,7,"RNCMPT00263,min,AGACCCU,RBD_v3_119267",1
"RNCMPT00265,max,AACCUAA,RBD_v3_091053",5,1,0.076712328767123,0.005479452054795,0.052054794520548,0.076712328767123,0.005479452054795,0.117808219178082,0.019178082191781,0.079452054794521,0.046575342465753,0.063013698630137,0.03013698630137,0.046575342465753,0.038356164383562,0.043835616438356,0.06027397260274,0.071232876712329,0.073972602739726,0.063013698630137,0.005479452054795,0.024657534246575,0.31578947368421,0.289473684210526,0.184210526315789,0.210526315789474,25,31,"RNCMPT00265,max,AACCUAA,RBD_v3_091053",0
"RNCMPT00265,max,AACCUAA,RBD_v3_104267",5,1,0.076712328767123,0.005479452054795,0.052054794520548,0.076712328767123,0.005479452054795,0.117808219178082,0.019178082191781,0.079452054794521,0.046575342465753,0.063013698630137,0.03013698630137,0.046575342465753,0.038356164383562,0.043835616438356,0.06027397260274,0.071232876712329,0.073972602739726,0.063013698630137,0.005479452054795,0.024657534246575,0.342857142857143,0.342857142857143,0.142857142857143,0.171428571428571,19,25,"RNCMPT00265,max,AACCUAA,RBD_v3_104267",0
"RNCMPT00265,max,AACCUAA,RBD_v3_145030",5,1,0.076712328767123,0.005479452054795,0.052054794520548,0.076712328767123,0.005479452054795,0.117808219178082,0.019178082191781,0.079452054794521,0.046575342465753,0.063013698630137,0.03013698630137,0.046575342465753,0.038356164383562,0.043835616438356,0.06027397260274,0.071232876712329,0.073972602739726,0.063013698630137,0.005479452054795,0.024657534246575,0.394736842105263,0.31578947368421,0.105263157894737,0.184210526315789,3,9,"RNCMPT00265,max,AACCUAA,RBD_v3_145030",1
"RNCMPT00265,min,GAGUGGG,RBD_v3_013053",5,0,0.076712328767123,0.005479452054795,0.052054794520548,0.076712328767123,0.005479452054795,0.117808219178082,0.019178082191781,0.079452054794521,0.046575342465753,0.063013698630137,0.03013698630137,0.046575342465753,0.038356164383562,0.043835616438356,0.06027397260274,0.071232876712329,0.073972602739726,0.063013698630137,0.005479452054795,0.024657534246575,0.228571428571429,0.114285714285714,0.342857142857143,0.314285714285714,2,8,"RNCMPT00265,min,GAGUGGG,RBD_v3_013053",1
"RNCMPT00265,min,GAGUGGG,RBD_v3_034129",5,0,0.076712328767123,0.005479452054795,0.052054794520548,0.076712328767123,0.005479452054795,0.117808219178082,0.019178082191781,0.079452054794521,0.046575342465753,0.063013698630137,0.03013698630137,0.046575342465753,0.038356164383562,0.043835616438356,0.06027397260274,0.071232876712329,0.073972602739726,0.063013698630137,0.005479452054795,0.024657534246575,0.236842105263158,0.157894736842105,0.289473684210526,0.31578947368421,3,9,"RNCMPT00265,min,GAGUGGG,RBD_v3_034129",1
"RNCMPT00265,min,GUGGGUG,RBD_v3_048639",5,0,0.076712328767123,0.005479452054795,0.052054794520548,0.076712328767123,0.005479452054795,0.117808219178082,0.019178082191781,0.079452054794521,0.046575342465753,0.063013698630137,0.03013698630137,0.046575342465753,0.038356164383562,0.043835616438356,0.06027397260274,0.071232876712329,0.073972602739726,0.063013698630137,0.005479452054795,0.024657534246575,0.102564102564102,0.128205128205128,0.435897435897436,0.333333333333333,21,27,"RNCMPT00265,min,GUGGGUG,RBD_v3_048639",1
"RNCMPT00268,max,CUUUUUC,RBD_v3_033728",104,1,0.09811320754717,0.005660377358491,0.047169811320755,0.032075471698113,0.045283018867925,0.071698113207547,0.028301886792453,0.052830188679245,0.062264150943396,0.1,0.022641509433962,0.069811320754717,0.052830188679245,0.054716981132075,0.033962264150943,0.088679245283019,0.043396226415094,0.071698113207547,0,0.018867924528302,0.342105263157895,0.157894736842105,0.210526315789474,0.289473684210526,14,20,"RNCMPT00268,max,CUUUUUC,RBD_v3_033728",1
"RNCMPT00268,max,CUUUUUC,RBD_v3_221609",104,1,0.09811320754717,0.005660377358491,0.047169811320755,0.032075471698113,0.045283018867925,0.071698113207547,0.028301886792453,0.052830188679245,0.062264150943396,0.1,0.022641509433962,0.069811320754717,0.052830188679245,0.054716981132075,0.033962264150943,0.088679245283019,0.043396226415094,0.071698113207547,0,0.018867924528302,0.210526315789474,0.157894736842105,0.236842105263158,0.394736842105263,27,33,"RNCMPT00268,max,CUUUUUC,RBD_v3_221609",1
"RNCMPT00268,max,UUUUUCU,RBD_v3_081079",104,1,0.09811320754717,0.005660377358491,0.047169811320755,0.032075471698113,0.045283018867925,0.071698113207547,0.028301886792453,0.052830188679245,0.062264150943396,0.1,0.022641509433962,0.069811320754717,0.052830188679245,0.054716981132075,0.033962264150943,0.088679245283019,0.043396226415094,0.071698113207547,0,0.018867924528302,0.263157894736842,0.210526315789474,0.157894736842105,0.368421052631579,25,31,"RNCMPT00268,max,UUUUUCU,RBD_v3_081079",1
"RNCMPT00268,min,AGGGGGG,RBD_v3_000276",104,0,0.09811320754717,0.005660377358491,0.047169811320755,0.032075471698113,0.045283018867925,0.071698113207547,0.028301886792453,0.052830188679245,0.062264150943396,0.1,0.022641509433962,0.069811320754717,0.052830188679245,0.054716981132075,0.033962264150943,0.088679245283019,0.043396226415094,0.071698113207547,0,0.018867924528302,0.263157894736842,0.078947368421053,0.421052631578947,0.236842105263158,1,7,"RNCMPT00268,min,AGGGGGG,RBD_v3_000276",1
"RNCMPT00268,min,AGGGGGG,RBD_v3_021242",104,0,0.09811320754717,0.005660377358491,0.047169811320755,0.032075471698113,0.045283018867925,0.071698113207547,0.028301886792453,0.052830188679245,0.062264150943396,0.1,0.022641509433962,0.069811320754717,0.052830188679245,0.054716981132075,0.033962264150943,0.088679245283019,0.043396226415094,0.071698113207547,0,0.018867924528302,0.233333333333333,0.3,0.366666666666667,0.1,18,24,"RNCMPT00268,min,AGGGGGG,RBD_v3_021242",0
"RNCMPT00268,min,AGGGGGG,RBD_v3_169706",104,0,0.09811320754717,0.005660377358491,0.047169811320755,0.032075471698113,0.045283018867925,0.071698113207547,0.028301886792453,0.052830188679245,0.062264150943396,0.1,0.022641509433962,0.069811320754717,0.052830188679245,0.054716981132075,0.033962264150943,0.088679245283019,0.043396226415094,0.071698113207547,0,0.018867924528302,0.394736842105263,0.131578947368421,0.447368421052632,0.026315789473684,1,7,"RNCMPT00268,min,AGGGGGG,RBD_v3_169706",1
"RNCMPT00269,max,AACUUUC,RBD_v3_076223",104,1,0.09811320754717,0.005660377358491,0.047169811320755,0.032075471698113,0.045283018867925,0.071698113207547,0.028301886792453,0.052830188679245,0.062264150943396,0.1,0.022641509433962,0.069811320754717,0.052830188679245,0.054716981132075,0.033962264150943,0.088679245283019,0.043396226415094,0.071698113207547,0,0.018867924528302,0.289473684210526,0.210526315789474,0.184210526315789,0.31578947368421,29,35,"RNCMPT00269,max,AACUUUC,RBD_v3_076223",1
"RNCMPT00269,max,AACUUUC,RBD_v3_079823",104,1,0.09811320754717,0.005660377358491,0.047169811320755,0.032075471698113,0.045283018867925,0.071698113207547,0.028301886792453,0.052830188679245,0.062264150943396,0.1,0.022641509433962,0.069811320754717,0.052830188679245,0.054716981132075,0.033962264150943,0.088679245283019,0.043396226415094,0.071698113207547,0,0.018867924528302,0.263157894736842,0.236842105263158,0.184210526315789,0.31578947368421,21,27,"RNCMPT00269,max,AACUUUC,RBD_v3_079823",1
"RNCMPT00269,max,AACUUUC,RBD_v3_120993",104,1,0.09811320754717,0.005660377358491,0.047169811320755,0.032075471698113,0.045283018867925,0.071698113207547,0.028301886792453,0.052830188679245,0.062264150943396,0.1,0.022641509433962,0.069811320754717,0.052830188679245,0.054716981132075,0.033962264150943,0.088679245283019,0.043396226415094,0.071698113207547,0,0.018867924528302,0.289473684210526,0.184210526315789,0.184210526315789,0.342105263157895,19,25,"RNCMPT00269,max,AACUUUC,RBD_v3_120993",1
"RNCMPT00269,min,AGGGGGG,RBD_v3_010140",104,0,0.09811320754717,0.005660377358491,0.047169811320755,0.032075471698113,0.045283018867925,0.071698113207547,0.028301886792453,0.052830188679245,0.062264150943396,0.1,0.022641509433962,0.069811320754717,0.052830188679245,0.054716981132075,0.033962264150943,0.088679245283019,0.043396226415094,0.071698113207547,0,0.018867924528302,0.236842105263158,0.184210526315789,0.368421052631579,0.210526315789474,1,7,"RNCMPT00269,min,AGGGGGG,RBD_v3_010140",0
"RNCMPT00269,min,AGGGGGG,RBD_v3_049782",104,0,0.09811320754717,0.005660377358491,0.047169811320755,0.032075471698113,0.045283018867925,0.071698113207547,0.028301886792453,0.052830188679245,0.062264150943396,0.1,0.022641509433962,0.069811320754717,0.052830188679245,0.054716981132075,0.033962264150943,0.088679245283019,0.043396226415094,0.071698113207547,0,0.018867924528302,0.263157894736842,0.105263157894737,0.447368421052632,0.184210526315789,1,7,"RNCMPT00269,min,AGGGGGG,RBD_v3_049782",0
"RNCMPT00269,min,GGGGGGG,RBD_v3_230270",104,0,0.09811320754717,0.005660377358491,0.047169811320755,0.032075471698113,0.045283018867925,0.071698113207547,0.028301886792453,0.052830188679245,0.062264150943396,0.1,0.022641509433962,0.069811320754717,0.052830188679245,0.054716981132075,0.033962264150943,0.088679245283019,0.043396226415094,0.071698113207547,0,0.018867924528302,0.233333333333333,0.233333333333333,0.466666666666667,0.066666666666667,9,15,"RNCMPT00269,min,GGGGGGG,RBD_v3_230270",1
"RNCMPT00270,max,UGUGUGU,RBD_v3_033655",3,1,0.091836734693878,0.020408163265306,0.061224489795918,0.030612244897959,0.091836734693878,0.071428571428571,0.010204081632653,0.051020408163265,0.112244897959184,0.071428571428571,0.010204081632653,0.040816326530612,0.061224489795918,0.061224489795918,0.010204081632653,0.071428571428571,0.051020408163265,0.061224489795918,0,0.020408163265306,0.157894736842105,0.184210526315789,0.342105263157895,0.31578947368421,28,34,"RNCMPT00270,max,UGUGUGU,RBD_v3_033655",1
"RNCMPT00270,max,UUUGUGU,RBD_v3_096772",3,1,0.091836734693878,0.020408163265306,0.061224489795918,0.030612244897959,0.091836734693878,0.071428571428571,0.010204081632653,0.051020408163265,0.112244897959184,0.071428571428571,0.010204081632653,0.040816326530612,0.061224489795918,0.061224489795918,0.010204081632653,0.071428571428571,0.051020408163265,0.061224489795918,0,0.020408163265306,0.210526315789474,0.078947368421053,0.263157894736842,0.447368421052632,22,28,"RNCMPT00270,max,UUUGUGU,RBD_v3_096772",1
"RNCMPT00270,max,UUUGUGU,RBD_v3_146939",3,1,0.091836734693878,0.020408163265306,0.061224489795918,0.030612244897959,0.091836734693878,0.071428571428571,0.010204081632653,0.051020408163265,0.112244897959184,0.071428571428571,0.010204081632653,0.040816326530612,0.061224489795918,0.061224489795918,0.010204081632653,0.071428571428571,0.051020408163265,0.061224489795918,0,0.020408163265306,0.128205128205128,0.205128205128205,0.282051282051282,0.384615384615385,21,27,"RNCMPT00270,max,UUUGUGU,RBD_v3_146939",1
"RNCMPT00270,min,AGGGGGG,RBD_v3_149509",3,0,0.091836734693878,0.020408163265306,0.061224489795918,0.030612244897959,0.091836734693878,0.071428571428571,0.010204081632653,0.051020408163265,0.112244897959184,0.071428571428571,0.010204081632653,0.040816326530612,0.061224489795918,0.061224489795918,0.010204081632653,0.071428571428571,0.051020408163265,0.061224489795918,0,0.020408163265306,0.285714285714286,0.228571428571429,0.342857142857143,0.142857142857143,6,12,"RNCMPT00270,min,AGGGGGG,RBD_v3_149509",1
"RNCMPT00270,min,AGGGGGG,RBD_v3_234509",3,0,0.091836734693878,0.020408163265306,0.061224489795918,0.030612244897959,0.091836734693878,0.071428571428571,0.010204081632653,0.051020408163265,0.112244897959184,0.071428571428571,0.010204081632653,0.040816326530612,0.061224489795918,0.061224489795918,0.010204081632653,0.071428571428571,0.051020408163265,0.061224489795918,0,0.020408163265306,0.236842105263158,0.157894736842105,0.368421052631579,0.236842105263158,11,17,"RNCMPT00270,min,AGGGGGG,RBD_v3_234509",1
"RNCMPT00270,min,GGGGGGG,RBD_v3_201706",3,0,0.091836734693878,0.020408163265306,0.061224489795918,0.030612244897959,0.091836734693878,0.071428571428571,0.010204081632653,0.051020408163265,0.112244897959184,0.071428571428571,0.010204081632653,0.040816326530612,0.061224489795918,0.061224489795918,0.010204081632653,0.071428571428571,0.051020408163265,0.061224489795918,0,0.020408163265306,0.289473684210526,0.078947368421053,0.447368421052632,0.184210526315789,17,23,"RNCMPT00270,min,GGGGGGG,RBD_v3_201706",1
"RNCMPT00272,max,UAGGUAG,RBD_v3_239404",156,1,0.058333333333333,0.008333333333333,0.079166666666667,0.075,0.041666666666667,0.075,0.020833333333333,0.045833333333333,0.1,0.083333333333333,0.016666666666667,0.041666666666667,0.0375,0.0625,0.058333333333333,0.0375,0.041666666666667,0.083333333333333,0.004166666666667,0.029166666666667,0.236842105263158,0.157894736842105,0.368421052631579,0.236842105263158,7,13,"RNCMPT00272,max,UAGGUAG,RBD_v3_239404",1
"RNCMPT00272,max,UAGGUAU,RBD_v3_133197",156,1,0.058333333333333,0.008333333333333,0.079166666666667,0.075,0.041666666666667,0.075,0.020833333333333,0.045833333333333,0.1,0.083333333333333,0.016666666666667,0.041666666666667,0.0375,0.0625,0.058333333333333,0.0375,0.041666666666667,0.083333333333333,0.004166666666667,0.029166666666667,0.368421052631579,0.105263157894737,0.368421052631579,0.157894736842105,22,28,"RNCMPT00272,max,UAGGUAU,RBD_v3_133197",0
"RNCMPT00272,max,UAGGUAU,RBD_v3_145165",156,1,0.058333333333333,0.008333333333333,0.079166666666667,0.075,0.041666666666667,0.075,0.020833333333333,0.045833333333333,0.1,0.083333333333333,0.016666666666667,0.041666666666667,0.0375,0.0625,0.058333333333333,0.0375,0.041666666666667,0.083333333333333,0.004166666666667,0.029166666666667,0.263157894736842,0.078947368421053,0.394736842105263,0.263157894736842,16,22,"RNCMPT00272,max,UAGGUAU,RBD_v3_145165",1
"RNCMPT00272,min,GAGUCGU,RBD_v3_213055",156,0,0.058333333333333,0.008333333333333,0.079166666666667,0.075,0.041666666666667,0.075,0.020833333333333,0.045833333333333,0.1,0.083333333333333,0.016666666666667,0.041666666666667,0.0375,0.0625,0.058333333333333,0.0375,0.041666666666667,0.083333333333333,0.004166666666667,0.029166666666667,0.263157894736842,0.210526315789474,0.236842105263158,0.289473684210526,29,35,"RNCMPT00272,min,GAGUCGU,RBD_v3_213055",1
"RNCMPT00272,min,GAGUCGU,RBD_v3_235136",156,0,0.058333333333333,0.008333333333333,0.079166666666667,0.075,0.041666666666667,0.075,0.020833333333333,0.045833333333333,0.1,0.083333333333333,0.016666666666667,0.041666666666667,0.0375,0.0625,0.058333333333333,0.0375,0.041666666666667,0.083333333333333,0.004166666666667,0.029166666666667,0.285714285714286,0.228571428571429,0.257142857142857,0.228571428571429,26,32,"RNCMPT00272,min,GAGUCGU,RBD_v3_235136",1
"RNCMPT00272,min,GUGAGUC,RBD_v3_036460",156,0,0.058333333333333,0.008333333333333,0.079166666666667,0.075,0.041666666666667,0.075,0.020833333333333,0.045833333333333,0.1,0.083333333333333,0.016666666666667,0.041666666666667,0.0375,0.0625,0.058333333333333,0.0375,0.041666666666667,0.083333333333333,0.004166666666667,0.029166666666667,0.228571428571429,0.142857142857143,0.371428571428571,0.257142857142857,5,11,"RNCMPT00272,min,GUGAGUC,RBD_v3_036460",0
"RNCMPT00273,max,AGCAUGC,RBD_v3_039751",27,1,0.079178885630499,0.011730205278592,0.067448680351906,0.131964809384164,0.026392961876833,0.049853372434018,0.01466275659824,0.067448680351906,0.082111436950147,0.085043988269795,0.020527859237537,0.043988269794721,0.032258064516129,0.01466275659824,0.058651026392962,0.049853372434018,0.052785923753666,0.073313782991202,0.002932551319648,0.035190615835777,0.31578947368421,0.236842105263158,0.289473684210526,0.157894736842105,20,26,"RNCMPT00273,max,AGCAUGC,RBD_v3_039751",1
"RNCMPT00273,max,GAGCAUG,RBD_v3_125465",27,1,0.079178885630499,0.011730205278592,0.067448680351906,0.131964809384164,0.026392961876833,0.049853372434018,0.01466275659824,0.067448680351906,0.082111436950147,0.085043988269795,0.020527859237537,0.043988269794721,0.032258064516129,0.01466275659824,0.058651026392962,0.049853372434018,0.052785923753666,0.073313782991202,0.002932551319648,0.035190615835777,0.314285714285714,0.114285714285714,0.428571428571429,0.142857142857143,2,8,"RNCMPT00273,max,GAGCAUG,RBD_v3_125465",0
"RNCMPT00273,max,GCAUGGG,RBD_v3_059221",27,1,0.079178885630499,0.011730205278592,0.067448680351906,0.131964809384164,0.026392961876833,0.049853372434018,0.01466275659824,0.067448680351906,0.082111436950147,0.085043988269795,0.020527859237537,0.043988269794721,0.032258064516129,0.01466275659824,0.058651026392962,0.049853372434018,0.052785923753666,0.073313782991202,0.002932551319648,0.035190615835777,0.166666666666667,0.2,0.333333333333333,0.3,13,19,"RNCMPT00273,max,GCAUGGG,RBD_v3_059221",0
"RNCMPT00273,min,UUUAGAA,RBD_v3_006166",27,0,0.079178885630499,0.011730205278592,0.067448680351906,0.131964809384164,0.026392961876833,0.049853372434018,0.01466275659824,0.067448680351906,0.082111436950147,0.085043988269795,0.020527859237537,0.043988269794721,0.032258064516129,0.01466275659824,0.058651026392962,0.049853372434018,0.052785923753666,0.073313782991202,0.002932551319648,0.035190615835777,0.263157894736842,0.31578947368421,0.157894736842105,0.263157894736842,8,14,"RNCMPT00273,min,UUUAGAA,RBD_v3_006166",1
"RNCMPT00273,min,UUUAGAA,RBD_v3_061524",27,0,0.079178885630499,0.011730205278592,0.067448680351906,0.131964809384164,0.026392961876833,0.049853372434018,0.01466275659824,0.067448680351906,0.082111436950147,0.085043988269795,0.020527859237537,0.043988269794721,0.032258064516129,0.01466275659824,0.058651026392962,0.049853372434018,0.052785923753666,0.073313782991202,0.002932551319648,0.035190615835777,0.289473684210526,0.236842105263158,0.184210526315789,0.289473684210526,24,30,"RNCMPT00273,min,UUUAGAA,RBD_v3_061524",1
"RNCMPT00273,min,UUUAGAA,RBD_v3_096047",27,0,0.079178885630499,0.011730205278592,0.067448680351906,0.131964809384164,0.026392961876833,0.049853372434018,0.01466275659824,0.067448680351906,0.082111436950147,0.085043988269795,0.020527859237537,0.043988269794721,0.032258064516129,0.01466275659824,0.058651026392962,0.049853372434018,0.052785923753666,0.073313782991202,0.002932551319648,0.035190615835777,0.394736842105263,0.157894736842105,0.131578947368421,0.31578947368421,29,35,"RNCMPT00273,min,UUUAGAA,RBD_v3_096047",1
"RNCMPT00274,max,UUUUUUU,RBD_v3_004513",57,1,0.070769230769231,0.009230769230769,0.049230769230769,0.046153846153846,0.055384615384615,0.089230769230769,0.024615384615385,0.058461538461538,0.052307692307692,0.067692307692308,0.030769230769231,0.070769230769231,0.036923076923077,0.036923076923077,0.061538461538462,0.086153846153846,0.049230769230769,0.067692307692308,0.006153846153846,0.030769230769231,0.142857142857143,0.171428571428571,0.285714285714286,0.4,18,24,"RNCMPT00274,max,UUUUUUU,RBD_v3_004513",1
"RNCMPT00274,max,UUUUUUU,RBD_v3_029559",57,1,0.070769230769231,0.009230769230769,0.049230769230769,0.046153846153846,0.055384615384615,0.089230769230769,0.024615384615385,0.058461538461538,0.052307692307692,0.067692307692308,0.030769230769231,0.070769230769231,0.036923076923077,0.036923076923077,0.061538461538462,0.086153846153846,0.049230769230769,0.067692307692308,0.006153846153846,0.030769230769231,0.184210526315789,0.184210526315789,0.236842105263158,0.394736842105263,30,36,"RNCMPT00274,max,UUUUUUU,RBD_v3_029559",0
"RNCMPT00274,max,UUUUUUU,RBD_v3_225797",57,1,0.070769230769231,0.009230769230769,0.049230769230769,0.046153846153846,0.055384615384615,0.089230769230769,0.024615384615385,0.058461538461538,0.052307692307692,0.067692307692308,0.030769230769231,0.070769230769231,0.036923076923077,0.036923076923077,0.061538461538462,0.086153846153846,0.049230769230769,0.067692307692308,0.006153846153846,0.030769230769231,0.210526315789474,0.157894736842105,0.236842105263158,0.394736842105263,25,31,"RNCMPT00274,max,UUUUUUU,RBD_v3_225797",0
"RNCMPT00274,min,GAUGAGA,RBD_v3_062734",57,0,0.070769230769231,0.009230769230769,0.049230769230769,0.046153846153846,0.055384615384615,0.089230769230769,0.024615384615385,0.058461538461538,0.052307692307692,0.067692307692308,0.030769230769231,0.070769230769231,0.036923076923077,0.036923076923077,0.061538461538462,0.086153846153846,0.049230769230769,0.067692307692308,0.006153846153846,0.030769230769231,0.257142857142857,0.342857142857143,0.314285714285714,0.085714285714286,23,29,"RNCMPT00274,min,GAUGAGA,RBD_v3_062734",1
"RNCMPT00274,min,GAUGAGA,RBD_v3_070712",57,0,0.070769230769231,0.009230769230769,0.049230769230769,0.046153846153846,0.055384615384615,0.089230769230769,0.024615384615385,0.058461538461538,0.052307692307692,0.067692307692308,0.030769230769231,0.070769230769231,0.036923076923077,0.036923076923077,0.061538461538462,0.086153846153846,0.049230769230769,0.067692307692308,0.006153846153846,0.030769230769231,0.342857142857143,0.2,0.342857142857143,0.114285714285714,7,13,"RNCMPT00274,min,GAUGAGA,RBD_v3_070712",0
"RNCMPT00274,min,GAUGAGA,RBD_v3_213462",57,0,0.070769230769231,0.009230769230769,0.049230769230769,0.046153846153846,0.055384615384615,0.089230769230769,0.024615384615385,0.058461538461538,0.052307692307692,0.067692307692308,0.030769230769231,0.070769230769231,0.036923076923077,0.036923076923077,0.061538461538462,0.086153846153846,0.049230769230769,0.067692307692308,0.006153846153846,0.030769230769231,0.342105263157895,0.184210526315789,0.31578947368421,0.157894736842105,11,17,"RNCMPT00274,min,GAUGAGA,RBD_v3_213462",0
"RNCMPT00278,max,AGACACA,RBD_v3_036156",83,1,0.073446327683616,0.022598870056497,0.045197740112994,0.073446327683616,0.03954802259887,0.050847457627119,0.028248587570621,0.050847457627119,0.096045197740113,0.07909604519774,0.011299435028249,0.050847457627119,0.050847457627119,0.050847457627119,0.050847457627119,0.056497175141243,0.062146892655367,0.056497175141243,0,0.050847457627119,0.473684210526316,0.210526315789474,0.210526315789474,0.105263157894737,1,7,"RNCMPT00278,max,AGACACA,RBD_v3_036156",1
"RNCMPT00278,max,AGACACA,RBD_v3_054602",83,1,0.073446327683616,0.022598870056497,0.045197740112994,0.073446327683616,0.03954802259887,0.050847457627119,0.028248587570621,0.050847457627119,0.096045197740113,0.07909604519774,0.011299435028249,0.050847457627119,0.050847457627119,0.050847457627119,0.050847457627119,0.056497175141243,0.062146892655367,0.056497175141243,0,0.050847457627119,0.257142857142857,0.2,0.257142857142857,0.285714285714286,1,7,"RNCMPT00278,max,AGACACA,RBD_v3_054602",1
"RNCMPT00278,max,AGACAGA,RBD_v3_128657",83,1,0.073446327683616,0.022598870056497,0.045197740112994,0.073446327683616,0.03954802259887,0.050847457627119,0.028248587570621,0.050847457627119,0.096045197740113,0.07909604519774,0.011299435028249,0.050847457627119,0.050847457627119,0.050847457627119,0.050847457627119,0.056497175141243,0.062146892655367,0.056497175141243,0,0.050847457627119,0.333333333333333,0.333333333333333,0.233333333333333,0.1,1,7,"RNCMPT00278,max,AGACAGA,RBD_v3_128657",1
"RNCMPT00278,min,GAUUUGA,RBD_v3_049324",83,0,0.073446327683616,0.022598870056497,0.045197740112994,0.073446327683616,0.03954802259887,0.050847457627119,0.028248587570621,0.050847457627119,0.096045197740113,0.07909604519774,0.011299435028249,0.050847457627119,0.050847457627119,0.050847457627119,0.050847457627119,0.056497175141243,0.062146892655367,0.056497175141243,0,0.050847457627119,0.285714285714286,0.114285714285714,0.371428571428571,0.228571428571429,2,8,"RNCMPT00278,min,GAUUUGA,RBD_v3_049324",1
"RNCMPT00278,min,GAUUUGA,RBD_v3_078948",83,0,0.073446327683616,0.022598870056497,0.045197740112994,0.073446327683616,0.03954802259887,0.050847457627119,0.028248587570621,0.050847457627119,0.096045197740113,0.07909604519774,0.011299435028249,0.050847457627119,0.050847457627119,0.050847457627119,0.050847457627119,0.056497175141243,0.062146892655367,0.056497175141243,0,0.050847457627119,0.263157894736842,0.157894736842105,0.368421052631579,0.210526315789474,17,23,"RNCMPT00278,min,GAUUUGA,RBD_v3_078948",1
"RNCMPT00278,min,GAUUUGA,RBD_v3_240867",83,0,0.073446327683616,0.022598870056497,0.045197740112994,0.073446327683616,0.03954802259887,0.050847457627119,0.028248587570621,0.050847457627119,0.096045197740113,0.07909604519774,0.011299435028249,0.050847457627119,0.050847457627119,0.050847457627119,0.050847457627119,0.056497175141243,0.062146892655367,0.056497175141243,0,0.050847457627119,0.210526315789474,0.263157894736842,0.210526315789474,0.31578947368421,31,37,"RNCMPT00278,min,GAUUUGA,RBD_v3_240867",1
"RNCMPT00279,max,AGAUGAA,RBD_v3_148299",125,1,0.085294117647059,0.020588235294118,0.05,0.094117647058824,0.032352941176471,0.082352941176471,0.017647058823529,0.05,0.061764705882353,0.061764705882353,0.038235294117647,0.038235294117647,0.055882352941176,0.029411764705882,0.067647058823529,0.020588235294118,0.041176470588235,0.088235294117647,0.008823529411765,0.055882352941176,0.4,0.171428571428571,0.285714285714286,0.142857142857143,1,7,"RNCMPT00279,max,AGAUGAA,RBD_v3_148299",0
"RNCMPT00279,max,AGAUGAA,RBD_v3_207447",125,1,0.085294117647059,0.020588235294118,0.05,0.094117647058824,0.032352941176471,0.082352941176471,0.017647058823529,0.05,0.061764705882353,0.061764705882353,0.038235294117647,0.038235294117647,0.055882352941176,0.029411764705882,0.067647058823529,0.020588235294118,0.041176470588235,0.088235294117647,0.008823529411765,0.055882352941176,0.421052631578947,0.184210526315789,0.184210526315789,0.210526315789474,1,7,"RNCMPT00279,max,AGAUGAA,RBD_v3_207447",0
"RNCMPT00279,max,AGAUGAU,RBD_v3_067771",125,1,0.085294117647059,0.020588235294118,0.05,0.094117647058824,0.032352941176471,0.082352941176471,0.017647058823529,0.05,0.061764705882353,0.061764705882353,0.038235294117647,0.038235294117647,0.055882352941176,0.029411764705882,0.067647058823529,0.020588235294118,0.041176470588235,0.088235294117647,0.008823529411765,0.055882352941176,0.421052631578947,0.052631578947368,0.289473684210526,0.236842105263158,17,23,"RNCMPT00279,max,AGAUGAU,RBD_v3_067771",0
"RNCMPT00279,min,GUUCGUC,RBD_v3_148666",125,0,0.085294117647059,0.020588235294118,0.05,0.094117647058824,0.032352941176471,0.082352941176471,0.017647058823529,0.05,0.061764705882353,0.061764705882353,0.038235294117647,0.038235294117647,0.055882352941176,0.029411764705882,0.067647058823529,0.020588235294118,0.041176470588235,0.088235294117647,0.008823529411765,0.055882352941176,0.171428571428571,0.314285714285714,0.285714285714286,0.228571428571429,20,26,"RNCMPT00279,min,GUUCGUC,RBD_v3_148666",0
"RNCMPT00279,min,GUUGUGU,RBD_v3_209914",125,0,0.085294117647059,0.020588235294118,0.05,0.094117647058824,0.032352941176471,0.082352941176471,0.017647058823529,0.05,0.061764705882353,0.061764705882353,0.038235294117647,0.038235294117647,0.055882352941176,0.029411764705882,0.067647058823529,0.020588235294118,0.041176470588235,0.088235294117647,0.008823529411765,0.055882352941176,0.166666666666667,0.133333333333333,0.333333333333333,0.366666666666667,20,26,"RNCMPT00279,min,GUUGUGU,RBD_v3_209914",0
"RNCMPT00279,min,UGUUCGU,RBD_v3_031083",125,0,0.085294117647059,0.020588235294118,0.05,0.094117647058824,0.032352941176471,0.082352941176471,0.017647058823529,0.05,0.061764705882353,0.061764705882353,0.038235294117647,0.038235294117647,0.055882352941176,0.029411764705882,0.067647058823529,0.020588235294118,0.041176470588235,0.088235294117647,0.008823529411765,0.055882352941176,0.257142857142857,0.342857142857143,0.171428571428571,0.228571428571429,11,17,"RNCMPT00279,min,UGUUCGU,RBD_v3_031083",0
"RNCMPT00280,max,AGAUGAA,RBD_v3_207447",144,1,0.082352941176471,0.020588235294118,0.047058823529412,0.097058823529412,0.038235294117647,0.082352941176471,0.011764705882353,0.055882352941176,0.067647058823529,0.052941176470588,0.038235294117647,0.035294117647059,0.055882352941176,0.029411764705882,0.067647058823529,0.035294117647059,0.044117647058824,0.082352941176471,0.008823529411765,0.047058823529412,0.421052631578947,0.184210526315789,0.184210526315789,0.210526315789474,1,7,"RNCMPT00280,max,AGAUGAA,RBD_v3_207447",0
"RNCMPT00280,max,AGAUGAA,RBD_v3_219699",144,1,0.082352941176471,0.020588235294118,0.047058823529412,0.097058823529412,0.038235294117647,0.082352941176471,0.011764705882353,0.055882352941176,0.067647058823529,0.052941176470588,0.038235294117647,0.035294117647059,0.055882352941176,0.029411764705882,0.067647058823529,0.035294117647059,0.044117647058824,0.082352941176471,0.008823529411765,0.047058823529412,0.342105263157895,0.210526315789474,0.263157894736842,0.184210526315789,8,14,"RNCMPT00280,max,AGAUGAA,RBD_v3_219699",0
"RNCMPT00280,max,AUGAUUA,RBD_v3_206741",144,1,0.082352941176471,0.020588235294118,0.047058823529412,0.097058823529412,0.038235294117647,0.082352941176471,0.011764705882353,0.055882352941176,0.067647058823529,0.052941176470588,0.038235294117647,0.035294117647059,0.055882352941176,0.029411764705882,0.067647058823529,0.035294117647059,0.044117647058824,0.082352941176471,0.008823529411765,0.047058823529412,0.447368421052632,0.210526315789474,0.210526315789474,0.131578947368421,21,27,"RNCMPT00280,max,AUGAUUA,RBD_v3_206741",0
"RNCMPT00280,min,GUGAGGU,RBD_v3_100832",144,0,0.082352941176471,0.020588235294118,0.047058823529412,0.097058823529412,0.038235294117647,0.082352941176471,0.011764705882353,0.055882352941176,0.067647058823529,0.052941176470588,0.038235294117647,0.035294117647059,0.055882352941176,0.029411764705882,0.067647058823529,0.035294117647059,0.044117647058824,0.082352941176471,0.008823529411765,0.047058823529412,0.266666666666667,0.166666666666667,0.233333333333333,0.333333333333333,20,26,"RNCMPT00280,min,GUGAGGU,RBD_v3_100832",0
"RNCMPT00280,min,GUGAGUC,RBD_v3_160122",144,0,0.082352941176471,0.020588235294118,0.047058823529412,0.097058823529412,0.038235294117647,0.082352941176471,0.011764705882353,0.055882352941176,0.067647058823529,0.052941176470588,0.038235294117647,0.035294117647059,0.055882352941176,0.029411764705882,0.067647058823529,0.035294117647059,0.044117647058824,0.082352941176471,0.008823529411765,0.047058823529412,0.228571428571429,0.228571428571429,0.342857142857143,0.2,15,21,"RNCMPT00280,min,GUGAGUC,RBD_v3_160122",0
"RNCMPT00280,min,GUGAGUU,RBD_v3_176940",144,0,0.082352941176471,0.020588235294118,0.047058823529412,0.097058823529412,0.038235294117647,0.082352941176471,0.011764705882353,0.055882352941176,0.067647058823529,0.052941176470588,0.038235294117647,0.035294117647059,0.055882352941176,0.029411764705882,0.067647058823529,0.035294117647059,0.044117647058824,0.082352941176471,0.008823529411765,0.047058823529412,0.233333333333333,0.166666666666667,0.366666666666667,0.233333333333333,12,18,"RNCMPT00280,min,GUGAGUU,RBD_v3_176940",0
"RNCMPT00281,max,AAAAAAG,RBD_v3_047412",166,1,0.061946902654867,0.008849557522124,0.056047197640118,0.091445427728614,0.047197640117994,0.088495575221239,0.020648967551622,0.044247787610619,0.097345132743363,0.064896755162242,0.023598820058997,0.035398230088496,0.058997050147493,0.035398230088496,0.061946902654867,0.032448377581121,0.047197640117994,0.079646017699115,0.008849557522124,0.035398230088496,0.394736842105263,0.210526315789474,0.184210526315789,0.210526315789474,8,14,"RNCMPT00281,max,AAAAAAG,RBD_v3_047412",0
"RNCMPT00281,max,AAAAAAG,RBD_v3_203897",166,1,0.061946902654867,0.008849557522124,0.056047197640118,0.091445427728614,0.047197640117994,0.088495575221239,0.020648967551622,0.044247787610619,0.097345132743363,0.064896755162242,0.023598820058997,0.035398230088496,0.058997050147493,0.035398230088496,0.061946902654867,0.032448377581121,0.047197640117994,0.079646017699115,0.008849557522124,0.035398230088496,0.457142857142857,0.2,0.2,0.142857142857143,23,29,"RNCMPT00281,max,AAAAAAG,RBD_v3_203897",1
"RNCMPT00281,max,AAAAAGC,RBD_v3_017848",166,1,0.061946902654867,0.008849557522124,0.056047197640118,0.091445427728614,0.047197640117994,0.088495575221239,0.020648967551622,0.044247787610619,0.097345132743363,0.064896755162242,0.023598820058997,0.035398230088496,0.058997050147493,0.035398230088496,0.061946902654867,0.032448377581121,0.047197640117994,0.079646017699115,0.008849557522124,0.035398230088496,0.447368421052632,0.131578947368421,0.210526315789474,0.210526315789474,28,34,"RNCMPT00281,max,AAAAAGC,RBD_v3_017848",0
"RNCMPT00281,min,CCCCCCG,RBD_v3_203917",166,0,0.061946902654867,0.008849557522124,0.056047197640118,0.091445427728614,0.047197640117994,0.088495575221239,0.020648967551622,0.044247787610619,0.097345132743363,0.064896755162242,0.023598820058997,0.035398230088496,0.058997050147493,0.035398230088496,0.061946902654867,0.032448377581121,0.047197640117994,0.079646017699115,0.008849557522124,0.035398230088496,0.289473684210526,0.368421052631579,0.210526315789474,0.131578947368421,13,19,"RNCMPT00281,min,CCCCCCG,RBD_v3_203917",1
"RNCMPT00281,min,CCCCCCU,RBD_v3_169715",166,0,0.061946902654867,0.008849557522124,0.056047197640118,0.091445427728614,0.047197640117994,0.088495575221239,0.020648967551622,0.044247787610619,0.097345132743363,0.064896755162242,0.023598820058997,0.035398230088496,0.058997050147493,0.035398230088496,0.061946902654867,0.032448377581121,0.047197640117994,0.079646017699115,0.008849557522124,0.035398230088496,0.236842105263158,0.289473684210526,0.210526315789474,0.263157894736842,21,27,"RNCMPT00281,min,CCCCCCU,RBD_v3_169715",0
"RNCMPT00281,min,CCCCCCU,RBD_v3_210390",166,0,0.061946902654867,0.008849557522124,0.056047197640118,0.091445427728614,0.047197640117994,0.088495575221239,0.020648967551622,0.044247787610619,0.097345132743363,0.064896755162242,0.023598820058997,0.035398230088496,0.058997050147493,0.035398230088496,0.061946902654867,0.032448377581121,0.047197640117994,0.079646017699115,0.008849557522124,0.035398230088496,0.257142857142857,0.428571428571429,0.171428571428571,0.142857142857143,17,23,"RNCMPT00281,min,CCCCCCU,RBD_v3_210390",1
"RNCMPT00282,max,CAACUAC,RBD_v3_204796",143,1,0.040540540540541,0.013513513513514,0.081081081081081,0.074324324324324,0.040540540540541,0.060810810810811,0,0.033783783783784,0.135135135135135,0.067567567567568,0.02027027027027,0.033783783783784,0.047297297297297,0.033783783783784,0.108108108108108,0.054054054054054,0.033783783783784,0.074324324324324,0.02027027027027,0.027027027027027,0.263157894736842,0.342105263157895,0.210526315789474,0.184210526315789,13,19,"RNCMPT00282,max,CAACUAC,RBD_v3_204796",1
"RNCMPT00282,max,CCAACUA,RBD_v3_148644",143,1,0.040540540540541,0.013513513513514,0.081081081081081,0.074324324324324,0.040540540540541,0.060810810810811,0,0.033783783783784,0.135135135135135,0.067567567567568,0.02027027027027,0.033783783783784,0.047297297297297,0.033783783783784,0.108108108108108,0.054054054054054,0.033783783783784,0.074324324324324,0.02027027027027,0.027027027027027,0.342105263157895,0.157894736842105,0.289473684210526,0.210526315789474,17,23,"RNCMPT00282,max,CCAACUA,RBD_v3_148644",1
"RNCMPT00282,max,CCAACUA,RBD_v3_151425",143,1,0.040540540540541,0.013513513513514,0.081081081081081,0.074324324324324,0.040540540540541,0.060810810810811,0,0.033783783783784,0.135135135135135,0.067567567567568,0.02027027027027,0.033783783783784,0.047297297297297,0.033783783783784,0.108108108108108,0.054054054054054,0.033783783783784,0.074324324324324,0.02027027027027,0.027027027027027,0.236842105263158,0.289473684210526,0.236842105263158,0.236842105263158,17,23,"RNCMPT00282,max,CCAACUA,RBD_v3_151425",1
"RNCMPT00282,min,AGAGUCG,RBD_v3_059864",143,0,0.040540540540541,0.013513513513514,0.081081081081081,0.074324324324324,0.040540540540541,0.060810810810811,0,0.033783783783784,0.135135135135135,0.067567567567568,0.02027027027027,0.033783783783784,0.047297297297297,0.033783783783784,0.108108108108108,0.054054054054054,0.033783783783784,0.074324324324324,0.02027027027027,0.027027027027027,0.266666666666667,0.233333333333333,0.266666666666667,0.233333333333333,1,7,"RNCMPT00282,min,AGAGUCG,RBD_v3_059864",0
"RNCMPT00282,min,GAGUCGU,RBD_v3_223071",143,0,0.040540540540541,0.013513513513514,0.081081081081081,0.074324324324324,0.040540540540541,0.060810810810811,0,0.033783783783784,0.135135135135135,0.067567567567568,0.02027027027027,0.033783783783784,0.047297297297297,0.033783783783784,0.108108108108108,0.054054054054054,0.033783783783784,0.074324324324324,0.02027027027027,0.027027027027027,0.342105263157895,0.236842105263158,0.157894736842105,0.263157894736842,14,20,"RNCMPT00282,min,GAGUCGU,RBD_v3_223071",1
"RNCMPT00282,min,GUGAGUC,RBD_v3_218560",143,0,0.040540540540541,0.013513513513514,0.081081081081081,0.074324324324324,0.040540540540541,0.060810810810811,0,0.033783783783784,0.135135135135135,0.067567567567568,0.02027027027027,0.033783783783784,0.047297297297297,0.033783783783784,0.108108108108108,0.054054054054054,0.033783783783784,0.074324324324324,0.02027027027027,0.027027027027027,0.342105263157895,0.236842105263158,0.263157894736842,0.157894736842105,8,14,"RNCMPT00282,min,GUGAGUC,RBD_v3_218560",1
"RNCMPT00283,max,GAGUGUG,RBD_v3_031640",141,1,0.062068965517241,0.006896551724138,0.055172413793103,0.027586206896552,0.041379310344828,0.082758620689655,0.020689655172414,0.048275862068966,0.055172413793103,0.075862068965517,0.027586206896552,0.027586206896552,0.068965517241379,0.068965517241379,0.048275862068966,0.055172413793103,0.096551724137931,0.068965517241379,0,0.062068965517241,0.236842105263158,0.184210526315789,0.289473684210526,0.289473684210526,2,8,"RNCMPT00283,max,GAGUGUG,RBD_v3_031640",1
"RNCMPT00283,max,GUGUGUG,RBD_v3_104995",141,1,0.062068965517241,0.006896551724138,0.055172413793103,0.027586206896552,0.041379310344828,0.082758620689655,0.020689655172414,0.048275862068966,0.055172413793103,0.075862068965517,0.027586206896552,0.027586206896552,0.068965517241379,0.068965517241379,0.048275862068966,0.055172413793103,0.096551724137931,0.068965517241379,0,0.062068965517241,0.233333333333333,0.166666666666667,0.333333333333333,0.266666666666667,11,17,"RNCMPT00283,max,GUGUGUG,RBD_v3_104995",1
"RNCMPT00283,max,GUGUGUG,RBD_v3_138402",141,1,0.062068965517241,0.006896551724138,0.055172413793103,0.027586206896552,0.041379310344828,0.082758620689655,0.020689655172414,0.048275862068966,0.055172413793103,0.075862068965517,0.027586206896552,0.027586206896552,0.068965517241379,0.068965517241379,0.048275862068966,0.055172413793103,0.096551724137931,0.068965517241379,0,0.062068965517241,0.285714285714286,0.171428571428571,0.285714285714286,0.257142857142857,14,20,"RNCMPT00283,max,GUGUGUG,RBD_v3_138402",0
"RNCMPT00283,min,CACAAUU,RBD_v3_235880",141,0,0.062068965517241,0.006896551724138,0.055172413793103,0.027586206896552,0.041379310344828,0.082758620689655,0.020689655172414,0.048275862068966,0.055172413793103,0.075862068965517,0.027586206896552,0.027586206896552,0.068965517241379,0.068965517241379,0.048275862068966,0.055172413793103,0.096551724137931,0.068965517241379,0,0.062068965517241,0.342105263157895,0.210526315789474,0.342105263157895,0.105263157894737,7,13,"RNCMPT00283,min,CACAAUU,RBD_v3_235880",1
"RNCMPT00283,min,CCAAAUU,RBD_v3_188499",141,0,0.062068965517241,0.006896551724138,0.055172413793103,0.027586206896552,0.041379310344828,0.082758620689655,0.020689655172414,0.048275862068966,0.055172413793103,0.075862068965517,0.027586206896552,0.027586206896552,0.068965517241379,0.068965517241379,0.048275862068966,0.055172413793103,0.096551724137931,0.068965517241379,0,0.062068965517241,0.342105263157895,0.157894736842105,0.263157894736842,0.236842105263158,5,11,"RNCMPT00283,min,CCAAAUU,RBD_v3_188499",0
"RNCMPT00283,min,GACUCAC,RBD_v3_078845",141,0,0.062068965517241,0.006896551724138,0.055172413793103,0.027586206896552,0.041379310344828,0.082758620689655,0.020689655172414,0.048275862068966,0.055172413793103,0.075862068965517,0.027586206896552,0.027586206896552,0.068965517241379,0.068965517241379,0.048275862068966,0.055172413793103,0.096551724137931,0.068965517241379,0,0.062068965517241,0.285714285714286,0.285714285714286,0.2,0.228571428571429,4,10,"RNCMPT00283,min,GACUCAC,RBD_v3_078845",1
"RNCMPT00284,max,AGUGUGA,RBD_v3_006597",7,1,0.083916083916084,0.013986013986014,0.034965034965035,0.041958041958042,0.048951048951049,0.111888111888112,0.013986013986014,0.048951048951049,0.020979020979021,0.062937062937063,0.013986013986014,0.048951048951049,0.111888111888112,0.034965034965035,0.083916083916084,0.048951048951049,0.055944055944056,0.055944055944056,0.006993006993007,0.055944055944056,0.342857142857143,0.114285714285714,0.371428571428571,0.171428571428571,3,9,"RNCMPT00284,max,AGUGUGA,RBD_v3_006597",1
"RNCMPT00284,max,AGUGUGA,RBD_v3_040660",7,1,0.083916083916084,0.013986013986014,0.034965034965035,0.041958041958042,0.048951048951049,0.111888111888112,0.013986013986014,0.048951048951049,0.020979020979021,0.062937062937063,0.013986013986014,0.048951048951049,0.111888111888112,0.034965034965035,0.083916083916084,0.048951048951049,0.055944055944056,0.055944055944056,0.006993006993007,0.055944055944056,0.371428571428571,0.114285714285714,0.371428571428571,0.142857142857143,12,18,"RNCMPT00284,max,AGUGUGA,RBD_v3_040660",0
"RNCMPT00284,max,GAGUGUG,RBD_v3_031640",7,1,0.083916083916084,0.013986013986014,0.034965034965035,0.041958041958042,0.048951048951049,0.111888111888112,0.013986013986014,0.048951048951049,0.020979020979021,0.062937062937063,0.013986013986014,0.048951048951049,0.111888111888112,0.034965034965035,0.083916083916084,0.048951048951049,0.055944055944056,0.055944055944056,0.006993006993007,0.055944055944056,0.236842105263158,0.184210526315789,0.289473684210526,0.289473684210526,2,8,"RNCMPT00284,max,GAGUGUG,RBD_v3_031640",0
"RNCMPT00284,min,CACAAUU,RBD_v3_051256",7,0,0.083916083916084,0.013986013986014,0.034965034965035,0.041958041958042,0.048951048951049,0.111888111888112,0.013986013986014,0.048951048951049,0.020979020979021,0.062937062937063,0.013986013986014,0.048951048951049,0.111888111888112,0.034965034965035,0.083916083916084,0.048951048951049,0.055944055944056,0.055944055944056,0.006993006993007,0.055944055944056,0.184210526315789,0.342105263157895,0.210526315789474,0.263157894736842,16,22,"RNCMPT00284,min,CACAAUU,RBD_v3_051256",0
"RNCMPT00284,min,CACAAUU,RBD_v3_169820",7,0,0.083916083916084,0.013986013986014,0.034965034965035,0.041958041958042,0.048951048951049,0.111888111888112,0.013986013986014,0.048951048951049,0.020979020979021,0.062937062937063,0.013986013986014,0.048951048951049,0.111888111888112,0.034965034965035,0.083916083916084,0.048951048951049,0.055944055944056,0.055944055944056,0.006993006993007,0.055944055944056,0.366666666666667,0.133333333333333,0.2,0.3,8,14,"RNCMPT00284,min,CACAAUU,RBD_v3_169820",0
"RNCMPT00284,min,CAUUUCU,RBD_v3_108576",7,0,0.083916083916084,0.013986013986014,0.034965034965035,0.041958041958042,0.048951048951049,0.111888111888112,0.013986013986014,0.048951048951049,0.020979020979021,0.062937062937063,0.013986013986014,0.048951048951049,0.111888111888112,0.034965034965035,0.083916083916084,0.048951048951049,0.055944055944056,0.055944055944056,0.006993006993007,0.055944055944056,0.2,0.257142857142857,0.2,0.342857142857143,19,25,"RNCMPT00284,min,CAUUUCU,RBD_v3_108576",0
"RNCMPT00285,max,GAGUGUG,RBD_v3_031640",140,1,0.083969465648855,0.00763358778626,0.053435114503817,0.030534351145038,0.061068702290076,0.083969465648855,0.030534351145038,0.068702290076336,0.053435114503817,0.030534351145038,0.022900763358779,0.022900763358779,0.083969465648855,0.053435114503817,0.061068702290076,0.038167938931298,0.083969465648855,0.068702290076336,0,0.061068702290076,0.236842105263158,0.184210526315789,0.289473684210526,0.289473684210526,2,8,"RNCMPT00285,max,GAGUGUG,RBD_v3_031640",0
"RNCMPT00285,max,GAGUGUG,RBD_v3_064069",140,1,0.083969465648855,0.00763358778626,0.053435114503817,0.030534351145038,0.061068702290076,0.083969465648855,0.030534351145038,0.068702290076336,0.053435114503817,0.030534351145038,0.022900763358779,0.022900763358779,0.083969465648855,0.053435114503817,0.061068702290076,0.038167938931298,0.083969465648855,0.068702290076336,0,0.061068702290076,0.289473684210526,0.157894736842105,0.342105263157895,0.210526315789474,2,8,"RNCMPT00285,max,GAGUGUG,RBD_v3_064069",0
"RNCMPT00285,max,GUGUGUG,RBD_v3_138402",140,1,0.083969465648855,0.00763358778626,0.053435114503817,0.030534351145038,0.061068702290076,0.083969465648855,0.030534351145038,0.068702290076336,0.053435114503817,0.030534351145038,0.022900763358779,0.022900763358779,0.083969465648855,0.053435114503817,0.061068702290076,0.038167938931298,0.083969465648855,0.068702290076336,0,0.061068702290076,0.285714285714286,0.171428571428571,0.285714285714286,0.257142857142857,14,20,"RNCMPT00285,max,GUGUGUG,RBD_v3_138402",0
"RNCMPT00285,min,AGGCACA,RBD_v3_178988",140,0,0.083969465648855,0.00763358778626,0.053435114503817,0.030534351145038,0.061068702290076,0.083969465648855,0.030534351145038,0.068702290076336,0.053435114503817,0.030534351145038,0.022900763358779,0.022900763358779,0.083969465648855,0.053435114503817,0.061068702290076,0.038167938931298,0.083969465648855,0.068702290076336,0,0.061068702290076,0.368421052631579,0.263157894736842,0.131578947368421,0.236842105263158,1,7,"RNCMPT00285,min,AGGCACA,RBD_v3_178988",0
"RNCMPT00285,min,AGGCACA,RBD_v3_189773",140,0,0.083969465648855,0.00763358778626,0.053435114503817,0.030534351145038,0.061068702290076,0.083969465648855,0.030534351145038,0.068702290076336,0.053435114503817,0.030534351145038,0.022900763358779,0.022900763358779,0.083969465648855,0.053435114503817,0.061068702290076,0.038167938931298,0.083969465648855,0.068702290076336,0,0.061068702290076,0.31578947368421,0.210526315789474,0.289473684210526,0.184210526315789,1,7,"RNCMPT00285,min,AGGCACA,RBD_v3_189773",1
"RNCMPT00285,min,CACUCAA,RBD_v3_035610",140,0,0.083969465648855,0.00763358778626,0.053435114503817,0.030534351145038,0.061068702290076,0.083969465648855,0.030534351145038,0.068702290076336,0.053435114503817,0.030534351145038,0.022900763358779,0.022900763358779,0.083969465648855,0.053435114503817,0.061068702290076,0.038167938931298,0.083969465648855,0.068702290076336,0,0.061068702290076,0.4,0.333333333333333,0.033333333333333,0.233333333333333,8,14,"RNCMPT00285,min,CACUCAA,RBD_v3_035610",0
"RNCMPT00287,max,CUACUAC,RBD_v3_035199",6,1,0.070175438596491,0,0.052631578947368,0.029239766081871,0.04093567251462,0.134502923976608,0.017543859649123,0.017543859649123,0.105263157894737,0.046783625730994,0.005847953216374,0.035087719298246,0.04093567251462,0.035087719298246,0.058479532163743,0.08187134502924,0.111111111111111,0.076023391812865,0.011695906432749,0.029239766081871,0.236842105263158,0.263157894736842,0.184210526315789,0.31578947368421,25,31,"RNCMPT00287,max,CUACUAC,RBD_v3_035199",1
"RNCMPT00287,max,CUACUAC,RBD_v3_154173",6,1,0.070175438596491,0,0.052631578947368,0.029239766081871,0.04093567251462,0.134502923976608,0.017543859649123,0.017543859649123,0.105263157894737,0.046783625730994,0.005847953216374,0.035087719298246,0.04093567251462,0.035087719298246,0.058479532163743,0.08187134502924,0.111111111111111,0.076023391812865,0.011695906432749,0.029239766081871,0.2,0.342857142857143,0.171428571428571,0.285714285714286,6,12,"RNCMPT00287,max,CUACUAC,RBD_v3_154173",1
"RNCMPT00287,max,CUACUAC,RBD_v3_197552",6,1,0.070175438596491,0,0.052631578947368,0.029239766081871,0.04093567251462,0.134502923976608,0.017543859649123,0.017543859649123,0.105263157894737,0.046783625730994,0.005847953216374,0.035087719298246,0.04093567251462,0.035087719298246,0.058479532163743,0.08187134502924,0.111111111111111,0.076023391812865,0.011695906432749,0.029239766081871,0.263157894736842,0.342105263157895,0.157894736842105,0.236842105263158,5,11,"RNCMPT00287,max,CUACUAC,RBD_v3_197552",1
"RNCMPT00287,min,AGAAUGA,RBD_v3_215633",6,0,0.070175438596491,0,0.052631578947368,0.029239766081871,0.04093567251462,0.134502923976608,0.017543859649123,0.017543859649123,0.105263157894737,0.046783625730994,0.005847953216374,0.035087719298246,0.04093567251462,0.035087719298246,0.058479532163743,0.08187134502924,0.111111111111111,0.076023391812865,0.011695906432749,0.029239766081871,0.394736842105263,0.157894736842105,0.236842105263158,0.210526315789474,29,35,"RNCMPT00287,min,AGAAUGA,RBD_v3_215633",1
"RNCMPT00287,min,AGAUUAG,RBD_v3_107604",6,0,0.070175438596491,0,0.052631578947368,0.029239766081871,0.04093567251462,0.134502923976608,0.017543859649123,0.017543859649123,0.105263157894737,0.046783625730994,0.005847953216374,0.035087719298246,0.04093567251462,0.035087719298246,0.058479532163743,0.08187134502924,0.111111111111111,0.076023391812865,0.011695906432749,0.029239766081871,0.314285714285714,0.257142857142857,0.228571428571429,0.2,1,7,"RNCMPT00287,min,AGAUUAG,RBD_v3_107604",1
"RNCMPT00287,min,AGAUUAG,RBD_v3_122053",6,0,0.070175438596491,0,0.052631578947368,0.029239766081871,0.04093567251462,0.134502923976608,0.017543859649123,0.017543859649123,0.105263157894737,0.046783625730994,0.005847953216374,0.035087719298246,0.04093567251462,0.035087719298246,0.058479532163743,0.08187134502924,0.111111111111111,0.076023391812865,0.011695906432749,0.029239766081871,0.1,0.266666666666667,0.3,0.333333333333333,1,7,"RNCMPT00287,min,AGAUUAG,RBD_v3_122053",0
"RNCMPT00288,max,CAAAAUU,RBD_v3_183842",49,1,0.067846607669617,0.011799410029499,0.056047197640118,0.097345132743363,0.03834808259587,0.08259587020649,0.011799410029499,0.044247787610619,0.094395280235988,0.067846607669617,0.020648967551622,0.035398230088496,0.067846607669617,0.023598820058997,0.067846607669617,0.035398230088496,0.044247787610619,0.08259587020649,0.008849557522124,0.041297935103245,0.473684210526316,0.184210526315789,0.184210526315789,0.157894736842105,27,33,"RNCMPT00288,max,CAAAAUU,RBD_v3_183842",0
"RNCMPT00288,max,CCAAAUU,RBD_v3_063930",49,1,0.067846607669617,0.011799410029499,0.056047197640118,0.097345132743363,0.03834808259587,0.08259587020649,0.011799410029499,0.044247787610619,0.094395280235988,0.067846607669617,0.020648967551622,0.035398230088496,0.067846607669617,0.023598820058997,0.067846607669617,0.035398230088496,0.044247787610619,0.08259587020649,0.008849557522124,0.041297935103245,0.368421052631579,0.289473684210526,0.157894736842105,0.184210526315789,18,24,"RNCMPT00288,max,CCAAAUU,RBD_v3_063930",1
"RNCMPT00288,max,CCAAAUU,RBD_v3_137219",49,1,0.067846607669617,0.011799410029499,0.056047197640118,0.097345132743363,0.03834808259587,0.08259587020649,0.011799410029499,0.044247787610619,0.094395280235988,0.067846607669617,0.020648967551622,0.035398230088496,0.067846607669617,0.023598820058997,0.067846607669617,0.035398230088496,0.044247787610619,0.08259587020649,0.008849557522124,0.041297935103245,0.368421052631579,0.184210526315789,0.184210526315789,0.263157894736842,14,20,"RNCMPT00288,max,CCAAAUU,RBD_v3_137219",1
"RNCMPT00288,min,GAGUGGG,RBD_v3_107212",49,0,0.067846607669617,0.011799410029499,0.056047197640118,0.097345132743363,0.03834808259587,0.08259587020649,0.011799410029499,0.044247787610619,0.094395280235988,0.067846607669617,0.020648967551622,0.035398230088496,0.067846607669617,0.023598820058997,0.067846607669617,0.035398230088496,0.044247787610619,0.08259587020649,0.008849557522124,0.041297935103245,0.263157894736842,0.157894736842105,0.394736842105263,0.184210526315789,13,19,"RNCMPT00288,min,GAGUGGG,RBD_v3_107212",1
"RNCMPT00288,min,GGGUGGG,RBD_v3_163493",49,0,0.067846607669617,0.011799410029499,0.056047197640118,0.097345132743363,0.03834808259587,0.08259587020649,0.011799410029499,0.044247787610619,0.094395280235988,0.067846607669617,0.020648967551622,0.035398230088496,0.067846607669617,0.023598820058997,0.067846607669617,0.035398230088496,0.044247787610619,0.08259587020649,0.008849557522124,0.041297935103245,0.366666666666667,0.1,0.333333333333333,0.2,14,20,"RNCMPT00288,min,GGGUGGG,RBD_v3_163493",1
"RNCMPT00288,min,GGGUGGG,RBD_v3_188363",49,0,0.067846607669617,0.011799410029499,0.056047197640118,0.097345132743363,0.03834808259587,0.08259587020649,0.011799410029499,0.044247787610619,0.094395280235988,0.067846607669617,0.020648967551622,0.035398230088496,0.067846607669617,0.023598820058997,0.067846607669617,0.035398230088496,0.044247787610619,0.08259587020649,0.008849557522124,0.041297935103245,0.257142857142857,0.142857142857143,0.342857142857143,0.257142857142857,8,14,"RNCMPT00288,min,GGGUGGG,RBD_v3_188363",1
"RNCMPT00289,max,AAAAAAG,RBD_v3_203897",55,1,0.073746312684366,0.011799410029499,0.058997050147493,0.097345132743363,0.041297935103245,0.08259587020649,0.011799410029499,0.044247787610619,0.088495575221239,0.067846607669617,0.020648967551622,0.032448377581121,0.067846607669617,0.023598820058997,0.070796460176991,0.044247787610619,0.03834808259587,0.079646017699115,0.008849557522124,0.035398230088496,0.457142857142857,0.2,0.2,0.142857142857143,23,29,"RNCMPT00289,max,AAAAAAG,RBD_v3_203897",1
"RNCMPT00289,max,AAAAACG,RBD_v3_206741",55,1,0.073746312684366,0.011799410029499,0.058997050147493,0.097345132743363,0.041297935103245,0.08259587020649,0.011799410029499,0.044247787610619,0.088495575221239,0.067846607669617,0.020648967551622,0.032448377581121,0.067846607669617,0.023598820058997,0.070796460176991,0.044247787610619,0.03834808259587,0.079646017699115,0.008849557522124,0.035398230088496,0.447368421052632,0.210526315789474,0.210526315789474,0.131578947368421,4,10,"RNCMPT00289,max,AAAAACG,RBD_v3_206741",0
"RNCMPT00289,max,AAAAAGC,RBD_v3_017848",55,1,0.073746312684366,0.011799410029499,0.058997050147493,0.097345132743363,0.041297935103245,0.08259587020649,0.011799410029499,0.044247787610619,0.088495575221239,0.067846607669617,0.020648967551622,0.032448377581121,0.067846607669617,0.023598820058997,0.070796460176991,0.044247787610619,0.03834808259587,0.079646017699115,0.008849557522124,0.035398230088496,0.447368421052632,0.131578947368421,0.210526315789474,0.210526315789474,28,34,"RNCMPT00289,max,AAAAAGC,RBD_v3_017848",0
"RNCMPT00289,min,GGGGGGG,RBD_v3_068209",55,0,0.073746312684366,0.011799410029499,0.058997050147493,0.097345132743363,0.041297935103245,0.08259587020649,0.011799410029499,0.044247787610619,0.088495575221239,0.067846607669617,0.020648967551622,0.032448377581121,0.067846607669617,0.023598820058997,0.070796460176991,0.044247787610619,0.03834808259587,0.079646017699115,0.008849557522124,0.035398230088496,0.157894736842105,0.131578947368421,0.473684210526316,0.236842105263158,32,38,"RNCMPT00289,min,GGGGGGG,RBD_v3_068209",0
"RNCMPT00289,min,GGGGGGG,RBD_v3_085759",55,0,0.073746312684366,0.011799410029499,0.058997050147493,0.097345132743363,0.041297935103245,0.08259587020649,0.011799410029499,0.044247787610619,0.088495575221239,0.067846607669617,0.020648967551622,0.032448377581121,0.067846607669617,0.023598820058997,0.070796460176991,0.044247787610619,0.03834808259587,0.079646017699115,0.008849557522124,0.035398230088496,0.31578947368421,0.184210526315789,0.31578947368421,0.184210526315789,2,8,"RNCMPT00289,min,GGGGGGG,RBD_v3_085759",0
"RNCMPT00289,min,GGUUUGG,RBD_v3_190178",55,0,0.073746312684366,0.011799410029499,0.058997050147493,0.097345132743363,0.041297935103245,0.08259587020649,0.011799410029499,0.044247787610619,0.088495575221239,0.067846607669617,0.020648967551622,0.032448377581121,0.067846607669617,0.023598820058997,0.070796460176991,0.044247787610619,0.03834808259587,0.079646017699115,0.008849557522124,0.035398230088496,0.233333333333333,0.266666666666667,0.3,0.2,11,17,"RNCMPT00289,min,GGUUUGG,RBD_v3_190178",1
"RNCMPT00291,max,GUAAUUG,RBD_v3_092283",0,1,0.082352941176471,0.011764705882353,0.052941176470588,0.079411764705882,0.038235294117647,0.094117647058824,0.014705882352941,0.055882352941176,0.073529411764706,0.070588235294118,0.026470588235294,0.05,0.05,0.026470588235294,0.070588235294118,0.026470588235294,0.047058823529412,0.076470588235294,0.008823529411765,0.044117647058824,0.333333333333333,0.166666666666667,0.3,0.2,21,27,"RNCMPT00291,max,GUAAUUG,RBD_v3_092283",0
"RNCMPT00291,max,UAAUUGG,RBD_v3_001695",0,1,0.082352941176471,0.011764705882353,0.052941176470588,0.079411764705882,0.038235294117647,0.094117647058824,0.014705882352941,0.055882352941176,0.073529411764706,0.070588235294118,0.026470588235294,0.05,0.05,0.026470588235294,0.070588235294118,0.026470588235294,0.047058823529412,0.076470588235294,0.008823529411765,0.044117647058824,0.263157894736842,0.210526315789474,0.210526315789474,0.31578947368421,9,15,"RNCMPT00291,max,UAAUUGG,RBD_v3_001695",1
"RNCMPT00291,max,UAAUUGG,RBD_v3_019822",0,1,0.082352941176471,0.011764705882353,0.052941176470588,0.079411764705882,0.038235294117647,0.094117647058824,0.014705882352941,0.055882352941176,0.073529411764706,0.070588235294118,0.026470588235294,0.05,0.05,0.026470588235294,0.070588235294118,0.026470588235294,0.047058823529412,0.076470588235294,0.008823529411765,0.044117647058824,0.266666666666667,0.2,0.3,0.233333333333333,22,28,"RNCMPT00291,max,UAAUUGG,RBD_v3_019822",0
"RNCMPT00291,min,GAGUCGU,RBD_v3_237122",0,0,0.082352941176471,0.011764705882353,0.052941176470588,0.079411764705882,0.038235294117647,0.094117647058824,0.014705882352941,0.055882352941176,0.073529411764706,0.070588235294118,0.026470588235294,0.05,0.05,0.026470588235294,0.070588235294118,0.026470588235294,0.047058823529412,0.076470588235294,0.008823529411765,0.044117647058824,0.210526315789474,0.236842105263158,0.236842105263158,0.31578947368421,31,37,"RNCMPT00291,min,GAGUCGU,RBD_v3_237122",0
"RNCMPT00291,min,GUUCGUC,RBD_v3_148666",0,0,0.082352941176471,0.011764705882353,0.052941176470588,0.079411764705882,0.038235294117647,0.094117647058824,0.014705882352941,0.055882352941176,0.073529411764706,0.070588235294118,0.026470588235294,0.05,0.05,0.026470588235294,0.070588235294118,0.026470588235294,0.047058823529412,0.076470588235294,0.008823529411765,0.044117647058824,0.171428571428571,0.314285714285714,0.285714285714286,0.228571428571429,20,26,"RNCMPT00291,min,GUUCGUC,RBD_v3_148666",0
"RNCMPT00291,min,UUUUUUU,RBD_v3_004513",0,0,0.082352941176471,0.011764705882353,0.052941176470588,0.079411764705882,0.038235294117647,0.094117647058824,0.014705882352941,0.055882352941176,0.073529411764706,0.070588235294118,0.026470588235294,0.05,0.05,0.026470588235294,0.070588235294118,0.026470588235294,0.047058823529412,0.076470588235294,0.008823529411765,0.044117647058824,0.142857142857143,0.171428571428571,0.285714285714286,0.4,18,24,"RNCMPT00291,min,UUUUUUU,RBD_v3_004513",0
"RNCMPT00046,max,AUGUACA,RBD_v3_021558",0,1,0.099744245524297,0.020460358056266,0.035805626598465,0.061381074168798,0.030690537084399,0.063938618925831,0.043478260869565,0.058823529411765,0.063938618925831,0.079283887468031,0.025575447570332,0.043478260869565,0.030690537084399,0.084398976982097,0.040920716112532,0.043478260869565,0.051150895140665,0.08695652173913,0,0.035805626598465,0.342105263157895,0.236842105263158,0.210526315789474,0.210526315789474,23,29,"RNCMPT00046,max,AUGUACA,RBD_v3_021558",1
"RNCMPT00046,max,AUGUACA,RBD_v3_164722",0,1,0.099744245524297,0.020460358056266,0.035805626598465,0.061381074168798,0.030690537084399,0.063938618925831,0.043478260869565,0.058823529411765,0.063938618925831,0.079283887468031,0.025575447570332,0.043478260869565,0.030690537084399,0.084398976982097,0.040920716112532,0.043478260869565,0.051150895140665,0.08695652173913,0,0.035805626598465,0.342105263157895,0.210526315789474,0.289473684210526,0.157894736842105,13,19,"RNCMPT00046,max,AUGUACA,RBD_v3_164722",0
"RNCMPT00046,max,UGUACAG,RBD_v3_195688",0,1,0.099744245524297,0.020460358056266,0.035805626598465,0.061381074168798,0.030690537084399,0.063938618925831,0.043478260869565,0.058823529411765,0.063938618925831,0.079283887468031,0.025575447570332,0.043478260869565,0.030690537084399,0.084398976982097,0.040920716112532,0.043478260869565,0.051150895140665,0.08695652173913,0,0.035805626598465,0.257142857142857,0.171428571428571,0.314285714285714,0.257142857142857,15,21,"RNCMPT00046,max,UGUACAG,RBD_v3_195688",1
"RNCMPT00046,min,UCUUCUU,RBD_v3_056971",0,0,0.099744245524297,0.020460358056266,0.035805626598465,0.061381074168798,0.030690537084399,0.063938618925831,0.043478260869565,0.058823529411765,0.063938618925831,0.079283887468031,0.025575447570332,0.043478260869565,0.030690537084399,0.084398976982097,0.040920716112532,0.043478260869565,0.051150895140665,0.08695652173913,0,0.035805626598465,0.184210526315789,0.263157894736842,0.184210526315789,0.368421052631579,28,34,"RNCMPT00046,min,UCUUCUU,RBD_v3_056971",0
"RNCMPT00046,min,UCUUCUU,RBD_v3_163386",0,0,0.099744245524297,0.020460358056266,0.035805626598465,0.061381074168798,0.030690537084399,0.063938618925831,0.043478260869565,0.058823529411765,0.063938618925831,0.079283887468031,0.025575447570332,0.043478260869565,0.030690537084399,0.084398976982097,0.040920716112532,0.043478260869565,0.051150895140665,0.08695652173913,0,0.035805626598465,0.171428571428571,0.342857142857143,0.171428571428571,0.314285714285714,13,19,"RNCMPT00046,min,UCUUCUU,RBD_v3_163386",1
"RNCMPT00046,min,UUUUCUU,RBD_v3_039048",0,0,0.099744245524297,0.020460358056266,0.035805626598465,0.061381074168798,0.030690537084399,0.063938618925831,0.043478260869565,0.058823529411765,0.063938618925831,0.079283887468031,0.025575447570332,0.043478260869565,0.030690537084399,0.084398976982097,0.040920716112532,0.043478260869565,0.051150895140665,0.08695652173913,0,0.035805626598465,0.257142857142857,0.228571428571429,0.2,0.314285714285714,8,14,"RNCMPT00046,min,UUUUCUU,RBD_v3_039048",0
"RNCMPT00101,max,AUGUACA,RBD_v3_074842",0,1,0.056213017751479,0.023668639053254,0.041420118343195,0.071005917159763,0.035502958579882,0.050295857988166,0.050295857988166,0.062130177514793,0.071005917159763,0.091715976331361,0.029585798816568,0.044378698224852,0.023668639053254,0.091715976331361,0.044378698224852,0.041420118343195,0.047337278106509,0.082840236686391,0,0.041420118343195,0.263157894736842,0.236842105263158,0.236842105263158,0.263157894736842,12,18,"RNCMPT00101,max,AUGUACA,RBD_v3_074842",1
"RNCMPT00101,max,UGUACAG,RBD_v3_195688",0,1,0.056213017751479,0.023668639053254,0.041420118343195,0.071005917159763,0.035502958579882,0.050295857988166,0.050295857988166,0.062130177514793,0.071005917159763,0.091715976331361,0.029585798816568,0.044378698224852,0.023668639053254,0.091715976331361,0.044378698224852,0.041420118343195,0.047337278106509,0.082840236686391,0,0.041420118343195,0.257142857142857,0.171428571428571,0.314285714285714,0.257142857142857,15,21,"RNCMPT00101,max,UGUACAG,RBD_v3_195688",1
"RNCMPT00101,max,UGUAUAG,RBD_v3_005009",0,1,0.056213017751479,0.023668639053254,0.041420118343195,0.071005917159763,0.035502958579882,0.050295857988166,0.050295857988166,0.062130177514793,0.071005917159763,0.091715976331361,0.029585798816568,0.044378698224852,0.023668639053254,0.091715976331361,0.044378698224852,0.041420118343195,0.047337278106509,0.082840236686391,0,0.041420118343195,0.394736842105263,0.236842105263158,0.131578947368421,0.236842105263158,27,33,"RNCMPT00101,max,UGUAUAG,RBD_v3_005009",1
"RNCMPT00101,min,CCCCCCC,RBD_v3_012658",0,0,0.056213017751479,0.023668639053254,0.041420118343195,0.071005917159763,0.035502958579882,0.050295857988166,0.050295857988166,0.062130177514793,0.071005917159763,0.091715976331361,0.029585798816568,0.044378698224852,0.023668639053254,0.091715976331361,0.044378698224852,0.041420118343195,0.047337278106509,0.082840236686391,0,0.041420118343195,0.157894736842105,0.421052631578947,0.184210526315789,0.236842105263158,17,23,"RNCMPT00101,min,CCCCCCC,RBD_v3_012658",1
"RNCMPT00101,min,GAGUCGU,RBD_v3_021354",0,0,0.056213017751479,0.023668639053254,0.041420118343195,0.071005917159763,0.035502958579882,0.050295857988166,0.050295857988166,0.062130177514793,0.071005917159763,0.091715976331361,0.029585798816568,0.044378698224852,0.023668639053254,0.091715976331361,0.044378698224852,0.041420118343195,0.047337278106509,0.082840236686391,0,0.041420118343195,0.289473684210526,0.131578947368421,0.394736842105263,0.184210526315789,14,20,"RNCMPT00101,min,GAGUCGU,RBD_v3_021354",1
"RNCMPT00101,min,GAGUCGU,RBD_v3_070447",0,0,0.056213017751479,0.023668639053254,0.041420118343195,0.071005917159763,0.035502958579882,0.050295857988166,0.050295857988166,0.062130177514793,0.071005917159763,0.091715976331361,0.029585798816568,0.044378698224852,0.023668639053254,0.091715976331361,0.044378698224852,0.041420118343195,0.047337278106509,0.082840236686391,0,0.041420118343195,0.263157894736842,0.236842105263158,0.31578947368421,0.184210526315789,2,8,"RNCMPT00101,min,GAGUCGU,RBD_v3_070447",0
"RNCMPT00102,max,UGUACAG,RBD_v3_195688",0,1,0.056213017751479,0.023668639053254,0.041420118343195,0.071005917159763,0.035502958579882,0.050295857988166,0.050295857988166,0.062130177514793,0.071005917159763,0.091715976331361,0.029585798816568,0.044378698224852,0.023668639053254,0.091715976331361,0.044378698224852,0.041420118343195,0.047337278106509,0.082840236686391,0,0.041420118343195,0.257142857142857,0.171428571428571,0.314285714285714,0.257142857142857,15,21,"RNCMPT00102,max,UGUACAG,RBD_v3_195688",1
"RNCMPT00102,max,UGUACAU,RBD_v3_238265",0,1,0.056213017751479,0.023668639053254,0.041420118343195,0.071005917159763,0.035502958579882,0.050295857988166,0.050295857988166,0.062130177514793,0.071005917159763,0.091715976331361,0.029585798816568,0.044378698224852,0.023668639053254,0.091715976331361,0.044378698224852,0.041420118343195,0.047337278106509,0.082840236686391,0,0.041420118343195,0.31578947368421,0.105263157894737,0.421052631578947,0.157894736842105,19,25,"RNCMPT00102,max,UGUACAU,RBD_v3_238265",1
"RNCMPT00102,max,UGUAUAG,RBD_v3_217709",0,1,0.056213017751479,0.023668639053254,0.041420118343195,0.071005917159763,0.035502958579882,0.050295857988166,0.050295857988166,0.062130177514793,0.071005917159763,0.091715976331361,0.029585798816568,0.044378698224852,0.023668639053254,0.091715976331361,0.044378698224852,0.041420118343195,0.047337278106509,0.082840236686391,0,0.041420118343195,0.257142857142857,0.142857142857143,0.342857142857143,0.257142857142857,17,23,"RNCMPT00102,max,UGUAUAG,RBD_v3_217709",1
"RNCMPT00102,min,AGGGGGG,RBD_v3_066951",0,0,0.056213017751479,0.023668639053254,0.041420118343195,0.071005917159763,0.035502958579882,0.050295857988166,0.050295857988166,0.062130177514793,0.071005917159763,0.091715976331361,0.029585798816568,0.044378698224852,0.023668639053254,0.091715976331361,0.044378698224852,0.041420118343195,0.047337278106509,0.082840236686391,0,0.041420118343195,0.31578947368421,0.157894736842105,0.342105263157895,0.184210526315789,15,21,"RNCMPT00102,min,AGGGGGG,RBD_v3_066951",1
"RNCMPT00102,min,AGGGGGG,RBD_v3_166168",0,0,0.056213017751479,0.023668639053254,0.041420118343195,0.071005917159763,0.035502958579882,0.050295857988166,0.050295857988166,0.062130177514793,0.071005917159763,0.091715976331361,0.029585798816568,0.044378698224852,0.023668639053254,0.091715976331361,0.044378698224852,0.041420118343195,0.047337278106509,0.082840236686391,0,0.041420118343195,0.076923076923077,0.128205128205128,0.41025641025641,0.384615384615385,1,7,"RNCMPT00102,min,AGGGGGG,RBD_v3_166168",1
"RNCMPT00102,min,GGGGGGC,RBD_v3_144253",0,0,0.056213017751479,0.023668639053254,0.041420118343195,0.071005917159763,0.035502958579882,0.050295857988166,0.050295857988166,0.062130177514793,0.071005917159763,0.091715976331361,0.029585798816568,0.044378698224852,0.023668639053254,0.091715976331361,0.044378698224852,0.041420118343195,0.047337278106509,0.082840236686391,0,0.041420118343195,0.263157894736842,0.184210526315789,0.368421052631579,0.184210526315789,2,8,"RNCMPT00102,min,GGGGGGC,RBD_v3_144253",1
"RNCMPT00103,max,AUGUACA,RBD_v3_021558",0,1,0.056213017751479,0.023668639053254,0.041420118343195,0.071005917159763,0.035502958579882,0.050295857988166,0.050295857988166,0.062130177514793,0.071005917159763,0.091715976331361,0.029585798816568,0.044378698224852,0.023668639053254,0.091715976331361,0.044378698224852,0.041420118343195,0.047337278106509,0.082840236686391,0,0.041420118343195,0.342105263157895,0.236842105263158,0.210526315789474,0.210526315789474,23,29,"RNCMPT00103,max,AUGUACA,RBD_v3_021558",1
"RNCMPT00103,max,AUGUACA,RBD_v3_164722",0,1,0.056213017751479,0.023668639053254,0.041420118343195,0.071005917159763,0.035502958579882,0.050295857988166,0.050295857988166,0.062130177514793,0.071005917159763,0.091715976331361,0.029585798816568,0.044378698224852,0.023668639053254,0.091715976331361,0.044378698224852,0.041420118343195,0.047337278106509,0.082840236686391,0,0.041420118343195,0.342105263157895,0.210526315789474,0.289473684210526,0.157894736842105,13,19,"RNCMPT00103,max,AUGUACA,RBD_v3_164722",0
"RNCMPT00103,max,UGUACAG,RBD_v3_195688",0,1,0.056213017751479,0.023668639053254,0.041420118343195,0.071005917159763,0.035502958579882,0.050295857988166,0.050295857988166,0.062130177514793,0.071005917159763,0.091715976331361,0.029585798816568,0.044378698224852,0.023668639053254,0.091715976331361,0.044378698224852,0.041420118343195,0.047337278106509,0.082840236686391,0,0.041420118343195,0.257142857142857,0.171428571428571,0.314285714285714,0.257142857142857,15,21,"RNCMPT00103,max,UGUACAG,RBD_v3_195688",1
"RNCMPT00103,min,GCAGGGC,RBD_v3_163669",0,0,0.056213017751479,0.023668639053254,0.041420118343195,0.071005917159763,0.035502958579882,0.050295857988166,0.050295857988166,0.062130177514793,0.071005917159763,0.091715976331361,0.029585798816568,0.044378698224852,0.023668639053254,0.091715976331361,0.044378698224852,0.041420118343195,0.047337278106509,0.082840236686391,0,0.041420118343195,0.342857142857143,0.2,0.342857142857143,0.114285714285714,12,18,"RNCMPT00103,min,GCAGGGC,RBD_v3_163669",1
"RNCMPT00103,min,GGGCGAC,RBD_v3_126377",0,0,0.056213017751479,0.023668639053254,0.041420118343195,0.071005917159763,0.035502958579882,0.050295857988166,0.050295857988166,0.062130177514793,0.071005917159763,0.091715976331361,0.029585798816568,0.044378698224852,0.023668639053254,0.091715976331361,0.044378698224852,0.041420118343195,0.047337278106509,0.082840236686391,0,0.041420118343195,0.342105263157895,0.263157894736842,0.210526315789474,0.184210526315789,8,14,"RNCMPT00103,min,GGGCGAC,RBD_v3_126377",1
"RNCMPT00103,min,GGGCGAC,RBD_v3_183489",0,0,0.056213017751479,0.023668639053254,0.041420118343195,0.071005917159763,0.035502958579882,0.050295857988166,0.050295857988166,0.062130177514793,0.071005917159763,0.091715976331361,0.029585798816568,0.044378698224852,0.023668639053254,0.091715976331361,0.044378698224852,0.041420118343195,0.047337278106509,0.082840236686391,0,0.041420118343195,0.289473684210526,0.289473684210526,0.236842105263158,0.184210526315789,17,23,"RNCMPT00103,min,GGGCGAC,RBD_v3_183489",0
"RNCMPT00104,max,AUGUACA,RBD_v3_021558",0,1,0.056213017751479,0.023668639053254,0.041420118343195,0.071005917159763,0.035502958579882,0.050295857988166,0.050295857988166,0.062130177514793,0.071005917159763,0.091715976331361,0.029585798816568,0.044378698224852,0.023668639053254,0.091715976331361,0.044378698224852,0.041420118343195,0.047337278106509,0.082840236686391,0,0.041420118343195,0.342105263157895,0.236842105263158,0.210526315789474,0.210526315789474,23,29,"RNCMPT00104,max,AUGUACA,RBD_v3_021558",1
"RNCMPT00104,max,UGUACAG,RBD_v3_195688",0,1,0.056213017751479,0.023668639053254,0.041420118343195,0.071005917159763,0.035502958579882,0.050295857988166,0.050295857988166,0.062130177514793,0.071005917159763,0.091715976331361,0.029585798816568,0.044378698224852,0.023668639053254,0.091715976331361,0.044378698224852,0.041420118343195,0.047337278106509,0.082840236686391,0,0.041420118343195,0.257142857142857,0.171428571428571,0.314285714285714,0.257142857142857,15,21,"RNCMPT00104,max,UGUACAG,RBD_v3_195688",1
"RNCMPT00104,max,UGUACAU,RBD_v3_130639",0,1,0.056213017751479,0.023668639053254,0.041420118343195,0.071005917159763,0.035502958579882,0.050295857988166,0.050295857988166,0.062130177514793,0.071005917159763,0.091715976331361,0.029585798816568,0.044378698224852,0.023668639053254,0.091715976331361,0.044378698224852,0.041420118343195,0.047337278106509,0.082840236686391,0,0.041420118343195,0.236842105263158,0.31578947368421,0.184210526315789,0.263157894736842,23,29,"RNCMPT00104,max,UGUACAU,RBD_v3_130639",1
"RNCMPT00104,min,GGGGAGC,RBD_v3_151362",0,0,0.056213017751479,0.023668639053254,0.041420118343195,0.071005917159763,0.035502958579882,0.050295857988166,0.050295857988166,0.062130177514793,0.071005917159763,0.091715976331361,0.029585798816568,0.044378698224852,0.023668639053254,0.091715976331361,0.044378698224852,0.041420118343195,0.047337278106509,0.082840236686391,0,0.041420118343195,0.31578947368421,0.210526315789474,0.289473684210526,0.184210526315789,25,31,"RNCMPT00104,min,GGGGAGC,RBD_v3_151362",1
"RNCMPT00104,min,GGGGAGC,RBD_v3_186352",0,0,0.056213017751479,0.023668639053254,0.041420118343195,0.071005917159763,0.035502958579882,0.050295857988166,0.050295857988166,0.062130177514793,0.071005917159763,0.091715976331361,0.029585798816568,0.044378698224852,0.023668639053254,0.091715976331361,0.044378698224852,0.041420118343195,0.047337278106509,0.082840236686391,0,0.041420118343195,0.4,0.114285714285714,0.342857142857143,0.142857142857143,15,21,"RNCMPT00104,min,GGGGAGC,RBD_v3_186352",1
"RNCMPT00104,min,UGGGGCA,RBD_v3_098873",0,0,0.056213017751479,0.023668639053254,0.041420118343195,0.071005917159763,0.035502958579882,0.050295857988166,0.050295857988166,0.062130177514793,0.071005917159763,0.091715976331361,0.029585798816568,0.044378698224852,0.023668639053254,0.091715976331361,0.044378698224852,0.041420118343195,0.047337278106509,0.082840236686391,0,0.041420118343195,0.289473684210526,0.157894736842105,0.368421052631579,0.184210526315789,25,31,"RNCMPT00104,min,UGGGGCA,RBD_v3_098873",1
"RNCMPT00105,max,UGUAAUU,RBD_v3_021691",0,1,0.056213017751479,0.023668639053254,0.041420118343195,0.071005917159763,0.035502958579882,0.050295857988166,0.050295857988166,0.062130177514793,0.071005917159763,0.091715976331361,0.029585798816568,0.044378698224852,0.023668639053254,0.091715976331361,0.044378698224852,0.041420118343195,0.047337278106509,0.082840236686391,0,0.041420118343195,0.289473684210526,0.263157894736842,0.210526315789474,0.236842105263158,16,22,"RNCMPT00105,max,UGUAAUU,RBD_v3_021691",1
"RNCMPT00105,max,UGUAAUU,RBD_v3_118840",0,1,0.056213017751479,0.023668639053254,0.041420118343195,0.071005917159763,0.035502958579882,0.050295857988166,0.050295857988166,0.062130177514793,0.071005917159763,0.091715976331361,0.029585798816568,0.044378698224852,0.023668639053254,0.091715976331361,0.044378698224852,0.041420118343195,0.047337278106509,0.082840236686391,0,0.041420118343195,0.289473684210526,0.263157894736842,0.210526315789474,0.236842105263158,16,22,"RNCMPT00105,max,UGUAAUU,RBD_v3_118840",1
"RNCMPT00105,max,UGUAUUU,RBD_v3_090390",0,1,0.056213017751479,0.023668639053254,0.041420118343195,0.071005917159763,0.035502958579882,0.050295857988166,0.050295857988166,0.062130177514793,0.071005917159763,0.091715976331361,0.029585798816568,0.044378698224852,0.023668639053254,0.091715976331361,0.044378698224852,0.041420118343195,0.047337278106509,0.082840236686391,0,0.041420118343195,0.368421052631579,0.131578947368421,0.289473684210526,0.210526315789474,26,32,"RNCMPT00105,max,UGUAUUU,RBD_v3_090390",1
"RNCMPT00105,min,GGGCGGG,RBD_v3_192691",0,0,0.056213017751479,0.023668639053254,0.041420118343195,0.071005917159763,0.035502958579882,0.050295857988166,0.050295857988166,0.062130177514793,0.071005917159763,0.091715976331361,0.029585798816568,0.044378698224852,0.023668639053254,0.091715976331361,0.044378698224852,0.041420118343195,0.047337278106509,0.082840236686391,0,0.041420118343195,0.342857142857143,0.114285714285714,0.285714285714286,0.257142857142857,14,20,"RNCMPT00105,min,GGGCGGG,RBD_v3_192691",1
"RNCMPT00105,min,GGGGCGC,RBD_v3_001393",0,0,0.056213017751479,0.023668639053254,0.041420118343195,0.071005917159763,0.035502958579882,0.050295857988166,0.050295857988166,0.062130177514793,0.071005917159763,0.091715976331361,0.029585798816568,0.044378698224852,0.023668639053254,0.091715976331361,0.044378698224852,0.041420118343195,0.047337278106509,0.082840236686391,0,0.041420118343195,0.128205128205128,0.153846153846154,0.333333333333333,0.384615384615385,22,28,"RNCMPT00105,min,GGGGCGC,RBD_v3_001393",1
"RNCMPT00105,min,GGGGCGC,RBD_v3_162997",0,0,0.056213017751479,0.023668639053254,0.041420118343195,0.071005917159763,0.035502958579882,0.050295857988166,0.050295857988166,0.062130177514793,0.071005917159763,0.091715976331361,0.029585798816568,0.044378698224852,0.023668639053254,0.091715976331361,0.044378698224852,0.041420118343195,0.047337278106509,0.082840236686391,0,0.041420118343195,0.266666666666667,0.166666666666667,0.333333333333333,0.233333333333333,17,23,"RNCMPT00105,min,GGGGCGC,RBD_v3_162997",1
"RNCMPT00106,max,AGGAGGA,RBD_v3_051049",1,1,0.04950495049505,0.00990099009901,0.099009900990099,0.054455445544554,0.034653465346535,0.163366336633663,0.00990099009901,0.034653465346535,0.03960396039604,0.02970297029703,0.014851485148515,0.02970297029703,0.069306930693069,0.004950495049505,0.123762376237624,0.04950495049505,0.02970297029703,0.084158415841584,0.004950495049505,0.064356435643564,0.289473684210526,0.157894736842105,0.394736842105263,0.157894736842105,1,7,"RNCMPT00106,max,AGGAGGA,RBD_v3_051049",1
"RNCMPT00106,max,AGGAGGA,RBD_v3_171103",1,1,0.04950495049505,0.00990099009901,0.099009900990099,0.054455445544554,0.034653465346535,0.163366336633663,0.00990099009901,0.034653465346535,0.03960396039604,0.02970297029703,0.014851485148515,0.02970297029703,0.069306930693069,0.004950495049505,0.123762376237624,0.04950495049505,0.02970297029703,0.084158415841584,0.004950495049505,0.064356435643564,0.473684210526316,0.131578947368421,0.342105263157895,0.052631578947368,8,14,"RNCMPT00106,max,AGGAGGA,RBD_v3_171103",1
"RNCMPT00106,max,GGAGGAC,RBD_v3_175178",1,1,0.04950495049505,0.00990099009901,0.099009900990099,0.054455445544554,0.034653465346535,0.163366336633663,0.00990099009901,0.034653465346535,0.03960396039604,0.02970297029703,0.014851485148515,0.02970297029703,0.069306930693069,0.004950495049505,0.123762376237624,0.04950495049505,0.02970297029703,0.084158415841584,0.004950495049505,0.064356435643564,0.289473684210526,0.236842105263158,0.368421052631579,0.105263157894737,2,8,"RNCMPT00106,max,GGAGGAC,RBD_v3_175178",1
"RNCMPT00106,min,CCCCCCC,RBD_v3_174212",1,0,0.04950495049505,0.00990099009901,0.099009900990099,0.054455445544554,0.034653465346535,0.163366336633663,0.00990099009901,0.034653465346535,0.03960396039604,0.02970297029703,0.014851485148515,0.02970297029703,0.069306930693069,0.004950495049505,0.123762376237624,0.04950495049505,0.02970297029703,0.084158415841584,0.004950495049505,0.064356435643564,0.142857142857143,0.342857142857143,0.314285714285714,0.2,16,22,"RNCMPT00106,min,CCCCCCC,RBD_v3_174212",1
"RNCMPT00106,min,UUUUUUU,RBD_v3_111944",1,0,0.04950495049505,0.00990099009901,0.099009900990099,0.054455445544554,0.034653465346535,0.163366336633663,0.00990099009901,0.034653465346535,0.03960396039604,0.02970297029703,0.014851485148515,0.02970297029703,0.069306930693069,0.004950495049505,0.123762376237624,0.04950495049505,0.02970297029703,0.084158415841584,0.004950495049505,0.064356435643564,0.066666666666667,0.266666666666667,0.233333333333333,0.433333333333333,24,30,"RNCMPT00106,min,UUUUUUU,RBD_v3_111944",1
"RNCMPT00106,min,UUUUUUU,RBD_v3_165503",1,0,0.04950495049505,0.00990099009901,0.099009900990099,0.054455445544554,0.034653465346535,0.163366336633663,0.00990099009901,0.034653465346535,0.03960396039604,0.02970297029703,0.014851485148515,0.02970297029703,0.069306930693069,0.004950495049505,0.123762376237624,0.04950495049505,0.02970297029703,0.084158415841584,0.004950495049505,0.064356435643564,0.2,0.233333333333333,0.133333333333333,0.433333333333333,23,29,"RNCMPT00106,min,UUUUUUU,RBD_v3_165503",1
"RNCMPT00107,max,GGAGGAC,RBD_v3_175178",1,1,0.04950495049505,0.00990099009901,0.099009900990099,0.054455445544554,0.034653465346535,0.163366336633663,0.00990099009901,0.034653465346535,0.03960396039604,0.02970297029703,0.014851485148515,0.02970297029703,0.069306930693069,0.004950495049505,0.123762376237624,0.04950495049505,0.02970297029703,0.084158415841584,0.004950495049505,0.064356435643564,0.289473684210526,0.236842105263158,0.368421052631579,0.105263157894737,2,8,"RNCMPT00107,max,GGAGGAC,RBD_v3_175178",1
"RNCMPT00107,max,GGAUGGA,RBD_v3_043691",1,1,0.04950495049505,0.00990099009901,0.099009900990099,0.054455445544554,0.034653465346535,0.163366336633663,0.00990099009901,0.034653465346535,0.03960396039604,0.02970297029703,0.014851485148515,0.02970297029703,0.069306930693069,0.004950495049505,0.123762376237624,0.04950495049505,0.02970297029703,0.084158415841584,0.004950495049505,0.064356435643564,0.263157894736842,0.236842105263158,0.342105263157895,0.157894736842105,23,29,"RNCMPT00107,max,GGAUGGA,RBD_v3_043691",1
"RNCMPT00107,max,GGAUGGA,RBD_v3_224536",1,1,0.04950495049505,0.00990099009901,0.099009900990099,0.054455445544554,0.034653465346535,0.163366336633663,0.00990099009901,0.034653465346535,0.03960396039604,0.02970297029703,0.014851485148515,0.02970297029703,0.069306930693069,0.004950495049505,0.123762376237624,0.04950495049505,0.02970297029703,0.084158415841584,0.004950495049505,0.064356435643564,0.236842105263158,0.263157894736842,0.31578947368421,0.184210526315789,2,8,"RNCMPT00107,max,GGAUGGA,RBD_v3_224536",1
"RNCMPT00107,min,CCCCCCC,RBD_v3_161924",1,0,0.04950495049505,0.00990099009901,0.099009900990099,0.054455445544554,0.034653465346535,0.163366336633663,0.00990099009901,0.034653465346535,0.03960396039604,0.02970297029703,0.014851485148515,0.02970297029703,0.069306930693069,0.004950495049505,0.123762376237624,0.04950495049505,0.02970297029703,0.084158415841584,0.004950495049505,0.064356435643564,0.342105263157895,0.31578947368421,0.184210526315789,0.157894736842105,6,12,"RNCMPT00107,min,CCCCCCC,RBD_v3_161924",1
"RNCMPT00107,min,CCCCCCC,RBD_v3_181436",1,0,0.04950495049505,0.00990099009901,0.099009900990099,0.054455445544554,0.034653465346535,0.163366336633663,0.00990099009901,0.034653465346535,0.03960396039604,0.02970297029703,0.014851485148515,0.02970297029703,0.069306930693069,0.004950495049505,0.123762376237624,0.04950495049505,0.02970297029703,0.084158415841584,0.004950495049505,0.064356435643564,0.285714285714286,0.4,0.114285714285714,0.2,25,31,"RNCMPT00107,min,CCCCCCC,RBD_v3_181436",1
"RNCMPT00107,min,UUUUUUU,RBD_v3_240329",1,0,0.04950495049505,0.00990099009901,0.099009900990099,0.054455445544554,0.034653465346535,0.163366336633663,0.00990099009901,0.034653465346535,0.03960396039604,0.02970297029703,0.014851485148515,0.02970297029703,0.069306930693069,0.004950495049505,0.123762376237624,0.04950495049505,0.02970297029703,0.084158415841584,0.004950495049505,0.064356435643564,0.105263157894737,0.184210526315789,0.210526315789474,0.5,7,13,"RNCMPT00107,min,UUUUUUU,RBD_v3_240329",1
"RNCMPT00108,max,GGAGGAC,RBD_v3_161547",1,1,0.04950495049505,0.00990099009901,0.099009900990099,0.054455445544554,0.034653465346535,0.163366336633663,0.00990099009901,0.034653465346535,0.03960396039604,0.02970297029703,0.014851485148515,0.02970297029703,0.069306930693069,0.004950495049505,0.123762376237624,0.04950495049505,0.02970297029703,0.084158415841584,0.004950495049505,0.064356435643564,0.289473684210526,0.210526315789474,0.368421052631579,0.131578947368421,18,24,"RNCMPT00108,max,GGAGGAC,RBD_v3_161547",1
"RNCMPT00108,max,GGAGGAC,RBD_v3_165677",1,1,0.04950495049505,0.00990099009901,0.099009900990099,0.054455445544554,0.034653465346535,0.163366336633663,0.00990099009901,0.034653465346535,0.03960396039604,0.02970297029703,0.014851485148515,0.02970297029703,0.069306930693069,0.004950495049505,0.123762376237624,0.04950495049505,0.02970297029703,0.084158415841584,0.004950495049505,0.064356435643564,0.285714285714286,0.228571428571429,0.371428571428571,0.114285714285714,25,31,"RNCMPT00108,max,GGAGGAC,RBD_v3_165677",1
"RNCMPT00108,max,GGAGGAC,RBD_v3_230077",1,1,0.04950495049505,0.00990099009901,0.099009900990099,0.054455445544554,0.034653465346535,0.163366336633663,0.00990099009901,0.034653465346535,0.03960396039604,0.02970297029703,0.014851485148515,0.02970297029703,0.069306930693069,0.004950495049505,0.123762376237624,0.04950495049505,0.02970297029703,0.084158415841584,0.004950495049505,0.064356435643564,0.342105263157895,0.157894736842105,0.31578947368421,0.184210526315789,21,27,"RNCMPT00108,max,GGAGGAC,RBD_v3_230077",1
"RNCMPT00108,min,AGUCUUC,RBD_v3_074128",1,0,0.04950495049505,0.00990099009901,0.099009900990099,0.054455445544554,0.034653465346535,0.163366336633663,0.00990099009901,0.034653465346535,0.03960396039604,0.02970297029703,0.014851485148515,0.02970297029703,0.069306930693069,0.004950495049505,0.123762376237624,0.04950495049505,0.02970297029703,0.084158415841584,0.004950495049505,0.064356435643564,0.210526315789474,0.263157894736842,0.210526315789474,0.31578947368421,9,15,"RNCMPT00108,min,AGUCUUC,RBD_v3_074128",1
"RNCMPT00108,min,UCGUCCU,RBD_v3_075485",1,0,0.04950495049505,0.00990099009901,0.099009900990099,0.054455445544554,0.034653465346535,0.163366336633663,0.00990099009901,0.034653465346535,0.03960396039604,0.02970297029703,0.014851485148515,0.02970297029703,0.069306930693069,0.004950495049505,0.123762376237624,0.04950495049505,0.02970297029703,0.084158415841584,0.004950495049505,0.064356435643564,0.289473684210526,0.289473684210526,0.210526315789474,0.210526315789474,20,26,"RNCMPT00108,min,UCGUCCU,RBD_v3_075485",1
"RNCMPT00108,min,UCGUCCU,RBD_v3_076540",1,0,0.04950495049505,0.00990099009901,0.099009900990099,0.054455445544554,0.034653465346535,0.163366336633663,0.00990099009901,0.034653465346535,0.03960396039604,0.02970297029703,0.014851485148515,0.02970297029703,0.069306930693069,0.004950495049505,0.123762376237624,0.04950495049505,0.02970297029703,0.084158415841584,0.004950495049505,0.064356435643564,0.210526315789474,0.263157894736842,0.210526315789474,0.31578947368421,17,23,"RNCMPT00108,min,UCGUCCU,RBD_v3_076540",1
"RNCMPT00109,max,GGAGGAC,RBD_v3_135507",1,1,0.04950495049505,0.00990099009901,0.099009900990099,0.054455445544554,0.034653465346535,0.163366336633663,0.00990099009901,0.034653465346535,0.03960396039604,0.02970297029703,0.014851485148515,0.02970297029703,0.069306930693069,0.004950495049505,0.123762376237624,0.04950495049505,0.02970297029703,0.084158415841584,0.004950495049505,0.064356435643564,0.3,0.266666666666667,0.333333333333333,0.1,21,27,"RNCMPT00109,max,GGAGGAC,RBD_v3_135507",1
"RNCMPT00109,max,GGAGGAC,RBD_v3_161547",1,1,0.04950495049505,0.00990099009901,0.099009900990099,0.054455445544554,0.034653465346535,0.163366336633663,0.00990099009901,0.034653465346535,0.03960396039604,0.02970297029703,0.014851485148515,0.02970297029703,0.069306930693069,0.004950495049505,0.123762376237624,0.04950495049505,0.02970297029703,0.084158415841584,0.004950495049505,0.064356435643564,0.289473684210526,0.210526315789474,0.368421052631579,0.131578947368421,18,24,"RNCMPT00109,max,GGAGGAC,RBD_v3_161547",1
"RNCMPT00109,max,GGAGGAC,RBD_v3_200157",1,1,0.04950495049505,0.00990099009901,0.099009900990099,0.054455445544554,0.034653465346535,0.163366336633663,0.00990099009901,0.034653465346535,0.03960396039604,0.02970297029703,0.014851485148515,0.02970297029703,0.069306930693069,0.004950495049505,0.123762376237624,0.04950495049505,0.02970297029703,0.084158415841584,0.004950495049505,0.064356435643564,0.368421052631579,0.157894736842105,0.368421052631579,0.105263157894737,27,33,"RNCMPT00109,max,GGAGGAC,RBD_v3_200157",1
"RNCMPT00109,min,UCGUCUU,RBD_v3_093153",1,0,0.04950495049505,0.00990099009901,0.099009900990099,0.054455445544554,0.034653465346535,0.163366336633663,0.00990099009901,0.034653465346535,0.03960396039604,0.02970297029703,0.014851485148515,0.02970297029703,0.069306930693069,0.004950495049505,0.123762376237624,0.04950495049505,0.02970297029703,0.084158415841584,0.004950495049505,0.064356435643564,0.2,0.314285714285714,0.228571428571429,0.257142857142857,9,15,"RNCMPT00109,min,UCGUCUU,RBD_v3_093153",1
"RNCMPT00109,min,UCGUCUU,RBD_v3_132496",1,0,0.04950495049505,0.00990099009901,0.099009900990099,0.054455445544554,0.034653465346535,0.163366336633663,0.00990099009901,0.034653465346535,0.03960396039604,0.02970297029703,0.014851485148515,0.02970297029703,0.069306930693069,0.004950495049505,0.123762376237624,0.04950495049505,0.02970297029703,0.084158415841584,0.004950495049505,0.064356435643564,0.184210526315789,0.236842105263158,0.184210526315789,0.394736842105263,31,37,"RNCMPT00109,min,UCGUCUU,RBD_v3_132496",1
"RNCMPT00109,min,UUUCGUC,RBD_v3_124678",1,0,0.04950495049505,0.00990099009901,0.099009900990099,0.054455445544554,0.034653465346535,0.163366336633663,0.00990099009901,0.034653465346535,0.03960396039604,0.02970297029703,0.014851485148515,0.02970297029703,0.069306930693069,0.004950495049505,0.123762376237624,0.04950495049505,0.02970297029703,0.084158415841584,0.004950495049505,0.064356435643564,0.184210526315789,0.157894736842105,0.31578947368421,0.342105263157895,21,27,"RNCMPT00109,min,UUUCGUC,RBD_v3_124678",1
"RNCMPT00110,max,AAGGACA,RBD_v3_120379",1,1,0.04950495049505,0.00990099009901,0.099009900990099,0.054455445544554,0.034653465346535,0.163366336633663,0.00990099009901,0.034653465346535,0.03960396039604,0.02970297029703,0.014851485148515,0.02970297029703,0.069306930693069,0.004950495049505,0.123762376237624,0.04950495049505,0.02970297029703,0.084158415841584,0.004950495049505,0.064356435643564,0.31578947368421,0.236842105263158,0.289473684210526,0.157894736842105,14,20,"RNCMPT00110,max,AAGGACA,RBD_v3_120379",1
"RNCMPT00110,max,AGGACAA,RBD_v3_078990",1,1,0.04950495049505,0.00990099009901,0.099009900990099,0.054455445544554,0.034653465346535,0.163366336633663,0.00990099009901,0.034653465346535,0.03960396039604,0.02970297029703,0.014851485148515,0.02970297029703,0.069306930693069,0.004950495049505,0.123762376237624,0.04950495049505,0.02970297029703,0.084158415841584,0.004950495049505,0.064356435643564,0.342105263157895,0.236842105263158,0.289473684210526,0.131578947368421,1,7,"RNCMPT00110,max,AGGACAA,RBD_v3_078990",1
"RNCMPT00110,max,AGGAGCA,RBD_v3_190838",1,1,0.04950495049505,0.00990099009901,0.099009900990099,0.054455445544554,0.034653465346535,0.163366336633663,0.00990099009901,0.034653465346535,0.03960396039604,0.02970297029703,0.014851485148515,0.02970297029703,0.069306930693069,0.004950495049505,0.123762376237624,0.04950495049505,0.02970297029703,0.084158415841584,0.004950495049505,0.064356435643564,0.447368421052632,0.157894736842105,0.263157894736842,0.131578947368421,9,15,"RNCMPT00110,max,AGGAGCA,RBD_v3_190838",1
"RNCMPT00110,min,GUCCGGG,RBD_v3_138814",1,0,0.04950495049505,0.00990099009901,0.099009900990099,0.054455445544554,0.034653465346535,0.163366336633663,0.00990099009901,0.034653465346535,0.03960396039604,0.02970297029703,0.014851485148515,0.02970297029703,0.069306930693069,0.004950495049505,0.123762376237624,0.04950495049505,0.02970297029703,0.084158415841584,0.004950495049505,0.064356435643564,0.342105263157895,0.263157894736842,0.210526315789474,0.184210526315789,8,14,"RNCMPT00110,min,GUCCGGG,RBD_v3_138814",1
"RNCMPT00110,min,GUCCGGG,RBD_v3_216042",1,0,0.04950495049505,0.00990099009901,0.099009900990099,0.054455445544554,0.034653465346535,0.163366336633663,0.00990099009901,0.034653465346535,0.03960396039604,0.02970297029703,0.014851485148515,0.02970297029703,0.069306930693069,0.004950495049505,0.123762376237624,0.04950495049505,0.02970297029703,0.084158415841584,0.004950495049505,0.064356435643564,0.368421052631579,0.184210526315789,0.236842105263158,0.210526315789474,6,12,"RNCMPT00110,min,GUCCGGG,RBD_v3_216042",1
"RNCMPT00110,min,GUGCGGU,RBD_v3_221863",1,0,0.04950495049505,0.00990099009901,0.099009900990099,0.054455445544554,0.034653465346535,0.163366336633663,0.00990099009901,0.034653465346535,0.03960396039604,0.02970297029703,0.014851485148515,0.02970297029703,0.069306930693069,0.004950495049505,0.123762376237624,0.04950495049505,0.02970297029703,0.084158415841584,0.004950495049505,0.064356435643564,0.2,0.257142857142857,0.228571428571429,0.314285714285714,5,11,"RNCMPT00110,min,GUGCGGU,RBD_v3_221863",1
"RNCMPT00163,max,GGAGGAG,RBD_v3_065928",1,1,0.040322580645161,0.008064516129032,0.080645161290323,0.044354838709677,0.028225806451613,0.141129032258065,0.012096774193548,0.028225806451613,0.032258064516129,0.024193548387097,0.012096774193548,0.028225806451613,0.068548387096774,0.004032258064516,0.173387096774194,0.112903225806452,0.028225806451613,0.068548387096774,0.004032258064516,0.060483870967742,0.31578947368421,0.131578947368421,0.394736842105263,0.157894736842105,17,23,"RNCMPT00163,max,GGAGGAG,RBD_v3_065928",1
"RNCMPT00163,max,GGAGGAG,RBD_v3_081043",1,1,0.040322580645161,0.008064516129032,0.080645161290323,0.044354838709677,0.028225806451613,0.141129032258065,0.012096774193548,0.028225806451613,0.032258064516129,0.024193548387097,0.012096774193548,0.028225806451613,0.068548387096774,0.004032258064516,0.173387096774194,0.112903225806452,0.028225806451613,0.068548387096774,0.004032258064516,0.060483870967742,0.289473684210526,0.236842105263158,0.342105263157895,0.131578947368421,21,27,"RNCMPT00163,max,GGAGGAG,RBD_v3_081043",1
"RNCMPT00163,max,GGAGGAG,RBD_v3_125347",1,1,0.040322580645161,0.008064516129032,0.080645161290323,0.044354838709677,0.028225806451613,0.141129032258065,0.012096774193548,0.028225806451613,0.032258064516129,0.024193548387097,0.012096774193548,0.028225806451613,0.068548387096774,0.004032258064516,0.173387096774194,0.112903225806452,0.028225806451613,0.068548387096774,0.004032258064516,0.060483870967742,0.342105263157895,0.210526315789474,0.289473684210526,0.157894736842105,16,22,"RNCMPT00163,max,GGAGGAG,RBD_v3_125347",1
"RNCMPT00163,min,CACCCUU,RBD_v3_109032",1,0,0.040322580645161,0.008064516129032,0.080645161290323,0.044354838709677,0.028225806451613,0.141129032258065,0.012096774193548,0.028225806451613,0.032258064516129,0.024193548387097,0.012096774193548,0.028225806451613,0.068548387096774,0.004032258064516,0.173387096774194,0.112903225806452,0.028225806451613,0.068548387096774,0.004032258064516,0.060483870967742,0.263157894736842,0.289473684210526,0.157894736842105,0.289473684210526,15,21,"RNCMPT00163,min,CACCCUU,RBD_v3_109032",1
"RNCMPT00163,min,CCUUCCU,RBD_v3_219389",1,0,0.040322580645161,0.008064516129032,0.080645161290323,0.044354838709677,0.028225806451613,0.141129032258065,0.012096774193548,0.028225806451613,0.032258064516129,0.024193548387097,0.012096774193548,0.028225806451613,0.068548387096774,0.004032258064516,0.173387096774194,0.112903225806452,0.028225806451613,0.068548387096774,0.004032258064516,0.060483870967742,0.184210526315789,0.342105263157895,0.184210526315789,0.289473684210526,30,36,"RNCMPT00163,min,CCUUCCU,RBD_v3_219389",1
"RNCMPT00163,min,CCUUGCU,RBD_v3_083117",1,0,0.040322580645161,0.008064516129032,0.080645161290323,0.044354838709677,0.028225806451613,0.141129032258065,0.012096774193548,0.028225806451613,0.032258064516129,0.024193548387097,0.012096774193548,0.028225806451613,0.068548387096774,0.004032258064516,0.173387096774194,0.112903225806452,0.028225806451613,0.068548387096774,0.004032258064516,0.060483870967742,0.2,0.233333333333333,0.266666666666667,0.3,18,24,"RNCMPT00163,min,CCUUGCU,RBD_v3_083117",0
