Id,rbp_name,interaction,aa_A,aa_C,aa_D,aa_E,aa_F,aa_G,aa_H,aa_I,aa_K,aa_L,aa_M,aa_N,aa_P,aa_Q,aa_R,aa_S,aa_T,aa_V,aa_W,aa_Y,nt_A,nt_C,nt_G,nt_U,7mer_start,7mer_end,dataset_id2,RPIEmbeddor_pred
"RNCMPT00241,min,GUCGUCU,RBD_v3_105738",124,0,0.0609243697478991,0.0147058823529411,0.0546218487394958,0.0714285714285714,0.0525210084033613,0.0714285714285714,0.0168067226890756,0.0462184873949579,0.0672268907563025,0.0693277310924369,0.01890756302521,0.0336134453781512,0.0567226890756302,0.0525210084033613,0.0609243697478991,0.0903361344537815,0.0357142857142857,0.0840336134453781,0.0042016806722689,0.0378151260504201,0.2368421052631578,0.2105263157894736,0.2368421052631578,0.3157894736842105,15,21,"RNCMPT00241,min,GUCGUCU,RBD_v3_105738",1
"RNCMPT00269,max,AACUUUC,RBD_v3_079823",104,1,0.0981132075471698,0.0056603773584905,0.0471698113207547,0.0320754716981132,0.0452830188679245,0.0716981132075471,0.0283018867924528,0.0528301886792452,0.0622641509433962,0.1,0.0226415094339622,0.0698113207547169,0.0528301886792452,0.0547169811320754,0.0339622641509433,0.0886792452830188,0.0433962264150943,0.0716981132075471,0.0,0.0188679245283018,0.2631578947368421,0.2368421052631578,0.1842105263157894,0.3157894736842105,21,27,"RNCMPT00269,max,AACUUUC,RBD_v3_079823",1
"RNCMPT00085,max,CGCAGCG,RBD_v3_078674",196,1,0.1013824884792626,0.0276497695852534,0.0437788018433179,0.0599078341013824,0.0299539170506912,0.1013824884792626,0.0276497695852534,0.0276497695852534,0.0391705069124423,0.0691244239631336,0.0230414746543778,0.032258064516129,0.1059907834101382,0.0414746543778801,0.0668202764976958,0.0714285714285714,0.0576036866359447,0.0552995391705069,0.0,0.0184331797235023,0.2,0.3142857142857143,0.2857142857142857,0.2,28,34,"RNCMPT00085,max,CGCAGCG,RBD_v3_078674",1
"RNCMPT00181,max,AUGCACA,RBD_v3_057008",73,1,0.157051282051282,0.0128205128205128,0.0352564102564102,0.0352564102564102,0.0448717948717948,0.0512820512820512,0.0224358974358974,0.0096153846153846,0.0416666666666666,0.1185897435897435,0.032051282051282,0.0448717948717948,0.0608974358974358,0.0897435897435897,0.0448717948717948,0.0929487179487179,0.0384615384615384,0.048076923076923,0.0,0.0192307692307692,0.3421052631578947,0.2631578947368421,0.2894736842105263,0.1052631578947368,3,9,"RNCMPT00181,max,AUGCACA,RBD_v3_057008",1
"RNCMPT00145,min,GGGGGUG,RBD_v3_027985",153,0,0.074074074074074,0.0,0.0324074074074074,0.074074074074074,0.0694444444444444,0.037037037037037,0.0092592592592592,0.0694444444444444,0.1342592592592592,0.074074074074074,0.0416666666666666,0.0648148148148148,0.074074074074074,0.0555555555555555,0.0231481481481481,0.0555555555555555,0.0601851851851851,0.0324074074074074,0.0,0.0185185185185185,0.2894736842105263,0.1578947368421052,0.3157894736842105,0.2368421052631578,18,24,"RNCMPT00145,min,GGGGGUG,RBD_v3_027985",0
"RNCMPT00024,min,CCCCGCU,RBD_v3_116028",42,0,0.0472103004291845,0.0042918454935622,0.0600858369098712,0.0944206008583691,0.0643776824034334,0.1287553648068669,0.0300429184549356,0.03862660944206,0.0772532188841201,0.0429184549356223,0.0214592274678111,0.0257510729613733,0.0343347639484978,0.0300429184549356,0.0858369098712446,0.0686695278969957,0.0515021459227467,0.0686695278969957,0.0042918454935622,0.0214592274678111,0.2368421052631578,0.2894736842105263,0.2368421052631578,0.2368421052631578,10,16,"RNCMPT00024,min,CCCCGCU,RBD_v3_116028",1
"RNCMPT00151,max,AACUAAG,RBD_v3_148644",123,1,0.054054054054054,0.0135135135135135,0.0878378378378378,0.0608108108108108,0.0472972972972973,0.081081081081081,0.0,0.0337837837837837,0.1486486486486486,0.0878378378378378,0.027027027027027,0.027027027027027,0.054054054054054,0.0067567567567567,0.0945945945945946,0.0608108108108108,0.0202702702702702,0.054054054054054,0.0202702702702702,0.0202702702702702,0.3421052631578947,0.1578947368421052,0.2894736842105263,0.2105263157894736,19,25,"RNCMPT00151,max,AACUAAG,RBD_v3_148644",1
"RNCMPT00164,min,AGGGGGA,RBD_v3_175568",199,0,0.0851063829787234,0.0186170212765957,0.0425531914893617,0.0957446808510638,0.0186170212765957,0.0452127659574468,0.0079787234042553,0.0611702127659574,0.1462765957446808,0.0718085106382978,0.0212765957446808,0.0558510638297872,0.0345744680851063,0.0186170212765957,0.0186170212765957,0.0957446808510638,0.0611702127659574,0.0797872340425532,0.0,0.0212765957446808,0.3666666666666666,0.1666666666666666,0.3333333333333333,0.1333333333333333,11,17,"RNCMPT00164,min,AGGGGGA,RBD_v3_175568",1
"RNCMPT00139,max,AGAAAAA,RBD_v3_237834",87,1,0.0833333333333333,0.0098039215686274,0.0588235294117647,0.0735294117647058,0.0637254901960784,0.0759803921568627,0.0098039215686274,0.0367647058823529,0.0906862745098039,0.0686274509803921,0.0269607843137254,0.0539215686274509,0.0294117647058823,0.0367647058823529,0.0612745098039215,0.0637254901960784,0.0441176470588235,0.0735294117647058,0.0024509803921568,0.0367647058823529,0.5666666666666667,0.1666666666666666,0.2333333333333333,0.0333333333333333,24,30,"RNCMPT00139,max,AGAAAAA,RBD_v3_237834",1
"RNCMPT00093,max,UAGGAUA,RBD_v3_203452",52,1,0.0522565320665083,0.009501187648456,0.0356294536817102,0.0451306413301662,0.0285035629453681,0.171021377672209,0.014251781472684,0.0190023752969121,0.0403800475059382,0.0308788598574821,0.0308788598574821,0.0712589073634204,0.0878859857482185,0.0570071258907363,0.0356294536817102,0.0878859857482185,0.0617577197149643,0.0427553444180522,0.0190023752969121,0.0593824228028503,0.3157894736842105,0.1052631578947368,0.3947368421052631,0.1842105263157894,13,19,"RNCMPT00093,max,UAGGAUA,RBD_v3_203452",1
"RNCMPT00005,min,AGUGAGA,RBD_v3_229715",172,0,0.0763636363636363,0.0109090909090909,0.0436363636363636,0.0618181818181818,0.0509090909090909,0.0436363636363636,0.0181818181818181,0.0509090909090909,0.0654545454545454,0.069090909090909,0.0327272727272727,0.0654545454545454,0.0472727272727272,0.0509090909090909,0.0472727272727272,0.0909090909090909,0.0727272727272727,0.0618181818181818,0.0145454545454545,0.0254545454545454,0.2666666666666666,0.2333333333333333,0.4,0.1,21,27,"RNCMPT00005,min,AGUGAGA,RBD_v3_229715",1
"RNCMPT00255,max,AAAACAA,RBD_v3_020726",68,1,0.0855745721271393,0.0097799511002444,0.0586797066014669,0.0782396088019559,0.0488997555012225,0.0782396088019559,0.0073349633251833,0.0268948655256723,0.0635696821515892,0.0709046454767726,0.0317848410757946,0.0342298288508557,0.0415647921760391,0.0586797066014669,0.0904645476772616,0.0684596577017114,0.0342298288508557,0.0733496332518337,0.0024449877750611,0.0366748166259168,0.3947368421052631,0.1578947368421052,0.2105263157894736,0.2368421052631578,23,29,"RNCMPT00255,max,AAAACAA,RBD_v3_020726",1
"RNCMPT00011,min,GAGUCGU,RBD_v3_210666",93,0,0.0798611111111111,0.0104166666666666,0.0520833333333333,0.078125,0.0243055555555555,0.0538194444444444,0.0173611111111111,0.0625,0.0659722222222222,0.0850694444444444,0.0243055555555555,0.0520833333333333,0.0555555555555555,0.046875,0.0520833333333333,0.0868055555555555,0.0572916666666666,0.0625,0.0069444444444444,0.0260416666666666,0.3421052631578947,0.2105263157894736,0.3157894736842105,0.131578947368421,21,27,"RNCMPT00011,min,GAGUCGU,RBD_v3_210666",0
"RNCMPT00137,min,GGGUUUU,RBD_v3_026137",78,0,0.0833333333333333,0.0208333333333333,0.03125,0.0625,0.0,0.1041666666666666,0.0104166666666666,0.1354166666666666,0.0208333333333333,0.0520833333333333,0.0416666666666666,0.0729166666666666,0.0416666666666666,0.0729166666666666,0.0729166666666666,0.0729166666666666,0.0729166666666666,0.0208333333333333,0.0,0.0104166666666666,0.2,0.1666666666666666,0.3333333333333333,0.3,7,13,"RNCMPT00137,min,GGGUUUU,RBD_v3_026137",0
"RNCMPT00265,max,AACCUAA,RBD_v3_091053",5,1,0.0767123287671232,0.0054794520547945,0.0520547945205479,0.0767123287671232,0.0054794520547945,0.1178082191780822,0.0191780821917808,0.0794520547945205,0.0465753424657534,0.0630136986301369,0.0301369863013698,0.0465753424657534,0.0383561643835616,0.0438356164383561,0.0602739726027397,0.0712328767123287,0.073972602739726,0.0630136986301369,0.0054794520547945,0.0246575342465753,0.3157894736842105,0.2894736842105263,0.1842105263157894,0.2105263157894736,25,31,"RNCMPT00265,max,AACCUAA,RBD_v3_091053",0
"RNCMPT00031,max,UAUGUAA,RBD_v3_176750",56,1,0.0360824742268041,0.0103092783505154,0.0979381443298969,0.0670103092783505,0.0670103092783505,0.0927835051546391,0.0103092783505154,0.0618556701030927,0.1030927835051546,0.0412371134020618,0.0206185567010309,0.0360824742268041,0.0360824742268041,0.0515463917525773,0.0618556701030927,0.0618556701030927,0.0618556701030927,0.056701030927835,0.0103092783505154,0.0154639175257731,0.2631578947368421,0.1578947368421052,0.2631578947368421,0.3157894736842105,4,10,"RNCMPT00031,max,UAUGUAA,RBD_v3_176750",1
"RNCMPT00069,max,ACACACA,RBD_v3_003309",152,1,0.073394495412844,0.0160550458715596,0.0435779816513761,0.0504587155963302,0.0504587155963302,0.0665137614678899,0.0298165137614678,0.0619266055045871,0.0688073394495412,0.0756880733944954,0.0275229357798165,0.0756880733944954,0.0779816513761468,0.0412844036697247,0.0344036697247706,0.055045871559633,0.0619266055045871,0.0596330275229357,0.0068807339449541,0.0229357798165137,0.3421052631578947,0.2894736842105263,0.1842105263157894,0.1842105263157894,27,33,"RNCMPT00069,max,ACACACA,RBD_v3_003309",0
"RNCMPT00108,min,AGUCUUC,RBD_v3_074128",158,0,0.0495049504950495,0.0099009900990099,0.099009900990099,0.0544554455445544,0.0346534653465346,0.1633663366336633,0.0099009900990099,0.0346534653465346,0.0396039603960396,0.0297029702970297,0.0148514851485148,0.0297029702970297,0.0693069306930693,0.0049504950495049,0.1237623762376237,0.0495049504950495,0.0297029702970297,0.0841584158415841,0.0049504950495049,0.0643564356435643,0.2105263157894736,0.2631578947368421,0.2105263157894736,0.3157894736842105,9,15,"RNCMPT00108,min,AGUCUUC,RBD_v3_074128",1
"RNCMPT00217,max,ACUGUUG,RBD_v3_179778",176,1,0.0751295336787564,0.0129533678756476,0.0569948186528497,0.082901554404145,0.0518134715025906,0.0932642487046632,0.0310880829015544,0.0414507772020725,0.0207253886010362,0.0569948186528497,0.0233160621761658,0.0518134715025906,0.0647668393782383,0.0362694300518134,0.0984455958549222,0.0595854922279792,0.0492227979274611,0.0621761658031088,0.005181347150259,0.0259067357512953,0.2105263157894736,0.2368421052631578,0.2105263157894736,0.3421052631578947,21,27,"RNCMPT00217,max,ACUGUUG,RBD_v3_179778",1
"RNCMPT00020,max,GGACAGG,RBD_v3_149215",38,1,0.0646551724137931,0.0086206896551724,0.0344827586206896,0.1034482758620689,0.0344827586206896,0.0948275862068965,0.0172413793103448,0.0517241379310344,0.0517241379310344,0.0991379310344827,0.0172413793103448,0.0344827586206896,0.0344827586206896,0.0560344827586206,0.0818965517241379,0.0646551724137931,0.0560344827586206,0.0732758620689655,0.0,0.021551724137931,0.3421052631578947,0.2631578947368421,0.2894736842105263,0.1052631578947368,2,8,"RNCMPT00020,max,GGACAGG,RBD_v3_149215",1
"RNCMPT00159,max,UUUUUUU,RBD_v3_152636",115,1,0.088235294117647,0.0073529411764705,0.0735294117647058,0.0294117647058823,0.0441176470588235,0.0808823529411764,0.0147058823529411,0.0441176470588235,0.0735294117647058,0.0735294117647058,0.0147058823529411,0.0661764705882353,0.0367647058823529,0.0220588235294117,0.0808823529411764,0.0808823529411764,0.0294117647058823,0.0661764705882353,0.0,0.0735294117647058,0.2105263157894736,0.1842105263157894,0.2368421052631578,0.3684210526315789,30,36,"RNCMPT00159,max,UUUUUUU,RBD_v3_152636",0
"RNCMPT00285,min,AGGCACA,RBD_v3_189773",141,0,0.0839694656488549,0.0076335877862595,0.0534351145038167,0.0305343511450381,0.0610687022900763,0.0839694656488549,0.0305343511450381,0.0687022900763358,0.0534351145038167,0.0305343511450381,0.0229007633587786,0.0229007633587786,0.0839694656488549,0.0534351145038167,0.0610687022900763,0.0381679389312977,0.0839694656488549,0.0687022900763358,0.0,0.0610687022900763,0.3157894736842105,0.2105263157894736,0.2894736842105263,0.1842105263157894,1,7,"RNCMPT00285,min,AGGCACA,RBD_v3_189773",1
"RNCMPT00074,min,ACUGUUU,RBD_v3_002893",162,0,0.0316742081447963,0.0090497737556561,0.085972850678733,0.0723981900452488,0.0407239819004524,0.1266968325791855,0.0180995475113122,0.0226244343891402,0.0361990950226244,0.0542986425339366,0.0180995475113122,0.0180995475113122,0.0633484162895927,0.0180995475113122,0.1357466063348416,0.0769230769230769,0.0271493212669683,0.0542986425339366,0.0135746606334841,0.0769230769230769,0.2,0.2285714285714285,0.1428571428571428,0.4285714285714285,3,9,"RNCMPT00074,min,ACUGUUU,RBD_v3_002893",0
"RNCMPT00132,max,UUUAGUU,RBD_v3_122545",134,1,0.1070496083550913,0.010443864229765,0.031331592689295,0.04177545691906,0.0391644908616188,0.0704960835509138,0.0052219321148825,0.0600522193211488,0.0548302872062663,0.0678851174934725,0.0130548302872062,0.1357702349869451,0.04177545691906,0.0443864229765013,0.0365535248041775,0.0835509138381201,0.0678851174934725,0.0548302872062663,0.0052219321148825,0.0287206266318537,0.1842105263157894,0.2368421052631578,0.2105263157894736,0.3684210526315789,5,11,"RNCMPT00132,max,UUUAGUU,RBD_v3_122545",1
"RNCMPT00160,max,GGAGGGA,RBD_v3_202924",46,1,0.0637254901960784,0.0122549019607843,0.0539215686274509,0.0735294117647058,0.0588235294117647,0.1348039215686274,0.0294117647058823,0.0318627450980392,0.0392156862745098,0.0490196078431372,0.0416666666666666,0.0367647058823529,0.0392156862745098,0.0245098039215686,0.0759803921568627,0.0808823529411764,0.0416666666666666,0.0563725490196078,0.0049019607843137,0.0514705882352941,0.2368421052631578,0.131578947368421,0.4210526315789473,0.2105263157894736,25,31,"RNCMPT00160,max,GGAGGGA,RBD_v3_202924",0
"RNCMPT00120,max,UUAUGUU,RBD_v3_080006",34,1,0.0926966292134831,0.0112359550561797,0.0308988764044943,0.047752808988764,0.0365168539325842,0.0842696629213483,0.0,0.0505617977528089,0.0561797752808988,0.1011235955056179,0.0196629213483146,0.0786516853932584,0.047752808988764,0.0449438202247191,0.0449438202247191,0.0870786516853932,0.0617977528089887,0.0674157303370786,0.0056179775280898,0.0308988764044943,0.1333333333333333,0.1333333333333333,0.3333333333333333,0.4,21,27,"RNCMPT00120,max,UUAUGUU,RBD_v3_080006",1
"RNCMPT00175,max,UAUAUUA,RBD_v3_106267",151,1,0.1265060240963855,0.0080321285140562,0.0341365461847389,0.0261044176706827,0.0200803212851405,0.0803212851405622,0.0080321285140562,0.038152610441767,0.0401606425702811,0.0461847389558232,0.036144578313253,0.0502008032128514,0.0943775100401606,0.0843373493975903,0.0261044176706827,0.07429718875502,0.0923694779116465,0.0542168674698795,0.0080321285140562,0.0522088353413654,0.3333333333333333,0.1333333333333333,0.3,0.2333333333333333,9,15,"RNCMPT00175,max,UAUAUUA,RBD_v3_106267",0
"RNCMPT00127,max,AUCAACG,RBD_v3_002221",133,1,0.078125,0.0234375,0.046875,0.0625,0.03125,0.2890625,0.0,0.015625,0.0234375,0.03125,0.015625,0.03125,0.03125,0.0,0.1328125,0.0703125,0.0234375,0.046875,0.015625,0.03125,0.2631578947368421,0.3157894736842105,0.1578947368421052,0.2631578947368421,3,9,"RNCMPT00127,max,AUCAACG,RBD_v3_002221",1
"RNCMPT00008,max,ACACAUA,RBD_v3_159752",22,1,0.0621468926553672,0.0169491525423728,0.0451977401129943,0.0621468926553672,0.0338983050847457,0.0564971751412429,0.03954802259887,0.0508474576271186,0.1016949152542373,0.0677966101694915,0.0282485875706214,0.0564971751412429,0.0508474576271186,0.0677966101694915,0.0451977401129943,0.0564971751412429,0.0451977401129943,0.0677966101694915,0.0,0.0451977401129943,0.3157894736842105,0.1578947368421052,0.2894736842105263,0.2368421052631578,18,24,"RNCMPT00008,max,ACACAUA,RBD_v3_159752",1
"RNCMPT00010,min,GGGGGGG,RBD_v3_098031",19,0,0.0526315789473684,0.0121457489878542,0.0404858299595141,0.0647773279352226,0.0404858299595141,0.068825910931174,0.020242914979757,0.0323886639676113,0.0809716599190283,0.068825910931174,0.0323886639676113,0.0404858299595141,0.0566801619433198,0.020242914979757,0.1012145748987854,0.0931174089068826,0.0526315789473684,0.0647773279352226,0.0040485829959514,0.0526315789473684,0.2631578947368421,0.0526315789473684,0.5263157894736842,0.1578947368421052,14,20,"RNCMPT00010,min,GGGGGGG,RBD_v3_098031",0
"RNCMPT00063,min,GAGUCGU,RBD_v3_239744",146,0,0.0559006211180124,0.0186335403726708,0.031055900621118,0.0683229813664596,0.0062111801242236,0.0496894409937888,0.0248447204968944,0.0745341614906832,0.062111801242236,0.0993788819875776,0.031055900621118,0.0559006211180124,0.0434782608695652,0.0559006211180124,0.0559006211180124,0.1180124223602484,0.0745341614906832,0.031055900621118,0.0186335403726708,0.0248447204968944,0.2285714285714285,0.3142857142857143,0.1714285714285714,0.2857142857142857,11,17,"RNCMPT00063,min,GAGUCGU,RBD_v3_239744",0
"RNCMPT00069,min,AGAGUCG,RBD_v3_160610",152,0,0.073394495412844,0.0160550458715596,0.0435779816513761,0.0504587155963302,0.0504587155963302,0.0665137614678899,0.0298165137614678,0.0619266055045871,0.0688073394495412,0.0756880733944954,0.0275229357798165,0.0756880733944954,0.0779816513761468,0.0412844036697247,0.0344036697247706,0.055045871559633,0.0619266055045871,0.0596330275229357,0.0068807339449541,0.0229357798165137,0.1578947368421052,0.3684210526315789,0.2894736842105263,0.1842105263157894,1,7,"RNCMPT00069,min,AGAGUCG,RBD_v3_160610",1
"RNCMPT00073,min,UUUGUCC,RBD_v3_110550",161,0,0.064516129032258,0.032258064516129,0.064516129032258,0.0725806451612903,0.0483870967741935,0.1290322580645161,0.0161290322580645,0.0161290322580645,0.032258064516129,0.0403225806451612,0.0161290322580645,0.0241935483870967,0.0725806451612903,0.0,0.1451612903225806,0.0483870967741935,0.032258064516129,0.064516129032258,0.0080645161290322,0.0725806451612903,0.2631578947368421,0.2368421052631578,0.2631578947368421,0.2368421052631578,11,17,"RNCMPT00073,min,UUUGUCC,RBD_v3_110550",1
"RNCMPT00085,min,AGCCCGU,RBD_v3_226734",196,0,0.1013824884792626,0.0276497695852534,0.0437788018433179,0.0599078341013824,0.0299539170506912,0.1013824884792626,0.0276497695852534,0.0276497695852534,0.0391705069124423,0.0691244239631336,0.0230414746543778,0.032258064516129,0.1059907834101382,0.0414746543778801,0.0668202764976958,0.0714285714285714,0.0576036866359447,0.0552995391705069,0.0,0.0184331797235023,0.3157894736842105,0.2894736842105263,0.2105263157894736,0.1842105263157894,17,23,"RNCMPT00085,min,AGCCCGU,RBD_v3_226734",1
"RNCMPT00072,min,GGGGGGC,RBD_v3_223282",160,0,0.05,0.0,0.1,0.0416666666666666,0.0333333333333333,0.1166666666666666,0.025,0.0083333333333333,0.0333333333333333,0.0416666666666666,0.0416666666666666,0.0083333333333333,0.0833333333333333,0.0083333333333333,0.175,0.0583333333333333,0.0416666666666666,0.0666666666666666,0.0,0.0666666666666666,0.3333333333333333,0.1333333333333333,0.4333333333333333,0.1,15,21,"RNCMPT00072,min,GGGGGGC,RBD_v3_223282",1
"RNCMPT00102,min,AGGGGGG,RBD_v3_166168",106,0,0.0562130177514792,0.0236686390532544,0.0414201183431952,0.0710059171597633,0.0355029585798816,0.0502958579881656,0.0502958579881656,0.0621301775147929,0.0710059171597633,0.0917159763313609,0.029585798816568,0.044378698224852,0.0236686390532544,0.0917159763313609,0.044378698224852,0.0414201183431952,0.0473372781065088,0.0828402366863905,0.0,0.0414201183431952,0.0769230769230769,0.1282051282051282,0.4102564102564102,0.3846153846153846,1,7,"RNCMPT00102,min,AGGGGGG,RBD_v3_166168",1
"RNCMPT00047,max,ACUAACA,RBD_v3_101765",113,1,0.0967741935483871,0.0058651026392961,0.0410557184750733,0.0791788856304985,0.0146627565982404,0.0615835777126099,0.0175953079178885,0.0557184750733137,0.0703812316715542,0.0967741935483871,0.0381231671554252,0.0410557184750733,0.0967741935483871,0.032258064516129,0.0586510263929618,0.032258064516129,0.064516129032258,0.0615835777126099,0.002932551319648,0.032258064516129,0.3684210526315789,0.3157894736842105,0.1052631578947368,0.2105263157894736,19,25,"RNCMPT00047,max,ACUAACA,RBD_v3_101765",1
"RNCMPT00061,min,UGUUUGU,RBD_v3_217904",140,0,0.0314960629921259,0.0078740157480314,0.0708661417322834,0.0551181102362204,0.0551181102362204,0.1889763779527559,0.0157480314960629,0.0314960629921259,0.0551181102362204,0.0551181102362204,0.0236220472440944,0.0314960629921259,0.0314960629921259,0.0314960629921259,0.1102362204724409,0.1023622047244094,0.0314960629921259,0.0472440944881889,0.0078740157480314,0.0157480314960629,0.3157894736842105,0.2105263157894736,0.2105263157894736,0.2631578947368421,15,21,"RNCMPT00061,min,UGUUUGU,RBD_v3_217904",0
"RNCMPT00200,max,GUUACAU,RBD_v3_029622",99,1,0.0615384615384615,0.0065934065934065,0.0351648351648351,0.0769230769230769,0.0505494505494505,0.0615384615384615,0.0131868131868131,0.0571428571428571,0.0813186813186813,0.0615384615384615,0.0263736263736263,0.0967032967032967,0.0725274725274725,0.0593406593406593,0.0263736263736263,0.0813186813186813,0.0395604395604395,0.0527472527472527,0.0065934065934065,0.0329670329670329,0.2105263157894736,0.1578947368421052,0.2894736842105263,0.3421052631578947,10,16,"RNCMPT00200,max,GUUACAU,RBD_v3_029622",1
"RNCMPT00263,min,AGACCCU,RBD_v3_032104",86,0,0.0809523809523809,0.0047619047619047,0.0952380952380952,0.0904761904761904,0.0476190476190476,0.1095238095238095,0.0047619047619047,0.0095238095238095,0.0142857142857142,0.0571428571428571,0.0333333333333333,0.0428571428571428,0.0095238095238095,0.0476190476190476,0.119047619047619,0.0761904761904762,0.0380952380952381,0.0952380952380952,0.0095238095238095,0.0142857142857142,0.1842105263157894,0.2894736842105263,0.2631578947368421,0.2631578947368421,1,7,"RNCMPT00263,min,AGACCCU,RBD_v3_032104",0
"RNCMPT00149,min,UUUUCGU,RBD_v3_171480",29,0,0.0496894409937888,0.0372670807453416,0.0496894409937888,0.0993788819875776,0.0496894409937888,0.0559006211180124,0.0248447204968944,0.0559006211180124,0.0683229813664596,0.062111801242236,0.0186335403726708,0.0248447204968944,0.0993788819875776,0.031055900621118,0.0993788819875776,0.0496894409937888,0.0434782608695652,0.0559006211180124,0.0062111801242236,0.0186335403726708,0.2857142857142857,0.1714285714285714,0.2857142857142857,0.2571428571428571,21,27,"RNCMPT00149,min,UUUUCGU,RBD_v3_171480",1
"RNCMPT00112,min,AGAGUCG,RBD_v3_002256",57,0,0.0707692307692307,0.0092307692307692,0.0492307692307692,0.0461538461538461,0.0553846153846153,0.0892307692307692,0.0246153846153846,0.0584615384615384,0.0523076923076923,0.0676923076923076,0.0307692307692307,0.0707692307692307,0.0369230769230769,0.0369230769230769,0.0615384615384615,0.0861538461538461,0.0492307692307692,0.0676923076923076,0.0061538461538461,0.0307692307692307,0.3142857142857143,0.2857142857142857,0.2571428571428571,0.1428571428571428,29,35,"RNCMPT00112,min,AGAGUCG,RBD_v3_002256",0
"RNCMPT00047,min,GGCGGGC,RBD_v3_156207",113,0,0.0967741935483871,0.0058651026392961,0.0410557184750733,0.0791788856304985,0.0146627565982404,0.0615835777126099,0.0175953079178885,0.0557184750733137,0.0703812316715542,0.0967741935483871,0.0381231671554252,0.0410557184750733,0.0967741935483871,0.032258064516129,0.0586510263929618,0.032258064516129,0.064516129032258,0.0615835777126099,0.002932551319648,0.032258064516129,0.2857142857142857,0.2285714285714285,0.2857142857142857,0.2,11,17,"RNCMPT00047,min,GGCGGGC,RBD_v3_156207",1
"RNCMPT00057,max,ACAUAUA,RBD_v3_043957",131,1,0.073170731707317,0.016260162601626,0.040650406504065,0.0447154471544715,0.024390243902439,0.073170731707317,0.016260162601626,0.040650406504065,0.073170731707317,0.0691056910569105,0.024390243902439,0.065040650406504,0.089430894308943,0.0772357723577235,0.032520325203252,0.0853658536585365,0.0609756097560975,0.0365853658536585,0.0040650406504065,0.0528455284552845,0.3947368421052631,0.1578947368421052,0.2368421052631578,0.2105263157894736,3,9,"RNCMPT00057,max,ACAUAUA,RBD_v3_043957",1
"RNCMPT00014,max,CUAAGUU,RBD_v3_016871",32,1,0.1074561403508772,0.0109649122807017,0.0350877192982456,0.0307017543859649,0.0328947368421052,0.0635964912280701,0.0153508771929824,0.0482456140350877,0.0394736842105263,0.1008771929824561,0.0197368421052631,0.0592105263157894,0.0548245614035087,0.0614035087719298,0.0307017543859649,0.0964912280701754,0.0921052631578947,0.0635964912280701,0.0021929824561403,0.0350877192982456,0.2285714285714285,0.2,0.2857142857142857,0.2857142857142857,4,10,"RNCMPT00014,max,CUAAGUU,RBD_v3_016871",0
"RNCMPT00164,max,GUUCGUU,RBD_v3_129456",199,1,0.0851063829787234,0.0186170212765957,0.0425531914893617,0.0957446808510638,0.0186170212765957,0.0452127659574468,0.0079787234042553,0.0611702127659574,0.1462765957446808,0.0718085106382978,0.0212765957446808,0.0558510638297872,0.0345744680851063,0.0186170212765957,0.0186170212765957,0.0957446808510638,0.0611702127659574,0.0797872340425532,0.0,0.0212765957446808,0.0512820512820512,0.1794871794871795,0.3333333333333333,0.4358974358974359,5,11,"RNCMPT00164,max,GUUCGUU,RBD_v3_129456",1
"RNCMPT00047,min,GGCGGGC,RBD_v3_166585",113,0,0.0967741935483871,0.0058651026392961,0.0410557184750733,0.0791788856304985,0.0146627565982404,0.0615835777126099,0.0175953079178885,0.0557184750733137,0.0703812316715542,0.0967741935483871,0.0381231671554252,0.0410557184750733,0.0967741935483871,0.032258064516129,0.0586510263929618,0.032258064516129,0.064516129032258,0.0615835777126099,0.002932551319648,0.032258064516129,0.2333333333333333,0.2,0.3,0.2666666666666666,14,20,"RNCMPT00047,min,GGCGGGC,RBD_v3_166585",1
"RNCMPT00256,max,UUUUUUU,RBD_v3_029559",171,1,0.0589887640449438,0.0028089887640449,0.0646067415730337,0.0533707865168539,0.0505617977528089,0.1292134831460674,0.0196629213483146,0.0365168539325842,0.0561797752808988,0.0393258426966292,0.0196629213483146,0.0702247191011236,0.0308988764044943,0.0561797752808988,0.0505617977528089,0.0786516853932584,0.0646067415730337,0.0589887640449438,0.0112359550561797,0.047752808988764,0.1842105263157894,0.1842105263157894,0.2368421052631578,0.3947368421052631,30,36,"RNCMPT00256,max,UUUUUUU,RBD_v3_029559",1
"RNCMPT00038,min,AGGUGUG,RBD_v3_150384",72,0,0.1492146596858638,0.0366492146596858,0.0235602094240837,0.0340314136125654,0.0287958115183246,0.0418848167539267,0.0261780104712041,0.0366492146596858,0.0418848167539267,0.0680628272251308,0.0418848167539267,0.0523560209424083,0.0916230366492146,0.0654450261780104,0.0445026178010471,0.0523560209424083,0.0785340314136125,0.06282722513089,0.0026178010471204,0.0209424083769633,0.2631578947368421,0.1842105263157894,0.2894736842105263,0.2631578947368421,30,36,"RNCMPT00038,min,AGGUGUG,RBD_v3_150384",1
"RNCMPT00055,min,AGACCCU,RBD_v3_220946",127,0,0.0714285714285714,0.0109890109890109,0.0842490842490842,0.0586080586080586,0.0238095238095238,0.0622710622710622,0.0164835164835164,0.0366300366300366,0.0531135531135531,0.0494505494505494,0.0183150183150183,0.0274725274725274,0.0512820512820512,0.0714285714285714,0.0695970695970696,0.119047619047619,0.0604395604395604,0.0439560439560439,0.0073260073260073,0.0641025641025641,0.3421052631578947,0.3157894736842105,0.1842105263157894,0.1578947368421052,1,7,"RNCMPT00055,min,AGACCCU,RBD_v3_220946",1
"RNCMPT00178,max,ACACACA,RBD_v3_049614",50,1,0.062730627306273,0.0276752767527675,0.040590405904059,0.070110701107011,0.0387453874538745,0.077490774907749,0.025830258302583,0.0387453874538745,0.059040590405904,0.077490774907749,0.022140221402214,0.0498154981549815,0.0535055350553505,0.033210332103321,0.055350553505535,0.088560885608856,0.051660516605166,0.0793357933579335,0.003690036900369,0.044280442804428,0.2631578947368421,0.2631578947368421,0.1842105263157894,0.2894736842105263,12,18,"RNCMPT00178,max,ACACACA,RBD_v3_049614",1
"RNCMPT00288,max,CCAAAUU,RBD_v3_063930",49,1,0.0678466076696165,0.0117994100294985,0.0560471976401179,0.0973451327433628,0.0383480825958702,0.0825958702064896,0.0117994100294985,0.0442477876106194,0.0943952802359882,0.0678466076696165,0.0206489675516224,0.0353982300884955,0.0678466076696165,0.023598820058997,0.0678466076696165,0.0353982300884955,0.0442477876106194,0.0825958702064896,0.0088495575221238,0.0412979351032448,0.3684210526315789,0.2894736842105263,0.1578947368421052,0.1842105263157894,18,24,"RNCMPT00288,max,CCAAAUU,RBD_v3_063930",1
"RNCMPT00012,min,GGGAGUG,RBD_v3_126397",23,0,0.0622710622710622,0.0366300366300366,0.0879120879120879,0.0512820512820512,0.0586080586080586,0.0805860805860805,0.0146520146520146,0.0512820512820512,0.0476190476190476,0.0842490842490842,0.0183150183150183,0.0219780219780219,0.0695970695970696,0.0476190476190476,0.0549450549450549,0.0695970695970696,0.0219780219780219,0.0732600732600732,0.0073260073260073,0.0402930402930402,0.3157894736842105,0.1578947368421052,0.3947368421052631,0.131578947368421,30,36,"RNCMPT00012,min,GGGAGUG,RBD_v3_126397",1
"RNCMPT00003,min,AGAGUCG,RBD_v3_058127",3,0,0.1225165562913907,0.0149006622516556,0.0447019867549668,0.0314569536423841,0.0413907284768211,0.0579470198675496,0.0149006622516556,0.0413907284768211,0.0562913907284768,0.0877483443708609,0.0281456953642384,0.0943708609271523,0.0529801324503311,0.0562913907284768,0.021523178807947,0.0993377483443708,0.0612582781456953,0.0562913907284768,0.0033112582781456,0.0132450331125827,0.1666666666666666,0.3333333333333333,0.3333333333333333,0.1666666666666666,1,7,"RNCMPT00003,min,AGAGUCG,RBD_v3_058127",1
"RNCMPT00224,min,GGGGGGC,RBD_v3_131114",166,0,0.1037735849056603,0.0047169811320754,0.0754716981132075,0.0518867924528301,0.0518867924528301,0.070754716981132,0.0235849056603773,0.0566037735849056,0.0613207547169811,0.080188679245283,0.0283018867924528,0.0566037735849056,0.0754716981132075,0.0377358490566037,0.0330188679245283,0.0566037735849056,0.0377358490566037,0.0518867924528301,0.0047169811320754,0.0377358490566037,0.1666666666666666,0.3,0.3666666666666666,0.1666666666666666,19,25,"RNCMPT00224,min,GGGGGGC,RBD_v3_131114",0
"RNCMPT00258,min,ACAGGAC,RBD_v3_116467",188,0,0.0478260869565217,0.008695652173913,0.1260869565217391,0.0869565217391304,0.0565217391304347,0.0608695652173913,0.0130434782608695,0.0347826086956521,0.0913043478260869,0.0260869565217391,0.0043478260869565,0.0391304347826087,0.0260869565217391,0.0304347826086956,0.1347826086956521,0.0695652173913043,0.0130434782608695,0.0695652173913043,0.0,0.0608695652173913,0.4210526315789473,0.1578947368421052,0.2368421052631578,0.1842105263157894,5,11,"RNCMPT00258,min,ACAGGAC,RBD_v3_116467",1
"RNCMPT00136,max,UUAGUUU,RBD_v3_123820",57,1,0.0707692307692307,0.0092307692307692,0.0492307692307692,0.0461538461538461,0.0553846153846153,0.0892307692307692,0.0246153846153846,0.0584615384615384,0.0523076923076923,0.0676923076923076,0.0307692307692307,0.0707692307692307,0.0369230769230769,0.0369230769230769,0.0615384615384615,0.0861538461538461,0.0492307692307692,0.0676923076923076,0.0061538461538461,0.0307692307692307,0.1842105263157894,0.1842105263157894,0.2894736842105263,0.3421052631578947,12,18,"RNCMPT00136,max,UUAGUUU,RBD_v3_123820",0
"RNCMPT00127,max,AUCAUCA,RBD_v3_174879",133,1,0.078125,0.0234375,0.046875,0.0625,0.03125,0.2890625,0.0,0.015625,0.0234375,0.03125,0.015625,0.03125,0.03125,0.0,0.1328125,0.0703125,0.0234375,0.046875,0.015625,0.03125,0.2894736842105263,0.2368421052631578,0.2368421052631578,0.2368421052631578,20,26,"RNCMPT00127,max,AUCAUCA,RBD_v3_174879",0
"RNCMPT00184,min,CGCAACA,RBD_v3_041614",117,0,0.1068702290076335,0.0076335877862595,0.0458015267175572,0.0381679389312977,0.0610687022900763,0.0916030534351145,0.0305343511450381,0.0610687022900763,0.0534351145038167,0.0458015267175572,0.0229007633587786,0.0229007633587786,0.0763358778625954,0.0610687022900763,0.0610687022900763,0.015267175572519,0.0763358778625954,0.0687022900763358,0.0,0.0534351145038167,0.4,0.2,0.2,0.2,19,25,"RNCMPT00184,min,CGCAACA,RBD_v3_041614",1
"RNCMPT00110,max,AAGGACA,RBD_v3_120379",158,1,0.0495049504950495,0.0099009900990099,0.099009900990099,0.0544554455445544,0.0346534653465346,0.1633663366336633,0.0099009900990099,0.0346534653465346,0.0396039603960396,0.0297029702970297,0.0148514851485148,0.0297029702970297,0.0693069306930693,0.0049504950495049,0.1237623762376237,0.0495049504950495,0.0297029702970297,0.0841584158415841,0.0049504950495049,0.0643564356435643,0.3157894736842105,0.2368421052631578,0.2894736842105263,0.1578947368421052,14,20,"RNCMPT00110,max,AAGGACA,RBD_v3_120379",1
"RNCMPT00111,max,GCUGGUC,RBD_v3_114193",193,1,0.0581395348837209,0.0,0.0813953488372093,0.0465116279069767,0.0116279069767441,0.0465116279069767,0.0116279069767441,0.0697674418604651,0.1162790697674418,0.1744186046511628,0.0348837209302325,0.0348837209302325,0.0465116279069767,0.0,0.0581395348837209,0.0930232558139534,0.0348837209302325,0.0232558139534883,0.0232558139534883,0.0348837209302325,0.1842105263157894,0.3157894736842105,0.2368421052631578,0.2631578947368421,5,11,"RNCMPT00111,max,GCUGGUC,RBD_v3_114193",0
"RNCMPT00080,min,UGAGUCG,RBD_v3_073940",191,0,0.0698924731182795,0.0161290322580645,0.0591397849462365,0.0618279569892473,0.0456989247311828,0.0725806451612903,0.0134408602150537,0.053763440860215,0.0510752688172043,0.0779569892473118,0.0268817204301075,0.0403225806451612,0.0698924731182795,0.0591397849462365,0.0403225806451612,0.0591397849462365,0.0564516129032258,0.0994623655913978,0.0,0.0268817204301075,0.2631578947368421,0.1842105263157894,0.3421052631578947,0.2105263157894736,25,31,"RNCMPT00080,min,UGAGUCG,RBD_v3_073940",1
"RNCMPT00152,min,GUUUUUG,RBD_v3_148971",130,0,0.073170731707317,0.016260162601626,0.040650406504065,0.040650406504065,0.0284552845528455,0.073170731707317,0.016260162601626,0.0365853658536585,0.0772357723577235,0.0772357723577235,0.024390243902439,0.0528455284552845,0.08130081300813,0.065040650406504,0.0365853658536585,0.0975609756097561,0.0691056910569105,0.0447154471544715,0.008130081300813,0.040650406504065,0.1333333333333333,0.1666666666666666,0.2,0.5,19,25,"RNCMPT00152,min,GUUUUUG,RBD_v3_148971",0
"RNCMPT00279,max,AGAUGAU,RBD_v3_067771",126,1,0.0852941176470588,0.0205882352941176,0.05,0.0941176470588235,0.0323529411764705,0.0823529411764705,0.0176470588235294,0.05,0.0617647058823529,0.0617647058823529,0.038235294117647,0.038235294117647,0.0558823529411764,0.0294117647058823,0.0676470588235294,0.0205882352941176,0.0411764705882352,0.088235294117647,0.0088235294117647,0.0558823529411764,0.4210526315789473,0.0526315789473684,0.2894736842105263,0.2368421052631578,17,23,"RNCMPT00279,max,AGAUGAU,RBD_v3_067771",0
"RNCMPT00067,max,GGGAGCC,RBD_v3_003612",162,1,0.0316742081447963,0.0090497737556561,0.085972850678733,0.0723981900452488,0.0407239819004524,0.1266968325791855,0.0180995475113122,0.0226244343891402,0.0361990950226244,0.0542986425339366,0.0180995475113122,0.0180995475113122,0.0633484162895927,0.0180995475113122,0.1357466063348416,0.0769230769230769,0.0271493212669683,0.0542986425339366,0.0135746606334841,0.0769230769230769,0.3,0.2,0.4333333333333333,0.0666666666666666,17,23,"RNCMPT00067,max,GGGAGCC,RBD_v3_003612",1
"RNCMPT00284,min,CACAAUU,RBD_v3_051256",7,0,0.0839160839160839,0.0139860139860139,0.0349650349650349,0.0419580419580419,0.0489510489510489,0.1118881118881118,0.0139860139860139,0.0489510489510489,0.0209790209790209,0.0629370629370629,0.0139860139860139,0.0489510489510489,0.1118881118881118,0.0349650349650349,0.0839160839160839,0.0489510489510489,0.0559440559440559,0.0559440559440559,0.0069930069930069,0.0559440559440559,0.1842105263157894,0.3421052631578947,0.2105263157894736,0.2631578947368421,16,22,"RNCMPT00284,min,CACAAUU,RBD_v3_051256",0
"RNCMPT00141,min,AGGGGGC,RBD_v3_226335",105,0,0.1438848920863309,0.0071942446043165,0.0377697841726618,0.066546762589928,0.0323741007194244,0.0701438848920863,0.014388489208633,0.0521582733812949,0.0503597122302158,0.0863309352517985,0.0359712230215827,0.0341726618705036,0.0575539568345323,0.0755395683453237,0.0341726618705036,0.0539568345323741,0.0521582733812949,0.079136690647482,0.0017985611510791,0.014388489208633,0.2631578947368421,0.2105263157894736,0.2368421052631578,0.2894736842105263,1,7,"RNCMPT00141,min,AGGGGGC,RBD_v3_226335",1
"RNCMPT00262,min,AGAGUCG,RBD_v3_101143",85,0,0.0893371757925072,0.0115273775216138,0.0489913544668587,0.0893371757925072,0.0489913544668587,0.0893371757925072,0.0028818443804034,0.063400576368876,0.031700288184438,0.063400576368876,0.0230547550432276,0.0576368876080691,0.063400576368876,0.0403458213256484,0.0576368876080691,0.063400576368876,0.0518731988472622,0.0778097982708933,0.0,0.0259365994236311,0.3684210526315789,0.2368421052631578,0.2631578947368421,0.131578947368421,9,15,"RNCMPT00262,min,AGAGUCG,RBD_v3_101143",1
"RNCMPT00236,max,UUUUUUU,RBD_v3_126980",186,1,0.0709677419354838,0.0064516129032258,0.0516129032258064,0.0612903225806451,0.0451612903225806,0.064516129032258,0.0096774193548387,0.0838709677419354,0.064516129032258,0.0612903225806451,0.0258064516129032,0.1,0.032258064516129,0.0225806451612903,0.0548387096774193,0.0806451612903225,0.0483870967741935,0.0580645161290322,0.0161290322580645,0.0419354838709677,0.1333333333333333,0.1333333333333333,0.2666666666666666,0.4666666666666667,20,26,"RNCMPT00236,max,UUUUUUU,RBD_v3_126980",0
"RNCMPT00058,min,GGGCCCC,RBD_v3_158155",132,0,0.0703125,0.0234375,0.0546875,0.0625,0.0390625,0.109375,0.0078125,0.015625,0.0234375,0.03125,0.015625,0.0234375,0.046875,0.0,0.21875,0.140625,0.0234375,0.046875,0.015625,0.03125,0.2894736842105263,0.2368421052631578,0.3684210526315789,0.1052631578947368,20,26,"RNCMPT00058,min,GGGCCCC,RBD_v3_158155",0
"RNCMPT00094,min,GUGAGUC,RBD_v3_138684",54,0,0.0273972602739726,0.0,0.073972602739726,0.0246575342465753,0.0465753424657534,0.2273972602739726,0.021917808219178,0.0328767123287671,0.0575342465753424,0.021917808219178,0.0191780821917808,0.1506849315068493,0.0356164383561643,0.0575342465753424,0.0520547945205479,0.0328767123287671,0.0191780821917808,0.0493150684931506,0.0191780821917808,0.0301369863013698,0.3421052631578947,0.2368421052631578,0.2631578947368421,0.1578947368421052,5,11,"RNCMPT00094,min,GUGAGUC,RBD_v3_138684",1
"RNCMPT00035,min,GCGAGGG,RBD_v3_050392",63,0,0.0579710144927536,0.0289855072463768,0.0531400966183574,0.072463768115942,0.038647342995169,0.1111111111111111,0.0144927536231884,0.0289855072463768,0.0628019323671497,0.0628019323671497,0.0144927536231884,0.0434782608695652,0.0579710144927536,0.0434782608695652,0.072463768115942,0.038647342995169,0.0628019323671497,0.0917874396135265,0.0048309178743961,0.038647342995169,0.2894736842105263,0.2105263157894736,0.4473684210526316,0.0526315789473684,23,29,"RNCMPT00035,min,GCGAGGG,RBD_v3_050392",1
"RNCMPT00258,max,UGUUUGU,RBD_v3_125733",188,1,0.0478260869565217,0.008695652173913,0.1260869565217391,0.0869565217391304,0.0565217391304347,0.0608695652173913,0.0130434782608695,0.0347826086956521,0.0913043478260869,0.0260869565217391,0.0043478260869565,0.0391304347826087,0.0260869565217391,0.0304347826086956,0.1347826086956521,0.0695652173913043,0.0130434782608695,0.0695652173913043,0.0,0.0608695652173913,0.1,0.1333333333333333,0.3333333333333333,0.4333333333333333,18,24,"RNCMPT00258,max,UGUUUGU,RBD_v3_125733",1
"RNCMPT00282,max,CCAACUA,RBD_v3_148644",144,1,0.0405405405405405,0.0135135135135135,0.081081081081081,0.0743243243243243,0.0405405405405405,0.0608108108108108,0.0,0.0337837837837837,0.1351351351351351,0.0675675675675675,0.0202702702702702,0.0337837837837837,0.0472972972972973,0.0337837837837837,0.1081081081081081,0.054054054054054,0.0337837837837837,0.0743243243243243,0.0202702702702702,0.027027027027027,0.3421052631578947,0.1578947368421052,0.2894736842105263,0.2105263157894736,17,23,"RNCMPT00282,max,CCAACUA,RBD_v3_148644",1
"RNCMPT00074,min,GUUUGUG,RBD_v3_001244",162,0,0.0316742081447963,0.0090497737556561,0.085972850678733,0.0723981900452488,0.0407239819004524,0.1266968325791855,0.0180995475113122,0.0226244343891402,0.0361990950226244,0.0542986425339366,0.0180995475113122,0.0180995475113122,0.0633484162895927,0.0180995475113122,0.1357466063348416,0.0769230769230769,0.0271493212669683,0.0542986425339366,0.0135746606334841,0.0769230769230769,0.1666666666666666,0.1666666666666666,0.3666666666666666,0.3,18,24,"RNCMPT00074,min,GUUUGUG,RBD_v3_001244",1
"RNCMPT00249,min,GGGGGGG,RBD_v3_055167",112,0,0.1403508771929824,0.0043859649122807,0.0482456140350877,0.0482456140350877,0.0526315789473684,0.0570175438596491,0.0087719298245614,0.0263157894736842,0.0921052631578947,0.087719298245614,0.0219298245614035,0.043859649122807,0.0745614035087719,0.0614035087719298,0.0570175438596491,0.0482456140350877,0.0350877192982456,0.0745614035087719,0.0043859649122807,0.0131578947368421,0.2105263157894736,0.131578947368421,0.5263157894736842,0.131578947368421,4,10,"RNCMPT00249,min,GGGGGGG,RBD_v3_055167",0
"RNCMPT00133,min,GAGUCGU,RBD_v3_111585",25,0,0.0983606557377049,0.0,0.0327868852459016,0.0546448087431694,0.0437158469945355,0.0710382513661202,0.0327868852459016,0.0109289617486338,0.0491803278688524,0.0983606557377049,0.0327868852459016,0.0710382513661202,0.081967213114754,0.0327868852459016,0.0327868852459016,0.1147540983606557,0.0655737704918032,0.0491803278688524,0.0054644808743169,0.0218579234972677,0.3421052631578947,0.1052631578947368,0.3684210526315789,0.1842105263157894,18,24,"RNCMPT00133,min,GAGUCGU,RBD_v3_111585",1
"RNCMPT00103,min,GCAGGGC,RBD_v3_163669",106,0,0.0562130177514792,0.0236686390532544,0.0414201183431952,0.0710059171597633,0.0355029585798816,0.0502958579881656,0.0502958579881656,0.0621301775147929,0.0710059171597633,0.0917159763313609,0.029585798816568,0.044378698224852,0.0236686390532544,0.0917159763313609,0.044378698224852,0.0414201183431952,0.0473372781065088,0.0828402366863905,0.0,0.0414201183431952,0.3428571428571428,0.2,0.3428571428571428,0.1142857142857142,12,18,"RNCMPT00103,min,GCAGGGC,RBD_v3_163669",1
"RNCMPT00150,max,GGGAUGG,RBD_v3_085670",30,1,0.0895140664961636,0.0230179028132992,0.0358056265984654,0.0639386189258312,0.0409207161125319,0.0895140664961636,0.0230179028132992,0.0332480818414322,0.0409207161125319,0.1099744245524296,0.0230179028132992,0.0127877237851662,0.0741687979539642,0.0409207161125319,0.0792838874680307,0.0537084398976982,0.0613810741687979,0.0792838874680307,0.0051150895140664,0.0204603580562659,0.3421052631578947,0.131578947368421,0.3157894736842105,0.2105263157894736,2,8,"RNCMPT00150,max,GGGAUGG,RBD_v3_085670",1
"RNCMPT00273,min,UUUAGAA,RBD_v3_006166",27,0,0.0791788856304985,0.0117302052785923,0.0674486803519061,0.1319648093841642,0.0263929618768328,0.0498533724340175,0.0146627565982404,0.0674486803519061,0.0821114369501466,0.0850439882697947,0.0205278592375366,0.0439882697947214,0.032258064516129,0.0146627565982404,0.0586510263929618,0.0498533724340175,0.0527859237536656,0.0733137829912023,0.002932551319648,0.0351906158357771,0.2631578947368421,0.3157894736842105,0.1578947368421052,0.2631578947368421,8,14,"RNCMPT00273,min,UUUAGAA,RBD_v3_006166",1
"RNCMPT00103,min,GGGCGAC,RBD_v3_126377",106,0,0.0562130177514792,0.0236686390532544,0.0414201183431952,0.0710059171597633,0.0355029585798816,0.0502958579881656,0.0502958579881656,0.0621301775147929,0.0710059171597633,0.0917159763313609,0.029585798816568,0.044378698224852,0.0236686390532544,0.0917159763313609,0.044378698224852,0.0414201183431952,0.0473372781065088,0.0828402366863905,0.0,0.0414201183431952,0.3421052631578947,0.2631578947368421,0.2105263157894736,0.1842105263157894,8,14,"RNCMPT00103,min,GGGCGAC,RBD_v3_126377",1
"RNCMPT00102,min,GGGGGGC,RBD_v3_144253",106,0,0.0562130177514792,0.0236686390532544,0.0414201183431952,0.0710059171597633,0.0355029585798816,0.0502958579881656,0.0502958579881656,0.0621301775147929,0.0710059171597633,0.0917159763313609,0.029585798816568,0.044378698224852,0.0236686390532544,0.0917159763313609,0.044378698224852,0.0414201183431952,0.0473372781065088,0.0828402366863905,0.0,0.0414201183431952,0.2631578947368421,0.1842105263157894,0.3684210526315789,0.1842105263157894,2,8,"RNCMPT00102,min,GGGGGGC,RBD_v3_144253",1
"RNCMPT00232,min,GAGUCGU,RBD_v3_210386",167,0,0.1031390134529148,0.0044843049327354,0.0582959641255605,0.0717488789237668,0.0493273542600896,0.0672645739910313,0.0179372197309417,0.0717488789237668,0.0538116591928251,0.0672645739910313,0.0448430493273542,0.0627802690582959,0.0762331838565022,0.0448430493273542,0.0403587443946188,0.0493273542600896,0.0313901345291479,0.0448430493273542,0.0044843049327354,0.0358744394618834,0.2368421052631578,0.2631578947368421,0.3157894736842105,0.1842105263157894,14,20,"RNCMPT00232,min,GAGUCGU,RBD_v3_210386",1
"RNCMPT00035,max,CGUCGCG,RBD_v3_043484",63,1,0.0579710144927536,0.0289855072463768,0.0531400966183574,0.072463768115942,0.038647342995169,0.1111111111111111,0.0144927536231884,0.0289855072463768,0.0628019323671497,0.0628019323671497,0.0144927536231884,0.0434782608695652,0.0579710144927536,0.0434782608695652,0.072463768115942,0.038647342995169,0.0628019323671497,0.0917874396135265,0.0048309178743961,0.038647342995169,0.1578947368421052,0.3947368421052631,0.1842105263157894,0.2631578947368421,30,36,"RNCMPT00035,max,CGUCGCG,RBD_v3_043484",1
"RNCMPT00163,max,GGAGGAG,RBD_v3_065928",158,1,0.0403225806451612,0.0080645161290322,0.0806451612903225,0.0443548387096774,0.0282258064516129,0.1411290322580645,0.0120967741935483,0.0282258064516129,0.032258064516129,0.0241935483870967,0.0120967741935483,0.0282258064516129,0.0685483870967741,0.0040322580645161,0.1733870967741935,0.1129032258064516,0.0282258064516129,0.0685483870967741,0.0040322580645161,0.0604838709677419,0.3157894736842105,0.131578947368421,0.3947368421052631,0.1578947368421052,17,23,"RNCMPT00163,max,GGAGGAG,RBD_v3_065928",1
"RNCMPT00176,max,UAGGUAG,RBD_v3_152603",77,1,0.0911602209944751,0.011049723756906,0.0414364640883977,0.0524861878453038,0.0607734806629834,0.1049723756906077,0.0220994475138121,0.0276243093922651,0.0469613259668508,0.0552486187845303,0.0441988950276243,0.0165745856353591,0.0856353591160221,0.0359116022099447,0.0497237569060773,0.0690607734806629,0.0828729281767955,0.0635359116022099,0.005524861878453,0.0331491712707182,0.3142857142857143,0.1714285714285714,0.2857142857142857,0.2285714285714285,5,11,"RNCMPT00176,max,UAGGUAG,RBD_v3_152603",0
"RNCMPT00238,max,GGAGGAA,RBD_v3_167934",79,1,0.0753424657534246,0.002283105022831,0.0547945205479452,0.0433789954337899,0.0547945205479452,0.2100456621004566,0.0159817351598173,0.0319634703196347,0.0182648401826484,0.045662100456621,0.0251141552511415,0.047945205479452,0.0639269406392694,0.0547945205479452,0.0776255707762557,0.0410958904109589,0.0388127853881278,0.0547945205479452,0.0091324200913242,0.0342465753424657,0.3666666666666666,0.0666666666666666,0.3333333333333333,0.2333333333333333,8,14,"RNCMPT00238,max,GGAGGAA,RBD_v3_167934",1
"RNCMPT00008,max,AACACAU,RBD_v3_036856",22,1,0.0621468926553672,0.0169491525423728,0.0451977401129943,0.0621468926553672,0.0338983050847457,0.0564971751412429,0.03954802259887,0.0508474576271186,0.1016949152542373,0.0677966101694915,0.0282485875706214,0.0564971751412429,0.0508474576271186,0.0677966101694915,0.0451977401129943,0.0564971751412429,0.0451977401129943,0.0677966101694915,0.0,0.0451977401129943,0.2571428571428571,0.2857142857142857,0.2571428571428571,0.2,4,10,"RNCMPT00008,max,AACACAU,RBD_v3_036856",1
"RNCMPT00182,min,AGACCCC,RBD_v3_000172",164,0,0.0693277310924369,0.0084033613445378,0.0399159663865546,0.0252100840336134,0.0273109243697479,0.0924369747899159,0.0525210084033613,0.0294117647058823,0.0336134453781512,0.0693277310924369,0.0378151260504201,0.0756302521008403,0.0714285714285714,0.1281512605042016,0.0378151260504201,0.0861344537815126,0.042016806722689,0.0336134453781512,0.0,0.0399159663865546,0.2105263157894736,0.3947368421052631,0.2631578947368421,0.131578947368421,6,12,"RNCMPT00182,min,AGACCCC,RBD_v3_000172",1
"RNCMPT00121,min,GAGUCGU,RBD_v3_070447",28,0,0.1096605744125326,0.0052219321148825,0.031331592689295,0.0365535248041775,0.0391644908616188,0.0861618798955613,0.0026109660574412,0.0574412532637075,0.0469973890339425,0.0704960835509138,0.0234986945169712,0.0678851174934725,0.0652741514360313,0.0809399477806788,0.0391644908616188,0.0678851174934725,0.0704960835509138,0.0704960835509138,0.0026109660574412,0.0261096605744125,0.2631578947368421,0.2368421052631578,0.3157894736842105,0.1842105263157894,2,8,"RNCMPT00121,min,GAGUCGU,RBD_v3_070447",0
"RNCMPT00040,min,CCCCCCC,RBD_v3_153897",76,0,0.08,0.02,0.04,0.09,0.07,0.05,0.03,0.03,0.12,0.01,0.02,0.04,0.05,0.07,0.05,0.03,0.08,0.11,0.0,0.01,0.1842105263157894,0.3421052631578947,0.1842105263157894,0.2894736842105263,8,14,"RNCMPT00040,min,CCCCCCC,RBD_v3_153897",1
"RNCMPT00091,max,GACACAA,RBD_v3_103769",48,1,0.0679117147707979,0.0186757215619694,0.0509337860780984,0.0509337860780984,0.0356536502546689,0.1205432937181663,0.030560271646859,0.030560271646859,0.0492359932088285,0.0594227504244482,0.0237691001697792,0.0560271646859083,0.0831918505942275,0.0441426146010186,0.0611205432937181,0.0730050933786078,0.0288624787775891,0.064516129032258,0.0033955857385398,0.0475382003395585,0.3947368421052631,0.1842105263157894,0.2631578947368421,0.1578947368421052,3,9,"RNCMPT00091,max,GACACAA,RBD_v3_103769",1
"RNCMPT00017,min,GGCGCGC,RBD_v3_138106",35,0,0.1518072289156626,0.0024096385542168,0.0313253012048192,0.0313253012048192,0.0313253012048192,0.0698795180722891,0.0192771084337349,0.0409638554216867,0.0265060240963855,0.1012048192771084,0.0337349397590361,0.053012048192771,0.0602409638554216,0.1373493975903614,0.0385542168674698,0.0698795180722891,0.0433734939759036,0.0385542168674698,0.0,0.0192771084337349,0.2,0.3,0.3666666666666666,0.1333333333333333,18,24,"RNCMPT00017,min,GGCGCGC,RBD_v3_138106",0
"RNCMPT00203,min,AGUGGGU,RBD_v3_040948",102,0,0.0466321243523316,0.005181347150259,0.0362694300518134,0.0466321243523316,0.0569948186528497,0.0414507772020725,0.0259067357512953,0.1139896373056994,0.1036269430051813,0.0880829015544041,0.0207253886010362,0.1243523316062176,0.0466321243523316,0.0362694300518134,0.0103626943005181,0.0414507772020725,0.0518134715025906,0.0414507772020725,0.005181347150259,0.0569948186528497,0.2333333333333333,0.1666666666666666,0.4333333333333333,0.1666666666666666,4,10,"RNCMPT00203,min,AGUGGGU,RBD_v3_040948",1
"RNCMPT00071,min,GGGGGUG,RBD_v3_193503",156,0,0.0780141843971631,0.0,0.0319148936170212,0.0496453900709219,0.0531914893617021,0.0709219858156028,0.0177304964539007,0.0602836879432624,0.0780141843971631,0.0638297872340425,0.0602836879432624,0.0460992907801418,0.1241134751773049,0.0673758865248227,0.0460992907801418,0.0425531914893617,0.0425531914893617,0.0496453900709219,0.0,0.0177304964539007,0.3428571428571428,0.0857142857142857,0.3714285714285714,0.2,5,11,"RNCMPT00071,min,GGGGGUG,RBD_v3_193503",1
"RNCMPT00278,min,GAUUUGA,RBD_v3_049324",83,0,0.0734463276836158,0.0225988700564971,0.0451977401129943,0.0734463276836158,0.03954802259887,0.0508474576271186,0.0282485875706214,0.0508474576271186,0.096045197740113,0.0790960451977401,0.0112994350282485,0.0508474576271186,0.0508474576271186,0.0508474576271186,0.0508474576271186,0.0564971751412429,0.0621468926553672,0.0564971751412429,0.0,0.0508474576271186,0.2857142857142857,0.1142857142857142,0.3714285714285714,0.2285714285714285,2,8,"RNCMPT00278,min,GAUUUGA,RBD_v3_049324",1
"RNCMPT00161,min,CCAACCC,RBD_v3_171931",37,0,0.0560344827586206,0.0043103448275862,0.043103448275862,0.0948275862068965,0.0344827586206896,0.0948275862068965,0.021551724137931,0.0689655172413793,0.0603448275862069,0.0818965517241379,0.0258620689655172,0.0387931034482758,0.021551724137931,0.043103448275862,0.0862068965517241,0.0560344827586206,0.0474137931034482,0.0948275862068965,0.0,0.0258620689655172,0.5333333333333333,0.1666666666666666,0.2,0.1,15,21,"RNCMPT00161,min,CCAACCC,RBD_v3_171931",1
"RNCMPT00140,min,GGGGGCC,RBD_v3_081252",75,0,0.0761670761670761,0.0049140049140049,0.054054054054054,0.0786240786240786,0.0589680589680589,0.0491400491400491,0.0122850122850122,0.0515970515970515,0.1081081081081081,0.0909090909090909,0.0049140049140049,0.0614250614250614,0.0442260442260442,0.027027027027027,0.0515970515970515,0.0786240786240786,0.0565110565110565,0.0835380835380835,0.0024570024570024,0.0049140049140049,0.3157894736842105,0.131578947368421,0.3947368421052631,0.1578947368421052,2,8,"RNCMPT00140,min,GGGGGCC,RBD_v3_081252",1
"RNCMPT00169,max,AUAAAAG,RBD_v3_066665",60,1,0.054054054054054,0.0108108108108108,0.0648648648648648,0.0972972972972973,0.0432432432432432,0.0756756756756756,0.027027027027027,0.0432432432432432,0.1081081081081081,0.1027027027027027,0.0486486486486486,0.0324324324324324,0.0594594594594594,0.0378378378378378,0.0432432432432432,0.0432432432432432,0.0216216216216216,0.0594594594594594,0.0,0.027027027027027,0.3947368421052631,0.2105263157894736,0.131578947368421,0.2631578947368421,21,27,"RNCMPT00169,max,AUAAAAG,RBD_v3_066665",1
"RNCMPT00108,min,UCGUCCU,RBD_v3_075485",158,0,0.0495049504950495,0.0099009900990099,0.099009900990099,0.0544554455445544,0.0346534653465346,0.1633663366336633,0.0099009900990099,0.0346534653465346,0.0396039603960396,0.0297029702970297,0.0148514851485148,0.0297029702970297,0.0693069306930693,0.0049504950495049,0.1237623762376237,0.0495049504950495,0.0297029702970297,0.0841584158415841,0.0049504950495049,0.0643564356435643,0.2894736842105263,0.2894736842105263,0.2105263157894736,0.2105263157894736,20,26,"RNCMPT00108,min,UCGUCCU,RBD_v3_075485",1
"RNCMPT00117,min,CCCCCCC,RBD_v3_166722",57,0,0.0707692307692307,0.0092307692307692,0.0492307692307692,0.0461538461538461,0.0553846153846153,0.0892307692307692,0.0246153846153846,0.0584615384615384,0.0523076923076923,0.0676923076923076,0.0307692307692307,0.0707692307692307,0.0369230769230769,0.0369230769230769,0.0615384615384615,0.0861538461538461,0.0492307692307692,0.0676923076923076,0.0061538461538461,0.0307692307692307,0.2368421052631578,0.2894736842105263,0.2631578947368421,0.2105263157894736,14,20,"RNCMPT00117,min,CCCCCCC,RBD_v3_166722",1
"RNCMPT00022,max,UUAGGGA,RBD_v3_233439",40,1,0.0442477876106194,0.0088495575221238,0.0619469026548672,0.079646017699115,0.0619469026548672,0.1327433628318584,0.0353982300884955,0.0353982300884955,0.0707964601769911,0.0353982300884955,0.0221238938053097,0.0353982300884955,0.0265486725663716,0.0309734513274336,0.084070796460177,0.084070796460177,0.0530973451327433,0.0752212389380531,0.0044247787610619,0.0176991150442477,0.3684210526315789,0.131578947368421,0.3684210526315789,0.131578947368421,4,10,"RNCMPT00022,max,UUAGGGA,RBD_v3_233439",1
"RNCMPT00091,min,GGGGGCC,RBD_v3_009111",48,0,0.0679117147707979,0.0186757215619694,0.0509337860780984,0.0509337860780984,0.0356536502546689,0.1205432937181663,0.030560271646859,0.030560271646859,0.0492359932088285,0.0594227504244482,0.0237691001697792,0.0560271646859083,0.0831918505942275,0.0441426146010186,0.0611205432937181,0.0730050933786078,0.0288624787775891,0.064516129032258,0.0033955857385398,0.0475382003395585,0.4,0.1428571428571428,0.2857142857142857,0.1714285714285714,5,11,"RNCMPT00091,min,GGGGGCC,RBD_v3_009111",1
"RNCMPT00162,max,CGGAGGA,RBD_v3_002491",64,1,0.1004784688995215,0.0430622009569378,0.0287081339712918,0.0909090909090909,0.0526315789473684,0.1004784688995215,0.0382775119617224,0.0239234449760765,0.0813397129186602,0.0574162679425837,0.0287081339712918,0.0191387559808612,0.0717703349282296,0.0526315789473684,0.0526315789473684,0.0717703349282296,0.0239234449760765,0.0478468899521531,0.0047846889952153,0.0095693779904306,0.3333333333333333,0.2,0.3333333333333333,0.1333333333333333,11,17,"RNCMPT00162,max,CGGAGGA,RBD_v3_002491",1
"RNCMPT00176,min,CCCUCUG,RBD_v3_061201",77,0,0.0911602209944751,0.011049723756906,0.0414364640883977,0.0524861878453038,0.0607734806629834,0.1049723756906077,0.0220994475138121,0.0276243093922651,0.0469613259668508,0.0552486187845303,0.0441988950276243,0.0165745856353591,0.0856353591160221,0.0359116022099447,0.0497237569060773,0.0690607734806629,0.0828729281767955,0.0635359116022099,0.005524861878453,0.0331491712707182,0.2,0.3714285714285714,0.1714285714285714,0.2571428571428571,22,28,"RNCMPT00176,min,CCCUCUG,RBD_v3_061201",0
"RNCMPT00289,max,AAAAACG,RBD_v3_206741",55,1,0.0737463126843657,0.0117994100294985,0.0589970501474926,0.0973451327433628,0.0412979351032448,0.0825958702064896,0.0117994100294985,0.0442477876106194,0.0884955752212389,0.0678466076696165,0.0206489675516224,0.0324483775811209,0.0678466076696165,0.023598820058997,0.0707964601769911,0.0442477876106194,0.0383480825958702,0.079646017699115,0.0088495575221238,0.0353982300884955,0.4473684210526316,0.2105263157894736,0.2105263157894736,0.131578947368421,4,10,"RNCMPT00289,max,AAAAACG,RBD_v3_206741",0
"RNCMPT00224,max,UCAAAAG,RBD_v3_190853",166,1,0.1037735849056603,0.0047169811320754,0.0754716981132075,0.0518867924528301,0.0518867924528301,0.070754716981132,0.0235849056603773,0.0566037735849056,0.0613207547169811,0.080188679245283,0.0283018867924528,0.0566037735849056,0.0754716981132075,0.0377358490566037,0.0330188679245283,0.0566037735849056,0.0377358490566037,0.0518867924528301,0.0047169811320754,0.0377358490566037,0.3684210526315789,0.1842105263157894,0.3157894736842105,0.131578947368421,11,17,"RNCMPT00224,max,UCAAAAG,RBD_v3_190853",0
"RNCMPT00043,max,AAAAACA,RBD_v3_225575",90,1,0.0869565217391304,0.0096618357487922,0.0531400966183574,0.0772946859903381,0.0603864734299516,0.072463768115942,0.0096618357487922,0.0458937198067632,0.0966183574879227,0.0652173913043478,0.0338164251207729,0.0507246376811594,0.0338164251207729,0.036231884057971,0.0603864734299516,0.0700483091787439,0.0289855072463768,0.072463768115942,0.002415458937198,0.0338164251207729,0.4473684210526316,0.1842105263157894,0.2368421052631578,0.131578947368421,4,10,"RNCMPT00043,max,AAAAACA,RBD_v3_225575",1
"RNCMPT00091,max,GACACGA,RBD_v3_139392",48,1,0.0679117147707979,0.0186757215619694,0.0509337860780984,0.0509337860780984,0.0356536502546689,0.1205432937181663,0.030560271646859,0.030560271646859,0.0492359932088285,0.0594227504244482,0.0237691001697792,0.0560271646859083,0.0831918505942275,0.0441426146010186,0.0611205432937181,0.0730050933786078,0.0288624787775891,0.064516129032258,0.0033955857385398,0.0475382003395585,0.3421052631578947,0.1578947368421052,0.2894736842105263,0.2105263157894736,6,12,"RNCMPT00091,max,GACACGA,RBD_v3_139392",1
"RNCMPT00131,min,AGUGAGU,RBD_v3_007663",15,0,0.0530973451327433,0.0176991150442477,0.0648967551622418,0.0855457227138643,0.0324483775811209,0.0766961651917404,0.0147492625368731,0.0678466076696165,0.1002949852507374,0.0707964601769911,0.0324483775811209,0.0442477876106194,0.0619469026548672,0.0265486725663716,0.0589970501474926,0.0442477876106194,0.0442477876106194,0.0619469026548672,0.0117994100294985,0.0294985250737463,0.3157894736842105,0.1842105263157894,0.2368421052631578,0.2631578947368421,8,14,"RNCMPT00131,min,AGUGAGU,RBD_v3_007663",1
"RNCMPT00006,max,CAGAGCC,RBD_v3_222190",14,1,0.0726256983240223,0.0223463687150838,0.0223463687150838,0.0335195530726257,0.0391061452513966,0.0614525139664804,0.0111731843575419,0.0670391061452514,0.0614525139664804,0.0670391061452514,0.0446927374301676,0.0446927374301676,0.0726256983240223,0.0391061452513966,0.0837988826815642,0.0670391061452514,0.0558659217877094,0.0726256983240223,0.0111731843575419,0.0502793296089385,0.3947368421052631,0.2368421052631578,0.2894736842105263,0.0789473684210526,8,14,"RNCMPT00006,max,CAGAGCC,RBD_v3_222190",1
"RNCMPT00111,max,GCUGGCC,RBD_v3_019784",193,1,0.0581395348837209,0.0,0.0813953488372093,0.0465116279069767,0.0116279069767441,0.0465116279069767,0.0116279069767441,0.0697674418604651,0.1162790697674418,0.1744186046511628,0.0348837209302325,0.0348837209302325,0.0465116279069767,0.0,0.0581395348837209,0.0930232558139534,0.0348837209302325,0.0232558139534883,0.0232558139534883,0.0348837209302325,0.2631578947368421,0.2894736842105263,0.2368421052631578,0.2105263157894736,28,34,"RNCMPT00111,max,GCUGGCC,RBD_v3_019784",0
"RNCMPT00181,min,CCCCCCC,RBD_v3_120429",73,0,0.157051282051282,0.0128205128205128,0.0352564102564102,0.0352564102564102,0.0448717948717948,0.0512820512820512,0.0224358974358974,0.0096153846153846,0.0416666666666666,0.1185897435897435,0.032051282051282,0.0448717948717948,0.0608974358974358,0.0897435897435897,0.0448717948717948,0.0929487179487179,0.0384615384615384,0.048076923076923,0.0,0.0192307692307692,0.2857142857142857,0.3428571428571428,0.1714285714285714,0.2,15,21,"RNCMPT00181,min,CCCCCCC,RBD_v3_120429",1
"RNCMPT00185,min,UUGUUGG,RBD_v3_055009",61,0,0.0552486187845303,0.0,0.0552486187845303,0.1270718232044199,0.0331491712707182,0.0773480662983425,0.0220994475138121,0.0497237569060773,0.1104972375690607,0.1104972375690607,0.0220994475138121,0.0331491712707182,0.0386740331491712,0.0276243093922651,0.0662983425414364,0.0883977900552486,0.005524861878453,0.0441988950276243,0.0,0.0331491712707182,0.2368421052631578,0.2894736842105263,0.2105263157894736,0.2631578947368421,27,33,"RNCMPT00185,min,UUGUUGG,RBD_v3_055009",0
"RNCMPT00101,max,UGUACAG,RBD_v3_195688",106,1,0.0562130177514792,0.0236686390532544,0.0414201183431952,0.0710059171597633,0.0355029585798816,0.0502958579881656,0.0502958579881656,0.0621301775147929,0.0710059171597633,0.0917159763313609,0.029585798816568,0.044378698224852,0.0236686390532544,0.0917159763313609,0.044378698224852,0.0414201183431952,0.0473372781065088,0.0828402366863905,0.0,0.0414201183431952,0.2571428571428571,0.1714285714285714,0.3142857142857143,0.2571428571428571,15,21,"RNCMPT00101,max,UGUACAG,RBD_v3_195688",1
"RNCMPT00150,min,UUUUUCC,RBD_v3_233254",30,0,0.0895140664961636,0.0230179028132992,0.0358056265984654,0.0639386189258312,0.0409207161125319,0.0895140664961636,0.0230179028132992,0.0332480818414322,0.0409207161125319,0.1099744245524296,0.0230179028132992,0.0127877237851662,0.0741687979539642,0.0409207161125319,0.0792838874680307,0.0537084398976982,0.0613810741687979,0.0792838874680307,0.0051150895140664,0.0204603580562659,0.2368421052631578,0.2368421052631578,0.3157894736842105,0.2105263157894736,18,24,"RNCMPT00150,min,UUUUUCC,RBD_v3_233254",1
"RNCMPT00052,min,CCCCCCA,RBD_v3_025151",121,0,0.0621468926553672,0.0338983050847457,0.0451977401129943,0.1016949152542373,0.0338983050847457,0.0734463276836158,0.0451977401129943,0.0677966101694915,0.0847457627118644,0.0621468926553672,0.0225988700564971,0.0508474576271186,0.0282485875706214,0.0282485875706214,0.0564971751412429,0.0508474576271186,0.0508474576271186,0.0621468926553672,0.0056497175141242,0.0338983050847457,0.131578947368421,0.3947368421052631,0.1842105263157894,0.2894736842105263,6,12,"RNCMPT00052,min,CCCCCCA,RBD_v3_025151",1
"RNCMPT00045,min,GGGGGGG,RBD_v3_162504",103,0,0.048780487804878,0.0182926829268292,0.073170731707317,0.073170731707317,0.073170731707317,0.048780487804878,0.024390243902439,0.0365853658536585,0.048780487804878,0.048780487804878,0.0060975609756097,0.0121951219512195,0.0365853658536585,0.0548780487804878,0.1585365853658536,0.1280487804878048,0.024390243902439,0.0426829268292682,0.0,0.0426829268292682,0.2894736842105263,0.1578947368421052,0.3947368421052631,0.1578947368421052,9,15,"RNCMPT00045,min,GGGGGGG,RBD_v3_162504",1
"RNCMPT00184,min,CACAAAU,RBD_v3_114933",117,0,0.1068702290076335,0.0076335877862595,0.0458015267175572,0.0381679389312977,0.0610687022900763,0.0916030534351145,0.0305343511450381,0.0610687022900763,0.0534351145038167,0.0458015267175572,0.0229007633587786,0.0229007633587786,0.0763358778625954,0.0610687022900763,0.0610687022900763,0.015267175572519,0.0763358778625954,0.0687022900763358,0.0,0.0534351145038167,0.3142857142857143,0.2,0.2571428571428571,0.2285714285714285,21,27,"RNCMPT00184,min,CACAAAU,RBD_v3_114933",1
"RNCMPT00166,min,CUACCAC,RBD_v3_154632",11,0,0.088659793814433,0.0144329896907216,0.0371134020618556,0.0391752577319587,0.0494845360824742,0.0865979381443299,0.0268041237113402,0.0391752577319587,0.0432989690721649,0.0927835051546391,0.0288659793814433,0.0185567010309278,0.0989690721649484,0.0824742268041237,0.0412371134020618,0.0721649484536082,0.0597938144329896,0.0556701030927835,0.0,0.0247422680412371,0.2368421052631578,0.3421052631578947,0.2368421052631578,0.1842105263157894,19,25,"RNCMPT00166,min,CUACCAC,RBD_v3_154632",1
"RNCMPT00054,min,CGGGUUU,RBD_v3_019329",125,0,0.0735294117647058,0.0117647058823529,0.0352941176470588,0.1029411764705882,0.05,0.0705882352941176,0.0147058823529411,0.0558823529411764,0.0852941176470588,0.0617647058823529,0.0352941176470588,0.0529411764705882,0.0588235294117647,0.0264705882352941,0.0588235294117647,0.0323529411764705,0.05,0.0823529411764705,0.0117647058823529,0.0294117647058823,0.2857142857142857,0.1428571428571428,0.2,0.3714285714285714,4,10,"RNCMPT00054,min,CGGGUUU,RBD_v3_019329",0
"RNCMPT00028,max,UAGGAUA,RBD_v3_230077",52,1,0.018348623853211,0.018348623853211,0.0412844036697247,0.0779816513761468,0.055045871559633,0.128440366972477,0.0275229357798165,0.0321100917431192,0.0688073394495412,0.055045871559633,0.0275229357798165,0.0825688073394495,0.0458715596330275,0.0412844036697247,0.055045871559633,0.0596330275229357,0.0596330275229357,0.0688073394495412,0.0091743119266055,0.0275229357798165,0.3421052631578947,0.1578947368421052,0.3157894736842105,0.1842105263157894,5,11,"RNCMPT00028,max,UAGGAUA,RBD_v3_230077",0
"RNCMPT00178,min,AGUGAGU,RBD_v3_187727",50,0,0.062730627306273,0.0276752767527675,0.040590405904059,0.070110701107011,0.0387453874538745,0.077490774907749,0.025830258302583,0.0387453874538745,0.059040590405904,0.077490774907749,0.022140221402214,0.0498154981549815,0.0535055350553505,0.033210332103321,0.055350553505535,0.088560885608856,0.051660516605166,0.0793357933579335,0.003690036900369,0.044280442804428,0.2666666666666666,0.1333333333333333,0.2333333333333333,0.3666666666666666,20,26,"RNCMPT00178,min,AGUGAGU,RBD_v3_187727",1
"RNCMPT00105,max,UGUAAUU,RBD_v3_118840",106,1,0.0562130177514792,0.0236686390532544,0.0414201183431952,0.0710059171597633,0.0355029585798816,0.0502958579881656,0.0502958579881656,0.0621301775147929,0.0710059171597633,0.0917159763313609,0.029585798816568,0.044378698224852,0.0236686390532544,0.0917159763313609,0.044378698224852,0.0414201183431952,0.0473372781065088,0.0828402366863905,0.0,0.0414201183431952,0.2894736842105263,0.2631578947368421,0.2105263157894736,0.2368421052631578,16,22,"RNCMPT00105,max,UGUAAUU,RBD_v3_118840",1
"RNCMPT00226,max,CCAAUAA,RBD_v3_061593",185,1,0.0443349753694581,0.0246305418719211,0.0246305418719211,0.0541871921182266,0.0443349753694581,0.064039408866995,0.0098522167487684,0.0886699507389162,0.064039408866995,0.0492610837438423,0.0098522167487684,0.0886699507389162,0.0246305418719211,0.0591133004926108,0.0541871921182266,0.083743842364532,0.0344827586206896,0.1182266009852216,0.0,0.0591133004926108,0.3428571428571428,0.2857142857142857,0.2285714285714285,0.1428571428571428,7,13,"RNCMPT00226,max,CCAAUAA,RBD_v3_061593",1
"RNCMPT00065,max,ACUAAUG,RBD_v3_217045",148,1,0.043010752688172,0.010752688172043,0.064516129032258,0.075268817204301,0.021505376344086,0.0806451612903225,0.0268817204301075,0.064516129032258,0.0913978494623656,0.075268817204301,0.0161290322580645,0.043010752688172,0.075268817204301,0.053763440860215,0.0913978494623656,0.032258064516129,0.0483870967741935,0.064516129032258,0.0053763440860215,0.0161290322580645,0.3714285714285714,0.2285714285714285,0.2,0.2,6,12,"RNCMPT00065,max,ACUAAUG,RBD_v3_217045",1
"RNCMPT00041,min,UCGUCUU,RBD_v3_191229",77,0,0.0521739130434782,0.017391304347826,0.0608695652173913,0.0652173913043478,0.0739130434782608,0.0913043478260869,0.0217391304347826,0.0304347826086956,0.0739130434782608,0.0478260869565217,0.0565217391304347,0.017391304347826,0.0565217391304347,0.0478260869565217,0.0608695652173913,0.0521739130434782,0.0695652173913043,0.0782608695652174,0.0043478260869565,0.0217391304347826,0.1,0.3333333333333333,0.2666666666666666,0.3,4,10,"RNCMPT00041,min,UCGUCUU,RBD_v3_191229",1
"RNCMPT00157,max,AGAAGAC,RBD_v3_146157",92,1,0.0705882352941176,0.0117647058823529,0.0352941176470588,0.1,0.0470588235294117,0.0764705882352941,0.0176470588235294,0.0470588235294117,0.0529411764705882,0.0411764705882352,0.0294117647058823,0.0529411764705882,0.0529411764705882,0.0176470588235294,0.1117647058823529,0.088235294117647,0.0470588235294117,0.0588235294117647,0.0,0.0411764705882352,0.3684210526315789,0.2631578947368421,0.2631578947368421,0.1052631578947368,1,7,"RNCMPT00157,max,AGAAGAC,RBD_v3_146157",1
"RNCMPT00261,min,GGGGGGC,RBD_v3_221155",82,0,0.0343980343980344,0.0171990171990172,0.0589680589680589,0.0761670761670761,0.0614250614250614,0.0466830466830466,0.0171990171990172,0.0761670761670761,0.1007371007371007,0.0687960687960688,0.0147420147420147,0.0712530712530712,0.0589680589680589,0.0417690417690417,0.054054054054054,0.0687960687960688,0.0614250614250614,0.0368550368550368,0.0024570024570024,0.0319410319410319,0.2666666666666666,0.3333333333333333,0.3333333333333333,0.0666666666666666,19,25,"RNCMPT00261,min,GGGGGGC,RBD_v3_221155",0
"RNCMPT00202,min,AGAAGAA,RBD_v3_005677",101,0,0.0380622837370242,0.0069204152249134,0.0553633217993079,0.0484429065743944,0.0415224913494809,0.0276816608996539,0.0173010380622837,0.1072664359861591,0.1141868512110726,0.0449826989619377,0.0449826989619377,0.1799307958477508,0.0346020761245674,0.0242214532871972,0.0173010380622837,0.0484429065743944,0.0553633217993079,0.0380622837370242,0.0,0.0553633217993079,0.3684210526315789,0.2368421052631578,0.2368421052631578,0.1578947368421052,1,7,"RNCMPT00202,min,AGAAGAA,RBD_v3_005677",1
"RNCMPT00223,max,UUUCACG,RBD_v3_087181",66,1,0.1889400921658986,0.0046082949308755,0.0184331797235023,0.0506912442396313,0.0460829493087557,0.0414746543778801,0.0230414746543778,0.0184331797235023,0.1013824884792626,0.0506912442396313,0.0092165898617511,0.0460829493087557,0.0599078341013824,0.032258064516129,0.0691244239631336,0.064516129032258,0.0368663594470046,0.1059907834101382,0.0046082949308755,0.0276497695852534,0.2285714285714285,0.2571428571428571,0.2571428571428571,0.2571428571428571,10,16,"RNCMPT00223,max,UUUCACG,RBD_v3_087181",1
"RNCMPT00145,min,GGGGGUG,RBD_v3_131696",153,0,0.074074074074074,0.0,0.0324074074074074,0.074074074074074,0.0694444444444444,0.037037037037037,0.0092592592592592,0.0694444444444444,0.1342592592592592,0.074074074074074,0.0416666666666666,0.0648148148148148,0.074074074074074,0.0555555555555555,0.0231481481481481,0.0555555555555555,0.0601851851851851,0.0324074074074074,0.0,0.0185185185185185,0.3421052631578947,0.1842105263157894,0.3947368421052631,0.0789473684210526,7,13,"RNCMPT00145,min,GGGGGUG,RBD_v3_131696",0
"RNCMPT00240,max,AUUCCGA,RBD_v3_193698",98,1,0.032258064516129,0.007168458781362,0.03584229390681,0.068100358422939,0.060931899641577,0.046594982078853,0.028673835125448,0.0931899641577061,0.1254480286738351,0.089605734767025,0.010752688172043,0.1254480286738351,0.03584229390681,0.028673835125448,0.010752688172043,0.046594982078853,0.039426523297491,0.053763440860215,0.010752688172043,0.050179211469534,0.3421052631578947,0.2105263157894736,0.2631578947368421,0.1842105263157894,16,22,"RNCMPT00240,max,AUUCCGA,RBD_v3_193698",0
"RNCMPT00074,max,AGGAGCA,RBD_v3_065928",162,1,0.0316742081447963,0.0090497737556561,0.085972850678733,0.0723981900452488,0.0407239819004524,0.1266968325791855,0.0180995475113122,0.0226244343891402,0.0361990950226244,0.0542986425339366,0.0180995475113122,0.0180995475113122,0.0633484162895927,0.0180995475113122,0.1357466063348416,0.0769230769230769,0.0271493212669683,0.0542986425339366,0.0135746606334841,0.0769230769230769,0.3157894736842105,0.131578947368421,0.3947368421052631,0.1578947368421052,19,25,"RNCMPT00074,max,AGGAGCA,RBD_v3_065928",1
"RNCMPT00186,max,CCAUACC,RBD_v3_073630",94,1,0.0870786516853932,0.0252808988764044,0.0308988764044943,0.0561797752808988,0.0112359550561797,0.1011235955056179,0.0196629213483146,0.095505617977528,0.0393258426966292,0.0674157303370786,0.0337078651685393,0.0393258426966292,0.0533707865168539,0.0561797752808988,0.0449438202247191,0.098314606741573,0.0702247191011236,0.0533707865168539,0.0028089887640449,0.0140449438202247,0.3157894736842105,0.3157894736842105,0.1052631578947368,0.2631578947368421,13,19,"RNCMPT00186,max,CCAUACC,RBD_v3_073630",0
"RNCMPT00011,min,GAGUCGU,RBD_v3_193537",93,0,0.0798611111111111,0.0104166666666666,0.0520833333333333,0.078125,0.0243055555555555,0.0538194444444444,0.0173611111111111,0.0625,0.0659722222222222,0.0850694444444444,0.0243055555555555,0.0520833333333333,0.0555555555555555,0.046875,0.0520833333333333,0.0868055555555555,0.0572916666666666,0.0625,0.0069444444444444,0.0260416666666666,0.2857142857142857,0.1428571428571428,0.3714285714285714,0.2,28,34,"RNCMPT00011,min,GAGUCGU,RBD_v3_193537",0
"RNCMPT00146,min,CAACUUC,RBD_v3_148835",20,0,0.0303030303030303,0.0216450216450216,0.0606060606060606,0.0735930735930736,0.0735930735930736,0.0692640692640692,0.0303030303030303,0.0346320346320346,0.0865800865800865,0.0519480519480519,0.0129870129870129,0.0606060606060606,0.0389610389610389,0.0346320346320346,0.0606060606060606,0.0649350649350649,0.0519480519480519,0.0909090909090909,0.0086580086580086,0.0432900432900432,0.2571428571428571,0.2857142857142857,0.1714285714285714,0.2857142857142857,22,28,"RNCMPT00146,min,CAACUUC,RBD_v3_148835",0
"RNCMPT00278,min,GAUUUGA,RBD_v3_240867",83,0,0.0734463276836158,0.0225988700564971,0.0451977401129943,0.0734463276836158,0.03954802259887,0.0508474576271186,0.0282485875706214,0.0508474576271186,0.096045197740113,0.0790960451977401,0.0112994350282485,0.0508474576271186,0.0508474576271186,0.0508474576271186,0.0508474576271186,0.0564971751412429,0.0621468926553672,0.0564971751412429,0.0,0.0508474576271186,0.2105263157894736,0.2631578947368421,0.2105263157894736,0.3157894736842105,31,37,"RNCMPT00278,min,GAUUUGA,RBD_v3_240867",1
"RNCMPT00209,max,AUUGCAC,RBD_v3_130306",80,1,0.1255060728744939,0.0,0.0566801619433198,0.0850202429149797,0.048582995951417,0.0647773279352226,0.0040485829959514,0.048582995951417,0.0769230769230769,0.0647773279352226,0.0161943319838056,0.0404858299595141,0.0566801619433198,0.0566801619433198,0.0769230769230769,0.0242914979757085,0.0607287449392712,0.0728744939271255,0.0,0.020242914979757,0.2571428571428571,0.2857142857142857,0.2857142857142857,0.1714285714285714,7,13,"RNCMPT00209,max,AUUGCAC,RBD_v3_130306",1
"RNCMPT00162,min,CGCCGCC,RBD_v3_136214",64,0,0.1004784688995215,0.0430622009569378,0.0287081339712918,0.0909090909090909,0.0526315789473684,0.1004784688995215,0.0382775119617224,0.0239234449760765,0.0813397129186602,0.0574162679425837,0.0287081339712918,0.0191387559808612,0.0717703349282296,0.0526315789473684,0.0526315789473684,0.0717703349282296,0.0239234449760765,0.0478468899521531,0.0047846889952153,0.0095693779904306,0.2,0.3428571428571428,0.2,0.2571428571428571,12,18,"RNCMPT00162,min,CGCCGCC,RBD_v3_136214",1
"RNCMPT00121,min,GAGUCGU,RBD_v3_148916",28,0,0.1096605744125326,0.0052219321148825,0.031331592689295,0.0365535248041775,0.0391644908616188,0.0861618798955613,0.0026109660574412,0.0574412532637075,0.0469973890339425,0.0704960835509138,0.0234986945169712,0.0678851174934725,0.0652741514360313,0.0809399477806788,0.0391644908616188,0.0678851174934725,0.0704960835509138,0.0704960835509138,0.0026109660574412,0.0261096605744125,0.3428571428571428,0.2857142857142857,0.1142857142857142,0.2571428571428571,2,8,"RNCMPT00121,min,GAGUCGU,RBD_v3_148916",1
"RNCMPT00171,max,AGAAAUU,RBD_v3_236647",91,1,0.0706806282722513,0.0157068062827225,0.0654450261780104,0.06282722513089,0.06282722513089,0.0837696335078534,0.013089005235602,0.0445026178010471,0.0890052356020942,0.0759162303664921,0.0209424083769633,0.0497382198952879,0.0418848167539267,0.0157068062827225,0.0863874345549738,0.0549738219895288,0.031413612565445,0.0732984293193717,0.0078534031413612,0.0340314136125654,0.4473684210526316,0.2105263157894736,0.1842105263157894,0.1578947368421052,1,7,"RNCMPT00171,max,AGAAAUU,RBD_v3_236647",0
"RNCMPT00240,min,ACACGGA,RBD_v3_008850",98,0,0.032258064516129,0.007168458781362,0.03584229390681,0.068100358422939,0.060931899641577,0.046594982078853,0.028673835125448,0.0931899641577061,0.1254480286738351,0.089605734767025,0.010752688172043,0.1254480286738351,0.03584229390681,0.028673835125448,0.010752688172043,0.046594982078853,0.039426523297491,0.053763440860215,0.010752688172043,0.050179211469534,0.3142857142857143,0.2285714285714285,0.3428571428571428,0.1142857142857142,3,9,"RNCMPT00240,min,ACACGGA,RBD_v3_008850",0
"RNCMPT00184,max,AGUGUGA,RBD_v3_096522",117,1,0.1068702290076335,0.0076335877862595,0.0458015267175572,0.0381679389312977,0.0610687022900763,0.0916030534351145,0.0305343511450381,0.0610687022900763,0.0534351145038167,0.0458015267175572,0.0229007633587786,0.0229007633587786,0.0763358778625954,0.0610687022900763,0.0610687022900763,0.015267175572519,0.0763358778625954,0.0687022900763358,0.0,0.0534351145038167,0.3684210526315789,0.1052631578947368,0.2894736842105263,0.2368421052631578,16,22,"RNCMPT00184,max,AGUGUGA,RBD_v3_096522",0
"RNCMPT00106,min,CCCCCCC,RBD_v3_174212",158,0,0.0495049504950495,0.0099009900990099,0.099009900990099,0.0544554455445544,0.0346534653465346,0.1633663366336633,0.0099009900990099,0.0346534653465346,0.0396039603960396,0.0297029702970297,0.0148514851485148,0.0297029702970297,0.0693069306930693,0.0049504950495049,0.1237623762376237,0.0495049504950495,0.0297029702970297,0.0841584158415841,0.0049504950495049,0.0643564356435643,0.1428571428571428,0.3428571428571428,0.3142857142857143,0.2,16,22,"RNCMPT00106,min,CCCCCCC,RBD_v3_174212",1
"RNCMPT00203,max,CCAUCAC,RBD_v3_095283",102,1,0.0466321243523316,0.005181347150259,0.0362694300518134,0.0466321243523316,0.0569948186528497,0.0414507772020725,0.0259067357512953,0.1139896373056994,0.1036269430051813,0.0880829015544041,0.0207253886010362,0.1243523316062176,0.0466321243523316,0.0362694300518134,0.0103626943005181,0.0414507772020725,0.0518134715025906,0.0414507772020725,0.005181347150259,0.0569948186528497,0.3142857142857143,0.2285714285714285,0.2285714285714285,0.2285714285714285,6,12,"RNCMPT00203,max,CCAUCAC,RBD_v3_095283",0
"RNCMPT00006,max,ACAGAUG,RBD_v3_023883",14,1,0.0726256983240223,0.0223463687150838,0.0223463687150838,0.0335195530726257,0.0391061452513966,0.0614525139664804,0.0111731843575419,0.0670391061452514,0.0614525139664804,0.0670391061452514,0.0446927374301676,0.0446927374301676,0.0726256983240223,0.0391061452513966,0.0837988826815642,0.0670391061452514,0.0558659217877094,0.0726256983240223,0.0111731843575419,0.0502793296089385,0.3142857142857143,0.2,0.2857142857142857,0.2,13,19,"RNCMPT00006,max,ACAGAUG,RBD_v3_023883",0
"RNCMPT00010,max,UACUUUA,RBD_v3_206289",19,1,0.0526315789473684,0.0121457489878542,0.0404858299595141,0.0647773279352226,0.0404858299595141,0.068825910931174,0.020242914979757,0.0323886639676113,0.0809716599190283,0.068825910931174,0.0323886639676113,0.0404858299595141,0.0566801619433198,0.020242914979757,0.1012145748987854,0.0931174089068826,0.0526315789473684,0.0647773279352226,0.0040485829959514,0.0526315789473684,0.2894736842105263,0.2631578947368421,0.1842105263157894,0.2631578947368421,6,12,"RNCMPT00010,max,UACUUUA,RBD_v3_206289",0
"RNCMPT00226,min,UUGUAUG,RBD_v3_042316",185,0,0.0443349753694581,0.0246305418719211,0.0246305418719211,0.0541871921182266,0.0443349753694581,0.064039408866995,0.0098522167487684,0.0886699507389162,0.064039408866995,0.0492610837438423,0.0098522167487684,0.0886699507389162,0.0246305418719211,0.0591133004926108,0.0541871921182266,0.083743842364532,0.0344827586206896,0.1182266009852216,0.0,0.0591133004926108,0.2105263157894736,0.2105263157894736,0.2894736842105263,0.2894736842105263,6,12,"RNCMPT00226,min,UUGUAUG,RBD_v3_042316",1
"RNCMPT00078,min,AGGGGGG,RBD_v3_062286",173,0,0.0467836257309941,0.0175438596491228,0.0467836257309941,0.0467836257309941,0.0409356725146198,0.0643274853801169,0.0409356725146198,0.0467836257309941,0.0350877192982456,0.023391812865497,0.0116959064327485,0.023391812865497,0.0701754385964912,0.0467836257309941,0.1871345029239766,0.1403508771929824,0.0350877192982456,0.0409356725146198,0.0,0.0350877192982456,0.2368421052631578,0.1842105263157894,0.3421052631578947,0.2368421052631578,1,7,"RNCMPT00078,min,AGGGGGG,RBD_v3_062286",0
"RNCMPT00097,max,UCGCGCG,RBD_v3_177480",63,1,0.0579710144927536,0.0289855072463768,0.0531400966183574,0.072463768115942,0.038647342995169,0.1111111111111111,0.0144927536231884,0.0289855072463768,0.0628019323671497,0.0628019323671497,0.0144927536231884,0.0434782608695652,0.0579710144927536,0.0434782608695652,0.072463768115942,0.038647342995169,0.0628019323671497,0.0917874396135265,0.0048309178743961,0.038647342995169,0.2,0.2333333333333333,0.3666666666666666,0.2,18,24,"RNCMPT00097,max,UCGCGCG,RBD_v3_177480",1
"RNCMPT00064,max,AGAAAAA,RBD_v3_140436",147,1,0.0711610486891385,0.0224719101123595,0.0411985018726591,0.0861423220973782,0.0374531835205992,0.0599250936329588,0.0112359550561797,0.0337078651685393,0.1048689138576779,0.0749063670411985,0.0299625468164794,0.0299625468164794,0.0786516853932584,0.0411985018726591,0.0599250936329588,0.0749063670411985,0.0411985018726591,0.0749063670411985,0.0,0.0262172284644194,0.4210526315789473,0.1578947368421052,0.2894736842105263,0.131578947368421,1,7,"RNCMPT00064,max,AGAAAAA,RBD_v3_140436",0
"RNCMPT00073,min,UUUUGUC,RBD_v3_120107",161,0,0.064516129032258,0.032258064516129,0.064516129032258,0.0725806451612903,0.0483870967741935,0.1290322580645161,0.0161290322580645,0.0161290322580645,0.032258064516129,0.0403225806451612,0.0161290322580645,0.0241935483870967,0.0725806451612903,0.0,0.1451612903225806,0.0483870967741935,0.032258064516129,0.064516129032258,0.0080645161290322,0.0725806451612903,0.1578947368421052,0.2368421052631578,0.1842105263157894,0.4210526315789473,6,12,"RNCMPT00073,min,UUUUGUC,RBD_v3_120107",0
"RNCMPT00170,max,AAUCCAA,RBD_v3_026869",128,1,0.0435967302452316,0.0163487738419618,0.0653950953678474,0.0871934604904632,0.0272479564032697,0.0762942779291553,0.0217983651226158,0.0408719346049046,0.0653950953678474,0.0681198910081744,0.0217983651226158,0.0354223433242506,0.0708446866485013,0.0490463215258855,0.0953678474114441,0.0653950953678474,0.0517711171662125,0.0463215258855585,0.0081743869209809,0.0435967302452316,0.3,0.2666666666666666,0.1666666666666666,0.2666666666666666,4,10,"RNCMPT00170,max,AAUCCAA,RBD_v3_026869",1
"RNCMPT00144,min,GGUCGUG,RBD_v3_215931",21,0,0.0762711864406779,0.0254237288135593,0.0338983050847457,0.059322033898305,0.0423728813559322,0.135593220338983,0.0169491525423728,0.0254237288135593,0.0508474576271186,0.0423728813559322,0.0254237288135593,0.0762711864406779,0.0762711864406779,0.0338983050847457,0.0847457627118644,0.0508474576271186,0.0508474576271186,0.0762711864406779,0.0,0.0169491525423728,0.3714285714285714,0.1714285714285714,0.3714285714285714,0.0857142857142857,26,32,"RNCMPT00144,min,GGUCGUG,RBD_v3_215931",1
"RNCMPT00217,max,UGUUUGU,RBD_v3_004768",176,1,0.0751295336787564,0.0129533678756476,0.0569948186528497,0.082901554404145,0.0518134715025906,0.0932642487046632,0.0310880829015544,0.0414507772020725,0.0207253886010362,0.0569948186528497,0.0233160621761658,0.0518134715025906,0.0647668393782383,0.0362694300518134,0.0984455958549222,0.0595854922279792,0.0492227979274611,0.0621761658031088,0.005181347150259,0.0259067357512953,0.1842105263157894,0.1578947368421052,0.2631578947368421,0.3947368421052631,8,14,"RNCMPT00217,max,UGUUUGU,RBD_v3_004768",1
"RNCMPT00173,min,AGAGUCG,RBD_v3_229927",131,0,0.073170731707317,0.016260162601626,0.040650406504065,0.0447154471544715,0.024390243902439,0.073170731707317,0.016260162601626,0.040650406504065,0.073170731707317,0.0691056910569105,0.024390243902439,0.065040650406504,0.089430894308943,0.0772357723577235,0.032520325203252,0.0853658536585365,0.0609756097560975,0.0365853658536585,0.0040650406504065,0.0528455284552845,0.2857142857142857,0.2285714285714285,0.2285714285714285,0.2571428571428571,24,30,"RNCMPT00173,min,AGAGUCG,RBD_v3_229927",1
"RNCMPT00062,max,UAAAAGC,RBD_v3_127796",60,1,0.0682926829268292,0.0048780487804878,0.048780487804878,0.0585365853658536,0.024390243902439,0.0878048780487804,0.0195121951219512,0.0292682926829268,0.0878048780487804,0.0926829268292682,0.024390243902439,0.024390243902439,0.1317073170731707,0.0292682926829268,0.0682926829268292,0.0926829268292682,0.048780487804878,0.0439024390243902,0.0,0.0146341463414634,0.3421052631578947,0.1578947368421052,0.2368421052631578,0.2631578947368421,29,35,"RNCMPT00062,max,UAAAAGC,RBD_v3_127796",1
"RNCMPT00268,min,AGGGGGG,RBD_v3_000276",104,0,0.0981132075471698,0.0056603773584905,0.0471698113207547,0.0320754716981132,0.0452830188679245,0.0716981132075471,0.0283018867924528,0.0528301886792452,0.0622641509433962,0.1,0.0226415094339622,0.0698113207547169,0.0528301886792452,0.0547169811320754,0.0339622641509433,0.0886792452830188,0.0433962264150943,0.0716981132075471,0.0,0.0188679245283018,0.2631578947368421,0.0789473684210526,0.4210526315789473,0.2368421052631578,1,7,"RNCMPT00268,min,AGGGGGG,RBD_v3_000276",1
"RNCMPT00054,max,AUGAUUA,RBD_v3_224059",125,1,0.0735294117647058,0.0117647058823529,0.0352941176470588,0.1029411764705882,0.05,0.0705882352941176,0.0147058823529411,0.0558823529411764,0.0852941176470588,0.0617647058823529,0.0352941176470588,0.0529411764705882,0.0588235294117647,0.0264705882352941,0.0588235294117647,0.0323529411764705,0.05,0.0823529411764705,0.0117647058823529,0.0294117647058823,0.2894736842105263,0.1842105263157894,0.2368421052631578,0.2894736842105263,4,10,"RNCMPT00054,max,AUGAUUA,RBD_v3_224059",1
"RNCMPT00143,max,AUCAAGA,RBD_v3_216383",155,1,0.0584795321637426,0.0,0.0584795321637426,0.1228070175438596,0.0292397660818713,0.0760233918128654,0.0292397660818713,0.0584795321637426,0.087719298245614,0.0701754385964912,0.0058479532163742,0.0292397660818713,0.0409356725146198,0.0175438596491228,0.1403508771929824,0.0292397660818713,0.0467836257309941,0.0467836257309941,0.0116959064327485,0.0409356725146198,0.3157894736842105,0.2894736842105263,0.1842105263157894,0.2105263157894736,3,9,"RNCMPT00143,max,AUCAAGA,RBD_v3_216383",1
"RNCMPT00017,min,CGGCGCG,RBD_v3_162955",35,0,0.1518072289156626,0.0024096385542168,0.0313253012048192,0.0313253012048192,0.0313253012048192,0.0698795180722891,0.0192771084337349,0.0409638554216867,0.0265060240963855,0.1012048192771084,0.0337349397590361,0.053012048192771,0.0602409638554216,0.1373493975903614,0.0385542168674698,0.0698795180722891,0.0433734939759036,0.0385542168674698,0.0,0.0192771084337349,0.2105263157894736,0.2894736842105263,0.3157894736842105,0.1842105263157894,16,22,"RNCMPT00017,min,CGGCGCG,RBD_v3_162955",0
"RNCMPT00136,max,UUAGUUU,RBD_v3_232147",57,1,0.0707692307692307,0.0092307692307692,0.0492307692307692,0.0461538461538461,0.0553846153846153,0.0892307692307692,0.0246153846153846,0.0584615384615384,0.0523076923076923,0.0676923076923076,0.0307692307692307,0.0707692307692307,0.0369230769230769,0.0369230769230769,0.0615384615384615,0.0861538461538461,0.0492307692307692,0.0676923076923076,0.0061538461538461,0.0307692307692307,0.1842105263157894,0.2368421052631578,0.2105263157894736,0.3684210526315789,6,12,"RNCMPT00136,max,UUAGUUU,RBD_v3_232147",0
"RNCMPT00047,max,ACUAACA,RBD_v3_136295",113,1,0.0967741935483871,0.0058651026392961,0.0410557184750733,0.0791788856304985,0.0146627565982404,0.0615835777126099,0.0175953079178885,0.0557184750733137,0.0703812316715542,0.0967741935483871,0.0381231671554252,0.0410557184750733,0.0967741935483871,0.032258064516129,0.0586510263929618,0.032258064516129,0.064516129032258,0.0615835777126099,0.002932551319648,0.032258064516129,0.2894736842105263,0.2368421052631578,0.2368421052631578,0.2368421052631578,11,17,"RNCMPT00047,max,ACUAACA,RBD_v3_136295",1
"RNCMPT00042,max,AGAAAAA,RBD_v3_078881",81,1,0.0533333333333333,0.12,0.0266666666666666,0.0533333333333333,0.0533333333333333,0.0666666666666666,0.0666666666666666,0.0533333333333333,0.0666666666666666,0.04,0.0133333333333333,0.0666666666666666,0.08,0.0133333333333333,0.1066666666666666,0.0266666666666666,0.04,0.0266666666666666,0.0,0.0266666666666666,0.4210526315789473,0.1052631578947368,0.3157894736842105,0.1578947368421052,1,7,"RNCMPT00042,max,AGAAAAA,RBD_v3_078881",1
"RNCMPT00104,min,UGGGGCA,RBD_v3_098873",106,0,0.0562130177514792,0.0236686390532544,0.0414201183431952,0.0710059171597633,0.0355029585798816,0.0502958579881656,0.0502958579881656,0.0621301775147929,0.0710059171597633,0.0917159763313609,0.029585798816568,0.044378698224852,0.0236686390532544,0.0917159763313609,0.044378698224852,0.0414201183431952,0.0473372781065088,0.0828402366863905,0.0,0.0414201183431952,0.2894736842105263,0.1578947368421052,0.3684210526315789,0.1842105263157894,25,31,"RNCMPT00104,min,UGGGGCA,RBD_v3_098873",1
"RNCMPT00168,max,UGCAUGC,RBD_v3_031356",116,1,0.0828402366863905,0.0059171597633136,0.0532544378698224,0.0650887573964497,0.0532544378698224,0.0769230769230769,0.0177514792899408,0.029585798816568,0.0532544378698224,0.0414201183431952,0.0118343195266272,0.0710059171597633,0.059171597633136,0.0710059171597633,0.0532544378698224,0.059171597633136,0.0946745562130177,0.0769230769230769,0.0059171597633136,0.0177514792899408,0.2105263157894736,0.3157894736842105,0.2368421052631578,0.2368421052631578,26,32,"RNCMPT00168,max,UGCAUGC,RBD_v3_031356",1
"RNCMPT00063,max,GCUGGUC,RBD_v3_002136",146,1,0.0559006211180124,0.0186335403726708,0.031055900621118,0.0683229813664596,0.0062111801242236,0.0496894409937888,0.0248447204968944,0.0745341614906832,0.062111801242236,0.0993788819875776,0.031055900621118,0.0559006211180124,0.0434782608695652,0.0559006211180124,0.0559006211180124,0.1180124223602484,0.0745341614906832,0.031055900621118,0.0186335403726708,0.0248447204968944,0.1842105263157894,0.3157894736842105,0.2368421052631578,0.2631578947368421,5,11,"RNCMPT00063,max,GCUGGUC,RBD_v3_002136",0
"RNCMPT00174,max,UAUUUUA,RBD_v3_116039",151,1,0.135,0.0066666666666666,0.03,0.0216666666666666,0.0133333333333333,0.09,0.01,0.0333333333333333,0.0366666666666666,0.0466666666666666,0.035,0.045,0.1066666666666666,0.0916666666666666,0.0283333333333333,0.0816666666666666,0.0816666666666666,0.05,0.0083333333333333,0.0483333333333333,0.2631578947368421,0.2368421052631578,0.1842105263157894,0.3157894736842105,20,26,"RNCMPT00174,max,UAUUUUA,RBD_v3_116039",1
"RNCMPT00139,min,UUUUUUU,RBD_v3_032650",87,0,0.0833333333333333,0.0098039215686274,0.0588235294117647,0.0735294117647058,0.0637254901960784,0.0759803921568627,0.0098039215686274,0.0367647058823529,0.0906862745098039,0.0686274509803921,0.0269607843137254,0.0539215686274509,0.0294117647058823,0.0367647058823529,0.0612745098039215,0.0637254901960784,0.0441176470588235,0.0735294117647058,0.0024509803921568,0.0367647058823529,0.2368421052631578,0.1842105263157894,0.2631578947368421,0.3157894736842105,17,23,"RNCMPT00139,min,UUUUUUU,RBD_v3_032650",1
"RNCMPT00124,max,CGCGCGG,RBD_v3_206656",63,1,0.0397727272727272,0.0198863636363636,0.0681818181818181,0.0568181818181818,0.0426136363636363,0.09375,0.0113636363636363,0.0255681818181818,0.0369318181818181,0.0511363636363636,0.03125,0.0284090909090909,0.1107954545454545,0.0284090909090909,0.1164772727272727,0.0738636363636363,0.0482954545454545,0.0568181818181818,0.002840909090909,0.0568181818181818,0.2571428571428571,0.3142857142857143,0.2857142857142857,0.1428571428571428,19,25,"RNCMPT00124,max,CGCGCGG,RBD_v3_206656",1
"RNCMPT00105,max,UGUAAUU,RBD_v3_021691",106,1,0.0562130177514792,0.0236686390532544,0.0414201183431952,0.0710059171597633,0.0355029585798816,0.0502958579881656,0.0502958579881656,0.0621301775147929,0.0710059171597633,0.0917159763313609,0.029585798816568,0.044378698224852,0.0236686390532544,0.0917159763313609,0.044378698224852,0.0414201183431952,0.0473372781065088,0.0828402366863905,0.0,0.0414201183431952,0.2894736842105263,0.2631578947368421,0.2105263157894736,0.2368421052631578,16,22,"RNCMPT00105,max,UGUAAUU,RBD_v3_021691",1
"RNCMPT00156,max,AGACAGA,RBD_v3_072324",22,1,0.0677966101694915,0.0225988700564971,0.0338983050847457,0.0847457627118644,0.0282485875706214,0.0508474576271186,0.0225988700564971,0.0338983050847457,0.1073446327683615,0.0734463276836158,0.0169491525423728,0.0508474576271186,0.0451977401129943,0.0677966101694915,0.0508474576271186,0.0734463276836158,0.0338983050847457,0.0847457627118644,0.0,0.0508474576271186,0.3714285714285714,0.2571428571428571,0.2571428571428571,0.1142857142857142,1,7,"RNCMPT00156,max,AGACAGA,RBD_v3_072324",1
"RNCMPT00165,max,UUUUUUG,RBD_v3_119555",170,1,0.0685714285714285,0.0171428571428571,0.04,0.0457142857142857,0.0457142857142857,0.0885714285714285,0.0228571428571428,0.0457142857142857,0.0542857142857142,0.0342857142857142,0.0371428571428571,0.0542857142857142,0.0485714285714285,0.0857142857142857,0.0342857142857142,0.0771428571428571,0.0657142857142857,0.0685714285714285,0.0257142857142857,0.04,0.1578947368421052,0.1842105263157894,0.1842105263157894,0.4736842105263157,31,37,"RNCMPT00165,max,UUUUUUG,RBD_v3_119555",0
"RNCMPT00059,min,CCCCUAC,RBD_v3_002659",135,0,0.0117647058823529,0.0058823529411764,0.0705882352941176,0.0470588235294117,0.0764705882352941,0.1,0.0235294117647058,0.0352941176470588,0.0823529411764705,0.1,0.0176470588235294,0.0588235294117647,0.0176470588235294,0.0588235294117647,0.1058823529411764,0.0588235294117647,0.0529411764705882,0.0588235294117647,0.0,0.0176470588235294,0.2368421052631578,0.3947368421052631,0.131578947368421,0.2368421052631578,19,25,"RNCMPT00059,min,CCCCUAC,RBD_v3_002659",1
"RNCMPT00251,min,GAGUGGU,RBD_v3_068788",181,0,0.1028446389496717,0.0306345733041575,0.0547045951859956,0.0481400437636761,0.0525164113785558,0.0678336980306345,0.024070021881838,0.0437636761487965,0.0306345733041575,0.0919037199124726,0.0284463894967177,0.0328227571115973,0.0459518599562363,0.037199124726477,0.0634573304157549,0.0853391684901531,0.0547045951859956,0.0787746170678337,0.0065645514223194,0.0196936542669584,0.2333333333333333,0.1666666666666666,0.3,0.3,10,16,"RNCMPT00251,min,GAGUGGU,RBD_v3_068788",0
"RNCMPT00285,max,GAGUGUG,RBD_v3_064069",141,1,0.0839694656488549,0.0076335877862595,0.0534351145038167,0.0305343511450381,0.0610687022900763,0.0839694656488549,0.0305343511450381,0.0687022900763358,0.0534351145038167,0.0305343511450381,0.0229007633587786,0.0229007633587786,0.0839694656488549,0.0534351145038167,0.0610687022900763,0.0381679389312977,0.0839694656488549,0.0687022900763358,0.0,0.0610687022900763,0.2894736842105263,0.1578947368421052,0.3421052631578947,0.2105263157894736,2,8,"RNCMPT00285,max,GAGUGUG,RBD_v3_064069",0
"RNCMPT00183,min,GGGGCAC,RBD_v3_211306",31,0,0.1139455782312925,0.0153061224489795,0.0476190476190476,0.0272108843537414,0.042517006802721,0.086734693877551,0.0255102040816326,0.0408163265306122,0.0510204081632653,0.0765306122448979,0.0289115646258503,0.0595238095238095,0.0493197278911564,0.0918367346938775,0.0289115646258503,0.0731292517006802,0.0561224489795918,0.0612244897959183,0.0017006802721088,0.0221088435374149,0.3142857142857143,0.2285714285714285,0.3142857142857143,0.1428571428571428,10,16,"RNCMPT00183,min,GGGGCAC,RBD_v3_211306",0
"RNCMPT00124,min,GCCCCCC,RBD_v3_146384",63,0,0.0397727272727272,0.0198863636363636,0.0681818181818181,0.0568181818181818,0.0426136363636363,0.09375,0.0113636363636363,0.0255681818181818,0.0369318181818181,0.0511363636363636,0.03125,0.0284090909090909,0.1107954545454545,0.0284090909090909,0.1164772727272727,0.0738636363636363,0.0482954545454545,0.0568181818181818,0.002840909090909,0.0568181818181818,0.1666666666666666,0.3333333333333333,0.2333333333333333,0.2666666666666666,19,25,"RNCMPT00124,min,GCCCCCC,RBD_v3_146384",1
"RNCMPT00185,max,AUAAACA,RBD_v3_065115",61,1,0.0552486187845303,0.0,0.0552486187845303,0.1270718232044199,0.0331491712707182,0.0773480662983425,0.0220994475138121,0.0497237569060773,0.1104972375690607,0.1104972375690607,0.0220994475138121,0.0331491712707182,0.0386740331491712,0.0276243093922651,0.0662983425414364,0.0883977900552486,0.005524861878453,0.0441988950276243,0.0,0.0331491712707182,0.4210526315789473,0.1842105263157894,0.1842105263157894,0.2105263157894736,8,14,"RNCMPT00185,max,AUAAACA,RBD_v3_065115",0
"RNCMPT00054,min,CGGGUUU,RBD_v3_171394",125,0,0.0735294117647058,0.0117647058823529,0.0352941176470588,0.1029411764705882,0.05,0.0705882352941176,0.0147058823529411,0.0558823529411764,0.0852941176470588,0.0617647058823529,0.0352941176470588,0.0529411764705882,0.0588235294117647,0.0264705882352941,0.0588235294117647,0.0323529411764705,0.05,0.0823529411764705,0.0117647058823529,0.0294117647058823,0.1333333333333333,0.2333333333333333,0.3666666666666666,0.2666666666666666,8,14,"RNCMPT00054,min,CGGGUUU,RBD_v3_171394",1
"RNCMPT00100,min,ACCCCCC,RBD_v3_096931",76,0,0.0736434108527131,0.0116279069767441,0.0387596899224806,0.0503875968992248,0.0503875968992248,0.1085271317829457,0.0193798449612403,0.0348837209302325,0.0930232558139534,0.0620155038759689,0.0271317829457364,0.0426356589147286,0.0581395348837209,0.0581395348837209,0.0387596899224806,0.065891472868217,0.0736434108527131,0.0813953488372093,0.003875968992248,0.0077519379844961,0.2105263157894736,0.3421052631578947,0.2105263157894736,0.2368421052631578,22,28,"RNCMPT00100,min,ACCCCCC,RBD_v3_096931",1
"RNCMPT00163,max,GGAGGAG,RBD_v3_081043",158,1,0.0403225806451612,0.0080645161290322,0.0806451612903225,0.0443548387096774,0.0282258064516129,0.1411290322580645,0.0120967741935483,0.0282258064516129,0.032258064516129,0.0241935483870967,0.0120967741935483,0.0282258064516129,0.0685483870967741,0.0040322580645161,0.1733870967741935,0.1129032258064516,0.0282258064516129,0.0685483870967741,0.0040322580645161,0.0604838709677419,0.2894736842105263,0.2368421052631578,0.3421052631578947,0.131578947368421,21,27,"RNCMPT00163,max,GGAGGAG,RBD_v3_081043",1
"RNCMPT00105,min,GGGGCGC,RBD_v3_001393",106,0,0.0562130177514792,0.0236686390532544,0.0414201183431952,0.0710059171597633,0.0355029585798816,0.0502958579881656,0.0502958579881656,0.0621301775147929,0.0710059171597633,0.0917159763313609,0.029585798816568,0.044378698224852,0.0236686390532544,0.0917159763313609,0.044378698224852,0.0414201183431952,0.0473372781065088,0.0828402366863905,0.0,0.0414201183431952,0.1282051282051282,0.1538461538461538,0.3333333333333333,0.3846153846153846,22,28,"RNCMPT00105,min,GGGGCGC,RBD_v3_001393",1
"RNCMPT00051,max,GUGUGUG,RBD_v3_232088",120,1,0.1123595505617977,0.0112359550561797,0.0898876404494382,0.0337078651685393,0.0561797752808988,0.1011235955056179,0.0112359550561797,0.0561797752808988,0.0786516853932584,0.0449438202247191,0.0112359550561797,0.0337078651685393,0.0449438202247191,0.0224719101123595,0.0786516853932584,0.0224719101123595,0.0898876404494382,0.0561797752808988,0.0,0.0449438202247191,0.2105263157894736,0.2368421052631578,0.2631578947368421,0.2894736842105263,29,35,"RNCMPT00051,max,GUGUGUG,RBD_v3_232088",0
"RNCMPT00074,min,CUGUUUC,RBD_v3_177649",162,0,0.0316742081447963,0.0090497737556561,0.085972850678733,0.0723981900452488,0.0407239819004524,0.1266968325791855,0.0180995475113122,0.0226244343891402,0.0361990950226244,0.0542986425339366,0.0180995475113122,0.0180995475113122,0.0633484162895927,0.0180995475113122,0.1357466063348416,0.0769230769230769,0.0271493212669683,0.0542986425339366,0.0135746606334841,0.0769230769230769,0.2,0.3142857142857143,0.1142857142857142,0.3714285714285714,17,23,"RNCMPT00074,min,CUGUUUC,RBD_v3_177649",0
"RNCMPT00268,min,AGGGGGG,RBD_v3_169706",104,0,0.0981132075471698,0.0056603773584905,0.0471698113207547,0.0320754716981132,0.0452830188679245,0.0716981132075471,0.0283018867924528,0.0528301886792452,0.0622641509433962,0.1,0.0226415094339622,0.0698113207547169,0.0528301886792452,0.0547169811320754,0.0339622641509433,0.0886792452830188,0.0433962264150943,0.0716981132075471,0.0,0.0188679245283018,0.3947368421052631,0.131578947368421,0.4473684210526316,0.0263157894736842,1,7,"RNCMPT00268,min,AGGGGGG,RBD_v3_169706",1
"RNCMPT00036,min,GGGGGGC,RBD_v3_063164",64,0,0.1004784688995215,0.0430622009569378,0.0287081339712918,0.0909090909090909,0.0526315789473684,0.1004784688995215,0.0382775119617224,0.0239234449760765,0.0813397129186602,0.0574162679425837,0.0287081339712918,0.0191387559808612,0.0717703349282296,0.0526315789473684,0.0526315789473684,0.0717703349282296,0.0239234449760765,0.0478468899521531,0.0047846889952153,0.0095693779904306,0.2631578947368421,0.2368421052631578,0.2368421052631578,0.2631578947368421,2,8,"RNCMPT00036,min,GGGGGGC,RBD_v3_063164",1
"RNCMPT00119,min,GGGGAGC,RBD_v3_166046",165,0,0.0823529411764705,0.0117647058823529,0.0509803921568627,0.0352941176470588,0.0313725490196078,0.0901960784313725,0.0196078431372549,0.0509803921568627,0.0431372549019607,0.0823529411764705,0.0431372549019607,0.0862745098039215,0.0705882352941176,0.0313725490196078,0.0666666666666666,0.0666666666666666,0.0470588235294117,0.0549019607843137,0.0,0.0352941176470588,0.3428571428571428,0.1142857142857142,0.2857142857142857,0.2571428571428571,6,12,"RNCMPT00119,min,GGGGAGC,RBD_v3_166046",1
"RNCMPT00062,max,GAUAAAA,RBD_v3_052691",60,1,0.0682926829268292,0.0048780487804878,0.048780487804878,0.0585365853658536,0.024390243902439,0.0878048780487804,0.0195121951219512,0.0292682926829268,0.0878048780487804,0.0926829268292682,0.024390243902439,0.024390243902439,0.1317073170731707,0.0292682926829268,0.0682926829268292,0.0926829268292682,0.048780487804878,0.0439024390243902,0.0,0.0146341463414634,0.3684210526315789,0.1842105263157894,0.2368421052631578,0.2105263157894736,32,38,"RNCMPT00062,max,GAUAAAA,RBD_v3_052691",1
"RNCMPT00057,max,AUAUAGC,RBD_v3_236027",131,1,0.073170731707317,0.016260162601626,0.040650406504065,0.0447154471544715,0.024390243902439,0.073170731707317,0.016260162601626,0.040650406504065,0.073170731707317,0.0691056910569105,0.024390243902439,0.065040650406504,0.089430894308943,0.0772357723577235,0.032520325203252,0.0853658536585365,0.0609756097560975,0.0365853658536585,0.0040650406504065,0.0528455284552845,0.3684210526315789,0.2105263157894736,0.2894736842105263,0.131578947368421,29,35,"RNCMPT00057,max,AUAUAGC,RBD_v3_236027",1
"RNCMPT00041,min,GUCGUCU,RBD_v3_154646",77,0,0.0521739130434782,0.017391304347826,0.0608695652173913,0.0652173913043478,0.0739130434782608,0.0913043478260869,0.0217391304347826,0.0304347826086956,0.0739130434782608,0.0478260869565217,0.0565217391304347,0.017391304347826,0.0565217391304347,0.0478260869565217,0.0608695652173913,0.0521739130434782,0.0695652173913043,0.0782608695652174,0.0043478260869565,0.0217391304347826,0.2368421052631578,0.2631578947368421,0.2631578947368421,0.2368421052631578,3,9,"RNCMPT00041,min,GUCGUCU,RBD_v3_154646",1
"RNCMPT00010,min,GGGGGGG,RBD_v3_027318",19,0,0.0526315789473684,0.0121457489878542,0.0404858299595141,0.0647773279352226,0.0404858299595141,0.068825910931174,0.020242914979757,0.0323886639676113,0.0809716599190283,0.068825910931174,0.0323886639676113,0.0404858299595141,0.0566801619433198,0.020242914979757,0.1012145748987854,0.0931174089068826,0.0526315789473684,0.0647773279352226,0.0040485829959514,0.0526315789473684,0.2368421052631578,0.2631578947368421,0.4473684210526316,0.0526315789473684,13,19,"RNCMPT00010,min,GGGGGGG,RBD_v3_027318",0
"RNCMPT00223,min,AGUGAGU,RBD_v3_208306",66,0,0.1889400921658986,0.0046082949308755,0.0184331797235023,0.0506912442396313,0.0460829493087557,0.0414746543778801,0.0230414746543778,0.0184331797235023,0.1013824884792626,0.0506912442396313,0.0092165898617511,0.0460829493087557,0.0599078341013824,0.032258064516129,0.0691244239631336,0.064516129032258,0.0368663594470046,0.1059907834101382,0.0046082949308755,0.0276497695852534,0.2571428571428571,0.1714285714285714,0.3428571428571428,0.2285714285714285,3,9,"RNCMPT00223,min,AGUGAGU,RBD_v3_208306",1
"RNCMPT00093,min,GAGUCGU,RBD_v3_079827",52,0,0.0522565320665083,0.009501187648456,0.0356294536817102,0.0451306413301662,0.0285035629453681,0.171021377672209,0.014251781472684,0.0190023752969121,0.0403800475059382,0.0308788598574821,0.0308788598574821,0.0712589073634204,0.0878859857482185,0.0570071258907363,0.0356294536817102,0.0878859857482185,0.0617577197149643,0.0427553444180522,0.0190023752969121,0.0593824228028503,0.1578947368421052,0.2631578947368421,0.2368421052631578,0.3421052631578947,2,8,"RNCMPT00093,min,GAGUCGU,RBD_v3_079827",0
"RNCMPT00064,min,ACUGUUU,RBD_v3_022653",147,0,0.0711610486891385,0.0224719101123595,0.0411985018726591,0.0861423220973782,0.0374531835205992,0.0599250936329588,0.0112359550561797,0.0337078651685393,0.1048689138576779,0.0749063670411985,0.0299625468164794,0.0299625468164794,0.0786516853932584,0.0411985018726591,0.0599250936329588,0.0749063670411985,0.0411985018726591,0.0749063670411985,0.0,0.0262172284644194,0.2105263157894736,0.3157894736842105,0.1578947368421052,0.3157894736842105,13,19,"RNCMPT00064,min,ACUGUUU,RBD_v3_022653",1
"RNCMPT00122,max,GUGUUGU,RBD_v3_002196",9,1,0.1346153846153846,0.0144230769230769,0.0288461538461538,0.0336538461538461,0.0649038461538461,0.0841346153846153,0.0264423076923076,0.0384615384615384,0.0360576923076923,0.0745192307692307,0.0384615384615384,0.0456730769230769,0.1033653846153846,0.0865384615384615,0.03125,0.0552884615384615,0.0432692307692307,0.0432692307692307,0.0,0.016826923076923,0.1428571428571428,0.1142857142857142,0.3714285714285714,0.3714285714285714,24,30,"RNCMPT00122,max,GUGUUGU,RBD_v3_002196",0
"RNCMPT00004,min,GACUCAC,RBD_v3_169556",10,0,0.133056133056133,0.0124740124740124,0.0353430353430353,0.0395010395010395,0.0478170478170478,0.0935550935550935,0.0187110187110187,0.0395010395010395,0.0415800415800415,0.0706860706860706,0.0498960498960499,0.0457380457380457,0.0914760914760914,0.0852390852390852,0.0353430353430353,0.0665280665280665,0.0374220374220374,0.0291060291060291,0.0,0.027027027027027,0.2666666666666666,0.3333333333333333,0.2666666666666666,0.1333333333333333,2,8,"RNCMPT00004,min,GACUCAC,RBD_v3_169556",0
"RNCMPT00018,min,AGGGGGG,RBD_v3_213678",36,0,0.0391061452513966,0.0,0.0670391061452514,0.0391061452513966,0.0558659217877094,0.2793296089385474,0.0055865921787709,0.0446927374301676,0.0558659217877094,0.0167597765363128,0.0167597765363128,0.0558659217877094,0.0446927374301676,0.0279329608938547,0.0893854748603352,0.0614525139664804,0.0446927374301676,0.0279329608938547,0.0055865921787709,0.0223463687150838,0.2857142857142857,0.2285714285714285,0.3142857142857143,0.1714285714285714,15,21,"RNCMPT00018,min,AGGGGGG,RBD_v3_213678",1
"RNCMPT00284,min,CAUUUCU,RBD_v3_108576",7,0,0.0839160839160839,0.0139860139860139,0.0349650349650349,0.0419580419580419,0.0489510489510489,0.1118881118881118,0.0139860139860139,0.0489510489510489,0.0209790209790209,0.0629370629370629,0.0139860139860139,0.0489510489510489,0.1118881118881118,0.0349650349650349,0.0839160839160839,0.0489510489510489,0.0559440559440559,0.0559440559440559,0.0069930069930069,0.0559440559440559,0.2,0.2571428571428571,0.2,0.3428571428571428,19,25,"RNCMPT00284,min,CAUUUCU,RBD_v3_108576",0
"RNCMPT00180,max,UUGCAUG,RBD_v3_108076",4,1,0.1534653465346534,0.0,0.0272277227722772,0.0321782178217821,0.0321782178217821,0.0495049504950495,0.0222772277227722,0.0371287128712871,0.0222772277227722,0.0742574257425742,0.0371287128712871,0.0321782178217821,0.0717821782178217,0.1856435643564356,0.0445544554455445,0.0618811881188118,0.0519801980198019,0.0519801980198019,0.0,0.0123762376237623,0.1794871794871795,0.0769230769230769,0.282051282051282,0.4615384615384615,6,12,"RNCMPT00180,max,UUGCAUG,RBD_v3_108076",1
"RNCMPT00063,min,AGUCGUU,RBD_v3_044642",146,0,0.0559006211180124,0.0186335403726708,0.031055900621118,0.0683229813664596,0.0062111801242236,0.0496894409937888,0.0248447204968944,0.0745341614906832,0.062111801242236,0.0993788819875776,0.031055900621118,0.0559006211180124,0.0434782608695652,0.0559006211180124,0.0559006211180124,0.1180124223602484,0.0745341614906832,0.031055900621118,0.0186335403726708,0.0248447204968944,0.2105263157894736,0.2631578947368421,0.2368421052631578,0.2894736842105263,17,23,"RNCMPT00063,min,AGUCGUU,RBD_v3_044642",0
"RNCMPT00177,max,AGAGUAA,RBD_v3_208884",150,1,0.085972850678733,0.0090497737556561,0.0452488687782805,0.1085972850678733,0.0678733031674208,0.0769230769230769,0.0090497737556561,0.0407239819004524,0.0678733031674208,0.090497737556561,0.0090497737556561,0.0271493212669683,0.0633484162895927,0.0316742081447963,0.090497737556561,0.0542986425339366,0.0497737556561085,0.0542986425339366,0.0,0.0180995475113122,0.2368421052631578,0.1842105263157894,0.2894736842105263,0.2894736842105263,1,7,"RNCMPT00177,max,AGAGUAA,RBD_v3_208884",1
"RNCMPT00094,max,UAGGUAG,RBD_v3_060079",54,1,0.0273972602739726,0.0,0.073972602739726,0.0246575342465753,0.0465753424657534,0.2273972602739726,0.021917808219178,0.0328767123287671,0.0575342465753424,0.021917808219178,0.0191780821917808,0.1506849315068493,0.0356164383561643,0.0575342465753424,0.0520547945205479,0.0328767123287671,0.0191780821917808,0.0493150684931506,0.0191780821917808,0.0301369863013698,0.2333333333333333,0.0666666666666666,0.4666666666666667,0.2333333333333333,18,24,"RNCMPT00094,max,UAGGUAG,RBD_v3_060079",1
"RNCMPT00283,max,GUGUGUG,RBD_v3_138402",142,1,0.0620689655172413,0.0068965517241379,0.0551724137931034,0.0275862068965517,0.0413793103448275,0.0827586206896551,0.0206896551724137,0.0482758620689655,0.0551724137931034,0.0758620689655172,0.0275862068965517,0.0275862068965517,0.0689655172413793,0.0689655172413793,0.0482758620689655,0.0551724137931034,0.096551724137931,0.0689655172413793,0.0,0.0620689655172413,0.2857142857142857,0.1714285714285714,0.2857142857142857,0.2571428571428571,14,20,"RNCMPT00283,max,GUGUGUG,RBD_v3_138402",0
"RNCMPT00226,min,UGUUUGU,RBD_v3_034402",185,0,0.0443349753694581,0.0246305418719211,0.0246305418719211,0.0541871921182266,0.0443349753694581,0.064039408866995,0.0098522167487684,0.0886699507389162,0.064039408866995,0.0492610837438423,0.0098522167487684,0.0886699507389162,0.0246305418719211,0.0591133004926108,0.0541871921182266,0.083743842364532,0.0344827586206896,0.1182266009852216,0.0,0.0591133004926108,0.1538461538461538,0.1794871794871795,0.3076923076923077,0.358974358974359,25,31,"RNCMPT00226,min,UGUUUGU,RBD_v3_034402",1
"RNCMPT00253,min,GGUGUUU,RBD_v3_134312",183,0,0.0896226415094339,0.0165094339622641,0.0636792452830188,0.0566037735849056,0.0518867924528301,0.070754716981132,0.0188679245283018,0.0518867924528301,0.070754716981132,0.0778301886792452,0.035377358490566,0.0589622641509434,0.0377358490566037,0.0518867924528301,0.070754716981132,0.0518867924528301,0.025943396226415,0.0660377358490566,0.0023584905660377,0.0306603773584905,0.2,0.1666666666666666,0.4,0.2333333333333333,9,15,"RNCMPT00253,min,GGUGUUU,RBD_v3_134312",0
"RNCMPT00140,min,AGGGGGG,RBD_v3_106185",75,0,0.0761670761670761,0.0049140049140049,0.054054054054054,0.0786240786240786,0.0589680589680589,0.0491400491400491,0.0122850122850122,0.0515970515970515,0.1081081081081081,0.0909090909090909,0.0049140049140049,0.0614250614250614,0.0442260442260442,0.027027027027027,0.0515970515970515,0.0786240786240786,0.0565110565110565,0.0835380835380835,0.0024570024570024,0.0049140049140049,0.0769230769230769,0.1538461538461538,0.3333333333333333,0.4358974358974359,1,7,"RNCMPT00140,min,AGGGGGG,RBD_v3_106185",1
"RNCMPT00215,min,GGAGGGG,RBD_v3_103948",96,0,0.0825958702064896,0.0147492625368731,0.0206489675516224,0.0648967551622418,0.0176991150442477,0.0943952802359882,0.0147492625368731,0.1002949852507374,0.0560471976401179,0.0678466076696165,0.0324483775811209,0.0383480825958702,0.0766961651917404,0.0589970501474926,0.0353982300884955,0.0825958702064896,0.079646017699115,0.0471976401179941,0.0,0.0147492625368731,0.3157894736842105,0.1052631578947368,0.4210526315789473,0.1578947368421052,27,33,"RNCMPT00215,min,GGAGGGG,RBD_v3_103948",1
"RNCMPT00139,max,AGAAAAU,RBD_v3_219059",87,1,0.0833333333333333,0.0098039215686274,0.0588235294117647,0.0735294117647058,0.0637254901960784,0.0759803921568627,0.0098039215686274,0.0367647058823529,0.0906862745098039,0.0686274509803921,0.0269607843137254,0.0539215686274509,0.0294117647058823,0.0367647058823529,0.0612745098039215,0.0637254901960784,0.0441176470588235,0.0735294117647058,0.0024509803921568,0.0367647058823529,0.4666666666666667,0.1666666666666666,0.2666666666666666,0.1,1,7,"RNCMPT00139,max,AGAAAAU,RBD_v3_219059",1
"RNCMPT00118,max,UACUAAC,RBD_v3_090934",51,1,0.0824742268041237,0.0103092783505154,0.056701030927835,0.1082474226804123,0.0257731958762886,0.056701030927835,0.0206185567010309,0.0360824742268041,0.0773195876288659,0.0876288659793814,0.0257731958762886,0.0412371134020618,0.0463917525773195,0.0360824742268041,0.0721649484536082,0.0360824742268041,0.056701030927835,0.1030927835051546,0.0103092783505154,0.0103092783505154,0.2894736842105263,0.3684210526315789,0.1578947368421052,0.1842105263157894,5,11,"RNCMPT00118,max,UACUAAC,RBD_v3_090934",1
"RNCMPT00040,min,CCCCCCU,RBD_v3_059971",76,0,0.08,0.02,0.04,0.09,0.07,0.05,0.03,0.03,0.12,0.01,0.02,0.04,0.05,0.07,0.05,0.03,0.08,0.11,0.0,0.01,0.1142857142857142,0.3142857142857143,0.1428571428571428,0.4285714285714285,17,23,"RNCMPT00040,min,CCCCCCU,RBD_v3_059971",1
"RNCMPT00074,max,GAGGAGC,RBD_v3_106705",162,1,0.0316742081447963,0.0090497737556561,0.085972850678733,0.0723981900452488,0.0407239819004524,0.1266968325791855,0.0180995475113122,0.0226244343891402,0.0361990950226244,0.0542986425339366,0.0180995475113122,0.0180995475113122,0.0633484162895927,0.0180995475113122,0.1357466063348416,0.0769230769230769,0.0271493212669683,0.0542986425339366,0.0135746606334841,0.0769230769230769,0.3142857142857143,0.0857142857142857,0.4571428571428571,0.1428571428571428,4,10,"RNCMPT00074,max,GAGGAGC,RBD_v3_106705",1
"RNCMPT00034,min,CCCCCCC,RBD_v3_081256",62,0,0.0601092896174863,0.0,0.0546448087431694,0.1092896174863388,0.0437158469945355,0.0710382513661202,0.0218579234972677,0.0491803278688524,0.1147540983606557,0.1147540983606557,0.0273224043715847,0.0491803278688524,0.0491803278688524,0.0437158469945355,0.0437158469945355,0.0382513661202185,0.0218579234972677,0.0601092896174863,0.0,0.0273224043715847,0.2631578947368421,0.2894736842105263,0.2368421052631578,0.2105263157894736,11,17,"RNCMPT00034,min,CCCCCCC,RBD_v3_081256",1
"RNCMPT00237,min,GACUCAC,RBD_v3_101693",111,0,0.0808510638297872,0.0042553191489361,0.0723404255319148,0.0468085106382978,0.0425531914893617,0.0808510638297872,0.0170212765957446,0.0468085106382978,0.0553191489361702,0.0808510638297872,0.0212765957446808,0.0638297872340425,0.0553191489361702,0.0340425531914893,0.0468085106382978,0.076595744680851,0.0553191489361702,0.0723404255319148,0.0042553191489361,0.0425531914893617,0.2571428571428571,0.3714285714285714,0.2571428571428571,0.1142857142857142,4,10,"RNCMPT00237,min,GACUCAC,RBD_v3_101693",0
"RNCMPT00014,min,AACCCCA,RBD_v3_026727",32,0,0.1074561403508772,0.0109649122807017,0.0350877192982456,0.0307017543859649,0.0328947368421052,0.0635964912280701,0.0153508771929824,0.0482456140350877,0.0394736842105263,0.1008771929824561,0.0197368421052631,0.0592105263157894,0.0548245614035087,0.0614035087719298,0.0307017543859649,0.0964912280701754,0.0921052631578947,0.0635964912280701,0.0021929824561403,0.0350877192982456,0.3428571428571428,0.2571428571428571,0.3428571428571428,0.0571428571428571,20,26,"RNCMPT00014,min,AACCCCA,RBD_v3_026727",0
"RNCMPT00280,min,GUGAGGU,RBD_v3_100832",145,0,0.0823529411764705,0.0205882352941176,0.0470588235294117,0.0970588235294117,0.038235294117647,0.0823529411764705,0.0117647058823529,0.0558823529411764,0.0676470588235294,0.0529411764705882,0.038235294117647,0.0352941176470588,0.0558823529411764,0.0294117647058823,0.0676470588235294,0.0352941176470588,0.0441176470588235,0.0823529411764705,0.0088235294117647,0.0470588235294117,0.2666666666666666,0.1666666666666666,0.2333333333333333,0.3333333333333333,20,26,"RNCMPT00280,min,GUGAGGU,RBD_v3_100832",0
"RNCMPT00291,min,UUUUUUU,RBD_v3_004513",0,0,0.0823529411764705,0.0117647058823529,0.0529411764705882,0.0794117647058823,0.038235294117647,0.0941176470588235,0.0147058823529411,0.0558823529411764,0.0735294117647058,0.0705882352941176,0.0264705882352941,0.05,0.05,0.0264705882352941,0.0705882352941176,0.0264705882352941,0.0470588235294117,0.0764705882352941,0.0088235294117647,0.0441176470588235,0.1428571428571428,0.1714285714285714,0.2857142857142857,0.4,18,24,"RNCMPT00291,min,UUUUUUU,RBD_v3_004513",0
"RNCMPT00019,min,UUUCUUU,RBD_v3_036113",159,0,0.0543478260869565,0.0108695652173913,0.108695652173913,0.0543478260869565,0.0652173913043478,0.0543478260869565,0.0108695652173913,0.0434782608695652,0.0217391304347826,0.0652173913043478,0.0108695652173913,0.0326086956521739,0.0543478260869565,0.0434782608695652,0.1521739130434782,0.0326086956521739,0.0434782608695652,0.0760869565217391,0.0108695652173913,0.0543478260869565,0.2105263157894736,0.2631578947368421,0.2631578947368421,0.2631578947368421,20,26,"RNCMPT00019,min,UUUCUUU,RBD_v3_036113",1
"RNCMPT00240,min,ACACGGA,RBD_v3_228694",98,0,0.032258064516129,0.007168458781362,0.03584229390681,0.068100358422939,0.060931899641577,0.046594982078853,0.028673835125448,0.0931899641577061,0.1254480286738351,0.089605734767025,0.010752688172043,0.1254480286738351,0.03584229390681,0.028673835125448,0.010752688172043,0.046594982078853,0.039426523297491,0.053763440860215,0.010752688172043,0.050179211469534,0.3157894736842105,0.2105263157894736,0.2631578947368421,0.2105263157894736,8,14,"RNCMPT00240,min,ACACGGA,RBD_v3_228694",0
"RNCMPT00133,max,AUUGCAC,RBD_v3_123690",25,1,0.0983606557377049,0.0,0.0327868852459016,0.0546448087431694,0.0437158469945355,0.0710382513661202,0.0327868852459016,0.0109289617486338,0.0491803278688524,0.0983606557377049,0.0327868852459016,0.0710382513661202,0.081967213114754,0.0327868852459016,0.0327868852459016,0.1147540983606557,0.0655737704918032,0.0491803278688524,0.0054644808743169,0.0218579234972677,0.2368421052631578,0.2631578947368421,0.2631578947368421,0.2368421052631578,3,9,"RNCMPT00133,max,AUUGCAC,RBD_v3_123690",1
"RNCMPT00166,min,ACACUGC,RBD_v3_071424",11,0,0.088659793814433,0.0144329896907216,0.0371134020618556,0.0391752577319587,0.0494845360824742,0.0865979381443299,0.0268041237113402,0.0391752577319587,0.0432989690721649,0.0927835051546391,0.0288659793814433,0.0185567010309278,0.0989690721649484,0.0824742268041237,0.0412371134020618,0.0721649484536082,0.0597938144329896,0.0556701030927835,0.0,0.0247422680412371,0.3684210526315789,0.2368421052631578,0.1578947368421052,0.2368421052631578,25,31,"RNCMPT00166,min,ACACUGC,RBD_v3_071424",1
"RNCMPT00060,min,GGGGGGG,RBD_v3_164249",137,0,0.0823529411764705,0.0117647058823529,0.0117647058823529,0.0705882352941176,0.0411764705882352,0.0647058823529411,0.0235294117647058,0.0470588235294117,0.1117647058823529,0.0705882352941176,0.0117647058823529,0.0470588235294117,0.1,0.0470588235294117,0.0588235294117647,0.0764705882352941,0.0411764705882352,0.0705882352941176,0.0,0.0117647058823529,0.2666666666666666,0.0666666666666666,0.4333333333333333,0.2333333333333333,14,20,"RNCMPT00060,min,GGGGGGG,RBD_v3_164249",0
"RNCMPT00238,min,AGACCCU,RBD_v3_123814",79,0,0.0753424657534246,0.002283105022831,0.0547945205479452,0.0433789954337899,0.0547945205479452,0.2100456621004566,0.0159817351598173,0.0319634703196347,0.0182648401826484,0.045662100456621,0.0251141552511415,0.047945205479452,0.0639269406392694,0.0547945205479452,0.0776255707762557,0.0410958904109589,0.0388127853881278,0.0547945205479452,0.0091324200913242,0.0342465753424657,0.2571428571428571,0.2285714285714285,0.2285714285714285,0.2857142857142857,3,9,"RNCMPT00238,min,AGACCCU,RBD_v3_123814",1
"RNCMPT00154,min,GUUCGUC,RBD_v3_024832",127,0,0.0693069306930693,0.0198019801980198,0.0858085808580858,0.0594059405940594,0.0396039603960396,0.0495049504950495,0.0264026402640264,0.0561056105610561,0.0561056105610561,0.066006600660066,0.0264026402640264,0.0363036303630363,0.0396039603960396,0.0528052805280528,0.0759075907590759,0.099009900990099,0.0462046204620462,0.0495049504950495,0.0099009900990099,0.0363036303630363,0.2631578947368421,0.3157894736842105,0.2631578947368421,0.1578947368421052,22,28,"RNCMPT00154,min,GUUCGUC,RBD_v3_024832",1
"RNCMPT00202,min,AGAAUGA,RBD_v3_177204",101,0,0.0380622837370242,0.0069204152249134,0.0553633217993079,0.0484429065743944,0.0415224913494809,0.0276816608996539,0.0173010380622837,0.1072664359861591,0.1141868512110726,0.0449826989619377,0.0449826989619377,0.1799307958477508,0.0346020761245674,0.0242214532871972,0.0173010380622837,0.0484429065743944,0.0553633217993079,0.0380622837370242,0.0,0.0553633217993079,0.3714285714285714,0.2571428571428571,0.2,0.1714285714285714,1,7,"RNCMPT00202,min,AGAAUGA,RBD_v3_177204",1
"RNCMPT00061,min,GUGUGUC,RBD_v3_167595",140,0,0.0314960629921259,0.0078740157480314,0.0708661417322834,0.0551181102362204,0.0551181102362204,0.1889763779527559,0.0157480314960629,0.0314960629921259,0.0551181102362204,0.0551181102362204,0.0236220472440944,0.0314960629921259,0.0314960629921259,0.0314960629921259,0.1102362204724409,0.1023622047244094,0.0314960629921259,0.0472440944881889,0.0078740157480314,0.0157480314960629,0.2,0.2857142857142857,0.2571428571428571,0.2571428571428571,27,33,"RNCMPT00061,min,GUGUGUC,RBD_v3_167595",0
"RNCMPT00103,max,UGUACAG,RBD_v3_195688",106,1,0.0562130177514792,0.0236686390532544,0.0414201183431952,0.0710059171597633,0.0355029585798816,0.0502958579881656,0.0502958579881656,0.0621301775147929,0.0710059171597633,0.0917159763313609,0.029585798816568,0.044378698224852,0.0236686390532544,0.0917159763313609,0.044378698224852,0.0414201183431952,0.0473372781065088,0.0828402366863905,0.0,0.0414201183431952,0.2571428571428571,0.1714285714285714,0.3142857142857143,0.2571428571428571,15,21,"RNCMPT00103,max,UGUACAG,RBD_v3_195688",1
"RNCMPT00200,min,GGGGCGA,RBD_v3_146099",99,0,0.0615384615384615,0.0065934065934065,0.0351648351648351,0.0769230769230769,0.0505494505494505,0.0615384615384615,0.0131868131868131,0.0571428571428571,0.0813186813186813,0.0615384615384615,0.0263736263736263,0.0967032967032967,0.0725274725274725,0.0593406593406593,0.0263736263736263,0.0813186813186813,0.0395604395604395,0.0527472527472527,0.0065934065934065,0.0329670329670329,0.3421052631578947,0.1842105263157894,0.2368421052631578,0.2368421052631578,15,21,"RNCMPT00200,min,GGGGCGA,RBD_v3_146099",0
"RNCMPT00168,max,UUGCAUG,RBD_v3_230485",116,1,0.0828402366863905,0.0059171597633136,0.0532544378698224,0.0650887573964497,0.0532544378698224,0.0769230769230769,0.0177514792899408,0.029585798816568,0.0532544378698224,0.0414201183431952,0.0118343195266272,0.0710059171597633,0.059171597633136,0.0710059171597633,0.0532544378698224,0.059171597633136,0.0946745562130177,0.0769230769230769,0.0059171597633136,0.0177514792899408,0.3333333333333333,0.1666666666666666,0.3,0.2,13,19,"RNCMPT00168,max,UUGCAUG,RBD_v3_230485",0
"RNCMPT00289,max,AAAAAAG,RBD_v3_203897",55,1,0.0737463126843657,0.0117994100294985,0.0589970501474926,0.0973451327433628,0.0412979351032448,0.0825958702064896,0.0117994100294985,0.0442477876106194,0.0884955752212389,0.0678466076696165,0.0206489675516224,0.0324483775811209,0.0678466076696165,0.023598820058997,0.0707964601769911,0.0442477876106194,0.0383480825958702,0.079646017699115,0.0088495575221238,0.0353982300884955,0.4571428571428571,0.2,0.2,0.1428571428571428,23,29,"RNCMPT00289,max,AAAAAAG,RBD_v3_203897",1
"RNCMPT00175,max,UAUAUUA,RBD_v3_023250",151,1,0.1265060240963855,0.0080321285140562,0.0341365461847389,0.0261044176706827,0.0200803212851405,0.0803212851405622,0.0080321285140562,0.038152610441767,0.0401606425702811,0.0461847389558232,0.036144578313253,0.0502008032128514,0.0943775100401606,0.0843373493975903,0.0261044176706827,0.07429718875502,0.0923694779116465,0.0542168674698795,0.0080321285140562,0.0522088353413654,0.2857142857142857,0.2,0.2,0.3142857142857143,4,10,"RNCMPT00175,max,UAUAUUA,RBD_v3_023250",0
"RNCMPT00119,max,UUUUUUU,RBD_v3_037447",165,1,0.0823529411764705,0.0117647058823529,0.0509803921568627,0.0352941176470588,0.0313725490196078,0.0901960784313725,0.0196078431372549,0.0509803921568627,0.0431372549019607,0.0823529411764705,0.0431372549019607,0.0862745098039215,0.0705882352941176,0.0313725490196078,0.0666666666666666,0.0666666666666666,0.0470588235294117,0.0549019607843137,0.0,0.0352941176470588,0.2,0.3142857142857143,0.2,0.2857142857142857,24,30,"RNCMPT00119,max,UUUUUUU,RBD_v3_037447",1
"RNCMPT00083,max,AACACCA,RBD_v3_013992",194,1,0.0895061728395061,0.0,0.0401234567901234,0.0833333333333333,0.0216049382716049,0.1203703703703703,0.0061728395061728,0.0092592592592592,0.0493827160493827,0.0123456790123456,0.0123456790123456,0.0648148148148148,0.1080246913580246,0.074074074074074,0.1203703703703703,0.0462962962962962,0.0401234567901234,0.0493827160493827,0.0030864197530864,0.0493827160493827,0.4285714285714285,0.2857142857142857,0.0857142857142857,0.2,15,21,"RNCMPT00083,max,AACACCA,RBD_v3_013992",1
"RNCMPT00241,min,GAGUCGU,RBD_v3_148992",124,0,0.0609243697478991,0.0147058823529411,0.0546218487394958,0.0714285714285714,0.0525210084033613,0.0714285714285714,0.0168067226890756,0.0462184873949579,0.0672268907563025,0.0693277310924369,0.01890756302521,0.0336134453781512,0.0567226890756302,0.0525210084033613,0.0609243697478991,0.0903361344537815,0.0357142857142857,0.0840336134453781,0.0042016806722689,0.0378151260504201,0.1578947368421052,0.2631578947368421,0.2631578947368421,0.3157894736842105,27,33,"RNCMPT00241,min,GAGUCGU,RBD_v3_148992",0
"RNCMPT00281,min,CCCCCCG,RBD_v3_203917",168,0,0.0619469026548672,0.0088495575221238,0.0560471976401179,0.0914454277286135,0.0471976401179941,0.0884955752212389,0.0206489675516224,0.0442477876106194,0.0973451327433628,0.0648967551622418,0.023598820058997,0.0353982300884955,0.0589970501474926,0.0353982300884955,0.0619469026548672,0.0324483775811209,0.0471976401179941,0.079646017699115,0.0088495575221238,0.0353982300884955,0.2894736842105263,0.3684210526315789,0.2105263157894736,0.131578947368421,13,19,"RNCMPT00281,min,CCCCCCG,RBD_v3_203917",1
"RNCMPT00083,max,GAACAUC,RBD_v3_030723",194,1,0.0895061728395061,0.0,0.0401234567901234,0.0833333333333333,0.0216049382716049,0.1203703703703703,0.0061728395061728,0.0092592592592592,0.0493827160493827,0.0123456790123456,0.0123456790123456,0.0648148148148148,0.1080246913580246,0.074074074074074,0.1203703703703703,0.0462962962962962,0.0401234567901234,0.0493827160493827,0.0030864197530864,0.0493827160493827,0.3421052631578947,0.2894736842105263,0.1842105263157894,0.1842105263157894,3,9,"RNCMPT00083,max,GAACAUC,RBD_v3_030723",0
"RNCMPT00269,max,AACUUUC,RBD_v3_120993",104,1,0.0981132075471698,0.0056603773584905,0.0471698113207547,0.0320754716981132,0.0452830188679245,0.0716981132075471,0.0283018867924528,0.0528301886792452,0.0622641509433962,0.1,0.0226415094339622,0.0698113207547169,0.0528301886792452,0.0547169811320754,0.0339622641509433,0.0886792452830188,0.0433962264150943,0.0716981132075471,0.0,0.0188679245283018,0.2894736842105263,0.1842105263157894,0.1842105263157894,0.3421052631578947,19,25,"RNCMPT00269,max,AACUUUC,RBD_v3_120993",1
"RNCMPT00144,max,AUGCGGA,RBD_v3_065826",21,1,0.0762711864406779,0.0254237288135593,0.0338983050847457,0.059322033898305,0.0423728813559322,0.135593220338983,0.0169491525423728,0.0254237288135593,0.0508474576271186,0.0423728813559322,0.0254237288135593,0.0762711864406779,0.0762711864406779,0.0338983050847457,0.0847457627118644,0.0508474576271186,0.0508474576271186,0.0762711864406779,0.0,0.0169491525423728,0.2857142857142857,0.3142857142857143,0.2857142857142857,0.1142857142857142,21,27,"RNCMPT00144,max,AUGCGGA,RBD_v3_065826",1
"RNCMPT00113,min,UUUUUUU,RBD_v3_083792",121,0,0.0621468926553672,0.0338983050847457,0.0451977401129943,0.1016949152542373,0.0338983050847457,0.0734463276836158,0.0451977401129943,0.0677966101694915,0.0847457627118644,0.0621468926553672,0.0225988700564971,0.0508474576271186,0.0282485875706214,0.0282485875706214,0.0564971751412429,0.0508474576271186,0.0508474576271186,0.0621468926553672,0.0056497175141242,0.0338983050847457,0.131578947368421,0.3157894736842105,0.1842105263157894,0.3684210526315789,17,23,"RNCMPT00113,min,UUUUUUU,RBD_v3_083792",1
"RNCMPT00127,min,GAUGGUG,RBD_v3_017802",133,0,0.078125,0.0234375,0.046875,0.0625,0.03125,0.2890625,0.0,0.015625,0.0234375,0.03125,0.015625,0.03125,0.03125,0.0,0.1328125,0.0703125,0.0234375,0.046875,0.015625,0.03125,0.3157894736842105,0.1578947368421052,0.3157894736842105,0.2105263157894736,32,38,"RNCMPT00127,min,GAUGGUG,RBD_v3_017802",1
"RNCMPT00044,max,CCUUUCC,RBD_v3_066099",95,1,0.0746268656716417,0.017910447761194,0.0238805970149253,0.0597014925373134,0.0149253731343283,0.1044776119402985,0.0149253731343283,0.1104477611940298,0.0507462686567164,0.0626865671641791,0.0328358208955223,0.0328358208955223,0.0567164179104477,0.0567164179104477,0.0388059701492537,0.1044776119402985,0.0716417910447761,0.053731343283582,0.0029850746268656,0.0149253731343283,0.131578947368421,0.2894736842105263,0.2368421052631578,0.3421052631578947,29,35,"RNCMPT00044,max,CCUUUCC,RBD_v3_066099",1
"RNCMPT00197,max,AUACAUG,RBD_v3_011896",70,1,0.070110701107011,0.003690036900369,0.025830258302583,0.047970479704797,0.047970479704797,0.081180811808118,0.047970479704797,0.040590405904059,0.066420664206642,0.040590405904059,0.029520295202952,0.062730627306273,0.070110701107011,0.066420664206642,0.025830258302583,0.07380073800738,0.055350553505535,0.059040590405904,0.014760147601476,0.070110701107011,0.2368421052631578,0.1842105263157894,0.2105263157894736,0.3684210526315789,28,34,"RNCMPT00197,max,AUACAUG,RBD_v3_011896",1
"RNCMPT00111,min,CGCGUGG,RBD_v3_157277",193,0,0.0581395348837209,0.0,0.0813953488372093,0.0465116279069767,0.0116279069767441,0.0465116279069767,0.0116279069767441,0.0697674418604651,0.1162790697674418,0.1744186046511628,0.0348837209302325,0.0348837209302325,0.0465116279069767,0.0,0.0581395348837209,0.0930232558139534,0.0348837209302325,0.0232558139534883,0.0232558139534883,0.0348837209302325,0.2,0.2285714285714285,0.3142857142857143,0.2571428571428571,21,27,"RNCMPT00111,min,CGCGUGG,RBD_v3_157277",1
"RNCMPT00143,min,AGAGUCG,RBD_v3_165415",155,0,0.0584795321637426,0.0,0.0584795321637426,0.1228070175438596,0.0292397660818713,0.0760233918128654,0.0292397660818713,0.0584795321637426,0.087719298245614,0.0701754385964912,0.0058479532163742,0.0292397660818713,0.0409356725146198,0.0175438596491228,0.1403508771929824,0.0292397660818713,0.0467836257309941,0.0467836257309941,0.0116959064327485,0.0409356725146198,0.1025641025641025,0.1282051282051282,0.4871794871794871,0.282051282051282,1,7,"RNCMPT00143,min,AGAGUCG,RBD_v3_165415",1
"RNCMPT00066,min,UGUCCUU,RBD_v3_044988",149,0,0.0448979591836734,0.0081632653061224,0.1061224489795918,0.0408163265306122,0.0448979591836734,0.1714285714285714,0.0163265306122449,0.0204081632653061,0.0448979591836734,0.0326530612244898,0.0204081632653061,0.0244897959183673,0.0489795918367346,0.0163265306122449,0.1469387755102041,0.0816326530612244,0.0244897959183673,0.0571428571428571,0.0040816326530612,0.0448979591836734,0.2105263157894736,0.2368421052631578,0.1842105263157894,0.3684210526315789,17,23,"RNCMPT00066,min,UGUCCUU,RBD_v3_044988",1
"RNCMPT00053,min,AGUGAGU,RBD_v3_137169",122,0,0.0392156862745098,0.0130718954248366,0.0130718954248366,0.0849673202614379,0.0522875816993464,0.065359477124183,0.0130718954248366,0.0718954248366013,0.0849673202614379,0.0849673202614379,0.0261437908496732,0.0522875816993464,0.0718954248366013,0.0588235294117647,0.065359477124183,0.0718954248366013,0.0588235294117647,0.0392156862745098,0.0130718954248366,0.0196078431372549,0.3333333333333333,0.2333333333333333,0.2666666666666666,0.1666666666666666,20,26,"RNCMPT00053,min,AGUGAGU,RBD_v3_137169",1
"RNCMPT00015,max,GGACAUA,RBD_v3_094377",33,1,0.0524193548387096,0.0040322580645161,0.032258064516129,0.1088709677419354,0.0403225806451612,0.0806451612903225,0.0241935483870967,0.064516129032258,0.0604838709677419,0.0725806451612903,0.0362903225806451,0.0282258064516129,0.0161290322580645,0.0604838709677419,0.0967741935483871,0.0846774193548387,0.0443548387096774,0.0766129032258064,0.0,0.0161290322580645,0.2894736842105263,0.2368421052631578,0.2368421052631578,0.2368421052631578,10,16,"RNCMPT00015,max,GGACAUA,RBD_v3_094377",0
"RNCMPT00274,max,UUUUUUU,RBD_v3_225797",57,1,0.0707692307692307,0.0092307692307692,0.0492307692307692,0.0461538461538461,0.0553846153846153,0.0892307692307692,0.0246153846153846,0.0584615384615384,0.0523076923076923,0.0676923076923076,0.0307692307692307,0.0707692307692307,0.0369230769230769,0.0369230769230769,0.0615384615384615,0.0861538461538461,0.0492307692307692,0.0676923076923076,0.0061538461538461,0.0307692307692307,0.2105263157894736,0.1578947368421052,0.2368421052631578,0.3947368421052631,25,31,"RNCMPT00274,max,UUUUUUU,RBD_v3_225797",0
"RNCMPT00046,max,AUGUACA,RBD_v3_164722",106,1,0.0997442455242966,0.0204603580562659,0.0358056265984654,0.0613810741687979,0.0306905370843989,0.0639386189258312,0.0434782608695652,0.0588235294117647,0.0639386189258312,0.0792838874680307,0.0255754475703324,0.0434782608695652,0.0306905370843989,0.0843989769820971,0.0409207161125319,0.0434782608695652,0.0511508951406649,0.0869565217391304,0.0,0.0358056265984654,0.3421052631578947,0.2105263157894736,0.2894736842105263,0.1578947368421052,13,19,"RNCMPT00046,max,AUGUACA,RBD_v3_164722",0
"RNCMPT00142,min,AGGGGGG,RBD_v3_106185",114,0,0.0476190476190476,0.0059523809523809,0.0476190476190476,0.0952380952380952,0.0238095238095238,0.0535714285714285,0.0416666666666666,0.0773809523809523,0.1011904761904761,0.0773809523809523,0.0416666666666666,0.0357142857142857,0.0595238095238095,0.0238095238095238,0.0773809523809523,0.0595238095238095,0.0238095238095238,0.0595238095238095,0.0,0.0476190476190476,0.0769230769230769,0.1538461538461538,0.3333333333333333,0.4358974358974359,1,7,"RNCMPT00142,min,AGGGGGG,RBD_v3_106185",1
"RNCMPT00288,max,CCAAAUU,RBD_v3_137219",49,1,0.0678466076696165,0.0117994100294985,0.0560471976401179,0.0973451327433628,0.0383480825958702,0.0825958702064896,0.0117994100294985,0.0442477876106194,0.0943952802359882,0.0678466076696165,0.0206489675516224,0.0353982300884955,0.0678466076696165,0.023598820058997,0.0678466076696165,0.0353982300884955,0.0442477876106194,0.0825958702064896,0.0088495575221238,0.0412979351032448,0.3684210526315789,0.1842105263157894,0.1842105263157894,0.2631578947368421,14,20,"RNCMPT00288,max,CCAAAUU,RBD_v3_137219",1
"RNCMPT00145,max,AUUGCAC,RBD_v3_028293",153,1,0.074074074074074,0.0,0.0324074074074074,0.074074074074074,0.0694444444444444,0.037037037037037,0.0092592592592592,0.0694444444444444,0.1342592592592592,0.074074074074074,0.0416666666666666,0.0648148148148148,0.074074074074074,0.0555555555555555,0.0231481481481481,0.0555555555555555,0.0601851851851851,0.0324074074074074,0.0,0.0185185185185185,0.2571428571428571,0.2285714285714285,0.3142857142857143,0.2,12,18,"RNCMPT00145,max,AUUGCAC,RBD_v3_028293",0
"RNCMPT00205,min,AGACCCU,RBD_v3_184058",138,0,0.0924369747899159,0.0126050420168067,0.088235294117647,0.1260504201680672,0.0504201680672268,0.1176470588235294,0.0084033613445378,0.0588235294117647,0.0714285714285714,0.0294117647058823,0.0084033613445378,0.0462184873949579,0.0210084033613445,0.0168067226890756,0.0756302521008403,0.0546218487394958,0.0588235294117647,0.042016806722689,0.0042016806722689,0.0168067226890756,0.2894736842105263,0.2894736842105263,0.2105263157894736,0.2105263157894736,1,7,"RNCMPT00205,min,AGACCCU,RBD_v3_184058",0
"RNCMPT00106,max,AGGAGGA,RBD_v3_171103",158,1,0.0495049504950495,0.0099009900990099,0.099009900990099,0.0544554455445544,0.0346534653465346,0.1633663366336633,0.0099009900990099,0.0346534653465346,0.0396039603960396,0.0297029702970297,0.0148514851485148,0.0297029702970297,0.0693069306930693,0.0049504950495049,0.1237623762376237,0.0495049504950495,0.0297029702970297,0.0841584158415841,0.0049504950495049,0.0643564356435643,0.4736842105263157,0.131578947368421,0.3421052631578947,0.0526315789473684,8,14,"RNCMPT00106,max,AGGAGGA,RBD_v3_171103",1
"RNCMPT00123,max,UGCAUGC,RBD_v3_084817",1,1,0.1834319526627219,0.0059171597633136,0.029585798816568,0.0414201183431952,0.0473372781065088,0.0710059171597633,0.0236686390532544,0.0414201183431952,0.0355029585798816,0.0473372781065088,0.0118343195266272,0.0532544378698224,0.0473372781065088,0.0355029585798816,0.0710059171597633,0.0710059171597633,0.0473372781065088,0.1242603550295858,0.0059171597633136,0.0059171597633136,0.131578947368421,0.2894736842105263,0.2105263157894736,0.3684210526315789,30,36,"RNCMPT00123,max,UGCAUGC,RBD_v3_084817",0
"RNCMPT00038,min,AGUGGUG,RBD_v3_024885",72,0,0.1492146596858638,0.0366492146596858,0.0235602094240837,0.0340314136125654,0.0287958115183246,0.0418848167539267,0.0261780104712041,0.0366492146596858,0.0418848167539267,0.0680628272251308,0.0418848167539267,0.0523560209424083,0.0916230366492146,0.0654450261780104,0.0445026178010471,0.0523560209424083,0.0785340314136125,0.06282722513089,0.0026178010471204,0.0209424083769633,0.2285714285714285,0.0857142857142857,0.2571428571428571,0.4285714285714285,18,24,"RNCMPT00038,min,AGUGGUG,RBD_v3_024885",1
"RNCMPT00019,min,UUUUCUU,RBD_v3_173774",159,0,0.0543478260869565,0.0108695652173913,0.108695652173913,0.0543478260869565,0.0652173913043478,0.0543478260869565,0.0108695652173913,0.0434782608695652,0.0217391304347826,0.0652173913043478,0.0108695652173913,0.0326086956521739,0.0543478260869565,0.0434782608695652,0.1521739130434782,0.0326086956521739,0.0434782608695652,0.0760869565217391,0.0108695652173913,0.0543478260869565,0.131578947368421,0.1842105263157894,0.2368421052631578,0.4473684210526316,8,14,"RNCMPT00019,min,UUUUCUU,RBD_v3_173774",0
"RNCMPT00095,min,AGAGUCU,RBD_v3_031994",54,0,0.0418848167539267,0.0,0.1151832460732984,0.0471204188481675,0.0575916230366492,0.0785340314136125,0.0366492146596858,0.06282722513089,0.1047120418848167,0.0418848167539267,0.0209424083769633,0.0366492146596858,0.0471204188481675,0.0575916230366492,0.0575916230366492,0.0418848167539267,0.0366492146596858,0.0890052356020942,0.0052356020942408,0.0209424083769633,0.2894736842105263,0.1578947368421052,0.3157894736842105,0.2368421052631578,1,7,"RNCMPT00095,min,AGAGUCU,RBD_v3_031994",1
"RNCMPT00199,max,GGAGGAA,RBD_v3_191993",97,1,0.032520325203252,0.016260162601626,0.08130081300813,0.1016260162601626,0.0528455284552845,0.065040650406504,0.008130081300813,0.040650406504065,0.08130081300813,0.0528455284552845,0.016260162601626,0.08130081300813,0.0203252032520325,0.0121951219512195,0.1341463414634146,0.0528455284552845,0.0203252032520325,0.065040650406504,0.0121951219512195,0.0528455284552845,0.3157894736842105,0.131578947368421,0.3421052631578947,0.2105263157894736,23,29,"RNCMPT00199,max,GGAGGAA,RBD_v3_191993",1
"RNCMPT00031,max,UAUAUAG,RBD_v3_164163",56,1,0.0360824742268041,0.0103092783505154,0.0979381443298969,0.0670103092783505,0.0670103092783505,0.0927835051546391,0.0103092783505154,0.0618556701030927,0.1030927835051546,0.0412371134020618,0.0206185567010309,0.0360824742268041,0.0360824742268041,0.0515463917525773,0.0618556701030927,0.0618556701030927,0.0618556701030927,0.056701030927835,0.0103092783505154,0.0154639175257731,0.2105263157894736,0.2368421052631578,0.2368421052631578,0.3157894736842105,4,10,"RNCMPT00031,max,UAUAUAG,RBD_v3_164163",1
"RNCMPT00089,max,AGAGAAA,RBD_v3_129353",159,1,0.0543478260869565,0.0108695652173913,0.108695652173913,0.0543478260869565,0.0652173913043478,0.0543478260869565,0.0108695652173913,0.0434782608695652,0.0217391304347826,0.0652173913043478,0.0108695652173913,0.0326086956521739,0.0543478260869565,0.0434782608695652,0.1521739130434782,0.0326086956521739,0.0434782608695652,0.0760869565217391,0.0108695652173913,0.0543478260869565,0.4285714285714285,0.0857142857142857,0.3714285714285714,0.1142857142857142,27,33,"RNCMPT00089,max,AGAGAAA,RBD_v3_129353",1
"RNCMPT00265,min,GAGUGGG,RBD_v3_013053",5,0,0.0767123287671232,0.0054794520547945,0.0520547945205479,0.0767123287671232,0.0054794520547945,0.1178082191780822,0.0191780821917808,0.0794520547945205,0.0465753424657534,0.0630136986301369,0.0301369863013698,0.0465753424657534,0.0383561643835616,0.0438356164383561,0.0602739726027397,0.0712328767123287,0.073972602739726,0.0630136986301369,0.0054794520547945,0.0246575342465753,0.2285714285714285,0.1142857142857142,0.3428571428571428,0.3142857142857143,2,8,"RNCMPT00265,min,GAGUGGG,RBD_v3_013053",1
"RNCMPT00219,max,UUAUACU,RBD_v3_100509",178,1,0.0954198473282442,0.0229007633587786,0.049618320610687,0.0458015267175572,0.0381679389312977,0.0648854961832061,0.0458015267175572,0.0419847328244274,0.0610687022900763,0.0572519083969465,0.0114503816793893,0.0381679389312977,0.0572519083969465,0.049618320610687,0.0572519083969465,0.1030534351145038,0.0687022900763358,0.0763358778625954,0.0038167938931297,0.0114503816793893,0.3157894736842105,0.2631578947368421,0.1842105263157894,0.2368421052631578,9,15,"RNCMPT00219,max,UUAUACU,RBD_v3_100509",0
"RNCMPT00171,max,AGAAAUU,RBD_v3_141548",91,1,0.0706806282722513,0.0157068062827225,0.0654450261780104,0.06282722513089,0.06282722513089,0.0837696335078534,0.013089005235602,0.0445026178010471,0.0890052356020942,0.0759162303664921,0.0209424083769633,0.0497382198952879,0.0418848167539267,0.0157068062827225,0.0863874345549738,0.0549738219895288,0.031413612565445,0.0732984293193717,0.0078534031413612,0.0340314136125654,0.4,0.1666666666666666,0.2666666666666666,0.1666666666666666,1,7,"RNCMPT00171,max,AGAAAUU,RBD_v3_141548",0
"RNCMPT00166,max,UGUUUGU,RBD_v3_069547",11,1,0.088659793814433,0.0144329896907216,0.0371134020618556,0.0391752577319587,0.0494845360824742,0.0865979381443299,0.0268041237113402,0.0391752577319587,0.0432989690721649,0.0927835051546391,0.0288659793814433,0.0185567010309278,0.0989690721649484,0.0824742268041237,0.0412371134020618,0.0721649484536082,0.0597938144329896,0.0556701030927835,0.0,0.0247422680412371,0.2,0.1714285714285714,0.2857142857142857,0.3428571428571428,4,10,"RNCMPT00166,max,UGUUUGU,RBD_v3_069547",1
"RNCMPT00050,min,AGGGGGG,RBD_v3_095475",119,0,0.0546875,0.0,0.0546875,0.0625,0.0625,0.203125,0.03125,0.0234375,0.0234375,0.03125,0.0234375,0.03125,0.0234375,0.03125,0.1015625,0.1015625,0.0390625,0.0546875,0.0,0.046875,0.1714285714285714,0.1714285714285714,0.4571428571428571,0.2,11,17,"RNCMPT00050,min,AGGGGGG,RBD_v3_095475",0
"RNCMPT00256,min,GAGUGAG,RBD_v3_125025",171,0,0.0589887640449438,0.0028089887640449,0.0646067415730337,0.0533707865168539,0.0505617977528089,0.1292134831460674,0.0196629213483146,0.0365168539325842,0.0561797752808988,0.0393258426966292,0.0196629213483146,0.0702247191011236,0.0308988764044943,0.0561797752808988,0.0505617977528089,0.0786516853932584,0.0646067415730337,0.0589887640449438,0.0112359550561797,0.047752808988764,0.2285714285714285,0.2571428571428571,0.3428571428571428,0.1714285714285714,24,30,"RNCMPT00256,min,GAGUGAG,RBD_v3_125025",1
"RNCMPT00060,max,AGAGAAG,RBD_v3_036241",137,1,0.0823529411764705,0.0117647058823529,0.0117647058823529,0.0705882352941176,0.0411764705882352,0.0647058823529411,0.0235294117647058,0.0470588235294117,0.1117647058823529,0.0705882352941176,0.0117647058823529,0.0470588235294117,0.1,0.0470588235294117,0.0588235294117647,0.0764705882352941,0.0411764705882352,0.0705882352941176,0.0,0.0117647058823529,0.3947368421052631,0.1578947368421052,0.2631578947368421,0.1842105263157894,11,17,"RNCMPT00060,max,AGAGAAG,RBD_v3_036241",1
"RNCMPT00224,min,UGGGGGG,RBD_v3_063403",166,0,0.1037735849056603,0.0047169811320754,0.0754716981132075,0.0518867924528301,0.0518867924528301,0.070754716981132,0.0235849056603773,0.0566037735849056,0.0613207547169811,0.080188679245283,0.0283018867924528,0.0566037735849056,0.0754716981132075,0.0377358490566037,0.0330188679245283,0.0566037735849056,0.0377358490566037,0.0518867924528301,0.0047169811320754,0.0377358490566037,0.2857142857142857,0.1714285714285714,0.4285714285714285,0.1142857142857142,15,21,"RNCMPT00224,min,UGGGGGG,RBD_v3_063403",0
"RNCMPT00006,max,ACAGAUG,RBD_v3_158046",14,1,0.0726256983240223,0.0223463687150838,0.0223463687150838,0.0335195530726257,0.0391061452513966,0.0614525139664804,0.0111731843575419,0.0670391061452514,0.0614525139664804,0.0670391061452514,0.0446927374301676,0.0446927374301676,0.0726256983240223,0.0391061452513966,0.0837988826815642,0.0670391061452514,0.0558659217877094,0.0726256983240223,0.0111731843575419,0.0502793296089385,0.3684210526315789,0.2368421052631578,0.3157894736842105,0.0789473684210526,7,13,"RNCMPT00006,max,ACAGAUG,RBD_v3_158046",0
"RNCMPT00155,min,UUUGCAG,RBD_v3_022234",88,0,0.0772946859903381,0.0096618357487922,0.0579710144927536,0.072463768115942,0.0579710144927536,0.0748792270531401,0.0096618357487922,0.0434782608695652,0.0845410628019323,0.0579710144927536,0.0434782608695652,0.0483091787439613,0.0483091787439613,0.038647342995169,0.0700483091787439,0.0603864734299516,0.036231884057971,0.0700483091787439,0.002415458937198,0.036231884057971,0.2285714285714285,0.1428571428571428,0.2285714285714285,0.4,6,12,"RNCMPT00155,min,UUUGCAG,RBD_v3_022234",1
"RNCMPT00037,max,AUCUUGU,RBD_v3_179722",71,1,0.0553359683794466,0.0079051383399209,0.0553359683794466,0.0513833992094861,0.0316205533596837,0.0790513833992094,0.0316205533596837,0.0474308300395256,0.1146245059288537,0.0948616600790513,0.0316205533596837,0.0395256916996047,0.0513833992094861,0.0474308300395256,0.0632411067193675,0.0632411067193675,0.0316205533596837,0.0632411067193675,0.0039525691699604,0.0355731225296442,0.2368421052631578,0.2368421052631578,0.2105263157894736,0.3157894736842105,3,9,"RNCMPT00037,max,AUCUUGU,RBD_v3_179722",0
"RNCMPT00164,max,GUUCGUU,RBD_v3_237729",199,1,0.0851063829787234,0.0186170212765957,0.0425531914893617,0.0957446808510638,0.0186170212765957,0.0452127659574468,0.0079787234042553,0.0611702127659574,0.1462765957446808,0.0718085106382978,0.0212765957446808,0.0558510638297872,0.0345744680851063,0.0186170212765957,0.0186170212765957,0.0957446808510638,0.0611702127659574,0.0797872340425532,0.0,0.0212765957446808,0.0512820512820512,0.1794871794871795,0.3333333333333333,0.4358974358974359,5,11,"RNCMPT00164,max,GUUCGUU,RBD_v3_237729",1
"RNCMPT00070,min,GCCCGCC,RBD_v3_186736",154,0,0.0467836257309941,0.0,0.0701754385964912,0.0994152046783625,0.023391812865497,0.0994152046783625,0.0350877192982456,0.0350877192982456,0.0701754385964912,0.0350877192982456,0.023391812865497,0.023391812865497,0.0584795321637426,0.0175438596491228,0.1637426900584795,0.0350877192982456,0.0526315789473684,0.0584795321637426,0.0116959064327485,0.0409356725146198,0.1842105263157894,0.3157894736842105,0.1842105263157894,0.3157894736842105,5,11,"RNCMPT00070,min,GCCCGCC,RBD_v3_186736",1
"RNCMPT00138,min,GUCGUCU,RBD_v3_039021",136,0,0.0285714285714285,0.0114285714285714,0.0514285714285714,0.0457142857142857,0.04,0.1028571428571428,0.0114285714285714,0.0342857142857142,0.04,0.08,0.0228571428571428,0.16,0.08,0.0628571428571428,0.08,0.0742857142857142,0.0171428571428571,0.0342857142857142,0.0,0.0228571428571428,0.1842105263157894,0.2105263157894736,0.2368421052631578,0.3684210526315789,9,15,"RNCMPT00138,min,GUCGUCU,RBD_v3_039021",0
"RNCMPT00066,min,UUCGUUC,RBD_v3_099915",149,0,0.0448979591836734,0.0081632653061224,0.1061224489795918,0.0408163265306122,0.0448979591836734,0.1714285714285714,0.0163265306122449,0.0204081632653061,0.0448979591836734,0.0326530612244898,0.0204081632653061,0.0244897959183673,0.0489795918367346,0.0163265306122449,0.1469387755102041,0.0816326530612244,0.0244897959183673,0.0571428571428571,0.0040816326530612,0.0448979591836734,0.1428571428571428,0.3142857142857143,0.1714285714285714,0.3714285714285714,6,12,"RNCMPT00066,min,UUCGUUC,RBD_v3_099915",0
"RNCMPT00158,min,AGAGUCG,RBD_v3_001231",24,0,0.0647482014388489,0.039568345323741,0.0827338129496402,0.0539568345323741,0.0575539568345323,0.0899280575539568,0.0179856115107913,0.0503597122302158,0.0467625899280575,0.0755395683453237,0.014388489208633,0.014388489208633,0.0719424460431654,0.0503597122302158,0.0647482014388489,0.0683453237410072,0.0179856115107913,0.0647482014388489,0.0107913669064748,0.0431654676258992,0.3157894736842105,0.2105263157894736,0.2894736842105263,0.1842105263157894,21,27,"RNCMPT00158,min,AGAGUCG,RBD_v3_001231",0
"RNCMPT00232,min,AGAGUCG,RBD_v3_016813",167,0,0.1031390134529148,0.0044843049327354,0.0582959641255605,0.0717488789237668,0.0493273542600896,0.0672645739910313,0.0179372197309417,0.0717488789237668,0.0538116591928251,0.0672645739910313,0.0448430493273542,0.0627802690582959,0.0762331838565022,0.0448430493273542,0.0403587443946188,0.0493273542600896,0.0313901345291479,0.0448430493273542,0.0044843049327354,0.0358744394618834,0.2894736842105263,0.2368421052631578,0.2105263157894736,0.2631578947368421,28,34,"RNCMPT00232,min,AGAGUCG,RBD_v3_016813",1
"RNCMPT00033,max,AACACAA,RBD_v3_056235",58,1,0.0818030050083472,0.003338898163606,0.030050083472454,0.0834724540901502,0.0333889816360601,0.0751252086811352,0.031719532554257,0.0834724540901502,0.0684474123539232,0.0717863105175292,0.015025041736227,0.0383973288814691,0.0634390651085141,0.0617696160267111,0.0500834724540901,0.0634390651085141,0.0550918196994991,0.0634390651085141,0.003338898163606,0.023372287145242,0.3714285714285714,0.2285714285714285,0.2,0.2,4,10,"RNCMPT00033,max,AACACAA,RBD_v3_056235",0
"RNCMPT00159,max,UUUUUUG,RBD_v3_119555",115,1,0.088235294117647,0.0073529411764705,0.0735294117647058,0.0294117647058823,0.0441176470588235,0.0808823529411764,0.0147058823529411,0.0441176470588235,0.0735294117647058,0.0735294117647058,0.0147058823529411,0.0661764705882353,0.0367647058823529,0.0220588235294117,0.0808823529411764,0.0808823529411764,0.0294117647058823,0.0661764705882353,0.0,0.0735294117647058,0.1578947368421052,0.1842105263157894,0.1842105263157894,0.4736842105263157,31,37,"RNCMPT00159,max,UUUUUUG,RBD_v3_119555",0
"RNCMPT00259,min,GUGGGGC,RBD_v3_011158",189,0,0.0685483870967741,0.0120967741935483,0.0282258064516129,0.0604838709677419,0.0564516129032258,0.0483870967741935,0.0241935483870967,0.0725806451612903,0.0403225806451612,0.0564516129032258,0.0241935483870967,0.0483870967741935,0.0806451612903225,0.0725806451612903,0.0725806451612903,0.1008064516129032,0.0524193548387096,0.0443548387096774,0.0040322580645161,0.032258064516129,0.2571428571428571,0.2,0.3714285714285714,0.1714285714285714,11,17,"RNCMPT00259,min,GUGGGGC,RBD_v3_011158",1
"RNCMPT00073,max,GACGACG,RBD_v3_055960",161,1,0.064516129032258,0.032258064516129,0.064516129032258,0.0725806451612903,0.0483870967741935,0.1290322580645161,0.0161290322580645,0.0161290322580645,0.032258064516129,0.0403225806451612,0.0161290322580645,0.0241935483870967,0.0725806451612903,0.0,0.1451612903225806,0.0483870967741935,0.032258064516129,0.064516129032258,0.0080645161290322,0.0725806451612903,0.2333333333333333,0.3333333333333333,0.3333333333333333,0.1,2,8,"RNCMPT00073,max,GACGACG,RBD_v3_055960",0
"RNCMPT00101,min,GAGUCGU,RBD_v3_021354",106,0,0.0562130177514792,0.0236686390532544,0.0414201183431952,0.0710059171597633,0.0355029585798816,0.0502958579881656,0.0502958579881656,0.0621301775147929,0.0710059171597633,0.0917159763313609,0.029585798816568,0.044378698224852,0.0236686390532544,0.0917159763313609,0.044378698224852,0.0414201183431952,0.0473372781065088,0.0828402366863905,0.0,0.0414201183431952,0.2894736842105263,0.131578947368421,0.3947368421052631,0.1842105263157894,14,20,"RNCMPT00101,min,GAGUCGU,RBD_v3_021354",1
"RNCMPT00014,min,ACCACCC,RBD_v3_023827",32,0,0.1074561403508772,0.0109649122807017,0.0350877192982456,0.0307017543859649,0.0328947368421052,0.0635964912280701,0.0153508771929824,0.0482456140350877,0.0394736842105263,0.1008771929824561,0.0197368421052631,0.0592105263157894,0.0548245614035087,0.0614035087719298,0.0307017543859649,0.0964912280701754,0.0921052631578947,0.0635964912280701,0.0021929824561403,0.0350877192982456,0.3157894736842105,0.2368421052631578,0.3157894736842105,0.131578947368421,29,35,"RNCMPT00014,min,ACCACCC,RBD_v3_023827",0
"RNCMPT00273,max,GAGCAUG,RBD_v3_125465",27,1,0.0791788856304985,0.0117302052785923,0.0674486803519061,0.1319648093841642,0.0263929618768328,0.0498533724340175,0.0146627565982404,0.0674486803519061,0.0821114369501466,0.0850439882697947,0.0205278592375366,0.0439882697947214,0.032258064516129,0.0146627565982404,0.0586510263929618,0.0498533724340175,0.0527859237536656,0.0733137829912023,0.002932551319648,0.0351906158357771,0.3142857142857143,0.1142857142857142,0.4285714285714285,0.1428571428571428,2,8,"RNCMPT00273,max,GAGCAUG,RBD_v3_125465",0
"RNCMPT00009,max,CGGCGUG,RBD_v3_235806",18,1,0.0777777777777777,0.0111111111111111,0.0111111111111111,0.0666666666666666,0.0666666666666666,0.1,0.0333333333333333,0.0555555555555555,0.0777777777777777,0.0666666666666666,0.0111111111111111,0.0666666666666666,0.0111111111111111,0.0333333333333333,0.0555555555555555,0.0666666666666666,0.0444444444444444,0.1,0.0111111111111111,0.0333333333333333,0.1,0.2666666666666666,0.4333333333333333,0.2,17,23,"RNCMPT00009,max,CGGCGUG,RBD_v3_235806",0
"RNCMPT00026,min,UGUGGGU,RBD_v3_070950",47,0,0.0474137931034482,0.0107758620689655,0.0732758620689655,0.0732758620689655,0.0258620689655172,0.1206896551724138,0.0086206896551724,0.0754310344827586,0.0452586206896551,0.0625,0.0258620689655172,0.0258620689655172,0.0883620689655172,0.0452586206896551,0.0775862068965517,0.0668103448275862,0.0517241379310344,0.0323275862068965,0.0064655172413793,0.0366379310344827,0.2333333333333333,0.1,0.3666666666666666,0.3,8,14,"RNCMPT00026,min,UGUGGGU,RBD_v3_070950",0
"RNCMPT00172,min,CCCCCCC,RBD_v3_181436",59,0,0.077720207253886,0.0103626943005181,0.0328151986183074,0.077720207253886,0.0276338514680483,0.0673575129533678,0.0207253886010362,0.079447322970639,0.081174438687392,0.077720207253886,0.0138169257340241,0.0414507772020725,0.0708117443868739,0.0725388601036269,0.0449050086355785,0.0656303972366148,0.0518134715025906,0.0656303972366148,0.003454231433506,0.0172711571675302,0.2857142857142857,0.4,0.1142857142857142,0.2,25,31,"RNCMPT00172,min,CCCCCCC,RBD_v3_181436",0
"RNCMPT00209,min,AGAGUCG,RBD_v3_218768",80,0,0.1255060728744939,0.0,0.0566801619433198,0.0850202429149797,0.048582995951417,0.0647773279352226,0.0040485829959514,0.048582995951417,0.0769230769230769,0.0647773279352226,0.0161943319838056,0.0404858299595141,0.0566801619433198,0.0566801619433198,0.0769230769230769,0.0242914979757085,0.0607287449392712,0.0728744939271255,0.0,0.020242914979757,0.2571428571428571,0.2571428571428571,0.2285714285714285,0.2571428571428571,16,22,"RNCMPT00209,min,AGAGUCG,RBD_v3_218768",0
"RNCMPT00168,min,UUUUUUU,RBD_v3_010118",116,0,0.0828402366863905,0.0059171597633136,0.0532544378698224,0.0650887573964497,0.0532544378698224,0.0769230769230769,0.0177514792899408,0.029585798816568,0.0532544378698224,0.0414201183431952,0.0118343195266272,0.0710059171597633,0.059171597633136,0.0710059171597633,0.0532544378698224,0.059171597633136,0.0946745562130177,0.0769230769230769,0.0059171597633136,0.0177514792899408,0.1666666666666666,0.2,0.2,0.4333333333333333,23,29,"RNCMPT00168,min,UUUUUUU,RBD_v3_010118",1
"RNCMPT00182,max,AUAUAUA,RBD_v3_090891",164,1,0.0693277310924369,0.0084033613445378,0.0399159663865546,0.0252100840336134,0.0273109243697479,0.0924369747899159,0.0525210084033613,0.0294117647058823,0.0336134453781512,0.0693277310924369,0.0378151260504201,0.0756302521008403,0.0714285714285714,0.1281512605042016,0.0378151260504201,0.0861344537815126,0.042016806722689,0.0336134453781512,0.0,0.0399159663865546,0.3714285714285714,0.1714285714285714,0.1714285714285714,0.2857142857142857,3,9,"RNCMPT00182,max,AUAUAUA,RBD_v3_090891",0
"RNCMPT00228,min,AAGUCGC,RBD_v3_022427",109,0,0.0854922279792746,0.0207253886010362,0.0414507772020725,0.0492227979274611,0.0336787564766839,0.1036269430051813,0.0259067357512953,0.0284974093264248,0.0336787564766839,0.0803108808290155,0.0181347150259067,0.0518134715025906,0.0569948186528497,0.0595854922279792,0.0466321243523316,0.0906735751295336,0.0492227979274611,0.0725388601036269,0.0155440414507772,0.0362694300518134,0.4,0.2333333333333333,0.2333333333333333,0.1333333333333333,4,10,"RNCMPT00228,min,AAGUCGC,RBD_v3_022427",0
"RNCMPT00230,min,UUUUCUC,RBD_v3_237889",180,0,0.0978520286396181,0.0095465393794749,0.0525059665871121,0.0787589498806682,0.0405727923627685,0.0859188544152744,0.0190930787589498,0.0381861575178997,0.0739856801909307,0.0835322195704057,0.0190930787589498,0.0405727923627685,0.0620525059665871,0.0238663484486873,0.0525059665871121,0.0668257756563245,0.0381861575178997,0.0930787589498806,0.0023866348448687,0.0214797136038186,0.1428571428571428,0.3714285714285714,0.1714285714285714,0.3142857142857143,26,32,"RNCMPT00230,min,UUUUCUC,RBD_v3_237889",1
"RNCMPT00287,min,AGAUUAG,RBD_v3_122053",6,0,0.0701754385964912,0.0,0.0526315789473684,0.0292397660818713,0.0409356725146198,0.1345029239766081,0.0175438596491228,0.0175438596491228,0.1052631578947368,0.0467836257309941,0.0058479532163742,0.0350877192982456,0.0409356725146198,0.0350877192982456,0.0584795321637426,0.0818713450292397,0.1111111111111111,0.0760233918128654,0.0116959064327485,0.0292397660818713,0.1,0.2666666666666666,0.3,0.3333333333333333,1,7,"RNCMPT00287,min,AGAUUAG,RBD_v3_122053",0
"RNCMPT00083,min,CCCCCCC,RBD_v3_099115",194,0,0.0895061728395061,0.0,0.0401234567901234,0.0833333333333333,0.0216049382716049,0.1203703703703703,0.0061728395061728,0.0092592592592592,0.0493827160493827,0.0123456790123456,0.0123456790123456,0.0648148148148148,0.1080246913580246,0.074074074074074,0.1203703703703703,0.0462962962962962,0.0401234567901234,0.0493827160493827,0.0030864197530864,0.0493827160493827,0.1333333333333333,0.3333333333333333,0.3666666666666666,0.1666666666666666,18,24,"RNCMPT00083,min,CCCCCCC,RBD_v3_099115",1
"RNCMPT00031,min,GAGUCGU,RBD_v3_061647",56,0,0.0360824742268041,0.0103092783505154,0.0979381443298969,0.0670103092783505,0.0670103092783505,0.0927835051546391,0.0103092783505154,0.0618556701030927,0.1030927835051546,0.0412371134020618,0.0206185567010309,0.0360824742268041,0.0360824742268041,0.0515463917525773,0.0618556701030927,0.0618556701030927,0.0618556701030927,0.056701030927835,0.0103092783505154,0.0154639175257731,0.3421052631578947,0.2105263157894736,0.2631578947368421,0.1842105263157894,17,23,"RNCMPT00031,min,GAGUCGU,RBD_v3_061647",0
"RNCMPT00153,min,GUGGUUU,RBD_v3_044501",89,0,0.0748792270531401,0.0096618357487922,0.0531400966183574,0.0700483091787439,0.0555555555555555,0.0748792270531401,0.0169082125603864,0.038647342995169,0.0845410628019323,0.0579710144927536,0.038647342995169,0.0555555555555555,0.0410628019323671,0.038647342995169,0.0628019323671497,0.0652173913043478,0.0483091787439613,0.0748792270531401,0.002415458937198,0.036231884057971,0.2285714285714285,0.1428571428571428,0.2571428571428571,0.3714285714285714,15,21,"RNCMPT00153,min,GUGGUUU,RBD_v3_044501",0
"RNCMPT00235,min,AGGGGGG,RBD_v3_102568",100,0,0.0224719101123595,0.0168539325842696,0.0505617977528089,0.0580524344569288,0.0449438202247191,0.0243445692883895,0.0224719101123595,0.0786516853932584,0.095505617977528,0.0823970037453183,0.0168539325842696,0.1348314606741573,0.0318352059925093,0.0337078651685393,0.0355805243445692,0.0898876404494382,0.0430711610486891,0.0580524344569288,0.0018726591760299,0.0580524344569288,0.3421052631578947,0.1578947368421052,0.3421052631578947,0.1578947368421052,1,7,"RNCMPT00235,min,AGGGGGG,RBD_v3_102568",0
"RNCMPT00102,min,AGGGGGG,RBD_v3_066951",106,0,0.0562130177514792,0.0236686390532544,0.0414201183431952,0.0710059171597633,0.0355029585798816,0.0502958579881656,0.0502958579881656,0.0621301775147929,0.0710059171597633,0.0917159763313609,0.029585798816568,0.044378698224852,0.0236686390532544,0.0917159763313609,0.044378698224852,0.0414201183431952,0.0473372781065088,0.0828402366863905,0.0,0.0414201183431952,0.3157894736842105,0.1578947368421052,0.3421052631578947,0.1842105263157894,15,21,"RNCMPT00102,min,AGGGGGG,RBD_v3_066951",1
"RNCMPT00082,min,ACCCCCC,RBD_v3_197990",193,0,0.0581395348837209,0.0,0.0813953488372093,0.0465116279069767,0.0116279069767441,0.0465116279069767,0.0116279069767441,0.0697674418604651,0.1162790697674418,0.1744186046511628,0.0348837209302325,0.0348837209302325,0.0465116279069767,0.0,0.0581395348837209,0.0930232558139534,0.0348837209302325,0.0232558139534883,0.0232558139534883,0.0348837209302325,0.2571428571428571,0.4,0.1714285714285714,0.1714285714285714,15,21,"RNCMPT00082,min,ACCCCCC,RBD_v3_197990",1
"RNCMPT00280,min,GUGAGUC,RBD_v3_160122",145,0,0.0823529411764705,0.0205882352941176,0.0470588235294117,0.0970588235294117,0.038235294117647,0.0823529411764705,0.0117647058823529,0.0558823529411764,0.0676470588235294,0.0529411764705882,0.038235294117647,0.0352941176470588,0.0558823529411764,0.0294117647058823,0.0676470588235294,0.0352941176470588,0.0441176470588235,0.0823529411764705,0.0088235294117647,0.0470588235294117,0.2285714285714285,0.2285714285714285,0.3428571428571428,0.2,15,21,"RNCMPT00280,min,GUGAGUC,RBD_v3_160122",0
"RNCMPT00241,min,UCGUCUA,RBD_v3_152008",124,0,0.0609243697478991,0.0147058823529411,0.0546218487394958,0.0714285714285714,0.0525210084033613,0.0714285714285714,0.0168067226890756,0.0462184873949579,0.0672268907563025,0.0693277310924369,0.01890756302521,0.0336134453781512,0.0567226890756302,0.0525210084033613,0.0609243697478991,0.0903361344537815,0.0357142857142857,0.0840336134453781,0.0042016806722689,0.0378151260504201,0.2368421052631578,0.3157894736842105,0.2368421052631578,0.2105263157894736,14,20,"RNCMPT00241,min,UCGUCUA,RBD_v3_152008",1
"RNCMPT00224,min,UGGGGGG,RBD_v3_179499",166,0,0.1037735849056603,0.0047169811320754,0.0754716981132075,0.0518867924528301,0.0518867924528301,0.070754716981132,0.0235849056603773,0.0566037735849056,0.0613207547169811,0.080188679245283,0.0283018867924528,0.0566037735849056,0.0754716981132075,0.0377358490566037,0.0330188679245283,0.0566037735849056,0.0377358490566037,0.0518867924528301,0.0047169811320754,0.0377358490566037,0.2,0.2,0.4666666666666667,0.1333333333333333,15,21,"RNCMPT00224,min,UGGGGGG,RBD_v3_179499",0
"RNCMPT00061,max,ACGACGA,RBD_v3_092612",140,1,0.0314960629921259,0.0078740157480314,0.0708661417322834,0.0551181102362204,0.0551181102362204,0.1889763779527559,0.0157480314960629,0.0314960629921259,0.0551181102362204,0.0551181102362204,0.0236220472440944,0.0314960629921259,0.0314960629921259,0.0314960629921259,0.1102362204724409,0.1023622047244094,0.0314960629921259,0.0472440944881889,0.0078740157480314,0.0157480314960629,0.2571428571428571,0.2285714285714285,0.3714285714285714,0.1428571428571428,3,9,"RNCMPT00061,max,ACGACGA,RBD_v3_092612",0
"RNCMPT00287,max,CUACUAC,RBD_v3_154173",6,1,0.0701754385964912,0.0,0.0526315789473684,0.0292397660818713,0.0409356725146198,0.1345029239766081,0.0175438596491228,0.0175438596491228,0.1052631578947368,0.0467836257309941,0.0058479532163742,0.0350877192982456,0.0409356725146198,0.0350877192982456,0.0584795321637426,0.0818713450292397,0.1111111111111111,0.0760233918128654,0.0116959064327485,0.0292397660818713,0.2,0.3428571428571428,0.1714285714285714,0.2857142857142857,6,12,"RNCMPT00287,max,CUACUAC,RBD_v3_154173",1
"RNCMPT00218,max,CAGUUAU,RBD_v3_123178",177,1,0.0712074303405572,0.0309597523219814,0.0402476780185758,0.0495356037151702,0.0433436532507739,0.0743034055727554,0.0247678018575851,0.0154798761609907,0.0433436532507739,0.0866873065015479,0.0247678018575851,0.0526315789473684,0.0681114551083591,0.0340557275541795,0.0712074303405572,0.1114551083591331,0.0743034055727554,0.0681114551083591,0.0092879256965944,0.0061919504643962,0.2368421052631578,0.2368421052631578,0.1842105263157894,0.3421052631578947,12,18,"RNCMPT00218,max,CAGUUAU,RBD_v3_123178",0
"RNCMPT00270,max,UGUGUGU,RBD_v3_033655",3,1,0.0918367346938775,0.0204081632653061,0.0612244897959183,0.0306122448979591,0.0918367346938775,0.0714285714285714,0.010204081632653,0.0510204081632653,0.1122448979591836,0.0714285714285714,0.010204081632653,0.0408163265306122,0.0612244897959183,0.0612244897959183,0.010204081632653,0.0714285714285714,0.0510204081632653,0.0612244897959183,0.0,0.0204081632653061,0.1578947368421052,0.1842105263157894,0.3421052631578947,0.3157894736842105,28,34,"RNCMPT00270,max,UGUGUGU,RBD_v3_033655",1
"RNCMPT00114,max,UGUUUGU,RBD_v3_163719",3,1,0.1349036402569593,0.0149892933618843,0.038543897216274,0.038543897216274,0.0406852248394004,0.0578158458244111,0.0171306209850107,0.0449678800856531,0.0685224839400428,0.0920770877944325,0.025695931477516,0.0513918629550321,0.0578158458244111,0.0728051391862955,0.0171306209850107,0.0792291220556745,0.0706638115631691,0.0578158458244111,0.0042826552462526,0.0149892933618843,0.1578947368421052,0.1842105263157894,0.2631578947368421,0.3947368421052631,8,14,"RNCMPT00114,max,UGUUUGU,RBD_v3_163719",1
"RNCMPT00175,max,AUAUAUA,RBD_v3_165347",151,1,0.1265060240963855,0.0080321285140562,0.0341365461847389,0.0261044176706827,0.0200803212851405,0.0803212851405622,0.0080321285140562,0.038152610441767,0.0401606425702811,0.0461847389558232,0.036144578313253,0.0502008032128514,0.0943775100401606,0.0843373493975903,0.0261044176706827,0.07429718875502,0.0923694779116465,0.0542168674698795,0.0080321285140562,0.0522088353413654,0.3157894736842105,0.2368421052631578,0.1578947368421052,0.2894736842105263,25,31,"RNCMPT00175,max,AUAUAUA,RBD_v3_165347",1
"RNCMPT00042,min,AGGGGGG,RBD_v3_044820",81,0,0.0533333333333333,0.12,0.0266666666666666,0.0533333333333333,0.0533333333333333,0.0666666666666666,0.0666666666666666,0.0533333333333333,0.0666666666666666,0.04,0.0133333333333333,0.0666666666666666,0.08,0.0133333333333333,0.1066666666666666,0.0266666666666666,0.04,0.0266666666666666,0.0,0.0266666666666666,0.2631578947368421,0.2631578947368421,0.2894736842105263,0.1842105263157894,18,24,"RNCMPT00042,min,AGGGGGG,RBD_v3_044820",1
"RNCMPT00263,max,AGAACAG,RBD_v3_207589",86,1,0.0809523809523809,0.0047619047619047,0.0952380952380952,0.0904761904761904,0.0476190476190476,0.1095238095238095,0.0047619047619047,0.0095238095238095,0.0142857142857142,0.0571428571428571,0.0333333333333333,0.0428571428571428,0.0095238095238095,0.0476190476190476,0.119047619047619,0.0761904761904762,0.0380952380952381,0.0952380952380952,0.0095238095238095,0.0142857142857142,0.3157894736842105,0.1842105263157894,0.2894736842105263,0.2105263157894736,1,7,"RNCMPT00263,max,AGAACAG,RBD_v3_207589",0
"RNCMPT00186,min,GGGCGGG,RBD_v3_198448",94,0,0.0870786516853932,0.0252808988764044,0.0308988764044943,0.0561797752808988,0.0112359550561797,0.1011235955056179,0.0196629213483146,0.095505617977528,0.0393258426966292,0.0674157303370786,0.0337078651685393,0.0393258426966292,0.0533707865168539,0.0561797752808988,0.0449438202247191,0.098314606741573,0.0702247191011236,0.0533707865168539,0.0028089887640449,0.0140449438202247,0.2105263157894736,0.131578947368421,0.3684210526315789,0.2894736842105263,24,30,"RNCMPT00186,min,GGGCGGG,RBD_v3_198448",0
"RNCMPT00248,min,AGUGUUG,RBD_v3_044344",143,0,0.0732984293193717,0.0104712041884816,0.06282722513089,0.0732984293193717,0.0418848167539267,0.0890052356020942,0.0366492146596858,0.0575916230366492,0.0732984293193717,0.0523560209424083,0.0209424083769633,0.0523560209424083,0.0890052356020942,0.031413612565445,0.0523560209424083,0.0366492146596858,0.0366492146596858,0.0575916230366492,0.0052356020942408,0.0471204188481675,0.3157894736842105,0.131578947368421,0.3421052631578947,0.2105263157894736,17,23,"RNCMPT00248,min,AGUGUUG,RBD_v3_044344",0
"RNCMPT00180,min,CCCACUC,RBD_v3_108855",4,0,0.1534653465346534,0.0,0.0272277227722772,0.0321782178217821,0.0321782178217821,0.0495049504950495,0.0222772277227722,0.0371287128712871,0.0222772277227722,0.0742574257425742,0.0371287128712871,0.0321782178217821,0.0717821782178217,0.1856435643564356,0.0445544554455445,0.0618811881188118,0.0519801980198019,0.0519801980198019,0.0,0.0123762376237623,0.2285714285714285,0.3142857142857143,0.1714285714285714,0.2857142857142857,27,33,"RNCMPT00180,min,CCCACUC,RBD_v3_108855",1
"RNCMPT00145,max,AUUGCAC,RBD_v3_072551",153,1,0.074074074074074,0.0,0.0324074074074074,0.074074074074074,0.0694444444444444,0.037037037037037,0.0092592592592592,0.0694444444444444,0.1342592592592592,0.074074074074074,0.0416666666666666,0.0648148148148148,0.074074074074074,0.0555555555555555,0.0231481481481481,0.0555555555555555,0.0601851851851851,0.0324074074074074,0.0,0.0185185185185185,0.2894736842105263,0.1842105263157894,0.2631578947368421,0.2631578947368421,11,17,"RNCMPT00145,max,AUUGCAC,RBD_v3_072551",0
"RNCMPT00274,max,UUUUUUU,RBD_v3_029559",57,1,0.0707692307692307,0.0092307692307692,0.0492307692307692,0.0461538461538461,0.0553846153846153,0.0892307692307692,0.0246153846153846,0.0584615384615384,0.0523076923076923,0.0676923076923076,0.0307692307692307,0.0707692307692307,0.0369230769230769,0.0369230769230769,0.0615384615384615,0.0861538461538461,0.0492307692307692,0.0676923076923076,0.0061538461538461,0.0307692307692307,0.1842105263157894,0.1842105263157894,0.2368421052631578,0.3947368421052631,30,36,"RNCMPT00274,max,UUUUUUU,RBD_v3_029559",0
"RNCMPT00109,min,UCGUCUU,RBD_v3_132496",158,0,0.0495049504950495,0.0099009900990099,0.099009900990099,0.0544554455445544,0.0346534653465346,0.1633663366336633,0.0099009900990099,0.0346534653465346,0.0396039603960396,0.0297029702970297,0.0148514851485148,0.0297029702970297,0.0693069306930693,0.0049504950495049,0.1237623762376237,0.0495049504950495,0.0297029702970297,0.0841584158415841,0.0049504950495049,0.0643564356435643,0.1842105263157894,0.2368421052631578,0.1842105263157894,0.3947368421052631,31,37,"RNCMPT00109,min,UCGUCUU,RBD_v3_132496",1
"RNCMPT00145,min,GGGGGUG,RBD_v3_175536",153,0,0.074074074074074,0.0,0.0324074074074074,0.074074074074074,0.0694444444444444,0.037037037037037,0.0092592592592592,0.0694444444444444,0.1342592592592592,0.074074074074074,0.0416666666666666,0.0648148148148148,0.074074074074074,0.0555555555555555,0.0231481481481481,0.0555555555555555,0.0601851851851851,0.0324074074074074,0.0,0.0185185185185185,0.1052631578947368,0.0789473684210526,0.5263157894736842,0.2894736842105263,17,23,"RNCMPT00145,min,GGGGGUG,RBD_v3_175536",1
"RNCMPT00150,max,GGGAUGG,RBD_v3_092672",30,1,0.0895140664961636,0.0230179028132992,0.0358056265984654,0.0639386189258312,0.0409207161125319,0.0895140664961636,0.0230179028132992,0.0332480818414322,0.0409207161125319,0.1099744245524296,0.0230179028132992,0.0127877237851662,0.0741687979539642,0.0409207161125319,0.0792838874680307,0.0537084398976982,0.0613810741687979,0.0792838874680307,0.0051150895140664,0.0204603580562659,0.3421052631578947,0.1578947368421052,0.3684210526315789,0.131578947368421,2,8,"RNCMPT00150,max,GGGAUGG,RBD_v3_092672",0
"RNCMPT00065,max,ACUAAUA,RBD_v3_062804",148,1,0.043010752688172,0.010752688172043,0.064516129032258,0.075268817204301,0.021505376344086,0.0806451612903225,0.0268817204301075,0.064516129032258,0.0913978494623656,0.075268817204301,0.0161290322580645,0.043010752688172,0.075268817204301,0.053763440860215,0.0913978494623656,0.032258064516129,0.0483870967741935,0.064516129032258,0.0053763440860215,0.0161290322580645,0.3428571428571428,0.1428571428571428,0.3428571428571428,0.1714285714285714,7,13,"RNCMPT00065,max,ACUAAUA,RBD_v3_062804",0
"RNCMPT00010,max,AUACUUU,RBD_v3_066475",19,1,0.0526315789473684,0.0121457489878542,0.0404858299595141,0.0647773279352226,0.0404858299595141,0.068825910931174,0.020242914979757,0.0323886639676113,0.0809716599190283,0.068825910931174,0.0323886639676113,0.0404858299595141,0.0566801619433198,0.020242914979757,0.1012145748987854,0.0931174089068826,0.0526315789473684,0.0647773279352226,0.0040485829959514,0.0526315789473684,0.2894736842105263,0.2368421052631578,0.2368421052631578,0.2368421052631578,4,10,"RNCMPT00010,max,AUACUUU,RBD_v3_066475",1
"RNCMPT00093,max,UAGGGUA,RBD_v3_227436",52,1,0.0522565320665083,0.009501187648456,0.0356294536817102,0.0451306413301662,0.0285035629453681,0.171021377672209,0.014251781472684,0.0190023752969121,0.0403800475059382,0.0308788598574821,0.0308788598574821,0.0712589073634204,0.0878859857482185,0.0570071258907363,0.0356294536817102,0.0878859857482185,0.0617577197149643,0.0427553444180522,0.0190023752969121,0.0593824228028503,0.3157894736842105,0.1578947368421052,0.3421052631578947,0.1842105263157894,25,31,"RNCMPT00093,max,UAGGGUA,RBD_v3_227436",0
"RNCMPT00141,max,UAUGAGG,RBD_v3_084584",105,1,0.1438848920863309,0.0071942446043165,0.0377697841726618,0.066546762589928,0.0323741007194244,0.0701438848920863,0.014388489208633,0.0521582733812949,0.0503597122302158,0.0863309352517985,0.0359712230215827,0.0341726618705036,0.0575539568345323,0.0755395683453237,0.0341726618705036,0.0539568345323741,0.0521582733812949,0.079136690647482,0.0017985611510791,0.014388489208633,0.3428571428571428,0.1714285714285714,0.2571428571428571,0.2285714285714285,26,32,"RNCMPT00141,max,UAUGAGG,RBD_v3_084584",0
"RNCMPT00055,max,ACGAAGG,RBD_v3_098406",127,1,0.0714285714285714,0.0109890109890109,0.0842490842490842,0.0586080586080586,0.0238095238095238,0.0622710622710622,0.0164835164835164,0.0366300366300366,0.0531135531135531,0.0494505494505494,0.0183150183150183,0.0274725274725274,0.0512820512820512,0.0714285714285714,0.0695970695970696,0.119047619047619,0.0604395604395604,0.0439560439560439,0.0073260073260073,0.0641025641025641,0.3714285714285714,0.2857142857142857,0.2571428571428571,0.0857142857142857,9,15,"RNCMPT00055,max,ACGAAGG,RBD_v3_098406",0
"RNCMPT00226,max,CCAAUAA,RBD_v3_035596",185,1,0.0443349753694581,0.0246305418719211,0.0246305418719211,0.0541871921182266,0.0443349753694581,0.064039408866995,0.0098522167487684,0.0886699507389162,0.064039408866995,0.0492610837438423,0.0098522167487684,0.0886699507389162,0.0246305418719211,0.0591133004926108,0.0541871921182266,0.083743842364532,0.0344827586206896,0.1182266009852216,0.0,0.0591133004926108,0.4210526315789473,0.1578947368421052,0.2631578947368421,0.1578947368421052,5,11,"RNCMPT00226,max,CCAAUAA,RBD_v3_035596",1
"RNCMPT00019,max,AGAGACA,RBD_v3_000179",159,1,0.0543478260869565,0.0108695652173913,0.108695652173913,0.0543478260869565,0.0652173913043478,0.0543478260869565,0.0108695652173913,0.0434782608695652,0.0217391304347826,0.0652173913043478,0.0108695652173913,0.0326086956521739,0.0543478260869565,0.0434782608695652,0.1521739130434782,0.0326086956521739,0.0434782608695652,0.0760869565217391,0.0108695652173913,0.0543478260869565,0.4473684210526316,0.2368421052631578,0.2368421052631578,0.0789473684210526,1,7,"RNCMPT00019,max,AGAGACA,RBD_v3_000179",1
"RNCMPT00017,min,GGCGCGC,RBD_v3_109790",35,0,0.1518072289156626,0.0024096385542168,0.0313253012048192,0.0313253012048192,0.0313253012048192,0.0698795180722891,0.0192771084337349,0.0409638554216867,0.0265060240963855,0.1012048192771084,0.0337349397590361,0.053012048192771,0.0602409638554216,0.1373493975903614,0.0385542168674698,0.0698795180722891,0.0433734939759036,0.0385542168674698,0.0,0.0192771084337349,0.2368421052631578,0.2894736842105263,0.3157894736842105,0.1578947368421052,14,20,"RNCMPT00017,min,GGCGCGC,RBD_v3_109790",0
"RNCMPT00088,min,UUUUUUU,RBD_v3_160976",159,0,0.0543478260869565,0.0108695652173913,0.108695652173913,0.0543478260869565,0.0652173913043478,0.0543478260869565,0.0108695652173913,0.0434782608695652,0.0217391304347826,0.0652173913043478,0.0108695652173913,0.0326086956521739,0.0543478260869565,0.0434782608695652,0.1521739130434782,0.0326086956521739,0.0434782608695652,0.0760869565217391,0.0108695652173913,0.0543478260869565,0.2857142857142857,0.1714285714285714,0.1428571428571428,0.4,7,13,"RNCMPT00088,min,UUUUUUU,RBD_v3_160976",0
"RNCMPT00229,min,GACGGAC,RBD_v3_114462",110,0,0.0890207715133531,0.0089020771513353,0.0445103857566765,0.0563798219584569,0.0445103857566765,0.1068249258160237,0.0237388724035608,0.0267062314540059,0.0385756676557863,0.0445103857566765,0.0207715133531157,0.0474777448071216,0.0712166172106825,0.0712166172106825,0.0504451038575667,0.0504451038575667,0.0563798219584569,0.0771513353115727,0.0178041543026706,0.0534124629080118,0.2894736842105263,0.2368421052631578,0.3421052631578947,0.131578947368421,26,32,"RNCMPT00229,min,GACGGAC,RBD_v3_114462",0
"RNCMPT00046,max,UGUACAG,RBD_v3_195688",106,1,0.0997442455242966,0.0204603580562659,0.0358056265984654,0.0613810741687979,0.0306905370843989,0.0639386189258312,0.0434782608695652,0.0588235294117647,0.0639386189258312,0.0792838874680307,0.0255754475703324,0.0434782608695652,0.0306905370843989,0.0843989769820971,0.0409207161125319,0.0434782608695652,0.0511508951406649,0.0869565217391304,0.0,0.0358056265984654,0.2571428571428571,0.1714285714285714,0.3142857142857143,0.2571428571428571,15,21,"RNCMPT00046,max,UGUACAG,RBD_v3_195688",1
"RNCMPT00253,min,GGUGUUU,RBD_v3_108561",183,0,0.0896226415094339,0.0165094339622641,0.0636792452830188,0.0566037735849056,0.0518867924528301,0.070754716981132,0.0188679245283018,0.0518867924528301,0.070754716981132,0.0778301886792452,0.035377358490566,0.0589622641509434,0.0377358490566037,0.0518867924528301,0.070754716981132,0.0518867924528301,0.025943396226415,0.0660377358490566,0.0023584905660377,0.0306603773584905,0.2368421052631578,0.2368421052631578,0.2368421052631578,0.2894736842105263,11,17,"RNCMPT00253,min,GGUGUUU,RBD_v3_108561",1
"RNCMPT00052,max,GCGCGCG,RBD_v3_149085",121,1,0.0621468926553672,0.0338983050847457,0.0451977401129943,0.1016949152542373,0.0338983050847457,0.0734463276836158,0.0451977401129943,0.0677966101694915,0.0847457627118644,0.0621468926553672,0.0225988700564971,0.0508474576271186,0.0282485875706214,0.0282485875706214,0.0564971751412429,0.0508474576271186,0.0508474576271186,0.0621468926553672,0.0056497175141242,0.0338983050847457,0.1666666666666666,0.3333333333333333,0.3333333333333333,0.1666666666666666,21,27,"RNCMPT00052,max,GCGCGCG,RBD_v3_149085",0
"RNCMPT00087,min,CACCCCC,RBD_v3_227078",198,0,0.0681818181818181,0.0303030303030303,0.053030303030303,0.0378787878787878,0.053030303030303,0.0681818181818181,0.0075757575757575,0.0606060606060606,0.1136363636363636,0.0681818181818181,0.0227272727272727,0.0681818181818181,0.0378787878787878,0.0151515151515151,0.0681818181818181,0.0909090909090909,0.0378787878787878,0.053030303030303,0.0,0.0454545454545454,0.2894736842105263,0.2105263157894736,0.2894736842105263,0.2105263157894736,5,11,"RNCMPT00087,min,CACCCCC,RBD_v3_227078",1
"RNCMPT00160,min,AGACCCG,RBD_v3_065061",46,0,0.0637254901960784,0.0122549019607843,0.0539215686274509,0.0735294117647058,0.0588235294117647,0.1348039215686274,0.0294117647058823,0.0318627450980392,0.0392156862745098,0.0490196078431372,0.0416666666666666,0.0367647058823529,0.0392156862745098,0.0245098039215686,0.0759803921568627,0.0808823529411764,0.0416666666666666,0.0563725490196078,0.0049019607843137,0.0514705882352941,0.2368421052631578,0.2894736842105263,0.2105263157894736,0.2631578947368421,1,7,"RNCMPT00160,min,AGACCCG,RBD_v3_065061",1
"RNCMPT00145,max,AUUGCAC,RBD_v3_035412",153,1,0.074074074074074,0.0,0.0324074074074074,0.074074074074074,0.0694444444444444,0.037037037037037,0.0092592592592592,0.0694444444444444,0.1342592592592592,0.074074074074074,0.0416666666666666,0.0648148148148148,0.074074074074074,0.0555555555555555,0.0231481481481481,0.0555555555555555,0.0601851851851851,0.0324074074074074,0.0,0.0185185185185185,0.2631578947368421,0.2894736842105263,0.2105263157894736,0.2368421052631578,32,38,"RNCMPT00145,max,AUUGCAC,RBD_v3_035412",1
"RNCMPT00066,max,AGGAGGA,RBD_v3_051049",149,1,0.0448979591836734,0.0081632653061224,0.1061224489795918,0.0408163265306122,0.0448979591836734,0.1714285714285714,0.0163265306122449,0.0204081632653061,0.0448979591836734,0.0326530612244898,0.0204081632653061,0.0244897959183673,0.0489795918367346,0.0163265306122449,0.1469387755102041,0.0816326530612244,0.0244897959183673,0.0571428571428571,0.0040816326530612,0.0448979591836734,0.2894736842105263,0.1578947368421052,0.3947368421052631,0.1578947368421052,1,7,"RNCMPT00066,max,AGGAGGA,RBD_v3_051049",1
"RNCMPT00050,min,AGGGGGG,RBD_v3_115041",119,0,0.0546875,0.0,0.0546875,0.0625,0.0625,0.203125,0.03125,0.0234375,0.0234375,0.03125,0.0234375,0.03125,0.0234375,0.03125,0.1015625,0.1015625,0.0390625,0.0546875,0.0,0.046875,0.2,0.1,0.4333333333333333,0.2666666666666666,1,7,"RNCMPT00050,min,AGGGGGG,RBD_v3_115041",0
"RNCMPT00279,min,UGUUCGU,RBD_v3_031083",126,0,0.0852941176470588,0.0205882352941176,0.05,0.0941176470588235,0.0323529411764705,0.0823529411764705,0.0176470588235294,0.05,0.0617647058823529,0.0617647058823529,0.038235294117647,0.038235294117647,0.0558823529411764,0.0294117647058823,0.0676470588235294,0.0205882352941176,0.0411764705882352,0.088235294117647,0.0088235294117647,0.0558823529411764,0.2571428571428571,0.3428571428571428,0.1714285714285714,0.2285714285714285,11,17,"RNCMPT00279,min,UGUUCGU,RBD_v3_031083",0
"RNCMPT00185,max,AGAUAAA,RBD_v3_213884",61,1,0.0552486187845303,0.0,0.0552486187845303,0.1270718232044199,0.0331491712707182,0.0773480662983425,0.0220994475138121,0.0497237569060773,0.1104972375690607,0.1104972375690607,0.0220994475138121,0.0331491712707182,0.0386740331491712,0.0276243093922651,0.0662983425414364,0.0883977900552486,0.005524861878453,0.0441988950276243,0.0,0.0331491712707182,0.4210526315789473,0.1842105263157894,0.2105263157894736,0.1842105263157894,1,7,"RNCMPT00185,max,AGAUAAA,RBD_v3_213884",1
"RNCMPT00022,max,UAGGGUA,RBD_v3_091891",40,1,0.0442477876106194,0.0088495575221238,0.0619469026548672,0.079646017699115,0.0619469026548672,0.1327433628318584,0.0353982300884955,0.0353982300884955,0.0707964601769911,0.0353982300884955,0.0221238938053097,0.0353982300884955,0.0265486725663716,0.0309734513274336,0.084070796460177,0.084070796460177,0.0530973451327433,0.0752212389380531,0.0044247787610619,0.0176991150442477,0.4473684210526316,0.131578947368421,0.2105263157894736,0.2105263157894736,30,36,"RNCMPT00022,max,UAGGGUA,RBD_v3_091891",1
"RNCMPT00108,max,GGAGGAC,RBD_v3_230077",158,1,0.0495049504950495,0.0099009900990099,0.099009900990099,0.0544554455445544,0.0346534653465346,0.1633663366336633,0.0099009900990099,0.0346534653465346,0.0396039603960396,0.0297029702970297,0.0148514851485148,0.0297029702970297,0.0693069306930693,0.0049504950495049,0.1237623762376237,0.0495049504950495,0.0297029702970297,0.0841584158415841,0.0049504950495049,0.0643564356435643,0.3421052631578947,0.1578947368421052,0.3157894736842105,0.1842105263157894,21,27,"RNCMPT00108,max,GGAGGAC,RBD_v3_230077",1
"RNCMPT00051,min,CGGCGCC,RBD_v3_016686",120,0,0.1123595505617977,0.0112359550561797,0.0898876404494382,0.0337078651685393,0.0561797752808988,0.1011235955056179,0.0112359550561797,0.0561797752808988,0.0786516853932584,0.0449438202247191,0.0112359550561797,0.0337078651685393,0.0449438202247191,0.0224719101123595,0.0786516853932584,0.0224719101123595,0.0898876404494382,0.0561797752808988,0.0,0.0449438202247191,0.2857142857142857,0.2857142857142857,0.2571428571428571,0.1714285714285714,4,10,"RNCMPT00051,min,CGGCGCC,RBD_v3_016686",0
"RNCMPT00091,max,GACACGA,RBD_v3_028350",48,1,0.0679117147707979,0.0186757215619694,0.0509337860780984,0.0509337860780984,0.0356536502546689,0.1205432937181663,0.030560271646859,0.030560271646859,0.0492359932088285,0.0594227504244482,0.0237691001697792,0.0560271646859083,0.0831918505942275,0.0441426146010186,0.0611205432937181,0.0730050933786078,0.0288624787775891,0.064516129032258,0.0033955857385398,0.0475382003395585,0.2894736842105263,0.2105263157894736,0.2368421052631578,0.2631578947368421,13,19,"RNCMPT00091,max,GACACGA,RBD_v3_028350",1
"RNCMPT00252,min,AGGGGGG,RBD_v3_152400",182,0,0.0742705570291777,0.0053050397877984,0.0716180371352785,0.0716180371352785,0.0477453580901856,0.039787798408488,0.0318302387267904,0.0318302387267904,0.0848806366047745,0.1087533156498673,0.013262599469496,0.0583554376657824,0.0318302387267904,0.0371352785145888,0.1087533156498673,0.0583554376657824,0.0583554376657824,0.0477453580901856,0.0053050397877984,0.013262599469496,0.3947368421052631,0.1052631578947368,0.2894736842105263,0.2105263157894736,1,7,"RNCMPT00252,min,AGGGGGG,RBD_v3_152400",1
"RNCMPT00083,min,UUUUUUU,RBD_v3_049924",194,0,0.0895061728395061,0.0,0.0401234567901234,0.0833333333333333,0.0216049382716049,0.1203703703703703,0.0061728395061728,0.0092592592592592,0.0493827160493827,0.0123456790123456,0.0123456790123456,0.0648148148148148,0.1080246913580246,0.074074074074074,0.1203703703703703,0.0462962962962962,0.0401234567901234,0.0493827160493827,0.0030864197530864,0.0493827160493827,0.1,0.2,0.2333333333333333,0.4666666666666667,24,30,"RNCMPT00083,min,UUUUUUU,RBD_v3_049924",1
"RNCMPT00062,min,GGGGGCC,RBD_v3_009111",60,0,0.0682926829268292,0.0048780487804878,0.048780487804878,0.0585365853658536,0.024390243902439,0.0878048780487804,0.0195121951219512,0.0292682926829268,0.0878048780487804,0.0926829268292682,0.024390243902439,0.024390243902439,0.1317073170731707,0.0292682926829268,0.0682926829268292,0.0926829268292682,0.048780487804878,0.0439024390243902,0.0,0.0146341463414634,0.4,0.1428571428571428,0.2857142857142857,0.1714285714285714,5,11,"RNCMPT00062,min,GGGGGCC,RBD_v3_009111",1
"RNCMPT00029,max,GUUAGGG,RBD_v3_029456",53,1,0.0466101694915254,0.0042372881355932,0.1059322033898305,0.0508474576271186,0.0423728813559322,0.1567796610169491,0.0169491525423728,0.059322033898305,0.0889830508474576,0.0381355932203389,0.0169491525423728,0.0466101694915254,0.0338983050847457,0.0550847457627118,0.0720338983050847,0.0338983050847457,0.0423728813559322,0.0550847457627118,0.0084745762711864,0.0254237288135593,0.2894736842105263,0.1578947368421052,0.3684210526315789,0.1842105263157894,23,29,"RNCMPT00029,max,GUUAGGG,RBD_v3_029456",1
"RNCMPT00230,min,UUUGCUU,RBD_v3_045133",180,0,0.0978520286396181,0.0095465393794749,0.0525059665871121,0.0787589498806682,0.0405727923627685,0.0859188544152744,0.0190930787589498,0.0381861575178997,0.0739856801909307,0.0835322195704057,0.0190930787589498,0.0405727923627685,0.0620525059665871,0.0238663484486873,0.0525059665871121,0.0668257756563245,0.0381861575178997,0.0930787589498806,0.0023866348448687,0.0214797136038186,0.2631578947368421,0.2894736842105263,0.131578947368421,0.3157894736842105,21,27,"RNCMPT00230,min,UUUGCUU,RBD_v3_045133",1
"RNCMPT00116,min,CCCCCCC,RBD_v3_012658",194,0,0.0895061728395061,0.0,0.0401234567901234,0.0833333333333333,0.0216049382716049,0.1203703703703703,0.0061728395061728,0.0092592592592592,0.0493827160493827,0.0123456790123456,0.0123456790123456,0.0648148148148148,0.1080246913580246,0.074074074074074,0.1203703703703703,0.0462962962962962,0.0401234567901234,0.0493827160493827,0.0030864197530864,0.0493827160493827,0.1578947368421052,0.4210526315789473,0.1842105263157894,0.2368421052631578,17,23,"RNCMPT00116,min,CCCCCCC,RBD_v3_012658",1
"RNCMPT00239,max,AUUUCCC,RBD_v3_119948",94,1,0.0870786516853932,0.0252808988764044,0.0308988764044943,0.0561797752808988,0.0112359550561797,0.1011235955056179,0.0196629213483146,0.095505617977528,0.0393258426966292,0.0674157303370786,0.0337078651685393,0.0393258426966292,0.0533707865168539,0.0561797752808988,0.0449438202247191,0.098314606741573,0.0702247191011236,0.0533707865168539,0.0028089887640449,0.0140449438202247,0.3,0.4,0.1666666666666666,0.1333333333333333,11,17,"RNCMPT00239,max,AUUUCCC,RBD_v3_119948",0
"RNCMPT00036,min,GGGGGGG,RBD_v3_097241",64,0,0.1004784688995215,0.0430622009569378,0.0287081339712918,0.0909090909090909,0.0526315789473684,0.1004784688995215,0.0382775119617224,0.0239234449760765,0.0813397129186602,0.0574162679425837,0.0287081339712918,0.0191387559808612,0.0717703349282296,0.0526315789473684,0.0526315789473684,0.0717703349282296,0.0239234449760765,0.0478468899521531,0.0047846889952153,0.0095693779904306,0.2,0.1428571428571428,0.4857142857142857,0.1714285714285714,14,20,"RNCMPT00036,min,GGGGGGG,RBD_v3_097241",1
"RNCMPT00084,max,AACAACU,RBD_v3_225575",195,1,0.1071428571428571,0.0027472527472527,0.0302197802197802,0.0604395604395604,0.0329670329670329,0.1208791208791208,0.0054945054945054,0.0192307692307692,0.0329670329670329,0.0137362637362637,0.0054945054945054,0.0329670329670329,0.1593406593406593,0.0576923076923076,0.1098901098901098,0.0467032967032967,0.0631868131868131,0.0796703296703296,0.0054945054945054,0.0137362637362637,0.4473684210526316,0.1842105263157894,0.2368421052631578,0.131578947368421,7,13,"RNCMPT00084,max,AACAACU,RBD_v3_225575",1
"RNCMPT00024,max,UAGGGAA,RBD_v3_153573",42,1,0.0472103004291845,0.0042918454935622,0.0600858369098712,0.0944206008583691,0.0643776824034334,0.1287553648068669,0.0300429184549356,0.03862660944206,0.0772532188841201,0.0429184549356223,0.0214592274678111,0.0257510729613733,0.0343347639484978,0.0300429184549356,0.0858369098712446,0.0686695278969957,0.0515021459227467,0.0686695278969957,0.0042918454935622,0.0214592274678111,0.3684210526315789,0.2105263157894736,0.2894736842105263,0.131578947368421,8,14,"RNCMPT00024,max,UAGGGAA,RBD_v3_153573",1
"RNCMPT00229,min,GACGGAC,RBD_v3_099342",110,0,0.0890207715133531,0.0089020771513353,0.0445103857566765,0.0563798219584569,0.0445103857566765,0.1068249258160237,0.0237388724035608,0.0267062314540059,0.0385756676557863,0.0445103857566765,0.0207715133531157,0.0474777448071216,0.0712166172106825,0.0712166172106825,0.0504451038575667,0.0504451038575667,0.0563798219584569,0.0771513353115727,0.0178041543026706,0.0534124629080118,0.2368421052631578,0.2368421052631578,0.3421052631578947,0.1842105263157894,2,8,"RNCMPT00229,min,GACGGAC,RBD_v3_099342",0
"RNCMPT00167,min,AGAGUCG,RBD_v3_123308",45,0,0.1145038167938931,0.0076335877862595,0.0687022900763358,0.0381679389312977,0.0534351145038167,0.0839694656488549,0.015267175572519,0.0381679389312977,0.0763358778625954,0.0305343511450381,0.0458015267175572,0.0687022900763358,0.0305343511450381,0.0229007633587786,0.0534351145038167,0.0839694656488549,0.015267175572519,0.099236641221374,0.0,0.0534351145038167,0.3684210526315789,0.131578947368421,0.3157894736842105,0.1842105263157894,3,9,"RNCMPT00167,min,AGAGUCG,RBD_v3_123308",0
"RNCMPT00108,min,UCGUCCU,RBD_v3_076540",158,0,0.0495049504950495,0.0099009900990099,0.099009900990099,0.0544554455445544,0.0346534653465346,0.1633663366336633,0.0099009900990099,0.0346534653465346,0.0396039603960396,0.0297029702970297,0.0148514851485148,0.0297029702970297,0.0693069306930693,0.0049504950495049,0.1237623762376237,0.0495049504950495,0.0297029702970297,0.0841584158415841,0.0049504950495049,0.0643564356435643,0.2105263157894736,0.2631578947368421,0.2105263157894736,0.3157894736842105,17,23,"RNCMPT00108,min,UCGUCCU,RBD_v3_076540",1
"RNCMPT00230,max,GAAGGAC,RBD_v3_021219",180,1,0.0978520286396181,0.0095465393794749,0.0525059665871121,0.0787589498806682,0.0405727923627685,0.0859188544152744,0.0190930787589498,0.0381861575178997,0.0739856801909307,0.0835322195704057,0.0190930787589498,0.0405727923627685,0.0620525059665871,0.0238663484486873,0.0525059665871121,0.0668257756563245,0.0381861575178997,0.0930787589498806,0.0023866348448687,0.0214797136038186,0.3142857142857143,0.2,0.2571428571428571,0.2285714285714285,27,33,"RNCMPT00230,max,GAAGGAC,RBD_v3_021219",1
"RNCMPT00258,min,CAGACAC,RBD_v3_084426",188,0,0.0478260869565217,0.008695652173913,0.1260869565217391,0.0869565217391304,0.0565217391304347,0.0608695652173913,0.0130434782608695,0.0347826086956521,0.0913043478260869,0.0260869565217391,0.0043478260869565,0.0391304347826087,0.0260869565217391,0.0304347826086956,0.1347826086956521,0.0695652173913043,0.0130434782608695,0.0695652173913043,0.0,0.0608695652173913,0.3157894736842105,0.2894736842105263,0.2368421052631578,0.1578947368421052,24,30,"RNCMPT00258,min,CAGACAC,RBD_v3_084426",1
"RNCMPT00123,min,AGAGUCG,RBD_v3_183781",1,0,0.1834319526627219,0.0059171597633136,0.029585798816568,0.0414201183431952,0.0473372781065088,0.0710059171597633,0.0236686390532544,0.0414201183431952,0.0355029585798816,0.0473372781065088,0.0118343195266272,0.0532544378698224,0.0473372781065088,0.0355029585798816,0.0710059171597633,0.0710059171597633,0.0473372781065088,0.1242603550295858,0.0059171597633136,0.0059171597633136,0.3157894736842105,0.2368421052631578,0.2894736842105263,0.1578947368421052,32,38,"RNCMPT00123,min,AGAGUCG,RBD_v3_183781",1
"RNCMPT00259,max,UACCAUG,RBD_v3_068322",189,1,0.0685483870967741,0.0120967741935483,0.0282258064516129,0.0604838709677419,0.0564516129032258,0.0483870967741935,0.0241935483870967,0.0725806451612903,0.0403225806451612,0.0564516129032258,0.0241935483870967,0.0483870967741935,0.0806451612903225,0.0725806451612903,0.0725806451612903,0.1008064516129032,0.0524193548387096,0.0443548387096774,0.0040322580645161,0.032258064516129,0.2666666666666666,0.2333333333333333,0.3,0.2,8,14,"RNCMPT00259,max,UACCAUG,RBD_v3_068322",0
"RNCMPT00035,max,UCGCGCG,RBD_v3_157981",63,1,0.0579710144927536,0.0289855072463768,0.0531400966183574,0.072463768115942,0.038647342995169,0.1111111111111111,0.0144927536231884,0.0289855072463768,0.0628019323671497,0.0628019323671497,0.0144927536231884,0.0434782608695652,0.0579710144927536,0.0434782608695652,0.072463768115942,0.038647342995169,0.0628019323671497,0.0917874396135265,0.0048309178743961,0.038647342995169,0.1282051282051282,0.3846153846153846,0.2307692307692307,0.2564102564102564,26,32,"RNCMPT00035,max,UCGCGCG,RBD_v3_157981",1
"RNCMPT00085,min,AGCCCGU,RBD_v3_083693",196,0,0.1013824884792626,0.0276497695852534,0.0437788018433179,0.0599078341013824,0.0299539170506912,0.1013824884792626,0.0276497695852534,0.0276497695852534,0.0391705069124423,0.0691244239631336,0.0230414746543778,0.032258064516129,0.1059907834101382,0.0414746543778801,0.0668202764976958,0.0714285714285714,0.0576036866359447,0.0552995391705069,0.0,0.0184331797235023,0.2285714285714285,0.2571428571428571,0.2285714285714285,0.2857142857142857,7,13,"RNCMPT00085,min,AGCCCGU,RBD_v3_083693",1
"RNCMPT00117,max,UUAGUUU,RBD_v3_236589",57,1,0.0707692307692307,0.0092307692307692,0.0492307692307692,0.0461538461538461,0.0553846153846153,0.0892307692307692,0.0246153846153846,0.0584615384615384,0.0523076923076923,0.0676923076923076,0.0307692307692307,0.0707692307692307,0.0369230769230769,0.0369230769230769,0.0615384615384615,0.0861538461538461,0.0492307692307692,0.0676923076923076,0.0061538461538461,0.0307692307692307,0.1842105263157894,0.1842105263157894,0.2894736842105263,0.3421052631578947,12,18,"RNCMPT00117,max,UUAGUUU,RBD_v3_236589",0
"RNCMPT00262,min,AAGAGUC,RBD_v3_055586",85,0,0.0893371757925072,0.0115273775216138,0.0489913544668587,0.0893371757925072,0.0489913544668587,0.0893371757925072,0.0028818443804034,0.063400576368876,0.031700288184438,0.063400576368876,0.0230547550432276,0.0576368876080691,0.063400576368876,0.0403458213256484,0.0576368876080691,0.063400576368876,0.0518731988472622,0.0778097982708933,0.0,0.0259365994236311,0.3428571428571428,0.2571428571428571,0.2571428571428571,0.1428571428571428,22,28,"RNCMPT00262,min,AAGAGUC,RBD_v3_055586",0
"RNCMPT00186,min,GGGGGUG,RBD_v3_037768",94,0,0.0870786516853932,0.0252808988764044,0.0308988764044943,0.0561797752808988,0.0112359550561797,0.1011235955056179,0.0196629213483146,0.095505617977528,0.0393258426966292,0.0674157303370786,0.0337078651685393,0.0393258426966292,0.0533707865168539,0.0561797752808988,0.0449438202247191,0.098314606741573,0.0702247191011236,0.0533707865168539,0.0028089887640449,0.0140449438202247,0.2894736842105263,0.1578947368421052,0.2894736842105263,0.2631578947368421,29,35,"RNCMPT00186,min,GGGGGUG,RBD_v3_037768",1
"RNCMPT00229,max,UGUUUUG,RBD_v3_108076",110,1,0.0890207715133531,0.0089020771513353,0.0445103857566765,0.0563798219584569,0.0445103857566765,0.1068249258160237,0.0237388724035608,0.0267062314540059,0.0385756676557863,0.0445103857566765,0.0207715133531157,0.0474777448071216,0.0712166172106825,0.0712166172106825,0.0504451038575667,0.0504451038575667,0.0563798219584569,0.0771513353115727,0.0178041543026706,0.0534124629080118,0.1794871794871795,0.0769230769230769,0.282051282051282,0.4615384615384615,17,23,"RNCMPT00229,max,UGUUUUG,RBD_v3_108076",0
"RNCMPT00002,min,AUAGUGA,RBD_v3_101399",2,0,0.0674846625766871,0.0061349693251533,0.0368098159509202,0.0552147239263803,0.0122699386503067,0.0736196319018405,0.0184049079754601,0.0736196319018405,0.0858895705521472,0.0736196319018405,0.0122699386503067,0.0552147239263803,0.0552147239263803,0.0306748466257668,0.0674846625766871,0.1104294478527607,0.0797546012269938,0.0674846625766871,0.0061349693251533,0.0122699386503067,0.3157894736842105,0.2368421052631578,0.3157894736842105,0.131578947368421,3,9,"RNCMPT00002,min,AUAGUGA,RBD_v3_101399",0
"RNCMPT00025,min,GAGUGAG,RBD_v3_087100",44,0,0.099236641221374,0.0076335877862595,0.0610687022900763,0.0458015267175572,0.0458015267175572,0.0763358778625954,0.015267175572519,0.0381679389312977,0.0687022900763358,0.0534351145038167,0.0305343511450381,0.0687022900763358,0.0381679389312977,0.0229007633587786,0.0610687022900763,0.099236641221374,0.0305343511450381,0.1068702290076335,0.0,0.0305343511450381,0.3157894736842105,0.0789473684210526,0.4210526315789473,0.1842105263157894,30,36,"RNCMPT00025,min,GAGUGAG,RBD_v3_087100",0
"RNCMPT00137,min,AGGUUUU,RBD_v3_233073",78,0,0.0833333333333333,0.0208333333333333,0.03125,0.0625,0.0,0.1041666666666666,0.0104166666666666,0.1354166666666666,0.0208333333333333,0.0520833333333333,0.0416666666666666,0.0729166666666666,0.0416666666666666,0.0729166666666666,0.0729166666666666,0.0729166666666666,0.0729166666666666,0.0208333333333333,0.0,0.0104166666666666,0.1666666666666666,0.1666666666666666,0.2666666666666666,0.4,21,27,"RNCMPT00137,min,AGGUUUU,RBD_v3_233073",0
"RNCMPT00050,max,AGAUACU,RBD_v3_224582",119,1,0.0546875,0.0,0.0546875,0.0625,0.0625,0.203125,0.03125,0.0234375,0.0234375,0.03125,0.0234375,0.03125,0.0234375,0.03125,0.1015625,0.1015625,0.0390625,0.0546875,0.0,0.046875,0.3684210526315789,0.131578947368421,0.2368421052631578,0.2631578947368421,1,7,"RNCMPT00050,max,AGAUACU,RBD_v3_224582",0
"RNCMPT00052,min,CCCCCCC,RBD_v3_166722",121,0,0.0621468926553672,0.0338983050847457,0.0451977401129943,0.1016949152542373,0.0338983050847457,0.0734463276836158,0.0451977401129943,0.0677966101694915,0.0847457627118644,0.0621468926553672,0.0225988700564971,0.0508474576271186,0.0282485875706214,0.0282485875706214,0.0564971751412429,0.0508474576271186,0.0508474576271186,0.0621468926553672,0.0056497175141242,0.0338983050847457,0.2368421052631578,0.2894736842105263,0.2631578947368421,0.2105263157894736,14,20,"RNCMPT00052,min,CCCCCCC,RBD_v3_166722",1
"RNCMPT00163,max,GGAGGAG,RBD_v3_125347",158,1,0.0403225806451612,0.0080645161290322,0.0806451612903225,0.0443548387096774,0.0282258064516129,0.1411290322580645,0.0120967741935483,0.0282258064516129,0.032258064516129,0.0241935483870967,0.0120967741935483,0.0282258064516129,0.0685483870967741,0.0040322580645161,0.1733870967741935,0.1129032258064516,0.0282258064516129,0.0685483870967741,0.0040322580645161,0.0604838709677419,0.3421052631578947,0.2105263157894736,0.2894736842105263,0.1578947368421052,16,22,"RNCMPT00163,max,GGAGGAG,RBD_v3_125347",1
"RNCMPT00051,min,ACAGGCG,RBD_v3_068254",120,0,0.1123595505617977,0.0112359550561797,0.0898876404494382,0.0337078651685393,0.0561797752808988,0.1011235955056179,0.0112359550561797,0.0561797752808988,0.0786516853932584,0.0449438202247191,0.0112359550561797,0.0337078651685393,0.0449438202247191,0.0224719101123595,0.0786516853932584,0.0224719101123595,0.0898876404494382,0.0561797752808988,0.0,0.0449438202247191,0.3157894736842105,0.2105263157894736,0.2894736842105263,0.1842105263157894,15,21,"RNCMPT00051,min,ACAGGCG,RBD_v3_068254",0
"RNCMPT00146,min,CAUUUCU,RBD_v3_167501",20,0,0.0303030303030303,0.0216450216450216,0.0606060606060606,0.0735930735930736,0.0735930735930736,0.0692640692640692,0.0303030303030303,0.0346320346320346,0.0865800865800865,0.0519480519480519,0.0129870129870129,0.0606060606060606,0.0389610389610389,0.0346320346320346,0.0606060606060606,0.0649350649350649,0.0519480519480519,0.0909090909090909,0.0086580086580086,0.0432900432900432,0.2368421052631578,0.2368421052631578,0.2105263157894736,0.3157894736842105,17,23,"RNCMPT00146,min,CAUUUCU,RBD_v3_167501",1
"RNCMPT00100,min,CCCCCCC,RBD_v3_239770",76,0,0.0736434108527131,0.0116279069767441,0.0387596899224806,0.0503875968992248,0.0503875968992248,0.1085271317829457,0.0193798449612403,0.0348837209302325,0.0930232558139534,0.0620155038759689,0.0271317829457364,0.0426356589147286,0.0581395348837209,0.0581395348837209,0.0387596899224806,0.065891472868217,0.0736434108527131,0.0813953488372093,0.003875968992248,0.0077519379844961,0.2,0.4,0.1714285714285714,0.2285714285714285,23,29,"RNCMPT00100,min,CCCCCCC,RBD_v3_239770",0
"RNCMPT00289,min,GGUUUGG,RBD_v3_190178",55,0,0.0737463126843657,0.0117994100294985,0.0589970501474926,0.0973451327433628,0.0412979351032448,0.0825958702064896,0.0117994100294985,0.0442477876106194,0.0884955752212389,0.0678466076696165,0.0206489675516224,0.0324483775811209,0.0678466076696165,0.023598820058997,0.0707964601769911,0.0442477876106194,0.0383480825958702,0.079646017699115,0.0088495575221238,0.0353982300884955,0.2333333333333333,0.2666666666666666,0.3,0.2,11,17,"RNCMPT00289,min,GGUUUGG,RBD_v3_190178",1
"RNCMPT00095,min,AGAGUCU,RBD_v3_052889",54,0,0.0418848167539267,0.0,0.1151832460732984,0.0471204188481675,0.0575916230366492,0.0785340314136125,0.0366492146596858,0.06282722513089,0.1047120418848167,0.0418848167539267,0.0209424083769633,0.0366492146596858,0.0471204188481675,0.0575916230366492,0.0575916230366492,0.0418848167539267,0.0366492146596858,0.0890052356020942,0.0052356020942408,0.0209424083769633,0.2894736842105263,0.2894736842105263,0.1842105263157894,0.2368421052631578,1,7,"RNCMPT00095,min,AGAGUCU,RBD_v3_052889",0
"RNCMPT00080,max,UUUUUUU,RBD_v3_029559",191,1,0.0698924731182795,0.0161290322580645,0.0591397849462365,0.0618279569892473,0.0456989247311828,0.0725806451612903,0.0134408602150537,0.053763440860215,0.0510752688172043,0.0779569892473118,0.0268817204301075,0.0403225806451612,0.0698924731182795,0.0591397849462365,0.0403225806451612,0.0591397849462365,0.0564516129032258,0.0994623655913978,0.0,0.0268817204301075,0.1842105263157894,0.1842105263157894,0.2368421052631578,0.3947368421052631,30,36,"RNCMPT00080,max,UUUUUUU,RBD_v3_029559",1
"RNCMPT00022,min,CCCUAUC,RBD_v3_167518",40,0,0.0442477876106194,0.0088495575221238,0.0619469026548672,0.079646017699115,0.0619469026548672,0.1327433628318584,0.0353982300884955,0.0353982300884955,0.0707964601769911,0.0353982300884955,0.0221238938053097,0.0353982300884955,0.0265486725663716,0.0309734513274336,0.084070796460177,0.084070796460177,0.0530973451327433,0.0752212389380531,0.0044247787610619,0.0176991150442477,0.2666666666666666,0.3666666666666666,0.2,0.1666666666666666,11,17,"RNCMPT00022,min,CCCUAUC,RBD_v3_167518",1
"RNCMPT00151,max,AACUAAG,RBD_v3_123476",123,1,0.054054054054054,0.0135135135135135,0.0878378378378378,0.0608108108108108,0.0472972972972973,0.081081081081081,0.0,0.0337837837837837,0.1486486486486486,0.0878378378378378,0.027027027027027,0.027027027027027,0.054054054054054,0.0067567567567567,0.0945945945945946,0.0608108108108108,0.0202702702702702,0.054054054054054,0.0202702702702702,0.0202702702702702,0.4,0.2285714285714285,0.2285714285714285,0.1428571428571428,17,23,"RNCMPT00151,max,AACUAAG,RBD_v3_123476",1
"RNCMPT00058,min,GCACCCC,RBD_v3_151744",132,0,0.0703125,0.0234375,0.0546875,0.0625,0.0390625,0.109375,0.0078125,0.015625,0.0234375,0.03125,0.015625,0.0234375,0.046875,0.0,0.21875,0.140625,0.0234375,0.046875,0.015625,0.03125,0.2894736842105263,0.2368421052631578,0.2894736842105263,0.1842105263157894,6,12,"RNCMPT00058,min,GCACCCC,RBD_v3_151744",1
"RNCMPT00057,max,AUAUAGC,RBD_v3_121401",131,1,0.073170731707317,0.016260162601626,0.040650406504065,0.0447154471544715,0.024390243902439,0.073170731707317,0.016260162601626,0.040650406504065,0.073170731707317,0.0691056910569105,0.024390243902439,0.065040650406504,0.089430894308943,0.0772357723577235,0.032520325203252,0.0853658536585365,0.0609756097560975,0.0365853658536585,0.0040650406504065,0.0528455284552845,0.3684210526315789,0.2105263157894736,0.2894736842105263,0.131578947368421,29,35,"RNCMPT00057,max,AUAUAGC,RBD_v3_121401",0
"RNCMPT00113,min,UUUUUUU,RBD_v3_036271",121,0,0.0621468926553672,0.0338983050847457,0.0451977401129943,0.1016949152542373,0.0338983050847457,0.0734463276836158,0.0451977401129943,0.0677966101694915,0.0847457627118644,0.0621468926553672,0.0225988700564971,0.0508474576271186,0.0282485875706214,0.0282485875706214,0.0564971751412429,0.0508474576271186,0.0508474576271186,0.0621468926553672,0.0056497175141242,0.0338983050847457,0.2,0.2,0.1666666666666666,0.4333333333333333,24,30,"RNCMPT00113,min,UUUUUUU,RBD_v3_036271",0
"RNCMPT00076,min,CAUUUCA,RBD_v3_005890",169,0,0.0461538461538461,0.0153846153846153,0.0653846153846153,0.0576923076923076,0.0653846153846153,0.123076923076923,0.0192307692307692,0.0346153846153846,0.073076923076923,0.0615384615384615,0.0307692307692307,0.0538461538461538,0.0346153846153846,0.05,0.0538461538461538,0.0653846153846153,0.0423076923076923,0.0769230769230769,0.0115384615384615,0.0192307692307692,0.3157894736842105,0.2105263157894736,0.2368421052631578,0.2368421052631578,15,21,"RNCMPT00076,min,CAUUUCA,RBD_v3_005890",1
"RNCMPT00143,max,GAUCAAG,RBD_v3_083150",155,1,0.0584795321637426,0.0,0.0584795321637426,0.1228070175438596,0.0292397660818713,0.0760233918128654,0.0292397660818713,0.0584795321637426,0.087719298245614,0.0701754385964912,0.0058479532163742,0.0292397660818713,0.0409356725146198,0.0175438596491228,0.1403508771929824,0.0292397660818713,0.0467836257309941,0.0467836257309941,0.0116959064327485,0.0409356725146198,0.3684210526315789,0.2894736842105263,0.131578947368421,0.2105263157894736,2,8,"RNCMPT00143,max,GAUCAAG,RBD_v3_083150",1
"RNCMPT00023,min,CCUGCCC,RBD_v3_240297",41,0,0.0442477876106194,0.0088495575221238,0.0663716814159292,0.0752212389380531,0.0619469026548672,0.1283185840707964,0.0353982300884955,0.0353982300884955,0.0752212389380531,0.0353982300884955,0.0221238938053097,0.0309734513274336,0.0309734513274336,0.0309734513274336,0.084070796460177,0.0752212389380531,0.0619469026548672,0.0752212389380531,0.0044247787610619,0.0176991150442477,0.1052631578947368,0.3157894736842105,0.2368421052631578,0.3421052631578947,24,30,"RNCMPT00023,min,CCUGCCC,RBD_v3_240297",1
"RNCMPT00289,min,GGGGGGG,RBD_v3_068209",55,0,0.0737463126843657,0.0117994100294985,0.0589970501474926,0.0973451327433628,0.0412979351032448,0.0825958702064896,0.0117994100294985,0.0442477876106194,0.0884955752212389,0.0678466076696165,0.0206489675516224,0.0324483775811209,0.0678466076696165,0.023598820058997,0.0707964601769911,0.0442477876106194,0.0383480825958702,0.079646017699115,0.0088495575221238,0.0353982300884955,0.1578947368421052,0.131578947368421,0.4736842105263157,0.2368421052631578,32,38,"RNCMPT00289,min,GGGGGGG,RBD_v3_068209",0
"RNCMPT00137,max,ACCCGGA,RBD_v3_165047",78,1,0.0833333333333333,0.0208333333333333,0.03125,0.0625,0.0,0.1041666666666666,0.0104166666666666,0.1354166666666666,0.0208333333333333,0.0520833333333333,0.0416666666666666,0.0729166666666666,0.0416666666666666,0.0729166666666666,0.0729166666666666,0.0729166666666666,0.0729166666666666,0.0208333333333333,0.0,0.0104166666666666,0.1842105263157894,0.4210526315789473,0.2105263157894736,0.1842105263157894,4,10,"RNCMPT00137,max,ACCCGGA,RBD_v3_165047",0
"RNCMPT00165,min,GUGAGUC,RBD_v3_009929",170,0,0.0685714285714285,0.0171428571428571,0.04,0.0457142857142857,0.0457142857142857,0.0885714285714285,0.0228571428571428,0.0457142857142857,0.0542857142857142,0.0342857142857142,0.0371428571428571,0.0542857142857142,0.0485714285714285,0.0857142857142857,0.0342857142857142,0.0771428571428571,0.0657142857142857,0.0685714285714285,0.0257142857142857,0.04,0.2,0.2333333333333333,0.4,0.1666666666666666,16,22,"RNCMPT00165,min,GUGAGUC,RBD_v3_009929",1
"RNCMPT00110,max,AGGACAA,RBD_v3_078990",158,1,0.0495049504950495,0.0099009900990099,0.099009900990099,0.0544554455445544,0.0346534653465346,0.1633663366336633,0.0099009900990099,0.0346534653465346,0.0396039603960396,0.0297029702970297,0.0148514851485148,0.0297029702970297,0.0693069306930693,0.0049504950495049,0.1237623762376237,0.0495049504950495,0.0297029702970297,0.0841584158415841,0.0049504950495049,0.0643564356435643,0.3421052631578947,0.2368421052631578,0.2894736842105263,0.131578947368421,1,7,"RNCMPT00110,max,AGGACAA,RBD_v3_078990",1
"RNCMPT00235,max,CUAAACU,RBD_v3_116458",100,1,0.0224719101123595,0.0168539325842696,0.0505617977528089,0.0580524344569288,0.0449438202247191,0.0243445692883895,0.0224719101123595,0.0786516853932584,0.095505617977528,0.0823970037453183,0.0168539325842696,0.1348314606741573,0.0318352059925093,0.0337078651685393,0.0355805243445692,0.0898876404494382,0.0430711610486891,0.0580524344569288,0.0018726591760299,0.0580524344569288,0.3714285714285714,0.2571428571428571,0.2285714285714285,0.1428571428571428,17,23,"RNCMPT00235,max,CUAAACU,RBD_v3_116458",1
"RNCMPT00212,min,AGAUGUU,RBD_v3_217823",65,0,0.0893617021276595,0.0127659574468085,0.0425531914893617,0.0638297872340425,0.0382978723404255,0.051063829787234,0.0382978723404255,0.0340425531914893,0.0553191489361702,0.076595744680851,0.0297872340425531,0.0297872340425531,0.0468085106382978,0.0425531914893617,0.0893617021276595,0.0936170212765957,0.0680851063829787,0.0638297872340425,0.0042553191489361,0.0297872340425531,0.2857142857142857,0.2571428571428571,0.1142857142857142,0.3428571428571428,1,7,"RNCMPT00212,min,AGAUGUU,RBD_v3_217823",0
"RNCMPT00202,max,UUUUUUU,RBD_v3_042895",101,1,0.0380622837370242,0.0069204152249134,0.0553633217993079,0.0484429065743944,0.0415224913494809,0.0276816608996539,0.0173010380622837,0.1072664359861591,0.1141868512110726,0.0449826989619377,0.0449826989619377,0.1799307958477508,0.0346020761245674,0.0242214532871972,0.0173010380622837,0.0484429065743944,0.0553633217993079,0.0380622837370242,0.0,0.0553633217993079,0.2105263157894736,0.2105263157894736,0.2105263157894736,0.3684210526315789,13,19,"RNCMPT00202,max,UUUUUUU,RBD_v3_042895",1
"RNCMPT00027,max,ACAUACA,RBD_v3_202152",48,1,0.068100358422939,0.017921146953405,0.0519713261648745,0.0483870967741935,0.0376344086021505,0.1272401433691756,0.032258064516129,0.032258064516129,0.050179211469534,0.057347670250896,0.0232974910394265,0.0591397849462365,0.0842293906810035,0.039426523297491,0.0448028673835125,0.0734767025089605,0.0304659498207885,0.068100358422939,0.003584229390681,0.050179211469534,0.3684210526315789,0.2105263157894736,0.1842105263157894,0.2368421052631578,23,29,"RNCMPT00027,max,ACAUACA,RBD_v3_202152",1
"RNCMPT00171,min,GGGGGGC,RBD_v3_059942",91,0,0.0706806282722513,0.0157068062827225,0.0654450261780104,0.06282722513089,0.06282722513089,0.0837696335078534,0.013089005235602,0.0445026178010471,0.0890052356020942,0.0759162303664921,0.0209424083769633,0.0497382198952879,0.0418848167539267,0.0157068062827225,0.0863874345549738,0.0549738219895288,0.031413612565445,0.0732984293193717,0.0078534031413612,0.0340314136125654,0.2,0.2,0.4666666666666667,0.1333333333333333,10,16,"RNCMPT00171,min,GGGGGGC,RBD_v3_059942",0
"RNCMPT00246,max,UUUCCCU,RBD_v3_036176",107,1,0.0880503144654088,0.0188679245283018,0.0220125786163522,0.0628930817610062,0.0157232704402515,0.10062893081761,0.0125786163522012,0.110062893081761,0.0534591194968553,0.0628930817610062,0.0345911949685534,0.0314465408805031,0.0660377358490566,0.0534591194968553,0.0377358490566037,0.1037735849056603,0.0628930817610062,0.0534591194968553,0.0,0.0094339622641509,0.3157894736842105,0.2894736842105263,0.1578947368421052,0.2368421052631578,32,38,"RNCMPT00246,max,UUUCCCU,RBD_v3_036176",1
"RNCMPT00096,max,GGUAGGG,RBD_v3_060079",54,1,0.0418848167539267,0.0,0.1151832460732984,0.0471204188481675,0.0575916230366492,0.0785340314136125,0.0366492146596858,0.06282722513089,0.1047120418848167,0.0418848167539267,0.0209424083769633,0.0366492146596858,0.0471204188481675,0.0575916230366492,0.0575916230366492,0.0418848167539267,0.0366492146596858,0.0890052356020942,0.0052356020942408,0.0209424083769633,0.2333333333333333,0.0666666666666666,0.4666666666666667,0.2333333333333333,20,26,"RNCMPT00096,max,GGUAGGG,RBD_v3_060079",1
"RNCMPT00086,max,UUUAUUU,RBD_v3_009249",197,1,0.0529891304347826,0.0230978260869565,0.0543478260869565,0.077445652173913,0.029891304347826,0.0339673913043478,0.0230978260869565,0.0353260869565217,0.0720108695652173,0.0747282608695652,0.0258152173913043,0.0434782608695652,0.0896739130434782,0.0543478260869565,0.0584239130434782,0.1019021739130434,0.0570652173913043,0.0625,0.0054347826086956,0.0244565217391304,0.1538461538461538,0.1794871794871795,0.282051282051282,0.3846153846153846,9,15,"RNCMPT00086,max,UUUAUUU,RBD_v3_009249",1
"RNCMPT00182,max,AUAUAUA,RBD_v3_223185",164,1,0.0693277310924369,0.0084033613445378,0.0399159663865546,0.0252100840336134,0.0273109243697479,0.0924369747899159,0.0525210084033613,0.0294117647058823,0.0336134453781512,0.0693277310924369,0.0378151260504201,0.0756302521008403,0.0714285714285714,0.1281512605042016,0.0378151260504201,0.0861344537815126,0.042016806722689,0.0336134453781512,0.0,0.0399159663865546,0.3947368421052631,0.1578947368421052,0.1842105263157894,0.2631578947368421,3,9,"RNCMPT00182,max,AUAUAUA,RBD_v3_223185",1
"RNCMPT00246,min,AGGGGUG,RBD_v3_227496",107,0,0.0880503144654088,0.0188679245283018,0.0220125786163522,0.0628930817610062,0.0157232704402515,0.10062893081761,0.0125786163522012,0.110062893081761,0.0534591194968553,0.0628930817610062,0.0345911949685534,0.0314465408805031,0.0660377358490566,0.0534591194968553,0.0377358490566037,0.1037735849056603,0.0628930817610062,0.0534591194968553,0.0,0.0094339622641509,0.2368421052631578,0.131578947368421,0.4473684210526316,0.1842105263157894,23,29,"RNCMPT00246,min,AGGGGUG,RBD_v3_227496",1
"RNCMPT00179,max,GUGUGUG,RBD_v3_138402",163,1,0.1612903225806451,0.0040322580645161,0.0362903225806451,0.032258064516129,0.032258064516129,0.0725806451612903,0.0161290322580645,0.032258064516129,0.032258064516129,0.0846774193548387,0.0282258064516129,0.0443548387096774,0.064516129032258,0.1169354838709677,0.0362903225806451,0.0282258064516129,0.0604838709677419,0.064516129032258,0.0,0.0524193548387096,0.2857142857142857,0.1714285714285714,0.2857142857142857,0.2571428571428571,14,20,"RNCMPT00179,max,GUGUGUG,RBD_v3_138402",1
"RNCMPT00257,max,AAAAAAG,RBD_v3_100829",187,1,0.0684039087947882,0.01628664495114,0.0358306188925081,0.0944625407166123,0.0521172638436482,0.0586319218241042,0.019543973941368,0.0781758957654723,0.0488599348534201,0.0716612377850162,0.0293159609120521,0.0781758957654723,0.0586319218241042,0.0325732899022801,0.0586319218241042,0.0651465798045602,0.0521172638436482,0.0618892508143322,0.0,0.019543973941368,0.4571428571428571,0.2,0.2,0.1428571428571428,3,9,"RNCMPT00257,max,AAAAAAG,RBD_v3_100829",0
"RNCMPT00099,min,CCCCCCC,RBD_v3_153897",76,0,0.0478723404255319,0.0159574468085106,0.0531914893617021,0.0638297872340425,0.0691489361702127,0.0797872340425532,0.026595744680851,0.0372340425531914,0.1117021276595744,0.0425531914893617,0.0212765957446808,0.026595744680851,0.0638297872340425,0.0531914893617021,0.0372340425531914,0.0585106382978723,0.0797872340425532,0.0957446808510638,0.0053191489361702,0.0106382978723404,0.1842105263157894,0.3421052631578947,0.1842105263157894,0.2894736842105263,8,14,"RNCMPT00099,min,CCCCCCC,RBD_v3_153897",1
"RNCMPT00107,max,GGAGGAC,RBD_v3_175178",158,1,0.0495049504950495,0.0099009900990099,0.099009900990099,0.0544554455445544,0.0346534653465346,0.1633663366336633,0.0099009900990099,0.0346534653465346,0.0396039603960396,0.0297029702970297,0.0148514851485148,0.0297029702970297,0.0693069306930693,0.0049504950495049,0.1237623762376237,0.0495049504950495,0.0297029702970297,0.0841584158415841,0.0049504950495049,0.0643564356435643,0.2894736842105263,0.2368421052631578,0.3684210526315789,0.1052631578947368,2,8,"RNCMPT00107,max,GGAGGAC,RBD_v3_175178",1
"RNCMPT00206,min,GGGUGGU,RBD_v3_213602",108,0,0.0909090909090909,0.0142045454545454,0.0454545454545454,0.0511363636363636,0.0539772727272727,0.0625,0.034090909090909,0.0454545454545454,0.0426136363636363,0.0738636363636363,0.0085227272727272,0.0539772727272727,0.0568181818181818,0.0511363636363636,0.0397727272727272,0.09375,0.0454545454545454,0.096590909090909,0.002840909090909,0.0369318181818181,0.1,0.2,0.5,0.2,18,24,"RNCMPT00206,min,GGGUGGU,RBD_v3_213602",1
"RNCMPT00234,min,GGGGGGG,RBD_v3_169117",69,0,0.0588235294117647,0.0030959752321981,0.0495356037151702,0.0650154798761609,0.0495356037151702,0.0247678018575851,0.0154798761609907,0.0712074303405572,0.1238390092879257,0.0619195046439628,0.0402476780185758,0.1083591331269349,0.0464396284829721,0.0526315789473684,0.0278637770897832,0.0340557275541795,0.0495356037151702,0.0588235294117647,0.0061919504643962,0.0526315789473684,0.2894736842105263,0.1052631578947368,0.4473684210526316,0.1578947368421052,2,8,"RNCMPT00234,min,GGGGGGG,RBD_v3_169117",1
"RNCMPT00146,max,AUGGAUG,RBD_v3_116910",20,1,0.0303030303030303,0.0216450216450216,0.0606060606060606,0.0735930735930736,0.0735930735930736,0.0692640692640692,0.0303030303030303,0.0346320346320346,0.0865800865800865,0.0519480519480519,0.0129870129870129,0.0606060606060606,0.0389610389610389,0.0346320346320346,0.0606060606060606,0.0649350649350649,0.0519480519480519,0.0909090909090909,0.0086580086580086,0.0432900432900432,0.3142857142857143,0.1714285714285714,0.3428571428571428,0.1714285714285714,3,9,"RNCMPT00146,max,AUGGAUG,RBD_v3_116910",0
"RNCMPT00076,max,GAAUGAG,RBD_v3_036671",169,1,0.0461538461538461,0.0153846153846153,0.0653846153846153,0.0576923076923076,0.0653846153846153,0.123076923076923,0.0192307692307692,0.0346153846153846,0.073076923076923,0.0615384615384615,0.0307692307692307,0.0538461538461538,0.0346153846153846,0.05,0.0538461538461538,0.0653846153846153,0.0423076923076923,0.0769230769230769,0.0115384615384615,0.0192307692307692,0.2857142857142857,0.1142857142857142,0.3428571428571428,0.2571428571428571,15,21,"RNCMPT00076,max,GAAUGAG,RBD_v3_036671",1
"RNCMPT00167,max,UUUUUGC,RBD_v3_008256",45,1,0.1145038167938931,0.0076335877862595,0.0687022900763358,0.0381679389312977,0.0534351145038167,0.0839694656488549,0.015267175572519,0.0381679389312977,0.0763358778625954,0.0305343511450381,0.0458015267175572,0.0687022900763358,0.0305343511450381,0.0229007633587786,0.0534351145038167,0.0839694656488549,0.015267175572519,0.099236641221374,0.0,0.0534351145038167,0.2631578947368421,0.2368421052631578,0.1842105263157894,0.3157894736842105,29,35,"RNCMPT00167,max,UUUUUGC,RBD_v3_008256",0
"RNCMPT00017,max,UGCAUGA,RBD_v3_028186",35,1,0.1518072289156626,0.0024096385542168,0.0313253012048192,0.0313253012048192,0.0313253012048192,0.0698795180722891,0.0192771084337349,0.0409638554216867,0.0265060240963855,0.1012048192771084,0.0337349397590361,0.053012048192771,0.0602409638554216,0.1373493975903614,0.0385542168674698,0.0698795180722891,0.0433734939759036,0.0385542168674698,0.0,0.0192771084337349,0.2894736842105263,0.2631578947368421,0.2368421052631578,0.2105263157894736,17,23,"RNCMPT00017,max,UGCAUGA,RBD_v3_028186",1
"RNCMPT00097,min,CCCCCCA,RBD_v3_002837",63,0,0.0579710144927536,0.0289855072463768,0.0531400966183574,0.072463768115942,0.038647342995169,0.1111111111111111,0.0144927536231884,0.0289855072463768,0.0628019323671497,0.0628019323671497,0.0144927536231884,0.0434782608695652,0.0579710144927536,0.0434782608695652,0.072463768115942,0.038647342995169,0.0628019323671497,0.0917874396135265,0.0048309178743961,0.038647342995169,0.2571428571428571,0.4285714285714285,0.2,0.1142857142857142,23,29,"RNCMPT00097,min,CCCCCCA,RBD_v3_002837",1
"RNCMPT00237,max,AUGGAGU,RBD_v3_069009",111,1,0.0808510638297872,0.0042553191489361,0.0723404255319148,0.0468085106382978,0.0425531914893617,0.0808510638297872,0.0170212765957446,0.0468085106382978,0.0553191489361702,0.0808510638297872,0.0212765957446808,0.0638297872340425,0.0553191489361702,0.0340425531914893,0.0468085106382978,0.076595744680851,0.0553191489361702,0.0723404255319148,0.0042553191489361,0.0425531914893617,0.3421052631578947,0.0526315789473684,0.3157894736842105,0.2894736842105263,6,12,"RNCMPT00237,max,AUGGAGU,RBD_v3_069009",0
"RNCMPT00081,min,GACGCAC,RBD_v3_166594",192,0,0.1556420233463035,0.0116731517509727,0.0428015564202334,0.0330739299610894,0.0350194552529182,0.0505836575875486,0.036964980544747,0.0252918287937743,0.046692607003891,0.0856031128404669,0.0408560311284046,0.0350194552529182,0.0408560311284046,0.1322957198443579,0.0350194552529182,0.0700389105058365,0.0447470817120622,0.0505836575875486,0.0,0.0272373540856031,0.3157894736842105,0.2105263157894736,0.2894736842105263,0.1842105263157894,15,21,"RNCMPT00081,min,GACGCAC,RBD_v3_166594",1
"RNCMPT00177,min,GGGGGCC,RBD_v3_110571",150,0,0.085972850678733,0.0090497737556561,0.0452488687782805,0.1085972850678733,0.0678733031674208,0.0769230769230769,0.0090497737556561,0.0407239819004524,0.0678733031674208,0.090497737556561,0.0090497737556561,0.0271493212669683,0.0633484162895927,0.0316742081447963,0.090497737556561,0.0542986425339366,0.0497737556561085,0.0542986425339366,0.0,0.0180995475113122,0.2105263157894736,0.1842105263157894,0.3421052631578947,0.2631578947368421,5,11,"RNCMPT00177,min,GGGGGCC,RBD_v3_110571",1
"RNCMPT00071,min,GGGGGGG,RBD_v3_054011",156,0,0.0780141843971631,0.0,0.0319148936170212,0.0496453900709219,0.0531914893617021,0.0709219858156028,0.0177304964539007,0.0602836879432624,0.0780141843971631,0.0638297872340425,0.0602836879432624,0.0460992907801418,0.1241134751773049,0.0673758865248227,0.0460992907801418,0.0425531914893617,0.0425531914893617,0.0496453900709219,0.0,0.0177304964539007,0.2894736842105263,0.131578947368421,0.3684210526315789,0.2105263157894736,10,16,"RNCMPT00071,min,GGGGGGG,RBD_v3_054011",1
"RNCMPT00170,min,GGGGGGA,RBD_v3_141881",128,0,0.0435967302452316,0.0163487738419618,0.0653950953678474,0.0871934604904632,0.0272479564032697,0.0762942779291553,0.0217983651226158,0.0408719346049046,0.0653950953678474,0.0681198910081744,0.0217983651226158,0.0354223433242506,0.0708446866485013,0.0490463215258855,0.0953678474114441,0.0653950953678474,0.0517711171662125,0.0463215258855585,0.0081743869209809,0.0435967302452316,0.1666666666666666,0.0333333333333333,0.5,0.3,2,8,"RNCMPT00170,min,GGGGGGA,RBD_v3_141881",1
"RNCMPT00102,max,UGUAUAG,RBD_v3_217709",106,1,0.0562130177514792,0.0236686390532544,0.0414201183431952,0.0710059171597633,0.0355029585798816,0.0502958579881656,0.0502958579881656,0.0621301775147929,0.0710059171597633,0.0917159763313609,0.029585798816568,0.044378698224852,0.0236686390532544,0.0917159763313609,0.044378698224852,0.0414201183431952,0.0473372781065088,0.0828402366863905,0.0,0.0414201183431952,0.2571428571428571,0.1428571428571428,0.3428571428571428,0.2571428571428571,17,23,"RNCMPT00102,max,UGUAUAG,RBD_v3_217709",1
"RNCMPT00027,max,ACAAACA,RBD_v3_240735",48,1,0.068100358422939,0.017921146953405,0.0519713261648745,0.0483870967741935,0.0376344086021505,0.1272401433691756,0.032258064516129,0.032258064516129,0.050179211469534,0.057347670250896,0.0232974910394265,0.0591397849462365,0.0842293906810035,0.039426523297491,0.0448028673835125,0.0734767025089605,0.0304659498207885,0.068100358422939,0.003584229390681,0.050179211469534,0.3684210526315789,0.2368421052631578,0.131578947368421,0.2631578947368421,5,11,"RNCMPT00027,max,ACAAACA,RBD_v3_240735",1
"RNCMPT00104,max,UGUACAU,RBD_v3_130639",106,1,0.0562130177514792,0.0236686390532544,0.0414201183431952,0.0710059171597633,0.0355029585798816,0.0502958579881656,0.0502958579881656,0.0621301775147929,0.0710059171597633,0.0917159763313609,0.029585798816568,0.044378698224852,0.0236686390532544,0.0917159763313609,0.044378698224852,0.0414201183431952,0.0473372781065088,0.0828402366863905,0.0,0.0414201183431952,0.2368421052631578,0.3157894736842105,0.1842105263157894,0.2631578947368421,23,29,"RNCMPT00104,max,UGUACAU,RBD_v3_130639",1
"RNCMPT00108,max,GGAGGAC,RBD_v3_165677",158,1,0.0495049504950495,0.0099009900990099,0.099009900990099,0.0544554455445544,0.0346534653465346,0.1633663366336633,0.0099009900990099,0.0346534653465346,0.0396039603960396,0.0297029702970297,0.0148514851485148,0.0297029702970297,0.0693069306930693,0.0049504950495049,0.1237623762376237,0.0495049504950495,0.0297029702970297,0.0841584158415841,0.0049504950495049,0.0643564356435643,0.2857142857142857,0.2285714285714285,0.3714285714285714,0.1142857142857142,25,31,"RNCMPT00108,max,GGAGGAC,RBD_v3_165677",1
"RNCMPT00077,min,GGGGGGG,RBD_v3_044649",170,0,0.0693333333333333,0.016,0.0346666666666666,0.0453333333333333,0.0426666666666666,0.0986666666666666,0.0213333333333333,0.0426666666666666,0.0506666666666666,0.0346666666666666,0.04,0.0613333333333333,0.0613333333333333,0.088,0.032,0.0666666666666666,0.0586666666666666,0.064,0.0266666666666666,0.0453333333333333,0.2894736842105263,0.1578947368421052,0.4473684210526316,0.1052631578947368,11,17,"RNCMPT00077,min,GGGGGGG,RBD_v3_044649",0
"RNCMPT00234,max,AUUGCAC,RBD_v3_130306",69,1,0.0588235294117647,0.0030959752321981,0.0495356037151702,0.0650154798761609,0.0495356037151702,0.0247678018575851,0.0154798761609907,0.0712074303405572,0.1238390092879257,0.0619195046439628,0.0402476780185758,0.1083591331269349,0.0464396284829721,0.0526315789473684,0.0278637770897832,0.0340557275541795,0.0495356037151702,0.0588235294117647,0.0061919504643962,0.0526315789473684,0.2571428571428571,0.2857142857142857,0.2857142857142857,0.1714285714285714,7,13,"RNCMPT00234,max,AUUGCAC,RBD_v3_130306",1
"RNCMPT00153,min,GUGGUUU,RBD_v3_177485",89,0,0.0748792270531401,0.0096618357487922,0.0531400966183574,0.0700483091787439,0.0555555555555555,0.0748792270531401,0.0169082125603864,0.038647342995169,0.0845410628019323,0.0579710144927536,0.038647342995169,0.0555555555555555,0.0410628019323671,0.038647342995169,0.0628019323671497,0.0652173913043478,0.0483091787439613,0.0748792270531401,0.002415458937198,0.036231884057971,0.2666666666666666,0.1333333333333333,0.3333333333333333,0.2666666666666666,10,16,"RNCMPT00153,min,GUGGUUU,RBD_v3_177485",0
"RNCMPT00178,min,AGUGAGU,RBD_v3_201706",50,0,0.062730627306273,0.0276752767527675,0.040590405904059,0.070110701107011,0.0387453874538745,0.077490774907749,0.025830258302583,0.0387453874538745,0.059040590405904,0.077490774907749,0.022140221402214,0.0498154981549815,0.0535055350553505,0.033210332103321,0.055350553505535,0.088560885608856,0.051660516605166,0.0793357933579335,0.003690036900369,0.044280442804428,0.2894736842105263,0.0789473684210526,0.4473684210526316,0.1842105263157894,28,34,"RNCMPT00178,min,AGUGAGU,RBD_v3_201706",1
"RNCMPT00068,max,UAUAUUA,RBD_v3_023250",151,1,0.082010582010582,0.0105820105820105,0.0449735449735449,0.0343915343915343,0.0238095238095238,0.0899470899470899,0.0079365079365079,0.0502645502645502,0.0555555555555555,0.0476190476190476,0.0449735449735449,0.0449735449735449,0.0925925925925925,0.0925925925925925,0.0264550264550264,0.0555555555555555,0.0714285714285714,0.0661375661375661,0.0079365079365079,0.0502645502645502,0.2857142857142857,0.2,0.2,0.3142857142857143,4,10,"RNCMPT00068,max,UAUAUUA,RBD_v3_023250",0
"RNCMPT00281,max,AAAAAGC,RBD_v3_017848",168,1,0.0619469026548672,0.0088495575221238,0.0560471976401179,0.0914454277286135,0.0471976401179941,0.0884955752212389,0.0206489675516224,0.0442477876106194,0.0973451327433628,0.0648967551622418,0.023598820058997,0.0353982300884955,0.0589970501474926,0.0353982300884955,0.0619469026548672,0.0324483775811209,0.0471976401179941,0.079646017699115,0.0088495575221238,0.0353982300884955,0.4473684210526316,0.131578947368421,0.2105263157894736,0.2105263157894736,28,34,"RNCMPT00281,max,AAAAAGC,RBD_v3_017848",0
"RNCMPT00151,min,CCCCCCC,RBD_v3_081256",123,0,0.054054054054054,0.0135135135135135,0.0878378378378378,0.0608108108108108,0.0472972972972973,0.081081081081081,0.0,0.0337837837837837,0.1486486486486486,0.0878378378378378,0.027027027027027,0.027027027027027,0.054054054054054,0.0067567567567567,0.0945945945945946,0.0608108108108108,0.0202702702702702,0.054054054054054,0.0202702702702702,0.0202702702702702,0.2631578947368421,0.2894736842105263,0.2368421052631578,0.2105263157894736,11,17,"RNCMPT00151,min,CCCCCCC,RBD_v3_081256",1
"RNCMPT00253,max,AGAAAAA,RBD_v3_100829",183,1,0.0896226415094339,0.0165094339622641,0.0636792452830188,0.0566037735849056,0.0518867924528301,0.070754716981132,0.0188679245283018,0.0518867924528301,0.070754716981132,0.0778301886792452,0.035377358490566,0.0589622641509434,0.0377358490566037,0.0518867924528301,0.070754716981132,0.0518867924528301,0.025943396226415,0.0660377358490566,0.0023584905660377,0.0306603773584905,0.4571428571428571,0.2,0.2,0.1428571428571428,1,7,"RNCMPT00253,max,AGAAAAA,RBD_v3_100829",0
"RNCMPT00107,min,UUUUUUU,RBD_v3_240329",158,0,0.0495049504950495,0.0099009900990099,0.099009900990099,0.0544554455445544,0.0346534653465346,0.1633663366336633,0.0099009900990099,0.0346534653465346,0.0396039603960396,0.0297029702970297,0.0148514851485148,0.0297029702970297,0.0693069306930693,0.0049504950495049,0.1237623762376237,0.0495049504950495,0.0297029702970297,0.0841584158415841,0.0049504950495049,0.0643564356435643,0.1052631578947368,0.1842105263157894,0.2105263157894736,0.5,7,13,"RNCMPT00107,min,UUUUUUU,RBD_v3_240329",1
"RNCMPT00107,min,CCCCCCC,RBD_v3_161924",158,0,0.0495049504950495,0.0099009900990099,0.099009900990099,0.0544554455445544,0.0346534653465346,0.1633663366336633,0.0099009900990099,0.0346534653465346,0.0396039603960396,0.0297029702970297,0.0148514851485148,0.0297029702970297,0.0693069306930693,0.0049504950495049,0.1237623762376237,0.0495049504950495,0.0297029702970297,0.0841584158415841,0.0049504950495049,0.0643564356435643,0.3421052631578947,0.3157894736842105,0.1842105263157894,0.1578947368421052,6,12,"RNCMPT00107,min,CCCCCCC,RBD_v3_161924",1
"RNCMPT00255,min,GGGGGGC,RBD_v3_145005",68,0,0.0855745721271393,0.0097799511002444,0.0586797066014669,0.0782396088019559,0.0488997555012225,0.0782396088019559,0.0073349633251833,0.0268948655256723,0.0635696821515892,0.0709046454767726,0.0317848410757946,0.0342298288508557,0.0415647921760391,0.0586797066014669,0.0904645476772616,0.0684596577017114,0.0342298288508557,0.0733496332518337,0.0024449877750611,0.0366748166259168,0.2,0.2333333333333333,0.4333333333333333,0.1333333333333333,12,18,"RNCMPT00255,min,GGGGGGC,RBD_v3_145005",1
"RNCMPT00084,max,AACAUCA,RBD_v3_155132",195,1,0.1071428571428571,0.0027472527472527,0.0302197802197802,0.0604395604395604,0.0329670329670329,0.1208791208791208,0.0054945054945054,0.0192307692307692,0.0329670329670329,0.0137362637362637,0.0054945054945054,0.0329670329670329,0.1593406593406593,0.0576923076923076,0.1098901098901098,0.0467032967032967,0.0631868131868131,0.0796703296703296,0.0054945054945054,0.0137362637362637,0.2894736842105263,0.3157894736842105,0.1578947368421052,0.2368421052631578,8,14,"RNCMPT00084,max,AACAUCA,RBD_v3_155132",1
"RNCMPT00097,min,CCCCCCC,RBD_v3_172160",63,0,0.0579710144927536,0.0289855072463768,0.0531400966183574,0.072463768115942,0.038647342995169,0.1111111111111111,0.0144927536231884,0.0289855072463768,0.0628019323671497,0.0628019323671497,0.0144927536231884,0.0434782608695652,0.0579710144927536,0.0434782608695652,0.072463768115942,0.038647342995169,0.0628019323671497,0.0917874396135265,0.0048309178743961,0.038647342995169,0.2631578947368421,0.2105263157894736,0.3421052631578947,0.1842105263157894,21,27,"RNCMPT00097,min,CCCCCCC,RBD_v3_172160",1
"RNCMPT00054,max,GAAUCAA,RBD_v3_103262",125,1,0.0735294117647058,0.0117647058823529,0.0352941176470588,0.1029411764705882,0.05,0.0705882352941176,0.0147058823529411,0.0558823529411764,0.0852941176470588,0.0617647058823529,0.0352941176470588,0.0529411764705882,0.0588235294117647,0.0264705882352941,0.0588235294117647,0.0323529411764705,0.05,0.0823529411764705,0.0117647058823529,0.0294117647058823,0.4285714285714285,0.2571428571428571,0.1714285714285714,0.1428571428571428,15,21,"RNCMPT00054,max,GAAUCAA,RBD_v3_103262",1
"RNCMPT00080,max,UUUUUCC,RBD_v3_116610",191,1,0.0698924731182795,0.0161290322580645,0.0591397849462365,0.0618279569892473,0.0456989247311828,0.0725806451612903,0.0134408602150537,0.053763440860215,0.0510752688172043,0.0779569892473118,0.0268817204301075,0.0403225806451612,0.0698924731182795,0.0591397849462365,0.0403225806451612,0.0591397849462365,0.0564516129032258,0.0994623655913978,0.0,0.0268817204301075,0.131578947368421,0.2631578947368421,0.1578947368421052,0.4473684210526316,28,34,"RNCMPT00080,max,UUUUUCC,RBD_v3_116610",1
"RNCMPT00235,max,CUAAACU,RBD_v3_203043",100,1,0.0224719101123595,0.0168539325842696,0.0505617977528089,0.0580524344569288,0.0449438202247191,0.0243445692883895,0.0224719101123595,0.0786516853932584,0.095505617977528,0.0823970037453183,0.0168539325842696,0.1348314606741573,0.0318352059925093,0.0337078651685393,0.0355805243445692,0.0898876404494382,0.0430711610486891,0.0580524344569288,0.0018726591760299,0.0580524344569288,0.3421052631578947,0.2894736842105263,0.1578947368421052,0.2105263157894736,12,18,"RNCMPT00235,max,CUAAACU,RBD_v3_203043",1
"RNCMPT00131,max,AGAAAUU,RBD_v3_175905",15,1,0.0530973451327433,0.0176991150442477,0.0648967551622418,0.0855457227138643,0.0324483775811209,0.0766961651917404,0.0147492625368731,0.0678466076696165,0.1002949852507374,0.0707964601769911,0.0324483775811209,0.0442477876106194,0.0619469026548672,0.0265486725663716,0.0589970501474926,0.0442477876106194,0.0442477876106194,0.0619469026548672,0.0117994100294985,0.0294985250737463,0.3421052631578947,0.2368421052631578,0.2368421052631578,0.1842105263157894,1,7,"RNCMPT00131,max,AGAAAUU,RBD_v3_175905",1
"RNCMPT00223,max,GUACACG,RBD_v3_026817",66,1,0.1889400921658986,0.0046082949308755,0.0184331797235023,0.0506912442396313,0.0460829493087557,0.0414746543778801,0.0230414746543778,0.0184331797235023,0.1013824884792626,0.0506912442396313,0.0092165898617511,0.0460829493087557,0.0599078341013824,0.032258064516129,0.0691244239631336,0.064516129032258,0.0368663594470046,0.1059907834101382,0.0046082949308755,0.0276497695852534,0.2894736842105263,0.2631578947368421,0.2105263157894736,0.2368421052631578,12,18,"RNCMPT00223,max,GUACACG,RBD_v3_026817",1
"RNCMPT00234,max,AUUGCAC,RBD_v3_006938",69,1,0.0588235294117647,0.0030959752321981,0.0495356037151702,0.0650154798761609,0.0495356037151702,0.0247678018575851,0.0154798761609907,0.0712074303405572,0.1238390092879257,0.0619195046439628,0.0402476780185758,0.1083591331269349,0.0464396284829721,0.0526315789473684,0.0278637770897832,0.0340557275541795,0.0495356037151702,0.0588235294117647,0.0061919504643962,0.0526315789473684,0.3421052631578947,0.2368421052631578,0.1842105263157894,0.2368421052631578,7,13,"RNCMPT00234,max,AUUGCAC,RBD_v3_006938",1
"RNCMPT00123,max,AUGCAUG,RBD_v3_023963",1,1,0.1834319526627219,0.0059171597633136,0.029585798816568,0.0414201183431952,0.0473372781065088,0.0710059171597633,0.0236686390532544,0.0414201183431952,0.0355029585798816,0.0473372781065088,0.0118343195266272,0.0532544378698224,0.0473372781065088,0.0355029585798816,0.0710059171597633,0.0710059171597633,0.0473372781065088,0.1242603550295858,0.0059171597633136,0.0059171597633136,0.2631578947368421,0.2105263157894736,0.3157894736842105,0.2105263157894736,4,10,"RNCMPT00123,max,AUGCAUG,RBD_v3_023963",0
"RNCMPT00151,min,CCCCCCC,RBD_v3_176463",123,0,0.054054054054054,0.0135135135135135,0.0878378378378378,0.0608108108108108,0.0472972972972973,0.081081081081081,0.0,0.0337837837837837,0.1486486486486486,0.0878378378378378,0.027027027027027,0.027027027027027,0.054054054054054,0.0067567567567567,0.0945945945945946,0.0608108108108108,0.0202702702702702,0.054054054054054,0.0202702702702702,0.0202702702702702,0.1578947368421052,0.4210526315789473,0.2368421052631578,0.1842105263157894,27,33,"RNCMPT00151,min,CCCCCCC,RBD_v3_176463",1
"RNCMPT00246,min,AGGGGGG,RBD_v3_071168",107,0,0.0880503144654088,0.0188679245283018,0.0220125786163522,0.0628930817610062,0.0157232704402515,0.10062893081761,0.0125786163522012,0.110062893081761,0.0534591194968553,0.0628930817610062,0.0345911949685534,0.0314465408805031,0.0660377358490566,0.0534591194968553,0.0377358490566037,0.1037735849056603,0.0628930817610062,0.0534591194968553,0.0,0.0094339622641509,0.1333333333333333,0.2,0.5666666666666667,0.1,17,23,"RNCMPT00246,min,AGGGGGG,RBD_v3_071168",0
"RNCMPT00141,min,AGGGGGC,RBD_v3_130968",105,0,0.1438848920863309,0.0071942446043165,0.0377697841726618,0.066546762589928,0.0323741007194244,0.0701438848920863,0.014388489208633,0.0521582733812949,0.0503597122302158,0.0863309352517985,0.0359712230215827,0.0341726618705036,0.0575539568345323,0.0755395683453237,0.0341726618705036,0.0539568345323741,0.0521582733812949,0.079136690647482,0.0017985611510791,0.014388489208633,0.3157894736842105,0.131578947368421,0.3684210526315789,0.1842105263157894,1,7,"RNCMPT00141,min,AGGGGGC,RBD_v3_130968",0
"RNCMPT00062,max,AUAAAAG,RBD_v3_228958",60,1,0.0682926829268292,0.0048780487804878,0.048780487804878,0.0585365853658536,0.024390243902439,0.0878048780487804,0.0195121951219512,0.0292682926829268,0.0878048780487804,0.0926829268292682,0.024390243902439,0.024390243902439,0.1317073170731707,0.0292682926829268,0.0682926829268292,0.0926829268292682,0.048780487804878,0.0439024390243902,0.0,0.0146341463414634,0.4473684210526316,0.1052631578947368,0.3157894736842105,0.131578947368421,18,24,"RNCMPT00062,max,AUAAAAG,RBD_v3_228958",1
"RNCMPT00124,min,CCCCCCC,RBD_v3_147508",63,0,0.0397727272727272,0.0198863636363636,0.0681818181818181,0.0568181818181818,0.0426136363636363,0.09375,0.0113636363636363,0.0255681818181818,0.0369318181818181,0.0511363636363636,0.03125,0.0284090909090909,0.1107954545454545,0.0284090909090909,0.1164772727272727,0.0738636363636363,0.0482954545454545,0.0568181818181818,0.002840909090909,0.0568181818181818,0.1052631578947368,0.4473684210526316,0.2105263157894736,0.2368421052631578,22,28,"RNCMPT00124,min,CCCCCCC,RBD_v3_147508",1
"RNCMPT00021,min,GAGUCGU,RBD_v3_033189",39,0,0.0179640718562874,0.0,0.0778443113772455,0.0838323353293413,0.0538922155688622,0.1257485029940119,0.0119760479041916,0.0538922155688622,0.0359281437125748,0.0419161676646706,0.029940119760479,0.0538922155688622,0.0898203592814371,0.0359281437125748,0.1616766467065868,0.029940119760479,0.0179640718562874,0.0718562874251497,0.0,0.0059880239520958,0.3157894736842105,0.1842105263157894,0.3684210526315789,0.131578947368421,23,29,"RNCMPT00021,min,GAGUCGU,RBD_v3_033189",0
"RNCMPT00031,min,AGAGUCG,RBD_v3_184328",56,0,0.0360824742268041,0.0103092783505154,0.0979381443298969,0.0670103092783505,0.0670103092783505,0.0927835051546391,0.0103092783505154,0.0618556701030927,0.1030927835051546,0.0412371134020618,0.0206185567010309,0.0360824742268041,0.0360824742268041,0.0515463917525773,0.0618556701030927,0.0618556701030927,0.0618556701030927,0.056701030927835,0.0103092783505154,0.0154639175257731,0.2571428571428571,0.2,0.4,0.1428571428571428,1,7,"RNCMPT00031,min,AGAGUCG,RBD_v3_184328",0
"RNCMPT00050,min,AGGGGGG,RBD_v3_190677",119,0,0.0546875,0.0,0.0546875,0.0625,0.0625,0.203125,0.03125,0.0234375,0.0234375,0.03125,0.0234375,0.03125,0.0234375,0.03125,0.1015625,0.1015625,0.0390625,0.0546875,0.0,0.046875,0.2631578947368421,0.1842105263157894,0.4473684210526316,0.1052631578947368,1,7,"RNCMPT00050,min,AGGGGGG,RBD_v3_190677",1
"RNCMPT00281,max,AAAAAAG,RBD_v3_047412",168,1,0.0619469026548672,0.0088495575221238,0.0560471976401179,0.0914454277286135,0.0471976401179941,0.0884955752212389,0.0206489675516224,0.0442477876106194,0.0973451327433628,0.0648967551622418,0.023598820058997,0.0353982300884955,0.0589970501474926,0.0353982300884955,0.0619469026548672,0.0324483775811209,0.0471976401179941,0.079646017699115,0.0088495575221238,0.0353982300884955,0.3947368421052631,0.2105263157894736,0.1842105263157894,0.2105263157894736,8,14,"RNCMPT00281,max,AAAAAAG,RBD_v3_047412",0
"RNCMPT00234,min,GGGGGGG,RBD_v3_218264",69,0,0.0588235294117647,0.0030959752321981,0.0495356037151702,0.0650154798761609,0.0495356037151702,0.0247678018575851,0.0154798761609907,0.0712074303405572,0.1238390092879257,0.0619195046439628,0.0402476780185758,0.1083591331269349,0.0464396284829721,0.0526315789473684,0.0278637770897832,0.0340557275541795,0.0495356037151702,0.0588235294117647,0.0061919504643962,0.0526315789473684,0.2105263157894736,0.1052631578947368,0.4473684210526316,0.2368421052631578,28,34,"RNCMPT00234,min,GGGGGGG,RBD_v3_218264",1
"RNCMPT00052,max,CGCGCGG,RBD_v3_206656",121,1,0.0621468926553672,0.0338983050847457,0.0451977401129943,0.1016949152542373,0.0338983050847457,0.0734463276836158,0.0451977401129943,0.0677966101694915,0.0847457627118644,0.0621468926553672,0.0225988700564971,0.0508474576271186,0.0282485875706214,0.0282485875706214,0.0564971751412429,0.0508474576271186,0.0508474576271186,0.0621468926553672,0.0056497175141242,0.0338983050847457,0.2571428571428571,0.3142857142857143,0.2857142857142857,0.1428571428571428,19,25,"RNCMPT00052,max,CGCGCGG,RBD_v3_206656",1
"RNCMPT00057,min,AGAGUCG,RBD_v3_148750",131,0,0.073170731707317,0.016260162601626,0.040650406504065,0.0447154471544715,0.024390243902439,0.073170731707317,0.016260162601626,0.040650406504065,0.073170731707317,0.0691056910569105,0.024390243902439,0.065040650406504,0.089430894308943,0.0772357723577235,0.032520325203252,0.0853658536585365,0.0609756097560975,0.0365853658536585,0.0040650406504065,0.0528455284552845,0.2368421052631578,0.2631578947368421,0.2105263157894736,0.2894736842105263,1,7,"RNCMPT00057,min,AGAGUCG,RBD_v3_148750",1
"RNCMPT00216,min,GGGGGGG,RBD_v3_105870",175,0,0.0962962962962963,0.0148148148148148,0.037037037037037,0.0592592592592592,0.037037037037037,0.0703703703703703,0.037037037037037,0.0333333333333333,0.037037037037037,0.0666666666666666,0.0148148148148148,0.0407407407407407,0.0629629629629629,0.0333333333333333,0.1074074074074074,0.0925925925925925,0.0666666666666666,0.0851851851851851,0.0037037037037037,0.0037037037037037,0.2368421052631578,0.131578947368421,0.3421052631578947,0.2894736842105263,2,8,"RNCMPT00216,min,GGGGGGG,RBD_v3_105870",1
"RNCMPT00150,min,UAUUUUC,RBD_v3_182856",30,0,0.0895140664961636,0.0230179028132992,0.0358056265984654,0.0639386189258312,0.0409207161125319,0.0895140664961636,0.0230179028132992,0.0332480818414322,0.0409207161125319,0.1099744245524296,0.0230179028132992,0.0127877237851662,0.0741687979539642,0.0409207161125319,0.0792838874680307,0.0537084398976982,0.0613810741687979,0.0792838874680307,0.0051150895140664,0.0204603580562659,0.2333333333333333,0.2666666666666666,0.1333333333333333,0.3666666666666666,17,23,"RNCMPT00150,min,UAUUUUC,RBD_v3_182856",1
"RNCMPT00220,min,GGGAGGG,RBD_v3_221493",179,0,0.0492424242424242,0.0037878787878787,0.0303030303030303,0.0416666666666666,0.034090909090909,0.0568181818181818,0.0189393939393939,0.0681818181818181,0.034090909090909,0.053030303030303,0.0378787878787878,0.0795454545454545,0.0681818181818181,0.1325757575757575,0.0568181818181818,0.0568181818181818,0.0643939393939393,0.0871212121212121,0.0,0.0265151515151515,0.2857142857142857,0.0857142857142857,0.4285714285714285,0.2,15,21,"RNCMPT00220,min,GGGAGGG,RBD_v3_221493",1
"RNCMPT00165,min,AGAGUCG,RBD_v3_085147",170,0,0.0685714285714285,0.0171428571428571,0.04,0.0457142857142857,0.0457142857142857,0.0885714285714285,0.0228571428571428,0.0457142857142857,0.0542857142857142,0.0342857142857142,0.0371428571428571,0.0542857142857142,0.0485714285714285,0.0857142857142857,0.0342857142857142,0.0771428571428571,0.0657142857142857,0.0685714285714285,0.0257142857142857,0.04,0.2,0.3,0.3,0.2,1,7,"RNCMPT00165,min,AGAGUCG,RBD_v3_085147",1
"RNCMPT00041,max,UAGUUAG,RBD_v3_043887",77,1,0.0521739130434782,0.017391304347826,0.0608695652173913,0.0652173913043478,0.0739130434782608,0.0913043478260869,0.0217391304347826,0.0304347826086956,0.0739130434782608,0.0478260869565217,0.0565217391304347,0.017391304347826,0.0565217391304347,0.0478260869565217,0.0608695652173913,0.0521739130434782,0.0695652173913043,0.0782608695652174,0.0043478260869565,0.0217391304347826,0.3421052631578947,0.2105263157894736,0.1842105263157894,0.2631578947368421,20,26,"RNCMPT00041,max,UAGUUAG,RBD_v3_043887",0
"RNCMPT00015,min,GGGGGGG,RBD_v3_133314",33,0,0.0524193548387096,0.0040322580645161,0.032258064516129,0.1088709677419354,0.0403225806451612,0.0806451612903225,0.0241935483870967,0.064516129032258,0.0604838709677419,0.0725806451612903,0.0362903225806451,0.0282258064516129,0.0161290322580645,0.0604838709677419,0.0967741935483871,0.0846774193548387,0.0443548387096774,0.0766129032258064,0.0,0.0161290322580645,0.3666666666666666,0.1333333333333333,0.4333333333333333,0.0666666666666666,2,8,"RNCMPT00015,min,GGGGGGG,RBD_v3_133314",0
"RNCMPT00158,max,UUUUUUG,RBD_v3_094016",24,1,0.0647482014388489,0.039568345323741,0.0827338129496402,0.0539568345323741,0.0575539568345323,0.0899280575539568,0.0179856115107913,0.0503597122302158,0.0467625899280575,0.0755395683453237,0.014388489208633,0.014388489208633,0.0719424460431654,0.0503597122302158,0.0647482014388489,0.0683453237410072,0.0179856115107913,0.0647482014388489,0.0107913669064748,0.0431654676258992,0.1578947368421052,0.1842105263157894,0.1842105263157894,0.4736842105263157,31,37,"RNCMPT00158,max,UUUUUUG,RBD_v3_094016",1
"RNCMPT00096,max,GGUAGGG,RBD_v3_191146",54,1,0.0418848167539267,0.0,0.1151832460732984,0.0471204188481675,0.0575916230366492,0.0785340314136125,0.0366492146596858,0.06282722513089,0.1047120418848167,0.0418848167539267,0.0209424083769633,0.0366492146596858,0.0471204188481675,0.0575916230366492,0.0575916230366492,0.0418848167539267,0.0366492146596858,0.0890052356020942,0.0052356020942408,0.0209424083769633,0.2857142857142857,0.0857142857142857,0.4,0.2285714285714285,26,32,"RNCMPT00096,max,GGUAGGG,RBD_v3_191146",1
"RNCMPT00110,max,AGGAGCA,RBD_v3_190838",158,1,0.0495049504950495,0.0099009900990099,0.099009900990099,0.0544554455445544,0.0346534653465346,0.1633663366336633,0.0099009900990099,0.0346534653465346,0.0396039603960396,0.0297029702970297,0.0148514851485148,0.0297029702970297,0.0693069306930693,0.0049504950495049,0.1237623762376237,0.0495049504950495,0.0297029702970297,0.0841584158415841,0.0049504950495049,0.0643564356435643,0.4473684210526316,0.1578947368421052,0.2631578947368421,0.131578947368421,9,15,"RNCMPT00110,max,AGGAGCA,RBD_v3_190838",1
"RNCMPT00265,min,GUGGGUG,RBD_v3_048639",5,0,0.0767123287671232,0.0054794520547945,0.0520547945205479,0.0767123287671232,0.0054794520547945,0.1178082191780822,0.0191780821917808,0.0794520547945205,0.0465753424657534,0.0630136986301369,0.0301369863013698,0.0465753424657534,0.0383561643835616,0.0438356164383561,0.0602739726027397,0.0712328767123287,0.073972602739726,0.0630136986301369,0.0054794520547945,0.0246575342465753,0.1025641025641025,0.1282051282051282,0.4358974358974359,0.3333333333333333,21,27,"RNCMPT00265,min,GUGGGUG,RBD_v3_048639",1
"RNCMPT00117,max,UUAGUUU,RBD_v3_237638",57,1,0.0707692307692307,0.0092307692307692,0.0492307692307692,0.0461538461538461,0.0553846153846153,0.0892307692307692,0.0246153846153846,0.0584615384615384,0.0523076923076923,0.0676923076923076,0.0307692307692307,0.0707692307692307,0.0369230769230769,0.0369230769230769,0.0615384615384615,0.0861538461538461,0.0492307692307692,0.0676923076923076,0.0061538461538461,0.0307692307692307,0.2571428571428571,0.2,0.2285714285714285,0.3142857142857143,13,19,"RNCMPT00117,max,UUAGUUU,RBD_v3_237638",1
"RNCMPT00160,max,GGGAGGG,RBD_v3_081495",46,1,0.0637254901960784,0.0122549019607843,0.0539215686274509,0.0735294117647058,0.0588235294117647,0.1348039215686274,0.0294117647058823,0.0318627450980392,0.0392156862745098,0.0490196078431372,0.0416666666666666,0.0367647058823529,0.0392156862745098,0.0245098039215686,0.0759803921568627,0.0808823529411764,0.0416666666666666,0.0563725490196078,0.0049019607843137,0.0514705882352941,0.2,0.2,0.5666666666666667,0.0333333333333333,6,12,"RNCMPT00160,max,GGGAGGG,RBD_v3_081495",1
"RNCMPT00051,max,UGUGUGU,RBD_v3_235740",120,1,0.1123595505617977,0.0112359550561797,0.0898876404494382,0.0337078651685393,0.0561797752808988,0.1011235955056179,0.0112359550561797,0.0561797752808988,0.0786516853932584,0.0449438202247191,0.0112359550561797,0.0337078651685393,0.0449438202247191,0.0224719101123595,0.0786516853932584,0.0224719101123595,0.0898876404494382,0.0561797752808988,0.0,0.0449438202247191,0.2571428571428571,0.2285714285714285,0.2571428571428571,0.2571428571428571,28,34,"RNCMPT00051,max,UGUGUGU,RBD_v3_235740",0
"RNCMPT00273,min,UUUAGAA,RBD_v3_096047",27,0,0.0791788856304985,0.0117302052785923,0.0674486803519061,0.1319648093841642,0.0263929618768328,0.0498533724340175,0.0146627565982404,0.0674486803519061,0.0821114369501466,0.0850439882697947,0.0205278592375366,0.0439882697947214,0.032258064516129,0.0146627565982404,0.0586510263929618,0.0498533724340175,0.0527859237536656,0.0733137829912023,0.002932551319648,0.0351906158357771,0.3947368421052631,0.1578947368421052,0.131578947368421,0.3157894736842105,29,35,"RNCMPT00273,min,UUUAGAA,RBD_v3_096047",1
"RNCMPT00100,max,AGUAGGA,RBD_v3_163505",76,1,0.0736434108527131,0.0116279069767441,0.0387596899224806,0.0503875968992248,0.0503875968992248,0.1085271317829457,0.0193798449612403,0.0348837209302325,0.0930232558139534,0.0620155038759689,0.0271317829457364,0.0426356589147286,0.0581395348837209,0.0581395348837209,0.0387596899224806,0.065891472868217,0.0736434108527131,0.0813953488372093,0.003875968992248,0.0077519379844961,0.3947368421052631,0.2105263157894736,0.2105263157894736,0.1842105263157894,4,10,"RNCMPT00100,max,AGUAGGA,RBD_v3_163505",1
"RNCMPT00061,max,ACGACGA,RBD_v3_223533",140,1,0.0314960629921259,0.0078740157480314,0.0708661417322834,0.0551181102362204,0.0551181102362204,0.1889763779527559,0.0157480314960629,0.0314960629921259,0.0551181102362204,0.0551181102362204,0.0236220472440944,0.0314960629921259,0.0314960629921259,0.0314960629921259,0.1102362204724409,0.1023622047244094,0.0314960629921259,0.0472440944881889,0.0078740157480314,0.0157480314960629,0.3157894736842105,0.2894736842105263,0.2105263157894736,0.1842105263157894,10,16,"RNCMPT00061,max,ACGACGA,RBD_v3_223533",1
"RNCMPT00095,max,GGUAGGG,RBD_v3_031924",54,1,0.0418848167539267,0.0,0.1151832460732984,0.0471204188481675,0.0575916230366492,0.0785340314136125,0.0366492146596858,0.06282722513089,0.1047120418848167,0.0418848167539267,0.0209424083769633,0.0366492146596858,0.0471204188481675,0.0575916230366492,0.0575916230366492,0.0418848167539267,0.0366492146596858,0.0890052356020942,0.0052356020942408,0.0209424083769633,0.3157894736842105,0.1052631578947368,0.3947368421052631,0.1842105263157894,28,34,"RNCMPT00095,max,GGUAGGG,RBD_v3_031924",1
"RNCMPT00272,min,GUGAGUC,RBD_v3_036460",157,0,0.0583333333333333,0.0083333333333333,0.0791666666666666,0.075,0.0416666666666666,0.075,0.0208333333333333,0.0458333333333333,0.1,0.0833333333333333,0.0166666666666666,0.0416666666666666,0.0375,0.0625,0.0583333333333333,0.0375,0.0416666666666666,0.0833333333333333,0.0041666666666666,0.0291666666666666,0.2285714285714285,0.1428571428571428,0.3714285714285714,0.2571428571428571,5,11,"RNCMPT00272,min,GUGAGUC,RBD_v3_036460",0
"RNCMPT00116,max,GAACAUC,RBD_v3_118226",194,1,0.0895061728395061,0.0,0.0401234567901234,0.0833333333333333,0.0216049382716049,0.1203703703703703,0.0061728395061728,0.0092592592592592,0.0493827160493827,0.0123456790123456,0.0123456790123456,0.0648148148148148,0.1080246913580246,0.074074074074074,0.1203703703703703,0.0462962962962962,0.0401234567901234,0.0493827160493827,0.0030864197530864,0.0493827160493827,0.3421052631578947,0.2894736842105263,0.1842105263157894,0.1842105263157894,3,9,"RNCMPT00116,max,GAACAUC,RBD_v3_118226",0
"RNCMPT00209,min,GUGUGUC,RBD_v3_064330",80,0,0.1255060728744939,0.0,0.0566801619433198,0.0850202429149797,0.048582995951417,0.0647773279352226,0.0040485829959514,0.048582995951417,0.0769230769230769,0.0647773279352226,0.0161943319838056,0.0404858299595141,0.0566801619433198,0.0566801619433198,0.0769230769230769,0.0242914979757085,0.0607287449392712,0.0728744939271255,0.0,0.020242914979757,0.2285714285714285,0.2,0.2285714285714285,0.3428571428571428,10,16,"RNCMPT00209,min,GUGUGUC,RBD_v3_064330",1
"RNCMPT00079,min,GAGUCGU,RBD_v3_051562",190,0,0.0666666666666666,0.016,0.0586666666666666,0.0506666666666666,0.0453333333333333,0.08,0.0133333333333333,0.0426666666666666,0.0453333333333333,0.0853333333333333,0.04,0.04,0.0746666666666666,0.0613333333333333,0.0373333333333333,0.0506666666666666,0.0613333333333333,0.0986666666666666,0.0026666666666666,0.0293333333333333,0.1428571428571428,0.2857142857142857,0.2571428571428571,0.3142857142857143,11,17,"RNCMPT00079,min,GAGUCGU,RBD_v3_051562",1
"RNCMPT00177,min,GGGGGCC,RBD_v3_124350",150,0,0.085972850678733,0.0090497737556561,0.0452488687782805,0.1085972850678733,0.0678733031674208,0.0769230769230769,0.0090497737556561,0.0407239819004524,0.0678733031674208,0.090497737556561,0.0090497737556561,0.0271493212669683,0.0633484162895927,0.0316742081447963,0.090497737556561,0.0542986425339366,0.0497737556561085,0.0542986425339366,0.0,0.0180995475113122,0.2285714285714285,0.1714285714285714,0.3428571428571428,0.2571428571428571,4,10,"RNCMPT00177,min,GGGGGCC,RBD_v3_124350",1
"RNCMPT00058,min,GGGCCCC,RBD_v3_170968",132,0,0.0703125,0.0234375,0.0546875,0.0625,0.0390625,0.109375,0.0078125,0.015625,0.0234375,0.03125,0.015625,0.0234375,0.046875,0.0,0.21875,0.140625,0.0234375,0.046875,0.015625,0.03125,0.3421052631578947,0.2894736842105263,0.2631578947368421,0.1052631578947368,27,33,"RNCMPT00058,min,GGGCCCC,RBD_v3_170968",1
"RNCMPT00127,min,GAUGGUG,RBD_v3_006110",133,0,0.078125,0.0234375,0.046875,0.0625,0.03125,0.2890625,0.0,0.015625,0.0234375,0.03125,0.015625,0.03125,0.03125,0.0,0.1328125,0.0703125,0.0234375,0.046875,0.015625,0.03125,0.2857142857142857,0.1714285714285714,0.3428571428571428,0.2,2,8,"RNCMPT00127,min,GAUGGUG,RBD_v3_006110",1
"RNCMPT00253,max,AGAAAUA,RBD_v3_020310",183,1,0.0896226415094339,0.0165094339622641,0.0636792452830188,0.0566037735849056,0.0518867924528301,0.070754716981132,0.0188679245283018,0.0518867924528301,0.070754716981132,0.0778301886792452,0.035377358490566,0.0589622641509434,0.0377358490566037,0.0518867924528301,0.070754716981132,0.0518867924528301,0.025943396226415,0.0660377358490566,0.0023584905660377,0.0306603773584905,0.4333333333333333,0.1666666666666666,0.2666666666666666,0.1333333333333333,1,7,"RNCMPT00253,max,AGAAAUA,RBD_v3_020310",1
"RNCMPT00119,max,UUUUUUU,RBD_v3_095206",165,1,0.0823529411764705,0.0117647058823529,0.0509803921568627,0.0352941176470588,0.0313725490196078,0.0901960784313725,0.0196078431372549,0.0509803921568627,0.0431372549019607,0.0823529411764705,0.0431372549019607,0.0862745098039215,0.0705882352941176,0.0313725490196078,0.0666666666666666,0.0666666666666666,0.0470588235294117,0.0549019607843137,0.0,0.0352941176470588,0.2285714285714285,0.2571428571428571,0.2571428571428571,0.2571428571428571,21,27,"RNCMPT00119,max,UUUUUUU,RBD_v3_095206",1
"RNCMPT00268,max,CUUUUUC,RBD_v3_221609",104,1,0.0981132075471698,0.0056603773584905,0.0471698113207547,0.0320754716981132,0.0452830188679245,0.0716981132075471,0.0283018867924528,0.0528301886792452,0.0622641509433962,0.1,0.0226415094339622,0.0698113207547169,0.0528301886792452,0.0547169811320754,0.0339622641509433,0.0886792452830188,0.0433962264150943,0.0716981132075471,0.0,0.0188679245283018,0.2105263157894736,0.1578947368421052,0.2368421052631578,0.3947368421052631,27,33,"RNCMPT00268,max,CUUUUUC,RBD_v3_221609",1
"RNCMPT00058,max,AACAACG,RBD_v3_221482",132,1,0.0703125,0.0234375,0.0546875,0.0625,0.0390625,0.109375,0.0078125,0.015625,0.0234375,0.03125,0.015625,0.0234375,0.046875,0.0,0.21875,0.140625,0.0234375,0.046875,0.015625,0.03125,0.3421052631578947,0.1842105263157894,0.2894736842105263,0.1842105263157894,8,14,"RNCMPT00058,max,AACAACG,RBD_v3_221482",1
"RNCMPT00056,max,GUGCGCG,RBD_v3_068291",129,1,0.0457516339869281,0.0065359477124183,0.0718954248366013,0.1176470588235294,0.0261437908496732,0.1176470588235294,0.0261437908496732,0.0392156862745098,0.0784313725490196,0.0522875816993464,0.0196078431372549,0.0196078431372549,0.0392156862745098,0.0326797385620915,0.1241830065359477,0.0522875816993464,0.0326797385620915,0.0457516339869281,0.0130718954248366,0.0392156862745098,0.2105263157894736,0.3421052631578947,0.2368421052631578,0.2105263157894736,19,25,"RNCMPT00056,max,GUGCGCG,RBD_v3_068291",0
"RNCMPT00288,min,GGGUGGG,RBD_v3_163493",49,0,0.0678466076696165,0.0117994100294985,0.0560471976401179,0.0973451327433628,0.0383480825958702,0.0825958702064896,0.0117994100294985,0.0442477876106194,0.0943952802359882,0.0678466076696165,0.0206489675516224,0.0353982300884955,0.0678466076696165,0.023598820058997,0.0678466076696165,0.0353982300884955,0.0442477876106194,0.0825958702064896,0.0088495575221238,0.0412979351032448,0.3666666666666666,0.1,0.3333333333333333,0.2,14,20,"RNCMPT00288,min,GGGUGGG,RBD_v3_163493",1
"RNCMPT00161,min,CCCCCCC,RBD_v3_108852",37,0,0.0560344827586206,0.0043103448275862,0.043103448275862,0.0948275862068965,0.0344827586206896,0.0948275862068965,0.021551724137931,0.0689655172413793,0.0603448275862069,0.0818965517241379,0.0258620689655172,0.0387931034482758,0.021551724137931,0.043103448275862,0.0862068965517241,0.0560344827586206,0.0474137931034482,0.0948275862068965,0.0,0.0258620689655172,0.2,0.4,0.3,0.1,20,26,"RNCMPT00161,min,CCCCCCC,RBD_v3_108852",1
"RNCMPT00003,max,GUGUUGU,RBD_v3_089401",3,1,0.1225165562913907,0.0149006622516556,0.0447019867549668,0.0314569536423841,0.0413907284768211,0.0579470198675496,0.0149006622516556,0.0413907284768211,0.0562913907284768,0.0877483443708609,0.0281456953642384,0.0943708609271523,0.0529801324503311,0.0562913907284768,0.021523178807947,0.0993377483443708,0.0612582781456953,0.0562913907284768,0.0033112582781456,0.0132450331125827,0.1025641025641025,0.1538461538461538,0.3076923076923077,0.4358974358974359,21,27,"RNCMPT00003,max,GUGUUGU,RBD_v3_089401",0
"RNCMPT00029,min,ACCCCCC,RBD_v3_172392",53,0,0.0466101694915254,0.0042372881355932,0.1059322033898305,0.0508474576271186,0.0423728813559322,0.1567796610169491,0.0169491525423728,0.059322033898305,0.0889830508474576,0.0381355932203389,0.0169491525423728,0.0466101694915254,0.0338983050847457,0.0550847457627118,0.0720338983050847,0.0338983050847457,0.0423728813559322,0.0550847457627118,0.0084745762711864,0.0254237288135593,0.2894736842105263,0.3684210526315789,0.1578947368421052,0.1842105263157894,16,22,"RNCMPT00029,min,ACCCCCC,RBD_v3_172392",1
"RNCMPT00045,max,UGCGCGC,RBD_v3_235837",103,1,0.048780487804878,0.0182926829268292,0.073170731707317,0.073170731707317,0.073170731707317,0.048780487804878,0.024390243902439,0.0365853658536585,0.048780487804878,0.048780487804878,0.0060975609756097,0.0121951219512195,0.0365853658536585,0.0548780487804878,0.1585365853658536,0.1280487804878048,0.024390243902439,0.0426829268292682,0.0,0.0426829268292682,0.2631578947368421,0.2368421052631578,0.2631578947368421,0.2368421052631578,11,17,"RNCMPT00045,max,UGCGCGC,RBD_v3_235837",0
"RNCMPT00140,max,AUGGAAA,RBD_v3_188013",75,1,0.0761670761670761,0.0049140049140049,0.054054054054054,0.0786240786240786,0.0589680589680589,0.0491400491400491,0.0122850122850122,0.0515970515970515,0.1081081081081081,0.0909090909090909,0.0049140049140049,0.0614250614250614,0.0442260442260442,0.027027027027027,0.0515970515970515,0.0786240786240786,0.0565110565110565,0.0835380835380835,0.0024570024570024,0.0049140049140049,0.3428571428571428,0.0857142857142857,0.3142857142857143,0.2571428571428571,3,9,"RNCMPT00140,max,AUGGAAA,RBD_v3_188013",1
"RNCMPT00146,min,CAUUUCU,RBD_v3_068862",20,0,0.0303030303030303,0.0216450216450216,0.0606060606060606,0.0735930735930736,0.0735930735930736,0.0692640692640692,0.0303030303030303,0.0346320346320346,0.0865800865800865,0.0519480519480519,0.0129870129870129,0.0606060606060606,0.0389610389610389,0.0346320346320346,0.0606060606060606,0.0649350649350649,0.0519480519480519,0.0909090909090909,0.0086580086580086,0.0432900432900432,0.2894736842105263,0.3157894736842105,0.0526315789473684,0.3421052631578947,29,35,"RNCMPT00146,min,CAUUUCU,RBD_v3_068862",0
"RNCMPT00136,min,GAGUCGU,RBD_v3_153659",57,0,0.0707692307692307,0.0092307692307692,0.0492307692307692,0.0461538461538461,0.0553846153846153,0.0892307692307692,0.0246153846153846,0.0584615384615384,0.0523076923076923,0.0676923076923076,0.0307692307692307,0.0707692307692307,0.0369230769230769,0.0369230769230769,0.0615384615384615,0.0861538461538461,0.0492307692307692,0.0676923076923076,0.0061538461538461,0.0307692307692307,0.2631578947368421,0.1052631578947368,0.5,0.131578947368421,24,30,"RNCMPT00136,min,GAGUCGU,RBD_v3_153659",0
"RNCMPT00024,max,GAUAGGG,RBD_v3_151402",42,1,0.0472103004291845,0.0042918454935622,0.0600858369098712,0.0944206008583691,0.0643776824034334,0.1287553648068669,0.0300429184549356,0.03862660944206,0.0772532188841201,0.0429184549356223,0.0214592274678111,0.0257510729613733,0.0343347639484978,0.0300429184549356,0.0858369098712446,0.0686695278969957,0.0515021459227467,0.0686695278969957,0.0042918454935622,0.0214592274678111,0.4285714285714285,0.1714285714285714,0.2285714285714285,0.1714285714285714,2,8,"RNCMPT00024,max,GAUAGGG,RBD_v3_151402",1
"RNCMPT00235,max,CUAAACU,RBD_v3_005450",100,1,0.0224719101123595,0.0168539325842696,0.0505617977528089,0.0580524344569288,0.0449438202247191,0.0243445692883895,0.0224719101123595,0.0786516853932584,0.095505617977528,0.0823970037453183,0.0168539325842696,0.1348314606741573,0.0318352059925093,0.0337078651685393,0.0355805243445692,0.0898876404494382,0.0430711610486891,0.0580524344569288,0.0018726591760299,0.0580524344569288,0.3714285714285714,0.2571428571428571,0.2285714285714285,0.1428571428571428,17,23,"RNCMPT00235,max,CUAAACU,RBD_v3_005450",1
"RNCMPT00157,min,UUUUGGU,RBD_v3_040676",92,0,0.0705882352941176,0.0117647058823529,0.0352941176470588,0.1,0.0470588235294117,0.0764705882352941,0.0176470588235294,0.0470588235294117,0.0529411764705882,0.0411764705882352,0.0294117647058823,0.0529411764705882,0.0529411764705882,0.0176470588235294,0.1117647058823529,0.088235294117647,0.0470588235294117,0.0588235294117647,0.0,0.0411764705882352,0.1842105263157894,0.1578947368421052,0.2368421052631578,0.4210526315789473,12,18,"RNCMPT00157,min,UUUUGGU,RBD_v3_040676",1
"RNCMPT00132,min,GUGAGUC,RBD_v3_237892",134,0,0.1070496083550913,0.010443864229765,0.031331592689295,0.04177545691906,0.0391644908616188,0.0704960835509138,0.0052219321148825,0.0600522193211488,0.0548302872062663,0.0678851174934725,0.0130548302872062,0.1357702349869451,0.04177545691906,0.0443864229765013,0.0365535248041775,0.0835509138381201,0.0678851174934725,0.0548302872062663,0.0052219321148825,0.0287206266318537,0.2368421052631578,0.1578947368421052,0.4210526315789473,0.1842105263157894,12,18,"RNCMPT00132,min,GUGAGUC,RBD_v3_237892",1
"RNCMPT00251,max,AUUCACA,RBD_v3_203299",181,1,0.1028446389496717,0.0306345733041575,0.0547045951859956,0.0481400437636761,0.0525164113785558,0.0678336980306345,0.024070021881838,0.0437636761487965,0.0306345733041575,0.0919037199124726,0.0284463894967177,0.0328227571115973,0.0459518599562363,0.037199124726477,0.0634573304157549,0.0853391684901531,0.0547045951859956,0.0787746170678337,0.0065645514223194,0.0196936542669584,0.2571428571428571,0.1714285714285714,0.3714285714285714,0.2,12,18,"RNCMPT00251,max,AUUCACA,RBD_v3_203299",0
"RNCMPT00284,max,GAGUGUG,RBD_v3_031640",7,1,0.0839160839160839,0.0139860139860139,0.0349650349650349,0.0419580419580419,0.0489510489510489,0.1118881118881118,0.0139860139860139,0.0489510489510489,0.0209790209790209,0.0629370629370629,0.0139860139860139,0.0489510489510489,0.1118881118881118,0.0349650349650349,0.0839160839160839,0.0489510489510489,0.0559440559440559,0.0559440559440559,0.0069930069930069,0.0559440559440559,0.2368421052631578,0.1842105263157894,0.2894736842105263,0.2894736842105263,2,8,"RNCMPT00284,max,GAGUGUG,RBD_v3_031640",0
"RNCMPT00039,max,UAAUAUU,RBD_v3_048705",74,1,0.079059829059829,0.0149572649572649,0.047008547008547,0.0448717948717948,0.0256410256410256,0.0619658119658119,0.0384615384615384,0.0256410256410256,0.0363247863247863,0.047008547008547,0.0555555555555555,0.0512820512820512,0.1025641025641025,0.0961538461538461,0.0641025641025641,0.0641025641025641,0.0555555555555555,0.0363247863247863,0.0021367521367521,0.0512820512820512,0.3157894736842105,0.1842105263157894,0.2631578947368421,0.2368421052631578,7,13,"RNCMPT00039,max,UAAUAUU,RBD_v3_048705",0
"RNCMPT00187,min,CACUUUC,RBD_v3_094467",12,0,0.1372141372141372,0.0145530145530145,0.0374220374220374,0.0353430353430353,0.0478170478170478,0.1122661122661122,0.0249480249480249,0.0249480249480249,0.0395010395010395,0.0935550935550935,0.0249480249480249,0.0249480249480249,0.0935550935550935,0.0727650727650727,0.0457380457380457,0.0561330561330561,0.0415800415800415,0.0498960498960499,0.0,0.0228690228690228,0.2368421052631578,0.2894736842105263,0.2368421052631578,0.2368421052631578,4,10,"RNCMPT00187,min,CACUUUC,RBD_v3_094467",1
"RNCMPT00071,min,GGGGGGG,RBD_v3_026081",156,0,0.0780141843971631,0.0,0.0319148936170212,0.0496453900709219,0.0531914893617021,0.0709219858156028,0.0177304964539007,0.0602836879432624,0.0780141843971631,0.0638297872340425,0.0602836879432624,0.0460992907801418,0.1241134751773049,0.0673758865248227,0.0460992907801418,0.0425531914893617,0.0425531914893617,0.0496453900709219,0.0,0.0177304964539007,0.2894736842105263,0.0789473684210526,0.4210526315789473,0.2105263157894736,29,35,"RNCMPT00071,min,GGGGGGG,RBD_v3_026081",0
"RNCMPT00057,min,AGAGUCG,RBD_v3_108208",131,0,0.073170731707317,0.016260162601626,0.040650406504065,0.0447154471544715,0.024390243902439,0.073170731707317,0.016260162601626,0.040650406504065,0.073170731707317,0.0691056910569105,0.024390243902439,0.065040650406504,0.089430894308943,0.0772357723577235,0.032520325203252,0.0853658536585365,0.0609756097560975,0.0365853658536585,0.0040650406504065,0.0528455284552845,0.2333333333333333,0.2333333333333333,0.4,0.1333333333333333,1,7,"RNCMPT00057,min,AGAGUCG,RBD_v3_108208",1
"RNCMPT00052,min,UUUUUUU,RBD_v3_117413",121,0,0.0621468926553672,0.0338983050847457,0.0451977401129943,0.1016949152542373,0.0338983050847457,0.0734463276836158,0.0451977401129943,0.0677966101694915,0.0847457627118644,0.0621468926553672,0.0225988700564971,0.0508474576271186,0.0282485875706214,0.0282485875706214,0.0564971751412429,0.0508474576271186,0.0508474576271186,0.0621468926553672,0.0056497175141242,0.0338983050847457,0.1333333333333333,0.2666666666666666,0.2,0.4,24,30,"RNCMPT00052,min,UUUUUUU,RBD_v3_117413",1
"RNCMPT00225,min,GGGGGCC,RBD_v3_156860",184,0,0.1048689138576779,0.0074906367041198,0.0599250936329588,0.0374531835205992,0.0299625468164794,0.0861423220973782,0.0074906367041198,0.0374531835205992,0.0861423220973782,0.1011235955056179,0.0262172284644194,0.0299625468164794,0.0449438202247191,0.0299625468164794,0.048689138576779,0.0898876404494382,0.0898876404494382,0.0524344569288389,0.0074906367041198,0.0224719101123595,0.3157894736842105,0.3157894736842105,0.2631578947368421,0.1052631578947368,18,24,"RNCMPT00225,min,GGGGGCC,RBD_v3_156860",1
"RNCMPT00123,min,AGAGUCG,RBD_v3_221610",1,0,0.1834319526627219,0.0059171597633136,0.029585798816568,0.0414201183431952,0.0473372781065088,0.0710059171597633,0.0236686390532544,0.0414201183431952,0.0355029585798816,0.0473372781065088,0.0118343195266272,0.0532544378698224,0.0473372781065088,0.0355029585798816,0.0710059171597633,0.0710059171597633,0.0473372781065088,0.1242603550295858,0.0059171597633136,0.0059171597633136,0.3157894736842105,0.2105263157894736,0.2368421052631578,0.2368421052631578,1,7,"RNCMPT00123,min,AGAGUCG,RBD_v3_221610",0
"RNCMPT00239,max,CCUUUCC,RBD_v3_002282",94,1,0.0870786516853932,0.0252808988764044,0.0308988764044943,0.0561797752808988,0.0112359550561797,0.1011235955056179,0.0196629213483146,0.095505617977528,0.0393258426966292,0.0674157303370786,0.0337078651685393,0.0393258426966292,0.0533707865168539,0.0561797752808988,0.0449438202247191,0.098314606741573,0.0702247191011236,0.0533707865168539,0.0028089887640449,0.0140449438202247,0.2666666666666666,0.3666666666666666,0.1666666666666666,0.2,9,15,"RNCMPT00239,max,CCUUUCC,RBD_v3_002282",0
"RNCMPT00268,max,UUUUUCU,RBD_v3_081079",104,1,0.0981132075471698,0.0056603773584905,0.0471698113207547,0.0320754716981132,0.0452830188679245,0.0716981132075471,0.0283018867924528,0.0528301886792452,0.0622641509433962,0.1,0.0226415094339622,0.0698113207547169,0.0528301886792452,0.0547169811320754,0.0339622641509433,0.0886792452830188,0.0433962264150943,0.0716981132075471,0.0,0.0188679245283018,0.2631578947368421,0.2105263157894736,0.1578947368421052,0.3684210526315789,25,31,"RNCMPT00268,max,UUUUUCU,RBD_v3_081079",1
"RNCMPT00160,min,AGGCCCG,RBD_v3_072893",46,0,0.0637254901960784,0.0122549019607843,0.0539215686274509,0.0735294117647058,0.0588235294117647,0.1348039215686274,0.0294117647058823,0.0318627450980392,0.0392156862745098,0.0490196078431372,0.0416666666666666,0.0367647058823529,0.0392156862745098,0.0245098039215686,0.0759803921568627,0.0808823529411764,0.0416666666666666,0.0563725490196078,0.0049019607843137,0.0514705882352941,0.3421052631578947,0.2631578947368421,0.2894736842105263,0.1052631578947368,1,7,"RNCMPT00160,min,AGGCCCG,RBD_v3_072893",0
"RNCMPT00148,min,AGAGUCG,RBD_v3_218768",139,0,0.1124260355029585,0.0118343195266272,0.0355029585798816,0.059171597633136,0.0502958579881656,0.0976331360946745,0.0325443786982248,0.0502958579881656,0.0621301775147929,0.0414201183431952,0.029585798816568,0.0680473372781065,0.0562130177514792,0.0325443786982248,0.0325443786982248,0.0798816568047337,0.0532544378698224,0.0621301775147929,0.0118343195266272,0.0207100591715976,0.2571428571428571,0.2571428571428571,0.2285714285714285,0.2571428571428571,16,22,"RNCMPT00148,min,AGAGUCG,RBD_v3_218768",1
"RNCMPT00087,max,GAAUUAA,RBD_v3_238794",198,1,0.0681818181818181,0.0303030303030303,0.053030303030303,0.0378787878787878,0.053030303030303,0.0681818181818181,0.0075757575757575,0.0606060606060606,0.1136363636363636,0.0681818181818181,0.0227272727272727,0.0681818181818181,0.0378787878787878,0.0151515151515151,0.0681818181818181,0.0909090909090909,0.0378787878787878,0.053030303030303,0.0,0.0454545454545454,0.3947368421052631,0.1842105263157894,0.2105263157894736,0.2105263157894736,2,8,"RNCMPT00087,max,GAAUUAA,RBD_v3_238794",1
"RNCMPT00285,max,GUGUGUG,RBD_v3_138402",141,1,0.0839694656488549,0.0076335877862595,0.0534351145038167,0.0305343511450381,0.0610687022900763,0.0839694656488549,0.0305343511450381,0.0687022900763358,0.0534351145038167,0.0305343511450381,0.0229007633587786,0.0229007633587786,0.0839694656488549,0.0534351145038167,0.0610687022900763,0.0381679389312977,0.0839694656488549,0.0687022900763358,0.0,0.0610687022900763,0.2857142857142857,0.1714285714285714,0.2857142857142857,0.2571428571428571,14,20,"RNCMPT00285,max,GUGUGUG,RBD_v3_138402",0
"RNCMPT00001,min,AGAGUCG,RBD_v3_238144",0,0,0.0735294117647058,0.0117647058823529,0.05,0.0852941176470588,0.0352941176470588,0.0941176470588235,0.0088235294117647,0.05,0.0735294117647058,0.0735294117647058,0.0323529411764705,0.0470588235294117,0.0470588235294117,0.0235294117647058,0.0676470588235294,0.0441176470588235,0.0470588235294117,0.0823529411764705,0.0088235294117647,0.0441176470588235,0.2333333333333333,0.4,0.1666666666666666,0.2,1,7,"RNCMPT00001,min,AGAGUCG,RBD_v3_238144",1
"RNCMPT00257,max,AGAAAAG,RBD_v3_224849",187,1,0.0684039087947882,0.01628664495114,0.0358306188925081,0.0944625407166123,0.0521172638436482,0.0586319218241042,0.019543973941368,0.0781758957654723,0.0488599348534201,0.0716612377850162,0.0293159609120521,0.0781758957654723,0.0586319218241042,0.0325732899022801,0.0586319218241042,0.0651465798045602,0.0521172638436482,0.0618892508143322,0.0,0.019543973941368,0.4285714285714285,0.1714285714285714,0.2571428571428571,0.1428571428571428,1,7,"RNCMPT00257,max,AGAAAAG,RBD_v3_224849",0
"RNCMPT00081,max,UGUUGUG,RBD_v3_021065",192,1,0.1556420233463035,0.0116731517509727,0.0428015564202334,0.0330739299610894,0.0350194552529182,0.0505836575875486,0.036964980544747,0.0252918287937743,0.046692607003891,0.0856031128404669,0.0408560311284046,0.0350194552529182,0.0408560311284046,0.1322957198443579,0.0350194552529182,0.0700389105058365,0.0447470817120622,0.0505836575875486,0.0,0.0272373540856031,0.3421052631578947,0.131578947368421,0.2631578947368421,0.2631578947368421,16,22,"RNCMPT00081,max,UGUUGUG,RBD_v3_021065",0
"RNCMPT00056,min,GGGGGGG,RBD_v3_133483",129,0,0.0457516339869281,0.0065359477124183,0.0718954248366013,0.1176470588235294,0.0261437908496732,0.1176470588235294,0.0261437908496732,0.0392156862745098,0.0784313725490196,0.0522875816993464,0.0196078431372549,0.0196078431372549,0.0392156862745098,0.0326797385620915,0.1241830065359477,0.0522875816993464,0.0326797385620915,0.0457516339869281,0.0130718954248366,0.0392156862745098,0.3142857142857143,0.2571428571428571,0.3714285714285714,0.0571428571428571,2,8,"RNCMPT00056,min,GGGGGGG,RBD_v3_133483",0
"RNCMPT00001,min,GUUCGUC,RBD_v3_205588",0,0,0.0735294117647058,0.0117647058823529,0.05,0.0852941176470588,0.0352941176470588,0.0941176470588235,0.0088235294117647,0.05,0.0735294117647058,0.0735294117647058,0.0323529411764705,0.0470588235294117,0.0470588235294117,0.0235294117647058,0.0676470588235294,0.0441176470588235,0.0470588235294117,0.0823529411764705,0.0088235294117647,0.0441176470588235,0.1842105263157894,0.2631578947368421,0.2368421052631578,0.3157894736842105,23,29,"RNCMPT00001,min,GUUCGUC,RBD_v3_205588",0
"RNCMPT00240,max,AUUCCGA,RBD_v3_012219",98,1,0.032258064516129,0.007168458781362,0.03584229390681,0.068100358422939,0.060931899641577,0.046594982078853,0.028673835125448,0.0931899641577061,0.1254480286738351,0.089605734767025,0.010752688172043,0.1254480286738351,0.03584229390681,0.028673835125448,0.010752688172043,0.046594982078853,0.039426523297491,0.053763440860215,0.010752688172043,0.050179211469534,0.2368421052631578,0.2631578947368421,0.1842105263157894,0.3157894736842105,13,19,"RNCMPT00240,max,AUUCCGA,RBD_v3_012219",1
"RNCMPT00203,min,GAGUGUG,RBD_v3_065157",102,0,0.0466321243523316,0.005181347150259,0.0362694300518134,0.0466321243523316,0.0569948186528497,0.0414507772020725,0.0259067357512953,0.1139896373056994,0.1036269430051813,0.0880829015544041,0.0207253886010362,0.1243523316062176,0.0466321243523316,0.0362694300518134,0.0103626943005181,0.0414507772020725,0.0518134715025906,0.0414507772020725,0.005181347150259,0.0569948186528497,0.1428571428571428,0.2571428571428571,0.3428571428571428,0.2571428571428571,23,29,"RNCMPT00203,min,GAGUGUG,RBD_v3_065157",0
"RNCMPT00126,min,AGAGUCG,RBD_v3_062831",84,0,0.0732600732600732,0.0329670329670329,0.0842490842490842,0.0402930402930402,0.0512820512820512,0.0842490842490842,0.0183150183150183,0.0476190476190476,0.0549450549450549,0.0732600732600732,0.0183150183150183,0.0219780219780219,0.0732600732600732,0.0439560439560439,0.0512820512820512,0.0732600732600732,0.0329670329670329,0.0732600732600732,0.0073260073260073,0.0439560439560439,0.3421052631578947,0.1842105263157894,0.2894736842105263,0.1842105263157894,6,12,"RNCMPT00126,min,AGAGUCG,RBD_v3_062831",1
"RNCMPT00007,min,AGUCGUU,RBD_v3_213756",17,0,0.1280487804878048,0.0121951219512195,0.0365853658536585,0.0548780487804878,0.0121951219512195,0.073170731707317,0.0121951219512195,0.073170731707317,0.0609756097560975,0.0548780487804878,0.024390243902439,0.0548780487804878,0.073170731707317,0.0426829268292682,0.0670731707317073,0.0914634146341463,0.048780487804878,0.0670731707317073,0.0,0.0121951219512195,0.4146341463414634,0.073170731707317,0.3170731707317073,0.1951219512195122,8,14,"RNCMPT00007,min,AGUCGUU,RBD_v3_213756",1
"RNCMPT00094,min,AGAGUCU,RBD_v3_034782",54,0,0.0273972602739726,0.0,0.073972602739726,0.0246575342465753,0.0465753424657534,0.2273972602739726,0.021917808219178,0.0328767123287671,0.0575342465753424,0.021917808219178,0.0191780821917808,0.1506849315068493,0.0356164383561643,0.0575342465753424,0.0520547945205479,0.0328767123287671,0.0191780821917808,0.0493150684931506,0.0191780821917808,0.0301369863013698,0.1842105263157894,0.2894736842105263,0.1842105263157894,0.3421052631578947,1,7,"RNCMPT00094,min,AGAGUCU,RBD_v3_034782",1
"RNCMPT00042,max,GAAAAAA,RBD_v3_203948",81,1,0.0533333333333333,0.12,0.0266666666666666,0.0533333333333333,0.0533333333333333,0.0666666666666666,0.0666666666666666,0.0533333333333333,0.0666666666666666,0.04,0.0133333333333333,0.0666666666666666,0.08,0.0133333333333333,0.1066666666666666,0.0266666666666666,0.04,0.0266666666666666,0.0,0.0266666666666666,0.5,0.1578947368421052,0.2105263157894736,0.131578947368421,2,8,"RNCMPT00042,max,GAAAAAA,RBD_v3_203948",0
"RNCMPT00023,min,GACCCAC,RBD_v3_062235",41,0,0.0442477876106194,0.0088495575221238,0.0663716814159292,0.0752212389380531,0.0619469026548672,0.1283185840707964,0.0353982300884955,0.0353982300884955,0.0752212389380531,0.0353982300884955,0.0221238938053097,0.0309734513274336,0.0309734513274336,0.0309734513274336,0.084070796460177,0.0752212389380531,0.0619469026548672,0.0752212389380531,0.0044247787610619,0.0176991150442477,0.2894736842105263,0.3421052631578947,0.1578947368421052,0.2105263157894736,2,8,"RNCMPT00023,min,GACCCAC,RBD_v3_062235",0
"RNCMPT00126,max,UUUUUGG,RBD_v3_170136",84,1,0.0732600732600732,0.0329670329670329,0.0842490842490842,0.0402930402930402,0.0512820512820512,0.0842490842490842,0.0183150183150183,0.0476190476190476,0.0549450549450549,0.0732600732600732,0.0183150183150183,0.0219780219780219,0.0732600732600732,0.0439560439560439,0.0512820512820512,0.0732600732600732,0.0329670329670329,0.0732600732600732,0.0073260073260073,0.0439560439560439,0.1025641025641025,0.1538461538461538,0.3846153846153846,0.358974358974359,31,37,"RNCMPT00126,max,UUUUUGG,RBD_v3_170136",1
"RNCMPT00132,max,UUUAGUU,RBD_v3_232147",134,1,0.1070496083550913,0.010443864229765,0.031331592689295,0.04177545691906,0.0391644908616188,0.0704960835509138,0.0052219321148825,0.0600522193211488,0.0548302872062663,0.0678851174934725,0.0130548302872062,0.1357702349869451,0.04177545691906,0.0443864229765013,0.0365535248041775,0.0835509138381201,0.0678851174934725,0.0548302872062663,0.0052219321148825,0.0287206266318537,0.1842105263157894,0.2368421052631578,0.2105263157894736,0.3684210526315789,5,11,"RNCMPT00132,max,UUUAGUU,RBD_v3_232147",1
"RNCMPT00255,max,AAAACAA,RBD_v3_225575",68,1,0.0855745721271393,0.0097799511002444,0.0586797066014669,0.0782396088019559,0.0488997555012225,0.0782396088019559,0.0073349633251833,0.0268948655256723,0.0635696821515892,0.0709046454767726,0.0317848410757946,0.0342298288508557,0.0415647921760391,0.0586797066014669,0.0904645476772616,0.0684596577017114,0.0342298288508557,0.0733496332518337,0.0024449877750611,0.0366748166259168,0.4473684210526316,0.1842105263157894,0.2368421052631578,0.131578947368421,5,11,"RNCMPT00255,max,AAAACAA,RBD_v3_225575",1
"RNCMPT00184,max,AGUGUGA,RBD_v3_129397",117,1,0.1068702290076335,0.0076335877862595,0.0458015267175572,0.0381679389312977,0.0610687022900763,0.0916030534351145,0.0305343511450381,0.0610687022900763,0.0534351145038167,0.0458015267175572,0.0229007633587786,0.0229007633587786,0.0763358778625954,0.0610687022900763,0.0610687022900763,0.015267175572519,0.0763358778625954,0.0687022900763358,0.0,0.0534351145038167,0.3428571428571428,0.0857142857142857,0.3428571428571428,0.2285714285714285,9,15,"RNCMPT00184,max,AGUGUGA,RBD_v3_129397",0
"RNCMPT00261,max,AAUUUUG,RBD_v3_126280",82,1,0.0343980343980344,0.0171990171990172,0.0589680589680589,0.0761670761670761,0.0614250614250614,0.0466830466830466,0.0171990171990172,0.0761670761670761,0.1007371007371007,0.0687960687960688,0.0147420147420147,0.0712530712530712,0.0589680589680589,0.0417690417690417,0.054054054054054,0.0687960687960688,0.0614250614250614,0.0368550368550368,0.0024570024570024,0.0319410319410319,0.2631578947368421,0.2368421052631578,0.2631578947368421,0.2368421052631578,16,22,"RNCMPT00261,max,AAUUUUG,RBD_v3_126280",1
"RNCMPT00251,min,CGUGAGU,RBD_v3_208907",181,0,0.1028446389496717,0.0306345733041575,0.0547045951859956,0.0481400437636761,0.0525164113785558,0.0678336980306345,0.024070021881838,0.0437636761487965,0.0306345733041575,0.0919037199124726,0.0284463894967177,0.0328227571115973,0.0459518599562363,0.037199124726477,0.0634573304157549,0.0853391684901531,0.0547045951859956,0.0787746170678337,0.0065645514223194,0.0196936542669584,0.2631578947368421,0.131578947368421,0.2368421052631578,0.3684210526315789,22,28,"RNCMPT00251,min,CGUGAGU,RBD_v3_208907",1
"RNCMPT00134,min,CUCGUCU,RBD_v3_063190",8,0,0.0373443983402489,0.0,0.0663900414937759,0.0705394190871369,0.0207468879668049,0.1327800829875518,0.0124481327800829,0.0207468879668049,0.0456431535269709,0.0580912863070539,0.0124481327800829,0.0373443983402489,0.0165975103734439,0.0124481327800829,0.1825726141078838,0.1286307053941908,0.0248962655601659,0.0622406639004149,0.0041493775933609,0.0539419087136929,0.2631578947368421,0.2894736842105263,0.1578947368421052,0.2894736842105263,30,36,"RNCMPT00134,min,CUCGUCU,RBD_v3_063190",0
"RNCMPT00268,max,CUUUUUC,RBD_v3_033728",104,1,0.0981132075471698,0.0056603773584905,0.0471698113207547,0.0320754716981132,0.0452830188679245,0.0716981132075471,0.0283018867924528,0.0528301886792452,0.0622641509433962,0.1,0.0226415094339622,0.0698113207547169,0.0528301886792452,0.0547169811320754,0.0339622641509433,0.0886792452830188,0.0433962264150943,0.0716981132075471,0.0,0.0188679245283018,0.3421052631578947,0.1578947368421052,0.2105263157894736,0.2894736842105263,14,20,"RNCMPT00268,max,CUUUUUC,RBD_v3_033728",1
"RNCMPT00066,max,AGGAGGA,RBD_v3_039490",149,1,0.0448979591836734,0.0081632653061224,0.1061224489795918,0.0408163265306122,0.0448979591836734,0.1714285714285714,0.0163265306122449,0.0204081632653061,0.0448979591836734,0.0326530612244898,0.0204081632653061,0.0244897959183673,0.0489795918367346,0.0163265306122449,0.1469387755102041,0.0816326530612244,0.0244897959183673,0.0571428571428571,0.0040816326530612,0.0448979591836734,0.3421052631578947,0.131578947368421,0.3157894736842105,0.2105263157894736,8,14,"RNCMPT00066,max,AGGAGGA,RBD_v3_039490",1
"RNCMPT00055,max,ACGAAGG,RBD_v3_116228",127,1,0.0714285714285714,0.0109890109890109,0.0842490842490842,0.0586080586080586,0.0238095238095238,0.0622710622710622,0.0164835164835164,0.0366300366300366,0.0531135531135531,0.0494505494505494,0.0183150183150183,0.0274725274725274,0.0512820512820512,0.0714285714285714,0.0695970695970696,0.119047619047619,0.0604395604395604,0.0439560439560439,0.0073260073260073,0.0641025641025641,0.3333333333333333,0.2,0.3333333333333333,0.1333333333333333,21,27,"RNCMPT00055,max,ACGAAGG,RBD_v3_116228",0
"RNCMPT00077,max,UUUUUCG,RBD_v3_210431",170,1,0.0693333333333333,0.016,0.0346666666666666,0.0453333333333333,0.0426666666666666,0.0986666666666666,0.0213333333333333,0.0426666666666666,0.0506666666666666,0.0346666666666666,0.04,0.0613333333333333,0.0613333333333333,0.088,0.032,0.0666666666666666,0.0586666666666666,0.064,0.0266666666666666,0.0453333333333333,0.1842105263157894,0.0789473684210526,0.3684210526315789,0.3684210526315789,9,15,"RNCMPT00077,max,UUUUUCG,RBD_v3_210431",1
"RNCMPT00056,min,AGGGGGG,RBD_v3_073145",129,0,0.0457516339869281,0.0065359477124183,0.0718954248366013,0.1176470588235294,0.0261437908496732,0.1176470588235294,0.0261437908496732,0.0392156862745098,0.0784313725490196,0.0522875816993464,0.0196078431372549,0.0196078431372549,0.0392156862745098,0.0326797385620915,0.1241830065359477,0.0522875816993464,0.0326797385620915,0.0457516339869281,0.0130718954248366,0.0392156862745098,0.2631578947368421,0.2105263157894736,0.3421052631578947,0.1842105263157894,20,26,"RNCMPT00056,min,AGGGGGG,RBD_v3_073145",0
"RNCMPT00138,max,AGAUUGA,RBD_v3_084186",136,1,0.0285714285714285,0.0114285714285714,0.0514285714285714,0.0457142857142857,0.04,0.1028571428571428,0.0114285714285714,0.0342857142857142,0.04,0.08,0.0228571428571428,0.16,0.08,0.0628571428571428,0.08,0.0742857142857142,0.0171428571428571,0.0342857142857142,0.0,0.0228571428571428,0.3684210526315789,0.1578947368421052,0.2105263157894736,0.2631578947368421,1,7,"RNCMPT00138,max,AGAUUGA,RBD_v3_084186",0
"RNCMPT00136,max,UUAGUUU,RBD_v3_236589",57,1,0.0707692307692307,0.0092307692307692,0.0492307692307692,0.0461538461538461,0.0553846153846153,0.0892307692307692,0.0246153846153846,0.0584615384615384,0.0523076923076923,0.0676923076923076,0.0307692307692307,0.0707692307692307,0.0369230769230769,0.0369230769230769,0.0615384615384615,0.0861538461538461,0.0492307692307692,0.0676923076923076,0.0061538461538461,0.0307692307692307,0.1842105263157894,0.1842105263157894,0.2894736842105263,0.3421052631578947,12,18,"RNCMPT00136,max,UUAGUUU,RBD_v3_236589",0
"RNCMPT00074,max,AGGACAA,RBD_v3_020823",162,1,0.0316742081447963,0.0090497737556561,0.085972850678733,0.0723981900452488,0.0407239819004524,0.1266968325791855,0.0180995475113122,0.0226244343891402,0.0361990950226244,0.0542986425339366,0.0180995475113122,0.0180995475113122,0.0633484162895927,0.0180995475113122,0.1357466063348416,0.0769230769230769,0.0271493212669683,0.0542986425339366,0.0135746606334841,0.0769230769230769,0.4210526315789473,0.1578947368421052,0.2631578947368421,0.1578947368421052,1,7,"RNCMPT00074,max,AGGACAA,RBD_v3_020823",0
"RNCMPT00096,min,AGAGUCU,RBD_v3_039228",54,0,0.0418848167539267,0.0,0.1151832460732984,0.0471204188481675,0.0575916230366492,0.0785340314136125,0.0366492146596858,0.06282722513089,0.1047120418848167,0.0418848167539267,0.0209424083769633,0.0366492146596858,0.0471204188481675,0.0575916230366492,0.0575916230366492,0.0418848167539267,0.0366492146596858,0.0890052356020942,0.0052356020942408,0.0209424083769633,0.2,0.2285714285714285,0.2857142857142857,0.2857142857142857,1,7,"RNCMPT00096,min,AGAGUCU,RBD_v3_039228",0
"RNCMPT00182,min,GACCCAC,RBD_v3_206366",164,0,0.0693277310924369,0.0084033613445378,0.0399159663865546,0.0252100840336134,0.0273109243697479,0.0924369747899159,0.0525210084033613,0.0294117647058823,0.0336134453781512,0.0693277310924369,0.0378151260504201,0.0756302521008403,0.0714285714285714,0.1281512605042016,0.0378151260504201,0.0861344537815126,0.042016806722689,0.0336134453781512,0.0,0.0399159663865546,0.2105263157894736,0.3947368421052631,0.1842105263157894,0.2105263157894736,9,15,"RNCMPT00182,min,GACCCAC,RBD_v3_206366",0
"RNCMPT00169,max,UAAAAGC,RBD_v3_125730",60,1,0.054054054054054,0.0108108108108108,0.0648648648648648,0.0972972972972973,0.0432432432432432,0.0756756756756756,0.027027027027027,0.0432432432432432,0.1081081081081081,0.1027027027027027,0.0486486486486486,0.0324324324324324,0.0594594594594594,0.0378378378378378,0.0432432432432432,0.0432432432432432,0.0216216216216216,0.0594594594594594,0.0,0.027027027027027,0.4,0.2,0.2,0.2,28,34,"RNCMPT00169,max,UAAAAGC,RBD_v3_125730",1
"RNCMPT00232,max,AUUUUUU,RBD_v3_119555",167,1,0.1031390134529148,0.0044843049327354,0.0582959641255605,0.0717488789237668,0.0493273542600896,0.0672645739910313,0.0179372197309417,0.0717488789237668,0.0538116591928251,0.0672645739910313,0.0448430493273542,0.0627802690582959,0.0762331838565022,0.0448430493273542,0.0403587443946188,0.0493273542600896,0.0313901345291479,0.0448430493273542,0.0044843049327354,0.0358744394618834,0.1578947368421052,0.1842105263157894,0.1842105263157894,0.4736842105263157,30,36,"RNCMPT00232,max,AUUUUUU,RBD_v3_119555",0
"RNCMPT00104,min,GGGGAGC,RBD_v3_186352",106,0,0.0562130177514792,0.0236686390532544,0.0414201183431952,0.0710059171597633,0.0355029585798816,0.0502958579881656,0.0502958579881656,0.0621301775147929,0.0710059171597633,0.0917159763313609,0.029585798816568,0.044378698224852,0.0236686390532544,0.0917159763313609,0.044378698224852,0.0414201183431952,0.0473372781065088,0.0828402366863905,0.0,0.0414201183431952,0.4,0.1142857142857142,0.3428571428571428,0.1428571428571428,15,21,"RNCMPT00104,min,GGGGAGC,RBD_v3_186352",1
"RNCMPT00039,min,GUGAGUC,RBD_v3_131385",74,0,0.079059829059829,0.0149572649572649,0.047008547008547,0.0448717948717948,0.0256410256410256,0.0619658119658119,0.0384615384615384,0.0256410256410256,0.0363247863247863,0.047008547008547,0.0555555555555555,0.0512820512820512,0.1025641025641025,0.0961538461538461,0.0641025641025641,0.0641025641025641,0.0555555555555555,0.0363247863247863,0.0021367521367521,0.0512820512820512,0.2368421052631578,0.1578947368421052,0.4210526315789473,0.1842105263157894,12,18,"RNCMPT00039,min,GUGAGUC,RBD_v3_131385",0
"RNCMPT00206,min,GGGUUGA,RBD_v3_062466",108,0,0.0909090909090909,0.0142045454545454,0.0454545454545454,0.0511363636363636,0.0539772727272727,0.0625,0.034090909090909,0.0454545454545454,0.0426136363636363,0.0738636363636363,0.0085227272727272,0.0539772727272727,0.0568181818181818,0.0511363636363636,0.0397727272727272,0.09375,0.0454545454545454,0.096590909090909,0.002840909090909,0.0369318181818181,0.2,0.1714285714285714,0.3714285714285714,0.2571428571428571,8,14,"RNCMPT00206,min,GGGUUGA,RBD_v3_062466",1
"RNCMPT00138,min,UCGUCGU,RBD_v3_110911",136,0,0.0285714285714285,0.0114285714285714,0.0514285714285714,0.0457142857142857,0.04,0.1028571428571428,0.0114285714285714,0.0342857142857142,0.04,0.08,0.0228571428571428,0.16,0.08,0.0628571428571428,0.08,0.0742857142857142,0.0171428571428571,0.0342857142857142,0.0,0.0228571428571428,0.2105263157894736,0.2894736842105263,0.2631578947368421,0.2368421052631578,24,30,"RNCMPT00138,min,UCGUCGU,RBD_v3_110911",0
"RNCMPT00165,min,GUGAGUC,RBD_v3_131385",170,0,0.0685714285714285,0.0171428571428571,0.04,0.0457142857142857,0.0457142857142857,0.0885714285714285,0.0228571428571428,0.0457142857142857,0.0542857142857142,0.0342857142857142,0.0371428571428571,0.0542857142857142,0.0485714285714285,0.0857142857142857,0.0342857142857142,0.0771428571428571,0.0657142857142857,0.0685714285714285,0.0257142857142857,0.04,0.2368421052631578,0.1578947368421052,0.4210526315789473,0.1842105263157894,12,18,"RNCMPT00165,min,GUGAGUC,RBD_v3_131385",0
"RNCMPT00282,min,GAGUCGU,RBD_v3_223071",144,0,0.0405405405405405,0.0135135135135135,0.081081081081081,0.0743243243243243,0.0405405405405405,0.0608108108108108,0.0,0.0337837837837837,0.1351351351351351,0.0675675675675675,0.0202702702702702,0.0337837837837837,0.0472972972972973,0.0337837837837837,0.1081081081081081,0.054054054054054,0.0337837837837837,0.0743243243243243,0.0202702702702702,0.027027027027027,0.3421052631578947,0.2368421052631578,0.1578947368421052,0.2631578947368421,14,20,"RNCMPT00282,min,GAGUCGU,RBD_v3_223071",1
"RNCMPT00012,max,CUUUUUU,RBD_v3_029559",23,1,0.0622710622710622,0.0366300366300366,0.0879120879120879,0.0512820512820512,0.0586080586080586,0.0805860805860805,0.0146520146520146,0.0512820512820512,0.0476190476190476,0.0842490842490842,0.0183150183150183,0.0219780219780219,0.0695970695970696,0.0476190476190476,0.0549450549450549,0.0695970695970696,0.0219780219780219,0.0732600732600732,0.0073260073260073,0.0402930402930402,0.1842105263157894,0.1842105263157894,0.2368421052631578,0.3947368421052631,29,35,"RNCMPT00012,max,CUUUUUU,RBD_v3_029559",1
"RNCMPT00176,min,CCCUCUG,RBD_v3_177237",77,0,0.0911602209944751,0.011049723756906,0.0414364640883977,0.0524861878453038,0.0607734806629834,0.1049723756906077,0.0220994475138121,0.0276243093922651,0.0469613259668508,0.0552486187845303,0.0441988950276243,0.0165745856353591,0.0856353591160221,0.0359116022099447,0.0497237569060773,0.0690607734806629,0.0828729281767955,0.0635359116022099,0.005524861878453,0.0331491712707182,0.2368421052631578,0.2894736842105263,0.1578947368421052,0.3157894736842105,27,33,"RNCMPT00176,min,CCCUCUG,RBD_v3_177237",0
"RNCMPT00101,min,GAGUCGU,RBD_v3_070447",106,0,0.0562130177514792,0.0236686390532544,0.0414201183431952,0.0710059171597633,0.0355029585798816,0.0502958579881656,0.0502958579881656,0.0621301775147929,0.0710059171597633,0.0917159763313609,0.029585798816568,0.044378698224852,0.0236686390532544,0.0917159763313609,0.044378698224852,0.0414201183431952,0.0473372781065088,0.0828402366863905,0.0,0.0414201183431952,0.2631578947368421,0.2368421052631578,0.3157894736842105,0.1842105263157894,2,8,"RNCMPT00101,min,GAGUCGU,RBD_v3_070447",0
"RNCMPT00167,max,UUUUUUG,RBD_v3_119555",45,1,0.1145038167938931,0.0076335877862595,0.0687022900763358,0.0381679389312977,0.0534351145038167,0.0839694656488549,0.015267175572519,0.0381679389312977,0.0763358778625954,0.0305343511450381,0.0458015267175572,0.0687022900763358,0.0305343511450381,0.0229007633587786,0.0534351145038167,0.0839694656488549,0.015267175572519,0.099236641221374,0.0,0.0534351145038167,0.1578947368421052,0.1842105263157894,0.1842105263157894,0.4736842105263157,31,37,"RNCMPT00167,max,UUUUUUG,RBD_v3_119555",0
"RNCMPT00037,max,CAAUCUU,RBD_v3_145925",71,1,0.0553359683794466,0.0079051383399209,0.0553359683794466,0.0513833992094861,0.0316205533596837,0.0790513833992094,0.0316205533596837,0.0474308300395256,0.1146245059288537,0.0948616600790513,0.0316205533596837,0.0395256916996047,0.0513833992094861,0.0474308300395256,0.0632411067193675,0.0632411067193675,0.0316205533596837,0.0632411067193675,0.0039525691699604,0.0355731225296442,0.2894736842105263,0.2368421052631578,0.2631578947368421,0.2105263157894736,22,28,"RNCMPT00037,max,CAAUCUU,RBD_v3_145925",1
"RNCMPT00219,min,GGGGUGG,RBD_v3_131253",178,0,0.0954198473282442,0.0229007633587786,0.049618320610687,0.0458015267175572,0.0381679389312977,0.0648854961832061,0.0458015267175572,0.0419847328244274,0.0610687022900763,0.0572519083969465,0.0114503816793893,0.0381679389312977,0.0572519083969465,0.049618320610687,0.0572519083969465,0.1030534351145038,0.0687022900763358,0.0763358778625954,0.0038167938931297,0.0114503816793893,0.2571428571428571,0.2285714285714285,0.4,0.1142857142857142,26,32,"RNCMPT00219,min,GGGGUGG,RBD_v3_131253",1
"RNCMPT00133,min,GAGUCGU,RBD_v3_100507",25,0,0.0983606557377049,0.0,0.0327868852459016,0.0546448087431694,0.0437158469945355,0.0710382513661202,0.0327868852459016,0.0109289617486338,0.0491803278688524,0.0983606557377049,0.0327868852459016,0.0710382513661202,0.081967213114754,0.0327868852459016,0.0327868852459016,0.1147540983606557,0.0655737704918032,0.0491803278688524,0.0054644808743169,0.0218579234972677,0.2368421052631578,0.2631578947368421,0.2894736842105263,0.2105263157894736,2,8,"RNCMPT00133,min,GAGUCGU,RBD_v3_100507",1
"RNCMPT00093,min,GAGUCGU,RBD_v3_129717",52,0,0.0522565320665083,0.009501187648456,0.0356294536817102,0.0451306413301662,0.0285035629453681,0.171021377672209,0.014251781472684,0.0190023752969121,0.0403800475059382,0.0308788598574821,0.0308788598574821,0.0712589073634204,0.0878859857482185,0.0570071258907363,0.0356294536817102,0.0878859857482185,0.0617577197149643,0.0427553444180522,0.0190023752969121,0.0593824228028503,0.2333333333333333,0.2333333333333333,0.4,0.1333333333333333,6,12,"RNCMPT00093,min,GAGUCGU,RBD_v3_129717",0
"RNCMPT00252,min,GGGGGGC,RBD_v3_195000",182,0,0.0742705570291777,0.0053050397877984,0.0716180371352785,0.0716180371352785,0.0477453580901856,0.039787798408488,0.0318302387267904,0.0318302387267904,0.0848806366047745,0.1087533156498673,0.013262599469496,0.0583554376657824,0.0318302387267904,0.0371352785145888,0.1087533156498673,0.0583554376657824,0.0583554376657824,0.0477453580901856,0.0053050397877984,0.013262599469496,0.1,0.2666666666666666,0.4,0.2333333333333333,10,16,"RNCMPT00252,min,GGGGGGC,RBD_v3_195000",1
"RNCMPT00254,max,UUGAACG,RBD_v3_198859",67,1,0.0782918149466192,0.0142348754448398,0.0533807829181494,0.096085409252669,0.0391459074733096,0.0782918149466192,0.0355871886120996,0.0427046263345195,0.0889679715302491,0.0533807829181494,0.0106761565836298,0.0355871886120996,0.0142348754448398,0.0249110320284697,0.1032028469750889,0.0747330960854092,0.0498220640569395,0.0854092526690391,0.0035587188612099,0.0177935943060498,0.3142857142857143,0.1714285714285714,0.2285714285714285,0.2857142857142857,10,16,"RNCMPT00254,max,UUGAACG,RBD_v3_198859",1
"RNCMPT00015,max,GGACAUA,RBD_v3_061956",33,1,0.0524193548387096,0.0040322580645161,0.032258064516129,0.1088709677419354,0.0403225806451612,0.0806451612903225,0.0241935483870967,0.064516129032258,0.0604838709677419,0.0725806451612903,0.0362903225806451,0.0282258064516129,0.0161290322580645,0.0604838709677419,0.0967741935483871,0.0846774193548387,0.0443548387096774,0.0766129032258064,0.0,0.0161290322580645,0.2368421052631578,0.2894736842105263,0.2631578947368421,0.2105263157894736,10,16,"RNCMPT00015,max,GGACAUA,RBD_v3_061956",0
"RNCMPT00257,min,AGGGGGG,RBD_v3_030948",187,0,0.0684039087947882,0.01628664495114,0.0358306188925081,0.0944625407166123,0.0521172638436482,0.0586319218241042,0.019543973941368,0.0781758957654723,0.0488599348534201,0.0716612377850162,0.0293159609120521,0.0781758957654723,0.0586319218241042,0.0325732899022801,0.0586319218241042,0.0651465798045602,0.0521172638436482,0.0618892508143322,0.0,0.019543973941368,0.1842105263157894,0.2368421052631578,0.3947368421052631,0.1842105263157894,31,37,"RNCMPT00257,min,AGGGGGG,RBD_v3_030948",1
"RNCMPT00172,min,CCUGCCC,RBD_v3_190070",59,0,0.077720207253886,0.0103626943005181,0.0328151986183074,0.077720207253886,0.0276338514680483,0.0673575129533678,0.0207253886010362,0.079447322970639,0.081174438687392,0.077720207253886,0.0138169257340241,0.0414507772020725,0.0708117443868739,0.0725388601036269,0.0449050086355785,0.0656303972366148,0.0518134715025906,0.0656303972366148,0.003454231433506,0.0172711571675302,0.2631578947368421,0.3157894736842105,0.1842105263157894,0.2368421052631578,17,23,"RNCMPT00172,min,CCUGCCC,RBD_v3_190070",0
"RNCMPT00173,max,AUAUAGC,RBD_v3_121401",131,1,0.073170731707317,0.016260162601626,0.040650406504065,0.0447154471544715,0.024390243902439,0.073170731707317,0.016260162601626,0.040650406504065,0.073170731707317,0.0691056910569105,0.024390243902439,0.065040650406504,0.089430894308943,0.0772357723577235,0.032520325203252,0.0853658536585365,0.0609756097560975,0.0365853658536585,0.0040650406504065,0.0528455284552845,0.3684210526315789,0.2105263157894736,0.2894736842105263,0.131578947368421,29,35,"RNCMPT00173,max,AUAUAGC,RBD_v3_121401",0
"RNCMPT00110,min,GUCCGGG,RBD_v3_138814",158,0,0.0495049504950495,0.0099009900990099,0.099009900990099,0.0544554455445544,0.0346534653465346,0.1633663366336633,0.0099009900990099,0.0346534653465346,0.0396039603960396,0.0297029702970297,0.0148514851485148,0.0297029702970297,0.0693069306930693,0.0049504950495049,0.1237623762376237,0.0495049504950495,0.0297029702970297,0.0841584158415841,0.0049504950495049,0.0643564356435643,0.3421052631578947,0.2631578947368421,0.2105263157894736,0.1842105263157894,8,14,"RNCMPT00110,min,GUCCGGG,RBD_v3_138814",1
"RNCMPT00257,min,AGGGGGG,RBD_v3_102729",187,0,0.0684039087947882,0.01628664495114,0.0358306188925081,0.0944625407166123,0.0521172638436482,0.0586319218241042,0.019543973941368,0.0781758957654723,0.0488599348534201,0.0716612377850162,0.0293159609120521,0.0781758957654723,0.0586319218241042,0.0325732899022801,0.0586319218241042,0.0651465798045602,0.0521172638436482,0.0618892508143322,0.0,0.019543973941368,0.3684210526315789,0.1052631578947368,0.3947368421052631,0.131578947368421,1,7,"RNCMPT00257,min,AGGGGGG,RBD_v3_102729",1
"RNCMPT00274,max,UUUUUUU,RBD_v3_004513",57,1,0.0707692307692307,0.0092307692307692,0.0492307692307692,0.0461538461538461,0.0553846153846153,0.0892307692307692,0.0246153846153846,0.0584615384615384,0.0523076923076923,0.0676923076923076,0.0307692307692307,0.0707692307692307,0.0369230769230769,0.0369230769230769,0.0615384615384615,0.0861538461538461,0.0492307692307692,0.0676923076923076,0.0061538461538461,0.0307692307692307,0.1428571428571428,0.1714285714285714,0.2857142857142857,0.4,18,24,"RNCMPT00274,max,UUUUUUU,RBD_v3_004513",1
"RNCMPT00269,min,AGGGGGG,RBD_v3_049782",104,0,0.0981132075471698,0.0056603773584905,0.0471698113207547,0.0320754716981132,0.0452830188679245,0.0716981132075471,0.0283018867924528,0.0528301886792452,0.0622641509433962,0.1,0.0226415094339622,0.0698113207547169,0.0528301886792452,0.0547169811320754,0.0339622641509433,0.0886792452830188,0.0433962264150943,0.0716981132075471,0.0,0.0188679245283018,0.2631578947368421,0.1052631578947368,0.4473684210526316,0.1842105263157894,1,7,"RNCMPT00269,min,AGGGGGG,RBD_v3_049782",0
"RNCMPT00168,min,UUCGUCG,RBD_v3_176538",116,0,0.0828402366863905,0.0059171597633136,0.0532544378698224,0.0650887573964497,0.0532544378698224,0.0769230769230769,0.0177514792899408,0.029585798816568,0.0532544378698224,0.0414201183431952,0.0118343195266272,0.0710059171597633,0.059171597633136,0.0710059171597633,0.0532544378698224,0.059171597633136,0.0946745562130177,0.0769230769230769,0.0059171597633136,0.0177514792899408,0.2368421052631578,0.2631578947368421,0.2368421052631578,0.2631578947368421,25,31,"RNCMPT00168,min,UUCGUCG,RBD_v3_176538",1
"RNCMPT00047,min,GGCGGGC,RBD_v3_105764",113,0,0.0967741935483871,0.0058651026392961,0.0410557184750733,0.0791788856304985,0.0146627565982404,0.0615835777126099,0.0175953079178885,0.0557184750733137,0.0703812316715542,0.0967741935483871,0.0381231671554252,0.0410557184750733,0.0967741935483871,0.032258064516129,0.0586510263929618,0.032258064516129,0.064516129032258,0.0615835777126099,0.002932551319648,0.032258064516129,0.2631578947368421,0.2368421052631578,0.2368421052631578,0.2631578947368421,2,8,"RNCMPT00047,min,GGCGGGC,RBD_v3_105764",1
"RNCMPT00182,min,CCCUGAC,RBD_v3_010205",164,0,0.0693277310924369,0.0084033613445378,0.0399159663865546,0.0252100840336134,0.0273109243697479,0.0924369747899159,0.0525210084033613,0.0294117647058823,0.0336134453781512,0.0693277310924369,0.0378151260504201,0.0756302521008403,0.0714285714285714,0.1281512605042016,0.0378151260504201,0.0861344537815126,0.042016806722689,0.0336134453781512,0.0,0.0399159663865546,0.3142857142857143,0.2857142857142857,0.2285714285714285,0.1714285714285714,18,24,"RNCMPT00182,min,CCCUGAC,RBD_v3_010205",0
"RNCMPT00063,min,AGUCGUU,RBD_v3_196349",146,0,0.0559006211180124,0.0186335403726708,0.031055900621118,0.0683229813664596,0.0062111801242236,0.0496894409937888,0.0248447204968944,0.0745341614906832,0.062111801242236,0.0993788819875776,0.031055900621118,0.0559006211180124,0.0434782608695652,0.0559006211180124,0.0559006211180124,0.1180124223602484,0.0745341614906832,0.031055900621118,0.0186335403726708,0.0248447204968944,0.1333333333333333,0.2333333333333333,0.4,0.2333333333333333,6,12,"RNCMPT00063,min,AGUCGUU,RBD_v3_196349",1
"RNCMPT00109,max,GGAGGAC,RBD_v3_135507",158,1,0.0495049504950495,0.0099009900990099,0.099009900990099,0.0544554455445544,0.0346534653465346,0.1633663366336633,0.0099009900990099,0.0346534653465346,0.0396039603960396,0.0297029702970297,0.0148514851485148,0.0297029702970297,0.0693069306930693,0.0049504950495049,0.1237623762376237,0.0495049504950495,0.0297029702970297,0.0841584158415841,0.0049504950495049,0.0643564356435643,0.3,0.2666666666666666,0.3333333333333333,0.1,21,27,"RNCMPT00109,max,GGAGGAC,RBD_v3_135507",1
"RNCMPT00001,max,UAAUUGG,RBD_v3_090143",0,1,0.0735294117647058,0.0117647058823529,0.05,0.0852941176470588,0.0352941176470588,0.0941176470588235,0.0088235294117647,0.05,0.0735294117647058,0.0735294117647058,0.0323529411764705,0.0470588235294117,0.0470588235294117,0.0235294117647058,0.0676470588235294,0.0441176470588235,0.0470588235294117,0.0823529411764705,0.0088235294117647,0.0441176470588235,0.2894736842105263,0.1578947368421052,0.2368421052631578,0.3157894736842105,28,34,"RNCMPT00001,max,UAAUUGG,RBD_v3_090143",0
"RNCMPT00002,max,AGACGUA,RBD_v3_014856",2,1,0.0674846625766871,0.0061349693251533,0.0368098159509202,0.0552147239263803,0.0122699386503067,0.0736196319018405,0.0184049079754601,0.0736196319018405,0.0858895705521472,0.0736196319018405,0.0122699386503067,0.0552147239263803,0.0552147239263803,0.0306748466257668,0.0674846625766871,0.1104294478527607,0.0797546012269938,0.0674846625766871,0.0061349693251533,0.0122699386503067,0.2666666666666666,0.2666666666666666,0.2666666666666666,0.2,1,7,"RNCMPT00002,max,AGACGUA,RBD_v3_014856",1
"RNCMPT00054,min,GGGUUUU,RBD_v3_036071",125,0,0.0735294117647058,0.0117647058823529,0.0352941176470588,0.1029411764705882,0.05,0.0705882352941176,0.0147058823529411,0.0558823529411764,0.0852941176470588,0.0617647058823529,0.0352941176470588,0.0529411764705882,0.0588235294117647,0.0264705882352941,0.0588235294117647,0.0323529411764705,0.05,0.0823529411764705,0.0117647058823529,0.0294117647058823,0.0769230769230769,0.1282051282051282,0.4358974358974359,0.358974358974359,4,10,"RNCMPT00054,min,GGGUUUU,RBD_v3_036071",0
"RNCMPT00117,min,CCCCCCC,RBD_v3_165962",57,0,0.0707692307692307,0.0092307692307692,0.0492307692307692,0.0461538461538461,0.0553846153846153,0.0892307692307692,0.0246153846153846,0.0584615384615384,0.0523076923076923,0.0676923076923076,0.0307692307692307,0.0707692307692307,0.0369230769230769,0.0369230769230769,0.0615384615384615,0.0861538461538461,0.0492307692307692,0.0676923076923076,0.0061538461538461,0.0307692307692307,0.2285714285714285,0.2857142857142857,0.2285714285714285,0.2571428571428571,20,26,"RNCMPT00117,min,CCCCCCC,RBD_v3_165962",0
"RNCMPT00183,max,GUUUUGU,RBD_v3_093702",31,1,0.1139455782312925,0.0153061224489795,0.0476190476190476,0.0272108843537414,0.042517006802721,0.086734693877551,0.0255102040816326,0.0408163265306122,0.0510204081632653,0.0765306122448979,0.0289115646258503,0.0595238095238095,0.0493197278911564,0.0918367346938775,0.0289115646258503,0.0731292517006802,0.0561224489795918,0.0612244897959183,0.0017006802721088,0.0221088435374149,0.1578947368421052,0.2105263157894736,0.2631578947368421,0.3684210526315789,11,17,"RNCMPT00183,max,GUUUUGU,RBD_v3_093702",1
"RNCMPT00287,max,CUACUAC,RBD_v3_197552",6,1,0.0701754385964912,0.0,0.0526315789473684,0.0292397660818713,0.0409356725146198,0.1345029239766081,0.0175438596491228,0.0175438596491228,0.1052631578947368,0.0467836257309941,0.0058479532163742,0.0350877192982456,0.0409356725146198,0.0350877192982456,0.0584795321637426,0.0818713450292397,0.1111111111111111,0.0760233918128654,0.0116959064327485,0.0292397660818713,0.2631578947368421,0.3421052631578947,0.1578947368421052,0.2368421052631578,5,11,"RNCMPT00287,max,CUACUAC,RBD_v3_197552",1
"RNCMPT00037,min,AGGGGGG,RBD_v3_204569",71,0,0.0553359683794466,0.0079051383399209,0.0553359683794466,0.0513833992094861,0.0316205533596837,0.0790513833992094,0.0316205533596837,0.0474308300395256,0.1146245059288537,0.0948616600790513,0.0316205533596837,0.0395256916996047,0.0513833992094861,0.0474308300395256,0.0632411067193675,0.0632411067193675,0.0316205533596837,0.0632411067193675,0.0039525691699604,0.0355731225296442,0.2285714285714285,0.1142857142857142,0.3714285714285714,0.2857142857142857,3,9,"RNCMPT00037,min,AGGGGGG,RBD_v3_204569",1
"RNCMPT00215,max,AACCCUU,RBD_v3_074098",96,1,0.0825958702064896,0.0147492625368731,0.0206489675516224,0.0648967551622418,0.0176991150442477,0.0943952802359882,0.0147492625368731,0.1002949852507374,0.0560471976401179,0.0678466076696165,0.0324483775811209,0.0383480825958702,0.0766961651917404,0.0589970501474926,0.0353982300884955,0.0825958702064896,0.079646017699115,0.0471976401179941,0.0,0.0147492625368731,0.2368421052631578,0.2894736842105263,0.1842105263157894,0.2894736842105263,10,16,"RNCMPT00215,max,AACCCUU,RBD_v3_074098",1
"RNCMPT00005,min,AGUGAGA,RBD_v3_101399",172,0,0.0763636363636363,0.0109090909090909,0.0436363636363636,0.0618181818181818,0.0509090909090909,0.0436363636363636,0.0181818181818181,0.0509090909090909,0.0654545454545454,0.069090909090909,0.0327272727272727,0.0654545454545454,0.0472727272727272,0.0509090909090909,0.0472727272727272,0.0909090909090909,0.0727272727272727,0.0618181818181818,0.0145454545454545,0.0254545454545454,0.3157894736842105,0.2368421052631578,0.3157894736842105,0.131578947368421,5,11,"RNCMPT00005,min,AGUGAGA,RBD_v3_101399",0
"RNCMPT00186,max,CCCAACC,RBD_v3_032556",94,1,0.0870786516853932,0.0252808988764044,0.0308988764044943,0.0561797752808988,0.0112359550561797,0.1011235955056179,0.0196629213483146,0.095505617977528,0.0393258426966292,0.0674157303370786,0.0337078651685393,0.0393258426966292,0.0533707865168539,0.0561797752808988,0.0449438202247191,0.098314606741573,0.0702247191011236,0.0533707865168539,0.0028089887640449,0.0140449438202247,0.2631578947368421,0.3157894736842105,0.2368421052631578,0.1842105263157894,22,28,"RNCMPT00186,max,CCCAACC,RBD_v3_032556",1
"RNCMPT00147,min,CCCCUCC,RBD_v3_022466",16,0,0.0718954248366013,0.0065359477124183,0.0849673202614379,0.0522875816993464,0.0718954248366013,0.0588235294117647,0.0,0.0326797385620915,0.1045751633986928,0.0522875816993464,0.0196078431372549,0.0261437908496732,0.0261437908496732,0.0392156862745098,0.1176470588235294,0.0718954248366013,0.065359477124183,0.0718954248366013,0.0196078431372549,0.0065359477124183,0.2,0.4,0.1428571428571428,0.2571428571428571,15,21,"RNCMPT00147,min,CCCCUCC,RBD_v3_022466",0
"RNCMPT00282,max,CCAACUA,RBD_v3_151425",144,1,0.0405405405405405,0.0135135135135135,0.081081081081081,0.0743243243243243,0.0405405405405405,0.0608108108108108,0.0,0.0337837837837837,0.1351351351351351,0.0675675675675675,0.0202702702702702,0.0337837837837837,0.0472972972972973,0.0337837837837837,0.1081081081081081,0.054054054054054,0.0337837837837837,0.0743243243243243,0.0202702702702702,0.027027027027027,0.2368421052631578,0.2894736842105263,0.2368421052631578,0.2368421052631578,17,23,"RNCMPT00282,max,CCAACUA,RBD_v3_151425",1
"RNCMPT00229,max,UGUUUUG,RBD_v3_071774",110,1,0.0890207715133531,0.0089020771513353,0.0445103857566765,0.0563798219584569,0.0445103857566765,0.1068249258160237,0.0237388724035608,0.0267062314540059,0.0385756676557863,0.0445103857566765,0.0207715133531157,0.0474777448071216,0.0712166172106825,0.0712166172106825,0.0504451038575667,0.0504451038575667,0.0563798219584569,0.0771513353115727,0.0178041543026706,0.0534124629080118,0.2894736842105263,0.2105263157894736,0.1578947368421052,0.3421052631578947,27,33,"RNCMPT00229,max,UGUUUUG,RBD_v3_071774",1
"RNCMPT00217,min,GGGGGGG,RBD_v3_145005",176,0,0.0751295336787564,0.0129533678756476,0.0569948186528497,0.082901554404145,0.0518134715025906,0.0932642487046632,0.0310880829015544,0.0414507772020725,0.0207253886010362,0.0569948186528497,0.0233160621761658,0.0518134715025906,0.0647668393782383,0.0362694300518134,0.0984455958549222,0.0595854922279792,0.0492227979274611,0.0621761658031088,0.005181347150259,0.0259067357512953,0.2,0.2333333333333333,0.4333333333333333,0.1333333333333333,10,16,"RNCMPT00217,min,GGGGGGG,RBD_v3_145005",1
"RNCMPT00109,max,GGAGGAC,RBD_v3_200157",158,1,0.0495049504950495,0.0099009900990099,0.099009900990099,0.0544554455445544,0.0346534653465346,0.1633663366336633,0.0099009900990099,0.0346534653465346,0.0396039603960396,0.0297029702970297,0.0148514851485148,0.0297029702970297,0.0693069306930693,0.0049504950495049,0.1237623762376237,0.0495049504950495,0.0297029702970297,0.0841584158415841,0.0049504950495049,0.0643564356435643,0.3684210526315789,0.1578947368421052,0.3684210526315789,0.1052631578947368,27,33,"RNCMPT00109,max,GGAGGAC,RBD_v3_200157",1
"RNCMPT00144,min,GUCGUAU,RBD_v3_155485",21,0,0.0762711864406779,0.0254237288135593,0.0338983050847457,0.059322033898305,0.0423728813559322,0.135593220338983,0.0169491525423728,0.0254237288135593,0.0508474576271186,0.0423728813559322,0.0254237288135593,0.0762711864406779,0.0762711864406779,0.0338983050847457,0.0847457627118644,0.0508474576271186,0.0508474576271186,0.0762711864406779,0.0,0.0169491525423728,0.1666666666666666,0.2666666666666666,0.3666666666666666,0.2,5,11,"RNCMPT00144,min,GUCGUAU,RBD_v3_155485",0
"RNCMPT00044,min,GGGCGGG,RBD_v3_078608",95,0,0.0746268656716417,0.017910447761194,0.0238805970149253,0.0597014925373134,0.0149253731343283,0.1044776119402985,0.0149253731343283,0.1104477611940298,0.0507462686567164,0.0626865671641791,0.0328358208955223,0.0328358208955223,0.0567164179104477,0.0567164179104477,0.0388059701492537,0.1044776119402985,0.0716417910447761,0.053731343283582,0.0029850746268656,0.0149253731343283,0.3421052631578947,0.2368421052631578,0.3157894736842105,0.1052631578947368,2,8,"RNCMPT00044,min,GGGCGGG,RBD_v3_078608",1
"RNCMPT00005,max,UUUUUUU,RBD_v3_029559",172,1,0.0763636363636363,0.0109090909090909,0.0436363636363636,0.0618181818181818,0.0509090909090909,0.0436363636363636,0.0181818181818181,0.0509090909090909,0.0654545454545454,0.069090909090909,0.0327272727272727,0.0654545454545454,0.0472727272727272,0.0509090909090909,0.0472727272727272,0.0909090909090909,0.0727272727272727,0.0618181818181818,0.0145454545454545,0.0254545454545454,0.1842105263157894,0.1842105263157894,0.2368421052631578,0.3947368421052631,30,36,"RNCMPT00005,max,UUUUUUU,RBD_v3_029559",0
"RNCMPT00059,max,GAAGGCC,RBD_v3_116456",135,1,0.0117647058823529,0.0058823529411764,0.0705882352941176,0.0470588235294117,0.0764705882352941,0.1,0.0235294117647058,0.0352941176470588,0.0823529411764705,0.1,0.0176470588235294,0.0588235294117647,0.0176470588235294,0.0588235294117647,0.1058823529411764,0.0588235294117647,0.0529411764705882,0.0588235294117647,0.0,0.0176470588235294,0.2631578947368421,0.2631578947368421,0.2368421052631578,0.2368421052631578,30,36,"RNCMPT00059,max,GAAGGCC,RBD_v3_116456",1
"RNCMPT00100,min,CCCCCCC,RBD_v3_190041",76,0,0.0736434108527131,0.0116279069767441,0.0387596899224806,0.0503875968992248,0.0503875968992248,0.1085271317829457,0.0193798449612403,0.0348837209302325,0.0930232558139534,0.0620155038759689,0.0271317829457364,0.0426356589147286,0.0581395348837209,0.0581395348837209,0.0387596899224806,0.065891472868217,0.0736434108527131,0.0813953488372093,0.003875968992248,0.0077519379844961,0.2,0.3714285714285714,0.1714285714285714,0.2571428571428571,19,25,"RNCMPT00100,min,CCCCCCC,RBD_v3_190041",1
"RNCMPT00008,min,AGGGGGG,RBD_v3_235519",22,0,0.0621468926553672,0.0169491525423728,0.0451977401129943,0.0621468926553672,0.0338983050847457,0.0564971751412429,0.03954802259887,0.0508474576271186,0.1016949152542373,0.0677966101694915,0.0282485875706214,0.0564971751412429,0.0508474576271186,0.0677966101694915,0.0451977401129943,0.0564971751412429,0.0451977401129943,0.0677966101694915,0.0,0.0451977401129943,0.3157894736842105,0.131578947368421,0.4210526315789473,0.131578947368421,1,7,"RNCMPT00008,min,AGGGGGG,RBD_v3_235519",1
"RNCMPT00018,min,AGGGGGG,RBD_v3_110571",36,0,0.0391061452513966,0.0,0.0670391061452514,0.0391061452513966,0.0558659217877094,0.2793296089385474,0.0055865921787709,0.0446927374301676,0.0558659217877094,0.0167597765363128,0.0167597765363128,0.0558659217877094,0.0446927374301676,0.0279329608938547,0.0893854748603352,0.0614525139664804,0.0446927374301676,0.0279329608938547,0.0055865921787709,0.0223463687150838,0.2105263157894736,0.1842105263157894,0.3421052631578947,0.2631578947368421,3,9,"RNCMPT00018,min,AGGGGGG,RBD_v3_110571",1
"RNCMPT00061,min,GUCGUUU,RBD_v3_183167",140,0,0.0314960629921259,0.0078740157480314,0.0708661417322834,0.0551181102362204,0.0551181102362204,0.1889763779527559,0.0157480314960629,0.0314960629921259,0.0551181102362204,0.0551181102362204,0.0236220472440944,0.0314960629921259,0.0314960629921259,0.0314960629921259,0.1102362204724409,0.1023622047244094,0.0314960629921259,0.0472440944881889,0.0078740157480314,0.0157480314960629,0.2105263157894736,0.2105263157894736,0.2368421052631578,0.3421052631578947,16,22,"RNCMPT00061,min,GUCGUUU,RBD_v3_183167",1
"RNCMPT00010,max,UACUUUA,RBD_v3_011511",19,1,0.0526315789473684,0.0121457489878542,0.0404858299595141,0.0647773279352226,0.0404858299595141,0.068825910931174,0.020242914979757,0.0323886639676113,0.0809716599190283,0.068825910931174,0.0323886639676113,0.0404858299595141,0.0566801619433198,0.020242914979757,0.1012145748987854,0.0931174089068826,0.0526315789473684,0.0647773279352226,0.0040485829959514,0.0526315789473684,0.1842105263157894,0.3157894736842105,0.2105263157894736,0.2894736842105263,26,32,"RNCMPT00010,max,UACUUUA,RBD_v3_011511",1
"RNCMPT00288,max,CAAAAUU,RBD_v3_183842",49,1,0.0678466076696165,0.0117994100294985,0.0560471976401179,0.0973451327433628,0.0383480825958702,0.0825958702064896,0.0117994100294985,0.0442477876106194,0.0943952802359882,0.0678466076696165,0.0206489675516224,0.0353982300884955,0.0678466076696165,0.023598820058997,0.0678466076696165,0.0353982300884955,0.0442477876106194,0.0825958702064896,0.0088495575221238,0.0412979351032448,0.4736842105263157,0.1842105263157894,0.1842105263157894,0.1578947368421052,27,33,"RNCMPT00288,max,CAAAAUU,RBD_v3_183842",0
"RNCMPT00037,min,AGGGGGG,RBD_v3_022887",71,0,0.0553359683794466,0.0079051383399209,0.0553359683794466,0.0513833992094861,0.0316205533596837,0.0790513833992094,0.0316205533596837,0.0474308300395256,0.1146245059288537,0.0948616600790513,0.0316205533596837,0.0395256916996047,0.0513833992094861,0.0474308300395256,0.0632411067193675,0.0632411067193675,0.0316205533596837,0.0632411067193675,0.0039525691699604,0.0355731225296442,0.2333333333333333,0.0666666666666666,0.5333333333333333,0.1666666666666666,7,13,"RNCMPT00037,min,AGGGGGG,RBD_v3_022887",1
"RNCMPT00021,max,AGGAUAA,RBD_v3_144446",39,1,0.0179640718562874,0.0,0.0778443113772455,0.0838323353293413,0.0538922155688622,0.1257485029940119,0.0119760479041916,0.0538922155688622,0.0359281437125748,0.0419161676646706,0.029940119760479,0.0538922155688622,0.0898203592814371,0.0359281437125748,0.1616766467065868,0.029940119760479,0.0179640718562874,0.0718562874251497,0.0,0.0059880239520958,0.3421052631578947,0.1578947368421052,0.2631578947368421,0.2368421052631578,1,7,"RNCMPT00021,max,AGGAUAA,RBD_v3_144446",1
"RNCMPT00216,max,CAUUGUA,RBD_v3_147322",175,1,0.0962962962962963,0.0148148148148148,0.037037037037037,0.0592592592592592,0.037037037037037,0.0703703703703703,0.037037037037037,0.0333333333333333,0.037037037037037,0.0666666666666666,0.0148148148148148,0.0407407407407407,0.0629629629629629,0.0333333333333333,0.1074074074074074,0.0925925925925925,0.0666666666666666,0.0851851851851851,0.0037037037037037,0.0037037037037037,0.2631578947368421,0.2631578947368421,0.1842105263157894,0.2894736842105263,21,27,"RNCMPT00216,max,CAUUGUA,RBD_v3_147322",0
"RNCMPT00274,min,GAUGAGA,RBD_v3_213462",57,0,0.0707692307692307,0.0092307692307692,0.0492307692307692,0.0461538461538461,0.0553846153846153,0.0892307692307692,0.0246153846153846,0.0584615384615384,0.0523076923076923,0.0676923076923076,0.0307692307692307,0.0707692307692307,0.0369230769230769,0.0369230769230769,0.0615384615384615,0.0861538461538461,0.0492307692307692,0.0676923076923076,0.0061538461538461,0.0307692307692307,0.3421052631578947,0.1842105263157894,0.3157894736842105,0.1578947368421052,11,17,"RNCMPT00274,min,GAUGAGA,RBD_v3_213462",0
"RNCMPT00013,max,UAGAUAG,RBD_v3_063948",26,1,0.0661375661375661,0.0132275132275132,0.0449735449735449,0.037037037037037,0.0555555555555555,0.1243386243386243,0.0132275132275132,0.0264550264550264,0.0476190476190476,0.0264550264550264,0.0238095238095238,0.0291005291005291,0.1666666666666666,0.0608465608465608,0.0423280423280423,0.0634920634920634,0.0449735449735449,0.0634920634920634,0.0158730158730158,0.0343915343915343,0.2631578947368421,0.2105263157894736,0.2894736842105263,0.2368421052631578,23,29,"RNCMPT00013,max,UAGAUAG,RBD_v3_063948",0
"RNCMPT00133,max,AUGCACA,RBD_v3_019229",25,1,0.0983606557377049,0.0,0.0327868852459016,0.0546448087431694,0.0437158469945355,0.0710382513661202,0.0327868852459016,0.0109289617486338,0.0491803278688524,0.0983606557377049,0.0327868852459016,0.0710382513661202,0.081967213114754,0.0327868852459016,0.0327868852459016,0.1147540983606557,0.0655737704918032,0.0491803278688524,0.0054644808743169,0.0218579234972677,0.3428571428571428,0.2857142857142857,0.1428571428571428,0.2285714285714285,25,31,"RNCMPT00133,max,AUGCACA,RBD_v3_019229",0
"RNCMPT00229,min,GACGGAC,RBD_v3_018982",110,0,0.0890207715133531,0.0089020771513353,0.0445103857566765,0.0563798219584569,0.0445103857566765,0.1068249258160237,0.0237388724035608,0.0267062314540059,0.0385756676557863,0.0445103857566765,0.0207715133531157,0.0474777448071216,0.0712166172106825,0.0712166172106825,0.0504451038575667,0.0504451038575667,0.0563798219584569,0.0771513353115727,0.0178041543026706,0.0534124629080118,0.2894736842105263,0.2631578947368421,0.2368421052631578,0.2105263157894736,2,8,"RNCMPT00229,min,GACGGAC,RBD_v3_018982",0
"RNCMPT00008,min,AGGGGGG,RBD_v3_080401",22,0,0.0621468926553672,0.0169491525423728,0.0451977401129943,0.0621468926553672,0.0338983050847457,0.0564971751412429,0.03954802259887,0.0508474576271186,0.1016949152542373,0.0677966101694915,0.0282485875706214,0.0564971751412429,0.0508474576271186,0.0677966101694915,0.0451977401129943,0.0564971751412429,0.0451977401129943,0.0677966101694915,0.0,0.0451977401129943,0.2368421052631578,0.131578947368421,0.4736842105263157,0.1578947368421052,5,11,"RNCMPT00008,min,AGGGGGG,RBD_v3_080401",1
"RNCMPT00238,min,AGACCCU,RBD_v3_038773",79,0,0.0753424657534246,0.002283105022831,0.0547945205479452,0.0433789954337899,0.0547945205479452,0.2100456621004566,0.0159817351598173,0.0319634703196347,0.0182648401826484,0.045662100456621,0.0251141552511415,0.047945205479452,0.0639269406392694,0.0547945205479452,0.0776255707762557,0.0410958904109589,0.0388127853881278,0.0547945205479452,0.0091324200913242,0.0342465753424657,0.3157894736842105,0.2894736842105263,0.2105263157894736,0.1842105263157894,1,7,"RNCMPT00238,min,AGACCCU,RBD_v3_038773",1
"RNCMPT00090,min,GGGGCGG,RBD_v3_224341",159,0,0.0543478260869565,0.0108695652173913,0.108695652173913,0.0543478260869565,0.0652173913043478,0.0543478260869565,0.0108695652173913,0.0434782608695652,0.0217391304347826,0.0652173913043478,0.0108695652173913,0.0326086956521739,0.0543478260869565,0.0434782608695652,0.1521739130434782,0.0326086956521739,0.0434782608695652,0.0760869565217391,0.0108695652173913,0.0543478260869565,0.3157894736842105,0.1578947368421052,0.2894736842105263,0.2368421052631578,22,28,"RNCMPT00090,min,GGGGCGG,RBD_v3_224341",1
"RNCMPT00148,max,CAUUUUU,RBD_v3_016809",139,1,0.1124260355029585,0.0118343195266272,0.0355029585798816,0.059171597633136,0.0502958579881656,0.0976331360946745,0.0325443786982248,0.0502958579881656,0.0621301775147929,0.0414201183431952,0.029585798816568,0.0680473372781065,0.0562130177514792,0.0325443786982248,0.0325443786982248,0.0798816568047337,0.0532544378698224,0.0621301775147929,0.0118343195266272,0.0207100591715976,0.2894736842105263,0.2368421052631578,0.2105263157894736,0.2631578947368421,18,24,"RNCMPT00148,max,CAUUUUU,RBD_v3_016809",0
"RNCMPT00154,min,UCGUCGU,RBD_v3_145784",127,0,0.0693069306930693,0.0198019801980198,0.0858085808580858,0.0594059405940594,0.0396039603960396,0.0495049504950495,0.0264026402640264,0.0561056105610561,0.0561056105610561,0.066006600660066,0.0264026402640264,0.0363036303630363,0.0396039603960396,0.0528052805280528,0.0759075907590759,0.099009900990099,0.0462046204620462,0.0495049504950495,0.0099009900990099,0.0363036303630363,0.3428571428571428,0.2,0.2571428571428571,0.2,20,26,"RNCMPT00154,min,UCGUCGU,RBD_v3_145784",0
"RNCMPT00232,max,UUUUUUU,RBD_v3_152449",167,1,0.1031390134529148,0.0044843049327354,0.0582959641255605,0.0717488789237668,0.0493273542600896,0.0672645739910313,0.0179372197309417,0.0717488789237668,0.0538116591928251,0.0672645739910313,0.0448430493273542,0.0627802690582959,0.0762331838565022,0.0448430493273542,0.0403587443946188,0.0493273542600896,0.0313901345291479,0.0448430493273542,0.0044843049327354,0.0358744394618834,0.2105263157894736,0.1052631578947368,0.2368421052631578,0.4473684210526316,27,33,"RNCMPT00232,max,UUUUUUU,RBD_v3_152449",1
"RNCMPT00136,min,AGAGUCG,RBD_v3_100507",57,0,0.0707692307692307,0.0092307692307692,0.0492307692307692,0.0461538461538461,0.0553846153846153,0.0892307692307692,0.0246153846153846,0.0584615384615384,0.0523076923076923,0.0676923076923076,0.0307692307692307,0.0707692307692307,0.0369230769230769,0.0369230769230769,0.0615384615384615,0.0861538461538461,0.0492307692307692,0.0676923076923076,0.0061538461538461,0.0307692307692307,0.2368421052631578,0.2631578947368421,0.2894736842105263,0.2105263157894736,1,7,"RNCMPT00136,min,AGAGUCG,RBD_v3_100507",1
"RNCMPT00093,max,UAGGAUA,RBD_v3_230077",52,1,0.0522565320665083,0.009501187648456,0.0356294536817102,0.0451306413301662,0.0285035629453681,0.171021377672209,0.014251781472684,0.0190023752969121,0.0403800475059382,0.0308788598574821,0.0308788598574821,0.0712589073634204,0.0878859857482185,0.0570071258907363,0.0356294536817102,0.0878859857482185,0.0617577197149643,0.0427553444180522,0.0190023752969121,0.0593824228028503,0.3421052631578947,0.1578947368421052,0.3157894736842105,0.1842105263157894,5,11,"RNCMPT00093,max,UAGGAUA,RBD_v3_230077",1
"RNCMPT00105,min,GGGGCGC,RBD_v3_162997",106,0,0.0562130177514792,0.0236686390532544,0.0414201183431952,0.0710059171597633,0.0355029585798816,0.0502958579881656,0.0502958579881656,0.0621301775147929,0.0710059171597633,0.0917159763313609,0.029585798816568,0.044378698224852,0.0236686390532544,0.0917159763313609,0.044378698224852,0.0414201183431952,0.0473372781065088,0.0828402366863905,0.0,0.0414201183431952,0.2666666666666666,0.1666666666666666,0.3333333333333333,0.2333333333333333,17,23,"RNCMPT00105,min,GGGGCGC,RBD_v3_162997",1
"RNCMPT00080,min,UGAGUCG,RBD_v3_149682",191,0,0.0698924731182795,0.0161290322580645,0.0591397849462365,0.0618279569892473,0.0456989247311828,0.0725806451612903,0.0134408602150537,0.053763440860215,0.0510752688172043,0.0779569892473118,0.0268817204301075,0.0403225806451612,0.0698924731182795,0.0591397849462365,0.0403225806451612,0.0591397849462365,0.0564516129032258,0.0994623655913978,0.0,0.0268817204301075,0.2857142857142857,0.1714285714285714,0.2857142857142857,0.2571428571428571,10,16,"RNCMPT00080,min,UGAGUCG,RBD_v3_149682",1
"RNCMPT00278,max,AGACAGA,RBD_v3_128657",83,1,0.0734463276836158,0.0225988700564971,0.0451977401129943,0.0734463276836158,0.03954802259887,0.0508474576271186,0.0282485875706214,0.0508474576271186,0.096045197740113,0.0790960451977401,0.0112994350282485,0.0508474576271186,0.0508474576271186,0.0508474576271186,0.0508474576271186,0.0564971751412429,0.0621468926553672,0.0564971751412429,0.0,0.0508474576271186,0.3333333333333333,0.3333333333333333,0.2333333333333333,0.1,1,7,"RNCMPT00278,max,AGACAGA,RBD_v3_128657",1
"RNCMPT00240,min,ACACGGU,RBD_v3_024389",98,0,0.032258064516129,0.007168458781362,0.03584229390681,0.068100358422939,0.060931899641577,0.046594982078853,0.028673835125448,0.0931899641577061,0.1254480286738351,0.089605734767025,0.010752688172043,0.1254480286738351,0.03584229390681,0.028673835125448,0.010752688172043,0.046594982078853,0.039426523297491,0.053763440860215,0.010752688172043,0.050179211469534,0.2857142857142857,0.2571428571428571,0.1142857142857142,0.3428571428571428,3,9,"RNCMPT00240,min,ACACGGU,RBD_v3_024389",1
"RNCMPT00200,max,UUACAUG,RBD_v3_016235",99,1,0.0615384615384615,0.0065934065934065,0.0351648351648351,0.0769230769230769,0.0505494505494505,0.0615384615384615,0.0131868131868131,0.0571428571428571,0.0813186813186813,0.0615384615384615,0.0263736263736263,0.0967032967032967,0.0725274725274725,0.0593406593406593,0.0263736263736263,0.0813186813186813,0.0395604395604395,0.0527472527472527,0.0065934065934065,0.0329670329670329,0.2631578947368421,0.1842105263157894,0.2105263157894736,0.3421052631578947,23,29,"RNCMPT00200,max,UUACAUG,RBD_v3_016235",0
"RNCMPT00161,max,AAUGACA,RBD_v3_029838",37,1,0.0560344827586206,0.0043103448275862,0.043103448275862,0.0948275862068965,0.0344827586206896,0.0948275862068965,0.021551724137931,0.0689655172413793,0.0603448275862069,0.0818965517241379,0.0258620689655172,0.0387931034482758,0.021551724137931,0.043103448275862,0.0862068965517241,0.0560344827586206,0.0474137931034482,0.0948275862068965,0.0,0.0258620689655172,0.4473684210526316,0.1578947368421052,0.2631578947368421,0.131578947368421,30,36,"RNCMPT00161,max,AAUGACA,RBD_v3_029838",1
"RNCMPT00011,max,UGUGUGU,RBD_v3_045407",93,1,0.0798611111111111,0.0104166666666666,0.0520833333333333,0.078125,0.0243055555555555,0.0538194444444444,0.0173611111111111,0.0625,0.0659722222222222,0.0850694444444444,0.0243055555555555,0.0520833333333333,0.0555555555555555,0.046875,0.0520833333333333,0.0868055555555555,0.0572916666666666,0.0625,0.0069444444444444,0.0260416666666666,0.1052631578947368,0.1578947368421052,0.3421052631578947,0.3947368421052631,9,15,"RNCMPT00011,max,UGUGUGU,RBD_v3_045407",1
"RNCMPT00016,max,GACAAGA,RBD_v3_109777",33,1,0.0541516245487364,0.003610108303249,0.0613718411552346,0.0866425992779783,0.0324909747292418,0.0505415162454873,0.0288808664259927,0.0685920577617328,0.0685920577617328,0.0830324909747292,0.0216606498194945,0.0577617328519855,0.0469314079422382,0.0577617328519855,0.0685920577617328,0.0722021660649819,0.0433212996389891,0.0794223826714801,0.0,0.0144404332129963,0.3684210526315789,0.1578947368421052,0.2894736842105263,0.1842105263157894,8,14,"RNCMPT00016,max,GACAAGA,RBD_v3_109777",1
"RNCMPT00117,max,UUUUGGU,RBD_v3_199528",57,1,0.0707692307692307,0.0092307692307692,0.0492307692307692,0.0461538461538461,0.0553846153846153,0.0892307692307692,0.0246153846153846,0.0584615384615384,0.0523076923076923,0.0676923076923076,0.0307692307692307,0.0707692307692307,0.0369230769230769,0.0369230769230769,0.0615384615384615,0.0861538461538461,0.0492307692307692,0.0676923076923076,0.0061538461538461,0.0307692307692307,0.0769230769230769,0.1282051282051282,0.358974358974359,0.4358974358974359,4,10,"RNCMPT00117,max,UUUUGGU,RBD_v3_199528",0
"RNCMPT00129,min,CCCCCCC,RBD_v3_115637",13,0,0.066420664206642,0.014760147601476,0.044280442804428,0.059040590405904,0.014760147601476,0.077490774907749,0.014760147601476,0.066420664206642,0.055350553505535,0.062730627306273,0.022140221402214,0.040590405904059,0.081180811808118,0.040590405904059,0.055350553505535,0.1070110701107011,0.07380073800738,0.088560885608856,0.0,0.014760147601476,0.3333333333333333,0.3333333333333333,0.2333333333333333,0.1,7,13,"RNCMPT00129,min,CCCCCCC,RBD_v3_115637",1
"RNCMPT00034,max,AGAUAAA,RBD_v3_240203",62,1,0.0601092896174863,0.0,0.0546448087431694,0.1092896174863388,0.0437158469945355,0.0710382513661202,0.0218579234972677,0.0491803278688524,0.1147540983606557,0.1147540983606557,0.0273224043715847,0.0491803278688524,0.0491803278688524,0.0437158469945355,0.0437158469945355,0.0382513661202185,0.0218579234972677,0.0601092896174863,0.0,0.0273224043715847,0.4,0.2571428571428571,0.2,0.1428571428571428,14,20,"RNCMPT00034,max,AGAUAAA,RBD_v3_240203",0
"RNCMPT00049,min,GGGGGCC,RBD_v3_009932",118,0,0.0761750405186385,0.0145867098865478,0.06645056726094,0.1134521880064829,0.0388978930307941,0.0632090761750405,0.0162074554294975,0.0307941653160453,0.126418152350081,0.0875202593192868,0.019448946515397,0.0340356564019448,0.0356564019448946,0.0470016207455429,0.0583468395461912,0.0583468395461912,0.0405186385737439,0.0632090761750405,0.0016207455429497,0.0081037277147487,0.2894736842105263,0.2631578947368421,0.2631578947368421,0.1842105263157894,2,8,"RNCMPT00049,min,GGGGGCC,RBD_v3_009932",1
"RNCMPT00063,max,GCUGGUC,RBD_v3_101848",146,1,0.0559006211180124,0.0186335403726708,0.031055900621118,0.0683229813664596,0.0062111801242236,0.0496894409937888,0.0248447204968944,0.0745341614906832,0.062111801242236,0.0993788819875776,0.031055900621118,0.0559006211180124,0.0434782608695652,0.0559006211180124,0.0559006211180124,0.1180124223602484,0.0745341614906832,0.031055900621118,0.0186335403726708,0.0248447204968944,0.2368421052631578,0.1578947368421052,0.2894736842105263,0.3157894736842105,22,28,"RNCMPT00063,max,GCUGGUC,RBD_v3_101848",1
"RNCMPT00089,min,UCUACUU,RBD_v3_105262",159,0,0.0543478260869565,0.0108695652173913,0.108695652173913,0.0543478260869565,0.0652173913043478,0.0543478260869565,0.0108695652173913,0.0434782608695652,0.0217391304347826,0.0652173913043478,0.0108695652173913,0.0326086956521739,0.0543478260869565,0.0434782608695652,0.1521739130434782,0.0326086956521739,0.0434782608695652,0.0760869565217391,0.0108695652173913,0.0543478260869565,0.3157894736842105,0.2368421052631578,0.1842105263157894,0.2631578947368421,7,13,"RNCMPT00089,min,UCUACUU,RBD_v3_105262",0
"RNCMPT00205,max,AGGGGAA,RBD_v3_062797",138,1,0.0924369747899159,0.0126050420168067,0.088235294117647,0.1260504201680672,0.0504201680672268,0.1176470588235294,0.0084033613445378,0.0588235294117647,0.0714285714285714,0.0294117647058823,0.0084033613445378,0.0462184873949579,0.0210084033613445,0.0168067226890756,0.0756302521008403,0.0546218487394958,0.0588235294117647,0.042016806722689,0.0042016806722689,0.0168067226890756,0.3684210526315789,0.1578947368421052,0.3157894736842105,0.1578947368421052,1,7,"RNCMPT00205,max,AGGGGAA,RBD_v3_062797",1
"RNCMPT00164,max,GUUCGUU,RBD_v3_189047",199,1,0.0851063829787234,0.0186170212765957,0.0425531914893617,0.0957446808510638,0.0186170212765957,0.0452127659574468,0.0079787234042553,0.0611702127659574,0.1462765957446808,0.0718085106382978,0.0212765957446808,0.0558510638297872,0.0345744680851063,0.0186170212765957,0.0186170212765957,0.0957446808510638,0.0611702127659574,0.0797872340425532,0.0,0.0212765957446808,0.1666666666666666,0.2,0.3666666666666666,0.2666666666666666,10,16,"RNCMPT00164,max,GUUCGUU,RBD_v3_189047",0
"RNCMPT00032,max,UUUUUUU,RBD_v3_125120",57,1,0.0707692307692307,0.0092307692307692,0.0492307692307692,0.0461538461538461,0.0553846153846153,0.0892307692307692,0.0246153846153846,0.0584615384615384,0.0523076923076923,0.0676923076923076,0.0307692307692307,0.0707692307692307,0.0369230769230769,0.0369230769230769,0.0615384615384615,0.0861538461538461,0.0492307692307692,0.0676923076923076,0.0061538461538461,0.0307692307692307,0.1025641025641025,0.1794871794871795,0.3076923076923077,0.4102564102564102,28,34,"RNCMPT00032,max,UUUUUUU,RBD_v3_125120",1
"RNCMPT00174,min,GUGAGUC,RBD_v3_193333",151,0,0.135,0.0066666666666666,0.03,0.0216666666666666,0.0133333333333333,0.09,0.01,0.0333333333333333,0.0366666666666666,0.0466666666666666,0.035,0.045,0.1066666666666666,0.0916666666666666,0.0283333333333333,0.0816666666666666,0.0816666666666666,0.05,0.0083333333333333,0.0483333333333333,0.3428571428571428,0.1142857142857142,0.3142857142857143,0.2285714285714285,21,27,"RNCMPT00174,min,GUGAGUC,RBD_v3_193333",1
"RNCMPT00019,max,AGAGACA,RBD_v3_110944",159,1,0.0543478260869565,0.0108695652173913,0.108695652173913,0.0543478260869565,0.0652173913043478,0.0543478260869565,0.0108695652173913,0.0434782608695652,0.0217391304347826,0.0652173913043478,0.0108695652173913,0.0326086956521739,0.0543478260869565,0.0434782608695652,0.1521739130434782,0.0326086956521739,0.0434782608695652,0.0760869565217391,0.0108695652173913,0.0543478260869565,0.4473684210526316,0.2368421052631578,0.2368421052631578,0.0789473684210526,1,7,"RNCMPT00019,max,AGAGACA,RBD_v3_110944",1
"RNCMPT00008,max,AACACAU,RBD_v3_021520",22,1,0.0621468926553672,0.0169491525423728,0.0451977401129943,0.0621468926553672,0.0338983050847457,0.0564971751412429,0.03954802259887,0.0508474576271186,0.1016949152542373,0.0677966101694915,0.0282485875706214,0.0564971751412429,0.0508474576271186,0.0677966101694915,0.0451977401129943,0.0564971751412429,0.0451977401129943,0.0677966101694915,0.0,0.0451977401129943,0.3421052631578947,0.2368421052631578,0.2105263157894736,0.2105263157894736,6,12,"RNCMPT00008,max,AACACAU,RBD_v3_021520",1
"RNCMPT00239,min,GGGUGAG,RBD_v3_117076",94,0,0.0870786516853932,0.0252808988764044,0.0308988764044943,0.0561797752808988,0.0112359550561797,0.1011235955056179,0.0196629213483146,0.095505617977528,0.0393258426966292,0.0674157303370786,0.0337078651685393,0.0393258426966292,0.0533707865168539,0.0561797752808988,0.0449438202247191,0.098314606741573,0.0702247191011236,0.0533707865168539,0.0028089887640449,0.0140449438202247,0.3,0.2,0.3333333333333333,0.1666666666666666,19,25,"RNCMPT00239,min,GGGUGAG,RBD_v3_117076",0
"RNCMPT00036,max,AACGGAG,RBD_v3_019641",64,1,0.1004784688995215,0.0430622009569378,0.0287081339712918,0.0909090909090909,0.0526315789473684,0.1004784688995215,0.0382775119617224,0.0239234449760765,0.0813397129186602,0.0574162679425837,0.0287081339712918,0.0191387559808612,0.0717703349282296,0.0526315789473684,0.0526315789473684,0.0717703349282296,0.0239234449760765,0.0478468899521531,0.0047846889952153,0.0095693779904306,0.4,0.2285714285714285,0.2285714285714285,0.1428571428571428,14,20,"RNCMPT00036,max,AACGGAG,RBD_v3_019641",1
"RNCMPT00174,max,UAUUUUA,RBD_v3_005916",151,1,0.135,0.0066666666666666,0.03,0.0216666666666666,0.0133333333333333,0.09,0.01,0.0333333333333333,0.0366666666666666,0.0466666666666666,0.035,0.045,0.1066666666666666,0.0916666666666666,0.0283333333333333,0.0816666666666666,0.0816666666666666,0.05,0.0083333333333333,0.0483333333333333,0.2631578947368421,0.2368421052631578,0.1842105263157894,0.3157894736842105,20,26,"RNCMPT00174,max,UAUUUUA,RBD_v3_005916",1
"RNCMPT00009,min,GGGGGGG,RBD_v3_036931",18,0,0.0777777777777777,0.0111111111111111,0.0111111111111111,0.0666666666666666,0.0666666666666666,0.1,0.0333333333333333,0.0555555555555555,0.0777777777777777,0.0666666666666666,0.0111111111111111,0.0666666666666666,0.0111111111111111,0.0333333333333333,0.0555555555555555,0.0666666666666666,0.0444444444444444,0.1,0.0111111111111111,0.0333333333333333,0.3142857142857143,0.1142857142857142,0.4285714285714285,0.1428571428571428,12,18,"RNCMPT00009,min,GGGGGGG,RBD_v3_036931",0
"RNCMPT00095,max,GGUAGGG,RBD_v3_060079",54,1,0.0418848167539267,0.0,0.1151832460732984,0.0471204188481675,0.0575916230366492,0.0785340314136125,0.0366492146596858,0.06282722513089,0.1047120418848167,0.0418848167539267,0.0209424083769633,0.0366492146596858,0.0471204188481675,0.0575916230366492,0.0575916230366492,0.0418848167539267,0.0366492146596858,0.0890052356020942,0.0052356020942408,0.0209424083769633,0.2333333333333333,0.0666666666666666,0.4666666666666667,0.2333333333333333,20,26,"RNCMPT00095,max,GGUAGGG,RBD_v3_060079",1
"RNCMPT00167,min,GAGUCGU,RBD_v3_129771",45,0,0.1145038167938931,0.0076335877862595,0.0687022900763358,0.0381679389312977,0.0534351145038167,0.0839694656488549,0.015267175572519,0.0381679389312977,0.0763358778625954,0.0305343511450381,0.0458015267175572,0.0687022900763358,0.0305343511450381,0.0229007633587786,0.0534351145038167,0.0839694656488549,0.015267175572519,0.099236641221374,0.0,0.0534351145038167,0.1666666666666666,0.2333333333333333,0.3333333333333333,0.2666666666666666,2,8,"RNCMPT00167,min,GAGUCGU,RBD_v3_129771",0
"RNCMPT00152,max,UAUAGCC,RBD_v3_068728",130,1,0.073170731707317,0.016260162601626,0.040650406504065,0.040650406504065,0.0284552845528455,0.073170731707317,0.016260162601626,0.0365853658536585,0.0772357723577235,0.0772357723577235,0.024390243902439,0.0528455284552845,0.08130081300813,0.065040650406504,0.0365853658536585,0.0975609756097561,0.0691056910569105,0.0447154471544715,0.008130081300813,0.040650406504065,0.2285714285714285,0.2571428571428571,0.2,0.3142857142857143,23,29,"RNCMPT00152,max,UAUAGCC,RBD_v3_068728",1
"RNCMPT00282,max,CAACUAC,RBD_v3_204796",144,1,0.0405405405405405,0.0135135135135135,0.081081081081081,0.0743243243243243,0.0405405405405405,0.0608108108108108,0.0,0.0337837837837837,0.1351351351351351,0.0675675675675675,0.0202702702702702,0.0337837837837837,0.0472972972972973,0.0337837837837837,0.1081081081081081,0.054054054054054,0.0337837837837837,0.0743243243243243,0.0202702702702702,0.027027027027027,0.2631578947368421,0.3421052631578947,0.2105263157894736,0.1842105263157894,13,19,"RNCMPT00282,max,CAACUAC,RBD_v3_204796",1
"RNCMPT00272,min,GAGUCGU,RBD_v3_235136",157,0,0.0583333333333333,0.0083333333333333,0.0791666666666666,0.075,0.0416666666666666,0.075,0.0208333333333333,0.0458333333333333,0.1,0.0833333333333333,0.0166666666666666,0.0416666666666666,0.0375,0.0625,0.0583333333333333,0.0375,0.0416666666666666,0.0833333333333333,0.0041666666666666,0.0291666666666666,0.2857142857142857,0.2285714285714285,0.2571428571428571,0.2285714285714285,26,32,"RNCMPT00272,min,GAGUCGU,RBD_v3_235136",1
"RNCMPT00032,min,AGAGUCG,RBD_v3_160610",57,0,0.0707692307692307,0.0092307692307692,0.0492307692307692,0.0461538461538461,0.0553846153846153,0.0892307692307692,0.0246153846153846,0.0584615384615384,0.0523076923076923,0.0676923076923076,0.0307692307692307,0.0707692307692307,0.0369230769230769,0.0369230769230769,0.0615384615384615,0.0861538461538461,0.0492307692307692,0.0676923076923076,0.0061538461538461,0.0307692307692307,0.1578947368421052,0.3684210526315789,0.2894736842105263,0.1842105263157894,1,7,"RNCMPT00032,min,AGAGUCG,RBD_v3_160610",1
"RNCMPT00023,min,GACCCAC,RBD_v3_142476",41,0,0.0442477876106194,0.0088495575221238,0.0663716814159292,0.0752212389380531,0.0619469026548672,0.1283185840707964,0.0353982300884955,0.0353982300884955,0.0752212389380531,0.0353982300884955,0.0221238938053097,0.0309734513274336,0.0309734513274336,0.0309734513274336,0.084070796460177,0.0752212389380531,0.0619469026548672,0.0752212389380531,0.0044247787610619,0.0176991150442477,0.2631578947368421,0.3421052631578947,0.2368421052631578,0.1578947368421052,2,8,"RNCMPT00023,min,GACCCAC,RBD_v3_142476",0
"RNCMPT00164,min,AGGGGGA,RBD_v3_216069",199,0,0.0851063829787234,0.0186170212765957,0.0425531914893617,0.0957446808510638,0.0186170212765957,0.0452127659574468,0.0079787234042553,0.0611702127659574,0.1462765957446808,0.0718085106382978,0.0212765957446808,0.0558510638297872,0.0345744680851063,0.0186170212765957,0.0186170212765957,0.0957446808510638,0.0611702127659574,0.0797872340425532,0.0,0.0212765957446808,0.3421052631578947,0.0789473684210526,0.4210526315789473,0.1578947368421052,9,15,"RNCMPT00164,min,AGGGGGA,RBD_v3_216069",1
"RNCMPT00014,max,UUAAGUU,RBD_v3_059946",32,1,0.1074561403508772,0.0109649122807017,0.0350877192982456,0.0307017543859649,0.0328947368421052,0.0635964912280701,0.0153508771929824,0.0482456140350877,0.0394736842105263,0.1008771929824561,0.0197368421052631,0.0592105263157894,0.0548245614035087,0.0614035087719298,0.0307017543859649,0.0964912280701754,0.0921052631578947,0.0635964912280701,0.0021929824561403,0.0350877192982456,0.3157894736842105,0.1842105263157894,0.2105263157894736,0.2894736842105263,6,12,"RNCMPT00014,max,UUAAGUU,RBD_v3_059946",0
"RNCMPT00228,max,UUUUUUU,RBD_v3_159452",109,1,0.0854922279792746,0.0207253886010362,0.0414507772020725,0.0492227979274611,0.0336787564766839,0.1036269430051813,0.0259067357512953,0.0284974093264248,0.0336787564766839,0.0803108808290155,0.0181347150259067,0.0518134715025906,0.0569948186528497,0.0595854922279792,0.0466321243523316,0.0906735751295336,0.0492227979274611,0.0725388601036269,0.0155440414507772,0.0362694300518134,0.2105263157894736,0.1842105263157894,0.2368421052631578,0.3684210526315789,31,37,"RNCMPT00228,max,UUUUUUU,RBD_v3_159452",0
"RNCMPT00018,min,AGGGGGG,RBD_v3_008089",36,0,0.0391061452513966,0.0,0.0670391061452514,0.0391061452513966,0.0558659217877094,0.2793296089385474,0.0055865921787709,0.0446927374301676,0.0558659217877094,0.0167597765363128,0.0167597765363128,0.0558659217877094,0.0446927374301676,0.0279329608938547,0.0893854748603352,0.0614525139664804,0.0446927374301676,0.0279329608938547,0.0055865921787709,0.0223463687150838,0.2894736842105263,0.131578947368421,0.3947368421052631,0.1842105263157894,19,25,"RNCMPT00018,min,AGGGGGG,RBD_v3_008089",1
"RNCMPT00094,min,AGAGUCG,RBD_v3_012837",54,0,0.0273972602739726,0.0,0.073972602739726,0.0246575342465753,0.0465753424657534,0.2273972602739726,0.021917808219178,0.0328767123287671,0.0575342465753424,0.021917808219178,0.0191780821917808,0.1506849315068493,0.0356164383561643,0.0575342465753424,0.0520547945205479,0.0328767123287671,0.0191780821917808,0.0493150684931506,0.0191780821917808,0.0301369863013698,0.4285714285714285,0.1714285714285714,0.2285714285714285,0.1714285714285714,1,7,"RNCMPT00094,min,AGAGUCG,RBD_v3_012837",0
"RNCMPT00124,max,CGCGCGG,RBD_v3_147741",63,1,0.0397727272727272,0.0198863636363636,0.0681818181818181,0.0568181818181818,0.0426136363636363,0.09375,0.0113636363636363,0.0255681818181818,0.0369318181818181,0.0511363636363636,0.03125,0.0284090909090909,0.1107954545454545,0.0284090909090909,0.1164772727272727,0.0738636363636363,0.0482954545454545,0.0568181818181818,0.002840909090909,0.0568181818181818,0.1666666666666666,0.3333333333333333,0.3,0.2,22,28,"RNCMPT00124,max,CGCGCGG,RBD_v3_147741",1
"RNCMPT00083,max,GAACAUC,RBD_v3_118226",194,1,0.0895061728395061,0.0,0.0401234567901234,0.0833333333333333,0.0216049382716049,0.1203703703703703,0.0061728395061728,0.0092592592592592,0.0493827160493827,0.0123456790123456,0.0123456790123456,0.0648148148148148,0.1080246913580246,0.074074074074074,0.1203703703703703,0.0462962962962962,0.0401234567901234,0.0493827160493827,0.0030864197530864,0.0493827160493827,0.3421052631578947,0.2894736842105263,0.1842105263157894,0.1842105263157894,3,9,"RNCMPT00083,max,GAACAUC,RBD_v3_118226",0
"RNCMPT00028,min,UCGUCUC,RBD_v3_013217",52,0,0.018348623853211,0.018348623853211,0.0412844036697247,0.0779816513761468,0.055045871559633,0.128440366972477,0.0275229357798165,0.0321100917431192,0.0688073394495412,0.055045871559633,0.0275229357798165,0.0825688073394495,0.0458715596330275,0.0412844036697247,0.055045871559633,0.0596330275229357,0.0596330275229357,0.0688073394495412,0.0091743119266055,0.0275229357798165,0.2631578947368421,0.2894736842105263,0.2105263157894736,0.2368421052631578,20,26,"RNCMPT00028,min,UCGUCUC,RBD_v3_013217",0
"RNCMPT00043,max,AAAAACA,RBD_v3_238142",90,1,0.0869565217391304,0.0096618357487922,0.0531400966183574,0.0772946859903381,0.0603864734299516,0.072463768115942,0.0096618357487922,0.0458937198067632,0.0966183574879227,0.0652173913043478,0.0338164251207729,0.0507246376811594,0.0338164251207729,0.036231884057971,0.0603864734299516,0.0700483091787439,0.0289855072463768,0.072463768115942,0.002415458937198,0.0338164251207729,0.4473684210526316,0.131578947368421,0.1842105263157894,0.2368421052631578,5,11,"RNCMPT00043,max,AAAAACA,RBD_v3_238142",1
"RNCMPT00054,max,GAAUCAA,RBD_v3_020188",125,1,0.0735294117647058,0.0117647058823529,0.0352941176470588,0.1029411764705882,0.05,0.0705882352941176,0.0147058823529411,0.0558823529411764,0.0852941176470588,0.0617647058823529,0.0352941176470588,0.0529411764705882,0.0588235294117647,0.0264705882352941,0.0588235294117647,0.0323529411764705,0.05,0.0823529411764705,0.0117647058823529,0.0294117647058823,0.3157894736842105,0.2368421052631578,0.2368421052631578,0.2105263157894736,17,23,"RNCMPT00054,max,GAAUCAA,RBD_v3_020188",0
"RNCMPT00077,min,GGGGGGC,RBD_v3_015998",170,0,0.0693333333333333,0.016,0.0346666666666666,0.0453333333333333,0.0426666666666666,0.0986666666666666,0.0213333333333333,0.0426666666666666,0.0506666666666666,0.0346666666666666,0.04,0.0613333333333333,0.0613333333333333,0.088,0.032,0.0666666666666666,0.0586666666666666,0.064,0.0266666666666666,0.0453333333333333,0.1666666666666666,0.3,0.4,0.1333333333333333,10,16,"RNCMPT00077,min,GGGGGGC,RBD_v3_015998",1
"RNCMPT00126,max,UUUUUGG,RBD_v3_089482",84,1,0.0732600732600732,0.0329670329670329,0.0842490842490842,0.0402930402930402,0.0512820512820512,0.0842490842490842,0.0183150183150183,0.0476190476190476,0.0549450549450549,0.0732600732600732,0.0183150183150183,0.0219780219780219,0.0732600732600732,0.0439560439560439,0.0512820512820512,0.0732600732600732,0.0329670329670329,0.0732600732600732,0.0073260073260073,0.0439560439560439,0.1282051282051282,0.0512820512820512,0.4871794871794871,0.3333333333333333,30,36,"RNCMPT00126,max,UUUUUGG,RBD_v3_089482",1
"RNCMPT00059,max,GAAGGAC,RBD_v3_185388",135,1,0.0117647058823529,0.0058823529411764,0.0705882352941176,0.0470588235294117,0.0764705882352941,0.1,0.0235294117647058,0.0352941176470588,0.0823529411764705,0.1,0.0176470588235294,0.0588235294117647,0.0176470588235294,0.0588235294117647,0.1058823529411764,0.0588235294117647,0.0529411764705882,0.0588235294117647,0.0,0.0176470588235294,0.3714285714285714,0.2285714285714285,0.2285714285714285,0.1714285714285714,27,33,"RNCMPT00059,max,GAAGGAC,RBD_v3_185388",1
"RNCMPT00017,max,UGCAUGA,RBD_v3_030778",35,1,0.1518072289156626,0.0024096385542168,0.0313253012048192,0.0313253012048192,0.0313253012048192,0.0698795180722891,0.0192771084337349,0.0409638554216867,0.0265060240963855,0.1012048192771084,0.0337349397590361,0.053012048192771,0.0602409638554216,0.1373493975903614,0.0385542168674698,0.0698795180722891,0.0433734939759036,0.0385542168674698,0.0,0.0192771084337349,0.2894736842105263,0.2631578947368421,0.2105263157894736,0.2368421052631578,7,13,"RNCMPT00017,max,UGCAUGA,RBD_v3_030778",1
"RNCMPT00129,max,AGAGUAU,RBD_v3_005236",13,1,0.066420664206642,0.014760147601476,0.044280442804428,0.059040590405904,0.014760147601476,0.077490774907749,0.014760147601476,0.066420664206642,0.055350553505535,0.062730627306273,0.022140221402214,0.040590405904059,0.081180811808118,0.040590405904059,0.055350553505535,0.1070110701107011,0.07380073800738,0.088560885608856,0.0,0.014760147601476,0.2631578947368421,0.1578947368421052,0.3157894736842105,0.2631578947368421,3,9,"RNCMPT00129,max,AGAGUAU,RBD_v3_005236",1
"RNCMPT00161,max,AAUGACA,RBD_v3_050497",37,1,0.0560344827586206,0.0043103448275862,0.043103448275862,0.0948275862068965,0.0344827586206896,0.0948275862068965,0.021551724137931,0.0689655172413793,0.0603448275862069,0.0818965517241379,0.0258620689655172,0.0387931034482758,0.021551724137931,0.043103448275862,0.0862068965517241,0.0560344827586206,0.0474137931034482,0.0948275862068965,0.0,0.0258620689655172,0.3157894736842105,0.131578947368421,0.3421052631578947,0.2105263157894736,17,23,"RNCMPT00161,max,AAUGACA,RBD_v3_050497",1
"RNCMPT00160,max,GGGAGGG,RBD_v3_070390",46,1,0.0637254901960784,0.0122549019607843,0.0539215686274509,0.0735294117647058,0.0588235294117647,0.1348039215686274,0.0294117647058823,0.0318627450980392,0.0392156862745098,0.0490196078431372,0.0416666666666666,0.0367647058823529,0.0392156862745098,0.0245098039215686,0.0759803921568627,0.0808823529411764,0.0416666666666666,0.0563725490196078,0.0049019607843137,0.0514705882352941,0.3142857142857143,0.0571428571428571,0.3714285714285714,0.2571428571428571,11,17,"RNCMPT00160,max,GGGAGGG,RBD_v3_070390",1
"RNCMPT00018,max,UACGCGC,RBD_v3_194714",36,1,0.0391061452513966,0.0,0.0670391061452514,0.0391061452513966,0.0558659217877094,0.2793296089385474,0.0055865921787709,0.0446927374301676,0.0558659217877094,0.0167597765363128,0.0167597765363128,0.0558659217877094,0.0446927374301676,0.0279329608938547,0.0893854748603352,0.0614525139664804,0.0446927374301676,0.0279329608938547,0.0055865921787709,0.0223463687150838,0.2105263157894736,0.2894736842105263,0.1842105263157894,0.3157894736842105,22,28,"RNCMPT00018,max,UACGCGC,RBD_v3_194714",1
"RNCMPT00178,max,ACACGCA,RBD_v3_196275",50,1,0.062730627306273,0.0276752767527675,0.040590405904059,0.070110701107011,0.0387453874538745,0.077490774907749,0.025830258302583,0.0387453874538745,0.059040590405904,0.077490774907749,0.022140221402214,0.0498154981549815,0.0535055350553505,0.033210332103321,0.055350553505535,0.088560885608856,0.051660516605166,0.0793357933579335,0.003690036900369,0.044280442804428,0.3157894736842105,0.2631578947368421,0.2631578947368421,0.1578947368421052,3,9,"RNCMPT00178,max,ACACGCA,RBD_v3_196275",1
"RNCMPT00256,max,UUUUUUG,RBD_v3_045178",171,1,0.0589887640449438,0.0028089887640449,0.0646067415730337,0.0533707865168539,0.0505617977528089,0.1292134831460674,0.0196629213483146,0.0365168539325842,0.0561797752808988,0.0393258426966292,0.0196629213483146,0.0702247191011236,0.0308988764044943,0.0561797752808988,0.0505617977528089,0.0786516853932584,0.0646067415730337,0.0589887640449438,0.0112359550561797,0.047752808988764,0.2,0.1714285714285714,0.2285714285714285,0.4,26,32,"RNCMPT00256,max,UUUUUUG,RBD_v3_045178",1
"RNCMPT00149,max,CCCACAG,RBD_v3_107420",29,1,0.0496894409937888,0.0372670807453416,0.0496894409937888,0.0993788819875776,0.0496894409937888,0.0559006211180124,0.0248447204968944,0.0559006211180124,0.0683229813664596,0.062111801242236,0.0186335403726708,0.0248447204968944,0.0993788819875776,0.031055900621118,0.0993788819875776,0.0496894409937888,0.0434782608695652,0.0559006211180124,0.0062111801242236,0.0186335403726708,0.4,0.2857142857142857,0.2,0.1142857142857142,4,10,"RNCMPT00149,max,CCCACAG,RBD_v3_107420",1
"RNCMPT00259,max,UACCAUG,RBD_v3_170171",189,1,0.0685483870967741,0.0120967741935483,0.0282258064516129,0.0604838709677419,0.0564516129032258,0.0483870967741935,0.0241935483870967,0.0725806451612903,0.0403225806451612,0.0564516129032258,0.0241935483870967,0.0483870967741935,0.0806451612903225,0.0725806451612903,0.0725806451612903,0.1008064516129032,0.0524193548387096,0.0443548387096774,0.0040322580645161,0.032258064516129,0.3714285714285714,0.2571428571428571,0.2285714285714285,0.1428571428571428,13,19,"RNCMPT00259,max,UACCAUG,RBD_v3_170171",1
"RNCMPT00053,max,UUACAUU,RBD_v3_109106",122,1,0.0392156862745098,0.0130718954248366,0.0130718954248366,0.0849673202614379,0.0522875816993464,0.065359477124183,0.0130718954248366,0.0718954248366013,0.0849673202614379,0.0849673202614379,0.0261437908496732,0.0522875816993464,0.0718954248366013,0.0588235294117647,0.065359477124183,0.0718954248366013,0.0588235294117647,0.0392156862745098,0.0130718954248366,0.0196078431372549,0.3421052631578947,0.131578947368421,0.1842105263157894,0.3421052631578947,18,24,"RNCMPT00053,max,UUACAUU,RBD_v3_109106",1
"RNCMPT00238,max,GGAGGAA,RBD_v3_224941",79,1,0.0753424657534246,0.002283105022831,0.0547945205479452,0.0433789954337899,0.0547945205479452,0.2100456621004566,0.0159817351598173,0.0319634703196347,0.0182648401826484,0.045662100456621,0.0251141552511415,0.047945205479452,0.0639269406392694,0.0547945205479452,0.0776255707762557,0.0410958904109589,0.0388127853881278,0.0547945205479452,0.0091324200913242,0.0342465753424657,0.2666666666666666,0.1333333333333333,0.3333333333333333,0.2666666666666666,19,25,"RNCMPT00238,max,GGAGGAA,RBD_v3_224941",0
"RNCMPT00230,max,GAAGGAC,RBD_v3_017741",180,1,0.0978520286396181,0.0095465393794749,0.0525059665871121,0.0787589498806682,0.0405727923627685,0.0859188544152744,0.0190930787589498,0.0381861575178997,0.0739856801909307,0.0835322195704057,0.0190930787589498,0.0405727923627685,0.0620525059665871,0.0238663484486873,0.0525059665871121,0.0668257756563245,0.0381861575178997,0.0930787589498806,0.0023866348448687,0.0214797136038186,0.3157894736842105,0.2105263157894736,0.2894736842105263,0.1842105263157894,25,31,"RNCMPT00230,max,GAAGGAC,RBD_v3_017741",1
"RNCMPT00068,max,AUAAUUA,RBD_v3_217404",151,1,0.082010582010582,0.0105820105820105,0.0449735449735449,0.0343915343915343,0.0238095238095238,0.0899470899470899,0.0079365079365079,0.0502645502645502,0.0555555555555555,0.0476190476190476,0.0449735449735449,0.0449735449735449,0.0925925925925925,0.0925925925925925,0.0264550264550264,0.0555555555555555,0.0714285714285714,0.0661375661375661,0.0079365079365079,0.0502645502645502,0.3947368421052631,0.1578947368421052,0.2105263157894736,0.2368421052631578,5,11,"RNCMPT00068,max,AUAAUUA,RBD_v3_217404",0
"RNCMPT00041,max,UAGGUAG,RBD_v3_241293",77,1,0.0521739130434782,0.017391304347826,0.0608695652173913,0.0652173913043478,0.0739130434782608,0.0913043478260869,0.0217391304347826,0.0304347826086956,0.0739130434782608,0.0478260869565217,0.0565217391304347,0.017391304347826,0.0565217391304347,0.0478260869565217,0.0608695652173913,0.0521739130434782,0.0695652173913043,0.0782608695652174,0.0043478260869565,0.0217391304347826,0.3142857142857143,0.1714285714285714,0.2857142857142857,0.2285714285714285,5,11,"RNCMPT00041,max,UAGGUAG,RBD_v3_241293",0
"RNCMPT00235,min,AGGGGGG,RBD_v3_014874",100,0,0.0224719101123595,0.0168539325842696,0.0505617977528089,0.0580524344569288,0.0449438202247191,0.0243445692883895,0.0224719101123595,0.0786516853932584,0.095505617977528,0.0823970037453183,0.0168539325842696,0.1348314606741573,0.0318352059925093,0.0337078651685393,0.0355805243445692,0.0898876404494382,0.0430711610486891,0.0580524344569288,0.0018726591760299,0.0580524344569288,0.3157894736842105,0.1842105263157894,0.2631578947368421,0.2368421052631578,12,18,"RNCMPT00235,min,AGGGGGG,RBD_v3_014874",0
"RNCMPT00046,min,UCUUCUU,RBD_v3_056971",106,0,0.0997442455242966,0.0204603580562659,0.0358056265984654,0.0613810741687979,0.0306905370843989,0.0639386189258312,0.0434782608695652,0.0588235294117647,0.0639386189258312,0.0792838874680307,0.0255754475703324,0.0434782608695652,0.0306905370843989,0.0843989769820971,0.0409207161125319,0.0434782608695652,0.0511508951406649,0.0869565217391304,0.0,0.0358056265984654,0.1842105263157894,0.2631578947368421,0.1842105263157894,0.3684210526315789,28,34,"RNCMPT00046,min,UCUUCUU,RBD_v3_056971",0
"RNCMPT00053,min,GUGUGAG,RBD_v3_032476",122,0,0.0392156862745098,0.0130718954248366,0.0130718954248366,0.0849673202614379,0.0522875816993464,0.065359477124183,0.0130718954248366,0.0718954248366013,0.0849673202614379,0.0849673202614379,0.0261437908496732,0.0522875816993464,0.0718954248366013,0.0588235294117647,0.065359477124183,0.0718954248366013,0.0588235294117647,0.0392156862745098,0.0130718954248366,0.0196078431372549,0.3428571428571428,0.0857142857142857,0.4285714285714285,0.1428571428571428,16,22,"RNCMPT00053,min,GUGUGAG,RBD_v3_032476",1
"RNCMPT00020,min,CCAUGUC,RBD_v3_203687",38,0,0.0646551724137931,0.0086206896551724,0.0344827586206896,0.1034482758620689,0.0344827586206896,0.0948275862068965,0.0172413793103448,0.0517241379310344,0.0517241379310344,0.0991379310344827,0.0172413793103448,0.0344827586206896,0.0344827586206896,0.0560344827586206,0.0818965517241379,0.0646551724137931,0.0560344827586206,0.0732758620689655,0.0,0.021551724137931,0.2368421052631578,0.2631578947368421,0.2105263157894736,0.2894736842105263,28,34,"RNCMPT00020,min,CCAUGUC,RBD_v3_203687",1
"RNCMPT00269,min,GGGGGGG,RBD_v3_230270",104,0,0.0981132075471698,0.0056603773584905,0.0471698113207547,0.0320754716981132,0.0452830188679245,0.0716981132075471,0.0283018867924528,0.0528301886792452,0.0622641509433962,0.1,0.0226415094339622,0.0698113207547169,0.0528301886792452,0.0547169811320754,0.0339622641509433,0.0886792452830188,0.0433962264150943,0.0716981132075471,0.0,0.0188679245283018,0.2333333333333333,0.2333333333333333,0.4666666666666667,0.0666666666666666,9,15,"RNCMPT00269,min,GGGGGGG,RBD_v3_230270",1
"RNCMPT00118,min,CAGGAAA,RBD_v3_191239",51,0,0.0824742268041237,0.0103092783505154,0.056701030927835,0.1082474226804123,0.0257731958762886,0.056701030927835,0.0206185567010309,0.0360824742268041,0.0773195876288659,0.0876288659793814,0.0257731958762886,0.0412371134020618,0.0463917525773195,0.0360824742268041,0.0721649484536082,0.0360824742268041,0.056701030927835,0.1030927835051546,0.0103092783505154,0.0103092783505154,0.3684210526315789,0.1842105263157894,0.2894736842105263,0.1578947368421052,20,26,"RNCMPT00118,min,CAGGAAA,RBD_v3_191239",1
"RNCMPT00043,min,GUUUGGG,RBD_v3_041678",90,0,0.0869565217391304,0.0096618357487922,0.0531400966183574,0.0772946859903381,0.0603864734299516,0.072463768115942,0.0096618357487922,0.0458937198067632,0.0966183574879227,0.0652173913043478,0.0338164251207729,0.0507246376811594,0.0338164251207729,0.036231884057971,0.0603864734299516,0.0700483091787439,0.0289855072463768,0.072463768115942,0.002415458937198,0.0338164251207729,0.1025641025641025,0.1282051282051282,0.3846153846153846,0.3846153846153846,32,38,"RNCMPT00043,min,GUUUGGG,RBD_v3_041678",1
"RNCMPT00187,min,CUUUAUA,RBD_v3_135807",12,0,0.1372141372141372,0.0145530145530145,0.0374220374220374,0.0353430353430353,0.0478170478170478,0.1122661122661122,0.0249480249480249,0.0249480249480249,0.0395010395010395,0.0935550935550935,0.0249480249480249,0.0249480249480249,0.0935550935550935,0.0727650727650727,0.0457380457380457,0.0561330561330561,0.0415800415800415,0.0498960498960499,0.0,0.0228690228690228,0.2105263157894736,0.1578947368421052,0.1578947368421052,0.4736842105263157,25,31,"RNCMPT00187,min,CUUUAUA,RBD_v3_135807",1
"RNCMPT00185,min,GUUGGAC,RBD_v3_201524",61,0,0.0552486187845303,0.0,0.0552486187845303,0.1270718232044199,0.0331491712707182,0.0773480662983425,0.0220994475138121,0.0497237569060773,0.1104972375690607,0.1104972375690607,0.0220994475138121,0.0331491712707182,0.0386740331491712,0.0276243093922651,0.0662983425414364,0.0883977900552486,0.005524861878453,0.0441988950276243,0.0,0.0331491712707182,0.2857142857142857,0.2,0.1714285714285714,0.3428571428571428,5,11,"RNCMPT00185,min,GUUGGAC,RBD_v3_201524",0
"RNCMPT00012,min,GGGAGUG,RBD_v3_176967",23,0,0.0622710622710622,0.0366300366300366,0.0879120879120879,0.0512820512820512,0.0586080586080586,0.0805860805860805,0.0146520146520146,0.0512820512820512,0.0476190476190476,0.0842490842490842,0.0183150183150183,0.0219780219780219,0.0695970695970696,0.0476190476190476,0.0549450549450549,0.0695970695970696,0.0219780219780219,0.0732600732600732,0.0073260073260073,0.0402930402930402,0.3142857142857143,0.1142857142857142,0.3714285714285714,0.2,23,29,"RNCMPT00012,min,GGGAGUG,RBD_v3_176967",1
"RNCMPT00016,min,CUGUUCU,RBD_v3_115692",33,0,0.0541516245487364,0.003610108303249,0.0613718411552346,0.0866425992779783,0.0324909747292418,0.0505415162454873,0.0288808664259927,0.0685920577617328,0.0685920577617328,0.0830324909747292,0.0216606498194945,0.0577617328519855,0.0469314079422382,0.0577617328519855,0.0685920577617328,0.0722021660649819,0.0433212996389891,0.0794223826714801,0.0,0.0144404332129963,0.2333333333333333,0.2,0.2666666666666666,0.3,10,16,"RNCMPT00016,min,CUGUUCU,RBD_v3_115692",1
"RNCMPT00287,min,AGAAUGA,RBD_v3_215633",6,0,0.0701754385964912,0.0,0.0526315789473684,0.0292397660818713,0.0409356725146198,0.1345029239766081,0.0175438596491228,0.0175438596491228,0.1052631578947368,0.0467836257309941,0.0058479532163742,0.0350877192982456,0.0409356725146198,0.0350877192982456,0.0584795321637426,0.0818713450292397,0.1111111111111111,0.0760233918128654,0.0116959064327485,0.0292397660818713,0.3947368421052631,0.1578947368421052,0.2368421052631578,0.2105263157894736,29,35,"RNCMPT00287,min,AGAAUGA,RBD_v3_215633",1
"RNCMPT00006,min,UUUUUUC,RBD_v3_127040",14,0,0.0726256983240223,0.0223463687150838,0.0223463687150838,0.0335195530726257,0.0391061452513966,0.0614525139664804,0.0111731843575419,0.0670391061452514,0.0614525139664804,0.0670391061452514,0.0446927374301676,0.0446927374301676,0.0726256983240223,0.0391061452513966,0.0837988826815642,0.0670391061452514,0.0558659217877094,0.0726256983240223,0.0111731843575419,0.0502793296089385,0.131578947368421,0.2894736842105263,0.1842105263157894,0.3947368421052631,27,33,"RNCMPT00006,min,UUUUUUC,RBD_v3_127040",1
"RNCMPT00225,max,ACACGCA,RBD_v3_014987",184,1,0.1048689138576779,0.0074906367041198,0.0599250936329588,0.0374531835205992,0.0299625468164794,0.0861423220973782,0.0074906367041198,0.0374531835205992,0.0861423220973782,0.1011235955056179,0.0262172284644194,0.0299625468164794,0.0449438202247191,0.0299625468164794,0.048689138576779,0.0898876404494382,0.0898876404494382,0.0524344569288389,0.0074906367041198,0.0224719101123595,0.4736842105263157,0.2368421052631578,0.1842105263157894,0.1052631578947368,14,20,"RNCMPT00225,max,ACACGCA,RBD_v3_014987",0
"RNCMPT00078,max,AGAAGAA,RBD_v3_027072",173,1,0.0467836257309941,0.0175438596491228,0.0467836257309941,0.0467836257309941,0.0409356725146198,0.0643274853801169,0.0409356725146198,0.0467836257309941,0.0350877192982456,0.023391812865497,0.0116959064327485,0.023391812865497,0.0701754385964912,0.0467836257309941,0.1871345029239766,0.1403508771929824,0.0350877192982456,0.0409356725146198,0.0,0.0350877192982456,0.3684210526315789,0.2105263157894736,0.2894736842105263,0.131578947368421,4,10,"RNCMPT00078,max,AGAAGAA,RBD_v3_027072",1
"RNCMPT00077,min,AGGGGGG,RBD_v3_021242",170,0,0.0693333333333333,0.016,0.0346666666666666,0.0453333333333333,0.0426666666666666,0.0986666666666666,0.0213333333333333,0.0426666666666666,0.0506666666666666,0.0346666666666666,0.04,0.0613333333333333,0.0613333333333333,0.088,0.032,0.0666666666666666,0.0586666666666666,0.064,0.0266666666666666,0.0453333333333333,0.2333333333333333,0.3,0.3666666666666666,0.1,18,24,"RNCMPT00077,min,AGGGGGG,RBD_v3_021242",0
"RNCMPT00126,min,AGAGUCG,RBD_v3_095150",84,0,0.0732600732600732,0.0329670329670329,0.0842490842490842,0.0402930402930402,0.0512820512820512,0.0842490842490842,0.0183150183150183,0.0476190476190476,0.0549450549450549,0.0732600732600732,0.0183150183150183,0.0219780219780219,0.0732600732600732,0.0439560439560439,0.0512820512820512,0.0732600732600732,0.0329670329670329,0.0732600732600732,0.0073260073260073,0.0439560439560439,0.1714285714285714,0.2857142857142857,0.2285714285714285,0.3142857142857143,1,7,"RNCMPT00126,min,AGAGUCG,RBD_v3_095150",1
"RNCMPT00151,max,AACUAAG,RBD_v3_083422",123,1,0.054054054054054,0.0135135135135135,0.0878378378378378,0.0608108108108108,0.0472972972972973,0.081081081081081,0.0,0.0337837837837837,0.1486486486486486,0.0878378378378378,0.027027027027027,0.027027027027027,0.054054054054054,0.0067567567567567,0.0945945945945946,0.0608108108108108,0.0202702702702702,0.054054054054054,0.0202702702702702,0.0202702702702702,0.4,0.1714285714285714,0.2571428571428571,0.1714285714285714,19,25,"RNCMPT00151,max,AACUAAG,RBD_v3_083422",1
"RNCMPT00209,min,GUGUGUC,RBD_v3_162052",80,0,0.1255060728744939,0.0,0.0566801619433198,0.0850202429149797,0.048582995951417,0.0647773279352226,0.0040485829959514,0.048582995951417,0.0769230769230769,0.0647773279352226,0.0161943319838056,0.0404858299595141,0.0566801619433198,0.0566801619433198,0.0769230769230769,0.0242914979757085,0.0607287449392712,0.0728744939271255,0.0,0.020242914979757,0.2666666666666666,0.1333333333333333,0.3,0.3,20,26,"RNCMPT00209,min,GUGUGUC,RBD_v3_162052",1
"RNCMPT00153,max,AGAAAAC,RBD_v3_139356",89,1,0.0748792270531401,0.0096618357487922,0.0531400966183574,0.0700483091787439,0.0555555555555555,0.0748792270531401,0.0169082125603864,0.038647342995169,0.0845410628019323,0.0579710144927536,0.038647342995169,0.0555555555555555,0.0410628019323671,0.038647342995169,0.0628019323671497,0.0652173913043478,0.0483091787439613,0.0748792270531401,0.002415458937198,0.036231884057971,0.2857142857142857,0.2857142857142857,0.2571428571428571,0.1714285714285714,1,7,"RNCMPT00153,max,AGAAAAC,RBD_v3_139356",0
"RNCMPT00176,min,CCCCUGC,RBD_v3_053875",77,0,0.0911602209944751,0.011049723756906,0.0414364640883977,0.0524861878453038,0.0607734806629834,0.1049723756906077,0.0220994475138121,0.0276243093922651,0.0469613259668508,0.0552486187845303,0.0441988950276243,0.0165745856353591,0.0856353591160221,0.0359116022099447,0.0497237569060773,0.0690607734806629,0.0828729281767955,0.0635359116022099,0.005524861878453,0.0331491712707182,0.1842105263157894,0.3421052631578947,0.1578947368421052,0.3157894736842105,25,31,"RNCMPT00176,min,CCCCUGC,RBD_v3_053875",0
"RNCMPT00013,min,UGUCUGU,RBD_v3_136349",26,0,0.0661375661375661,0.0132275132275132,0.0449735449735449,0.037037037037037,0.0555555555555555,0.1243386243386243,0.0132275132275132,0.0264550264550264,0.0476190476190476,0.0264550264550264,0.0238095238095238,0.0291005291005291,0.1666666666666666,0.0608465608465608,0.0423280423280423,0.0634920634920634,0.0449735449735449,0.0634920634920634,0.0158730158730158,0.0343915343915343,0.2,0.1666666666666666,0.2333333333333333,0.4,10,16,"RNCMPT00013,min,UGUCUGU,RBD_v3_136349",0
"RNCMPT00015,max,ACGGACG,RBD_v3_023644",33,1,0.0524193548387096,0.0040322580645161,0.032258064516129,0.1088709677419354,0.0403225806451612,0.0806451612903225,0.0241935483870967,0.064516129032258,0.0604838709677419,0.0725806451612903,0.0362903225806451,0.0282258064516129,0.0161290322580645,0.0604838709677419,0.0967741935483871,0.0846774193548387,0.0443548387096774,0.0766129032258064,0.0,0.0161290322580645,0.4,0.2285714285714285,0.2,0.1714285714285714,21,27,"RNCMPT00015,max,ACGGACG,RBD_v3_023644",0
"RNCMPT00142,max,AUAAUUA,RBD_v3_238138",114,1,0.0476190476190476,0.0059523809523809,0.0476190476190476,0.0952380952380952,0.0238095238095238,0.0535714285714285,0.0416666666666666,0.0773809523809523,0.1011904761904761,0.0773809523809523,0.0416666666666666,0.0357142857142857,0.0595238095238095,0.0238095238095238,0.0773809523809523,0.0595238095238095,0.0238095238095238,0.0595238095238095,0.0,0.0476190476190476,0.4210526315789473,0.131578947368421,0.1842105263157894,0.2631578947368421,21,27,"RNCMPT00142,max,AUAAUUA,RBD_v3_238138",0
"RNCMPT00014,min,AACCCCA,RBD_v3_058230",32,0,0.1074561403508772,0.0109649122807017,0.0350877192982456,0.0307017543859649,0.0328947368421052,0.0635964912280701,0.0153508771929824,0.0482456140350877,0.0394736842105263,0.1008771929824561,0.0197368421052631,0.0592105263157894,0.0548245614035087,0.0614035087719298,0.0307017543859649,0.0964912280701754,0.0921052631578947,0.0635964912280701,0.0021929824561403,0.0350877192982456,0.2631578947368421,0.3421052631578947,0.2368421052631578,0.1578947368421052,12,18,"RNCMPT00014,min,AACCCCA,RBD_v3_058230",0
"RNCMPT00079,min,AGAGUCG,RBD_v3_072002",190,0,0.0666666666666666,0.016,0.0586666666666666,0.0506666666666666,0.0453333333333333,0.08,0.0133333333333333,0.0426666666666666,0.0453333333333333,0.0853333333333333,0.04,0.04,0.0746666666666666,0.0613333333333333,0.0373333333333333,0.0506666666666666,0.0613333333333333,0.0986666666666666,0.0026666666666666,0.0293333333333333,0.2571428571428571,0.1714285714285714,0.4,0.1714285714285714,1,7,"RNCMPT00079,min,AGAGUCG,RBD_v3_072002",1
"RNCMPT00172,max,AACACAA,RBD_v3_093718",59,1,0.077720207253886,0.0103626943005181,0.0328151986183074,0.077720207253886,0.0276338514680483,0.0673575129533678,0.0207253886010362,0.079447322970639,0.081174438687392,0.077720207253886,0.0138169257340241,0.0414507772020725,0.0708117443868739,0.0725388601036269,0.0449050086355785,0.0656303972366148,0.0518134715025906,0.0656303972366148,0.003454231433506,0.0172711571675302,0.3142857142857143,0.2571428571428571,0.2285714285714285,0.2,25,31,"RNCMPT00172,max,AACACAA,RBD_v3_093718",0
"RNCMPT00119,max,GUUUUUU,RBD_v3_028511",165,1,0.0823529411764705,0.0117647058823529,0.0509803921568627,0.0352941176470588,0.0313725490196078,0.0901960784313725,0.0196078431372549,0.0509803921568627,0.0431372549019607,0.0823529411764705,0.0431372549019607,0.0862745098039215,0.0705882352941176,0.0313725490196078,0.0666666666666666,0.0666666666666666,0.0470588235294117,0.0549019607843137,0.0,0.0352941176470588,0.131578947368421,0.2894736842105263,0.2105263157894736,0.3684210526315789,6,12,"RNCMPT00119,max,GUUUUUU,RBD_v3_028511",1
"RNCMPT00166,min,CAUGCUA,RBD_v3_030020",11,0,0.088659793814433,0.0144329896907216,0.0371134020618556,0.0391752577319587,0.0494845360824742,0.0865979381443299,0.0268041237113402,0.0391752577319587,0.0432989690721649,0.0927835051546391,0.0288659793814433,0.0185567010309278,0.0989690721649484,0.0824742268041237,0.0412371134020618,0.0721649484536082,0.0597938144329896,0.0556701030927835,0.0,0.0247422680412371,0.2894736842105263,0.2368421052631578,0.3157894736842105,0.1578947368421052,6,12,"RNCMPT00166,min,CAUGCUA,RBD_v3_030020",1
"RNCMPT00185,max,AUAAACA,RBD_v3_227701",61,1,0.0552486187845303,0.0,0.0552486187845303,0.1270718232044199,0.0331491712707182,0.0773480662983425,0.0220994475138121,0.0497237569060773,0.1104972375690607,0.1104972375690607,0.0220994475138121,0.0331491712707182,0.0386740331491712,0.0276243093922651,0.0662983425414364,0.0883977900552486,0.005524861878453,0.0441988950276243,0.0,0.0331491712707182,0.3428571428571428,0.2,0.2,0.2571428571428571,10,16,"RNCMPT00185,max,AUAAACA,RBD_v3_227701",0
"RNCMPT00076,max,AGAAUGA,RBD_v3_122590",169,1,0.0461538461538461,0.0153846153846153,0.0653846153846153,0.0576923076923076,0.0653846153846153,0.123076923076923,0.0192307692307692,0.0346153846153846,0.073076923076923,0.0615384615384615,0.0307692307692307,0.0538461538461538,0.0346153846153846,0.05,0.0538461538461538,0.0653846153846153,0.0423076923076923,0.0769230769230769,0.0115384615384615,0.0192307692307692,0.3142857142857143,0.0857142857142857,0.3428571428571428,0.2571428571428571,16,22,"RNCMPT00076,max,AGAAUGA,RBD_v3_122590",1
"RNCMPT00112,min,AGAGUCG,RBD_v3_042940",57,0,0.0707692307692307,0.0092307692307692,0.0492307692307692,0.0461538461538461,0.0553846153846153,0.0892307692307692,0.0246153846153846,0.0584615384615384,0.0523076923076923,0.0676923076923076,0.0307692307692307,0.0707692307692307,0.0369230769230769,0.0369230769230769,0.0615384615384615,0.0861538461538461,0.0492307692307692,0.0676923076923076,0.0061538461538461,0.0307692307692307,0.2631578947368421,0.2105263157894736,0.2368421052631578,0.2894736842105263,1,7,"RNCMPT00112,min,AGAGUCG,RBD_v3_042940",1
"RNCMPT00140,max,UGGAAAA,RBD_v3_105190",75,1,0.0761670761670761,0.0049140049140049,0.054054054054054,0.0786240786240786,0.0589680589680589,0.0491400491400491,0.0122850122850122,0.0515970515970515,0.1081081081081081,0.0909090909090909,0.0049140049140049,0.0614250614250614,0.0442260442260442,0.027027027027027,0.0515970515970515,0.0786240786240786,0.0565110565110565,0.0835380835380835,0.0024570024570024,0.0049140049140049,0.3428571428571428,0.1428571428571428,0.3428571428571428,0.1714285714285714,26,32,"RNCMPT00140,max,UGGAAAA,RBD_v3_105190",1
"RNCMPT00154,max,CAAGGAG,RBD_v3_218921",127,1,0.0693069306930693,0.0198019801980198,0.0858085808580858,0.0594059405940594,0.0396039603960396,0.0495049504950495,0.0264026402640264,0.0561056105610561,0.0561056105610561,0.066006600660066,0.0264026402640264,0.0363036303630363,0.0396039603960396,0.0528052805280528,0.0759075907590759,0.099009900990099,0.0462046204620462,0.0495049504950495,0.0099009900990099,0.0363036303630363,0.4285714285714285,0.1428571428571428,0.2857142857142857,0.1428571428571428,24,30,"RNCMPT00154,max,CAAGGAG,RBD_v3_218921",1
"RNCMPT00224,max,ACAAAAG,RBD_v3_101581",166,1,0.1037735849056603,0.0047169811320754,0.0754716981132075,0.0518867924528301,0.0518867924528301,0.070754716981132,0.0235849056603773,0.0566037735849056,0.0613207547169811,0.080188679245283,0.0283018867924528,0.0566037735849056,0.0754716981132075,0.0377358490566037,0.0330188679245283,0.0566037735849056,0.0377358490566037,0.0518867924528301,0.0047169811320754,0.0377358490566037,0.4473684210526316,0.131578947368421,0.2105263157894736,0.2105263157894736,26,32,"RNCMPT00224,max,ACAAAAG,RBD_v3_101581",0
"RNCMPT00070,min,GCCCGCC,RBD_v3_119665",154,0,0.0467836257309941,0.0,0.0701754385964912,0.0994152046783625,0.023391812865497,0.0994152046783625,0.0350877192982456,0.0350877192982456,0.0701754385964912,0.0350877192982456,0.023391812865497,0.023391812865497,0.0584795321637426,0.0175438596491228,0.1637426900584795,0.0350877192982456,0.0526315789473684,0.0584795321637426,0.0116959064327485,0.0409356725146198,0.3333333333333333,0.2333333333333333,0.1666666666666666,0.2666666666666666,17,23,"RNCMPT00070,min,GCCCGCC,RBD_v3_119665",1
"RNCMPT00249,max,AUUGCAC,RBD_v3_049638",112,1,0.1403508771929824,0.0043859649122807,0.0482456140350877,0.0482456140350877,0.0526315789473684,0.0570175438596491,0.0087719298245614,0.0263157894736842,0.0921052631578947,0.087719298245614,0.0219298245614035,0.043859649122807,0.0745614035087719,0.0614035087719298,0.0570175438596491,0.0482456140350877,0.0350877192982456,0.0745614035087719,0.0043859649122807,0.0131578947368421,0.3428571428571428,0.2571428571428571,0.2857142857142857,0.1142857142857142,16,22,"RNCMPT00249,max,AUUGCAC,RBD_v3_049638",1
"RNCMPT00167,max,UUUUUUG,RBD_v3_094016",45,1,0.1145038167938931,0.0076335877862595,0.0687022900763358,0.0381679389312977,0.0534351145038167,0.0839694656488549,0.015267175572519,0.0381679389312977,0.0763358778625954,0.0305343511450381,0.0458015267175572,0.0687022900763358,0.0305343511450381,0.0229007633587786,0.0534351145038167,0.0839694656488549,0.015267175572519,0.099236641221374,0.0,0.0534351145038167,0.1578947368421052,0.1842105263157894,0.1842105263157894,0.4736842105263157,31,37,"RNCMPT00167,max,UUUUUUG,RBD_v3_094016",0
"RNCMPT00167,min,GAGUCGU,RBD_v3_113700",45,0,0.1145038167938931,0.0076335877862595,0.0687022900763358,0.0381679389312977,0.0534351145038167,0.0839694656488549,0.015267175572519,0.0381679389312977,0.0763358778625954,0.0305343511450381,0.0458015267175572,0.0687022900763358,0.0305343511450381,0.0229007633587786,0.0534351145038167,0.0839694656488549,0.015267175572519,0.099236641221374,0.0,0.0534351145038167,0.2666666666666666,0.2333333333333333,0.3333333333333333,0.1666666666666666,16,22,"RNCMPT00167,min,GAGUCGU,RBD_v3_113700",0
"RNCMPT00018,max,UGCGCGC,RBD_v3_240155",36,1,0.0391061452513966,0.0,0.0670391061452514,0.0391061452513966,0.0558659217877094,0.2793296089385474,0.0055865921787709,0.0446927374301676,0.0558659217877094,0.0167597765363128,0.0167597765363128,0.0558659217877094,0.0446927374301676,0.0279329608938547,0.0893854748603352,0.0614525139664804,0.0446927374301676,0.0279329608938547,0.0055865921787709,0.0223463687150838,0.2105263157894736,0.2105263157894736,0.2631578947368421,0.3157894736842105,13,19,"RNCMPT00018,max,UGCGCGC,RBD_v3_240155",1
"RNCMPT00106,min,UUUUUUU,RBD_v3_165503",158,0,0.0495049504950495,0.0099009900990099,0.099009900990099,0.0544554455445544,0.0346534653465346,0.1633663366336633,0.0099009900990099,0.0346534653465346,0.0396039603960396,0.0297029702970297,0.0148514851485148,0.0297029702970297,0.0693069306930693,0.0049504950495049,0.1237623762376237,0.0495049504950495,0.0297029702970297,0.0841584158415841,0.0049504950495049,0.0643564356435643,0.2,0.2333333333333333,0.1333333333333333,0.4333333333333333,23,29,"RNCMPT00106,min,UUUUUUU,RBD_v3_165503",1
"RNCMPT00197,max,UACAUGA,RBD_v3_212656",70,1,0.070110701107011,0.003690036900369,0.025830258302583,0.047970479704797,0.047970479704797,0.081180811808118,0.047970479704797,0.040590405904059,0.066420664206642,0.040590405904059,0.029520295202952,0.062730627306273,0.070110701107011,0.066420664206642,0.025830258302583,0.07380073800738,0.055350553505535,0.059040590405904,0.014760147601476,0.070110701107011,0.3157894736842105,0.1842105263157894,0.2368421052631578,0.2631578947368421,15,21,"RNCMPT00197,max,UACAUGA,RBD_v3_212656",1
"RNCMPT00175,min,GUGAGUC,RBD_v3_230980",151,0,0.1265060240963855,0.0080321285140562,0.0341365461847389,0.0261044176706827,0.0200803212851405,0.0803212851405622,0.0080321285140562,0.038152610441767,0.0401606425702811,0.0461847389558232,0.036144578313253,0.0502008032128514,0.0943775100401606,0.0843373493975903,0.0261044176706827,0.07429718875502,0.0923694779116465,0.0542168674698795,0.0080321285140562,0.0522088353413654,0.3142857142857143,0.2857142857142857,0.2857142857142857,0.1142857142857142,10,16,"RNCMPT00175,min,GUGAGUC,RBD_v3_230980",1
"RNCMPT00158,max,UUUUUUU,RBD_v3_029559",24,1,0.0647482014388489,0.039568345323741,0.0827338129496402,0.0539568345323741,0.0575539568345323,0.0899280575539568,0.0179856115107913,0.0503597122302158,0.0467625899280575,0.0755395683453237,0.014388489208633,0.014388489208633,0.0719424460431654,0.0503597122302158,0.0647482014388489,0.0683453237410072,0.0179856115107913,0.0647482014388489,0.0107913669064748,0.0431654676258992,0.1842105263157894,0.1842105263157894,0.2368421052631578,0.3947368421052631,30,36,"RNCMPT00158,max,UUUUUUU,RBD_v3_029559",1
"RNCMPT00049,min,GGGGGGC,RBD_v3_008495",118,0,0.0761750405186385,0.0145867098865478,0.06645056726094,0.1134521880064829,0.0388978930307941,0.0632090761750405,0.0162074554294975,0.0307941653160453,0.126418152350081,0.0875202593192868,0.019448946515397,0.0340356564019448,0.0356564019448946,0.0470016207455429,0.0583468395461912,0.0583468395461912,0.0405186385737439,0.0632090761750405,0.0016207455429497,0.0081037277147487,0.3714285714285714,0.1714285714285714,0.3714285714285714,0.0857142857142857,6,12,"RNCMPT00049,min,GGGGGGC,RBD_v3_008495",1
"RNCMPT00171,max,AGAAAAU,RBD_v3_134489",91,1,0.0706806282722513,0.0157068062827225,0.0654450261780104,0.06282722513089,0.06282722513089,0.0837696335078534,0.013089005235602,0.0445026178010471,0.0890052356020942,0.0759162303664921,0.0209424083769633,0.0497382198952879,0.0418848167539267,0.0157068062827225,0.0863874345549738,0.0549738219895288,0.031413612565445,0.0732984293193717,0.0078534031413612,0.0340314136125654,0.5,0.1666666666666666,0.2666666666666666,0.0666666666666666,1,7,"RNCMPT00171,max,AGAAAAU,RBD_v3_134489",0
"RNCMPT00041,min,UCGUCUU,RBD_v3_023327",77,0,0.0521739130434782,0.017391304347826,0.0608695652173913,0.0652173913043478,0.0739130434782608,0.0913043478260869,0.0217391304347826,0.0304347826086956,0.0739130434782608,0.0478260869565217,0.0565217391304347,0.017391304347826,0.0565217391304347,0.0478260869565217,0.0608695652173913,0.0521739130434782,0.0695652173913043,0.0782608695652174,0.0043478260869565,0.0217391304347826,0.2,0.0666666666666666,0.2666666666666666,0.4666666666666667,5,11,"RNCMPT00041,min,UCGUCUU,RBD_v3_023327",1
"RNCMPT00039,max,UAAUAUU,RBD_v3_045196",74,1,0.079059829059829,0.0149572649572649,0.047008547008547,0.0448717948717948,0.0256410256410256,0.0619658119658119,0.0384615384615384,0.0256410256410256,0.0363247863247863,0.047008547008547,0.0555555555555555,0.0512820512820512,0.1025641025641025,0.0961538461538461,0.0641025641025641,0.0641025641025641,0.0555555555555555,0.0363247863247863,0.0021367521367521,0.0512820512820512,0.3684210526315789,0.131578947368421,0.2631578947368421,0.2368421052631578,19,25,"RNCMPT00039,max,UAAUAUU,RBD_v3_045196",1
"RNCMPT00025,max,CUUUUUU,RBD_v3_152636",44,1,0.099236641221374,0.0076335877862595,0.0610687022900763,0.0458015267175572,0.0458015267175572,0.0763358778625954,0.015267175572519,0.0381679389312977,0.0687022900763358,0.0534351145038167,0.0305343511450381,0.0687022900763358,0.0381679389312977,0.0229007633587786,0.0610687022900763,0.099236641221374,0.0305343511450381,0.1068702290076335,0.0,0.0305343511450381,0.2105263157894736,0.1842105263157894,0.2368421052631578,0.3684210526315789,29,35,"RNCMPT00025,max,CUUUUUU,RBD_v3_152636",0
"RNCMPT00280,max,AGAUGAA,RBD_v3_207447",145,1,0.0823529411764705,0.0205882352941176,0.0470588235294117,0.0970588235294117,0.038235294117647,0.0823529411764705,0.0117647058823529,0.0558823529411764,0.0676470588235294,0.0529411764705882,0.038235294117647,0.0352941176470588,0.0558823529411764,0.0294117647058823,0.0676470588235294,0.0352941176470588,0.0441176470588235,0.0823529411764705,0.0088235294117647,0.0470588235294117,0.4210526315789473,0.1842105263157894,0.1842105263157894,0.2105263157894736,1,7,"RNCMPT00280,max,AGAUGAA,RBD_v3_207447",0
"RNCMPT00065,min,CCCCCUC,RBD_v3_201912",148,0,0.043010752688172,0.010752688172043,0.064516129032258,0.075268817204301,0.021505376344086,0.0806451612903225,0.0268817204301075,0.064516129032258,0.0913978494623656,0.075268817204301,0.0161290322580645,0.043010752688172,0.075268817204301,0.053763440860215,0.0913978494623656,0.032258064516129,0.0483870967741935,0.064516129032258,0.0053763440860215,0.0161290322580645,0.2105263157894736,0.3421052631578947,0.1842105263157894,0.2631578947368421,9,15,"RNCMPT00065,min,CCCCCUC,RBD_v3_201912",0
"RNCMPT00020,min,CCCCUCC,RBD_v3_006599",38,0,0.0646551724137931,0.0086206896551724,0.0344827586206896,0.1034482758620689,0.0344827586206896,0.0948275862068965,0.0172413793103448,0.0517241379310344,0.0517241379310344,0.0991379310344827,0.0172413793103448,0.0344827586206896,0.0344827586206896,0.0560344827586206,0.0818965517241379,0.0646551724137931,0.0560344827586206,0.0732758620689655,0.0,0.021551724137931,0.2368421052631578,0.3421052631578947,0.1842105263157894,0.2368421052631578,7,13,"RNCMPT00020,min,CCCCUCC,RBD_v3_006599",1
"RNCMPT00205,max,AGGGGAA,RBD_v3_143144",138,1,0.0924369747899159,0.0126050420168067,0.088235294117647,0.1260504201680672,0.0504201680672268,0.1176470588235294,0.0084033613445378,0.0588235294117647,0.0714285714285714,0.0294117647058823,0.0084033613445378,0.0462184873949579,0.0210084033613445,0.0168067226890756,0.0756302521008403,0.0546218487394958,0.0588235294117647,0.042016806722689,0.0042016806722689,0.0168067226890756,0.3157894736842105,0.1052631578947368,0.3684210526315789,0.2105263157894736,1,7,"RNCMPT00205,max,AGGGGAA,RBD_v3_143144",1
"RNCMPT00043,min,UGUUUGG,RBD_v3_106110",90,0,0.0869565217391304,0.0096618357487922,0.0531400966183574,0.0772946859903381,0.0603864734299516,0.072463768115942,0.0096618357487922,0.0458937198067632,0.0966183574879227,0.0652173913043478,0.0338164251207729,0.0507246376811594,0.0338164251207729,0.036231884057971,0.0603864734299516,0.0700483091787439,0.0289855072463768,0.072463768115942,0.002415458937198,0.0338164251207729,0.1666666666666666,0.2333333333333333,0.3666666666666666,0.2333333333333333,23,29,"RNCMPT00043,min,UGUUUGG,RBD_v3_106110",1
"RNCMPT00280,min,GUGAGUU,RBD_v3_176940",145,0,0.0823529411764705,0.0205882352941176,0.0470588235294117,0.0970588235294117,0.038235294117647,0.0823529411764705,0.0117647058823529,0.0558823529411764,0.0676470588235294,0.0529411764705882,0.038235294117647,0.0352941176470588,0.0558823529411764,0.0294117647058823,0.0676470588235294,0.0352941176470588,0.0441176470588235,0.0823529411764705,0.0088235294117647,0.0470588235294117,0.2333333333333333,0.1666666666666666,0.3666666666666666,0.2333333333333333,12,18,"RNCMPT00280,min,GUGAGUU,RBD_v3_176940",0
"RNCMPT00002,min,AAUAGUG,RBD_v3_217751",2,0,0.0674846625766871,0.0061349693251533,0.0368098159509202,0.0552147239263803,0.0122699386503067,0.0736196319018405,0.0184049079754601,0.0736196319018405,0.0858895705521472,0.0736196319018405,0.0122699386503067,0.0552147239263803,0.0552147239263803,0.0306748466257668,0.0674846625766871,0.1104294478527607,0.0797546012269938,0.0674846625766871,0.0061349693251533,0.0122699386503067,0.3421052631578947,0.1842105263157894,0.2894736842105263,0.1842105263157894,15,21,"RNCMPT00002,min,AAUAGUG,RBD_v3_217751",1
"RNCMPT00078,max,AGAAGAA,RBD_v3_055639",173,1,0.0467836257309941,0.0175438596491228,0.0467836257309941,0.0467836257309941,0.0409356725146198,0.0643274853801169,0.0409356725146198,0.0467836257309941,0.0350877192982456,0.023391812865497,0.0116959064327485,0.023391812865497,0.0701754385964912,0.0467836257309941,0.1871345029239766,0.1403508771929824,0.0350877192982456,0.0409356725146198,0.0,0.0350877192982456,0.2894736842105263,0.1578947368421052,0.3684210526315789,0.1842105263157894,1,7,"RNCMPT00078,max,AGAAGAA,RBD_v3_055639",0
"RNCMPT00124,max,UCGCGCG,RBD_v3_157981",63,1,0.0397727272727272,0.0198863636363636,0.0681818181818181,0.0568181818181818,0.0426136363636363,0.09375,0.0113636363636363,0.0255681818181818,0.0369318181818181,0.0511363636363636,0.03125,0.0284090909090909,0.1107954545454545,0.0284090909090909,0.1164772727272727,0.0738636363636363,0.0482954545454545,0.0568181818181818,0.002840909090909,0.0568181818181818,0.1282051282051282,0.3846153846153846,0.2307692307692307,0.2564102564102564,26,32,"RNCMPT00124,max,UCGCGCG,RBD_v3_157981",1
"RNCMPT00044,min,GGGCGGG,RBD_v3_023026",95,0,0.0746268656716417,0.017910447761194,0.0238805970149253,0.0597014925373134,0.0149253731343283,0.1044776119402985,0.0149253731343283,0.1104477611940298,0.0507462686567164,0.0626865671641791,0.0328358208955223,0.0328358208955223,0.0567164179104477,0.0567164179104477,0.0388059701492537,0.1044776119402985,0.0716417910447761,0.053731343283582,0.0029850746268656,0.0149253731343283,0.3333333333333333,0.1333333333333333,0.4,0.1333333333333333,20,26,"RNCMPT00044,min,GGGCGGG,RBD_v3_023026",1
"RNCMPT00104,max,UGUACAG,RBD_v3_195688",106,1,0.0562130177514792,0.0236686390532544,0.0414201183431952,0.0710059171597633,0.0355029585798816,0.0502958579881656,0.0502958579881656,0.0621301775147929,0.0710059171597633,0.0917159763313609,0.029585798816568,0.044378698224852,0.0236686390532544,0.0917159763313609,0.044378698224852,0.0414201183431952,0.0473372781065088,0.0828402366863905,0.0,0.0414201183431952,0.2571428571428571,0.1714285714285714,0.3142857142857143,0.2571428571428571,15,21,"RNCMPT00104,max,UGUACAG,RBD_v3_195688",1
"RNCMPT00068,max,AUAUUAG,RBD_v3_122805",151,1,0.082010582010582,0.0105820105820105,0.0449735449735449,0.0343915343915343,0.0238095238095238,0.0899470899470899,0.0079365079365079,0.0502645502645502,0.0555555555555555,0.0476190476190476,0.0449735449735449,0.0449735449735449,0.0925925925925925,0.0925925925925925,0.0264550264550264,0.0555555555555555,0.0714285714285714,0.0661375661375661,0.0079365079365079,0.0502645502645502,0.4210526315789473,0.1842105263157894,0.1842105263157894,0.2105263157894736,15,21,"RNCMPT00068,max,AUAUUAG,RBD_v3_122805",0
"RNCMPT00232,min,GUGAGUC,RBD_v3_029833",167,0,0.1031390134529148,0.0044843049327354,0.0582959641255605,0.0717488789237668,0.0493273542600896,0.0672645739910313,0.0179372197309417,0.0717488789237668,0.0538116591928251,0.0672645739910313,0.0448430493273542,0.0627802690582959,0.0762331838565022,0.0448430493273542,0.0403587443946188,0.0493273542600896,0.0313901345291479,0.0448430493273542,0.0044843049327354,0.0358744394618834,0.2368421052631578,0.3157894736842105,0.2105263157894736,0.2368421052631578,29,35,"RNCMPT00232,min,GUGAGUC,RBD_v3_029833",0
"RNCMPT00225,max,ACACGCA,RBD_v3_198606",184,1,0.1048689138576779,0.0074906367041198,0.0599250936329588,0.0374531835205992,0.0299625468164794,0.0861423220973782,0.0074906367041198,0.0374531835205992,0.0861423220973782,0.1011235955056179,0.0262172284644194,0.0299625468164794,0.0449438202247191,0.0299625468164794,0.048689138576779,0.0898876404494382,0.0898876404494382,0.0524344569288389,0.0074906367041198,0.0224719101123595,0.2894736842105263,0.2105263157894736,0.2894736842105263,0.2105263157894736,10,16,"RNCMPT00225,max,ACACGCA,RBD_v3_198606",0
"RNCMPT00097,max,CGCGCGU,RBD_v3_179815",63,1,0.0579710144927536,0.0289855072463768,0.0531400966183574,0.072463768115942,0.038647342995169,0.1111111111111111,0.0144927536231884,0.0289855072463768,0.0628019323671497,0.0628019323671497,0.0144927536231884,0.0434782608695652,0.0579710144927536,0.0434782608695652,0.072463768115942,0.038647342995169,0.0628019323671497,0.0917874396135265,0.0048309178743961,0.038647342995169,0.2571428571428571,0.2857142857142857,0.2571428571428571,0.2,11,17,"RNCMPT00097,max,CGCGCGU,RBD_v3_179815",0
"RNCMPT00245,min,UCGUCUU,RBD_v3_113357",43,0,0.0292682926829268,0.0146341463414634,0.0536585365853658,0.0829268292682926,0.0585365853658536,0.1121951219512195,0.0195121951219512,0.0439024390243902,0.1219512195121951,0.0439024390243902,0.0146341463414634,0.0536585365853658,0.0341463414634146,0.0634146341463414,0.048780487804878,0.0341463414634146,0.0439024390243902,0.0634146341463414,0.0146341463414634,0.048780487804878,0.3142857142857143,0.2571428571428571,0.2,0.2285714285714285,15,21,"RNCMPT00245,min,UCGUCUU,RBD_v3_113357",1
"RNCMPT00283,min,GACUCAC,RBD_v3_078845",142,0,0.0620689655172413,0.0068965517241379,0.0551724137931034,0.0275862068965517,0.0413793103448275,0.0827586206896551,0.0206896551724137,0.0482758620689655,0.0551724137931034,0.0758620689655172,0.0275862068965517,0.0275862068965517,0.0689655172413793,0.0689655172413793,0.0482758620689655,0.0551724137931034,0.096551724137931,0.0689655172413793,0.0,0.0620689655172413,0.2857142857142857,0.2857142857142857,0.2,0.2285714285714285,4,10,"RNCMPT00283,min,GACUCAC,RBD_v3_078845",1
"RNCMPT00080,max,UUUUUCC,RBD_v3_007520",191,1,0.0698924731182795,0.0161290322580645,0.0591397849462365,0.0618279569892473,0.0456989247311828,0.0725806451612903,0.0134408602150537,0.053763440860215,0.0510752688172043,0.0779569892473118,0.0268817204301075,0.0403225806451612,0.0698924731182795,0.0591397849462365,0.0403225806451612,0.0591397849462365,0.0564516129032258,0.0994623655913978,0.0,0.0268817204301075,0.131578947368421,0.2631578947368421,0.1578947368421052,0.4473684210526316,28,34,"RNCMPT00080,max,UUUUUCC,RBD_v3_007520",1
"RNCMPT00127,min,GAUGGUG,RBD_v3_094617",133,0,0.078125,0.0234375,0.046875,0.0625,0.03125,0.2890625,0.0,0.015625,0.0234375,0.03125,0.015625,0.03125,0.03125,0.0,0.1328125,0.0703125,0.0234375,0.046875,0.015625,0.03125,0.2894736842105263,0.1842105263157894,0.3684210526315789,0.1578947368421052,10,16,"RNCMPT00127,min,GAUGGUG,RBD_v3_094617",1
"RNCMPT00263,min,AGACCCU,RBD_v3_119267",86,0,0.0809523809523809,0.0047619047619047,0.0952380952380952,0.0904761904761904,0.0476190476190476,0.1095238095238095,0.0047619047619047,0.0095238095238095,0.0142857142857142,0.0571428571428571,0.0333333333333333,0.0428571428571428,0.0095238095238095,0.0476190476190476,0.119047619047619,0.0761904761904762,0.0380952380952381,0.0952380952380952,0.0095238095238095,0.0142857142857142,0.1,0.2666666666666666,0.3666666666666666,0.2666666666666666,1,7,"RNCMPT00263,min,AGACCCU,RBD_v3_119267",1
"RNCMPT00025,max,AUUUUUG,RBD_v3_141431",44,1,0.099236641221374,0.0076335877862595,0.0610687022900763,0.0458015267175572,0.0458015267175572,0.0763358778625954,0.015267175572519,0.0381679389312977,0.0687022900763358,0.0534351145038167,0.0305343511450381,0.0687022900763358,0.0381679389312977,0.0229007633587786,0.0610687022900763,0.099236641221374,0.0305343511450381,0.1068702290076335,0.0,0.0305343511450381,0.2368421052631578,0.2631578947368421,0.1578947368421052,0.3421052631578947,3,9,"RNCMPT00025,max,AUUUUUG,RBD_v3_141431",0
"RNCMPT00086,min,GGGGGGC,RBD_v3_136946",197,0,0.0529891304347826,0.0230978260869565,0.0543478260869565,0.077445652173913,0.029891304347826,0.0339673913043478,0.0230978260869565,0.0353260869565217,0.0720108695652173,0.0747282608695652,0.0258152173913043,0.0434782608695652,0.0896739130434782,0.0543478260869565,0.0584239130434782,0.1019021739130434,0.0570652173913043,0.0625,0.0054347826086956,0.0244565217391304,0.2894736842105263,0.2105263157894736,0.3421052631578947,0.1578947368421052,11,17,"RNCMPT00086,min,GGGGGGC,RBD_v3_136946",1
"RNCMPT00197,min,GGGGGAC,RBD_v3_173629",70,0,0.070110701107011,0.003690036900369,0.025830258302583,0.047970479704797,0.047970479704797,0.081180811808118,0.047970479704797,0.040590405904059,0.066420664206642,0.040590405904059,0.029520295202952,0.062730627306273,0.070110701107011,0.066420664206642,0.025830258302583,0.07380073800738,0.055350553505535,0.059040590405904,0.014760147601476,0.070110701107011,0.2666666666666666,0.2,0.4666666666666667,0.0666666666666666,5,11,"RNCMPT00197,min,GGGGGAC,RBD_v3_173629",1
"RNCMPT00132,min,AGAGUCG,RBD_v3_012354",134,0,0.1070496083550913,0.010443864229765,0.031331592689295,0.04177545691906,0.0391644908616188,0.0704960835509138,0.0052219321148825,0.0600522193211488,0.0548302872062663,0.0678851174934725,0.0130548302872062,0.1357702349869451,0.04177545691906,0.0443864229765013,0.0365535248041775,0.0835509138381201,0.0678851174934725,0.0548302872062663,0.0052219321148825,0.0287206266318537,0.2571428571428571,0.1714285714285714,0.3428571428571428,0.2285714285714285,1,7,"RNCMPT00132,min,AGAGUCG,RBD_v3_012354",1
"RNCMPT00265,max,AACCUAA,RBD_v3_145030",5,1,0.0767123287671232,0.0054794520547945,0.0520547945205479,0.0767123287671232,0.0054794520547945,0.1178082191780822,0.0191780821917808,0.0794520547945205,0.0465753424657534,0.0630136986301369,0.0301369863013698,0.0465753424657534,0.0383561643835616,0.0438356164383561,0.0602739726027397,0.0712328767123287,0.073972602739726,0.0630136986301369,0.0054794520547945,0.0246575342465753,0.3947368421052631,0.3157894736842105,0.1052631578947368,0.1842105263157894,3,9,"RNCMPT00265,max,AACCUAA,RBD_v3_145030",1
"RNCMPT00131,max,AGAAAUU,RBD_v3_182322",15,1,0.0530973451327433,0.0176991150442477,0.0648967551622418,0.0855457227138643,0.0324483775811209,0.0766961651917404,0.0147492625368731,0.0678466076696165,0.1002949852507374,0.0707964601769911,0.0324483775811209,0.0442477876106194,0.0619469026548672,0.0265486725663716,0.0589970501474926,0.0442477876106194,0.0442477876106194,0.0619469026548672,0.0117994100294985,0.0294985250737463,0.2631578947368421,0.2368421052631578,0.2368421052631578,0.2631578947368421,1,7,"RNCMPT00131,max,AGAAAUU,RBD_v3_182322",1
"RNCMPT00094,max,UAGGUAG,RBD_v3_148932",54,1,0.0273972602739726,0.0,0.073972602739726,0.0246575342465753,0.0465753424657534,0.2273972602739726,0.021917808219178,0.0328767123287671,0.0575342465753424,0.021917808219178,0.0191780821917808,0.1506849315068493,0.0356164383561643,0.0575342465753424,0.0520547945205479,0.0328767123287671,0.0191780821917808,0.0493150684931506,0.0191780821917808,0.0301369863013698,0.2285714285714285,0.2,0.3714285714285714,0.2,23,29,"RNCMPT00094,max,UAGGUAG,RBD_v3_148932",0
"RNCMPT00031,min,AGAGUCG,RBD_v3_056515",56,0,0.0360824742268041,0.0103092783505154,0.0979381443298969,0.0670103092783505,0.0670103092783505,0.0927835051546391,0.0103092783505154,0.0618556701030927,0.1030927835051546,0.0412371134020618,0.0206185567010309,0.0360824742268041,0.0360824742268041,0.0515463917525773,0.0618556701030927,0.0618556701030927,0.0618556701030927,0.056701030927835,0.0103092783505154,0.0154639175257731,0.2,0.2857142857142857,0.2285714285714285,0.2857142857142857,1,7,"RNCMPT00031,min,AGAGUCG,RBD_v3_056515",0
"RNCMPT00281,max,AAAAAAG,RBD_v3_203897",168,1,0.0619469026548672,0.0088495575221238,0.0560471976401179,0.0914454277286135,0.0471976401179941,0.0884955752212389,0.0206489675516224,0.0442477876106194,0.0973451327433628,0.0648967551622418,0.023598820058997,0.0353982300884955,0.0589970501474926,0.0353982300884955,0.0619469026548672,0.0324483775811209,0.0471976401179941,0.079646017699115,0.0088495575221238,0.0353982300884955,0.4571428571428571,0.2,0.2,0.1428571428571428,23,29,"RNCMPT00281,max,AAAAAAG,RBD_v3_203897",1
"RNCMPT00122,min,CGCUCUC,RBD_v3_085790",9,0,0.1346153846153846,0.0144230769230769,0.0288461538461538,0.0336538461538461,0.0649038461538461,0.0841346153846153,0.0264423076923076,0.0384615384615384,0.0360576923076923,0.0745192307692307,0.0384615384615384,0.0456730769230769,0.1033653846153846,0.0865384615384615,0.03125,0.0552884615384615,0.0432692307692307,0.0432692307692307,0.0,0.016826923076923,0.1666666666666666,0.3666666666666666,0.1666666666666666,0.3,9,15,"RNCMPT00122,min,CGCUCUC,RBD_v3_085790",0
"RNCMPT00280,max,AGAUGAA,RBD_v3_219699",145,1,0.0823529411764705,0.0205882352941176,0.0470588235294117,0.0970588235294117,0.038235294117647,0.0823529411764705,0.0117647058823529,0.0558823529411764,0.0676470588235294,0.0529411764705882,0.038235294117647,0.0352941176470588,0.0558823529411764,0.0294117647058823,0.0676470588235294,0.0352941176470588,0.0441176470588235,0.0823529411764705,0.0088235294117647,0.0470588235294117,0.3421052631578947,0.2105263157894736,0.2631578947368421,0.1842105263157894,8,14,"RNCMPT00280,max,AGAUGAA,RBD_v3_219699",0
"RNCMPT00180,min,CCCACUC,RBD_v3_012226",4,0,0.1534653465346534,0.0,0.0272277227722772,0.0321782178217821,0.0321782178217821,0.0495049504950495,0.0222772277227722,0.0371287128712871,0.0222772277227722,0.0742574257425742,0.0371287128712871,0.0321782178217821,0.0717821782178217,0.1856435643564356,0.0445544554455445,0.0618811881188118,0.0519801980198019,0.0519801980198019,0.0,0.0123762376237623,0.2631578947368421,0.2894736842105263,0.1842105263157894,0.2631578947368421,23,29,"RNCMPT00180,min,CCCACUC,RBD_v3_012226",1
"RNCMPT00212,max,CAUUUUU,RBD_v3_115850",65,1,0.0893617021276595,0.0127659574468085,0.0425531914893617,0.0638297872340425,0.0382978723404255,0.051063829787234,0.0382978723404255,0.0340425531914893,0.0553191489361702,0.076595744680851,0.0297872340425531,0.0297872340425531,0.0468085106382978,0.0425531914893617,0.0893617021276595,0.0936170212765957,0.0680851063829787,0.0638297872340425,0.0042553191489361,0.0297872340425531,0.3428571428571428,0.2571428571428571,0.1714285714285714,0.2285714285714285,10,16,"RNCMPT00212,max,CAUUUUU,RBD_v3_115850",1
"RNCMPT00284,min,CACAAUU,RBD_v3_169820",7,0,0.0839160839160839,0.0139860139860139,0.0349650349650349,0.0419580419580419,0.0489510489510489,0.1118881118881118,0.0139860139860139,0.0489510489510489,0.0209790209790209,0.0629370629370629,0.0139860139860139,0.0489510489510489,0.1118881118881118,0.0349650349650349,0.0839160839160839,0.0489510489510489,0.0559440559440559,0.0559440559440559,0.0069930069930069,0.0559440559440559,0.3666666666666666,0.1333333333333333,0.2,0.3,8,14,"RNCMPT00284,min,CACAAUU,RBD_v3_169820",0
"RNCMPT00289,min,GGGGGGG,RBD_v3_085759",55,0,0.0737463126843657,0.0117994100294985,0.0589970501474926,0.0973451327433628,0.0412979351032448,0.0825958702064896,0.0117994100294985,0.0442477876106194,0.0884955752212389,0.0678466076696165,0.0206489675516224,0.0324483775811209,0.0678466076696165,0.023598820058997,0.0707964601769911,0.0442477876106194,0.0383480825958702,0.079646017699115,0.0088495575221238,0.0353982300884955,0.3157894736842105,0.1842105263157894,0.3157894736842105,0.1842105263157894,2,8,"RNCMPT00289,min,GGGGGGG,RBD_v3_085759",0
"RNCMPT00002,max,AGACGUA,RBD_v3_117126",2,1,0.0674846625766871,0.0061349693251533,0.0368098159509202,0.0552147239263803,0.0122699386503067,0.0736196319018405,0.0184049079754601,0.0736196319018405,0.0858895705521472,0.0736196319018405,0.0122699386503067,0.0552147239263803,0.0552147239263803,0.0306748466257668,0.0674846625766871,0.1104294478527607,0.0797546012269938,0.0674846625766871,0.0061349693251533,0.0122699386503067,0.2666666666666666,0.2666666666666666,0.2666666666666666,0.2,1,7,"RNCMPT00002,max,AGACGUA,RBD_v3_117126",1
"RNCMPT00147,max,AACUAAG,RBD_v3_089066",16,1,0.0718954248366013,0.0065359477124183,0.0849673202614379,0.0522875816993464,0.0718954248366013,0.0588235294117647,0.0,0.0326797385620915,0.1045751633986928,0.0522875816993464,0.0196078431372549,0.0261437908496732,0.0261437908496732,0.0392156862745098,0.1176470588235294,0.0718954248366013,0.065359477124183,0.0718954248366013,0.0196078431372549,0.0065359477124183,0.3684210526315789,0.1578947368421052,0.2631578947368421,0.2105263157894736,22,28,"RNCMPT00147,max,AACUAAG,RBD_v3_089066",1
"RNCMPT00117,min,ACCCCCC,RBD_v3_087960",57,0,0.0707692307692307,0.0092307692307692,0.0492307692307692,0.0461538461538461,0.0553846153846153,0.0892307692307692,0.0246153846153846,0.0584615384615384,0.0523076923076923,0.0676923076923076,0.0307692307692307,0.0707692307692307,0.0369230769230769,0.0369230769230769,0.0615384615384615,0.0861538461538461,0.0492307692307692,0.0676923076923076,0.0061538461538461,0.0307692307692307,0.1842105263157894,0.4473684210526316,0.2105263157894736,0.1578947368421052,3,9,"RNCMPT00117,min,ACCCCCC,RBD_v3_087960",1
"RNCMPT00291,max,UAAUUGG,RBD_v3_001695",0,1,0.0823529411764705,0.0117647058823529,0.0529411764705882,0.0794117647058823,0.038235294117647,0.0941176470588235,0.0147058823529411,0.0558823529411764,0.0735294117647058,0.0705882352941176,0.0264705882352941,0.05,0.05,0.0264705882352941,0.0705882352941176,0.0264705882352941,0.0470588235294117,0.0764705882352941,0.0088235294117647,0.0441176470588235,0.2631578947368421,0.2105263157894736,0.2105263157894736,0.3157894736842105,9,15,"RNCMPT00291,max,UAAUUGG,RBD_v3_001695",1
"RNCMPT00062,min,GGGGGGC,RBD_v3_107730",60,0,0.0682926829268292,0.0048780487804878,0.048780487804878,0.0585365853658536,0.024390243902439,0.0878048780487804,0.0195121951219512,0.0292682926829268,0.0878048780487804,0.0926829268292682,0.024390243902439,0.024390243902439,0.1317073170731707,0.0292682926829268,0.0682926829268292,0.0926829268292682,0.048780487804878,0.0439024390243902,0.0,0.0146341463414634,0.2857142857142857,0.0857142857142857,0.4857142857142857,0.1428571428571428,2,8,"RNCMPT00062,min,GGGGGGC,RBD_v3_107730",1
"RNCMPT00140,min,GGGGGCC,RBD_v3_143408",75,0,0.0761670761670761,0.0049140049140049,0.054054054054054,0.0786240786240786,0.0589680589680589,0.0491400491400491,0.0122850122850122,0.0515970515970515,0.1081081081081081,0.0909090909090909,0.0049140049140049,0.0614250614250614,0.0442260442260442,0.027027027027027,0.0515970515970515,0.0786240786240786,0.0565110565110565,0.0835380835380835,0.0024570024570024,0.0049140049140049,0.1,0.2666666666666666,0.3666666666666666,0.2666666666666666,8,14,"RNCMPT00140,min,GGGGGCC,RBD_v3_143408",1
"RNCMPT00174,min,AGAGUCG,RBD_v3_003246",151,0,0.135,0.0066666666666666,0.03,0.0216666666666666,0.0133333333333333,0.09,0.01,0.0333333333333333,0.0366666666666666,0.0466666666666666,0.035,0.045,0.1066666666666666,0.0916666666666666,0.0283333333333333,0.0816666666666666,0.0816666666666666,0.05,0.0083333333333333,0.0483333333333333,0.2894736842105263,0.3947368421052631,0.2368421052631578,0.0789473684210526,22,28,"RNCMPT00174,min,AGAGUCG,RBD_v3_003246",1
"RNCMPT00058,max,ACAACAG,RBD_v3_004244",132,1,0.0703125,0.0234375,0.0546875,0.0625,0.0390625,0.109375,0.0078125,0.015625,0.0234375,0.03125,0.015625,0.0234375,0.046875,0.0,0.21875,0.140625,0.0234375,0.046875,0.015625,0.03125,0.3421052631578947,0.2368421052631578,0.2894736842105263,0.131578947368421,9,15,"RNCMPT00058,max,ACAACAG,RBD_v3_004244",0
"RNCMPT00261,min,GGGGGGC,RBD_v3_207323",82,0,0.0343980343980344,0.0171990171990172,0.0589680589680589,0.0761670761670761,0.0614250614250614,0.0466830466830466,0.0171990171990172,0.0761670761670761,0.1007371007371007,0.0687960687960688,0.0147420147420147,0.0712530712530712,0.0589680589680589,0.0417690417690417,0.054054054054054,0.0687960687960688,0.0614250614250614,0.0368550368550368,0.0024570024570024,0.0319410319410319,0.1333333333333333,0.1333333333333333,0.5,0.2333333333333333,10,16,"RNCMPT00261,min,GGGGGGC,RBD_v3_207323",1
"RNCMPT00212,min,AGAUGUU,RBD_v3_157779",65,0,0.0893617021276595,0.0127659574468085,0.0425531914893617,0.0638297872340425,0.0382978723404255,0.051063829787234,0.0382978723404255,0.0340425531914893,0.0553191489361702,0.076595744680851,0.0297872340425531,0.0297872340425531,0.0468085106382978,0.0425531914893617,0.0893617021276595,0.0936170212765957,0.0680851063829787,0.0638297872340425,0.0042553191489361,0.0297872340425531,0.2571428571428571,0.2571428571428571,0.2285714285714285,0.2571428571428571,11,17,"RNCMPT00212,min,AGAUGUU,RBD_v3_157779",1
"RNCMPT00202,min,AGAAGAA,RBD_v3_041899",101,0,0.0380622837370242,0.0069204152249134,0.0553633217993079,0.0484429065743944,0.0415224913494809,0.0276816608996539,0.0173010380622837,0.1072664359861591,0.1141868512110726,0.0449826989619377,0.0449826989619377,0.1799307958477508,0.0346020761245674,0.0242214532871972,0.0173010380622837,0.0484429065743944,0.0553633217993079,0.0380622837370242,0.0,0.0553633217993079,0.2894736842105263,0.2105263157894736,0.1578947368421052,0.3421052631578947,1,7,"RNCMPT00202,min,AGAAGAA,RBD_v3_041899",1
"RNCMPT00045,max,GCGCGCG,RBD_v3_037870",103,1,0.048780487804878,0.0182926829268292,0.073170731707317,0.073170731707317,0.073170731707317,0.048780487804878,0.024390243902439,0.0365853658536585,0.048780487804878,0.048780487804878,0.0060975609756097,0.0121951219512195,0.0365853658536585,0.0548780487804878,0.1585365853658536,0.1280487804878048,0.024390243902439,0.0426829268292682,0.0,0.0426829268292682,0.1428571428571428,0.4285714285714285,0.2285714285714285,0.2,28,34,"RNCMPT00045,max,GCGCGCG,RBD_v3_037870",1
"RNCMPT00219,max,UUAUACU,RBD_v3_095756",178,1,0.0954198473282442,0.0229007633587786,0.049618320610687,0.0458015267175572,0.0381679389312977,0.0648854961832061,0.0458015267175572,0.0419847328244274,0.0610687022900763,0.0572519083969465,0.0114503816793893,0.0381679389312977,0.0572519083969465,0.049618320610687,0.0572519083969465,0.1030534351145038,0.0687022900763358,0.0763358778625954,0.0038167938931297,0.0114503816793893,0.2368421052631578,0.2894736842105263,0.2105263157894736,0.2631578947368421,14,20,"RNCMPT00219,max,UUAUACU,RBD_v3_095756",1
"RNCMPT00065,max,GACUAAU,RBD_v3_188118",148,1,0.043010752688172,0.010752688172043,0.064516129032258,0.075268817204301,0.021505376344086,0.0806451612903225,0.0268817204301075,0.064516129032258,0.0913978494623656,0.075268817204301,0.0161290322580645,0.043010752688172,0.075268817204301,0.053763440860215,0.0913978494623656,0.032258064516129,0.0483870967741935,0.064516129032258,0.0053763440860215,0.0161290322580645,0.3421052631578947,0.2894736842105263,0.2368421052631578,0.131578947368421,2,8,"RNCMPT00065,max,GACUAAU,RBD_v3_188118",0
"RNCMPT00199,min,AGACCCG,RBD_v3_028790",97,0,0.032520325203252,0.016260162601626,0.08130081300813,0.1016260162601626,0.0528455284552845,0.065040650406504,0.008130081300813,0.040650406504065,0.08130081300813,0.0528455284552845,0.016260162601626,0.08130081300813,0.0203252032520325,0.0121951219512195,0.1341463414634146,0.0528455284552845,0.0203252032520325,0.065040650406504,0.0121951219512195,0.0528455284552845,0.4210526315789473,0.2894736842105263,0.1578947368421052,0.131578947368421,21,27,"RNCMPT00199,min,AGACCCG,RBD_v3_028790",0
"RNCMPT00157,max,AGAAGAU,RBD_v3_070903",92,1,0.0705882352941176,0.0117647058823529,0.0352941176470588,0.1,0.0470588235294117,0.0764705882352941,0.0176470588235294,0.0470588235294117,0.0529411764705882,0.0411764705882352,0.0294117647058823,0.0529411764705882,0.0529411764705882,0.0176470588235294,0.1117647058823529,0.088235294117647,0.0470588235294117,0.0588235294117647,0.0,0.0411764705882352,0.2368421052631578,0.3684210526315789,0.1842105263157894,0.2105263157894736,1,7,"RNCMPT00157,max,AGAAGAU,RBD_v3_070903",0
"RNCMPT00024,min,CCGCCCC,RBD_v3_228331",42,0,0.0472103004291845,0.0042918454935622,0.0600858369098712,0.0944206008583691,0.0643776824034334,0.1287553648068669,0.0300429184549356,0.03862660944206,0.0772532188841201,0.0429184549356223,0.0214592274678111,0.0257510729613733,0.0343347639484978,0.0300429184549356,0.0858369098712446,0.0686695278969957,0.0515021459227467,0.0686695278969957,0.0042918454935622,0.0214592274678111,0.3714285714285714,0.3714285714285714,0.2285714285714285,0.0285714285714285,16,22,"RNCMPT00024,min,CCGCCCC,RBD_v3_228331",0
"RNCMPT00090,min,GGGGGCG,RBD_v3_147529",159,0,0.0543478260869565,0.0108695652173913,0.108695652173913,0.0543478260869565,0.0652173913043478,0.0543478260869565,0.0108695652173913,0.0434782608695652,0.0217391304347826,0.0652173913043478,0.0108695652173913,0.0326086956521739,0.0543478260869565,0.0434782608695652,0.1521739130434782,0.0326086956521739,0.0434782608695652,0.0760869565217391,0.0108695652173913,0.0543478260869565,0.3684210526315789,0.131578947368421,0.2631578947368421,0.2368421052631578,21,27,"RNCMPT00090,min,GGGGGCG,RBD_v3_147529",1
"RNCMPT00209,max,AUUGCAC,RBD_v3_006938",80,1,0.1255060728744939,0.0,0.0566801619433198,0.0850202429149797,0.048582995951417,0.0647773279352226,0.0040485829959514,0.048582995951417,0.0769230769230769,0.0647773279352226,0.0161943319838056,0.0404858299595141,0.0566801619433198,0.0566801619433198,0.0769230769230769,0.0242914979757085,0.0607287449392712,0.0728744939271255,0.0,0.020242914979757,0.3421052631578947,0.2368421052631578,0.1842105263157894,0.2368421052631578,7,13,"RNCMPT00209,max,AUUGCAC,RBD_v3_006938",1
"RNCMPT00262,max,UUUUUUC,RBD_v3_138040",85,1,0.0893371757925072,0.0115273775216138,0.0489913544668587,0.0893371757925072,0.0489913544668587,0.0893371757925072,0.0028818443804034,0.063400576368876,0.031700288184438,0.063400576368876,0.0230547550432276,0.0576368876080691,0.063400576368876,0.0403458213256484,0.0576368876080691,0.063400576368876,0.0518731988472622,0.0778097982708933,0.0,0.0259365994236311,0.1578947368421052,0.1842105263157894,0.1842105263157894,0.4736842105263157,29,35,"RNCMPT00262,max,UUUUUUC,RBD_v3_138040",0
"RNCMPT00203,max,CCUUCAC,RBD_v3_080514",102,1,0.0466321243523316,0.005181347150259,0.0362694300518134,0.0466321243523316,0.0569948186528497,0.0414507772020725,0.0259067357512953,0.1139896373056994,0.1036269430051813,0.0880829015544041,0.0207253886010362,0.1243523316062176,0.0466321243523316,0.0362694300518134,0.0103626943005181,0.0414507772020725,0.0518134715025906,0.0414507772020725,0.005181347150259,0.0569948186528497,0.2105263157894736,0.3947368421052631,0.2368421052631578,0.1578947368421052,11,17,"RNCMPT00203,max,CCUUCAC,RBD_v3_080514",1
"RNCMPT00274,min,GAUGAGA,RBD_v3_070712",57,0,0.0707692307692307,0.0092307692307692,0.0492307692307692,0.0461538461538461,0.0553846153846153,0.0892307692307692,0.0246153846153846,0.0584615384615384,0.0523076923076923,0.0676923076923076,0.0307692307692307,0.0707692307692307,0.0369230769230769,0.0369230769230769,0.0615384615384615,0.0861538461538461,0.0492307692307692,0.0676923076923076,0.0061538461538461,0.0307692307692307,0.3428571428571428,0.2,0.3428571428571428,0.1142857142857142,7,13,"RNCMPT00274,min,GAUGAGA,RBD_v3_070712",0
"RNCMPT00076,min,CAUUUCA,RBD_v3_172826",169,0,0.0461538461538461,0.0153846153846153,0.0653846153846153,0.0576923076923076,0.0653846153846153,0.123076923076923,0.0192307692307692,0.0346153846153846,0.073076923076923,0.0615384615384615,0.0307692307692307,0.0538461538461538,0.0346153846153846,0.05,0.0538461538461538,0.0653846153846153,0.0423076923076923,0.0769230769230769,0.0115384615384615,0.0192307692307692,0.2368421052631578,0.1842105263157894,0.2105263157894736,0.3684210526315789,17,23,"RNCMPT00076,min,CAUUUCA,RBD_v3_172826",1
"RNCMPT00091,min,GGGGGGG,RBD_v3_161279",48,0,0.0679117147707979,0.0186757215619694,0.0509337860780984,0.0509337860780984,0.0356536502546689,0.1205432937181663,0.030560271646859,0.030560271646859,0.0492359932088285,0.0594227504244482,0.0237691001697792,0.0560271646859083,0.0831918505942275,0.0441426146010186,0.0611205432937181,0.0730050933786078,0.0288624787775891,0.064516129032258,0.0033955857385398,0.0475382003395585,0.2631578947368421,0.1578947368421052,0.3421052631578947,0.2368421052631578,2,8,"RNCMPT00091,min,GGGGGGG,RBD_v3_161279",1
"RNCMPT00225,max,ACACGCA,RBD_v3_213163",184,1,0.1048689138576779,0.0074906367041198,0.0599250936329588,0.0374531835205992,0.0299625468164794,0.0861423220973782,0.0074906367041198,0.0374531835205992,0.0861423220973782,0.1011235955056179,0.0262172284644194,0.0299625468164794,0.0449438202247191,0.0299625468164794,0.048689138576779,0.0898876404494382,0.0898876404494382,0.0524344569288389,0.0074906367041198,0.0224719101123595,0.3157894736842105,0.2105263157894736,0.3421052631578947,0.131578947368421,11,17,"RNCMPT00225,max,ACACGCA,RBD_v3_213163",0
"RNCMPT00039,min,CAGUCGA,RBD_v3_139246",74,0,0.079059829059829,0.0149572649572649,0.047008547008547,0.0448717948717948,0.0256410256410256,0.0619658119658119,0.0384615384615384,0.0256410256410256,0.0363247863247863,0.047008547008547,0.0555555555555555,0.0512820512820512,0.1025641025641025,0.0961538461538461,0.0641025641025641,0.0641025641025641,0.0555555555555555,0.0363247863247863,0.0021367521367521,0.0512820512820512,0.3142857142857143,0.3428571428571428,0.2,0.1428571428571428,14,20,"RNCMPT00039,min,CAGUCGA,RBD_v3_139246",0
"RNCMPT00177,max,AGAGUAA,RBD_v3_147087",150,1,0.085972850678733,0.0090497737556561,0.0452488687782805,0.1085972850678733,0.0678733031674208,0.0769230769230769,0.0090497737556561,0.0407239819004524,0.0678733031674208,0.090497737556561,0.0090497737556561,0.0271493212669683,0.0633484162895927,0.0316742081447963,0.090497737556561,0.0542986425339366,0.0497737556561085,0.0542986425339366,0.0,0.0180995475113122,0.3421052631578947,0.1578947368421052,0.2105263157894736,0.2894736842105263,1,7,"RNCMPT00177,max,AGAGUAA,RBD_v3_147087",1
"RNCMPT00040,max,AGUAGUU,RBD_v3_101106",76,1,0.08,0.02,0.04,0.09,0.07,0.05,0.03,0.03,0.12,0.01,0.02,0.04,0.05,0.07,0.05,0.03,0.08,0.11,0.0,0.01,0.2571428571428571,0.2,0.2285714285714285,0.3142857142857143,9,15,"RNCMPT00040,max,AGUAGUU,RBD_v3_101106",0
"RNCMPT00241,max,GACGACG,RBD_v3_045602",124,1,0.0609243697478991,0.0147058823529411,0.0546218487394958,0.0714285714285714,0.0525210084033613,0.0714285714285714,0.0168067226890756,0.0462184873949579,0.0672268907563025,0.0693277310924369,0.01890756302521,0.0336134453781512,0.0567226890756302,0.0525210084033613,0.0609243697478991,0.0903361344537815,0.0357142857142857,0.0840336134453781,0.0042016806722689,0.0378151260504201,0.3157894736842105,0.2368421052631578,0.2105263157894736,0.2368421052631578,17,23,"RNCMPT00241,max,GACGACG,RBD_v3_045602",1
"RNCMPT00248,max,ACGACGA,RBD_v3_212621",143,1,0.0732984293193717,0.0104712041884816,0.06282722513089,0.0732984293193717,0.0418848167539267,0.0890052356020942,0.0366492146596858,0.0575916230366492,0.0732984293193717,0.0523560209424083,0.0209424083769633,0.0523560209424083,0.0890052356020942,0.031413612565445,0.0523560209424083,0.0366492146596858,0.0366492146596858,0.0575916230366492,0.0052356020942408,0.0471204188481675,0.3,0.1666666666666666,0.3666666666666666,0.1666666666666666,3,9,"RNCMPT00248,max,ACGACGA,RBD_v3_212621",0
"RNCMPT00037,max,CAUCUUG,RBD_v3_187060",71,1,0.0553359683794466,0.0079051383399209,0.0553359683794466,0.0513833992094861,0.0316205533596837,0.0790513833992094,0.0316205533596837,0.0474308300395256,0.1146245059288537,0.0948616600790513,0.0316205533596837,0.0395256916996047,0.0513833992094861,0.0474308300395256,0.0632411067193675,0.0632411067193675,0.0316205533596837,0.0632411067193675,0.0039525691699604,0.0355731225296442,0.3421052631578947,0.1578947368421052,0.2105263157894736,0.2894736842105263,5,11,"RNCMPT00037,max,CAUCUUG,RBD_v3_187060",1
"RNCMPT00014,max,CUAAGUU,RBD_v3_206830",32,1,0.1074561403508772,0.0109649122807017,0.0350877192982456,0.0307017543859649,0.0328947368421052,0.0635964912280701,0.0153508771929824,0.0482456140350877,0.0394736842105263,0.1008771929824561,0.0197368421052631,0.0592105263157894,0.0548245614035087,0.0614035087719298,0.0307017543859649,0.0964912280701754,0.0921052631578947,0.0635964912280701,0.0021929824561403,0.0350877192982456,0.3,0.1666666666666666,0.3,0.2333333333333333,6,12,"RNCMPT00014,max,CUAAGUU,RBD_v3_206830",0
"RNCMPT00025,min,GAGUGAG,RBD_v3_184833",44,0,0.099236641221374,0.0076335877862595,0.0610687022900763,0.0458015267175572,0.0458015267175572,0.0763358778625954,0.015267175572519,0.0381679389312977,0.0687022900763358,0.0534351145038167,0.0305343511450381,0.0687022900763358,0.0381679389312977,0.0229007633587786,0.0610687022900763,0.099236641221374,0.0305343511450381,0.1068702290076335,0.0,0.0305343511450381,0.2894736842105263,0.2105263157894736,0.2631578947368421,0.2368421052631578,13,19,"RNCMPT00025,min,GAGUGAG,RBD_v3_184833",0
"RNCMPT00146,max,AUGGAUG,RBD_v3_011923",20,1,0.0303030303030303,0.0216450216450216,0.0606060606060606,0.0735930735930736,0.0735930735930736,0.0692640692640692,0.0303030303030303,0.0346320346320346,0.0865800865800865,0.0519480519480519,0.0129870129870129,0.0606060606060606,0.0389610389610389,0.0346320346320346,0.0606060606060606,0.0649350649350649,0.0519480519480519,0.0909090909090909,0.0086580086580086,0.0432900432900432,0.3142857142857143,0.1714285714285714,0.3428571428571428,0.1714285714285714,3,9,"RNCMPT00146,max,AUGGAUG,RBD_v3_011923",0
"RNCMPT00197,max,AUACAUG,RBD_v3_119805",70,1,0.070110701107011,0.003690036900369,0.025830258302583,0.047970479704797,0.047970479704797,0.081180811808118,0.047970479704797,0.040590405904059,0.066420664206642,0.040590405904059,0.029520295202952,0.062730627306273,0.070110701107011,0.066420664206642,0.025830258302583,0.07380073800738,0.055350553505535,0.059040590405904,0.014760147601476,0.070110701107011,0.2368421052631578,0.1842105263157894,0.2105263157894736,0.3684210526315789,28,34,"RNCMPT00197,max,AUACAUG,RBD_v3_119805",1
"RNCMPT00155,max,AGAAAAA,RBD_v3_140436",88,1,0.0772946859903381,0.0096618357487922,0.0579710144927536,0.072463768115942,0.0579710144927536,0.0748792270531401,0.0096618357487922,0.0434782608695652,0.0845410628019323,0.0579710144927536,0.0434782608695652,0.0483091787439613,0.0483091787439613,0.038647342995169,0.0700483091787439,0.0603864734299516,0.036231884057971,0.0700483091787439,0.002415458937198,0.036231884057971,0.4210526315789473,0.1578947368421052,0.2894736842105263,0.131578947368421,1,7,"RNCMPT00155,max,AGAAAAA,RBD_v3_140436",1
"RNCMPT00118,max,ACUAACC,RBD_v3_226736",51,1,0.0824742268041237,0.0103092783505154,0.056701030927835,0.1082474226804123,0.0257731958762886,0.056701030927835,0.0206185567010309,0.0360824742268041,0.0773195876288659,0.0876288659793814,0.0257731958762886,0.0412371134020618,0.0463917525773195,0.0360824742268041,0.0721649484536082,0.0360824742268041,0.056701030927835,0.1030927835051546,0.0103092783505154,0.0103092783505154,0.3684210526315789,0.2894736842105263,0.1052631578947368,0.2368421052631578,27,33,"RNCMPT00118,max,ACUAACC,RBD_v3_226736",1
"RNCMPT00215,min,GGAGGGG,RBD_v3_201499",96,0,0.0825958702064896,0.0147492625368731,0.0206489675516224,0.0648967551622418,0.0176991150442477,0.0943952802359882,0.0147492625368731,0.1002949852507374,0.0560471976401179,0.0678466076696165,0.0324483775811209,0.0383480825958702,0.0766961651917404,0.0589970501474926,0.0353982300884955,0.0825958702064896,0.079646017699115,0.0471976401179941,0.0,0.0147492625368731,0.2894736842105263,0.131578947368421,0.4210526315789473,0.1578947368421052,2,8,"RNCMPT00215,min,GGAGGGG,RBD_v3_201499",0
"RNCMPT00096,min,CCCCCCC,RBD_v3_146093",54,0,0.0418848167539267,0.0,0.1151832460732984,0.0471204188481675,0.0575916230366492,0.0785340314136125,0.0366492146596858,0.06282722513089,0.1047120418848167,0.0418848167539267,0.0209424083769633,0.0366492146596858,0.0471204188481675,0.0575916230366492,0.0575916230366492,0.0418848167539267,0.0366492146596858,0.0890052356020942,0.0052356020942408,0.0209424083769633,0.2631578947368421,0.3421052631578947,0.2105263157894736,0.1842105263157894,14,20,"RNCMPT00096,min,CCCCCCC,RBD_v3_146093",1
"RNCMPT00154,max,GAAGGAG,RBD_v3_091855",127,1,0.0693069306930693,0.0198019801980198,0.0858085808580858,0.0594059405940594,0.0396039603960396,0.0495049504950495,0.0264026402640264,0.0561056105610561,0.0561056105610561,0.066006600660066,0.0264026402640264,0.0363036303630363,0.0396039603960396,0.0528052805280528,0.0759075907590759,0.099009900990099,0.0462046204620462,0.0495049504950495,0.0099009900990099,0.0363036303630363,0.3947368421052631,0.2368421052631578,0.1842105263157894,0.1842105263157894,2,8,"RNCMPT00154,max,GAAGGAG,RBD_v3_091855",1
"RNCMPT00023,max,UUAGGGU,RBD_v3_030985",41,1,0.0442477876106194,0.0088495575221238,0.0663716814159292,0.0752212389380531,0.0619469026548672,0.1283185840707964,0.0353982300884955,0.0353982300884955,0.0752212389380531,0.0353982300884955,0.0221238938053097,0.0309734513274336,0.0309734513274336,0.0309734513274336,0.084070796460177,0.0752212389380531,0.0619469026548672,0.0752212389380531,0.0044247787610619,0.0176991150442477,0.3421052631578947,0.1578947368421052,0.2105263157894736,0.2894736842105263,29,35,"RNCMPT00023,max,UUAGGGU,RBD_v3_030985",1
"RNCMPT00200,max,GUUACAU,RBD_v3_109106",99,1,0.0615384615384615,0.0065934065934065,0.0351648351648351,0.0769230769230769,0.0505494505494505,0.0615384615384615,0.0131868131868131,0.0571428571428571,0.0813186813186813,0.0615384615384615,0.0263736263736263,0.0967032967032967,0.0725274725274725,0.0593406593406593,0.0263736263736263,0.0813186813186813,0.0395604395604395,0.0527472527472527,0.0065934065934065,0.0329670329670329,0.3421052631578947,0.131578947368421,0.1842105263157894,0.3421052631578947,17,23,"RNCMPT00200,max,GUUACAU,RBD_v3_109106",0
"RNCMPT00147,min,CCCCCCC,RBD_v3_005402",16,0,0.0718954248366013,0.0065359477124183,0.0849673202614379,0.0522875816993464,0.0718954248366013,0.0588235294117647,0.0,0.0326797385620915,0.1045751633986928,0.0522875816993464,0.0196078431372549,0.0261437908496732,0.0261437908496732,0.0392156862745098,0.1176470588235294,0.0718954248366013,0.065359477124183,0.0718954248366013,0.0196078431372549,0.0065359477124183,0.2368421052631578,0.3157894736842105,0.1842105263157894,0.2631578947368421,25,31,"RNCMPT00147,min,CCCCCCC,RBD_v3_005402",1
"RNCMPT00071,max,UUGCACA,RBD_v3_168565",156,1,0.0780141843971631,0.0,0.0319148936170212,0.0496453900709219,0.0531914893617021,0.0709219858156028,0.0177304964539007,0.0602836879432624,0.0780141843971631,0.0638297872340425,0.0602836879432624,0.0460992907801418,0.1241134751773049,0.0673758865248227,0.0460992907801418,0.0425531914893617,0.0425531914893617,0.0496453900709219,0.0,0.0177304964539007,0.2631578947368421,0.2105263157894736,0.2631578947368421,0.2631578947368421,13,19,"RNCMPT00071,max,UUGCACA,RBD_v3_168565",0
"RNCMPT00174,max,UAUAUUA,RBD_v3_023250",151,1,0.135,0.0066666666666666,0.03,0.0216666666666666,0.0133333333333333,0.09,0.01,0.0333333333333333,0.0366666666666666,0.0466666666666666,0.035,0.045,0.1066666666666666,0.0916666666666666,0.0283333333333333,0.0816666666666666,0.0816666666666666,0.05,0.0083333333333333,0.0483333333333333,0.2857142857142857,0.2,0.2,0.3142857142857143,4,10,"RNCMPT00174,max,UAUAUUA,RBD_v3_023250",0
"RNCMPT00087,min,CCCCUUC,RBD_v3_195026",198,0,0.0681818181818181,0.0303030303030303,0.053030303030303,0.0378787878787878,0.053030303030303,0.0681818181818181,0.0075757575757575,0.0606060606060606,0.1136363636363636,0.0681818181818181,0.0227272727272727,0.0681818181818181,0.0378787878787878,0.0151515151515151,0.0681818181818181,0.0909090909090909,0.0378787878787878,0.053030303030303,0.0,0.0454545454545454,0.2105263157894736,0.3947368421052631,0.2105263157894736,0.1842105263157894,10,16,"RNCMPT00087,min,CCCCUUC,RBD_v3_195026",1
"RNCMPT00220,max,CCUUUCU,RBD_v3_143065",179,1,0.0492424242424242,0.0037878787878787,0.0303030303030303,0.0416666666666666,0.034090909090909,0.0568181818181818,0.0189393939393939,0.0681818181818181,0.034090909090909,0.053030303030303,0.0378787878787878,0.0795454545454545,0.0681818181818181,0.1325757575757575,0.0568181818181818,0.0568181818181818,0.0643939393939393,0.0871212121212121,0.0,0.0265151515151515,0.2105263157894736,0.2368421052631578,0.2105263157894736,0.3421052631578947,7,13,"RNCMPT00220,max,CCUUUCU,RBD_v3_143065",0
"RNCMPT00087,max,GAUUUAA,RBD_v3_031561",198,1,0.0681818181818181,0.0303030303030303,0.053030303030303,0.0378787878787878,0.053030303030303,0.0681818181818181,0.0075757575757575,0.0606060606060606,0.1136363636363636,0.0681818181818181,0.0227272727272727,0.0681818181818181,0.0378787878787878,0.0151515151515151,0.0681818181818181,0.0909090909090909,0.0378787878787878,0.053030303030303,0.0,0.0454545454545454,0.2571428571428571,0.1428571428571428,0.2571428571428571,0.3428571428571428,2,8,"RNCMPT00087,max,GAUUUAA,RBD_v3_031561",1
"RNCMPT00174,min,AGAGUCG,RBD_v3_104687",151,0,0.135,0.0066666666666666,0.03,0.0216666666666666,0.0133333333333333,0.09,0.01,0.0333333333333333,0.0366666666666666,0.0466666666666666,0.035,0.045,0.1066666666666666,0.0916666666666666,0.0283333333333333,0.0816666666666666,0.0816666666666666,0.05,0.0083333333333333,0.0483333333333333,0.1666666666666666,0.2333333333333333,0.2333333333333333,0.3666666666666666,1,7,"RNCMPT00174,min,AGAGUCG,RBD_v3_104687",1
"RNCMPT00061,max,ACGACGA,RBD_v3_170781",140,1,0.0314960629921259,0.0078740157480314,0.0708661417322834,0.0551181102362204,0.0551181102362204,0.1889763779527559,0.0157480314960629,0.0314960629921259,0.0551181102362204,0.0551181102362204,0.0236220472440944,0.0314960629921259,0.0314960629921259,0.0314960629921259,0.1102362204724409,0.1023622047244094,0.0314960629921259,0.0472440944881889,0.0078740157480314,0.0157480314960629,0.3142857142857143,0.3142857142857143,0.2,0.1714285714285714,6,12,"RNCMPT00061,max,ACGACGA,RBD_v3_170781",0
"RNCMPT00067,min,GUGUUCG,RBD_v3_043282",162,0,0.0316742081447963,0.0090497737556561,0.085972850678733,0.0723981900452488,0.0407239819004524,0.1266968325791855,0.0180995475113122,0.0226244343891402,0.0361990950226244,0.0542986425339366,0.0180995475113122,0.0180995475113122,0.0633484162895927,0.0180995475113122,0.1357466063348416,0.0769230769230769,0.0271493212669683,0.0542986425339366,0.0135746606334841,0.0769230769230769,0.2285714285714285,0.2857142857142857,0.2571428571428571,0.2285714285714285,13,19,"RNCMPT00067,min,GUGUUCG,RBD_v3_043282",0
"RNCMPT00001,max,GAUAAUU,RBD_v3_002261",0,1,0.0735294117647058,0.0117647058823529,0.05,0.0852941176470588,0.0352941176470588,0.0941176470588235,0.0088235294117647,0.05,0.0735294117647058,0.0735294117647058,0.0323529411764705,0.0470588235294117,0.0470588235294117,0.0235294117647058,0.0676470588235294,0.0441176470588235,0.0470588235294117,0.0823529411764705,0.0088235294117647,0.0441176470588235,0.4210526315789473,0.1578947368421052,0.1842105263157894,0.2368421052631578,8,14,"RNCMPT00001,max,GAUAAUU,RBD_v3_002261",0
"RNCMPT00063,max,GCUGGUC,RBD_v3_114193",146,1,0.0559006211180124,0.0186335403726708,0.031055900621118,0.0683229813664596,0.0062111801242236,0.0496894409937888,0.0248447204968944,0.0745341614906832,0.062111801242236,0.0993788819875776,0.031055900621118,0.0559006211180124,0.0434782608695652,0.0559006211180124,0.0559006211180124,0.1180124223602484,0.0745341614906832,0.031055900621118,0.0186335403726708,0.0248447204968944,0.1842105263157894,0.3157894736842105,0.2368421052631578,0.2631578947368421,5,11,"RNCMPT00063,max,GCUGGUC,RBD_v3_114193",0
"RNCMPT00148,max,CCAUUUU,RBD_v3_219605",139,1,0.1124260355029585,0.0118343195266272,0.0355029585798816,0.059171597633136,0.0502958579881656,0.0976331360946745,0.0325443786982248,0.0502958579881656,0.0621301775147929,0.0414201183431952,0.029585798816568,0.0680473372781065,0.0562130177514792,0.0325443786982248,0.0325443786982248,0.0798816568047337,0.0532544378698224,0.0621301775147929,0.0118343195266272,0.0207100591715976,0.2368421052631578,0.2631578947368421,0.1842105263157894,0.3157894736842105,23,29,"RNCMPT00148,max,CCAUUUU,RBD_v3_219605",0
"RNCMPT00273,max,GCAUGGG,RBD_v3_059221",27,1,0.0791788856304985,0.0117302052785923,0.0674486803519061,0.1319648093841642,0.0263929618768328,0.0498533724340175,0.0146627565982404,0.0674486803519061,0.0821114369501466,0.0850439882697947,0.0205278592375366,0.0439882697947214,0.032258064516129,0.0146627565982404,0.0586510263929618,0.0498533724340175,0.0527859237536656,0.0733137829912023,0.002932551319648,0.0351906158357771,0.1666666666666666,0.2,0.3333333333333333,0.3,13,19,"RNCMPT00273,max,GCAUGGG,RBD_v3_059221",0
"RNCMPT00082,min,ACCCCCC,RBD_v3_124783",193,0,0.0581395348837209,0.0,0.0813953488372093,0.0465116279069767,0.0116279069767441,0.0465116279069767,0.0116279069767441,0.0697674418604651,0.1162790697674418,0.1744186046511628,0.0348837209302325,0.0348837209302325,0.0465116279069767,0.0,0.0581395348837209,0.0930232558139534,0.0348837209302325,0.0232558139534883,0.0232558139534883,0.0348837209302325,0.2368421052631578,0.3157894736842105,0.2105263157894736,0.2368421052631578,30,36,"RNCMPT00082,min,ACCCCCC,RBD_v3_124783",1
"RNCMPT00249,max,AUUGCAC,RBD_v3_130306",112,1,0.1403508771929824,0.0043859649122807,0.0482456140350877,0.0482456140350877,0.0526315789473684,0.0570175438596491,0.0087719298245614,0.0263157894736842,0.0921052631578947,0.087719298245614,0.0219298245614035,0.043859649122807,0.0745614035087719,0.0614035087719298,0.0570175438596491,0.0482456140350877,0.0350877192982456,0.0745614035087719,0.0043859649122807,0.0131578947368421,0.2571428571428571,0.2857142857142857,0.2857142857142857,0.1714285714285714,7,13,"RNCMPT00249,max,AUUGCAC,RBD_v3_130306",1
"RNCMPT00010,min,CCCCCCC,RBD_v3_012123",19,0,0.0526315789473684,0.0121457489878542,0.0404858299595141,0.0647773279352226,0.0404858299595141,0.068825910931174,0.020242914979757,0.0323886639676113,0.0809716599190283,0.068825910931174,0.0323886639676113,0.0404858299595141,0.0566801619433198,0.020242914979757,0.1012145748987854,0.0931174089068826,0.0526315789473684,0.0647773279352226,0.0040485829959514,0.0526315789473684,0.2571428571428571,0.4571428571428571,0.1428571428571428,0.1428571428571428,27,33,"RNCMPT00010,min,CCCCCCC,RBD_v3_012123",1
"RNCMPT00111,min,CGCGUGG,RBD_v3_125172",193,0,0.0581395348837209,0.0,0.0813953488372093,0.0465116279069767,0.0116279069767441,0.0465116279069767,0.0116279069767441,0.0697674418604651,0.1162790697674418,0.1744186046511628,0.0348837209302325,0.0348837209302325,0.0465116279069767,0.0,0.0581395348837209,0.0930232558139534,0.0348837209302325,0.0232558139534883,0.0232558139534883,0.0348837209302325,0.1,0.2333333333333333,0.4,0.2666666666666666,24,30,"RNCMPT00111,min,CGCGUGG,RBD_v3_125172",0
"RNCMPT00249,min,GGGGGGG,RBD_v3_092948",112,0,0.1403508771929824,0.0043859649122807,0.0482456140350877,0.0482456140350877,0.0526315789473684,0.0570175438596491,0.0087719298245614,0.0263157894736842,0.0921052631578947,0.087719298245614,0.0219298245614035,0.043859649122807,0.0745614035087719,0.0614035087719298,0.0570175438596491,0.0482456140350877,0.0350877192982456,0.0745614035087719,0.0043859649122807,0.0131578947368421,0.2368421052631578,0.0789473684210526,0.4736842105263157,0.2105263157894736,6,12,"RNCMPT00249,min,GGGGGGG,RBD_v3_092948",1
"RNCMPT00181,max,UUGCACA,RBD_v3_168565",73,1,0.157051282051282,0.0128205128205128,0.0352564102564102,0.0352564102564102,0.0448717948717948,0.0512820512820512,0.0224358974358974,0.0096153846153846,0.0416666666666666,0.1185897435897435,0.032051282051282,0.0448717948717948,0.0608974358974358,0.0897435897435897,0.0448717948717948,0.0929487179487179,0.0384615384615384,0.048076923076923,0.0,0.0192307692307692,0.2631578947368421,0.2105263157894736,0.2631578947368421,0.2631578947368421,13,19,"RNCMPT00181,max,UUGCACA,RBD_v3_168565",1
"RNCMPT00161,min,CCCCUUU,RBD_v3_201456",37,0,0.0560344827586206,0.0043103448275862,0.043103448275862,0.0948275862068965,0.0344827586206896,0.0948275862068965,0.021551724137931,0.0689655172413793,0.0603448275862069,0.0818965517241379,0.0258620689655172,0.0387931034482758,0.021551724137931,0.043103448275862,0.0862068965517241,0.0560344827586206,0.0474137931034482,0.0948275862068965,0.0,0.0258620689655172,0.2105263157894736,0.3684210526315789,0.1842105263157894,0.2368421052631578,15,21,"RNCMPT00161,min,CCCCUUU,RBD_v3_201456",1
"RNCMPT00029,min,CCCCCCA,RBD_v3_017248",53,0,0.0466101694915254,0.0042372881355932,0.1059322033898305,0.0508474576271186,0.0423728813559322,0.1567796610169491,0.0169491525423728,0.059322033898305,0.0889830508474576,0.0381355932203389,0.0169491525423728,0.0466101694915254,0.0338983050847457,0.0550847457627118,0.0720338983050847,0.0338983050847457,0.0423728813559322,0.0550847457627118,0.0084745762711864,0.0254237288135593,0.2105263157894736,0.3947368421052631,0.1578947368421052,0.2368421052631578,15,21,"RNCMPT00029,min,CCCCCCA,RBD_v3_017248",1
"RNCMPT00078,max,AGAAGAA,RBD_v3_105475",173,1,0.0467836257309941,0.0175438596491228,0.0467836257309941,0.0467836257309941,0.0409356725146198,0.0643274853801169,0.0409356725146198,0.0467836257309941,0.0350877192982456,0.023391812865497,0.0116959064327485,0.023391812865497,0.0701754385964912,0.0467836257309941,0.1871345029239766,0.1403508771929824,0.0350877192982456,0.0409356725146198,0.0,0.0350877192982456,0.3684210526315789,0.131578947368421,0.3421052631578947,0.1578947368421052,19,25,"RNCMPT00078,max,AGAAGAA,RBD_v3_105475",1
"RNCMPT00021,min,GAGUCGU,RBD_v3_098126",39,0,0.0179640718562874,0.0,0.0778443113772455,0.0838323353293413,0.0538922155688622,0.1257485029940119,0.0119760479041916,0.0538922155688622,0.0359281437125748,0.0419161676646706,0.029940119760479,0.0538922155688622,0.0898203592814371,0.0359281437125748,0.1616766467065868,0.029940119760479,0.0179640718562874,0.0718562874251497,0.0,0.0059880239520958,0.2368421052631578,0.2894736842105263,0.2368421052631578,0.2368421052631578,26,32,"RNCMPT00021,min,GAGUCGU,RBD_v3_098126",0
"RNCMPT00166,max,GUGUUUG,RBD_v3_174371",11,1,0.088659793814433,0.0144329896907216,0.0371134020618556,0.0391752577319587,0.0494845360824742,0.0865979381443299,0.0268041237113402,0.0391752577319587,0.0432989690721649,0.0927835051546391,0.0288659793814433,0.0185567010309278,0.0989690721649484,0.0824742268041237,0.0412371134020618,0.0721649484536082,0.0597938144329896,0.0556701030927835,0.0,0.0247422680412371,0.2,0.1666666666666666,0.3666666666666666,0.2666666666666666,18,24,"RNCMPT00166,max,GUGUUUG,RBD_v3_174371",1
"RNCMPT00091,min,GGGGGGC,RBD_v3_187755",48,0,0.0679117147707979,0.0186757215619694,0.0509337860780984,0.0509337860780984,0.0356536502546689,0.1205432937181663,0.030560271646859,0.030560271646859,0.0492359932088285,0.0594227504244482,0.0237691001697792,0.0560271646859083,0.0831918505942275,0.0441426146010186,0.0611205432937181,0.0730050933786078,0.0288624787775891,0.064516129032258,0.0033955857385398,0.0475382003395585,0.1714285714285714,0.1714285714285714,0.4285714285714285,0.2285714285714285,7,13,"RNCMPT00091,min,GGGGGGC,RBD_v3_187755",1
"RNCMPT00153,max,AGAAAAC,RBD_v3_060277",89,1,0.0748792270531401,0.0096618357487922,0.0531400966183574,0.0700483091787439,0.0555555555555555,0.0748792270531401,0.0169082125603864,0.038647342995169,0.0845410628019323,0.0579710144927536,0.038647342995169,0.0555555555555555,0.0410628019323671,0.038647342995169,0.0628019323671497,0.0652173913043478,0.0483091787439613,0.0748792270531401,0.002415458937198,0.036231884057971,0.3157894736842105,0.2894736842105263,0.2105263157894736,0.1842105263157894,1,7,"RNCMPT00153,max,AGAAAAC,RBD_v3_060277",0
"RNCMPT00126,max,UUUUUGG,RBD_v3_099381",84,1,0.0732600732600732,0.0329670329670329,0.0842490842490842,0.0402930402930402,0.0512820512820512,0.0842490842490842,0.0183150183150183,0.0476190476190476,0.0549450549450549,0.0732600732600732,0.0183150183150183,0.0219780219780219,0.0732600732600732,0.0439560439560439,0.0512820512820512,0.0732600732600732,0.0329670329670329,0.0732600732600732,0.0073260073260073,0.0439560439560439,0.1538461538461538,0.1025641025641025,0.4102564102564102,0.3333333333333333,29,35,"RNCMPT00126,max,UUUUUGG,RBD_v3_099381",1
"RNCMPT00016,max,GACAAGA,RBD_v3_044993",33,1,0.0541516245487364,0.003610108303249,0.0613718411552346,0.0866425992779783,0.0324909747292418,0.0505415162454873,0.0288808664259927,0.0685920577617328,0.0685920577617328,0.0830324909747292,0.0216606498194945,0.0577617328519855,0.0469314079422382,0.0577617328519855,0.0685920577617328,0.0722021660649819,0.0433212996389891,0.0794223826714801,0.0,0.0144404332129963,0.3684210526315789,0.1842105263157894,0.2894736842105263,0.1578947368421052,3,9,"RNCMPT00016,max,GACAAGA,RBD_v3_044993",1
"RNCMPT00281,min,CCCCCCU,RBD_v3_210390",168,0,0.0619469026548672,0.0088495575221238,0.0560471976401179,0.0914454277286135,0.0471976401179941,0.0884955752212389,0.0206489675516224,0.0442477876106194,0.0973451327433628,0.0648967551622418,0.023598820058997,0.0353982300884955,0.0589970501474926,0.0353982300884955,0.0619469026548672,0.0324483775811209,0.0471976401179941,0.079646017699115,0.0088495575221238,0.0353982300884955,0.2571428571428571,0.4285714285714285,0.1714285714285714,0.1428571428571428,17,23,"RNCMPT00281,min,CCCCCCU,RBD_v3_210390",1
"RNCMPT00032,max,UUAUUUU,RBD_v3_205754",57,1,0.0707692307692307,0.0092307692307692,0.0492307692307692,0.0461538461538461,0.0553846153846153,0.0892307692307692,0.0246153846153846,0.0584615384615384,0.0523076923076923,0.0676923076923076,0.0307692307692307,0.0707692307692307,0.0369230769230769,0.0369230769230769,0.0615384615384615,0.0861538461538461,0.0492307692307692,0.0676923076923076,0.0061538461538461,0.0307692307692307,0.1578947368421052,0.2368421052631578,0.2368421052631578,0.3684210526315789,14,20,"RNCMPT00032,max,UUAUUUU,RBD_v3_205754",1
"RNCMPT00156,max,AGACAGA,RBD_v3_160906",22,1,0.0677966101694915,0.0225988700564971,0.0338983050847457,0.0847457627118644,0.0282485875706214,0.0508474576271186,0.0225988700564971,0.0338983050847457,0.1073446327683615,0.0734463276836158,0.0169491525423728,0.0508474576271186,0.0451977401129943,0.0677966101694915,0.0508474576271186,0.0734463276836158,0.0338983050847457,0.0847457627118644,0.0,0.0508474576271186,0.2894736842105263,0.2105263157894736,0.3157894736842105,0.1842105263157894,1,7,"RNCMPT00156,max,AGACAGA,RBD_v3_160906",1
"RNCMPT00218,max,CAGUUAU,RBD_v3_235495",177,1,0.0712074303405572,0.0309597523219814,0.0402476780185758,0.0495356037151702,0.0433436532507739,0.0743034055727554,0.0247678018575851,0.0154798761609907,0.0433436532507739,0.0866873065015479,0.0247678018575851,0.0526315789473684,0.0681114551083591,0.0340557275541795,0.0712074303405572,0.1114551083591331,0.0743034055727554,0.0681114551083591,0.0092879256965944,0.0061919504643962,0.2368421052631578,0.2368421052631578,0.1842105263157894,0.3421052631578947,12,18,"RNCMPT00218,max,CAGUUAU,RBD_v3_235495",0
"RNCMPT00141,max,UAUGAGG,RBD_v3_204950",105,1,0.1438848920863309,0.0071942446043165,0.0377697841726618,0.066546762589928,0.0323741007194244,0.0701438848920863,0.014388489208633,0.0521582733812949,0.0503597122302158,0.0863309352517985,0.0359712230215827,0.0341726618705036,0.0575539568345323,0.0755395683453237,0.0341726618705036,0.0539568345323741,0.0521582733812949,0.079136690647482,0.0017985611510791,0.014388489208633,0.3428571428571428,0.0857142857142857,0.3142857142857143,0.2571428571428571,5,11,"RNCMPT00141,max,UAUGAGG,RBD_v3_204950",1
"RNCMPT00072,max,AGGAGAG,RBD_v3_106344",160,1,0.05,0.0,0.1,0.0416666666666666,0.0333333333333333,0.1166666666666666,0.025,0.0083333333333333,0.0333333333333333,0.0416666666666666,0.0416666666666666,0.0083333333333333,0.0833333333333333,0.0083333333333333,0.175,0.0583333333333333,0.0416666666666666,0.0666666666666666,0.0,0.0666666666666666,0.2894736842105263,0.1052631578947368,0.3684210526315789,0.2368421052631578,1,7,"RNCMPT00072,max,AGGAGAG,RBD_v3_106344",1
"RNCMPT00043,min,UGUUUGG,RBD_v3_184459",90,0,0.0869565217391304,0.0096618357487922,0.0531400966183574,0.0772946859903381,0.0603864734299516,0.072463768115942,0.0096618357487922,0.0458937198067632,0.0966183574879227,0.0652173913043478,0.0338164251207729,0.0507246376811594,0.0338164251207729,0.036231884057971,0.0603864734299516,0.0700483091787439,0.0289855072463768,0.072463768115942,0.002415458937198,0.0338164251207729,0.1025641025641025,0.1025641025641025,0.4102564102564102,0.3846153846153846,24,30,"RNCMPT00043,min,UGUUUGG,RBD_v3_184459",1
"RNCMPT00012,min,AAGUGGG,RBD_v3_165394",23,0,0.0622710622710622,0.0366300366300366,0.0879120879120879,0.0512820512820512,0.0586080586080586,0.0805860805860805,0.0146520146520146,0.0512820512820512,0.0476190476190476,0.0842490842490842,0.0183150183150183,0.0219780219780219,0.0695970695970696,0.0476190476190476,0.0549450549450549,0.0695970695970696,0.0219780219780219,0.0732600732600732,0.0073260073260073,0.0402930402930402,0.3157894736842105,0.2105263157894736,0.1842105263157894,0.2894736842105263,4,10,"RNCMPT00012,min,AAGUGGG,RBD_v3_165394",1
"RNCMPT00144,max,AUGCGGA,RBD_v3_209743",21,1,0.0762711864406779,0.0254237288135593,0.0338983050847457,0.059322033898305,0.0423728813559322,0.135593220338983,0.0169491525423728,0.0254237288135593,0.0508474576271186,0.0423728813559322,0.0254237288135593,0.0762711864406779,0.0762711864406779,0.0338983050847457,0.0847457627118644,0.0508474576271186,0.0508474576271186,0.0762711864406779,0.0,0.0169491525423728,0.3421052631578947,0.3157894736842105,0.2105263157894736,0.131578947368421,11,17,"RNCMPT00144,max,AUGCGGA,RBD_v3_209743",0
"RNCMPT00022,min,CCCUGCU,RBD_v3_101886",40,0,0.0442477876106194,0.0088495575221238,0.0619469026548672,0.079646017699115,0.0619469026548672,0.1327433628318584,0.0353982300884955,0.0353982300884955,0.0707964601769911,0.0353982300884955,0.0221238938053097,0.0353982300884955,0.0265486725663716,0.0309734513274336,0.084070796460177,0.084070796460177,0.0530973451327433,0.0752212389380531,0.0044247787610619,0.0176991150442477,0.2631578947368421,0.2894736842105263,0.2368421052631578,0.2105263157894736,6,12,"RNCMPT00022,min,CCCUGCU,RBD_v3_101886",1
"RNCMPT00053,max,AUACAUU,RBD_v3_020368",122,1,0.0392156862745098,0.0130718954248366,0.0130718954248366,0.0849673202614379,0.0522875816993464,0.065359477124183,0.0130718954248366,0.0718954248366013,0.0849673202614379,0.0849673202614379,0.0261437908496732,0.0522875816993464,0.0718954248366013,0.0588235294117647,0.065359477124183,0.0718954248366013,0.0588235294117647,0.0392156862745098,0.0130718954248366,0.0196078431372549,0.2894736842105263,0.1842105263157894,0.2105263157894736,0.3157894736842105,21,27,"RNCMPT00053,max,AUACAUU,RBD_v3_020368",1
"RNCMPT00173,max,UAUAUAG,RBD_v3_042649",131,1,0.073170731707317,0.016260162601626,0.040650406504065,0.0447154471544715,0.024390243902439,0.073170731707317,0.016260162601626,0.040650406504065,0.073170731707317,0.0691056910569105,0.024390243902439,0.065040650406504,0.089430894308943,0.0772357723577235,0.032520325203252,0.0853658536585365,0.0609756097560975,0.0365853658536585,0.0040650406504065,0.0528455284552845,0.3684210526315789,0.131578947368421,0.1842105263157894,0.3157894736842105,13,19,"RNCMPT00173,max,UAUAUAG,RBD_v3_042649",0
"RNCMPT00057,min,AGAGUCG,RBD_v3_148682",131,0,0.073170731707317,0.016260162601626,0.040650406504065,0.0447154471544715,0.024390243902439,0.073170731707317,0.016260162601626,0.040650406504065,0.073170731707317,0.0691056910569105,0.024390243902439,0.065040650406504,0.089430894308943,0.0772357723577235,0.032520325203252,0.0853658536585365,0.0609756097560975,0.0365853658536585,0.0040650406504065,0.0528455284552845,0.2666666666666666,0.2333333333333333,0.2333333333333333,0.2666666666666666,1,7,"RNCMPT00057,min,AGAGUCG,RBD_v3_148682",1
"RNCMPT00284,max,AGUGUGA,RBD_v3_040660",7,1,0.0839160839160839,0.0139860139860139,0.0349650349650349,0.0419580419580419,0.0489510489510489,0.1118881118881118,0.0139860139860139,0.0489510489510489,0.0209790209790209,0.0629370629370629,0.0139860139860139,0.0489510489510489,0.1118881118881118,0.0349650349650349,0.0839160839160839,0.0489510489510489,0.0559440559440559,0.0559440559440559,0.0069930069930069,0.0559440559440559,0.3714285714285714,0.1142857142857142,0.3714285714285714,0.1428571428571428,12,18,"RNCMPT00284,max,AGUGUGA,RBD_v3_040660",0
"RNCMPT00202,max,GUUUUUU,RBD_v3_010930",101,1,0.0380622837370242,0.0069204152249134,0.0553633217993079,0.0484429065743944,0.0415224913494809,0.0276816608996539,0.0173010380622837,0.1072664359861591,0.1141868512110726,0.0449826989619377,0.0449826989619377,0.1799307958477508,0.0346020761245674,0.0242214532871972,0.0173010380622837,0.0484429065743944,0.0553633217993079,0.0380622837370242,0.0,0.0553633217993079,0.1,0.1333333333333333,0.2666666666666666,0.5,24,30,"RNCMPT00202,max,GUUUUUU,RBD_v3_010930",1
"RNCMPT00086,min,GGGCGGG,RBD_v3_015564",197,0,0.0529891304347826,0.0230978260869565,0.0543478260869565,0.077445652173913,0.029891304347826,0.0339673913043478,0.0230978260869565,0.0353260869565217,0.0720108695652173,0.0747282608695652,0.0258152173913043,0.0434782608695652,0.0896739130434782,0.0543478260869565,0.0584239130434782,0.1019021739130434,0.0570652173913043,0.0625,0.0054347826086956,0.0244565217391304,0.2333333333333333,0.2666666666666666,0.3666666666666666,0.1333333333333333,9,15,"RNCMPT00086,min,GGGCGGG,RBD_v3_015564",0
"RNCMPT00171,min,GGGGGGC,RBD_v3_110940",91,0,0.0706806282722513,0.0157068062827225,0.0654450261780104,0.06282722513089,0.06282722513089,0.0837696335078534,0.013089005235602,0.0445026178010471,0.0890052356020942,0.0759162303664921,0.0209424083769633,0.0497382198952879,0.0418848167539267,0.0157068062827225,0.0863874345549738,0.0549738219895288,0.031413612565445,0.0732984293193717,0.0078534031413612,0.0340314136125654,0.2,0.2333333333333333,0.3666666666666666,0.2,9,15,"RNCMPT00171,min,GGGGGGC,RBD_v3_110940",0
"RNCMPT00149,max,AGUACAG,RBD_v3_033127",29,1,0.0496894409937888,0.0372670807453416,0.0496894409937888,0.0993788819875776,0.0496894409937888,0.0559006211180124,0.0248447204968944,0.0559006211180124,0.0683229813664596,0.062111801242236,0.0186335403726708,0.0248447204968944,0.0993788819875776,0.031055900621118,0.0993788819875776,0.0496894409937888,0.0434782608695652,0.0559006211180124,0.0062111801242236,0.0186335403726708,0.2894736842105263,0.2631578947368421,0.2105263157894736,0.2368421052631578,9,15,"RNCMPT00149,max,AGUACAG,RBD_v3_033127",1
"RNCMPT00064,max,AGAAAAA,RBD_v3_116048",147,1,0.0711610486891385,0.0224719101123595,0.0411985018726591,0.0861423220973782,0.0374531835205992,0.0599250936329588,0.0112359550561797,0.0337078651685393,0.1048689138576779,0.0749063670411985,0.0299625468164794,0.0299625468164794,0.0786516853932584,0.0411985018726591,0.0599250936329588,0.0749063670411985,0.0411985018726591,0.0749063670411985,0.0,0.0262172284644194,0.4333333333333333,0.1333333333333333,0.3,0.1333333333333333,1,7,"RNCMPT00064,max,AGAAAAA,RBD_v3_116048",1
"RNCMPT00085,min,GCCCGUG,RBD_v3_171261",196,0,0.1013824884792626,0.0276497695852534,0.0437788018433179,0.0599078341013824,0.0299539170506912,0.1013824884792626,0.0276497695852534,0.0276497695852534,0.0391705069124423,0.0691244239631336,0.0230414746543778,0.032258064516129,0.1059907834101382,0.0414746543778801,0.0668202764976958,0.0714285714285714,0.0576036866359447,0.0552995391705069,0.0,0.0184331797235023,0.2285714285714285,0.2857142857142857,0.2571428571428571,0.2285714285714285,10,16,"RNCMPT00085,min,GCCCGUG,RBD_v3_171261",1
"RNCMPT00269,max,AACUUUC,RBD_v3_076223",104,1,0.0981132075471698,0.0056603773584905,0.0471698113207547,0.0320754716981132,0.0452830188679245,0.0716981132075471,0.0283018867924528,0.0528301886792452,0.0622641509433962,0.1,0.0226415094339622,0.0698113207547169,0.0528301886792452,0.0547169811320754,0.0339622641509433,0.0886792452830188,0.0433962264150943,0.0716981132075471,0.0,0.0188679245283018,0.2894736842105263,0.2105263157894736,0.1842105263157894,0.3157894736842105,29,35,"RNCMPT00269,max,AACUUUC,RBD_v3_076223",1
"RNCMPT00059,min,CCCCCCC,RBD_v3_116498",135,0,0.0117647058823529,0.0058823529411764,0.0705882352941176,0.0470588235294117,0.0764705882352941,0.1,0.0235294117647058,0.0352941176470588,0.0823529411764705,0.1,0.0176470588235294,0.0588235294117647,0.0176470588235294,0.0588235294117647,0.1058823529411764,0.0588235294117647,0.0529411764705882,0.0588235294117647,0.0,0.0176470588235294,0.2894736842105263,0.3157894736842105,0.2368421052631578,0.1578947368421052,30,36,"RNCMPT00059,min,CCCCCCC,RBD_v3_116498",1
"RNCMPT00073,min,UUUGUCC,RBD_v3_026735",161,0,0.064516129032258,0.032258064516129,0.064516129032258,0.0725806451612903,0.0483870967741935,0.1290322580645161,0.0161290322580645,0.0161290322580645,0.032258064516129,0.0403225806451612,0.0161290322580645,0.0241935483870967,0.0725806451612903,0.0,0.1451612903225806,0.0483870967741935,0.032258064516129,0.064516129032258,0.0080645161290322,0.0725806451612903,0.3157894736842105,0.2368421052631578,0.1842105263157894,0.2631578947368421,17,23,"RNCMPT00073,min,UUUGUCC,RBD_v3_026735",0
"RNCMPT00028,max,UAGGGUA,RBD_v3_227436",52,1,0.018348623853211,0.018348623853211,0.0412844036697247,0.0779816513761468,0.055045871559633,0.128440366972477,0.0275229357798165,0.0321100917431192,0.0688073394495412,0.055045871559633,0.0275229357798165,0.0825688073394495,0.0458715596330275,0.0412844036697247,0.055045871559633,0.0596330275229357,0.0596330275229357,0.0688073394495412,0.0091743119266055,0.0275229357798165,0.3157894736842105,0.1578947368421052,0.3421052631578947,0.1842105263157894,25,31,"RNCMPT00028,max,UAGGGUA,RBD_v3_227436",0
"RNCMPT00005,min,AGUGAGA,RBD_v3_138028",172,0,0.0763636363636363,0.0109090909090909,0.0436363636363636,0.0618181818181818,0.0509090909090909,0.0436363636363636,0.0181818181818181,0.0509090909090909,0.0654545454545454,0.069090909090909,0.0327272727272727,0.0654545454545454,0.0472727272727272,0.0509090909090909,0.0472727272727272,0.0909090909090909,0.0727272727272727,0.0618181818181818,0.0145454545454545,0.0254545454545454,0.3142857142857143,0.3142857142857143,0.2857142857142857,0.0857142857142857,3,9,"RNCMPT00005,min,AGUGAGA,RBD_v3_138028",1
"RNCMPT00089,max,GAGAAAG,RBD_v3_210476",159,1,0.0543478260869565,0.0108695652173913,0.108695652173913,0.0543478260869565,0.0652173913043478,0.0543478260869565,0.0108695652173913,0.0434782608695652,0.0217391304347826,0.0652173913043478,0.0108695652173913,0.0326086956521739,0.0543478260869565,0.0434782608695652,0.1521739130434782,0.0326086956521739,0.0434782608695652,0.0760869565217391,0.0108695652173913,0.0543478260869565,0.4285714285714285,0.0571428571428571,0.3714285714285714,0.1428571428571428,21,27,"RNCMPT00089,max,GAGAAAG,RBD_v3_210476",0
"RNCMPT00034,max,AGAUAAA,RBD_v3_213884",62,1,0.0601092896174863,0.0,0.0546448087431694,0.1092896174863388,0.0437158469945355,0.0710382513661202,0.0218579234972677,0.0491803278688524,0.1147540983606557,0.1147540983606557,0.0273224043715847,0.0491803278688524,0.0491803278688524,0.0437158469945355,0.0437158469945355,0.0382513661202185,0.0218579234972677,0.0601092896174863,0.0,0.0273224043715847,0.4210526315789473,0.1842105263157894,0.2105263157894736,0.1842105263157894,1,7,"RNCMPT00034,max,AGAUAAA,RBD_v3_213884",1
"RNCMPT00219,min,GAUGGGG,RBD_v3_055042",178,0,0.0954198473282442,0.0229007633587786,0.049618320610687,0.0458015267175572,0.0381679389312977,0.0648854961832061,0.0458015267175572,0.0419847328244274,0.0610687022900763,0.0572519083969465,0.0114503816793893,0.0381679389312977,0.0572519083969465,0.049618320610687,0.0572519083969465,0.1030534351145038,0.0687022900763358,0.0763358778625954,0.0038167938931297,0.0114503816793893,0.3142857142857143,0.1714285714285714,0.3428571428571428,0.1714285714285714,2,8,"RNCMPT00219,min,GAUGGGG,RBD_v3_055042",0
"RNCMPT00259,min,GGGUGGG,RBD_v3_235371",189,0,0.0685483870967741,0.0120967741935483,0.0282258064516129,0.0604838709677419,0.0564516129032258,0.0483870967741935,0.0241935483870967,0.0725806451612903,0.0403225806451612,0.0564516129032258,0.0241935483870967,0.0483870967741935,0.0806451612903225,0.0725806451612903,0.0725806451612903,0.1008064516129032,0.0524193548387096,0.0443548387096774,0.0040322580645161,0.032258064516129,0.1666666666666666,0.2,0.5,0.1333333333333333,21,27,"RNCMPT00259,min,GGGUGGG,RBD_v3_235371",1
"RNCMPT00259,max,UACCAUG,RBD_v3_176587",189,1,0.0685483870967741,0.0120967741935483,0.0282258064516129,0.0604838709677419,0.0564516129032258,0.0483870967741935,0.0241935483870967,0.0725806451612903,0.0403225806451612,0.0564516129032258,0.0241935483870967,0.0483870967741935,0.0806451612903225,0.0725806451612903,0.0725806451612903,0.1008064516129032,0.0524193548387096,0.0443548387096774,0.0040322580645161,0.032258064516129,0.2894736842105263,0.2894736842105263,0.2105263157894736,0.2105263157894736,16,22,"RNCMPT00259,max,UACCAUG,RBD_v3_176587",1
"RNCMPT00029,max,GGUAGGG,RBD_v3_110848",53,1,0.0466101694915254,0.0042372881355932,0.1059322033898305,0.0508474576271186,0.0423728813559322,0.1567796610169491,0.0169491525423728,0.059322033898305,0.0889830508474576,0.0381355932203389,0.0169491525423728,0.0466101694915254,0.0338983050847457,0.0550847457627118,0.0720338983050847,0.0338983050847457,0.0423728813559322,0.0550847457627118,0.0084745762711864,0.0254237288135593,0.3157894736842105,0.1052631578947368,0.3947368421052631,0.1842105263157894,28,34,"RNCMPT00029,max,GGUAGGG,RBD_v3_110848",1
"RNCMPT00028,min,UCGUCUU,RBD_v3_170821",52,0,0.018348623853211,0.018348623853211,0.0412844036697247,0.0779816513761468,0.055045871559633,0.128440366972477,0.0275229357798165,0.0321100917431192,0.0688073394495412,0.055045871559633,0.0275229357798165,0.0825688073394495,0.0458715596330275,0.0412844036697247,0.055045871559633,0.0596330275229357,0.0596330275229357,0.0688073394495412,0.0091743119266055,0.0275229357798165,0.2368421052631578,0.2631578947368421,0.2631578947368421,0.2368421052631578,27,33,"RNCMPT00028,min,UCGUCUU,RBD_v3_170821",0
"RNCMPT00114,max,UGUUUGU,RBD_v3_004498",3,1,0.1349036402569593,0.0149892933618843,0.038543897216274,0.038543897216274,0.0406852248394004,0.0578158458244111,0.0171306209850107,0.0449678800856531,0.0685224839400428,0.0920770877944325,0.025695931477516,0.0513918629550321,0.0578158458244111,0.0728051391862955,0.0171306209850107,0.0792291220556745,0.0706638115631691,0.0578158458244111,0.0042826552462526,0.0149892933618843,0.1538461538461538,0.1538461538461538,0.282051282051282,0.4102564102564102,25,31,"RNCMPT00114,max,UGUUUGU,RBD_v3_004498",1
"RNCMPT00029,min,CCCCCCC,RBD_v3_190041",53,0,0.0466101694915254,0.0042372881355932,0.1059322033898305,0.0508474576271186,0.0423728813559322,0.1567796610169491,0.0169491525423728,0.059322033898305,0.0889830508474576,0.0381355932203389,0.0169491525423728,0.0466101694915254,0.0338983050847457,0.0550847457627118,0.0720338983050847,0.0338983050847457,0.0423728813559322,0.0550847457627118,0.0084745762711864,0.0254237288135593,0.2,0.3714285714285714,0.1714285714285714,0.2571428571428571,19,25,"RNCMPT00029,min,CCCCCCC,RBD_v3_190041",1
"RNCMPT00089,min,UCUACUU,RBD_v3_023678",159,0,0.0543478260869565,0.0108695652173913,0.108695652173913,0.0543478260869565,0.0652173913043478,0.0543478260869565,0.0108695652173913,0.0434782608695652,0.0217391304347826,0.0652173913043478,0.0108695652173913,0.0326086956521739,0.0543478260869565,0.0434782608695652,0.1521739130434782,0.0326086956521739,0.0434782608695652,0.0760869565217391,0.0108695652173913,0.0543478260869565,0.2368421052631578,0.3157894736842105,0.2368421052631578,0.2105263157894736,17,23,"RNCMPT00089,min,UCUACUU,RBD_v3_023678",1
"RNCMPT00228,max,UUUUUUU,RBD_v3_234488",109,1,0.0854922279792746,0.0207253886010362,0.0414507772020725,0.0492227979274611,0.0336787564766839,0.1036269430051813,0.0259067357512953,0.0284974093264248,0.0336787564766839,0.0803108808290155,0.0181347150259067,0.0518134715025906,0.0569948186528497,0.0595854922279792,0.0466321243523316,0.0906735751295336,0.0492227979274611,0.0725388601036269,0.0155440414507772,0.0362694300518134,0.1333333333333333,0.1333333333333333,0.2666666666666666,0.4666666666666667,20,26,"RNCMPT00228,max,UUUUUUU,RBD_v3_234488",1
"RNCMPT00220,max,CCUUUCU,RBD_v3_138430",179,1,0.0492424242424242,0.0037878787878787,0.0303030303030303,0.0416666666666666,0.034090909090909,0.0568181818181818,0.0189393939393939,0.0681818181818181,0.034090909090909,0.053030303030303,0.0378787878787878,0.0795454545454545,0.0681818181818181,0.1325757575757575,0.0568181818181818,0.0568181818181818,0.0643939393939393,0.0871212121212121,0.0,0.0265151515151515,0.2,0.3,0.2666666666666666,0.2333333333333333,6,12,"RNCMPT00220,max,CCUUUCU,RBD_v3_138430",1
"RNCMPT00162,max,GGAGGAG,RBD_v3_065928",64,1,0.1004784688995215,0.0430622009569378,0.0287081339712918,0.0909090909090909,0.0526315789473684,0.1004784688995215,0.0382775119617224,0.0239234449760765,0.0813397129186602,0.0574162679425837,0.0287081339712918,0.0191387559808612,0.0717703349282296,0.0526315789473684,0.0526315789473684,0.0717703349282296,0.0239234449760765,0.0478468899521531,0.0047846889952153,0.0095693779904306,0.3157894736842105,0.131578947368421,0.3947368421052631,0.1578947368421052,17,23,"RNCMPT00162,max,GGAGGAG,RBD_v3_065928",0
"RNCMPT00085,max,GCAGCGA,RBD_v3_099728",196,1,0.1013824884792626,0.0276497695852534,0.0437788018433179,0.0599078341013824,0.0299539170506912,0.1013824884792626,0.0276497695852534,0.0276497695852534,0.0391705069124423,0.0691244239631336,0.0230414746543778,0.032258064516129,0.1059907834101382,0.0414746543778801,0.0668202764976958,0.0714285714285714,0.0576036866359447,0.0552995391705069,0.0,0.0184331797235023,0.3142857142857143,0.2857142857142857,0.3142857142857143,0.0857142857142857,12,18,"RNCMPT00085,max,GCAGCGA,RBD_v3_099728",1
"RNCMPT00013,max,UAGGAUA,RBD_v3_171852",26,1,0.0661375661375661,0.0132275132275132,0.0449735449735449,0.037037037037037,0.0555555555555555,0.1243386243386243,0.0132275132275132,0.0264550264550264,0.0476190476190476,0.0264550264550264,0.0238095238095238,0.0291005291005291,0.1666666666666666,0.0608465608465608,0.0423280423280423,0.0634920634920634,0.0449735449735449,0.0634920634920634,0.0158730158730158,0.0343915343915343,0.3142857142857143,0.1428571428571428,0.2571428571428571,0.2857142857142857,21,27,"RNCMPT00013,max,UAGGAUA,RBD_v3_171852",0
"RNCMPT00236,min,GAGAAAG,RBD_v3_021458",186,0,0.0709677419354838,0.0064516129032258,0.0516129032258064,0.0612903225806451,0.0451612903225806,0.064516129032258,0.0096774193548387,0.0838709677419354,0.064516129032258,0.0612903225806451,0.0258064516129032,0.1,0.032258064516129,0.0225806451612903,0.0548387096774193,0.0806451612903225,0.0483870967741935,0.0580645161290322,0.0161290322580645,0.0419354838709677,0.3142857142857143,0.1428571428571428,0.2857142857142857,0.2571428571428571,2,8,"RNCMPT00236,min,GAGAAAG,RBD_v3_021458",1
"RNCMPT00103,max,AUGUACA,RBD_v3_164722",106,1,0.0562130177514792,0.0236686390532544,0.0414201183431952,0.0710059171597633,0.0355029585798816,0.0502958579881656,0.0502958579881656,0.0621301775147929,0.0710059171597633,0.0917159763313609,0.029585798816568,0.044378698224852,0.0236686390532544,0.0917159763313609,0.044378698224852,0.0414201183431952,0.0473372781065088,0.0828402366863905,0.0,0.0414201183431952,0.3421052631578947,0.2105263157894736,0.2894736842105263,0.1578947368421052,13,19,"RNCMPT00103,max,AUGUACA,RBD_v3_164722",0
"RNCMPT00134,max,GGAGGGA,RBD_v3_118539",8,1,0.0373443983402489,0.0,0.0663900414937759,0.0705394190871369,0.0207468879668049,0.1327800829875518,0.0124481327800829,0.0207468879668049,0.0456431535269709,0.0580912863070539,0.0124481327800829,0.0373443983402489,0.0165975103734439,0.0124481327800829,0.1825726141078838,0.1286307053941908,0.0248962655601659,0.0622406639004149,0.0041493775933609,0.0539419087136929,0.2368421052631578,0.1578947368421052,0.4210526315789473,0.1842105263157894,15,21,"RNCMPT00134,max,GGAGGGA,RBD_v3_118539",0
"RNCMPT00114,min,AGAGUCG,RBD_v3_101854",3,0,0.1349036402569593,0.0149892933618843,0.038543897216274,0.038543897216274,0.0406852248394004,0.0578158458244111,0.0171306209850107,0.0449678800856531,0.0685224839400428,0.0920770877944325,0.025695931477516,0.0513918629550321,0.0578158458244111,0.0728051391862955,0.0171306209850107,0.0792291220556745,0.0706638115631691,0.0578158458244111,0.0042826552462526,0.0149892933618843,0.3421052631578947,0.2105263157894736,0.2894736842105263,0.1578947368421052,7,13,"RNCMPT00114,min,AGAGUCG,RBD_v3_101854",1
"RNCMPT00150,min,UUUUUCC,RBD_v3_212050",30,0,0.0895140664961636,0.0230179028132992,0.0358056265984654,0.0639386189258312,0.0409207161125319,0.0895140664961636,0.0230179028132992,0.0332480818414322,0.0409207161125319,0.1099744245524296,0.0230179028132992,0.0127877237851662,0.0741687979539642,0.0409207161125319,0.0792838874680307,0.0537084398976982,0.0613810741687979,0.0792838874680307,0.0051150895140664,0.0204603580562659,0.2368421052631578,0.2368421052631578,0.131578947368421,0.3947368421052631,13,19,"RNCMPT00150,min,UUUUUCC,RBD_v3_212050",1
"RNCMPT00041,max,UAGGUAG,RBD_v3_152603",77,1,0.0521739130434782,0.017391304347826,0.0608695652173913,0.0652173913043478,0.0739130434782608,0.0913043478260869,0.0217391304347826,0.0304347826086956,0.0739130434782608,0.0478260869565217,0.0565217391304347,0.017391304347826,0.0565217391304347,0.0478260869565217,0.0608695652173913,0.0521739130434782,0.0695652173913043,0.0782608695652174,0.0043478260869565,0.0217391304347826,0.3142857142857143,0.1714285714285714,0.2857142857142857,0.2285714285714285,5,11,"RNCMPT00041,max,UAGGUAG,RBD_v3_152603",0
"RNCMPT00131,max,AGAAAUU,RBD_v3_228533",15,1,0.0530973451327433,0.0176991150442477,0.0648967551622418,0.0855457227138643,0.0324483775811209,0.0766961651917404,0.0147492625368731,0.0678466076696165,0.1002949852507374,0.0707964601769911,0.0324483775811209,0.0442477876106194,0.0619469026548672,0.0265486725663716,0.0589970501474926,0.0442477876106194,0.0442477876106194,0.0619469026548672,0.0117994100294985,0.0294985250737463,0.2894736842105263,0.2894736842105263,0.1578947368421052,0.2631578947368421,1,7,"RNCMPT00131,max,AGAAAUU,RBD_v3_228533",1
"RNCMPT00037,min,AGGGGGG,RBD_v3_040386",71,0,0.0553359683794466,0.0079051383399209,0.0553359683794466,0.0513833992094861,0.0316205533596837,0.0790513833992094,0.0316205533596837,0.0474308300395256,0.1146245059288537,0.0948616600790513,0.0316205533596837,0.0395256916996047,0.0513833992094861,0.0474308300395256,0.0632411067193675,0.0632411067193675,0.0316205533596837,0.0632411067193675,0.0039525691699604,0.0355731225296442,0.2857142857142857,0.2,0.4285714285714285,0.0857142857142857,5,11,"RNCMPT00037,min,AGGGGGG,RBD_v3_040386",0
"RNCMPT00028,max,UAGGAUA,RBD_v3_203452",52,1,0.018348623853211,0.018348623853211,0.0412844036697247,0.0779816513761468,0.055045871559633,0.128440366972477,0.0275229357798165,0.0321100917431192,0.0688073394495412,0.055045871559633,0.0275229357798165,0.0825688073394495,0.0458715596330275,0.0412844036697247,0.055045871559633,0.0596330275229357,0.0596330275229357,0.0688073394495412,0.0091743119266055,0.0275229357798165,0.3157894736842105,0.1052631578947368,0.3947368421052631,0.1842105263157894,13,19,"RNCMPT00028,max,UAGGAUA,RBD_v3_203452",1
"RNCMPT00023,max,UAGGGAA,RBD_v3_062154",41,1,0.0442477876106194,0.0088495575221238,0.0663716814159292,0.0752212389380531,0.0619469026548672,0.1283185840707964,0.0353982300884955,0.0353982300884955,0.0752212389380531,0.0353982300884955,0.0221238938053097,0.0309734513274336,0.0309734513274336,0.0309734513274336,0.084070796460177,0.0752212389380531,0.0619469026548672,0.0752212389380531,0.0044247787610619,0.0176991150442477,0.3428571428571428,0.1142857142857142,0.3428571428571428,0.2,9,15,"RNCMPT00023,max,UAGGGAA,RBD_v3_062154",1
"RNCMPT00205,min,AGACCCU,RBD_v3_063406",138,0,0.0924369747899159,0.0126050420168067,0.088235294117647,0.1260504201680672,0.0504201680672268,0.1176470588235294,0.0084033613445378,0.0588235294117647,0.0714285714285714,0.0294117647058823,0.0084033613445378,0.0462184873949579,0.0210084033613445,0.0168067226890756,0.0756302521008403,0.0546218487394958,0.0588235294117647,0.042016806722689,0.0042016806722689,0.0168067226890756,0.2894736842105263,0.3157894736842105,0.1842105263157894,0.2105263157894736,1,7,"RNCMPT00205,min,AGACCCU,RBD_v3_063406",1
"RNCMPT00039,max,UAAUAUU,RBD_v3_034143",74,1,0.079059829059829,0.0149572649572649,0.047008547008547,0.0448717948717948,0.0256410256410256,0.0619658119658119,0.0384615384615384,0.0256410256410256,0.0363247863247863,0.047008547008547,0.0555555555555555,0.0512820512820512,0.1025641025641025,0.0961538461538461,0.0641025641025641,0.0641025641025641,0.0555555555555555,0.0363247863247863,0.0021367521367521,0.0512820512820512,0.3684210526315789,0.1578947368421052,0.2368421052631578,0.2368421052631578,5,11,"RNCMPT00039,max,UAAUAUU,RBD_v3_034143",1
"RNCMPT00230,min,CCUUUUC,RBD_v3_095164",180,0,0.0978520286396181,0.0095465393794749,0.0525059665871121,0.0787589498806682,0.0405727923627685,0.0859188544152744,0.0190930787589498,0.0381861575178997,0.0739856801909307,0.0835322195704057,0.0190930787589498,0.0405727923627685,0.0620525059665871,0.0238663484486873,0.0525059665871121,0.0668257756563245,0.0381861575178997,0.0930787589498806,0.0023866348448687,0.0214797136038186,0.2,0.3666666666666666,0.2666666666666666,0.1666666666666666,12,18,"RNCMPT00230,min,CCUUUUC,RBD_v3_095164",1
"RNCMPT00032,min,GUGAGUC,RBD_v3_178007",57,0,0.0707692307692307,0.0092307692307692,0.0492307692307692,0.0461538461538461,0.0553846153846153,0.0892307692307692,0.0246153846153846,0.0584615384615384,0.0523076923076923,0.0676923076923076,0.0307692307692307,0.0707692307692307,0.0369230769230769,0.0369230769230769,0.0615384615384615,0.0861538461538461,0.0492307692307692,0.0676923076923076,0.0061538461538461,0.0307692307692307,0.2631578947368421,0.1578947368421052,0.3684210526315789,0.2105263157894736,25,31,"RNCMPT00032,min,GUGAGUC,RBD_v3_178007",1
"RNCMPT00007,min,UCGUCGU,RBD_v3_019417",17,0,0.1280487804878048,0.0121951219512195,0.0365853658536585,0.0548780487804878,0.0121951219512195,0.073170731707317,0.0121951219512195,0.073170731707317,0.0609756097560975,0.0548780487804878,0.024390243902439,0.0548780487804878,0.073170731707317,0.0426829268292682,0.0670731707317073,0.0914634146341463,0.048780487804878,0.0670731707317073,0.0,0.0121951219512195,0.1842105263157894,0.3157894736842105,0.2368421052631578,0.2631578947368421,19,25,"RNCMPT00007,min,UCGUCGU,RBD_v3_019417",1
"RNCMPT00121,min,GAGUCGU,RBD_v3_138567",28,0,0.1096605744125326,0.0052219321148825,0.031331592689295,0.0365535248041775,0.0391644908616188,0.0861618798955613,0.0026109660574412,0.0574412532637075,0.0469973890339425,0.0704960835509138,0.0234986945169712,0.0678851174934725,0.0652741514360313,0.0809399477806788,0.0391644908616188,0.0678851174934725,0.0704960835509138,0.0704960835509138,0.0026109660574412,0.0261096605744125,0.2571428571428571,0.2571428571428571,0.2857142857142857,0.2,5,11,"RNCMPT00121,min,GAGUCGU,RBD_v3_138567",1
"RNCMPT00019,max,AGAGAAC,RBD_v3_140658",159,1,0.0543478260869565,0.0108695652173913,0.108695652173913,0.0543478260869565,0.0652173913043478,0.0543478260869565,0.0108695652173913,0.0434782608695652,0.0217391304347826,0.0652173913043478,0.0108695652173913,0.0326086956521739,0.0543478260869565,0.0434782608695652,0.1521739130434782,0.0326086956521739,0.0434782608695652,0.0760869565217391,0.0108695652173913,0.0543478260869565,0.3714285714285714,0.2571428571428571,0.2285714285714285,0.1428571428571428,1,7,"RNCMPT00019,max,AGAGAAC,RBD_v3_140658",1
"RNCMPT00007,max,UCAACGA,RBD_v3_194234",17,1,0.1280487804878048,0.0121951219512195,0.0365853658536585,0.0548780487804878,0.0121951219512195,0.073170731707317,0.0121951219512195,0.073170731707317,0.0609756097560975,0.0548780487804878,0.024390243902439,0.0548780487804878,0.073170731707317,0.0426829268292682,0.0670731707317073,0.0914634146341463,0.048780487804878,0.0670731707317073,0.0,0.0121951219512195,0.3157894736842105,0.2105263157894736,0.3157894736842105,0.1578947368421052,18,24,"RNCMPT00007,max,UCAACGA,RBD_v3_194234",1
"RNCMPT00100,max,AGUAGGA,RBD_v3_116665",76,1,0.0736434108527131,0.0116279069767441,0.0387596899224806,0.0503875968992248,0.0503875968992248,0.1085271317829457,0.0193798449612403,0.0348837209302325,0.0930232558139534,0.0620155038759689,0.0271317829457364,0.0426356589147286,0.0581395348837209,0.0581395348837209,0.0387596899224806,0.065891472868217,0.0736434108527131,0.0813953488372093,0.003875968992248,0.0077519379844961,0.2894736842105263,0.1842105263157894,0.3684210526315789,0.1578947368421052,3,9,"RNCMPT00100,max,AGUAGGA,RBD_v3_116665",1
"RNCMPT00168,max,UGCAUGC,RBD_v3_176762",116,1,0.0828402366863905,0.0059171597633136,0.0532544378698224,0.0650887573964497,0.0532544378698224,0.0769230769230769,0.0177514792899408,0.029585798816568,0.0532544378698224,0.0414201183431952,0.0118343195266272,0.0710059171597633,0.059171597633136,0.0710059171597633,0.0532544378698224,0.059171597633136,0.0946745562130177,0.0769230769230769,0.0059171597633136,0.0177514792899408,0.3157894736842105,0.2105263157894736,0.2368421052631578,0.2368421052631578,18,24,"RNCMPT00168,max,UGCAUGC,RBD_v3_176762",1
"RNCMPT00239,max,AACCCUU,RBD_v3_164995",94,1,0.0870786516853932,0.0252808988764044,0.0308988764044943,0.0561797752808988,0.0112359550561797,0.1011235955056179,0.0196629213483146,0.095505617977528,0.0393258426966292,0.0674157303370786,0.0337078651685393,0.0393258426966292,0.0533707865168539,0.0561797752808988,0.0449438202247191,0.098314606741573,0.0702247191011236,0.0533707865168539,0.0028089887640449,0.0140449438202247,0.3157894736842105,0.3421052631578947,0.131578947368421,0.2105263157894736,19,25,"RNCMPT00239,max,AACCCUU,RBD_v3_164995",1
"RNCMPT00280,max,AUGAUUA,RBD_v3_206741",145,1,0.0823529411764705,0.0205882352941176,0.0470588235294117,0.0970588235294117,0.038235294117647,0.0823529411764705,0.0117647058823529,0.0558823529411764,0.0676470588235294,0.0529411764705882,0.038235294117647,0.0352941176470588,0.0558823529411764,0.0294117647058823,0.0676470588235294,0.0352941176470588,0.0441176470588235,0.0823529411764705,0.0088235294117647,0.0470588235294117,0.4473684210526316,0.2105263157894736,0.2105263157894736,0.131578947368421,21,27,"RNCMPT00280,max,AUGAUUA,RBD_v3_206741",0
"RNCMPT00083,min,UUUUUUU,RBD_v3_240329",194,0,0.0895061728395061,0.0,0.0401234567901234,0.0833333333333333,0.0216049382716049,0.1203703703703703,0.0061728395061728,0.0092592592592592,0.0493827160493827,0.0123456790123456,0.0123456790123456,0.0648148148148148,0.1080246913580246,0.074074074074074,0.1203703703703703,0.0462962962962962,0.0401234567901234,0.0493827160493827,0.0030864197530864,0.0493827160493827,0.1052631578947368,0.1842105263157894,0.2105263157894736,0.5,7,13,"RNCMPT00083,min,UUUUUUU,RBD_v3_240329",1
"RNCMPT00081,max,UGUUGUG,RBD_v3_177863",192,1,0.1556420233463035,0.0116731517509727,0.0428015564202334,0.0330739299610894,0.0350194552529182,0.0505836575875486,0.036964980544747,0.0252918287937743,0.046692607003891,0.0856031128404669,0.0408560311284046,0.0350194552529182,0.0408560311284046,0.1322957198443579,0.0350194552529182,0.0700389105058365,0.0447470817120622,0.0505836575875486,0.0,0.0272373540856031,0.2894736842105263,0.1052631578947368,0.3157894736842105,0.2894736842105263,10,16,"RNCMPT00081,max,UGUUGUG,RBD_v3_177863",1
"RNCMPT00158,min,GAGUCGU,RBD_v3_188393",24,0,0.0647482014388489,0.039568345323741,0.0827338129496402,0.0539568345323741,0.0575539568345323,0.0899280575539568,0.0179856115107913,0.0503597122302158,0.0467625899280575,0.0755395683453237,0.014388489208633,0.014388489208633,0.0719424460431654,0.0503597122302158,0.0647482014388489,0.0683453237410072,0.0179856115107913,0.0647482014388489,0.0107913669064748,0.0431654676258992,0.2857142857142857,0.2571428571428571,0.2857142857142857,0.1714285714285714,24,30,"RNCMPT00158,min,GAGUCGU,RBD_v3_188393",0
"RNCMPT00005,max,UUUUUUC,RBD_v3_008256",172,1,0.0763636363636363,0.0109090909090909,0.0436363636363636,0.0618181818181818,0.0509090909090909,0.0436363636363636,0.0181818181818181,0.0509090909090909,0.0654545454545454,0.069090909090909,0.0327272727272727,0.0654545454545454,0.0472727272727272,0.0509090909090909,0.0472727272727272,0.0909090909090909,0.0727272727272727,0.0618181818181818,0.0145454545454545,0.0254545454545454,0.2631578947368421,0.2368421052631578,0.1842105263157894,0.3157894736842105,13,19,"RNCMPT00005,max,UUUUUUC,RBD_v3_008256",0
"RNCMPT00170,min,GGGGGGA,RBD_v3_093036",128,0,0.0435967302452316,0.0163487738419618,0.0653950953678474,0.0871934604904632,0.0272479564032697,0.0762942779291553,0.0217983651226158,0.0408719346049046,0.0653950953678474,0.0681198910081744,0.0217983651226158,0.0354223433242506,0.0708446866485013,0.0490463215258855,0.0953678474114441,0.0653950953678474,0.0517711171662125,0.0463215258855585,0.0081743869209809,0.0435967302452316,0.3157894736842105,0.131578947368421,0.3157894736842105,0.2368421052631578,2,8,"RNCMPT00170,min,GGGGGGA,RBD_v3_093036",1
"RNCMPT00205,min,AGACCCU,RBD_v3_215163",138,0,0.0924369747899159,0.0126050420168067,0.088235294117647,0.1260504201680672,0.0504201680672268,0.1176470588235294,0.0084033613445378,0.0588235294117647,0.0714285714285714,0.0294117647058823,0.0084033613445378,0.0462184873949579,0.0210084033613445,0.0168067226890756,0.0756302521008403,0.0546218487394958,0.0588235294117647,0.042016806722689,0.0042016806722689,0.0168067226890756,0.3684210526315789,0.2368421052631578,0.1578947368421052,0.2368421052631578,1,7,"RNCMPT00205,min,AGACCCU,RBD_v3_215163",1
"RNCMPT00012,max,UUUUUUU,RBD_v3_159452",23,1,0.0622710622710622,0.0366300366300366,0.0879120879120879,0.0512820512820512,0.0586080586080586,0.0805860805860805,0.0146520146520146,0.0512820512820512,0.0476190476190476,0.0842490842490842,0.0183150183150183,0.0219780219780219,0.0695970695970696,0.0476190476190476,0.0549450549450549,0.0695970695970696,0.0219780219780219,0.0732600732600732,0.0073260073260073,0.0402930402930402,0.2105263157894736,0.1842105263157894,0.2368421052631578,0.3684210526315789,31,37,"RNCMPT00012,max,UUUUUUU,RBD_v3_159452",1
"RNCMPT00157,min,UGUUUUU,RBD_v3_030672",92,0,0.0705882352941176,0.0117647058823529,0.0352941176470588,0.1,0.0470588235294117,0.0764705882352941,0.0176470588235294,0.0470588235294117,0.0529411764705882,0.0411764705882352,0.0294117647058823,0.0529411764705882,0.0529411764705882,0.0176470588235294,0.1117647058823529,0.088235294117647,0.0470588235294117,0.0588235294117647,0.0,0.0411764705882352,0.1714285714285714,0.2571428571428571,0.2285714285714285,0.3428571428571428,13,19,"RNCMPT00157,min,UGUUUUU,RBD_v3_030672",1
"RNCMPT00238,min,AGACCCU,RBD_v3_051760",79,0,0.0753424657534246,0.002283105022831,0.0547945205479452,0.0433789954337899,0.0547945205479452,0.2100456621004566,0.0159817351598173,0.0319634703196347,0.0182648401826484,0.045662100456621,0.0251141552511415,0.047945205479452,0.0639269406392694,0.0547945205479452,0.0776255707762557,0.0410958904109589,0.0388127853881278,0.0547945205479452,0.0091324200913242,0.0342465753424657,0.3,0.3,0.2,0.2,1,7,"RNCMPT00238,min,AGACCCU,RBD_v3_051760",0
"RNCMPT00064,max,AGAAAAC,RBD_v3_075295",147,1,0.0711610486891385,0.0224719101123595,0.0411985018726591,0.0861423220973782,0.0374531835205992,0.0599250936329588,0.0112359550561797,0.0337078651685393,0.1048689138576779,0.0749063670411985,0.0299625468164794,0.0299625468164794,0.0786516853932584,0.0411985018726591,0.0599250936329588,0.0749063670411985,0.0411985018726591,0.0749063670411985,0.0,0.0262172284644194,0.4,0.2571428571428571,0.2571428571428571,0.0857142857142857,1,7,"RNCMPT00064,max,AGAAAAC,RBD_v3_075295",1
"RNCMPT00087,min,CACCCCC,RBD_v3_143118",198,0,0.0681818181818181,0.0303030303030303,0.053030303030303,0.0378787878787878,0.053030303030303,0.0681818181818181,0.0075757575757575,0.0606060606060606,0.1136363636363636,0.0681818181818181,0.0227272727272727,0.0681818181818181,0.0378787878787878,0.0151515151515151,0.0681818181818181,0.0909090909090909,0.0378787878787878,0.053030303030303,0.0,0.0454545454545454,0.2368421052631578,0.3684210526315789,0.2105263157894736,0.1842105263157894,21,27,"RNCMPT00087,min,CACCCCC,RBD_v3_143118",1
"RNCMPT00152,max,AUAUAGC,RBD_v3_121401",130,1,0.073170731707317,0.016260162601626,0.040650406504065,0.040650406504065,0.0284552845528455,0.073170731707317,0.016260162601626,0.0365853658536585,0.0772357723577235,0.0772357723577235,0.024390243902439,0.0528455284552845,0.08130081300813,0.065040650406504,0.0365853658536585,0.0975609756097561,0.0691056910569105,0.0447154471544715,0.008130081300813,0.040650406504065,0.3684210526315789,0.2105263157894736,0.2894736842105263,0.131578947368421,29,35,"RNCMPT00152,max,AUAUAGC,RBD_v3_121401",0
"RNCMPT00253,min,GGUGUUU,RBD_v3_206245",183,0,0.0896226415094339,0.0165094339622641,0.0636792452830188,0.0566037735849056,0.0518867924528301,0.070754716981132,0.0188679245283018,0.0518867924528301,0.070754716981132,0.0778301886792452,0.035377358490566,0.0589622641509434,0.0377358490566037,0.0518867924528301,0.070754716981132,0.0518867924528301,0.025943396226415,0.0660377358490566,0.0023584905660377,0.0306603773584905,0.1,0.2,0.4,0.3,8,14,"RNCMPT00253,min,GGUGUUU,RBD_v3_206245",1
"RNCMPT00067,max,GGGGAGC,RBD_v3_176195",162,1,0.0316742081447963,0.0090497737556561,0.085972850678733,0.0723981900452488,0.0407239819004524,0.1266968325791855,0.0180995475113122,0.0226244343891402,0.0361990950226244,0.0542986425339366,0.0180995475113122,0.0180995475113122,0.0633484162895927,0.0180995475113122,0.1357466063348416,0.0769230769230769,0.0271493212669683,0.0542986425339366,0.0135746606334841,0.0769230769230769,0.2631578947368421,0.1842105263157894,0.3421052631578947,0.2105263157894736,2,8,"RNCMPT00067,max,GGGGAGC,RBD_v3_176195",1
"RNCMPT00131,min,AGUGAGU,RBD_v3_130588",15,0,0.0530973451327433,0.0176991150442477,0.0648967551622418,0.0855457227138643,0.0324483775811209,0.0766961651917404,0.0147492625368731,0.0678466076696165,0.1002949852507374,0.0707964601769911,0.0324483775811209,0.0442477876106194,0.0619469026548672,0.0265486725663716,0.0589970501474926,0.0442477876106194,0.0442477876106194,0.0619469026548672,0.0117994100294985,0.0294985250737463,0.4210526315789473,0.1052631578947368,0.2894736842105263,0.1842105263157894,27,33,"RNCMPT00131,min,AGUGAGU,RBD_v3_130588",1
"RNCMPT00126,min,AGAGUCG,RBD_v3_117215",84,0,0.0732600732600732,0.0329670329670329,0.0842490842490842,0.0402930402930402,0.0512820512820512,0.0842490842490842,0.0183150183150183,0.0476190476190476,0.0549450549450549,0.0732600732600732,0.0183150183150183,0.0219780219780219,0.0732600732600732,0.0439560439560439,0.0512820512820512,0.0732600732600732,0.0329670329670329,0.0732600732600732,0.0073260073260073,0.0439560439560439,0.3,0.2666666666666666,0.2666666666666666,0.1666666666666666,1,7,"RNCMPT00126,min,AGAGUCG,RBD_v3_117215",1
"RNCMPT00255,max,AAAACAA,RBD_v3_179146",68,1,0.0855745721271393,0.0097799511002444,0.0586797066014669,0.0782396088019559,0.0488997555012225,0.0782396088019559,0.0073349633251833,0.0268948655256723,0.0635696821515892,0.0709046454767726,0.0317848410757946,0.0342298288508557,0.0415647921760391,0.0586797066014669,0.0904645476772616,0.0684596577017114,0.0342298288508557,0.0733496332518337,0.0024449877750611,0.0366748166259168,0.3421052631578947,0.2368421052631578,0.2368421052631578,0.1842105263157894,6,12,"RNCMPT00255,max,AAAACAA,RBD_v3_179146",1
"RNCMPT00079,max,UUUUUUC,RBD_v3_138040",190,1,0.0666666666666666,0.016,0.0586666666666666,0.0506666666666666,0.0453333333333333,0.08,0.0133333333333333,0.0426666666666666,0.0453333333333333,0.0853333333333333,0.04,0.04,0.0746666666666666,0.0613333333333333,0.0373333333333333,0.0506666666666666,0.0613333333333333,0.0986666666666666,0.0026666666666666,0.0293333333333333,0.1578947368421052,0.1842105263157894,0.1842105263157894,0.4736842105263157,29,35,"RNCMPT00079,max,UUUUUUC,RBD_v3_138040",0
"RNCMPT00046,max,AUGUACA,RBD_v3_021558",106,1,0.0997442455242966,0.0204603580562659,0.0358056265984654,0.0613810741687979,0.0306905370843989,0.0639386189258312,0.0434782608695652,0.0588235294117647,0.0639386189258312,0.0792838874680307,0.0255754475703324,0.0434782608695652,0.0306905370843989,0.0843989769820971,0.0409207161125319,0.0434782608695652,0.0511508951406649,0.0869565217391304,0.0,0.0358056265984654,0.3421052631578947,0.2368421052631578,0.2105263157894736,0.2105263157894736,23,29,"RNCMPT00046,max,AUGUACA,RBD_v3_021558",1
"RNCMPT00013,min,CUCAUCC,RBD_v3_095596",26,0,0.0661375661375661,0.0132275132275132,0.0449735449735449,0.037037037037037,0.0555555555555555,0.1243386243386243,0.0132275132275132,0.0264550264550264,0.0476190476190476,0.0264550264550264,0.0238095238095238,0.0291005291005291,0.1666666666666666,0.0608465608465608,0.0423280423280423,0.0634920634920634,0.0449735449735449,0.0634920634920634,0.0158730158730158,0.0343915343915343,0.2368421052631578,0.3421052631578947,0.1842105263157894,0.2368421052631578,4,10,"RNCMPT00013,min,CUCAUCC,RBD_v3_095596",1
"RNCMPT00162,min,CGCCGCC,RBD_v3_049594",64,0,0.1004784688995215,0.0430622009569378,0.0287081339712918,0.0909090909090909,0.0526315789473684,0.1004784688995215,0.0382775119617224,0.0239234449760765,0.0813397129186602,0.0574162679425837,0.0287081339712918,0.0191387559808612,0.0717703349282296,0.0526315789473684,0.0526315789473684,0.0717703349282296,0.0239234449760765,0.0478468899521531,0.0047846889952153,0.0095693779904306,0.2666666666666666,0.2333333333333333,0.3333333333333333,0.1666666666666666,17,23,"RNCMPT00162,min,CGCCGCC,RBD_v3_049594",1
"RNCMPT00040,min,CCCCCCC,RBD_v3_181436",76,0,0.08,0.02,0.04,0.09,0.07,0.05,0.03,0.03,0.12,0.01,0.02,0.04,0.05,0.07,0.05,0.03,0.08,0.11,0.0,0.01,0.2857142857142857,0.4,0.1142857142857142,0.2,25,31,"RNCMPT00040,min,CCCCCCC,RBD_v3_181436",0
"RNCMPT00077,max,UUUUUUG,RBD_v3_225797",170,1,0.0693333333333333,0.016,0.0346666666666666,0.0453333333333333,0.0426666666666666,0.0986666666666666,0.0213333333333333,0.0426666666666666,0.0506666666666666,0.0346666666666666,0.04,0.0613333333333333,0.0613333333333333,0.088,0.032,0.0666666666666666,0.0586666666666666,0.064,0.0266666666666666,0.0453333333333333,0.2105263157894736,0.1578947368421052,0.2368421052631578,0.3947368421052631,26,32,"RNCMPT00077,max,UUUUUUG,RBD_v3_225797",1
"RNCMPT00069,max,ACACACA,RBD_v3_023851",152,1,0.073394495412844,0.0160550458715596,0.0435779816513761,0.0504587155963302,0.0504587155963302,0.0665137614678899,0.0298165137614678,0.0619266055045871,0.0688073394495412,0.0756880733944954,0.0275229357798165,0.0756880733944954,0.0779816513761468,0.0412844036697247,0.0344036697247706,0.055045871559633,0.0619266055045871,0.0596330275229357,0.0068807339449541,0.0229357798165137,0.3684210526315789,0.3157894736842105,0.1578947368421052,0.1578947368421052,3,9,"RNCMPT00069,max,ACACACA,RBD_v3_023851",0
"RNCMPT00107,max,GGAUGGA,RBD_v3_043691",158,1,0.0495049504950495,0.0099009900990099,0.099009900990099,0.0544554455445544,0.0346534653465346,0.1633663366336633,0.0099009900990099,0.0346534653465346,0.0396039603960396,0.0297029702970297,0.0148514851485148,0.0297029702970297,0.0693069306930693,0.0049504950495049,0.1237623762376237,0.0495049504950495,0.0297029702970297,0.0841584158415841,0.0049504950495049,0.0643564356435643,0.2631578947368421,0.2368421052631578,0.3421052631578947,0.1578947368421052,23,29,"RNCMPT00107,max,GGAUGGA,RBD_v3_043691",1
"RNCMPT00031,max,UAUGUAG,RBD_v3_077175",56,1,0.0360824742268041,0.0103092783505154,0.0979381443298969,0.0670103092783505,0.0670103092783505,0.0927835051546391,0.0103092783505154,0.0618556701030927,0.1030927835051546,0.0412371134020618,0.0206185567010309,0.0360824742268041,0.0360824742268041,0.0515463917525773,0.0618556701030927,0.0618556701030927,0.0618556701030927,0.056701030927835,0.0103092783505154,0.0154639175257731,0.3421052631578947,0.2105263157894736,0.1842105263157894,0.2631578947368421,15,21,"RNCMPT00031,max,UAUGUAG,RBD_v3_077175",0
"RNCMPT00004,max,GUGUUUG,RBD_v3_157511",10,1,0.133056133056133,0.0124740124740124,0.0353430353430353,0.0395010395010395,0.0478170478170478,0.0935550935550935,0.0187110187110187,0.0395010395010395,0.0415800415800415,0.0706860706860706,0.0498960498960499,0.0457380457380457,0.0914760914760914,0.0852390852390852,0.0353430353430353,0.0665280665280665,0.0374220374220374,0.0291060291060291,0.0,0.027027027027027,0.2571428571428571,0.1428571428571428,0.2571428571428571,0.3428571428571428,5,11,"RNCMPT00004,max,GUGUUUG,RBD_v3_157511",1
"RNCMPT00251,max,AUUCACA,RBD_v3_237707",181,1,0.1028446389496717,0.0306345733041575,0.0547045951859956,0.0481400437636761,0.0525164113785558,0.0678336980306345,0.024070021881838,0.0437636761487965,0.0306345733041575,0.0919037199124726,0.0284463894967177,0.0328227571115973,0.0459518599562363,0.037199124726477,0.0634573304157549,0.0853391684901531,0.0547045951859956,0.0787746170678337,0.0065645514223194,0.0196936542669584,0.3157894736842105,0.3684210526315789,0.1578947368421052,0.1578947368421052,21,27,"RNCMPT00251,max,AUUCACA,RBD_v3_237707",1
"RNCMPT00181,min,CCCCCCC,RBD_v3_228785",73,0,0.157051282051282,0.0128205128205128,0.0352564102564102,0.0352564102564102,0.0448717948717948,0.0512820512820512,0.0224358974358974,0.0096153846153846,0.0416666666666666,0.1185897435897435,0.032051282051282,0.0448717948717948,0.0608974358974358,0.0897435897435897,0.0448717948717948,0.0929487179487179,0.0384615384615384,0.048076923076923,0.0,0.0192307692307692,0.2285714285714285,0.4,0.1142857142857142,0.2571428571428571,20,26,"RNCMPT00181,min,CCCCCCC,RBD_v3_228785",1
"RNCMPT00060,max,AGAGAAA,RBD_v3_206234",137,1,0.0823529411764705,0.0117647058823529,0.0117647058823529,0.0705882352941176,0.0411764705882352,0.0647058823529411,0.0235294117647058,0.0470588235294117,0.1117647058823529,0.0705882352941176,0.0117647058823529,0.0470588235294117,0.1,0.0470588235294117,0.0588235294117647,0.0764705882352941,0.0411764705882352,0.0705882352941176,0.0,0.0117647058823529,0.3142857142857143,0.2857142857142857,0.2,0.2,1,7,"RNCMPT00060,max,AGAGAAA,RBD_v3_206234",0
"RNCMPT00205,max,AGGGGAA,RBD_v3_224891",138,1,0.0924369747899159,0.0126050420168067,0.088235294117647,0.1260504201680672,0.0504201680672268,0.1176470588235294,0.0084033613445378,0.0588235294117647,0.0714285714285714,0.0294117647058823,0.0084033613445378,0.0462184873949579,0.0210084033613445,0.0168067226890756,0.0756302521008403,0.0546218487394958,0.0588235294117647,0.042016806722689,0.0042016806722689,0.0168067226890756,0.4285714285714285,0.1428571428571428,0.3428571428571428,0.0857142857142857,1,7,"RNCMPT00205,max,AGGGGAA,RBD_v3_224891",0
"RNCMPT00156,min,UUUUUUU,RBD_v3_120276",22,0,0.0677966101694915,0.0225988700564971,0.0338983050847457,0.0847457627118644,0.0282485875706214,0.0508474576271186,0.0225988700564971,0.0338983050847457,0.1073446327683615,0.0734463276836158,0.0169491525423728,0.0508474576271186,0.0451977401129943,0.0677966101694915,0.0508474576271186,0.0734463276836158,0.0338983050847457,0.0847457627118644,0.0,0.0508474576271186,0.1,0.2,0.2333333333333333,0.4666666666666667,24,30,"RNCMPT00156,min,UUUUUUU,RBD_v3_120276",1
"RNCMPT00104,min,GGGGAGC,RBD_v3_151362",106,0,0.0562130177514792,0.0236686390532544,0.0414201183431952,0.0710059171597633,0.0355029585798816,0.0502958579881656,0.0502958579881656,0.0621301775147929,0.0710059171597633,0.0917159763313609,0.029585798816568,0.044378698224852,0.0236686390532544,0.0917159763313609,0.044378698224852,0.0414201183431952,0.0473372781065088,0.0828402366863905,0.0,0.0414201183431952,0.3157894736842105,0.2105263157894736,0.2894736842105263,0.1842105263157894,25,31,"RNCMPT00104,min,GGGGAGC,RBD_v3_151362",1
"RNCMPT00011,max,UGUUUGU,RBD_v3_048536",93,1,0.0798611111111111,0.0104166666666666,0.0520833333333333,0.078125,0.0243055555555555,0.0538194444444444,0.0173611111111111,0.0625,0.0659722222222222,0.0850694444444444,0.0243055555555555,0.0520833333333333,0.0555555555555555,0.046875,0.0520833333333333,0.0868055555555555,0.0572916666666666,0.0625,0.0069444444444444,0.0260416666666666,0.131578947368421,0.1578947368421052,0.2894736842105263,0.4210526315789473,20,26,"RNCMPT00011,max,UGUUUGU,RBD_v3_048536",0
"RNCMPT00238,max,GGAGGAA,RBD_v3_150109",79,1,0.0753424657534246,0.002283105022831,0.0547945205479452,0.0433789954337899,0.0547945205479452,0.2100456621004566,0.0159817351598173,0.0319634703196347,0.0182648401826484,0.045662100456621,0.0251141552511415,0.047945205479452,0.0639269406392694,0.0547945205479452,0.0776255707762557,0.0410958904109589,0.0388127853881278,0.0547945205479452,0.0091324200913242,0.0342465753424657,0.3684210526315789,0.0263157894736842,0.3421052631578947,0.2631578947368421,2,8,"RNCMPT00238,max,GGAGGAA,RBD_v3_150109",1
"RNCMPT00047,max,UACUAAC,RBD_v3_135151",113,1,0.0967741935483871,0.0058651026392961,0.0410557184750733,0.0791788856304985,0.0146627565982404,0.0615835777126099,0.0175953079178885,0.0557184750733137,0.0703812316715542,0.0967741935483871,0.0381231671554252,0.0410557184750733,0.0967741935483871,0.032258064516129,0.0586510263929618,0.032258064516129,0.064516129032258,0.0615835777126099,0.002932551319648,0.032258064516129,0.2631578947368421,0.2631578947368421,0.2105263157894736,0.2631578947368421,29,35,"RNCMPT00047,max,UACUAAC,RBD_v3_135151",1
"RNCMPT00226,min,UGUUUGU,RBD_v3_003265",185,0,0.0443349753694581,0.0246305418719211,0.0246305418719211,0.0541871921182266,0.0443349753694581,0.064039408866995,0.0098522167487684,0.0886699507389162,0.064039408866995,0.0492610837438423,0.0098522167487684,0.0886699507389162,0.0246305418719211,0.0591133004926108,0.0541871921182266,0.083743842364532,0.0344827586206896,0.1182266009852216,0.0,0.0591133004926108,0.2333333333333333,0.1,0.3,0.3666666666666666,19,25,"RNCMPT00226,min,UGUUUGU,RBD_v3_003265",1
"RNCMPT00155,min,UUUGCAG,RBD_v3_014533",88,0,0.0772946859903381,0.0096618357487922,0.0579710144927536,0.072463768115942,0.0579710144927536,0.0748792270531401,0.0096618357487922,0.0434782608695652,0.0845410628019323,0.0579710144927536,0.0434782608695652,0.0483091787439613,0.0483091787439613,0.038647342995169,0.0700483091787439,0.0603864734299516,0.036231884057971,0.0700483091787439,0.002415458937198,0.036231884057971,0.2105263157894736,0.3684210526315789,0.1842105263157894,0.2368421052631578,12,18,"RNCMPT00155,min,UUUGCAG,RBD_v3_014533",1
"RNCMPT00203,max,CCAUCAC,RBD_v3_139521",102,1,0.0466321243523316,0.005181347150259,0.0362694300518134,0.0466321243523316,0.0569948186528497,0.0414507772020725,0.0259067357512953,0.1139896373056994,0.1036269430051813,0.0880829015544041,0.0207253886010362,0.1243523316062176,0.0466321243523316,0.0362694300518134,0.0103626943005181,0.0414507772020725,0.0518134715025906,0.0414507772020725,0.005181347150259,0.0569948186528497,0.2333333333333333,0.3,0.2666666666666666,0.2,12,18,"RNCMPT00203,max,CCAUCAC,RBD_v3_139521",1
"RNCMPT00270,min,GGGGGGG,RBD_v3_201706",3,0,0.0918367346938775,0.0204081632653061,0.0612244897959183,0.0306122448979591,0.0918367346938775,0.0714285714285714,0.010204081632653,0.0510204081632653,0.1122448979591836,0.0714285714285714,0.010204081632653,0.0408163265306122,0.0612244897959183,0.0612244897959183,0.010204081632653,0.0714285714285714,0.0510204081632653,0.0612244897959183,0.0,0.0204081632653061,0.2894736842105263,0.0789473684210526,0.4473684210526316,0.1842105263157894,17,23,"RNCMPT00270,min,GGGGGGG,RBD_v3_201706",1
"RNCMPT00049,max,AGAGUAG,RBD_v3_115591",118,1,0.0761750405186385,0.0145867098865478,0.06645056726094,0.1134521880064829,0.0388978930307941,0.0632090761750405,0.0162074554294975,0.0307941653160453,0.126418152350081,0.0875202593192868,0.019448946515397,0.0340356564019448,0.0356564019448946,0.0470016207455429,0.0583468395461912,0.0583468395461912,0.0405186385737439,0.0632090761750405,0.0016207455429497,0.0081037277147487,0.3684210526315789,0.1842105263157894,0.2631578947368421,0.1842105263157894,1,7,"RNCMPT00049,max,AGAGUAG,RBD_v3_115591",1
"RNCMPT00279,min,GUUGUGU,RBD_v3_209914",126,0,0.0852941176470588,0.0205882352941176,0.05,0.0941176470588235,0.0323529411764705,0.0823529411764705,0.0176470588235294,0.05,0.0617647058823529,0.0617647058823529,0.038235294117647,0.038235294117647,0.0558823529411764,0.0294117647058823,0.0676470588235294,0.0205882352941176,0.0411764705882352,0.088235294117647,0.0088235294117647,0.0558823529411764,0.1666666666666666,0.1333333333333333,0.3333333333333333,0.3666666666666666,20,26,"RNCMPT00279,min,GUUGUGU,RBD_v3_209914",0
"RNCMPT00122,max,GUGGUGU,RBD_v3_158272",9,1,0.1346153846153846,0.0144230769230769,0.0288461538461538,0.0336538461538461,0.0649038461538461,0.0841346153846153,0.0264423076923076,0.0384615384615384,0.0360576923076923,0.0745192307692307,0.0384615384615384,0.0456730769230769,0.1033653846153846,0.0865384615384615,0.03125,0.0552884615384615,0.0432692307692307,0.0432692307692307,0.0,0.016826923076923,0.1282051282051282,0.1538461538461538,0.4102564102564102,0.3076923076923077,13,19,"RNCMPT00122,max,GUGGUGU,RBD_v3_158272",1
"RNCMPT00064,min,ACUGUUU,RBD_v3_053156",147,0,0.0711610486891385,0.0224719101123595,0.0411985018726591,0.0861423220973782,0.0374531835205992,0.0599250936329588,0.0112359550561797,0.0337078651685393,0.1048689138576779,0.0749063670411985,0.0299625468164794,0.0299625468164794,0.0786516853932584,0.0411985018726591,0.0599250936329588,0.0749063670411985,0.0411985018726591,0.0749063670411985,0.0,0.0262172284644194,0.1538461538461538,0.3076923076923077,0.2564102564102564,0.282051282051282,32,38,"RNCMPT00064,min,ACUGUUU,RBD_v3_053156",1
"RNCMPT00263,min,AGACCCU,RBD_v3_051760",86,0,0.0809523809523809,0.0047619047619047,0.0952380952380952,0.0904761904761904,0.0476190476190476,0.1095238095238095,0.0047619047619047,0.0095238095238095,0.0142857142857142,0.0571428571428571,0.0333333333333333,0.0428571428571428,0.0095238095238095,0.0476190476190476,0.119047619047619,0.0761904761904762,0.0380952380952381,0.0952380952380952,0.0095238095238095,0.0142857142857142,0.3,0.3,0.2,0.2,1,7,"RNCMPT00263,min,AGACCCU,RBD_v3_051760",0
"RNCMPT00007,max,CCAACGA,RBD_v3_096103",17,1,0.1280487804878048,0.0121951219512195,0.0365853658536585,0.0548780487804878,0.0121951219512195,0.073170731707317,0.0121951219512195,0.073170731707317,0.0609756097560975,0.0548780487804878,0.024390243902439,0.0548780487804878,0.073170731707317,0.0426829268292682,0.0670731707317073,0.0914634146341463,0.048780487804878,0.0670731707317073,0.0,0.0121951219512195,0.2894736842105263,0.3684210526315789,0.1578947368421052,0.1842105263157894,12,18,"RNCMPT00007,max,CCAACGA,RBD_v3_096103",1
"RNCMPT00131,min,AGUGAGU,RBD_v3_174808",15,0,0.0530973451327433,0.0176991150442477,0.0648967551622418,0.0855457227138643,0.0324483775811209,0.0766961651917404,0.0147492625368731,0.0678466076696165,0.1002949852507374,0.0707964601769911,0.0324483775811209,0.0442477876106194,0.0619469026548672,0.0265486725663716,0.0589970501474926,0.0442477876106194,0.0442477876106194,0.0619469026548672,0.0117994100294985,0.0294985250737463,0.2894736842105263,0.131578947368421,0.3157894736842105,0.2631578947368421,15,21,"RNCMPT00131,min,AGUGAGU,RBD_v3_174808",1
"RNCMPT00254,min,UUUUUAU,RBD_v3_157599",67,0,0.0782918149466192,0.0142348754448398,0.0533807829181494,0.096085409252669,0.0391459074733096,0.0782918149466192,0.0355871886120996,0.0427046263345195,0.0889679715302491,0.0533807829181494,0.0106761565836298,0.0355871886120996,0.0142348754448398,0.0249110320284697,0.1032028469750889,0.0747330960854092,0.0498220640569395,0.0854092526690391,0.0035587188612099,0.0177935943060498,0.2,0.1333333333333333,0.2333333333333333,0.4333333333333333,24,30,"RNCMPT00254,min,UUUUUAU,RBD_v3_157599",1
"RNCMPT00116,min,UCCCCCC,RBD_v3_025151",194,0,0.0895061728395061,0.0,0.0401234567901234,0.0833333333333333,0.0216049382716049,0.1203703703703703,0.0061728395061728,0.0092592592592592,0.0493827160493827,0.0123456790123456,0.0123456790123456,0.0648148148148148,0.1080246913580246,0.074074074074074,0.1203703703703703,0.0462962962962962,0.0401234567901234,0.0493827160493827,0.0030864197530864,0.0493827160493827,0.131578947368421,0.3947368421052631,0.1842105263157894,0.2894736842105263,5,11,"RNCMPT00116,min,UCCCCCC,RBD_v3_025151",1
"RNCMPT00252,min,GGGGGGC,RBD_v3_131114",182,0,0.0742705570291777,0.0053050397877984,0.0716180371352785,0.0716180371352785,0.0477453580901856,0.039787798408488,0.0318302387267904,0.0318302387267904,0.0848806366047745,0.1087533156498673,0.013262599469496,0.0583554376657824,0.0318302387267904,0.0371352785145888,0.1087533156498673,0.0583554376657824,0.0583554376657824,0.0477453580901856,0.0053050397877984,0.013262599469496,0.1666666666666666,0.3,0.3666666666666666,0.1666666666666666,19,25,"RNCMPT00252,min,GGGGGGC,RBD_v3_131114",0
"RNCMPT00257,min,AGGGGGG,RBD_v3_233807",187,0,0.0684039087947882,0.01628664495114,0.0358306188925081,0.0944625407166123,0.0521172638436482,0.0586319218241042,0.019543973941368,0.0781758957654723,0.0488599348534201,0.0716612377850162,0.0293159609120521,0.0781758957654723,0.0586319218241042,0.0325732899022801,0.0586319218241042,0.0651465798045602,0.0521172638436482,0.0618892508143322,0.0,0.019543973941368,0.2105263157894736,0.1578947368421052,0.3684210526315789,0.2631578947368421,1,7,"RNCMPT00257,min,AGGGGGG,RBD_v3_233807",1
"RNCMPT00173,max,AUAUAGC,RBD_v3_236027",131,1,0.073170731707317,0.016260162601626,0.040650406504065,0.0447154471544715,0.024390243902439,0.073170731707317,0.016260162601626,0.040650406504065,0.073170731707317,0.0691056910569105,0.024390243902439,0.065040650406504,0.089430894308943,0.0772357723577235,0.032520325203252,0.0853658536585365,0.0609756097560975,0.0365853658536585,0.0040650406504065,0.0528455284552845,0.3684210526315789,0.2105263157894736,0.2894736842105263,0.131578947368421,29,35,"RNCMPT00173,max,AUAUAGC,RBD_v3_236027",0
"RNCMPT00095,min,AGAGUCC,RBD_v3_196418",54,0,0.0418848167539267,0.0,0.1151832460732984,0.0471204188481675,0.0575916230366492,0.0785340314136125,0.0366492146596858,0.06282722513089,0.1047120418848167,0.0418848167539267,0.0209424083769633,0.0366492146596858,0.0471204188481675,0.0575916230366492,0.0575916230366492,0.0418848167539267,0.0366492146596858,0.0890052356020942,0.0052356020942408,0.0209424083769633,0.1578947368421052,0.2894736842105263,0.2105263157894736,0.3421052631578947,1,7,"RNCMPT00095,min,AGAGUCC,RBD_v3_196418",0
"RNCMPT00268,min,AGGGGGG,RBD_v3_021242",104,0,0.0981132075471698,0.0056603773584905,0.0471698113207547,0.0320754716981132,0.0452830188679245,0.0716981132075471,0.0283018867924528,0.0528301886792452,0.0622641509433962,0.1,0.0226415094339622,0.0698113207547169,0.0528301886792452,0.0547169811320754,0.0339622641509433,0.0886792452830188,0.0433962264150943,0.0716981132075471,0.0,0.0188679245283018,0.2333333333333333,0.3,0.3666666666666666,0.1,18,24,"RNCMPT00268,min,AGGGGGG,RBD_v3_021242",0
"RNCMPT00121,max,UUGGGUU,RBD_v3_014854",28,1,0.1096605744125326,0.0052219321148825,0.031331592689295,0.0365535248041775,0.0391644908616188,0.0861618798955613,0.0026109660574412,0.0574412532637075,0.0469973890339425,0.0704960835509138,0.0234986945169712,0.0678851174934725,0.0652741514360313,0.0809399477806788,0.0391644908616188,0.0678851174934725,0.0704960835509138,0.0704960835509138,0.0026109660574412,0.0261096605744125,0.1025641025641025,0.0769230769230769,0.3846153846153846,0.4358974358974359,21,27,"RNCMPT00121,max,UUGGGUU,RBD_v3_014854",1
"RNCMPT00132,max,UUUGGUU,RBD_v3_237081",134,1,0.1070496083550913,0.010443864229765,0.031331592689295,0.04177545691906,0.0391644908616188,0.0704960835509138,0.0052219321148825,0.0600522193211488,0.0548302872062663,0.0678851174934725,0.0130548302872062,0.1357702349869451,0.04177545691906,0.0443864229765013,0.0365535248041775,0.0835509138381201,0.0678851174934725,0.0548302872062663,0.0052219321148825,0.0287206266318537,0.1025641025641025,0.1025641025641025,0.3333333333333333,0.4615384615384615,5,11,"RNCMPT00132,max,UUUGGUU,RBD_v3_237081",1
"RNCMPT00033,min,GGGGGGC,RBD_v3_202620",58,0,0.0818030050083472,0.003338898163606,0.030050083472454,0.0834724540901502,0.0333889816360601,0.0751252086811352,0.031719532554257,0.0834724540901502,0.0684474123539232,0.0717863105175292,0.015025041736227,0.0383973288814691,0.0634390651085141,0.0617696160267111,0.0500834724540901,0.0634390651085141,0.0550918196994991,0.0634390651085141,0.003338898163606,0.023372287145242,0.2,0.0857142857142857,0.4571428571428571,0.2571428571428571,4,10,"RNCMPT00033,min,GGGGGGC,RBD_v3_202620",0
"RNCMPT00163,min,CACCCUU,RBD_v3_109032",158,0,0.0403225806451612,0.0080645161290322,0.0806451612903225,0.0443548387096774,0.0282258064516129,0.1411290322580645,0.0120967741935483,0.0282258064516129,0.032258064516129,0.0241935483870967,0.0120967741935483,0.0282258064516129,0.0685483870967741,0.0040322580645161,0.1733870967741935,0.1129032258064516,0.0282258064516129,0.0685483870967741,0.0040322580645161,0.0604838709677419,0.2631578947368421,0.2894736842105263,0.1578947368421052,0.2894736842105263,15,21,"RNCMPT00163,min,CACCCUU,RBD_v3_109032",1
"RNCMPT00079,max,UUUUUUU,RBD_v3_159452",190,1,0.0666666666666666,0.016,0.0586666666666666,0.0506666666666666,0.0453333333333333,0.08,0.0133333333333333,0.0426666666666666,0.0453333333333333,0.0853333333333333,0.04,0.04,0.0746666666666666,0.0613333333333333,0.0373333333333333,0.0506666666666666,0.0613333333333333,0.0986666666666666,0.0026666666666666,0.0293333333333333,0.2105263157894736,0.1842105263157894,0.2368421052631578,0.3684210526315789,31,37,"RNCMPT00079,max,UUUUUUU,RBD_v3_159452",0
"RNCMPT00155,max,AGAAAAA,RBD_v3_116048",88,1,0.0772946859903381,0.0096618357487922,0.0579710144927536,0.072463768115942,0.0579710144927536,0.0748792270531401,0.0096618357487922,0.0434782608695652,0.0845410628019323,0.0579710144927536,0.0434782608695652,0.0483091787439613,0.0483091787439613,0.038647342995169,0.0700483091787439,0.0603864734299516,0.036231884057971,0.0700483091787439,0.002415458937198,0.036231884057971,0.4333333333333333,0.1333333333333333,0.3,0.1333333333333333,1,7,"RNCMPT00155,max,AGAAAAA,RBD_v3_116048",1
"RNCMPT00068,min,GCCCCCC,RBD_v3_083576",151,0,0.082010582010582,0.0105820105820105,0.0449735449735449,0.0343915343915343,0.0238095238095238,0.0899470899470899,0.0079365079365079,0.0502645502645502,0.0555555555555555,0.0476190476190476,0.0449735449735449,0.0449735449735449,0.0925925925925925,0.0925925925925925,0.0264550264550264,0.0555555555555555,0.0714285714285714,0.0661375661375661,0.0079365079365079,0.0502645502645502,0.1333333333333333,0.3333333333333333,0.3333333333333333,0.2,22,28,"RNCMPT00068,min,GCCCCCC,RBD_v3_083576",0
"RNCMPT00118,min,UGAGUCG,RBD_v3_085939",51,0,0.0824742268041237,0.0103092783505154,0.056701030927835,0.1082474226804123,0.0257731958762886,0.056701030927835,0.0206185567010309,0.0360824742268041,0.0773195876288659,0.0876288659793814,0.0257731958762886,0.0412371134020618,0.0463917525773195,0.0360824742268041,0.0721649484536082,0.0360824742268041,0.056701030927835,0.1030927835051546,0.0103092783505154,0.0103092783505154,0.3428571428571428,0.1428571428571428,0.3428571428571428,0.1714285714285714,20,26,"RNCMPT00118,min,UGAGUCG,RBD_v3_085939",1
"RNCMPT00137,max,AACCCUU,RBD_v3_153195",78,1,0.0833333333333333,0.0208333333333333,0.03125,0.0625,0.0,0.1041666666666666,0.0104166666666666,0.1354166666666666,0.0208333333333333,0.0520833333333333,0.0416666666666666,0.0729166666666666,0.0416666666666666,0.0729166666666666,0.0729166666666666,0.0729166666666666,0.0729166666666666,0.0208333333333333,0.0,0.0104166666666666,0.2857142857142857,0.3714285714285714,0.1714285714285714,0.1714285714285714,12,18,"RNCMPT00137,max,AACCCUU,RBD_v3_153195",0
"RNCMPT00287,min,AGAUUAG,RBD_v3_107604",6,0,0.0701754385964912,0.0,0.0526315789473684,0.0292397660818713,0.0409356725146198,0.1345029239766081,0.0175438596491228,0.0175438596491228,0.1052631578947368,0.0467836257309941,0.0058479532163742,0.0350877192982456,0.0409356725146198,0.0350877192982456,0.0584795321637426,0.0818713450292397,0.1111111111111111,0.0760233918128654,0.0116959064327485,0.0292397660818713,0.3142857142857143,0.2571428571428571,0.2285714285714285,0.2,1,7,"RNCMPT00287,min,AGAUUAG,RBD_v3_107604",1
"RNCMPT00129,min,UUUCGUC,RBD_v3_096490",13,0,0.066420664206642,0.014760147601476,0.044280442804428,0.059040590405904,0.014760147601476,0.077490774907749,0.014760147601476,0.066420664206642,0.055350553505535,0.062730627306273,0.022140221402214,0.040590405904059,0.081180811808118,0.040590405904059,0.055350553505535,0.1070110701107011,0.07380073800738,0.088560885608856,0.0,0.014760147601476,0.1578947368421052,0.2105263157894736,0.2105263157894736,0.4210526315789473,19,25,"RNCMPT00129,min,UUUCGUC,RBD_v3_096490",1
"RNCMPT00073,max,CGACGAC,RBD_v3_172245",161,1,0.064516129032258,0.032258064516129,0.064516129032258,0.0725806451612903,0.0483870967741935,0.1290322580645161,0.0161290322580645,0.0161290322580645,0.032258064516129,0.0403225806451612,0.0161290322580645,0.0241935483870967,0.0725806451612903,0.0,0.1451612903225806,0.0483870967741935,0.032258064516129,0.064516129032258,0.0080645161290322,0.0725806451612903,0.3947368421052631,0.2631578947368421,0.2631578947368421,0.0789473684210526,9,15,"RNCMPT00073,max,CGACGAC,RBD_v3_172245",0
"RNCMPT00065,min,UUAGCUU,RBD_v3_154684",148,0,0.043010752688172,0.010752688172043,0.064516129032258,0.075268817204301,0.021505376344086,0.0806451612903225,0.0268817204301075,0.064516129032258,0.0913978494623656,0.075268817204301,0.0161290322580645,0.043010752688172,0.075268817204301,0.053763440860215,0.0913978494623656,0.032258064516129,0.0483870967741935,0.064516129032258,0.0053763440860215,0.0161290322580645,0.2894736842105263,0.2105263157894736,0.2368421052631578,0.2631578947368421,13,19,"RNCMPT00065,min,UUAGCUU,RBD_v3_154684",0
"RNCMPT00072,max,AGGAGAA,RBD_v3_111459",160,1,0.05,0.0,0.1,0.0416666666666666,0.0333333333333333,0.1166666666666666,0.025,0.0083333333333333,0.0333333333333333,0.0416666666666666,0.0416666666666666,0.0083333333333333,0.0833333333333333,0.0083333333333333,0.175,0.0583333333333333,0.0416666666666666,0.0666666666666666,0.0,0.0666666666666666,0.3714285714285714,0.1714285714285714,0.2857142857142857,0.1714285714285714,1,7,"RNCMPT00072,max,AGGAGAA,RBD_v3_111459",0
"RNCMPT00013,max,UAGGAUA,RBD_v3_230955",26,1,0.0661375661375661,0.0132275132275132,0.0449735449735449,0.037037037037037,0.0555555555555555,0.1243386243386243,0.0132275132275132,0.0264550264550264,0.0476190476190476,0.0264550264550264,0.0238095238095238,0.0291005291005291,0.1666666666666666,0.0608465608465608,0.0423280423280423,0.0634920634920634,0.0449735449735449,0.0634920634920634,0.0158730158730158,0.0343915343915343,0.3,0.1,0.2666666666666666,0.3333333333333333,23,29,"RNCMPT00013,max,UAGGAUA,RBD_v3_230955",0
"RNCMPT00270,max,UUUGUGU,RBD_v3_096772",3,1,0.0918367346938775,0.0204081632653061,0.0612244897959183,0.0306122448979591,0.0918367346938775,0.0714285714285714,0.010204081632653,0.0510204081632653,0.1122448979591836,0.0714285714285714,0.010204081632653,0.0408163265306122,0.0612244897959183,0.0612244897959183,0.010204081632653,0.0714285714285714,0.0510204081632653,0.0612244897959183,0.0,0.0204081632653061,0.2105263157894736,0.0789473684210526,0.2631578947368421,0.4473684210526316,22,28,"RNCMPT00270,max,UUUGUGU,RBD_v3_096772",1
"RNCMPT00218,min,GAUGAAC,RBD_v3_153878",177,0,0.0712074303405572,0.0309597523219814,0.0402476780185758,0.0495356037151702,0.0433436532507739,0.0743034055727554,0.0247678018575851,0.0154798761609907,0.0433436532507739,0.0866873065015479,0.0247678018575851,0.0526315789473684,0.0681114551083591,0.0340557275541795,0.0712074303405572,0.1114551083591331,0.0743034055727554,0.0681114551083591,0.0092879256965944,0.0061919504643962,0.3714285714285714,0.2285714285714285,0.2,0.2,2,8,"RNCMPT00218,min,GAUGAAC,RBD_v3_153878",0
"RNCMPT00086,min,GGGCGGG,RBD_v3_139038",197,0,0.0529891304347826,0.0230978260869565,0.0543478260869565,0.077445652173913,0.029891304347826,0.0339673913043478,0.0230978260869565,0.0353260869565217,0.0720108695652173,0.0747282608695652,0.0258152173913043,0.0434782608695652,0.0896739130434782,0.0543478260869565,0.0584239130434782,0.1019021739130434,0.0570652173913043,0.0625,0.0054347826086956,0.0244565217391304,0.3157894736842105,0.1578947368421052,0.2368421052631578,0.2894736842105263,9,15,"RNCMPT00086,min,GGGCGGG,RBD_v3_139038",1
"RNCMPT00147,min,CCCCUCC,RBD_v3_123886",16,0,0.0718954248366013,0.0065359477124183,0.0849673202614379,0.0522875816993464,0.0718954248366013,0.0588235294117647,0.0,0.0326797385620915,0.1045751633986928,0.0522875816993464,0.0196078431372549,0.0261437908496732,0.0261437908496732,0.0392156862745098,0.1176470588235294,0.0718954248366013,0.065359477124183,0.0718954248366013,0.0196078431372549,0.0065359477124183,0.3421052631578947,0.2368421052631578,0.2368421052631578,0.1842105263157894,16,22,"RNCMPT00147,min,CCCCUCC,RBD_v3_123886",1
"RNCMPT00034,min,CCCCCCC,RBD_v3_072654",62,0,0.0601092896174863,0.0,0.0546448087431694,0.1092896174863388,0.0437158469945355,0.0710382513661202,0.0218579234972677,0.0491803278688524,0.1147540983606557,0.1147540983606557,0.0273224043715847,0.0491803278688524,0.0491803278688524,0.0437158469945355,0.0437158469945355,0.0382513661202185,0.0218579234972677,0.0601092896174863,0.0,0.0273224043715847,0.2105263157894736,0.3421052631578947,0.2105263157894736,0.2368421052631578,29,35,"RNCMPT00034,min,CCCCCCC,RBD_v3_072654",0
"RNCMPT00251,min,GAGUGGU,RBD_v3_240778",181,0,0.1028446389496717,0.0306345733041575,0.0547045951859956,0.0481400437636761,0.0525164113785558,0.0678336980306345,0.024070021881838,0.0437636761487965,0.0306345733041575,0.0919037199124726,0.0284463894967177,0.0328227571115973,0.0459518599562363,0.037199124726477,0.0634573304157549,0.0853391684901531,0.0547045951859956,0.0787746170678337,0.0065645514223194,0.0196936542669584,0.3333333333333333,0.1333333333333333,0.3,0.2333333333333333,2,8,"RNCMPT00251,min,GAGUGGU,RBD_v3_240778",1
"RNCMPT00108,max,GGAGGAC,RBD_v3_161547",158,1,0.0495049504950495,0.0099009900990099,0.099009900990099,0.0544554455445544,0.0346534653465346,0.1633663366336633,0.0099009900990099,0.0346534653465346,0.0396039603960396,0.0297029702970297,0.0148514851485148,0.0297029702970297,0.0693069306930693,0.0049504950495049,0.1237623762376237,0.0495049504950495,0.0297029702970297,0.0841584158415841,0.0049504950495049,0.0643564356435643,0.2894736842105263,0.2105263157894736,0.3684210526315789,0.131578947368421,18,24,"RNCMPT00108,max,GGAGGAC,RBD_v3_161547",1
"RNCMPT00020,max,GGACAGA,RBD_v3_206033",38,1,0.0646551724137931,0.0086206896551724,0.0344827586206896,0.1034482758620689,0.0344827586206896,0.0948275862068965,0.0172413793103448,0.0517241379310344,0.0517241379310344,0.0991379310344827,0.0172413793103448,0.0344827586206896,0.0344827586206896,0.0560344827586206,0.0818965517241379,0.0646551724137931,0.0560344827586206,0.0732758620689655,0.0,0.021551724137931,0.2894736842105263,0.1842105263157894,0.3947368421052631,0.131578947368421,15,21,"RNCMPT00020,max,GGACAGA,RBD_v3_206033",1
"RNCMPT00072,min,GGGGGGG,RBD_v3_011654",160,0,0.05,0.0,0.1,0.0416666666666666,0.0333333333333333,0.1166666666666666,0.025,0.0083333333333333,0.0333333333333333,0.0416666666666666,0.0416666666666666,0.0083333333333333,0.0833333333333333,0.0083333333333333,0.175,0.0583333333333333,0.0416666666666666,0.0666666666666666,0.0,0.0666666666666666,0.2368421052631578,0.1578947368421052,0.4473684210526316,0.1578947368421052,2,8,"RNCMPT00072,min,GGGGGGG,RBD_v3_011654",1
"RNCMPT00105,min,GGGCGGG,RBD_v3_192691",106,0,0.0562130177514792,0.0236686390532544,0.0414201183431952,0.0710059171597633,0.0355029585798816,0.0502958579881656,0.0502958579881656,0.0621301775147929,0.0710059171597633,0.0917159763313609,0.029585798816568,0.044378698224852,0.0236686390532544,0.0917159763313609,0.044378698224852,0.0414201183431952,0.0473372781065088,0.0828402366863905,0.0,0.0414201183431952,0.3428571428571428,0.1142857142857142,0.2857142857142857,0.2571428571428571,14,20,"RNCMPT00105,min,GGGCGGG,RBD_v3_192691",1
"RNCMPT00171,min,GGGGGGG,RBD_v3_131732",91,0,0.0706806282722513,0.0157068062827225,0.0654450261780104,0.06282722513089,0.06282722513089,0.0837696335078534,0.013089005235602,0.0445026178010471,0.0890052356020942,0.0759162303664921,0.0209424083769633,0.0497382198952879,0.0418848167539267,0.0157068062827225,0.0863874345549738,0.0549738219895288,0.031413612565445,0.0732984293193717,0.0078534031413612,0.0340314136125654,0.1333333333333333,0.1333333333333333,0.6,0.1333333333333333,2,8,"RNCMPT00171,min,GGGGGGG,RBD_v3_131732",0
"RNCMPT00163,min,CCUUGCU,RBD_v3_083117",158,0,0.0403225806451612,0.0080645161290322,0.0806451612903225,0.0443548387096774,0.0282258064516129,0.1411290322580645,0.0120967741935483,0.0282258064516129,0.032258064516129,0.0241935483870967,0.0120967741935483,0.0282258064516129,0.0685483870967741,0.0040322580645161,0.1733870967741935,0.1129032258064516,0.0282258064516129,0.0685483870967741,0.0040322580645161,0.0604838709677419,0.2,0.2333333333333333,0.2666666666666666,0.3,18,24,"RNCMPT00163,min,CCUUGCU,RBD_v3_083117",0
"RNCMPT00106,max,AGGAGGA,RBD_v3_051049",158,1,0.0495049504950495,0.0099009900990099,0.099009900990099,0.0544554455445544,0.0346534653465346,0.1633663366336633,0.0099009900990099,0.0346534653465346,0.0396039603960396,0.0297029702970297,0.0148514851485148,0.0297029702970297,0.0693069306930693,0.0049504950495049,0.1237623762376237,0.0495049504950495,0.0297029702970297,0.0841584158415841,0.0049504950495049,0.0643564356435643,0.2894736842105263,0.1578947368421052,0.3947368421052631,0.1578947368421052,1,7,"RNCMPT00106,max,AGGAGGA,RBD_v3_051049",1
"RNCMPT00279,max,AGAUGAA,RBD_v3_207447",126,1,0.0852941176470588,0.0205882352941176,0.05,0.0941176470588235,0.0323529411764705,0.0823529411764705,0.0176470588235294,0.05,0.0617647058823529,0.0617647058823529,0.038235294117647,0.038235294117647,0.0558823529411764,0.0294117647058823,0.0676470588235294,0.0205882352941176,0.0411764705882352,0.088235294117647,0.0088235294117647,0.0558823529411764,0.4210526315789473,0.1842105263157894,0.1842105263157894,0.2105263157894736,1,7,"RNCMPT00279,max,AGAUGAA,RBD_v3_207447",0
"RNCMPT00015,min,GGGGGGG,RBD_v3_237979",33,0,0.0524193548387096,0.0040322580645161,0.032258064516129,0.1088709677419354,0.0403225806451612,0.0806451612903225,0.0241935483870967,0.064516129032258,0.0604838709677419,0.0725806451612903,0.0362903225806451,0.0282258064516129,0.0161290322580645,0.0604838709677419,0.0967741935483871,0.0846774193548387,0.0443548387096774,0.0766129032258064,0.0,0.0161290322580645,0.2631578947368421,0.131578947368421,0.4210526315789473,0.1842105263157894,17,23,"RNCMPT00015,min,GGGGGGG,RBD_v3_237979",1
"RNCMPT00151,min,CCCCCCC,RBD_v3_122332",123,0,0.054054054054054,0.0135135135135135,0.0878378378378378,0.0608108108108108,0.0472972972972973,0.081081081081081,0.0,0.0337837837837837,0.1486486486486486,0.0878378378378378,0.027027027027027,0.027027027027027,0.054054054054054,0.0067567567567567,0.0945945945945946,0.0608108108108108,0.0202702702702702,0.054054054054054,0.0202702702702702,0.0202702702702702,0.131578947368421,0.3157894736842105,0.2368421052631578,0.3157894736842105,18,24,"RNCMPT00151,min,CCCCCCC,RBD_v3_122332",1
"RNCMPT00212,min,AGAAUGU,RBD_v3_138214",65,0,0.0893617021276595,0.0127659574468085,0.0425531914893617,0.0638297872340425,0.0382978723404255,0.051063829787234,0.0382978723404255,0.0340425531914893,0.0553191489361702,0.076595744680851,0.0297872340425531,0.0297872340425531,0.0468085106382978,0.0425531914893617,0.0893617021276595,0.0936170212765957,0.0680851063829787,0.0638297872340425,0.0042553191489361,0.0297872340425531,0.2,0.2,0.2571428571428571,0.3428571428571428,1,7,"RNCMPT00212,min,AGAAUGU,RBD_v3_138214",1
"RNCMPT00288,min,GGGUGGG,RBD_v3_188363",49,0,0.0678466076696165,0.0117994100294985,0.0560471976401179,0.0973451327433628,0.0383480825958702,0.0825958702064896,0.0117994100294985,0.0442477876106194,0.0943952802359882,0.0678466076696165,0.0206489675516224,0.0353982300884955,0.0678466076696165,0.023598820058997,0.0678466076696165,0.0353982300884955,0.0442477876106194,0.0825958702064896,0.0088495575221238,0.0412979351032448,0.2571428571428571,0.1428571428571428,0.3428571428571428,0.2571428571428571,8,14,"RNCMPT00288,min,GGGUGGG,RBD_v3_188363",1
"RNCMPT00134,min,UCGUCCU,RBD_v3_160743",8,0,0.0373443983402489,0.0,0.0663900414937759,0.0705394190871369,0.0207468879668049,0.1327800829875518,0.0124481327800829,0.0207468879668049,0.0456431535269709,0.0580912863070539,0.0124481327800829,0.0373443983402489,0.0165975103734439,0.0124481327800829,0.1825726141078838,0.1286307053941908,0.0248962655601659,0.0622406639004149,0.0041493775933609,0.0539419087136929,0.2368421052631578,0.2894736842105263,0.1578947368421052,0.3157894736842105,12,18,"RNCMPT00134,min,UCGUCCU,RBD_v3_160743",1
"RNCMPT00086,max,UUUAUUU,RBD_v3_203268",197,1,0.0529891304347826,0.0230978260869565,0.0543478260869565,0.077445652173913,0.029891304347826,0.0339673913043478,0.0230978260869565,0.0353260869565217,0.0720108695652173,0.0747282608695652,0.0258152173913043,0.0434782608695652,0.0896739130434782,0.0543478260869565,0.0584239130434782,0.1019021739130434,0.0570652173913043,0.0625,0.0054347826086956,0.0244565217391304,0.0769230769230769,0.0769230769230769,0.4615384615384615,0.3846153846153846,21,27,"RNCMPT00086,max,UUUAUUU,RBD_v3_203268",1
"RNCMPT00002,min,CCCCCCC,RBD_v3_124269",2,0,0.0674846625766871,0.0061349693251533,0.0368098159509202,0.0552147239263803,0.0122699386503067,0.0736196319018405,0.0184049079754601,0.0736196319018405,0.0858895705521472,0.0736196319018405,0.0122699386503067,0.0552147239263803,0.0552147239263803,0.0306748466257668,0.0674846625766871,0.1104294478527607,0.0797546012269938,0.0674846625766871,0.0061349693251533,0.0122699386503067,0.1714285714285714,0.4,0.2571428571428571,0.1714285714285714,19,25,"RNCMPT00002,min,CCCCCCC,RBD_v3_124269",0
"RNCMPT00069,max,ACACACA,RBD_v3_115487",152,1,0.073394495412844,0.0160550458715596,0.0435779816513761,0.0504587155963302,0.0504587155963302,0.0665137614678899,0.0298165137614678,0.0619266055045871,0.0688073394495412,0.0756880733944954,0.0275229357798165,0.0756880733944954,0.0779816513761468,0.0412844036697247,0.0344036697247706,0.055045871559633,0.0619266055045871,0.0596330275229357,0.0068807339449541,0.0229357798165137,0.3421052631578947,0.2894736842105263,0.1842105263157894,0.1842105263157894,27,33,"RNCMPT00069,max,ACACACA,RBD_v3_115487",0
"RNCMPT00050,max,GAUACGA,RBD_v3_210309",119,1,0.0546875,0.0,0.0546875,0.0625,0.0625,0.203125,0.03125,0.0234375,0.0234375,0.03125,0.0234375,0.03125,0.0234375,0.03125,0.1015625,0.1015625,0.0390625,0.0546875,0.0,0.046875,0.2894736842105263,0.2631578947368421,0.2105263157894736,0.2368421052631578,2,8,"RNCMPT00050,max,GAUACGA,RBD_v3_210309",0
"RNCMPT00121,max,UUGGGUU,RBD_v3_237081",28,1,0.1096605744125326,0.0052219321148825,0.031331592689295,0.0365535248041775,0.0391644908616188,0.0861618798955613,0.0026109660574412,0.0574412532637075,0.0469973890339425,0.0704960835509138,0.0234986945169712,0.0678851174934725,0.0652741514360313,0.0809399477806788,0.0391644908616188,0.0678851174934725,0.0704960835509138,0.0704960835509138,0.0026109660574412,0.0261096605744125,0.1025641025641025,0.1025641025641025,0.3333333333333333,0.4615384615384615,20,26,"RNCMPT00121,max,UUGGGUU,RBD_v3_237081",0
"RNCMPT00232,max,AUUUUUU,RBD_v3_056008",167,1,0.1031390134529148,0.0044843049327354,0.0582959641255605,0.0717488789237668,0.0493273542600896,0.0672645739910313,0.0179372197309417,0.0717488789237668,0.0538116591928251,0.0672645739910313,0.0448430493273542,0.0627802690582959,0.0762331838565022,0.0448430493273542,0.0403587443946188,0.0493273542600896,0.0313901345291479,0.0448430493273542,0.0044843049327354,0.0358744394618834,0.2105263157894736,0.0789473684210526,0.2894736842105263,0.4210526315789473,15,21,"RNCMPT00232,max,AUUUUUU,RBD_v3_056008",0
"RNCMPT00270,max,UUUGUGU,RBD_v3_146939",3,1,0.0918367346938775,0.0204081632653061,0.0612244897959183,0.0306122448979591,0.0918367346938775,0.0714285714285714,0.010204081632653,0.0510204081632653,0.1122448979591836,0.0714285714285714,0.010204081632653,0.0408163265306122,0.0612244897959183,0.0612244897959183,0.010204081632653,0.0714285714285714,0.0510204081632653,0.0612244897959183,0.0,0.0204081632653061,0.1282051282051282,0.2051282051282051,0.282051282051282,0.3846153846153846,21,27,"RNCMPT00270,max,UUUGUGU,RBD_v3_146939",1
"RNCMPT00121,max,UUGGGUU,RBD_v3_120548",28,1,0.1096605744125326,0.0052219321148825,0.031331592689295,0.0365535248041775,0.0391644908616188,0.0861618798955613,0.0026109660574412,0.0574412532637075,0.0469973890339425,0.0704960835509138,0.0234986945169712,0.0678851174934725,0.0652741514360313,0.0809399477806788,0.0391644908616188,0.0678851174934725,0.0704960835509138,0.0704960835509138,0.0026109660574412,0.0261096605744125,0.1025641025641025,0.1025641025641025,0.3333333333333333,0.4615384615384615,20,26,"RNCMPT00121,max,UUGGGUU,RBD_v3_120548",0
"RNCMPT00152,max,AUAUAGC,RBD_v3_236027",130,1,0.073170731707317,0.016260162601626,0.040650406504065,0.040650406504065,0.0284552845528455,0.073170731707317,0.016260162601626,0.0365853658536585,0.0772357723577235,0.0772357723577235,0.024390243902439,0.0528455284552845,0.08130081300813,0.065040650406504,0.0365853658536585,0.0975609756097561,0.0691056910569105,0.0447154471544715,0.008130081300813,0.040650406504065,0.3684210526315789,0.2105263157894736,0.2894736842105263,0.131578947368421,29,35,"RNCMPT00152,max,AUAUAGC,RBD_v3_236027",0
"RNCMPT00027,min,GGUGUGG,RBD_v3_094561",48,0,0.068100358422939,0.017921146953405,0.0519713261648745,0.0483870967741935,0.0376344086021505,0.1272401433691756,0.032258064516129,0.032258064516129,0.050179211469534,0.057347670250896,0.0232974910394265,0.0591397849462365,0.0842293906810035,0.039426523297491,0.0448028673835125,0.0734767025089605,0.0304659498207885,0.068100358422939,0.003584229390681,0.050179211469534,0.0512820512820512,0.1282051282051282,0.4615384615384615,0.358974358974359,27,33,"RNCMPT00027,min,GGUGUGG,RBD_v3_094561",1
"RNCMPT00159,min,AAGGGGG,RBD_v3_126934",115,0,0.088235294117647,0.0073529411764705,0.0735294117647058,0.0294117647058823,0.0441176470588235,0.0808823529411764,0.0147058823529411,0.0441176470588235,0.0735294117647058,0.0735294117647058,0.0147058823529411,0.0661764705882353,0.0367647058823529,0.0220588235294117,0.0808823529411764,0.0808823529411764,0.0294117647058823,0.0661764705882353,0.0,0.0735294117647058,0.2894736842105263,0.1842105263157894,0.2631578947368421,0.2631578947368421,11,17,"RNCMPT00159,min,AAGGGGG,RBD_v3_126934",0
"RNCMPT00223,min,AGUGAGU,RBD_v3_137169",66,0,0.1889400921658986,0.0046082949308755,0.0184331797235023,0.0506912442396313,0.0460829493087557,0.0414746543778801,0.0230414746543778,0.0184331797235023,0.1013824884792626,0.0506912442396313,0.0092165898617511,0.0460829493087557,0.0599078341013824,0.032258064516129,0.0691244239631336,0.064516129032258,0.0368663594470046,0.1059907834101382,0.0046082949308755,0.0276497695852534,0.3333333333333333,0.2333333333333333,0.2666666666666666,0.1666666666666666,20,26,"RNCMPT00223,min,AGUGAGU,RBD_v3_137169",0
"RNCMPT00044,min,GGGCGGG,RBD_v3_214839",95,0,0.0746268656716417,0.017910447761194,0.0238805970149253,0.0597014925373134,0.0149253731343283,0.1044776119402985,0.0149253731343283,0.1104477611940298,0.0507462686567164,0.0626865671641791,0.0328358208955223,0.0328358208955223,0.0567164179104477,0.0567164179104477,0.0388059701492537,0.1044776119402985,0.0716417910447761,0.053731343283582,0.0029850746268656,0.0149253731343283,0.2571428571428571,0.2,0.2857142857142857,0.2571428571428571,11,17,"RNCMPT00044,min,GGGCGGG,RBD_v3_214839",0
"RNCMPT00059,max,GAAGGCC,RBD_v3_005437",135,1,0.0117647058823529,0.0058823529411764,0.0705882352941176,0.0470588235294117,0.0764705882352941,0.1,0.0235294117647058,0.0352941176470588,0.0823529411764705,0.1,0.0176470588235294,0.0588235294117647,0.0176470588235294,0.0588235294117647,0.1058823529411764,0.0588235294117647,0.0529411764705882,0.0588235294117647,0.0,0.0176470588235294,0.2631578947368421,0.2631578947368421,0.2368421052631578,0.2368421052631578,30,36,"RNCMPT00059,max,GAAGGCC,RBD_v3_005437",1
"RNCMPT00272,max,UAGGUAG,RBD_v3_239404",157,1,0.0583333333333333,0.0083333333333333,0.0791666666666666,0.075,0.0416666666666666,0.075,0.0208333333333333,0.0458333333333333,0.1,0.0833333333333333,0.0166666666666666,0.0416666666666666,0.0375,0.0625,0.0583333333333333,0.0375,0.0416666666666666,0.0833333333333333,0.0041666666666666,0.0291666666666666,0.2368421052631578,0.1578947368421052,0.3684210526315789,0.2368421052631578,7,13,"RNCMPT00272,max,UAGGUAG,RBD_v3_239404",1
"RNCMPT00183,min,AGGGGGC,RBD_v3_036614",31,0,0.1139455782312925,0.0153061224489795,0.0476190476190476,0.0272108843537414,0.042517006802721,0.086734693877551,0.0255102040816326,0.0408163265306122,0.0510204081632653,0.0765306122448979,0.0289115646258503,0.0595238095238095,0.0493197278911564,0.0918367346938775,0.0289115646258503,0.0731292517006802,0.0561224489795918,0.0612244897959183,0.0017006802721088,0.0221088435374149,0.2857142857142857,0.2285714285714285,0.3428571428571428,0.1428571428571428,1,7,"RNCMPT00183,min,AGGGGGC,RBD_v3_036614",0
"RNCMPT00089,max,AGAGAAC,RBD_v3_007194",159,1,0.0543478260869565,0.0108695652173913,0.108695652173913,0.0543478260869565,0.0652173913043478,0.0543478260869565,0.0108695652173913,0.0434782608695652,0.0217391304347826,0.0652173913043478,0.0108695652173913,0.0326086956521739,0.0543478260869565,0.0434782608695652,0.1521739130434782,0.0326086956521739,0.0434782608695652,0.0760869565217391,0.0108695652173913,0.0543478260869565,0.4473684210526316,0.2105263157894736,0.2631578947368421,0.0789473684210526,12,18,"RNCMPT00089,max,AGAGAAC,RBD_v3_007194",0
"RNCMPT00179,min,ACUCGCA,RBD_v3_118630",163,0,0.1612903225806451,0.0040322580645161,0.0362903225806451,0.032258064516129,0.032258064516129,0.0725806451612903,0.0161290322580645,0.032258064516129,0.032258064516129,0.0846774193548387,0.0282258064516129,0.0443548387096774,0.064516129032258,0.1169354838709677,0.0362903225806451,0.0282258064516129,0.0604838709677419,0.064516129032258,0.0,0.0524193548387096,0.2857142857142857,0.3142857142857143,0.2,0.2,5,11,"RNCMPT00179,min,ACUCGCA,RBD_v3_118630",1
"RNCMPT00138,max,AGAUUGA,RBD_v3_160573",136,1,0.0285714285714285,0.0114285714285714,0.0514285714285714,0.0457142857142857,0.04,0.1028571428571428,0.0114285714285714,0.0342857142857142,0.04,0.08,0.0228571428571428,0.16,0.08,0.0628571428571428,0.08,0.0742857142857142,0.0171428571428571,0.0342857142857142,0.0,0.0228571428571428,0.2857142857142857,0.1714285714285714,0.2857142857142857,0.2571428571428571,1,7,"RNCMPT00138,max,AGAUUGA,RBD_v3_160573",0
"RNCMPT00252,max,GUAGAUA,RBD_v3_114558",182,1,0.0742705570291777,0.0053050397877984,0.0716180371352785,0.0716180371352785,0.0477453580901856,0.039787798408488,0.0318302387267904,0.0318302387267904,0.0848806366047745,0.1087533156498673,0.013262599469496,0.0583554376657824,0.0318302387267904,0.0371352785145888,0.1087533156498673,0.0583554376657824,0.0583554376657824,0.0477453580901856,0.0053050397877984,0.013262599469496,0.3714285714285714,0.1428571428571428,0.3142857142857143,0.1714285714285714,12,18,"RNCMPT00252,max,GUAGAUA,RBD_v3_114558",1
"RNCMPT00137,max,ACCCGGA,RBD_v3_090882",78,1,0.0833333333333333,0.0208333333333333,0.03125,0.0625,0.0,0.1041666666666666,0.0104166666666666,0.1354166666666666,0.0208333333333333,0.0520833333333333,0.0416666666666666,0.0729166666666666,0.0416666666666666,0.0729166666666666,0.0729166666666666,0.0729166666666666,0.0729166666666666,0.0208333333333333,0.0,0.0104166666666666,0.1842105263157894,0.3684210526315789,0.2105263157894736,0.2368421052631578,4,10,"RNCMPT00137,max,ACCCGGA,RBD_v3_090882",0
"RNCMPT00199,max,GGAGGAA,RBD_v3_211512",97,1,0.032520325203252,0.016260162601626,0.08130081300813,0.1016260162601626,0.0528455284552845,0.065040650406504,0.008130081300813,0.040650406504065,0.08130081300813,0.0528455284552845,0.016260162601626,0.08130081300813,0.0203252032520325,0.0121951219512195,0.1341463414634146,0.0528455284552845,0.0203252032520325,0.065040650406504,0.0121951219512195,0.0528455284552845,0.3157894736842105,0.131578947368421,0.4210526315789473,0.131578947368421,27,33,"RNCMPT00199,max,GGAGGAA,RBD_v3_211512",1
"RNCMPT00090,max,AGAGAAA,RBD_v3_155447",159,1,0.0543478260869565,0.0108695652173913,0.108695652173913,0.0543478260869565,0.0652173913043478,0.0543478260869565,0.0108695652173913,0.0434782608695652,0.0217391304347826,0.0652173913043478,0.0108695652173913,0.0326086956521739,0.0543478260869565,0.0434782608695652,0.1521739130434782,0.0326086956521739,0.0434782608695652,0.0760869565217391,0.0108695652173913,0.0543478260869565,0.3947368421052631,0.2368421052631578,0.2368421052631578,0.131578947368421,1,7,"RNCMPT00090,max,AGAGAAA,RBD_v3_155447",1
"RNCMPT00004,min,GACUCAC,RBD_v3_086033",10,0,0.133056133056133,0.0124740124740124,0.0353430353430353,0.0395010395010395,0.0478170478170478,0.0935550935550935,0.0187110187110187,0.0395010395010395,0.0415800415800415,0.0706860706860706,0.0498960498960499,0.0457380457380457,0.0914760914760914,0.0852390852390852,0.0353430353430353,0.0665280665280665,0.0374220374220374,0.0291060291060291,0.0,0.027027027027027,0.2285714285714285,0.3428571428571428,0.2571428571428571,0.1714285714285714,24,30,"RNCMPT00004,min,GACUCAC,RBD_v3_086033",1
"RNCMPT00062,min,GGGGGGC,RBD_v3_063164",60,0,0.0682926829268292,0.0048780487804878,0.048780487804878,0.0585365853658536,0.024390243902439,0.0878048780487804,0.0195121951219512,0.0292682926829268,0.0878048780487804,0.0926829268292682,0.024390243902439,0.024390243902439,0.1317073170731707,0.0292682926829268,0.0682926829268292,0.0926829268292682,0.048780487804878,0.0439024390243902,0.0,0.0146341463414634,0.2631578947368421,0.2368421052631578,0.2368421052631578,0.2631578947368421,2,8,"RNCMPT00062,min,GGGGGGC,RBD_v3_063164",1
"RNCMPT00239,min,GGGUGAG,RBD_v3_207160",94,0,0.0870786516853932,0.0252808988764044,0.0308988764044943,0.0561797752808988,0.0112359550561797,0.1011235955056179,0.0196629213483146,0.095505617977528,0.0393258426966292,0.0674157303370786,0.0337078651685393,0.0393258426966292,0.0533707865168539,0.0561797752808988,0.0449438202247191,0.098314606741573,0.0702247191011236,0.0533707865168539,0.0028089887640449,0.0140449438202247,0.3714285714285714,0.2285714285714285,0.2285714285714285,0.1714285714285714,11,17,"RNCMPT00239,min,GGGUGAG,RBD_v3_207160",1
"RNCMPT00060,max,AGAGAAA,RBD_v3_202498",137,1,0.0823529411764705,0.0117647058823529,0.0117647058823529,0.0705882352941176,0.0411764705882352,0.0647058823529411,0.0235294117647058,0.0470588235294117,0.1117647058823529,0.0705882352941176,0.0117647058823529,0.0470588235294117,0.1,0.0470588235294117,0.0588235294117647,0.0764705882352941,0.0411764705882352,0.0705882352941176,0.0,0.0117647058823529,0.3421052631578947,0.1842105263157894,0.2631578947368421,0.2105263157894736,6,12,"RNCMPT00060,max,AGAGAAA,RBD_v3_202498",0
"RNCMPT00082,max,GCUGGUC,RBD_v3_114193",193,1,0.0581395348837209,0.0,0.0813953488372093,0.0465116279069767,0.0116279069767441,0.0465116279069767,0.0116279069767441,0.0697674418604651,0.1162790697674418,0.1744186046511628,0.0348837209302325,0.0348837209302325,0.0465116279069767,0.0,0.0581395348837209,0.0930232558139534,0.0348837209302325,0.0232558139534883,0.0232558139534883,0.0348837209302325,0.1842105263157894,0.3157894736842105,0.2368421052631578,0.2631578947368421,5,11,"RNCMPT00082,max,GCUGGUC,RBD_v3_114193",0
"RNCMPT00038,max,AGCUUGC,RBD_v3_109662",72,1,0.1492146596858638,0.0366492146596858,0.0235602094240837,0.0340314136125654,0.0287958115183246,0.0418848167539267,0.0261780104712041,0.0366492146596858,0.0418848167539267,0.0680628272251308,0.0418848167539267,0.0523560209424083,0.0916230366492146,0.0654450261780104,0.0445026178010471,0.0523560209424083,0.0785340314136125,0.06282722513089,0.0026178010471204,0.0209424083769633,0.2,0.2333333333333333,0.3333333333333333,0.2333333333333333,12,18,"RNCMPT00038,max,AGCUUGC,RBD_v3_109662",1
"RNCMPT00162,max,CGGAGGA,RBD_v3_116228",64,1,0.1004784688995215,0.0430622009569378,0.0287081339712918,0.0909090909090909,0.0526315789473684,0.1004784688995215,0.0382775119617224,0.0239234449760765,0.0813397129186602,0.0574162679425837,0.0287081339712918,0.0191387559808612,0.0717703349282296,0.0526315789473684,0.0526315789473684,0.0717703349282296,0.0239234449760765,0.0478468899521531,0.0047846889952153,0.0095693779904306,0.3333333333333333,0.2,0.3333333333333333,0.1333333333333333,11,17,"RNCMPT00162,max,CGGAGGA,RBD_v3_116228",1
"RNCMPT00225,min,GGGGGCC,RBD_v3_207323",184,0,0.1048689138576779,0.0074906367041198,0.0599250936329588,0.0374531835205992,0.0299625468164794,0.0861423220973782,0.0074906367041198,0.0374531835205992,0.0861423220973782,0.1011235955056179,0.0262172284644194,0.0299625468164794,0.0449438202247191,0.0299625468164794,0.048689138576779,0.0898876404494382,0.0898876404494382,0.0524344569288389,0.0074906367041198,0.0224719101123595,0.1333333333333333,0.1333333333333333,0.5,0.2333333333333333,11,17,"RNCMPT00225,min,GGGGGCC,RBD_v3_207323",1
"RNCMPT00178,min,GUGUGUC,RBD_v3_019656",50,0,0.062730627306273,0.0276752767527675,0.040590405904059,0.070110701107011,0.0387453874538745,0.077490774907749,0.025830258302583,0.0387453874538745,0.059040590405904,0.077490774907749,0.022140221402214,0.0498154981549815,0.0535055350553505,0.033210332103321,0.055350553505535,0.088560885608856,0.051660516605166,0.0793357933579335,0.003690036900369,0.044280442804428,0.2571428571428571,0.2,0.2857142857142857,0.2571428571428571,7,13,"RNCMPT00178,min,GUGUGUC,RBD_v3_019656",1
"RNCMPT00283,max,GUGUGUG,RBD_v3_104995",142,1,0.0620689655172413,0.0068965517241379,0.0551724137931034,0.0275862068965517,0.0413793103448275,0.0827586206896551,0.0206896551724137,0.0482758620689655,0.0551724137931034,0.0758620689655172,0.0275862068965517,0.0275862068965517,0.0689655172413793,0.0689655172413793,0.0482758620689655,0.0551724137931034,0.096551724137931,0.0689655172413793,0.0,0.0620689655172413,0.2333333333333333,0.1666666666666666,0.3333333333333333,0.2666666666666666,11,17,"RNCMPT00283,max,GUGUGUG,RBD_v3_104995",1
"RNCMPT00016,min,CUGUUCU,RBD_v3_059445",33,0,0.0541516245487364,0.003610108303249,0.0613718411552346,0.0866425992779783,0.0324909747292418,0.0505415162454873,0.0288808664259927,0.0685920577617328,0.0685920577617328,0.0830324909747292,0.0216606498194945,0.0577617328519855,0.0469314079422382,0.0577617328519855,0.0685920577617328,0.0722021660649819,0.0433212996389891,0.0794223826714801,0.0,0.0144404332129963,0.1842105263157894,0.3157894736842105,0.1842105263157894,0.3157894736842105,4,10,"RNCMPT00016,min,CUGUUCU,RBD_v3_059445",1
"RNCMPT00178,max,GCACACA,RBD_v3_152810",50,1,0.062730627306273,0.0276752767527675,0.040590405904059,0.070110701107011,0.0387453874538745,0.077490774907749,0.025830258302583,0.0387453874538745,0.059040590405904,0.077490774907749,0.022140221402214,0.0498154981549815,0.0535055350553505,0.033210332103321,0.055350553505535,0.088560885608856,0.051660516605166,0.0793357933579335,0.003690036900369,0.044280442804428,0.3428571428571428,0.2285714285714285,0.2,0.2285714285714285,12,18,"RNCMPT00178,max,GCACACA,RBD_v3_152810",1
"RNCMPT00122,max,UGGUGUU,RBD_v3_198904",9,1,0.1346153846153846,0.0144230769230769,0.0288461538461538,0.0336538461538461,0.0649038461538461,0.0841346153846153,0.0264423076923076,0.0384615384615384,0.0360576923076923,0.0745192307692307,0.0384615384615384,0.0456730769230769,0.1033653846153846,0.0865384615384615,0.03125,0.0552884615384615,0.0432692307692307,0.0432692307692307,0.0,0.016826923076923,0.0769230769230769,0.0769230769230769,0.4358974358974359,0.4102564102564102,6,12,"RNCMPT00122,max,UGGUGUU,RBD_v3_198904",0
"RNCMPT00176,max,UAGUUAG,RBD_v3_022963",77,1,0.0911602209944751,0.011049723756906,0.0414364640883977,0.0524861878453038,0.0607734806629834,0.1049723756906077,0.0220994475138121,0.0276243093922651,0.0469613259668508,0.0552486187845303,0.0441988950276243,0.0165745856353591,0.0856353591160221,0.0359116022099447,0.0497237569060773,0.0690607734806629,0.0828729281767955,0.0635359116022099,0.005524861878453,0.0331491712707182,0.3421052631578947,0.1842105263157894,0.1842105263157894,0.2894736842105263,18,24,"RNCMPT00176,max,UAGUUAG,RBD_v3_022963",0
"RNCMPT00026,min,GGUGGGU,RBD_v3_135832",47,0,0.0474137931034482,0.0107758620689655,0.0732758620689655,0.0732758620689655,0.0258620689655172,0.1206896551724138,0.0086206896551724,0.0754310344827586,0.0452586206896551,0.0625,0.0258620689655172,0.0258620689655172,0.0883620689655172,0.0452586206896551,0.0775862068965517,0.0668103448275862,0.0517241379310344,0.0323275862068965,0.0064655172413793,0.0366379310344827,0.3142857142857143,0.1142857142857142,0.3714285714285714,0.2,24,30,"RNCMPT00026,min,GGUGGGU,RBD_v3_135832",1
"RNCMPT00282,min,GUGAGUC,RBD_v3_218560",144,0,0.0405405405405405,0.0135135135135135,0.081081081081081,0.0743243243243243,0.0405405405405405,0.0608108108108108,0.0,0.0337837837837837,0.1351351351351351,0.0675675675675675,0.0202702702702702,0.0337837837837837,0.0472972972972973,0.0337837837837837,0.1081081081081081,0.054054054054054,0.0337837837837837,0.0743243243243243,0.0202702702702702,0.027027027027027,0.3421052631578947,0.2368421052631578,0.2631578947368421,0.1578947368421052,8,14,"RNCMPT00282,min,GUGAGUC,RBD_v3_218560",1
"RNCMPT00291,min,GUUCGUC,RBD_v3_148666",0,0,0.0823529411764705,0.0117647058823529,0.0529411764705882,0.0794117647058823,0.038235294117647,0.0941176470588235,0.0147058823529411,0.0558823529411764,0.0735294117647058,0.0705882352941176,0.0264705882352941,0.05,0.05,0.0264705882352941,0.0705882352941176,0.0264705882352941,0.0470588235294117,0.0764705882352941,0.0088235294117647,0.0441176470588235,0.1714285714285714,0.3142857142857143,0.2857142857142857,0.2285714285714285,20,26,"RNCMPT00291,min,GUUCGUC,RBD_v3_148666",0
"RNCMPT00141,min,GGGGGCC,RBD_v3_152881",105,0,0.1438848920863309,0.0071942446043165,0.0377697841726618,0.066546762589928,0.0323741007194244,0.0701438848920863,0.014388489208633,0.0521582733812949,0.0503597122302158,0.0863309352517985,0.0359712230215827,0.0341726618705036,0.0575539568345323,0.0755395683453237,0.0341726618705036,0.0539568345323741,0.0521582733812949,0.079136690647482,0.0017985611510791,0.014388489208633,0.1666666666666666,0.2666666666666666,0.4,0.1666666666666666,6,12,"RNCMPT00141,min,GGGGGCC,RBD_v3_152881",0
"RNCMPT00102,max,UGUACAG,RBD_v3_195688",106,1,0.0562130177514792,0.0236686390532544,0.0414201183431952,0.0710059171597633,0.0355029585798816,0.0502958579881656,0.0502958579881656,0.0621301775147929,0.0710059171597633,0.0917159763313609,0.029585798816568,0.044378698224852,0.0236686390532544,0.0917159763313609,0.044378698224852,0.0414201183431952,0.0473372781065088,0.0828402366863905,0.0,0.0414201183431952,0.2571428571428571,0.1714285714285714,0.3142857142857143,0.2571428571428571,15,21,"RNCMPT00102,max,UGUACAG,RBD_v3_195688",1
"RNCMPT00123,min,AGAGUCG,RBD_v3_015863",1,0,0.1834319526627219,0.0059171597633136,0.029585798816568,0.0414201183431952,0.0473372781065088,0.0710059171597633,0.0236686390532544,0.0414201183431952,0.0355029585798816,0.0473372781065088,0.0118343195266272,0.0532544378698224,0.0473372781065088,0.0355029585798816,0.0710059171597633,0.0710059171597633,0.0473372781065088,0.1242603550295858,0.0059171597633136,0.0059171597633136,0.3,0.2666666666666666,0.2666666666666666,0.1666666666666666,1,7,"RNCMPT00123,min,AGAGUCG,RBD_v3_015863",1
"RNCMPT00237,min,AGACCAC,RBD_v3_200824",111,0,0.0808510638297872,0.0042553191489361,0.0723404255319148,0.0468085106382978,0.0425531914893617,0.0808510638297872,0.0170212765957446,0.0468085106382978,0.0553191489361702,0.0808510638297872,0.0212765957446808,0.0638297872340425,0.0553191489361702,0.0340425531914893,0.0468085106382978,0.076595744680851,0.0553191489361702,0.0723404255319148,0.0042553191489361,0.0425531914893617,0.3428571428571428,0.2285714285714285,0.2571428571428571,0.1714285714285714,1,7,"RNCMPT00237,min,AGACCAC,RBD_v3_200824",0
"RNCMPT00084,min,GCCCCUC,RBD_v3_180883",195,0,0.1071428571428571,0.0027472527472527,0.0302197802197802,0.0604395604395604,0.0329670329670329,0.1208791208791208,0.0054945054945054,0.0192307692307692,0.0329670329670329,0.0137362637362637,0.0054945054945054,0.0329670329670329,0.1593406593406593,0.0576923076923076,0.1098901098901098,0.0467032967032967,0.0631868131868131,0.0796703296703296,0.0054945054945054,0.0137362637362637,0.2,0.3142857142857143,0.2571428571428571,0.2285714285714285,7,13,"RNCMPT00084,min,GCCCCUC,RBD_v3_180883",1
"RNCMPT00097,min,ACCCCCC,RBD_v3_130727",63,0,0.0579710144927536,0.0289855072463768,0.0531400966183574,0.072463768115942,0.038647342995169,0.1111111111111111,0.0144927536231884,0.0289855072463768,0.0628019323671497,0.0628019323671497,0.0144927536231884,0.0434782608695652,0.0579710144927536,0.0434782608695652,0.072463768115942,0.038647342995169,0.0628019323671497,0.0917874396135265,0.0048309178743961,0.038647342995169,0.1666666666666666,0.4666666666666667,0.2666666666666666,0.1,21,27,"RNCMPT00097,min,ACCCCCC,RBD_v3_130727",1
"RNCMPT00143,min,GUGGUUU,RBD_v3_120086",155,0,0.0584795321637426,0.0,0.0584795321637426,0.1228070175438596,0.0292397660818713,0.0760233918128654,0.0292397660818713,0.0584795321637426,0.087719298245614,0.0701754385964912,0.0058479532163742,0.0292397660818713,0.0409356725146198,0.0175438596491228,0.1403508771929824,0.0292397660818713,0.0467836257309941,0.0467836257309941,0.0116959064327485,0.0409356725146198,0.2,0.1333333333333333,0.3333333333333333,0.3333333333333333,19,25,"RNCMPT00143,min,GUGGUUU,RBD_v3_120086",1
"RNCMPT00088,min,UUUCUUU,RBD_v3_083963",159,0,0.0543478260869565,0.0108695652173913,0.108695652173913,0.0543478260869565,0.0652173913043478,0.0543478260869565,0.0108695652173913,0.0434782608695652,0.0217391304347826,0.0652173913043478,0.0108695652173913,0.0326086956521739,0.0543478260869565,0.0434782608695652,0.1521739130434782,0.0326086956521739,0.0434782608695652,0.0760869565217391,0.0108695652173913,0.0543478260869565,0.2368421052631578,0.1052631578947368,0.2631578947368421,0.3947368421052631,32,38,"RNCMPT00088,min,UUUCUUU,RBD_v3_083963",1
"RNCMPT00110,min,GUGCGGU,RBD_v3_221863",158,0,0.0495049504950495,0.0099009900990099,0.099009900990099,0.0544554455445544,0.0346534653465346,0.1633663366336633,0.0099009900990099,0.0346534653465346,0.0396039603960396,0.0297029702970297,0.0148514851485148,0.0297029702970297,0.0693069306930693,0.0049504950495049,0.1237623762376237,0.0495049504950495,0.0297029702970297,0.0841584158415841,0.0049504950495049,0.0643564356435643,0.2,0.2571428571428571,0.2285714285714285,0.3142857142857143,5,11,"RNCMPT00110,min,GUGCGGU,RBD_v3_221863",1
"RNCMPT00255,min,GGGGGGC,RBD_v3_122622",68,0,0.0855745721271393,0.0097799511002444,0.0586797066014669,0.0782396088019559,0.0488997555012225,0.0782396088019559,0.0073349633251833,0.0268948655256723,0.0635696821515892,0.0709046454767726,0.0317848410757946,0.0342298288508557,0.0415647921760391,0.0586797066014669,0.0904645476772616,0.0684596577017114,0.0342298288508557,0.0733496332518337,0.0024449877750611,0.0366748166259168,0.3421052631578947,0.1052631578947368,0.2894736842105263,0.2631578947368421,4,10,"RNCMPT00255,min,GGGGGGC,RBD_v3_122622",1
"RNCMPT00142,max,AUAAUCA,RBD_v3_092273",114,1,0.0476190476190476,0.0059523809523809,0.0476190476190476,0.0952380952380952,0.0238095238095238,0.0535714285714285,0.0416666666666666,0.0773809523809523,0.1011904761904761,0.0773809523809523,0.0416666666666666,0.0357142857142857,0.0595238095238095,0.0238095238095238,0.0773809523809523,0.0595238095238095,0.0238095238095238,0.0595238095238095,0.0,0.0476190476190476,0.3684210526315789,0.1578947368421052,0.2105263157894736,0.2631578947368421,5,11,"RNCMPT00142,max,AUAAUCA,RBD_v3_092273",0
"RNCMPT00020,max,GGACAGG,RBD_v3_231818",38,1,0.0646551724137931,0.0086206896551724,0.0344827586206896,0.1034482758620689,0.0344827586206896,0.0948275862068965,0.0172413793103448,0.0517241379310344,0.0517241379310344,0.0991379310344827,0.0172413793103448,0.0344827586206896,0.0344827586206896,0.0560344827586206,0.0818965517241379,0.0646551724137931,0.0560344827586206,0.0732758620689655,0.0,0.021551724137931,0.3421052631578947,0.2631578947368421,0.2894736842105263,0.1052631578947368,2,8,"RNCMPT00020,max,GGACAGG,RBD_v3_231818",1
"RNCMPT00132,min,GAGUCGU,RBD_v3_076525",134,0,0.1070496083550913,0.010443864229765,0.031331592689295,0.04177545691906,0.0391644908616188,0.0704960835509138,0.0052219321148825,0.0600522193211488,0.0548302872062663,0.0678851174934725,0.0130548302872062,0.1357702349869451,0.04177545691906,0.0443864229765013,0.0365535248041775,0.0835509138381201,0.0678851174934725,0.0548302872062663,0.0052219321148825,0.0287206266318537,0.2368421052631578,0.2105263157894736,0.2631578947368421,0.2894736842105263,19,25,"RNCMPT00132,min,GAGUCGU,RBD_v3_076525",1
"RNCMPT00200,min,GACGGGG,RBD_v3_075374",99,0,0.0615384615384615,0.0065934065934065,0.0351648351648351,0.0769230769230769,0.0505494505494505,0.0615384615384615,0.0131868131868131,0.0571428571428571,0.0813186813186813,0.0615384615384615,0.0263736263736263,0.0967032967032967,0.0725274725274725,0.0593406593406593,0.0263736263736263,0.0813186813186813,0.0395604395604395,0.0527472527472527,0.0065934065934065,0.0329670329670329,0.3142857142857143,0.1142857142857142,0.3428571428571428,0.2285714285714285,2,8,"RNCMPT00200,min,GACGGGG,RBD_v3_075374",0
"RNCMPT00148,min,CCCCCCC,RBD_v3_004576",139,0,0.1124260355029585,0.0118343195266272,0.0355029585798816,0.059171597633136,0.0502958579881656,0.0976331360946745,0.0325443786982248,0.0502958579881656,0.0621301775147929,0.0414201183431952,0.029585798816568,0.0680473372781065,0.0562130177514792,0.0325443786982248,0.0325443786982248,0.0798816568047337,0.0532544378698224,0.0621301775147929,0.0118343195266272,0.0207100591715976,0.2631578947368421,0.3421052631578947,0.2894736842105263,0.1052631578947368,28,34,"RNCMPT00148,min,CCCCCCC,RBD_v3_004576",1
"RNCMPT00020,min,CUCACCC,RBD_v3_157859",38,0,0.0646551724137931,0.0086206896551724,0.0344827586206896,0.1034482758620689,0.0344827586206896,0.0948275862068965,0.0172413793103448,0.0517241379310344,0.0517241379310344,0.0991379310344827,0.0172413793103448,0.0344827586206896,0.0344827586206896,0.0560344827586206,0.0818965517241379,0.0646551724137931,0.0560344827586206,0.0732758620689655,0.0,0.021551724137931,0.2368421052631578,0.2631578947368421,0.2368421052631578,0.2631578947368421,16,22,"RNCMPT00020,min,CUCACCC,RBD_v3_157859",1
"RNCMPT00114,min,AGAGUCG,RBD_v3_087382",3,0,0.1349036402569593,0.0149892933618843,0.038543897216274,0.038543897216274,0.0406852248394004,0.0578158458244111,0.0171306209850107,0.0449678800856531,0.0685224839400428,0.0920770877944325,0.025695931477516,0.0513918629550321,0.0578158458244111,0.0728051391862955,0.0171306209850107,0.0792291220556745,0.0706638115631691,0.0578158458244111,0.0042826552462526,0.0149892933618843,0.3684210526315789,0.1578947368421052,0.3421052631578947,0.131578947368421,1,7,"RNCMPT00114,min,AGAGUCG,RBD_v3_087382",0
"RNCMPT00111,max,GCUGGUC,RBD_v3_101848",193,1,0.0581395348837209,0.0,0.0813953488372093,0.0465116279069767,0.0116279069767441,0.0465116279069767,0.0116279069767441,0.0697674418604651,0.1162790697674418,0.1744186046511628,0.0348837209302325,0.0348837209302325,0.0465116279069767,0.0,0.0581395348837209,0.0930232558139534,0.0348837209302325,0.0232558139534883,0.0232558139534883,0.0348837209302325,0.2368421052631578,0.1578947368421052,0.2894736842105263,0.3157894736842105,22,28,"RNCMPT00111,max,GCUGGUC,RBD_v3_101848",1
"RNCMPT00064,min,UUUGCAG,RBD_v3_022234",147,0,0.0711610486891385,0.0224719101123595,0.0411985018726591,0.0861423220973782,0.0374531835205992,0.0599250936329588,0.0112359550561797,0.0337078651685393,0.1048689138576779,0.0749063670411985,0.0299625468164794,0.0299625468164794,0.0786516853932584,0.0411985018726591,0.0599250936329588,0.0749063670411985,0.0411985018726591,0.0749063670411985,0.0,0.0262172284644194,0.2285714285714285,0.1428571428571428,0.2285714285714285,0.4,6,12,"RNCMPT00064,min,UUUGCAG,RBD_v3_022234",1
"RNCMPT00046,min,UCUUCUU,RBD_v3_163386",106,0,0.0997442455242966,0.0204603580562659,0.0358056265984654,0.0613810741687979,0.0306905370843989,0.0639386189258312,0.0434782608695652,0.0588235294117647,0.0639386189258312,0.0792838874680307,0.0255754475703324,0.0434782608695652,0.0306905370843989,0.0843989769820971,0.0409207161125319,0.0434782608695652,0.0511508951406649,0.0869565217391304,0.0,0.0358056265984654,0.1714285714285714,0.3428571428571428,0.1714285714285714,0.3142857142857143,13,19,"RNCMPT00046,min,UCUUCUU,RBD_v3_163386",1
"RNCMPT00114,min,AGAGUCG,RBD_v3_012837",3,0,0.1349036402569593,0.0149892933618843,0.038543897216274,0.038543897216274,0.0406852248394004,0.0578158458244111,0.0171306209850107,0.0449678800856531,0.0685224839400428,0.0920770877944325,0.025695931477516,0.0513918629550321,0.0578158458244111,0.0728051391862955,0.0171306209850107,0.0792291220556745,0.0706638115631691,0.0578158458244111,0.0042826552462526,0.0149892933618843,0.4285714285714285,0.1714285714285714,0.2285714285714285,0.1714285714285714,1,7,"RNCMPT00114,min,AGAGUCG,RBD_v3_012837",1
"RNCMPT00166,max,UGUGUUU,RBD_v3_146939",11,1,0.088659793814433,0.0144329896907216,0.0371134020618556,0.0391752577319587,0.0494845360824742,0.0865979381443299,0.0268041237113402,0.0391752577319587,0.0432989690721649,0.0927835051546391,0.0288659793814433,0.0185567010309278,0.0989690721649484,0.0824742268041237,0.0412371134020618,0.0721649484536082,0.0597938144329896,0.0556701030927835,0.0,0.0247422680412371,0.1282051282051282,0.2051282051282051,0.282051282051282,0.3846153846153846,6,12,"RNCMPT00166,max,UGUGUUU,RBD_v3_146939",1
"RNCMPT00147,max,AACUAAG,RBD_v3_148644",16,1,0.0718954248366013,0.0065359477124183,0.0849673202614379,0.0522875816993464,0.0718954248366013,0.0588235294117647,0.0,0.0326797385620915,0.1045751633986928,0.0522875816993464,0.0196078431372549,0.0261437908496732,0.0261437908496732,0.0392156862745098,0.1176470588235294,0.0718954248366013,0.065359477124183,0.0718954248366013,0.0196078431372549,0.0065359477124183,0.3421052631578947,0.1578947368421052,0.2894736842105263,0.2105263157894736,19,25,"RNCMPT00147,max,AACUAAG,RBD_v3_148644",1
"RNCMPT00154,min,UCGUCGU,RBD_v3_083816",127,0,0.0693069306930693,0.0198019801980198,0.0858085808580858,0.0594059405940594,0.0396039603960396,0.0495049504950495,0.0264026402640264,0.0561056105610561,0.0561056105610561,0.066006600660066,0.0264026402640264,0.0363036303630363,0.0396039603960396,0.0528052805280528,0.0759075907590759,0.099009900990099,0.0462046204620462,0.0495049504950495,0.0099009900990099,0.0363036303630363,0.2368421052631578,0.131578947368421,0.4210526315789473,0.2105263157894736,30,36,"RNCMPT00154,min,UCGUCGU,RBD_v3_083816",0
"RNCMPT00008,min,AGGGGGG,RBD_v3_233807",22,0,0.0621468926553672,0.0169491525423728,0.0451977401129943,0.0621468926553672,0.0338983050847457,0.0564971751412429,0.03954802259887,0.0508474576271186,0.1016949152542373,0.0677966101694915,0.0282485875706214,0.0564971751412429,0.0508474576271186,0.0677966101694915,0.0451977401129943,0.0564971751412429,0.0451977401129943,0.0677966101694915,0.0,0.0451977401129943,0.2105263157894736,0.1578947368421052,0.3684210526315789,0.2631578947368421,1,7,"RNCMPT00008,min,AGGGGGG,RBD_v3_233807",1
"RNCMPT00246,max,AUUUCCC,RBD_v3_026905",107,1,0.0880503144654088,0.0188679245283018,0.0220125786163522,0.0628930817610062,0.0157232704402515,0.10062893081761,0.0125786163522012,0.110062893081761,0.0534591194968553,0.0628930817610062,0.0345911949685534,0.0314465408805031,0.0660377358490566,0.0534591194968553,0.0377358490566037,0.1037735849056603,0.0628930817610062,0.0534591194968553,0.0,0.0094339622641509,0.3157894736842105,0.2894736842105263,0.1578947368421052,0.2368421052631578,31,37,"RNCMPT00246,max,AUUUCCC,RBD_v3_026905",0
"RNCMPT00175,min,CCCCCCC,RBD_v3_183991",151,0,0.1265060240963855,0.0080321285140562,0.0341365461847389,0.0261044176706827,0.0200803212851405,0.0803212851405622,0.0080321285140562,0.038152610441767,0.0401606425702811,0.0461847389558232,0.036144578313253,0.0502008032128514,0.0943775100401606,0.0843373493975903,0.0261044176706827,0.07429718875502,0.0923694779116465,0.0542168674698795,0.0080321285140562,0.0522088353413654,0.2368421052631578,0.3157894736842105,0.3421052631578947,0.1052631578947368,27,33,"RNCMPT00175,min,CCCCCCC,RBD_v3_183991",1
"RNCMPT00156,max,AGACAGA,RBD_v3_170250",22,1,0.0677966101694915,0.0225988700564971,0.0338983050847457,0.0847457627118644,0.0282485875706214,0.0508474576271186,0.0225988700564971,0.0338983050847457,0.1073446327683615,0.0734463276836158,0.0169491525423728,0.0508474576271186,0.0451977401129943,0.0677966101694915,0.0508474576271186,0.0734463276836158,0.0338983050847457,0.0847457627118644,0.0,0.0508474576271186,0.2894736842105263,0.2368421052631578,0.2368421052631578,0.2368421052631578,1,7,"RNCMPT00156,max,AGACAGA,RBD_v3_170250",1
"RNCMPT00139,max,AGAAAAU,RBD_v3_145115",87,1,0.0833333333333333,0.0098039215686274,0.0588235294117647,0.0735294117647058,0.0637254901960784,0.0759803921568627,0.0098039215686274,0.0367647058823529,0.0906862745098039,0.0686274509803921,0.0269607843137254,0.0539215686274509,0.0294117647058823,0.0367647058823529,0.0612745098039215,0.0637254901960784,0.0441176470588235,0.0735294117647058,0.0024509803921568,0.0367647058823529,0.3421052631578947,0.2631578947368421,0.2368421052631578,0.1578947368421052,1,7,"RNCMPT00139,max,AGAAAAU,RBD_v3_145115",1
"RNCMPT00001,min,GAGUCGU,RBD_v3_157972",0,0,0.0735294117647058,0.0117647058823529,0.05,0.0852941176470588,0.0352941176470588,0.0941176470588235,0.0088235294117647,0.05,0.0735294117647058,0.0735294117647058,0.0323529411764705,0.0470588235294117,0.0470588235294117,0.0235294117647058,0.0676470588235294,0.0441176470588235,0.0470588235294117,0.0823529411764705,0.0088235294117647,0.0441176470588235,0.3157894736842105,0.2631578947368421,0.2368421052631578,0.1842105263157894,11,17,"RNCMPT00001,min,GAGUCGU,RBD_v3_157972",1
"RNCMPT00177,min,GGGGGCC,RBD_v3_087406",150,0,0.085972850678733,0.0090497737556561,0.0452488687782805,0.1085972850678733,0.0678733031674208,0.0769230769230769,0.0090497737556561,0.0407239819004524,0.0678733031674208,0.090497737556561,0.0090497737556561,0.0271493212669683,0.0633484162895927,0.0316742081447963,0.090497737556561,0.0542986425339366,0.0497737556561085,0.0542986425339366,0.0,0.0180995475113122,0.2666666666666666,0.2333333333333333,0.4,0.1,12,18,"RNCMPT00177,min,GGGGGCC,RBD_v3_087406",1
"RNCMPT00248,min,AGUGUUG,RBD_v3_084691",143,0,0.0732984293193717,0.0104712041884816,0.06282722513089,0.0732984293193717,0.0418848167539267,0.0890052356020942,0.0366492146596858,0.0575916230366492,0.0732984293193717,0.0523560209424083,0.0209424083769633,0.0523560209424083,0.0890052356020942,0.031413612565445,0.0523560209424083,0.0366492146596858,0.0366492146596858,0.0575916230366492,0.0052356020942408,0.0471204188481675,0.2894736842105263,0.1578947368421052,0.3421052631578947,0.2105263157894736,11,17,"RNCMPT00248,min,AGUGUUG,RBD_v3_084691",1
"RNCMPT00045,min,GGGGGGG,RBD_v3_224570",103,0,0.048780487804878,0.0182926829268292,0.073170731707317,0.073170731707317,0.073170731707317,0.048780487804878,0.024390243902439,0.0365853658536585,0.048780487804878,0.048780487804878,0.0060975609756097,0.0121951219512195,0.0365853658536585,0.0548780487804878,0.1585365853658536,0.1280487804878048,0.024390243902439,0.0426829268292682,0.0,0.0426829268292682,0.2857142857142857,0.1714285714285714,0.4857142857142857,0.0571428571428571,23,29,"RNCMPT00045,min,GGGGGGG,RBD_v3_224570",0
"RNCMPT00249,max,AUUGCAC,RBD_v3_028293",112,1,0.1403508771929824,0.0043859649122807,0.0482456140350877,0.0482456140350877,0.0526315789473684,0.0570175438596491,0.0087719298245614,0.0263157894736842,0.0921052631578947,0.087719298245614,0.0219298245614035,0.043859649122807,0.0745614035087719,0.0614035087719298,0.0570175438596491,0.0482456140350877,0.0350877192982456,0.0745614035087719,0.0043859649122807,0.0131578947368421,0.2571428571428571,0.2285714285714285,0.3142857142857143,0.2,12,18,"RNCMPT00249,max,AUUGCAC,RBD_v3_028293",1
"RNCMPT00261,min,GGGGGGG,RBD_v3_148566",82,0,0.0343980343980344,0.0171990171990172,0.0589680589680589,0.0761670761670761,0.0614250614250614,0.0466830466830466,0.0171990171990172,0.0761670761670761,0.1007371007371007,0.0687960687960688,0.0147420147420147,0.0712530712530712,0.0589680589680589,0.0417690417690417,0.054054054054054,0.0687960687960688,0.0614250614250614,0.0368550368550368,0.0024570024570024,0.0319410319410319,0.3333333333333333,0.1666666666666666,0.4333333333333333,0.0666666666666666,2,8,"RNCMPT00261,min,GGGGGGG,RBD_v3_148566",1
"RNCMPT00077,max,UUUUUUG,RBD_v3_152636",170,1,0.0693333333333333,0.016,0.0346666666666666,0.0453333333333333,0.0426666666666666,0.0986666666666666,0.0213333333333333,0.0426666666666666,0.0506666666666666,0.0346666666666666,0.04,0.0613333333333333,0.0613333333333333,0.088,0.032,0.0666666666666666,0.0586666666666666,0.064,0.0266666666666666,0.0453333333333333,0.2105263157894736,0.1842105263157894,0.2368421052631578,0.3684210526315789,32,38,"RNCMPT00077,max,UUUUUUG,RBD_v3_152636",1
"RNCMPT00177,max,GUAGUGU,RBD_v3_037143",150,1,0.085972850678733,0.0090497737556561,0.0452488687782805,0.1085972850678733,0.0678733031674208,0.0769230769230769,0.0090497737556561,0.0407239819004524,0.0678733031674208,0.090497737556561,0.0090497737556561,0.0271493212669683,0.0633484162895927,0.0316742081447963,0.090497737556561,0.0542986425339366,0.0497737556561085,0.0542986425339366,0.0,0.0180995475113122,0.2105263157894736,0.2105263157894736,0.2631578947368421,0.3157894736842105,5,11,"RNCMPT00177,max,GUAGUGU,RBD_v3_037143",0
"RNCMPT00199,min,CUGGCCU,RBD_v3_156157",97,0,0.032520325203252,0.016260162601626,0.08130081300813,0.1016260162601626,0.0528455284552845,0.065040650406504,0.008130081300813,0.040650406504065,0.08130081300813,0.0528455284552845,0.016260162601626,0.08130081300813,0.0203252032520325,0.0121951219512195,0.1341463414634146,0.0528455284552845,0.0203252032520325,0.065040650406504,0.0121951219512195,0.0528455284552845,0.3428571428571428,0.2,0.1714285714285714,0.2857142857142857,6,12,"RNCMPT00199,min,CUGGCCU,RBD_v3_156157",1
"RNCMPT00149,min,UUUUUUU,RBD_v3_128298",29,0,0.0496894409937888,0.0372670807453416,0.0496894409937888,0.0993788819875776,0.0496894409937888,0.0559006211180124,0.0248447204968944,0.0559006211180124,0.0683229813664596,0.062111801242236,0.0186335403726708,0.0248447204968944,0.0993788819875776,0.031055900621118,0.0993788819875776,0.0496894409937888,0.0434782608695652,0.0559006211180124,0.0062111801242236,0.0186335403726708,0.1578947368421052,0.2105263157894736,0.2105263157894736,0.4210526315789473,15,21,"RNCMPT00149,min,UUUUUUU,RBD_v3_128298",1
"RNCMPT00255,min,GGGGGGC,RBD_v3_148767",68,0,0.0855745721271393,0.0097799511002444,0.0586797066014669,0.0782396088019559,0.0488997555012225,0.0782396088019559,0.0073349633251833,0.0268948655256723,0.0635696821515892,0.0709046454767726,0.0317848410757946,0.0342298288508557,0.0415647921760391,0.0586797066014669,0.0904645476772616,0.0684596577017114,0.0342298288508557,0.0733496332518337,0.0024449877750611,0.0366748166259168,0.1025641025641025,0.1794871794871795,0.3846153846153846,0.3333333333333333,29,35,"RNCMPT00255,min,GGGGGGC,RBD_v3_148767",1
"RNCMPT00053,min,GUGUGAG,RBD_v3_031458",122,0,0.0392156862745098,0.0130718954248366,0.0130718954248366,0.0849673202614379,0.0522875816993464,0.065359477124183,0.0130718954248366,0.0718954248366013,0.0849673202614379,0.0849673202614379,0.0261437908496732,0.0522875816993464,0.0718954248366013,0.0588235294117647,0.065359477124183,0.0718954248366013,0.0588235294117647,0.0392156862745098,0.0130718954248366,0.0196078431372549,0.2894736842105263,0.1052631578947368,0.4210526315789473,0.1842105263157894,16,22,"RNCMPT00053,min,GUGUGAG,RBD_v3_031458",1
"RNCMPT00219,max,UAUACUG,RBD_v3_138908",178,1,0.0954198473282442,0.0229007633587786,0.049618320610687,0.0458015267175572,0.0381679389312977,0.0648854961832061,0.0458015267175572,0.0419847328244274,0.0610687022900763,0.0572519083969465,0.0114503816793893,0.0381679389312977,0.0572519083969465,0.049618320610687,0.0572519083969465,0.1030534351145038,0.0687022900763358,0.0763358778625954,0.0038167938931297,0.0114503816793893,0.2631578947368421,0.2894736842105263,0.1842105263157894,0.2631578947368421,22,28,"RNCMPT00219,max,UAUACUG,RBD_v3_138908",0
"RNCMPT00055,max,ACGAAGG,RBD_v3_102192",127,1,0.0714285714285714,0.0109890109890109,0.0842490842490842,0.0586080586080586,0.0238095238095238,0.0622710622710622,0.0164835164835164,0.0366300366300366,0.0531135531135531,0.0494505494505494,0.0183150183150183,0.0274725274725274,0.0512820512820512,0.0714285714285714,0.0695970695970696,0.119047619047619,0.0604395604395604,0.0439560439560439,0.0073260073260073,0.0641025641025641,0.5,0.1,0.3,0.1,13,19,"RNCMPT00055,max,ACGAAGG,RBD_v3_102192",1
"RNCMPT00025,min,GAGUGAG,RBD_v3_219104",44,0,0.099236641221374,0.0076335877862595,0.0610687022900763,0.0458015267175572,0.0458015267175572,0.0763358778625954,0.015267175572519,0.0381679389312977,0.0687022900763358,0.0534351145038167,0.0305343511450381,0.0687022900763358,0.0381679389312977,0.0229007633587786,0.0610687022900763,0.099236641221374,0.0305343511450381,0.1068702290076335,0.0,0.0305343511450381,0.2857142857142857,0.1428571428571428,0.3428571428571428,0.2285714285714285,27,33,"RNCMPT00025,min,GAGUGAG,RBD_v3_219104",0
"RNCMPT00101,max,AUGUACA,RBD_v3_074842",106,1,0.0562130177514792,0.0236686390532544,0.0414201183431952,0.0710059171597633,0.0355029585798816,0.0502958579881656,0.0502958579881656,0.0621301775147929,0.0710059171597633,0.0917159763313609,0.029585798816568,0.044378698224852,0.0236686390532544,0.0917159763313609,0.044378698224852,0.0414201183431952,0.0473372781065088,0.0828402366863905,0.0,0.0414201183431952,0.2631578947368421,0.2368421052631578,0.2368421052631578,0.2631578947368421,12,18,"RNCMPT00101,max,AUGUACA,RBD_v3_074842",1
"RNCMPT00009,max,CGUGGCG,RBD_v3_229791",18,1,0.0777777777777777,0.0111111111111111,0.0111111111111111,0.0666666666666666,0.0666666666666666,0.1,0.0333333333333333,0.0555555555555555,0.0777777777777777,0.0666666666666666,0.0111111111111111,0.0666666666666666,0.0111111111111111,0.0333333333333333,0.0555555555555555,0.0666666666666666,0.0444444444444444,0.1,0.0111111111111111,0.0333333333333333,0.1333333333333333,0.2666666666666666,0.4,0.2,23,29,"RNCMPT00009,max,CGUGGCG,RBD_v3_229791",0
"RNCMPT00218,min,GAUGAAC,RBD_v3_084224",177,0,0.0712074303405572,0.0309597523219814,0.0402476780185758,0.0495356037151702,0.0433436532507739,0.0743034055727554,0.0247678018575851,0.0154798761609907,0.0433436532507739,0.0866873065015479,0.0247678018575851,0.0526315789473684,0.0681114551083591,0.0340557275541795,0.0712074303405572,0.1114551083591331,0.0743034055727554,0.0681114551083591,0.0092879256965944,0.0061919504643962,0.2894736842105263,0.3157894736842105,0.2105263157894736,0.1842105263157894,30,36,"RNCMPT00218,min,GAUGAAC,RBD_v3_084224",1
"RNCMPT00129,max,AGAGUAU,RBD_v3_155907",13,1,0.066420664206642,0.014760147601476,0.044280442804428,0.059040590405904,0.014760147601476,0.077490774907749,0.014760147601476,0.066420664206642,0.055350553505535,0.062730627306273,0.022140221402214,0.040590405904059,0.081180811808118,0.040590405904059,0.055350553505535,0.1070110701107011,0.07380073800738,0.088560885608856,0.0,0.014760147601476,0.2631578947368421,0.2894736842105263,0.3157894736842105,0.131578947368421,1,7,"RNCMPT00129,max,AGAGUAU,RBD_v3_155907",1
"RNCMPT00149,max,AGUACAG,RBD_v3_075442",29,1,0.0496894409937888,0.0372670807453416,0.0496894409937888,0.0993788819875776,0.0496894409937888,0.0559006211180124,0.0248447204968944,0.0559006211180124,0.0683229813664596,0.062111801242236,0.0186335403726708,0.0248447204968944,0.0993788819875776,0.031055900621118,0.0993788819875776,0.0496894409937888,0.0434782608695652,0.0559006211180124,0.0062111801242236,0.0186335403726708,0.2857142857142857,0.3714285714285714,0.2,0.1428571428571428,13,19,"RNCMPT00149,max,AGUACAG,RBD_v3_075442",1
"RNCMPT00212,max,CAUUUUU,RBD_v3_004994",65,1,0.0893617021276595,0.0127659574468085,0.0425531914893617,0.0638297872340425,0.0382978723404255,0.051063829787234,0.0382978723404255,0.0340425531914893,0.0553191489361702,0.076595744680851,0.0297872340425531,0.0297872340425531,0.0468085106382978,0.0425531914893617,0.0893617021276595,0.0936170212765957,0.0680851063829787,0.0638297872340425,0.0042553191489361,0.0297872340425531,0.3428571428571428,0.2571428571428571,0.1714285714285714,0.2285714285714285,10,16,"RNCMPT00212,max,CAUUUUU,RBD_v3_004994",1
"RNCMPT00081,min,GACGCAC,RBD_v3_080544",192,0,0.1556420233463035,0.0116731517509727,0.0428015564202334,0.0330739299610894,0.0350194552529182,0.0505836575875486,0.036964980544747,0.0252918287937743,0.046692607003891,0.0856031128404669,0.0408560311284046,0.0350194552529182,0.0408560311284046,0.1322957198443579,0.0350194552529182,0.0700389105058365,0.0447470817120622,0.0505836575875486,0.0,0.0272373540856031,0.2857142857142857,0.2857142857142857,0.2571428571428571,0.1714285714285714,3,9,"RNCMPT00081,min,GACGCAC,RBD_v3_080544",1
"RNCMPT00172,max,ACAAACA,RBD_v3_240735",59,1,0.077720207253886,0.0103626943005181,0.0328151986183074,0.077720207253886,0.0276338514680483,0.0673575129533678,0.0207253886010362,0.079447322970639,0.081174438687392,0.077720207253886,0.0138169257340241,0.0414507772020725,0.0708117443868739,0.0725388601036269,0.0449050086355785,0.0656303972366148,0.0518134715025906,0.0656303972366148,0.003454231433506,0.0172711571675302,0.3684210526315789,0.2368421052631578,0.131578947368421,0.2631578947368421,5,11,"RNCMPT00172,max,ACAAACA,RBD_v3_240735",0
"RNCMPT00114,max,UGUUUGU,RBD_v3_048536",3,1,0.1349036402569593,0.0149892933618843,0.038543897216274,0.038543897216274,0.0406852248394004,0.0578158458244111,0.0171306209850107,0.0449678800856531,0.0685224839400428,0.0920770877944325,0.025695931477516,0.0513918629550321,0.0578158458244111,0.0728051391862955,0.0171306209850107,0.0792291220556745,0.0706638115631691,0.0578158458244111,0.0042826552462526,0.0149892933618843,0.131578947368421,0.1578947368421052,0.2894736842105263,0.4210526315789473,20,26,"RNCMPT00114,max,UGUUUGU,RBD_v3_048536",1
"RNCMPT00069,min,GAGUCGU,RBD_v3_153659",152,0,0.073394495412844,0.0160550458715596,0.0435779816513761,0.0504587155963302,0.0504587155963302,0.0665137614678899,0.0298165137614678,0.0619266055045871,0.0688073394495412,0.0756880733944954,0.0275229357798165,0.0756880733944954,0.0779816513761468,0.0412844036697247,0.0344036697247706,0.055045871559633,0.0619266055045871,0.0596330275229357,0.0068807339449541,0.0229357798165137,0.2631578947368421,0.1052631578947368,0.5,0.131578947368421,24,30,"RNCMPT00069,min,GAGUCGU,RBD_v3_153659",0
"RNCMPT00088,min,UUCUUUU,RBD_v3_199609",159,0,0.0543478260869565,0.0108695652173913,0.108695652173913,0.0543478260869565,0.0652173913043478,0.0543478260869565,0.0108695652173913,0.0434782608695652,0.0217391304347826,0.0652173913043478,0.0108695652173913,0.0326086956521739,0.0543478260869565,0.0434782608695652,0.1521739130434782,0.0326086956521739,0.0434782608695652,0.0760869565217391,0.0108695652173913,0.0543478260869565,0.1842105263157894,0.3157894736842105,0.1842105263157894,0.3157894736842105,9,15,"RNCMPT00088,min,UUCUUUU,RBD_v3_199609",1
"RNCMPT00056,min,AGGGGGG,RBD_v3_211338",129,0,0.0457516339869281,0.0065359477124183,0.0718954248366013,0.1176470588235294,0.0261437908496732,0.1176470588235294,0.0261437908496732,0.0392156862745098,0.0784313725490196,0.0522875816993464,0.0196078431372549,0.0196078431372549,0.0392156862745098,0.0326797385620915,0.1241830065359477,0.0522875816993464,0.0326797385620915,0.0457516339869281,0.0130718954248366,0.0392156862745098,0.2368421052631578,0.131578947368421,0.4736842105263157,0.1578947368421052,9,15,"RNCMPT00056,min,AGGGGGG,RBD_v3_211338",0
"RNCMPT00004,max,GUGUUUG,RBD_v3_220170",10,1,0.133056133056133,0.0124740124740124,0.0353430353430353,0.0395010395010395,0.0478170478170478,0.0935550935550935,0.0187110187110187,0.0395010395010395,0.0415800415800415,0.0706860706860706,0.0498960498960499,0.0457380457380457,0.0914760914760914,0.0852390852390852,0.0353430353430353,0.0665280665280665,0.0374220374220374,0.0291060291060291,0.0,0.027027027027027,0.2571428571428571,0.1714285714285714,0.2571428571428571,0.3142857142857143,6,12,"RNCMPT00004,max,GUGUUUG,RBD_v3_220170",1
"RNCMPT00120,max,UUUAGUU,RBD_v3_122545",34,1,0.0926966292134831,0.0112359550561797,0.0308988764044943,0.047752808988764,0.0365168539325842,0.0842696629213483,0.0,0.0505617977528089,0.0561797752808988,0.1011235955056179,0.0196629213483146,0.0786516853932584,0.047752808988764,0.0449438202247191,0.0449438202247191,0.0870786516853932,0.0617977528089887,0.0674157303370786,0.0056179775280898,0.0308988764044943,0.1842105263157894,0.2368421052631578,0.2105263157894736,0.3684210526315789,5,11,"RNCMPT00120,max,UUUAGUU,RBD_v3_122545",1
"RNCMPT00006,min,UUUUUUU,RBD_v3_145790",14,0,0.0726256983240223,0.0223463687150838,0.0223463687150838,0.0335195530726257,0.0391061452513966,0.0614525139664804,0.0111731843575419,0.0670391061452514,0.0614525139664804,0.0670391061452514,0.0446927374301676,0.0446927374301676,0.0726256983240223,0.0391061452513966,0.0837988826815642,0.0670391061452514,0.0558659217877094,0.0726256983240223,0.0111731843575419,0.0502793296089385,0.1333333333333333,0.1,0.3,0.4666666666666667,24,30,"RNCMPT00006,min,UUUUUUU,RBD_v3_145790",1
"RNCMPT00160,min,AGACCCG,RBD_v3_163124",46,0,0.0637254901960784,0.0122549019607843,0.0539215686274509,0.0735294117647058,0.0588235294117647,0.1348039215686274,0.0294117647058823,0.0318627450980392,0.0392156862745098,0.0490196078431372,0.0416666666666666,0.0367647058823529,0.0392156862745098,0.0245098039215686,0.0759803921568627,0.0808823529411764,0.0416666666666666,0.0563725490196078,0.0049019607843137,0.0514705882352941,0.2105263157894736,0.2368421052631578,0.2631578947368421,0.2894736842105263,1,7,"RNCMPT00160,min,AGACCCG,RBD_v3_163124",1
"RNCMPT00148,max,CCAUUUU,RBD_v3_037447",139,1,0.1124260355029585,0.0118343195266272,0.0355029585798816,0.059171597633136,0.0502958579881656,0.0976331360946745,0.0325443786982248,0.0502958579881656,0.0621301775147929,0.0414201183431952,0.029585798816568,0.0680473372781065,0.0562130177514792,0.0325443786982248,0.0325443786982248,0.0798816568047337,0.0532544378698224,0.0621301775147929,0.0118343195266272,0.0207100591715976,0.2,0.3142857142857143,0.2,0.2857142857142857,21,27,"RNCMPT00148,max,CCAUUUU,RBD_v3_037447",0
"RNCMPT00256,min,GAGUGAG,RBD_v3_096874",171,0,0.0589887640449438,0.0028089887640449,0.0646067415730337,0.0533707865168539,0.0505617977528089,0.1292134831460674,0.0196629213483146,0.0365168539325842,0.0561797752808988,0.0393258426966292,0.0196629213483146,0.0702247191011236,0.0308988764044943,0.0561797752808988,0.0505617977528089,0.0786516853932584,0.0646067415730337,0.0589887640449438,0.0112359550561797,0.047752808988764,0.3142857142857143,0.2,0.3142857142857143,0.1714285714285714,25,31,"RNCMPT00256,min,GAGUGAG,RBD_v3_096874",1
"RNCMPT00071,max,AUUGCAC,RBD_v3_233166",156,1,0.0780141843971631,0.0,0.0319148936170212,0.0496453900709219,0.0531914893617021,0.0709219858156028,0.0177304964539007,0.0602836879432624,0.0780141843971631,0.0638297872340425,0.0602836879432624,0.0460992907801418,0.1241134751773049,0.0673758865248227,0.0460992907801418,0.0425531914893617,0.0425531914893617,0.0496453900709219,0.0,0.0177304964539007,0.2857142857142857,0.2571428571428571,0.2,0.2571428571428571,12,18,"RNCMPT00071,max,AUUGCAC,RBD_v3_233166",0
"RNCMPT00163,min,CCUUCCU,RBD_v3_219389",158,0,0.0403225806451612,0.0080645161290322,0.0806451612903225,0.0443548387096774,0.0282258064516129,0.1411290322580645,0.0120967741935483,0.0282258064516129,0.032258064516129,0.0241935483870967,0.0120967741935483,0.0282258064516129,0.0685483870967741,0.0040322580645161,0.1733870967741935,0.1129032258064516,0.0282258064516129,0.0685483870967741,0.0040322580645161,0.0604838709677419,0.1842105263157894,0.3421052631578947,0.1842105263157894,0.2894736842105263,30,36,"RNCMPT00163,min,CCUUCCU,RBD_v3_219389",1
"RNCMPT00093,min,GAGUCGU,RBD_v3_233260",52,0,0.0522565320665083,0.009501187648456,0.0356294536817102,0.0451306413301662,0.0285035629453681,0.171021377672209,0.014251781472684,0.0190023752969121,0.0403800475059382,0.0308788598574821,0.0308788598574821,0.0712589073634204,0.0878859857482185,0.0570071258907363,0.0356294536817102,0.0878859857482185,0.0617577197149643,0.0427553444180522,0.0190023752969121,0.0593824228028503,0.2,0.1,0.4,0.3,2,8,"RNCMPT00093,min,GAGUCGU,RBD_v3_233260",0
"RNCMPT00136,min,AGAGUCG,RBD_v3_160610",57,0,0.0707692307692307,0.0092307692307692,0.0492307692307692,0.0461538461538461,0.0553846153846153,0.0892307692307692,0.0246153846153846,0.0584615384615384,0.0523076923076923,0.0676923076923076,0.0307692307692307,0.0707692307692307,0.0369230769230769,0.0369230769230769,0.0615384615384615,0.0861538461538461,0.0492307692307692,0.0676923076923076,0.0061538461538461,0.0307692307692307,0.1578947368421052,0.3684210526315789,0.2894736842105263,0.1842105263157894,1,7,"RNCMPT00136,min,AGAGUCG,RBD_v3_160610",1
"RNCMPT00187,max,UGUGAUG,RBD_v3_160013",12,1,0.1372141372141372,0.0145530145530145,0.0374220374220374,0.0353430353430353,0.0478170478170478,0.1122661122661122,0.0249480249480249,0.0249480249480249,0.0395010395010395,0.0935550935550935,0.0249480249480249,0.0249480249480249,0.0935550935550935,0.0727650727650727,0.0457380457380457,0.0561330561330561,0.0415800415800415,0.0498960498960499,0.0,0.0228690228690228,0.2105263157894736,0.1578947368421052,0.2894736842105263,0.3421052631578947,7,13,"RNCMPT00187,max,UGUGAUG,RBD_v3_160013",1
"RNCMPT00042,min,AGGGGGG,RBD_v3_134069",81,0,0.0533333333333333,0.12,0.0266666666666666,0.0533333333333333,0.0533333333333333,0.0666666666666666,0.0666666666666666,0.0533333333333333,0.0666666666666666,0.04,0.0133333333333333,0.0666666666666666,0.08,0.0133333333333333,0.1066666666666666,0.0266666666666666,0.04,0.0266666666666666,0.0,0.0266666666666666,0.1333333333333333,0.1,0.3666666666666666,0.4,1,7,"RNCMPT00042,min,AGGGGGG,RBD_v3_134069",1
"RNCMPT00216,max,ACAUUGU,RBD_v3_127730",175,1,0.0962962962962963,0.0148148148148148,0.037037037037037,0.0592592592592592,0.037037037037037,0.0703703703703703,0.037037037037037,0.0333333333333333,0.037037037037037,0.0666666666666666,0.0148148148148148,0.0407407407407407,0.0629629629629629,0.0333333333333333,0.1074074074074074,0.0925925925925925,0.0666666666666666,0.0851851851851851,0.0037037037037037,0.0037037037037037,0.3666666666666666,0.2333333333333333,0.2333333333333333,0.1666666666666666,9,15,"RNCMPT00216,max,ACAUUGU,RBD_v3_127730",1
"RNCMPT00141,max,GAUAUGA,RBD_v3_229806",105,1,0.1438848920863309,0.0071942446043165,0.0377697841726618,0.066546762589928,0.0323741007194244,0.0701438848920863,0.014388489208633,0.0521582733812949,0.0503597122302158,0.0863309352517985,0.0359712230215827,0.0341726618705036,0.0575539568345323,0.0755395683453237,0.0341726618705036,0.0539568345323741,0.0521582733812949,0.079136690647482,0.0017985611510791,0.014388489208633,0.3157894736842105,0.0526315789473684,0.3157894736842105,0.3157894736842105,3,9,"RNCMPT00141,max,GAUAUGA,RBD_v3_229806",1
"RNCMPT00084,min,GGGCUCC,RBD_v3_074559",195,0,0.1071428571428571,0.0027472527472527,0.0302197802197802,0.0604395604395604,0.0329670329670329,0.1208791208791208,0.0054945054945054,0.0192307692307692,0.0329670329670329,0.0137362637362637,0.0054945054945054,0.0329670329670329,0.1593406593406593,0.0576923076923076,0.1098901098901098,0.0467032967032967,0.0631868131868131,0.0796703296703296,0.0054945054945054,0.0137362637362637,0.2894736842105263,0.2368421052631578,0.3157894736842105,0.1578947368421052,20,26,"RNCMPT00084,min,GGGCUCC,RBD_v3_074559",0
"RNCMPT00026,min,UGGGUGU,RBD_v3_193862",47,0,0.0474137931034482,0.0107758620689655,0.0732758620689655,0.0732758620689655,0.0258620689655172,0.1206896551724138,0.0086206896551724,0.0754310344827586,0.0452586206896551,0.0625,0.0258620689655172,0.0258620689655172,0.0883620689655172,0.0452586206896551,0.0775862068965517,0.0668103448275862,0.0517241379310344,0.0323275862068965,0.0064655172413793,0.0366379310344827,0.3142857142857143,0.1142857142857142,0.4,0.1714285714285714,23,29,"RNCMPT00026,min,UGGGUGU,RBD_v3_193862",1
"RNCMPT00170,min,AGGGGGG,RBD_v3_008089",128,0,0.0435967302452316,0.0163487738419618,0.0653950953678474,0.0871934604904632,0.0272479564032697,0.0762942779291553,0.0217983651226158,0.0408719346049046,0.0653950953678474,0.0681198910081744,0.0217983651226158,0.0354223433242506,0.0708446866485013,0.0490463215258855,0.0953678474114441,0.0653950953678474,0.0517711171662125,0.0463215258855585,0.0081743869209809,0.0435967302452316,0.2894736842105263,0.131578947368421,0.3947368421052631,0.1842105263157894,19,25,"RNCMPT00170,min,AGGGGGG,RBD_v3_008089",1
"RNCMPT00152,min,CCCCCCC,RBD_v3_005753",130,0,0.073170731707317,0.016260162601626,0.040650406504065,0.040650406504065,0.0284552845528455,0.073170731707317,0.016260162601626,0.0365853658536585,0.0772357723577235,0.0772357723577235,0.024390243902439,0.0528455284552845,0.08130081300813,0.065040650406504,0.0365853658536585,0.0975609756097561,0.0691056910569105,0.0447154471544715,0.008130081300813,0.040650406504065,0.2631578947368421,0.3684210526315789,0.1842105263157894,0.1842105263157894,27,33,"RNCMPT00152,min,CCCCCCC,RBD_v3_005753",1
"RNCMPT00109,min,UCGUCUU,RBD_v3_093153",158,0,0.0495049504950495,0.0099009900990099,0.099009900990099,0.0544554455445544,0.0346534653465346,0.1633663366336633,0.0099009900990099,0.0346534653465346,0.0396039603960396,0.0297029702970297,0.0148514851485148,0.0297029702970297,0.0693069306930693,0.0049504950495049,0.1237623762376237,0.0495049504950495,0.0297029702970297,0.0841584158415841,0.0049504950495049,0.0643564356435643,0.2,0.3142857142857143,0.2285714285714285,0.2571428571428571,9,15,"RNCMPT00109,min,UCGUCUU,RBD_v3_093153",1
"RNCMPT00120,min,AGAGUCG,RBD_v3_079827",34,0,0.0926966292134831,0.0112359550561797,0.0308988764044943,0.047752808988764,0.0365168539325842,0.0842696629213483,0.0,0.0505617977528089,0.0561797752808988,0.1011235955056179,0.0196629213483146,0.0786516853932584,0.047752808988764,0.0449438202247191,0.0449438202247191,0.0870786516853932,0.0617977528089887,0.0674157303370786,0.0056179775280898,0.0308988764044943,0.1578947368421052,0.2631578947368421,0.2368421052631578,0.3421052631578947,1,7,"RNCMPT00120,min,AGAGUCG,RBD_v3_079827",1
"RNCMPT00100,max,AGUAGGA,RBD_v3_147955",76,1,0.0736434108527131,0.0116279069767441,0.0387596899224806,0.0503875968992248,0.0503875968992248,0.1085271317829457,0.0193798449612403,0.0348837209302325,0.0930232558139534,0.0620155038759689,0.0271317829457364,0.0426356589147286,0.0581395348837209,0.0581395348837209,0.0387596899224806,0.065891472868217,0.0736434108527131,0.0813953488372093,0.003875968992248,0.0077519379844961,0.3157894736842105,0.1842105263157894,0.3157894736842105,0.1842105263157894,11,17,"RNCMPT00100,max,AGUAGGA,RBD_v3_147955",1
"RNCMPT00278,max,AGACACA,RBD_v3_054602",83,1,0.0734463276836158,0.0225988700564971,0.0451977401129943,0.0734463276836158,0.03954802259887,0.0508474576271186,0.0282485875706214,0.0508474576271186,0.096045197740113,0.0790960451977401,0.0112994350282485,0.0508474576271186,0.0508474576271186,0.0508474576271186,0.0508474576271186,0.0564971751412429,0.0621468926553672,0.0564971751412429,0.0,0.0508474576271186,0.2571428571428571,0.2,0.2571428571428571,0.2857142857142857,1,7,"RNCMPT00278,max,AGACACA,RBD_v3_054602",1
"RNCMPT00022,max,UAGGGUA,RBD_v3_211236",40,1,0.0442477876106194,0.0088495575221238,0.0619469026548672,0.079646017699115,0.0619469026548672,0.1327433628318584,0.0353982300884955,0.0353982300884955,0.0707964601769911,0.0353982300884955,0.0221238938053097,0.0353982300884955,0.0265486725663716,0.0309734513274336,0.084070796460177,0.084070796460177,0.0530973451327433,0.0752212389380531,0.0044247787610619,0.0176991150442477,0.3,0.1,0.3333333333333333,0.2666666666666666,16,22,"RNCMPT00022,max,UAGGGUA,RBD_v3_211236",1
"RNCMPT00164,min,AGGGGGC,RBD_v3_081252",199,0,0.0851063829787234,0.0186170212765957,0.0425531914893617,0.0957446808510638,0.0186170212765957,0.0452127659574468,0.0079787234042553,0.0611702127659574,0.1462765957446808,0.0718085106382978,0.0212765957446808,0.0558510638297872,0.0345744680851063,0.0186170212765957,0.0186170212765957,0.0957446808510638,0.0611702127659574,0.0797872340425532,0.0,0.0212765957446808,0.3157894736842105,0.131578947368421,0.3947368421052631,0.1578947368421052,1,7,"RNCMPT00164,min,AGGGGGC,RBD_v3_081252",1
"RNCMPT00173,min,CCCCCCC,RBD_v3_115165",131,0,0.073170731707317,0.016260162601626,0.040650406504065,0.0447154471544715,0.024390243902439,0.073170731707317,0.016260162601626,0.040650406504065,0.073170731707317,0.0691056910569105,0.024390243902439,0.065040650406504,0.089430894308943,0.0772357723577235,0.032520325203252,0.0853658536585365,0.0609756097560975,0.0365853658536585,0.0040650406504065,0.0528455284552845,0.1578947368421052,0.3157894736842105,0.2894736842105263,0.2368421052631578,25,31,"RNCMPT00173,min,CCCCCCC,RBD_v3_115165",1
"RNCMPT00285,max,GAGUGUG,RBD_v3_031640",141,1,0.0839694656488549,0.0076335877862595,0.0534351145038167,0.0305343511450381,0.0610687022900763,0.0839694656488549,0.0305343511450381,0.0687022900763358,0.0534351145038167,0.0305343511450381,0.0229007633587786,0.0229007633587786,0.0839694656488549,0.0534351145038167,0.0610687022900763,0.0381679389312977,0.0839694656488549,0.0687022900763358,0.0,0.0610687022900763,0.2368421052631578,0.1842105263157894,0.2894736842105263,0.2894736842105263,2,8,"RNCMPT00285,max,GAGUGUG,RBD_v3_031640",0
"RNCMPT00033,min,AGGGGGG,RBD_v3_166168",58,0,0.0818030050083472,0.003338898163606,0.030050083472454,0.0834724540901502,0.0333889816360601,0.0751252086811352,0.031719532554257,0.0834724540901502,0.0684474123539232,0.0717863105175292,0.015025041736227,0.0383973288814691,0.0634390651085141,0.0617696160267111,0.0500834724540901,0.0634390651085141,0.0550918196994991,0.0634390651085141,0.003338898163606,0.023372287145242,0.0769230769230769,0.1282051282051282,0.4102564102564102,0.3846153846153846,1,7,"RNCMPT00033,min,AGGGGGG,RBD_v3_166168",0
"RNCMPT00218,max,CAGUUAU,RBD_v3_185385",177,1,0.0712074303405572,0.0309597523219814,0.0402476780185758,0.0495356037151702,0.0433436532507739,0.0743034055727554,0.0247678018575851,0.0154798761609907,0.0433436532507739,0.0866873065015479,0.0247678018575851,0.0526315789473684,0.0681114551083591,0.0340557275541795,0.0712074303405572,0.1114551083591331,0.0743034055727554,0.0681114551083591,0.0092879256965944,0.0061919504643962,0.2105263157894736,0.1842105263157894,0.2368421052631578,0.3684210526315789,17,23,"RNCMPT00218,max,CAGUUAU,RBD_v3_185385",1
"RNCMPT00175,min,CCCCCCU,RBD_v3_183023",151,0,0.1265060240963855,0.0080321285140562,0.0341365461847389,0.0261044176706827,0.0200803212851405,0.0803212851405622,0.0080321285140562,0.038152610441767,0.0401606425702811,0.0461847389558232,0.036144578313253,0.0502008032128514,0.0943775100401606,0.0843373493975903,0.0261044176706827,0.07429718875502,0.0923694779116465,0.0542168674698795,0.0080321285140562,0.0522088353413654,0.131578947368421,0.3947368421052631,0.2105263157894736,0.2631578947368421,26,32,"RNCMPT00175,min,CCCCCCU,RBD_v3_183023",1
"RNCMPT00284,max,AGUGUGA,RBD_v3_006597",7,1,0.0839160839160839,0.0139860139860139,0.0349650349650349,0.0419580419580419,0.0489510489510489,0.1118881118881118,0.0139860139860139,0.0489510489510489,0.0209790209790209,0.0629370629370629,0.0139860139860139,0.0489510489510489,0.1118881118881118,0.0349650349650349,0.0839160839160839,0.0489510489510489,0.0559440559440559,0.0559440559440559,0.0069930069930069,0.0559440559440559,0.3428571428571428,0.1142857142857142,0.3714285714285714,0.1714285714285714,3,9,"RNCMPT00284,max,AGUGUGA,RBD_v3_006597",1
"RNCMPT00236,min,AGAAUGA,RBD_v3_083674",186,0,0.0709677419354838,0.0064516129032258,0.0516129032258064,0.0612903225806451,0.0451612903225806,0.064516129032258,0.0096774193548387,0.0838709677419354,0.064516129032258,0.0612903225806451,0.0258064516129032,0.1,0.032258064516129,0.0225806451612903,0.0548387096774193,0.0806451612903225,0.0483870967741935,0.0580645161290322,0.0161290322580645,0.0419354838709677,0.3421052631578947,0.1842105263157894,0.2105263157894736,0.2631578947368421,23,29,"RNCMPT00236,min,AGAAUGA,RBD_v3_083674",1
"RNCMPT00106,max,GGAGGAC,RBD_v3_175178",158,1,0.0495049504950495,0.0099009900990099,0.099009900990099,0.0544554455445544,0.0346534653465346,0.1633663366336633,0.0099009900990099,0.0346534653465346,0.0396039603960396,0.0297029702970297,0.0148514851485148,0.0297029702970297,0.0693069306930693,0.0049504950495049,0.1237623762376237,0.0495049504950495,0.0297029702970297,0.0841584158415841,0.0049504950495049,0.0643564356435643,0.2894736842105263,0.2368421052631578,0.3684210526315789,0.1052631578947368,2,8,"RNCMPT00106,max,GGAGGAC,RBD_v3_175178",1
"RNCMPT00032,max,UUAUUUU,RBD_v3_157967",57,1,0.0707692307692307,0.0092307692307692,0.0492307692307692,0.0461538461538461,0.0553846153846153,0.0892307692307692,0.0246153846153846,0.0584615384615384,0.0523076923076923,0.0676923076923076,0.0307692307692307,0.0707692307692307,0.0369230769230769,0.0369230769230769,0.0615384615384615,0.0861538461538461,0.0492307692307692,0.0676923076923076,0.0061538461538461,0.0307692307692307,0.2105263157894736,0.2368421052631578,0.2105263157894736,0.3421052631578947,23,29,"RNCMPT00032,max,UUAUUUU,RBD_v3_157967",0
"RNCMPT00053,max,UUACAUU,RBD_v3_003688",122,1,0.0392156862745098,0.0130718954248366,0.0130718954248366,0.0849673202614379,0.0522875816993464,0.065359477124183,0.0130718954248366,0.0718954248366013,0.0849673202614379,0.0849673202614379,0.0261437908496732,0.0522875816993464,0.0718954248366013,0.0588235294117647,0.065359477124183,0.0718954248366013,0.0588235294117647,0.0392156862745098,0.0130718954248366,0.0196078431372549,0.3947368421052631,0.1842105263157894,0.1842105263157894,0.2368421052631578,8,14,"RNCMPT00053,max,UUACAUU,RBD_v3_003688",1
"RNCMPT00086,max,UUGGUUU,RBD_v3_055884",197,1,0.0529891304347826,0.0230978260869565,0.0543478260869565,0.077445652173913,0.029891304347826,0.0339673913043478,0.0230978260869565,0.0353260869565217,0.0720108695652173,0.0747282608695652,0.0258152173913043,0.0434782608695652,0.0896739130434782,0.0543478260869565,0.0584239130434782,0.1019021739130434,0.0570652173913043,0.0625,0.0054347826086956,0.0244565217391304,0.2857142857142857,0.1428571428571428,0.2571428571428571,0.3142857142857143,5,11,"RNCMPT00086,max,UUGGUUU,RBD_v3_055884",1
"RNCMPT00246,max,CCUUUCC,RBD_v3_122167",107,1,0.0880503144654088,0.0188679245283018,0.0220125786163522,0.0628930817610062,0.0157232704402515,0.10062893081761,0.0125786163522012,0.110062893081761,0.0534591194968553,0.0628930817610062,0.0345911949685534,0.0314465408805031,0.0660377358490566,0.0534591194968553,0.0377358490566037,0.1037735849056603,0.0628930817610062,0.0534591194968553,0.0,0.0094339622641509,0.2666666666666666,0.2666666666666666,0.2,0.2666666666666666,14,20,"RNCMPT00246,max,CCUUUCC,RBD_v3_122167",1
"RNCMPT00237,max,AUGGAGU,RBD_v3_144898",111,1,0.0808510638297872,0.0042553191489361,0.0723404255319148,0.0468085106382978,0.0425531914893617,0.0808510638297872,0.0170212765957446,0.0468085106382978,0.0553191489361702,0.0808510638297872,0.0212765957446808,0.0638297872340425,0.0553191489361702,0.0340425531914893,0.0468085106382978,0.076595744680851,0.0553191489361702,0.0723404255319148,0.0042553191489361,0.0425531914893617,0.2666666666666666,0.2333333333333333,0.3666666666666666,0.1333333333333333,3,9,"RNCMPT00237,max,AUGGAGU,RBD_v3_144898",0
"RNCMPT00234,max,AUUGCAC,RBD_v3_035412",69,1,0.0588235294117647,0.0030959752321981,0.0495356037151702,0.0650154798761609,0.0495356037151702,0.0247678018575851,0.0154798761609907,0.0712074303405572,0.1238390092879257,0.0619195046439628,0.0402476780185758,0.1083591331269349,0.0464396284829721,0.0526315789473684,0.0278637770897832,0.0340557275541795,0.0495356037151702,0.0588235294117647,0.0061919504643962,0.0526315789473684,0.2631578947368421,0.2894736842105263,0.2105263157894736,0.2368421052631578,32,38,"RNCMPT00234,max,AUUGCAC,RBD_v3_035412",1
"RNCMPT00089,min,CAUUUUG,RBD_v3_126299",159,0,0.0543478260869565,0.0108695652173913,0.108695652173913,0.0543478260869565,0.0652173913043478,0.0543478260869565,0.0108695652173913,0.0434782608695652,0.0217391304347826,0.0652173913043478,0.0108695652173913,0.0326086956521739,0.0543478260869565,0.0434782608695652,0.1521739130434782,0.0326086956521739,0.0434782608695652,0.0760869565217391,0.0108695652173913,0.0543478260869565,0.2368421052631578,0.2368421052631578,0.1842105263157894,0.3421052631578947,17,23,"RNCMPT00089,min,CAUUUUG,RBD_v3_126299",0
"RNCMPT00197,min,GACGGGG,RBD_v3_110709",70,0,0.070110701107011,0.003690036900369,0.025830258302583,0.047970479704797,0.047970479704797,0.081180811808118,0.047970479704797,0.040590405904059,0.066420664206642,0.040590405904059,0.029520295202952,0.062730627306273,0.070110701107011,0.066420664206642,0.025830258302583,0.07380073800738,0.055350553505535,0.059040590405904,0.014760147601476,0.070110701107011,0.2631578947368421,0.2368421052631578,0.3421052631578947,0.1578947368421052,27,33,"RNCMPT00197,min,GACGGGG,RBD_v3_110709",0
"RNCMPT00082,min,ACCCCCC,RBD_v3_168238",193,0,0.0581395348837209,0.0,0.0813953488372093,0.0465116279069767,0.0116279069767441,0.0465116279069767,0.0116279069767441,0.0697674418604651,0.1162790697674418,0.1744186046511628,0.0348837209302325,0.0348837209302325,0.0465116279069767,0.0,0.0581395348837209,0.0930232558139534,0.0348837209302325,0.0232558139534883,0.0232558139534883,0.0348837209302325,0.1666666666666666,0.4,0.3333333333333333,0.1,11,17,"RNCMPT00082,min,ACCCCCC,RBD_v3_168238",0
"RNCMPT00027,max,ACAUACA,RBD_v3_147622",48,1,0.068100358422939,0.017921146953405,0.0519713261648745,0.0483870967741935,0.0376344086021505,0.1272401433691756,0.032258064516129,0.032258064516129,0.050179211469534,0.057347670250896,0.0232974910394265,0.0591397849462365,0.0842293906810035,0.039426523297491,0.0448028673835125,0.0734767025089605,0.0304659498207885,0.068100358422939,0.003584229390681,0.050179211469534,0.3947368421052631,0.1842105263157894,0.1578947368421052,0.2631578947368421,23,29,"RNCMPT00027,max,ACAUACA,RBD_v3_147622",1
"RNCMPT00003,min,AGAGUCG,RBD_v3_190750",3,0,0.1225165562913907,0.0149006622516556,0.0447019867549668,0.0314569536423841,0.0413907284768211,0.0579470198675496,0.0149006622516556,0.0413907284768211,0.0562913907284768,0.0877483443708609,0.0281456953642384,0.0943708609271523,0.0529801324503311,0.0562913907284768,0.021523178807947,0.0993377483443708,0.0612582781456953,0.0562913907284768,0.0033112582781456,0.0132450331125827,0.2631578947368421,0.2894736842105263,0.1842105263157894,0.2631578947368421,1,7,"RNCMPT00003,min,AGAGUCG,RBD_v3_190750",1
"RNCMPT00199,max,GGAGGAA,RBD_v3_150109",97,1,0.032520325203252,0.016260162601626,0.08130081300813,0.1016260162601626,0.0528455284552845,0.065040650406504,0.008130081300813,0.040650406504065,0.08130081300813,0.0528455284552845,0.016260162601626,0.08130081300813,0.0203252032520325,0.0121951219512195,0.1341463414634146,0.0528455284552845,0.0203252032520325,0.065040650406504,0.0121951219512195,0.0528455284552845,0.3684210526315789,0.0263157894736842,0.3421052631578947,0.2631578947368421,2,8,"RNCMPT00199,max,GGAGGAA,RBD_v3_150109",1
"RNCMPT00095,max,GUUAGGG,RBD_v3_086213",54,1,0.0418848167539267,0.0,0.1151832460732984,0.0471204188481675,0.0575916230366492,0.0785340314136125,0.0366492146596858,0.06282722513089,0.1047120418848167,0.0418848167539267,0.0209424083769633,0.0366492146596858,0.0471204188481675,0.0575916230366492,0.0575916230366492,0.0418848167539267,0.0366492146596858,0.0890052356020942,0.0052356020942408,0.0209424083769633,0.2857142857142857,0.1142857142857142,0.4285714285714285,0.1714285714285714,7,13,"RNCMPT00095,max,GUUAGGG,RBD_v3_086213",0
"RNCMPT00116,max,AACAUCA,RBD_v3_107323",194,1,0.0895061728395061,0.0,0.0401234567901234,0.0833333333333333,0.0216049382716049,0.1203703703703703,0.0061728395061728,0.0092592592592592,0.0493827160493827,0.0123456790123456,0.0123456790123456,0.0648148148148148,0.1080246913580246,0.074074074074074,0.1203703703703703,0.0462962962962962,0.0401234567901234,0.0493827160493827,0.0030864197530864,0.0493827160493827,0.3157894736842105,0.2105263157894736,0.1578947368421052,0.3157894736842105,18,24,"RNCMPT00116,max,AACAUCA,RBD_v3_107323",1
"RNCMPT00257,max,AGAAAAC,RBD_v3_208855",187,1,0.0684039087947882,0.01628664495114,0.0358306188925081,0.0944625407166123,0.0521172638436482,0.0586319218241042,0.019543973941368,0.0781758957654723,0.0488599348534201,0.0716612377850162,0.0293159609120521,0.0781758957654723,0.0586319218241042,0.0325732899022801,0.0586319218241042,0.0651465798045602,0.0521172638436482,0.0618892508143322,0.0,0.019543973941368,0.4473684210526316,0.131578947368421,0.2368421052631578,0.1842105263157894,20,26,"RNCMPT00257,max,AGAAAAC,RBD_v3_208855",1
"RNCMPT00180,max,UUGCAUG,RBD_v3_230485",4,1,0.1534653465346534,0.0,0.0272277227722772,0.0321782178217821,0.0321782178217821,0.0495049504950495,0.0222772277227722,0.0371287128712871,0.0222772277227722,0.0742574257425742,0.0371287128712871,0.0321782178217821,0.0717821782178217,0.1856435643564356,0.0445544554455445,0.0618811881188118,0.0519801980198019,0.0519801980198019,0.0,0.0123762376237623,0.3333333333333333,0.1666666666666666,0.3,0.2,13,19,"RNCMPT00180,max,UUGCAUG,RBD_v3_230485",1
"RNCMPT00245,max,AGAUAGA,RBD_v3_038492",43,1,0.0292682926829268,0.0146341463414634,0.0536585365853658,0.0829268292682926,0.0585365853658536,0.1121951219512195,0.0195121951219512,0.0439024390243902,0.1219512195121951,0.0439024390243902,0.0146341463414634,0.0536585365853658,0.0341463414634146,0.0634146341463414,0.048780487804878,0.0341463414634146,0.0439024390243902,0.0634146341463414,0.0146341463414634,0.048780487804878,0.2631578947368421,0.1578947368421052,0.2894736842105263,0.2894736842105263,1,7,"RNCMPT00245,max,AGAUAGA,RBD_v3_038492",0
"RNCMPT00170,max,AAUCCAA,RBD_v3_070010",128,1,0.0435967302452316,0.0163487738419618,0.0653950953678474,0.0871934604904632,0.0272479564032697,0.0762942779291553,0.0217983651226158,0.0408719346049046,0.0653950953678474,0.0681198910081744,0.0217983651226158,0.0354223433242506,0.0708446866485013,0.0490463215258855,0.0953678474114441,0.0653950953678474,0.0517711171662125,0.0463215258855585,0.0081743869209809,0.0435967302452316,0.2368421052631578,0.2368421052631578,0.1842105263157894,0.3421052631578947,27,33,"RNCMPT00170,max,AAUCCAA,RBD_v3_070010",1
"RNCMPT00272,max,UAGGUAU,RBD_v3_145165",157,1,0.0583333333333333,0.0083333333333333,0.0791666666666666,0.075,0.0416666666666666,0.075,0.0208333333333333,0.0458333333333333,0.1,0.0833333333333333,0.0166666666666666,0.0416666666666666,0.0375,0.0625,0.0583333333333333,0.0375,0.0416666666666666,0.0833333333333333,0.0041666666666666,0.0291666666666666,0.2631578947368421,0.0789473684210526,0.3947368421052631,0.2631578947368421,16,22,"RNCMPT00272,max,UAGGUAU,RBD_v3_145165",1
"RNCMPT00050,max,GAUACGA,RBD_v3_130370",119,1,0.0546875,0.0,0.0546875,0.0625,0.0625,0.203125,0.03125,0.0234375,0.0234375,0.03125,0.0234375,0.03125,0.0234375,0.03125,0.1015625,0.1015625,0.0390625,0.0546875,0.0,0.046875,0.3428571428571428,0.2285714285714285,0.3142857142857143,0.1142857142857142,20,26,"RNCMPT00050,max,GAUACGA,RBD_v3_130370",0
"RNCMPT00143,max,AUCAAGA,RBD_v3_222524",155,1,0.0584795321637426,0.0,0.0584795321637426,0.1228070175438596,0.0292397660818713,0.0760233918128654,0.0292397660818713,0.0584795321637426,0.087719298245614,0.0701754385964912,0.0058479532163742,0.0292397660818713,0.0409356725146198,0.0175438596491228,0.1403508771929824,0.0292397660818713,0.0467836257309941,0.0467836257309941,0.0116959064327485,0.0409356725146198,0.3684210526315789,0.2631578947368421,0.1578947368421052,0.2105263157894736,25,31,"RNCMPT00143,max,AUCAAGA,RBD_v3_222524",1
"RNCMPT00039,min,CAGUCGA,RBD_v3_018083",74,0,0.079059829059829,0.0149572649572649,0.047008547008547,0.0448717948717948,0.0256410256410256,0.0619658119658119,0.0384615384615384,0.0256410256410256,0.0363247863247863,0.047008547008547,0.0555555555555555,0.0512820512820512,0.1025641025641025,0.0961538461538461,0.0641025641025641,0.0641025641025641,0.0555555555555555,0.0363247863247863,0.0021367521367521,0.0512820512820512,0.3421052631578947,0.2105263157894736,0.2631578947368421,0.1842105263157894,24,30,"RNCMPT00039,min,CAGUCGA,RBD_v3_018083",1
"RNCMPT00005,max,UUUUUUU,RBD_v3_152636",172,1,0.0763636363636363,0.0109090909090909,0.0436363636363636,0.0618181818181818,0.0509090909090909,0.0436363636363636,0.0181818181818181,0.0509090909090909,0.0654545454545454,0.069090909090909,0.0327272727272727,0.0654545454545454,0.0472727272727272,0.0509090909090909,0.0472727272727272,0.0909090909090909,0.0727272727272727,0.0618181818181818,0.0145454545454545,0.0254545454545454,0.2105263157894736,0.1842105263157894,0.2368421052631578,0.3684210526315789,30,36,"RNCMPT00005,max,UUUUUUU,RBD_v3_152636",1
"RNCMPT00076,max,AGAAUGA,RBD_v3_190636",169,1,0.0461538461538461,0.0153846153846153,0.0653846153846153,0.0576923076923076,0.0653846153846153,0.123076923076923,0.0192307692307692,0.0346153846153846,0.073076923076923,0.0615384615384615,0.0307692307692307,0.0538461538461538,0.0346153846153846,0.05,0.0538461538461538,0.0653846153846153,0.0423076923076923,0.0769230769230769,0.0115384615384615,0.0192307692307692,0.3684210526315789,0.1052631578947368,0.2631578947368421,0.2631578947368421,1,7,"RNCMPT00076,max,AGAAUGA,RBD_v3_190636",0
"RNCMPT00283,max,GAGUGUG,RBD_v3_031640",142,1,0.0620689655172413,0.0068965517241379,0.0551724137931034,0.0275862068965517,0.0413793103448275,0.0827586206896551,0.0206896551724137,0.0482758620689655,0.0551724137931034,0.0758620689655172,0.0275862068965517,0.0275862068965517,0.0689655172413793,0.0689655172413793,0.0482758620689655,0.0551724137931034,0.096551724137931,0.0689655172413793,0.0,0.0620689655172413,0.2368421052631578,0.1842105263157894,0.2894736842105263,0.2894736842105263,2,8,"RNCMPT00283,max,GAGUGUG,RBD_v3_031640",1
"RNCMPT00040,max,AGUAGUU,RBD_v3_234645",76,1,0.08,0.02,0.04,0.09,0.07,0.05,0.03,0.03,0.12,0.01,0.02,0.04,0.05,0.07,0.05,0.03,0.08,0.11,0.0,0.01,0.1842105263157894,0.131578947368421,0.3947368421052631,0.2894736842105263,14,20,"RNCMPT00040,max,AGUAGUU,RBD_v3_234645",0
"RNCMPT00007,max,CCAACGA,RBD_v3_162909",17,1,0.1280487804878048,0.0121951219512195,0.0365853658536585,0.0548780487804878,0.0121951219512195,0.073170731707317,0.0121951219512195,0.073170731707317,0.0609756097560975,0.0548780487804878,0.024390243902439,0.0548780487804878,0.073170731707317,0.0426829268292682,0.0670731707317073,0.0914634146341463,0.048780487804878,0.0670731707317073,0.0,0.0121951219512195,0.2631578947368421,0.2894736842105263,0.2631578947368421,0.1842105263157894,15,21,"RNCMPT00007,max,CCAACGA,RBD_v3_162909",1
"RNCMPT00134,max,GGAGGGA,RBD_v3_098883",8,1,0.0373443983402489,0.0,0.0663900414937759,0.0705394190871369,0.0207468879668049,0.1327800829875518,0.0124481327800829,0.0207468879668049,0.0456431535269709,0.0580912863070539,0.0124481327800829,0.0373443983402489,0.0165975103734439,0.0124481327800829,0.1825726141078838,0.1286307053941908,0.0248962655601659,0.0622406639004149,0.0041493775933609,0.0539419087136929,0.3666666666666666,0.1,0.4666666666666667,0.0666666666666666,22,28,"RNCMPT00134,max,GGAGGGA,RBD_v3_098883",1
"RNCMPT00184,min,CACAAAU,RBD_v3_066375",117,0,0.1068702290076335,0.0076335877862595,0.0458015267175572,0.0381679389312977,0.0610687022900763,0.0916030534351145,0.0305343511450381,0.0610687022900763,0.0534351145038167,0.0458015267175572,0.0229007633587786,0.0229007633587786,0.0763358778625954,0.0610687022900763,0.0610687022900763,0.015267175572519,0.0763358778625954,0.0687022900763358,0.0,0.0534351145038167,0.2894736842105263,0.3157894736842105,0.2631578947368421,0.131578947368421,26,32,"RNCMPT00184,min,CACAAAU,RBD_v3_066375",1
"RNCMPT00081,min,GACGCAC,RBD_v3_040657",192,0,0.1556420233463035,0.0116731517509727,0.0428015564202334,0.0330739299610894,0.0350194552529182,0.0505836575875486,0.036964980544747,0.0252918287937743,0.046692607003891,0.0856031128404669,0.0408560311284046,0.0350194552529182,0.0408560311284046,0.1322957198443579,0.0350194552529182,0.0700389105058365,0.0447470817120622,0.0505836575875486,0.0,0.0272373540856031,0.2571428571428571,0.2571428571428571,0.3428571428571428,0.1428571428571428,2,8,"RNCMPT00081,min,GACGCAC,RBD_v3_040657",0
"RNCMPT00241,max,GACGACG,RBD_v3_044367",124,1,0.0609243697478991,0.0147058823529411,0.0546218487394958,0.0714285714285714,0.0525210084033613,0.0714285714285714,0.0168067226890756,0.0462184873949579,0.0672268907563025,0.0693277310924369,0.01890756302521,0.0336134453781512,0.0567226890756302,0.0525210084033613,0.0609243697478991,0.0903361344537815,0.0357142857142857,0.0840336134453781,0.0042016806722689,0.0378151260504201,0.3157894736842105,0.1578947368421052,0.3421052631578947,0.1842105263157894,17,23,"RNCMPT00241,max,GACGACG,RBD_v3_044367",1
"RNCMPT00285,min,AGGCACA,RBD_v3_178988",141,0,0.0839694656488549,0.0076335877862595,0.0534351145038167,0.0305343511450381,0.0610687022900763,0.0839694656488549,0.0305343511450381,0.0687022900763358,0.0534351145038167,0.0305343511450381,0.0229007633587786,0.0229007633587786,0.0839694656488549,0.0534351145038167,0.0610687022900763,0.0381679389312977,0.0839694656488549,0.0687022900763358,0.0,0.0610687022900763,0.3684210526315789,0.2631578947368421,0.131578947368421,0.2368421052631578,1,7,"RNCMPT00285,min,AGGCACA,RBD_v3_178988",0
"RNCMPT00120,min,AGAGUCG,RBD_v3_227874",34,0,0.0926966292134831,0.0112359550561797,0.0308988764044943,0.047752808988764,0.0365168539325842,0.0842696629213483,0.0,0.0505617977528089,0.0561797752808988,0.1011235955056179,0.0196629213483146,0.0786516853932584,0.047752808988764,0.0449438202247191,0.0449438202247191,0.0870786516853932,0.0617977528089887,0.0674157303370786,0.0056179775280898,0.0308988764044943,0.2333333333333333,0.3,0.3333333333333333,0.1333333333333333,1,7,"RNCMPT00120,min,AGAGUCG,RBD_v3_227874",1
"RNCMPT00263,max,AGAACAU,RBD_v3_047807",86,1,0.0809523809523809,0.0047619047619047,0.0952380952380952,0.0904761904761904,0.0476190476190476,0.1095238095238095,0.0047619047619047,0.0095238095238095,0.0142857142857142,0.0571428571428571,0.0333333333333333,0.0428571428571428,0.0095238095238095,0.0476190476190476,0.119047619047619,0.0761904761904762,0.0380952380952381,0.0952380952380952,0.0095238095238095,0.0142857142857142,0.2857142857142857,0.1714285714285714,0.3142857142857143,0.2285714285714285,1,7,"RNCMPT00263,max,AGAACAU,RBD_v3_047807",0
"RNCMPT00111,min,UGAGCGU,RBD_v3_119688",193,0,0.0581395348837209,0.0,0.0813953488372093,0.0465116279069767,0.0116279069767441,0.0465116279069767,0.0116279069767441,0.0697674418604651,0.1162790697674418,0.1744186046511628,0.0348837209302325,0.0348837209302325,0.0465116279069767,0.0,0.0581395348837209,0.0930232558139534,0.0348837209302325,0.0232558139534883,0.0232558139534883,0.0348837209302325,0.2857142857142857,0.1714285714285714,0.2857142857142857,0.2571428571428571,17,23,"RNCMPT00111,min,UGAGCGU,RBD_v3_119688",0
"RNCMPT00246,min,AGGGGUG,RBD_v3_099688",107,0,0.0880503144654088,0.0188679245283018,0.0220125786163522,0.0628930817610062,0.0157232704402515,0.10062893081761,0.0125786163522012,0.110062893081761,0.0534591194968553,0.0628930817610062,0.0345911949685534,0.0314465408805031,0.0660377358490566,0.0534591194968553,0.0377358490566037,0.1037735849056603,0.0628930817610062,0.0534591194968553,0.0,0.0094339622641509,0.2368421052631578,0.1578947368421052,0.4736842105263157,0.131578947368421,20,26,"RNCMPT00246,min,AGGGGUG,RBD_v3_099688",0
"RNCMPT00223,max,UUUCACG,RBD_v3_197022",66,1,0.1889400921658986,0.0046082949308755,0.0184331797235023,0.0506912442396313,0.0460829493087557,0.0414746543778801,0.0230414746543778,0.0184331797235023,0.1013824884792626,0.0506912442396313,0.0092165898617511,0.0460829493087557,0.0599078341013824,0.032258064516129,0.0691244239631336,0.064516129032258,0.0368663594470046,0.1059907834101382,0.0046082949308755,0.0276497695852534,0.3421052631578947,0.2105263157894736,0.2368421052631578,0.2105263157894736,9,15,"RNCMPT00223,max,UUUCACG,RBD_v3_197022",0
"RNCMPT00236,max,UUUUUUU,RBD_v3_234488",186,1,0.0709677419354838,0.0064516129032258,0.0516129032258064,0.0612903225806451,0.0451612903225806,0.064516129032258,0.0096774193548387,0.0838709677419354,0.064516129032258,0.0612903225806451,0.0258064516129032,0.1,0.032258064516129,0.0225806451612903,0.0548387096774193,0.0806451612903225,0.0483870967741935,0.0580645161290322,0.0161290322580645,0.0419354838709677,0.1333333333333333,0.1333333333333333,0.2666666666666666,0.4666666666666667,20,26,"RNCMPT00236,max,UUUUUUU,RBD_v3_234488",0
"RNCMPT00259,min,GUGGGGC,RBD_v3_085327",189,0,0.0685483870967741,0.0120967741935483,0.0282258064516129,0.0604838709677419,0.0564516129032258,0.0483870967741935,0.0241935483870967,0.0725806451612903,0.0403225806451612,0.0564516129032258,0.0241935483870967,0.0483870967741935,0.0806451612903225,0.0725806451612903,0.0725806451612903,0.1008064516129032,0.0524193548387096,0.0443548387096774,0.0040322580645161,0.032258064516129,0.2571428571428571,0.1142857142857142,0.5142857142857142,0.1142857142857142,14,20,"RNCMPT00259,min,GUGGGGC,RBD_v3_085327",1
"RNCMPT00143,min,GUGGUUU,RBD_v3_104491",155,0,0.0584795321637426,0.0,0.0584795321637426,0.1228070175438596,0.0292397660818713,0.0760233918128654,0.0292397660818713,0.0584795321637426,0.087719298245614,0.0701754385964912,0.0058479532163742,0.0292397660818713,0.0409356725146198,0.0175438596491228,0.1403508771929824,0.0292397660818713,0.0467836257309941,0.0467836257309941,0.0116959064327485,0.0409356725146198,0.1333333333333333,0.1333333333333333,0.2,0.5333333333333333,10,16,"RNCMPT00143,min,GUGGUUU,RBD_v3_104491",1
"RNCMPT00027,min,GGUGUGG,RBD_v3_174943",48,0,0.068100358422939,0.017921146953405,0.0519713261648745,0.0483870967741935,0.0376344086021505,0.1272401433691756,0.032258064516129,0.032258064516129,0.050179211469534,0.057347670250896,0.0232974910394265,0.0591397849462365,0.0842293906810035,0.039426523297491,0.0448028673835125,0.0734767025089605,0.0304659498207885,0.068100358422939,0.003584229390681,0.050179211469534,0.0512820512820512,0.1538461538461538,0.4615384615384615,0.3333333333333333,21,27,"RNCMPT00027,min,GGUGUGG,RBD_v3_174943",1
"RNCMPT00169,min,GAGUGGG,RBD_v3_100915",60,0,0.054054054054054,0.0108108108108108,0.0648648648648648,0.0972972972972973,0.0432432432432432,0.0756756756756756,0.027027027027027,0.0432432432432432,0.1081081081081081,0.1027027027027027,0.0486486486486486,0.0324324324324324,0.0594594594594594,0.0378378378378378,0.0432432432432432,0.0432432432432432,0.0216216216216216,0.0594594594594594,0.0,0.027027027027027,0.2894736842105263,0.2105263157894736,0.3684210526315789,0.131578947368421,32,38,"RNCMPT00169,min,GAGUGGG,RBD_v3_100915",1
"RNCMPT00229,max,GUGUUUU,RBD_v3_106697",110,1,0.0890207715133531,0.0089020771513353,0.0445103857566765,0.0563798219584569,0.0445103857566765,0.1068249258160237,0.0237388724035608,0.0267062314540059,0.0385756676557863,0.0445103857566765,0.0207715133531157,0.0474777448071216,0.0712166172106825,0.0712166172106825,0.0504451038575667,0.0504451038575667,0.0563798219584569,0.0771513353115727,0.0178041543026706,0.0534124629080118,0.1842105263157894,0.2368421052631578,0.2105263157894736,0.3684210526315789,5,11,"RNCMPT00229,max,GUGUUUU,RBD_v3_106697",1
"RNCMPT00147,max,AACUAAG,RBD_v3_125898",16,1,0.0718954248366013,0.0065359477124183,0.0849673202614379,0.0522875816993464,0.0718954248366013,0.0588235294117647,0.0,0.0326797385620915,0.1045751633986928,0.0522875816993464,0.0196078431372549,0.0261437908496732,0.0261437908496732,0.0392156862745098,0.1176470588235294,0.0718954248366013,0.065359477124183,0.0718954248366013,0.0196078431372549,0.0065359477124183,0.3947368421052631,0.1842105263157894,0.2105263157894736,0.2105263157894736,19,25,"RNCMPT00147,max,AACUAAG,RBD_v3_125898",1
"RNCMPT00289,max,AAAAAGC,RBD_v3_017848",55,1,0.0737463126843657,0.0117994100294985,0.0589970501474926,0.0973451327433628,0.0412979351032448,0.0825958702064896,0.0117994100294985,0.0442477876106194,0.0884955752212389,0.0678466076696165,0.0206489675516224,0.0324483775811209,0.0678466076696165,0.023598820058997,0.0707964601769911,0.0442477876106194,0.0383480825958702,0.079646017699115,0.0088495575221238,0.0353982300884955,0.4473684210526316,0.131578947368421,0.2105263157894736,0.2105263157894736,28,34,"RNCMPT00289,max,AAAAAGC,RBD_v3_017848",0
"RNCMPT00156,min,CUUUUUU,RBD_v3_085962",22,0,0.0677966101694915,0.0225988700564971,0.0338983050847457,0.0847457627118644,0.0282485875706214,0.0508474576271186,0.0225988700564971,0.0338983050847457,0.1073446327683615,0.0734463276836158,0.0169491525423728,0.0508474576271186,0.0451977401129943,0.0677966101694915,0.0508474576271186,0.0734463276836158,0.0338983050847457,0.0847457627118644,0.0,0.0508474576271186,0.1666666666666666,0.2,0.2,0.4333333333333333,22,28,"RNCMPT00156,min,CUUUUUU,RBD_v3_085962",1
"RNCMPT00162,min,ACCGCCC,RBD_v3_157306",64,0,0.1004784688995215,0.0430622009569378,0.0287081339712918,0.0909090909090909,0.0526315789473684,0.1004784688995215,0.0382775119617224,0.0239234449760765,0.0813397129186602,0.0574162679425837,0.0287081339712918,0.0191387559808612,0.0717703349282296,0.0526315789473684,0.0526315789473684,0.0717703349282296,0.0239234449760765,0.0478468899521531,0.0047846889952153,0.0095693779904306,0.3142857142857143,0.2857142857142857,0.2571428571428571,0.1428571428571428,10,16,"RNCMPT00162,min,ACCGCCC,RBD_v3_157306",0
"RNCMPT00026,max,CCAAACC,RBD_v3_092003",47,1,0.0474137931034482,0.0107758620689655,0.0732758620689655,0.0732758620689655,0.0258620689655172,0.1206896551724138,0.0086206896551724,0.0754310344827586,0.0452586206896551,0.0625,0.0258620689655172,0.0258620689655172,0.0883620689655172,0.0452586206896551,0.0775862068965517,0.0668103448275862,0.0517241379310344,0.0323275862068965,0.0064655172413793,0.0366379310344827,0.3684210526315789,0.3421052631578947,0.1578947368421052,0.131578947368421,10,16,"RNCMPT00026,max,CCAAACC,RBD_v3_092003",1
"RNCMPT00262,min,AAGAGUC,RBD_v3_005651",85,0,0.0893371757925072,0.0115273775216138,0.0489913544668587,0.0893371757925072,0.0489913544668587,0.0893371757925072,0.0028818443804034,0.063400576368876,0.031700288184438,0.063400576368876,0.0230547550432276,0.0576368876080691,0.063400576368876,0.0403458213256484,0.0576368876080691,0.063400576368876,0.0518731988472622,0.0778097982708933,0.0,0.0259365994236311,0.4285714285714285,0.2285714285714285,0.2,0.1428571428571428,29,35,"RNCMPT00262,min,AAGAGUC,RBD_v3_005651",1
"RNCMPT00088,max,AGAGACA,RBD_v3_000179",159,1,0.0543478260869565,0.0108695652173913,0.108695652173913,0.0543478260869565,0.0652173913043478,0.0543478260869565,0.0108695652173913,0.0434782608695652,0.0217391304347826,0.0652173913043478,0.0108695652173913,0.0326086956521739,0.0543478260869565,0.0434782608695652,0.1521739130434782,0.0326086956521739,0.0434782608695652,0.0760869565217391,0.0108695652173913,0.0543478260869565,0.4473684210526316,0.2368421052631578,0.2368421052631578,0.0789473684210526,1,7,"RNCMPT00088,max,AGAGACA,RBD_v3_000179",1
"RNCMPT00217,min,AGGGGGG,RBD_v3_177821",176,0,0.0751295336787564,0.0129533678756476,0.0569948186528497,0.082901554404145,0.0518134715025906,0.0932642487046632,0.0310880829015544,0.0414507772020725,0.0207253886010362,0.0569948186528497,0.0233160621761658,0.0518134715025906,0.0647668393782383,0.0362694300518134,0.0984455958549222,0.0595854922279792,0.0492227979274611,0.0621761658031088,0.005181347150259,0.0259067357512953,0.2894736842105263,0.1842105263157894,0.3684210526315789,0.1578947368421052,1,7,"RNCMPT00217,min,AGGGGGG,RBD_v3_177821",1
"RNCMPT00237,min,AGACCAC,RBD_v3_052573",111,0,0.0808510638297872,0.0042553191489361,0.0723404255319148,0.0468085106382978,0.0425531914893617,0.0808510638297872,0.0170212765957446,0.0468085106382978,0.0553191489361702,0.0808510638297872,0.0212765957446808,0.0638297872340425,0.0553191489361702,0.0340425531914893,0.0468085106382978,0.076595744680851,0.0553191489361702,0.0723404255319148,0.0042553191489361,0.0425531914893617,0.2631578947368421,0.3421052631578947,0.2105263157894736,0.1842105263157894,25,31,"RNCMPT00237,min,AGACCAC,RBD_v3_052573",0
"RNCMPT00018,max,UGCGCGC,RBD_v3_170737",36,1,0.0391061452513966,0.0,0.0670391061452514,0.0391061452513966,0.0558659217877094,0.2793296089385474,0.0055865921787709,0.0446927374301676,0.0558659217877094,0.0167597765363128,0.0167597765363128,0.0558659217877094,0.0446927374301676,0.0279329608938547,0.0893854748603352,0.0614525139664804,0.0446927374301676,0.0279329608938547,0.0055865921787709,0.0223463687150838,0.2105263157894736,0.2105263157894736,0.2631578947368421,0.3157894736842105,13,19,"RNCMPT00018,max,UGCGCGC,RBD_v3_170737",1
"RNCMPT00103,max,AUGUACA,RBD_v3_021558",106,1,0.0562130177514792,0.0236686390532544,0.0414201183431952,0.0710059171597633,0.0355029585798816,0.0502958579881656,0.0502958579881656,0.0621301775147929,0.0710059171597633,0.0917159763313609,0.029585798816568,0.044378698224852,0.0236686390532544,0.0917159763313609,0.044378698224852,0.0414201183431952,0.0473372781065088,0.0828402366863905,0.0,0.0414201183431952,0.3421052631578947,0.2368421052631578,0.2105263157894736,0.2105263157894736,23,29,"RNCMPT00103,max,AUGUACA,RBD_v3_021558",1
"RNCMPT00254,max,UUGAACG,RBD_v3_000201",67,1,0.0782918149466192,0.0142348754448398,0.0533807829181494,0.096085409252669,0.0391459074733096,0.0782918149466192,0.0355871886120996,0.0427046263345195,0.0889679715302491,0.0533807829181494,0.0106761565836298,0.0355871886120996,0.0142348754448398,0.0249110320284697,0.1032028469750889,0.0747330960854092,0.0498220640569395,0.0854092526690391,0.0035587188612099,0.0177935943060498,0.3157894736842105,0.2368421052631578,0.2894736842105263,0.1578947368421052,13,19,"RNCMPT00254,max,UUGAACG,RBD_v3_000201",1
"RNCMPT00218,min,GAUGAAC,RBD_v3_220109",177,0,0.0712074303405572,0.0309597523219814,0.0402476780185758,0.0495356037151702,0.0433436532507739,0.0743034055727554,0.0247678018575851,0.0154798761609907,0.0433436532507739,0.0866873065015479,0.0247678018575851,0.0526315789473684,0.0681114551083591,0.0340557275541795,0.0712074303405572,0.1114551083591331,0.0743034055727554,0.0681114551083591,0.0092879256965944,0.0061919504643962,0.3157894736842105,0.1842105263157894,0.2894736842105263,0.2105263157894736,11,17,"RNCMPT00218,min,GAUGAAC,RBD_v3_220109",1
"RNCMPT00009,min,GGGGGGG,RBD_v3_193991",18,0,0.0777777777777777,0.0111111111111111,0.0111111111111111,0.0666666666666666,0.0666666666666666,0.1,0.0333333333333333,0.0555555555555555,0.0777777777777777,0.0666666666666666,0.0111111111111111,0.0666666666666666,0.0111111111111111,0.0333333333333333,0.0555555555555555,0.0666666666666666,0.0444444444444444,0.1,0.0111111111111111,0.0333333333333333,0.2368421052631578,0.1052631578947368,0.4473684210526316,0.2105263157894736,2,8,"RNCMPT00009,min,GGGGGGG,RBD_v3_193991",0
"RNCMPT00026,max,AGACCAA,RBD_v3_217627",47,1,0.0474137931034482,0.0107758620689655,0.0732758620689655,0.0732758620689655,0.0258620689655172,0.1206896551724138,0.0086206896551724,0.0754310344827586,0.0452586206896551,0.0625,0.0258620689655172,0.0258620689655172,0.0883620689655172,0.0452586206896551,0.0775862068965517,0.0668103448275862,0.0517241379310344,0.0323275862068965,0.0064655172413793,0.0366379310344827,0.4473684210526316,0.3157894736842105,0.1842105263157894,0.0526315789473684,25,31,"RNCMPT00026,max,AGACCAA,RBD_v3_217627",1
"RNCMPT00070,min,GCCCACC,RBD_v3_125136",154,0,0.0467836257309941,0.0,0.0701754385964912,0.0994152046783625,0.023391812865497,0.0994152046783625,0.0350877192982456,0.0350877192982456,0.0701754385964912,0.0350877192982456,0.023391812865497,0.023391812865497,0.0584795321637426,0.0175438596491228,0.1637426900584795,0.0350877192982456,0.0526315789473684,0.0584795321637426,0.0116959064327485,0.0409356725146198,0.3157894736842105,0.3684210526315789,0.1578947368421052,0.1578947368421052,4,10,"RNCMPT00070,min,GCCCACC,RBD_v3_125136",1
"RNCMPT00282,min,AGAGUCG,RBD_v3_059864",144,0,0.0405405405405405,0.0135135135135135,0.081081081081081,0.0743243243243243,0.0405405405405405,0.0608108108108108,0.0,0.0337837837837837,0.1351351351351351,0.0675675675675675,0.0202702702702702,0.0337837837837837,0.0472972972972973,0.0337837837837837,0.1081081081081081,0.054054054054054,0.0337837837837837,0.0743243243243243,0.0202702702702702,0.027027027027027,0.2666666666666666,0.2333333333333333,0.2666666666666666,0.2333333333333333,1,7,"RNCMPT00282,min,AGAGUCG,RBD_v3_059864",0
"RNCMPT00036,min,GGGGGGC,RBD_v3_030565",64,0,0.1004784688995215,0.0430622009569378,0.0287081339712918,0.0909090909090909,0.0526315789473684,0.1004784688995215,0.0382775119617224,0.0239234449760765,0.0813397129186602,0.0574162679425837,0.0287081339712918,0.0191387559808612,0.0717703349282296,0.0526315789473684,0.0526315789473684,0.0717703349282296,0.0239234449760765,0.0478468899521531,0.0047846889952153,0.0095693779904306,0.1842105263157894,0.1578947368421052,0.4210526315789473,0.2368421052631578,2,8,"RNCMPT00036,min,GGGGGGC,RBD_v3_030565",1
"RNCMPT00273,min,UUUAGAA,RBD_v3_061524",27,0,0.0791788856304985,0.0117302052785923,0.0674486803519061,0.1319648093841642,0.0263929618768328,0.0498533724340175,0.0146627565982404,0.0674486803519061,0.0821114369501466,0.0850439882697947,0.0205278592375366,0.0439882697947214,0.032258064516129,0.0146627565982404,0.0586510263929618,0.0498533724340175,0.0527859237536656,0.0733137829912023,0.002932551319648,0.0351906158357771,0.2894736842105263,0.2368421052631578,0.1842105263157894,0.2894736842105263,24,30,"RNCMPT00273,min,UUUAGAA,RBD_v3_061524",1
"RNCMPT00215,max,UUUCCCU,RBD_v3_036176",96,1,0.0825958702064896,0.0147492625368731,0.0206489675516224,0.0648967551622418,0.0176991150442477,0.0943952802359882,0.0147492625368731,0.1002949852507374,0.0560471976401179,0.0678466076696165,0.0324483775811209,0.0383480825958702,0.0766961651917404,0.0589970501474926,0.0353982300884955,0.0825958702064896,0.079646017699115,0.0471976401179941,0.0,0.0147492625368731,0.3157894736842105,0.2894736842105263,0.1578947368421052,0.2368421052631578,32,38,"RNCMPT00215,max,UUUCCCU,RBD_v3_036176",1
"RNCMPT00002,max,AGACGUU,RBD_v3_078194",2,1,0.0674846625766871,0.0061349693251533,0.0368098159509202,0.0552147239263803,0.0122699386503067,0.0736196319018405,0.0184049079754601,0.0736196319018405,0.0858895705521472,0.0736196319018405,0.0122699386503067,0.0552147239263803,0.0552147239263803,0.0306748466257668,0.0674846625766871,0.1104294478527607,0.0797546012269938,0.0674846625766871,0.0061349693251533,0.0122699386503067,0.3428571428571428,0.2285714285714285,0.2285714285714285,0.2,1,7,"RNCMPT00002,max,AGACGUU,RBD_v3_078194",1
"RNCMPT00179,max,UUGUGUG,RBD_v3_014236",163,1,0.1612903225806451,0.0040322580645161,0.0362903225806451,0.032258064516129,0.032258064516129,0.0725806451612903,0.0161290322580645,0.032258064516129,0.032258064516129,0.0846774193548387,0.0282258064516129,0.0443548387096774,0.064516129032258,0.1169354838709677,0.0362903225806451,0.0282258064516129,0.0604838709677419,0.064516129032258,0.0,0.0524193548387096,0.2857142857142857,0.1428571428571428,0.3142857142857143,0.2571428571428571,11,17,"RNCMPT00179,max,UUGUGUG,RBD_v3_014236",1
"RNCMPT00256,min,GAGUCGA,RBD_v3_237980",171,0,0.0589887640449438,0.0028089887640449,0.0646067415730337,0.0533707865168539,0.0505617977528089,0.1292134831460674,0.0196629213483146,0.0365168539325842,0.0561797752808988,0.0393258426966292,0.0196629213483146,0.0702247191011236,0.0308988764044943,0.0561797752808988,0.0505617977528089,0.0786516853932584,0.0646067415730337,0.0589887640449438,0.0112359550561797,0.047752808988764,0.4210526315789473,0.1578947368421052,0.3157894736842105,0.1052631578947368,3,9,"RNCMPT00256,min,GAGUCGA,RBD_v3_237980",1
"RNCMPT00187,max,GUGUUGU,RBD_v3_123072",12,1,0.1372141372141372,0.0145530145530145,0.0374220374220374,0.0353430353430353,0.0478170478170478,0.1122661122661122,0.0249480249480249,0.0249480249480249,0.0395010395010395,0.0935550935550935,0.0249480249480249,0.0249480249480249,0.0935550935550935,0.0727650727650727,0.0457380457380457,0.0561330561330561,0.0415800415800415,0.0498960498960499,0.0,0.0228690228690228,0.1842105263157894,0.1842105263157894,0.3684210526315789,0.2631578947368421,11,17,"RNCMPT00187,max,GUGUUGU,RBD_v3_123072",1
"RNCMPT00078,min,AGGGGGG,RBD_v3_075285",173,0,0.0467836257309941,0.0175438596491228,0.0467836257309941,0.0467836257309941,0.0409356725146198,0.0643274853801169,0.0409356725146198,0.0467836257309941,0.0350877192982456,0.023391812865497,0.0116959064327485,0.023391812865497,0.0701754385964912,0.0467836257309941,0.1871345029239766,0.1403508771929824,0.0350877192982456,0.0409356725146198,0.0,0.0350877192982456,0.2105263157894736,0.2105263157894736,0.2631578947368421,0.3157894736842105,20,26,"RNCMPT00078,min,AGGGGGG,RBD_v3_075285",1
"RNCMPT00044,max,CCUUCCC,RBD_v3_003952",95,1,0.0746268656716417,0.017910447761194,0.0238805970149253,0.0597014925373134,0.0149253731343283,0.1044776119402985,0.0149253731343283,0.1104477611940298,0.0507462686567164,0.0626865671641791,0.0328358208955223,0.0328358208955223,0.0567164179104477,0.0567164179104477,0.0388059701492537,0.1044776119402985,0.0716417910447761,0.053731343283582,0.0029850746268656,0.0149253731343283,0.2894736842105263,0.3421052631578947,0.1052631578947368,0.2631578947368421,15,21,"RNCMPT00044,max,CCUUCCC,RBD_v3_003952",0
"RNCMPT00159,min,AAGGGGG,RBD_v3_230339",115,0,0.088235294117647,0.0073529411764705,0.0735294117647058,0.0294117647058823,0.0441176470588235,0.0808823529411764,0.0147058823529411,0.0441176470588235,0.0735294117647058,0.0735294117647058,0.0147058823529411,0.0661764705882353,0.0367647058823529,0.0220588235294117,0.0808823529411764,0.0808823529411764,0.0294117647058823,0.0661764705882353,0.0,0.0735294117647058,0.2894736842105263,0.1578947368421052,0.3947368421052631,0.1578947368421052,19,25,"RNCMPT00159,min,AAGGGGG,RBD_v3_230339",0
"RNCMPT00251,max,AUUCACA,RBD_v3_129200",181,1,0.1028446389496717,0.0306345733041575,0.0547045951859956,0.0481400437636761,0.0525164113785558,0.0678336980306345,0.024070021881838,0.0437636761487965,0.0306345733041575,0.0919037199124726,0.0284463894967177,0.0328227571115973,0.0459518599562363,0.037199124726477,0.0634573304157549,0.0853391684901531,0.0547045951859956,0.0787746170678337,0.0065645514223194,0.0196936542669584,0.3157894736842105,0.3684210526315789,0.1578947368421052,0.1578947368421052,21,27,"RNCMPT00251,max,AUUCACA,RBD_v3_129200",1
"RNCMPT00157,max,AGAAGAA,RBD_v3_225915",92,1,0.0705882352941176,0.0117647058823529,0.0352941176470588,0.1,0.0470588235294117,0.0764705882352941,0.0176470588235294,0.0470588235294117,0.0529411764705882,0.0411764705882352,0.0294117647058823,0.0529411764705882,0.0529411764705882,0.0176470588235294,0.1117647058823529,0.088235294117647,0.0470588235294117,0.0588235294117647,0.0,0.0411764705882352,0.4736842105263157,0.2631578947368421,0.1578947368421052,0.1052631578947368,1,7,"RNCMPT00157,max,AGAAGAA,RBD_v3_225915",0
"RNCMPT00273,max,AGCAUGC,RBD_v3_039751",27,1,0.0791788856304985,0.0117302052785923,0.0674486803519061,0.1319648093841642,0.0263929618768328,0.0498533724340175,0.0146627565982404,0.0674486803519061,0.0821114369501466,0.0850439882697947,0.0205278592375366,0.0439882697947214,0.032258064516129,0.0146627565982404,0.0586510263929618,0.0498533724340175,0.0527859237536656,0.0733137829912023,0.002932551319648,0.0351906158357771,0.3157894736842105,0.2368421052631578,0.2894736842105263,0.1578947368421052,20,26,"RNCMPT00273,max,AGCAUGC,RBD_v3_039751",1
"RNCMPT00109,max,GGAGGAC,RBD_v3_161547",158,1,0.0495049504950495,0.0099009900990099,0.099009900990099,0.0544554455445544,0.0346534653465346,0.1633663366336633,0.0099009900990099,0.0346534653465346,0.0396039603960396,0.0297029702970297,0.0148514851485148,0.0297029702970297,0.0693069306930693,0.0049504950495049,0.1237623762376237,0.0495049504950495,0.0297029702970297,0.0841584158415841,0.0049504950495049,0.0643564356435643,0.2894736842105263,0.2105263157894736,0.3684210526315789,0.131578947368421,18,24,"RNCMPT00109,max,GGAGGAC,RBD_v3_161547",1
"RNCMPT00060,min,GGGGGGG,RBD_v3_169706",137,0,0.0823529411764705,0.0117647058823529,0.0117647058823529,0.0705882352941176,0.0411764705882352,0.0647058823529411,0.0235294117647058,0.0470588235294117,0.1117647058823529,0.0705882352941176,0.0117647058823529,0.0470588235294117,0.1,0.0470588235294117,0.0588235294117647,0.0764705882352941,0.0411764705882352,0.0705882352941176,0.0,0.0117647058823529,0.3947368421052631,0.131578947368421,0.4473684210526316,0.0263157894736842,2,8,"RNCMPT00060,min,GGGGGGG,RBD_v3_169706",0
"RNCMPT00254,min,UUUUUUU,RBD_v3_002291",67,0,0.0782918149466192,0.0142348754448398,0.0533807829181494,0.096085409252669,0.0391459074733096,0.0782918149466192,0.0355871886120996,0.0427046263345195,0.0889679715302491,0.0533807829181494,0.0106761565836298,0.0355871886120996,0.0142348754448398,0.0249110320284697,0.1032028469750889,0.0747330960854092,0.0498220640569395,0.0854092526690391,0.0035587188612099,0.0177935943060498,0.1333333333333333,0.2666666666666666,0.1666666666666666,0.4333333333333333,22,28,"RNCMPT00254,min,UUUUUUU,RBD_v3_002291",1
"RNCMPT00045,min,GGGGGGG,RBD_v3_223121",103,0,0.048780487804878,0.0182926829268292,0.073170731707317,0.073170731707317,0.073170731707317,0.048780487804878,0.024390243902439,0.0365853658536585,0.048780487804878,0.048780487804878,0.0060975609756097,0.0121951219512195,0.0365853658536585,0.0548780487804878,0.1585365853658536,0.1280487804878048,0.024390243902439,0.0426829268292682,0.0,0.0426829268292682,0.2926829268292683,0.1219512195121951,0.4390243902439024,0.1463414634146341,5,11,"RNCMPT00045,min,GGGGGGG,RBD_v3_223121",1
"RNCMPT00026,max,AGACCAA,RBD_v3_026840",47,1,0.0474137931034482,0.0107758620689655,0.0732758620689655,0.0732758620689655,0.0258620689655172,0.1206896551724138,0.0086206896551724,0.0754310344827586,0.0452586206896551,0.0625,0.0258620689655172,0.0258620689655172,0.0883620689655172,0.0452586206896551,0.0775862068965517,0.0668103448275862,0.0517241379310344,0.0323275862068965,0.0064655172413793,0.0366379310344827,0.4473684210526316,0.2631578947368421,0.1578947368421052,0.131578947368421,1,7,"RNCMPT00026,max,AGACCAA,RBD_v3_026840",1
"RNCMPT00082,max,GCUGGUC,RBD_v3_002136",193,1,0.0581395348837209,0.0,0.0813953488372093,0.0465116279069767,0.0116279069767441,0.0465116279069767,0.0116279069767441,0.0697674418604651,0.1162790697674418,0.1744186046511628,0.0348837209302325,0.0348837209302325,0.0465116279069767,0.0,0.0581395348837209,0.0930232558139534,0.0348837209302325,0.0232558139534883,0.0232558139534883,0.0348837209302325,0.1842105263157894,0.3157894736842105,0.2368421052631578,0.2631578947368421,5,11,"RNCMPT00082,max,GCUGGUC,RBD_v3_002136",0
"RNCMPT00112,max,UUAGUUU,RBD_v3_122545",57,1,0.0707692307692307,0.0092307692307692,0.0492307692307692,0.0461538461538461,0.0553846153846153,0.0892307692307692,0.0246153846153846,0.0584615384615384,0.0523076923076923,0.0676923076923076,0.0307692307692307,0.0707692307692307,0.0369230769230769,0.0369230769230769,0.0615384615384615,0.0861538461538461,0.0492307692307692,0.0676923076923076,0.0061538461538461,0.0307692307692307,0.1842105263157894,0.2368421052631578,0.2105263157894736,0.3684210526315789,6,12,"RNCMPT00112,max,UUAGUUU,RBD_v3_122545",0
"RNCMPT00288,min,GAGUGGG,RBD_v3_107212",49,0,0.0678466076696165,0.0117994100294985,0.0560471976401179,0.0973451327433628,0.0383480825958702,0.0825958702064896,0.0117994100294985,0.0442477876106194,0.0943952802359882,0.0678466076696165,0.0206489675516224,0.0353982300884955,0.0678466076696165,0.023598820058997,0.0678466076696165,0.0353982300884955,0.0442477876106194,0.0825958702064896,0.0088495575221238,0.0412979351032448,0.2631578947368421,0.1578947368421052,0.3947368421052631,0.1842105263157894,13,19,"RNCMPT00288,min,GAGUGGG,RBD_v3_107212",1
"RNCMPT00272,min,GAGUCGU,RBD_v3_213055",157,0,0.0583333333333333,0.0083333333333333,0.0791666666666666,0.075,0.0416666666666666,0.075,0.0208333333333333,0.0458333333333333,0.1,0.0833333333333333,0.0166666666666666,0.0416666666666666,0.0375,0.0625,0.0583333333333333,0.0375,0.0416666666666666,0.0833333333333333,0.0041666666666666,0.0291666666666666,0.2631578947368421,0.2105263157894736,0.2368421052631578,0.2894736842105263,29,35,"RNCMPT00272,min,GAGUCGU,RBD_v3_213055",1
"RNCMPT00096,max,GGUAGGG,RBD_v3_031924",54,1,0.0418848167539267,0.0,0.1151832460732984,0.0471204188481675,0.0575916230366492,0.0785340314136125,0.0366492146596858,0.06282722513089,0.1047120418848167,0.0418848167539267,0.0209424083769633,0.0366492146596858,0.0471204188481675,0.0575916230366492,0.0575916230366492,0.0418848167539267,0.0366492146596858,0.0890052356020942,0.0052356020942408,0.0209424083769633,0.3157894736842105,0.1052631578947368,0.3947368421052631,0.1842105263157894,28,34,"RNCMPT00096,max,GGUAGGG,RBD_v3_031924",1
"RNCMPT00165,max,CUUUUUU,RBD_v3_029559",170,1,0.0685714285714285,0.0171428571428571,0.04,0.0457142857142857,0.0457142857142857,0.0885714285714285,0.0228571428571428,0.0457142857142857,0.0542857142857142,0.0342857142857142,0.0371428571428571,0.0542857142857142,0.0485714285714285,0.0857142857142857,0.0342857142857142,0.0771428571428571,0.0657142857142857,0.0685714285714285,0.0257142857142857,0.04,0.1842105263157894,0.1842105263157894,0.2368421052631578,0.3947368421052631,29,35,"RNCMPT00165,max,CUUUUUU,RBD_v3_029559",1
"RNCMPT00084,min,GGGCUCC,RBD_v3_024151",195,0,0.1071428571428571,0.0027472527472527,0.0302197802197802,0.0604395604395604,0.0329670329670329,0.1208791208791208,0.0054945054945054,0.0192307692307692,0.0329670329670329,0.0137362637362637,0.0054945054945054,0.0329670329670329,0.1593406593406593,0.0576923076923076,0.1098901098901098,0.0467032967032967,0.0631868131868131,0.0796703296703296,0.0054945054945054,0.0137362637362637,0.2,0.1714285714285714,0.3428571428571428,0.2857142857142857,5,11,"RNCMPT00084,min,GGGCUCC,RBD_v3_024151",1
"RNCMPT00258,min,ACAGGAC,RBD_v3_144560",188,0,0.0478260869565217,0.008695652173913,0.1260869565217391,0.0869565217391304,0.0565217391304347,0.0608695652173913,0.0130434782608695,0.0347826086956521,0.0913043478260869,0.0260869565217391,0.0043478260869565,0.0391304347826087,0.0260869565217391,0.0304347826086956,0.1347826086956521,0.0695652173913043,0.0130434782608695,0.0695652173913043,0.0,0.0608695652173913,0.2894736842105263,0.2105263157894736,0.131578947368421,0.3684210526315789,3,9,"RNCMPT00258,min,ACAGGAC,RBD_v3_144560",1
"RNCMPT00225,min,GGGGGCC,RBD_v3_136946",184,0,0.1048689138576779,0.0074906367041198,0.0599250936329588,0.0374531835205992,0.0299625468164794,0.0861423220973782,0.0074906367041198,0.0374531835205992,0.0861423220973782,0.1011235955056179,0.0262172284644194,0.0299625468164794,0.0449438202247191,0.0299625468164794,0.048689138576779,0.0898876404494382,0.0898876404494382,0.0524344569288389,0.0074906367041198,0.0224719101123595,0.2894736842105263,0.2105263157894736,0.3421052631578947,0.1578947368421052,12,18,"RNCMPT00225,min,GGGGGCC,RBD_v3_136946",1
"RNCMPT00025,max,UUUUUGC,RBD_v3_008256",44,1,0.099236641221374,0.0076335877862595,0.0610687022900763,0.0458015267175572,0.0458015267175572,0.0763358778625954,0.015267175572519,0.0381679389312977,0.0687022900763358,0.0534351145038167,0.0305343511450381,0.0687022900763358,0.0381679389312977,0.0229007633587786,0.0610687022900763,0.099236641221374,0.0305343511450381,0.1068702290076335,0.0,0.0305343511450381,0.2631578947368421,0.2368421052631578,0.1842105263157894,0.3157894736842105,29,35,"RNCMPT00025,max,UUUUUGC,RBD_v3_008256",0
"RNCMPT00070,max,GAUCAAG,RBD_v3_172434",154,1,0.0467836257309941,0.0,0.0701754385964912,0.0994152046783625,0.023391812865497,0.0994152046783625,0.0350877192982456,0.0350877192982456,0.0701754385964912,0.0350877192982456,0.023391812865497,0.023391812865497,0.0584795321637426,0.0175438596491228,0.1637426900584795,0.0350877192982456,0.0526315789473684,0.0584795321637426,0.0116959064327485,0.0409356725146198,0.3684210526315789,0.1842105263157894,0.2368421052631578,0.2105263157894736,2,8,"RNCMPT00070,max,GAUCAAG,RBD_v3_172434",1
"RNCMPT00169,max,UAAAAGC,RBD_v3_232425",60,1,0.054054054054054,0.0108108108108108,0.0648648648648648,0.0972972972972973,0.0432432432432432,0.0756756756756756,0.027027027027027,0.0432432432432432,0.1081081081081081,0.1027027027027027,0.0486486486486486,0.0324324324324324,0.0594594594594594,0.0378378378378378,0.0432432432432432,0.0432432432432432,0.0216216216216216,0.0594594594594594,0.0,0.027027027027027,0.4,0.2,0.2,0.2,28,34,"RNCMPT00169,max,UAAAAGC,RBD_v3_232425",1
"RNCMPT00270,min,AGGGGGG,RBD_v3_234509",3,0,0.0918367346938775,0.0204081632653061,0.0612244897959183,0.0306122448979591,0.0918367346938775,0.0714285714285714,0.010204081632653,0.0510204081632653,0.1122448979591836,0.0714285714285714,0.010204081632653,0.0408163265306122,0.0612244897959183,0.0612244897959183,0.010204081632653,0.0714285714285714,0.0510204081632653,0.0612244897959183,0.0,0.0204081632653061,0.2368421052631578,0.1578947368421052,0.3684210526315789,0.2368421052631578,11,17,"RNCMPT00270,min,AGGGGGG,RBD_v3_234509",1
"RNCMPT00116,max,GAACAUC,RBD_v3_030723",194,1,0.0895061728395061,0.0,0.0401234567901234,0.0833333333333333,0.0216049382716049,0.1203703703703703,0.0061728395061728,0.0092592592592592,0.0493827160493827,0.0123456790123456,0.0123456790123456,0.0648148148148148,0.1080246913580246,0.074074074074074,0.1203703703703703,0.0462962962962962,0.0401234567901234,0.0493827160493827,0.0030864197530864,0.0493827160493827,0.3421052631578947,0.2894736842105263,0.1842105263157894,0.1842105263157894,3,9,"RNCMPT00116,max,GAACAUC,RBD_v3_030723",0
"RNCMPT00080,min,GUGAGUC,RBD_v3_020775",191,0,0.0698924731182795,0.0161290322580645,0.0591397849462365,0.0618279569892473,0.0456989247311828,0.0725806451612903,0.0134408602150537,0.053763440860215,0.0510752688172043,0.0779569892473118,0.0268817204301075,0.0403225806451612,0.0698924731182795,0.0591397849462365,0.0403225806451612,0.0591397849462365,0.0564516129032258,0.0994623655913978,0.0,0.0268817204301075,0.4473684210526316,0.131578947368421,0.2368421052631578,0.1842105263157894,13,19,"RNCMPT00080,min,GUGAGUC,RBD_v3_020775",1
"RNCMPT00033,max,AAACAUU,RBD_v3_238142",58,1,0.0818030050083472,0.003338898163606,0.030050083472454,0.0834724540901502,0.0333889816360601,0.0751252086811352,0.031719532554257,0.0834724540901502,0.0684474123539232,0.0717863105175292,0.015025041736227,0.0383973288814691,0.0634390651085141,0.0617696160267111,0.0500834724540901,0.0634390651085141,0.0550918196994991,0.0634390651085141,0.003338898163606,0.023372287145242,0.4473684210526316,0.131578947368421,0.1842105263157894,0.2368421052631578,7,13,"RNCMPT00033,max,AAACAUU,RBD_v3_238142",0
"RNCMPT00219,min,GAUGGGG,RBD_v3_032469",178,0,0.0954198473282442,0.0229007633587786,0.049618320610687,0.0458015267175572,0.0381679389312977,0.0648854961832061,0.0458015267175572,0.0419847328244274,0.0610687022900763,0.0572519083969465,0.0114503816793893,0.0381679389312977,0.0572519083969465,0.049618320610687,0.0572519083969465,0.1030534351145038,0.0687022900763358,0.0763358778625954,0.0038167938931297,0.0114503816793893,0.3142857142857143,0.2,0.3428571428571428,0.1428571428571428,11,17,"RNCMPT00219,min,GAUGGGG,RBD_v3_032469",1
"RNCMPT00237,max,UGGAGUU,RBD_v3_144567",111,1,0.0808510638297872,0.0042553191489361,0.0723404255319148,0.0468085106382978,0.0425531914893617,0.0808510638297872,0.0170212765957446,0.0468085106382978,0.0553191489361702,0.0808510638297872,0.0212765957446808,0.0638297872340425,0.0553191489361702,0.0340425531914893,0.0468085106382978,0.076595744680851,0.0553191489361702,0.0723404255319148,0.0042553191489361,0.0425531914893617,0.1714285714285714,0.1428571428571428,0.3428571428571428,0.3428571428571428,7,13,"RNCMPT00237,max,UGGAGUU,RBD_v3_144567",0
"RNCMPT00106,min,UUUUUUU,RBD_v3_111944",158,0,0.0495049504950495,0.0099009900990099,0.099009900990099,0.0544554455445544,0.0346534653465346,0.1633663366336633,0.0099009900990099,0.0346534653465346,0.0396039603960396,0.0297029702970297,0.0148514851485148,0.0297029702970297,0.0693069306930693,0.0049504950495049,0.1237623762376237,0.0495049504950495,0.0297029702970297,0.0841584158415841,0.0049504950495049,0.0643564356435643,0.0666666666666666,0.2666666666666666,0.2333333333333333,0.4333333333333333,24,30,"RNCMPT00106,min,UUUUUUU,RBD_v3_111944",1
"RNCMPT00024,min,CCUCCCC,RBD_v3_147055",42,0,0.0472103004291845,0.0042918454935622,0.0600858369098712,0.0944206008583691,0.0643776824034334,0.1287553648068669,0.0300429184549356,0.03862660944206,0.0772532188841201,0.0429184549356223,0.0214592274678111,0.0257510729613733,0.0343347639484978,0.0300429184549356,0.0858369098712446,0.0686695278969957,0.0515021459227467,0.0686695278969957,0.0042918454935622,0.0214592274678111,0.1666666666666666,0.3333333333333333,0.2666666666666666,0.2333333333333333,17,23,"RNCMPT00024,min,CCUCCCC,RBD_v3_147055",0
"RNCMPT00134,min,CCUGUUC,RBD_v3_037257",8,0,0.0373443983402489,0.0,0.0663900414937759,0.0705394190871369,0.0207468879668049,0.1327800829875518,0.0124481327800829,0.0207468879668049,0.0456431535269709,0.0580912863070539,0.0124481327800829,0.0373443983402489,0.0165975103734439,0.0124481327800829,0.1825726141078838,0.1286307053941908,0.0248962655601659,0.0622406639004149,0.0041493775933609,0.0539419087136929,0.1,0.4,0.2666666666666666,0.2333333333333333,7,13,"RNCMPT00134,min,CCUGUUC,RBD_v3_037257",0
"RNCMPT00173,min,CCCCCCC,RBD_v3_183991",131,0,0.073170731707317,0.016260162601626,0.040650406504065,0.0447154471544715,0.024390243902439,0.073170731707317,0.016260162601626,0.040650406504065,0.073170731707317,0.0691056910569105,0.024390243902439,0.065040650406504,0.089430894308943,0.0772357723577235,0.032520325203252,0.0853658536585365,0.0609756097560975,0.0365853658536585,0.0040650406504065,0.0528455284552845,0.2368421052631578,0.3157894736842105,0.3421052631578947,0.1052631578947368,27,33,"RNCMPT00173,min,CCCCCCC,RBD_v3_183991",1
"RNCMPT00034,min,CCCCCCC,RBD_v3_103200",62,0,0.0601092896174863,0.0,0.0546448087431694,0.1092896174863388,0.0437158469945355,0.0710382513661202,0.0218579234972677,0.0491803278688524,0.1147540983606557,0.1147540983606557,0.0273224043715847,0.0491803278688524,0.0491803278688524,0.0437158469945355,0.0437158469945355,0.0382513661202185,0.0218579234972677,0.0601092896174863,0.0,0.0273224043715847,0.2368421052631578,0.2894736842105263,0.2631578947368421,0.2105263157894736,5,11,"RNCMPT00034,min,CCCCCCC,RBD_v3_103200",0
"RNCMPT00157,min,UGGUUUU,RBD_v3_185877",92,0,0.0705882352941176,0.0117647058823529,0.0352941176470588,0.1,0.0470588235294117,0.0764705882352941,0.0176470588235294,0.0470588235294117,0.0529411764705882,0.0411764705882352,0.0294117647058823,0.0529411764705882,0.0529411764705882,0.0176470588235294,0.1117647058823529,0.088235294117647,0.0470588235294117,0.0588235294117647,0.0,0.0411764705882352,0.2666666666666666,0.1333333333333333,0.3333333333333333,0.2666666666666666,15,21,"RNCMPT00157,min,UGGUUUU,RBD_v3_185877",1
"RNCMPT00049,min,AGGGGGC,RBD_v3_046490",118,0,0.0761750405186385,0.0145867098865478,0.06645056726094,0.1134521880064829,0.0388978930307941,0.0632090761750405,0.0162074554294975,0.0307941653160453,0.126418152350081,0.0875202593192868,0.019448946515397,0.0340356564019448,0.0356564019448946,0.0470016207455429,0.0583468395461912,0.0583468395461912,0.0405186385737439,0.0632090761750405,0.0016207455429497,0.0081037277147487,0.2368421052631578,0.1052631578947368,0.4210526315789473,0.2368421052631578,19,25,"RNCMPT00049,min,AGGGGGC,RBD_v3_046490",1
"RNCMPT00051,min,CGGCGCC,RBD_v3_030843",120,0,0.1123595505617977,0.0112359550561797,0.0898876404494382,0.0337078651685393,0.0561797752808988,0.1011235955056179,0.0112359550561797,0.0561797752808988,0.0786516853932584,0.0449438202247191,0.0112359550561797,0.0337078651685393,0.0449438202247191,0.0224719101123595,0.0786516853932584,0.0224719101123595,0.0898876404494382,0.0561797752808988,0.0,0.0449438202247191,0.2571428571428571,0.3142857142857143,0.2,0.2285714285714285,26,32,"RNCMPT00051,min,CGGCGCC,RBD_v3_030843",0
"RNCMPT00261,max,AAUUUUG,RBD_v3_062401",82,1,0.0343980343980344,0.0171990171990172,0.0589680589680589,0.0761670761670761,0.0614250614250614,0.0466830466830466,0.0171990171990172,0.0761670761670761,0.1007371007371007,0.0687960687960688,0.0147420147420147,0.0712530712530712,0.0589680589680589,0.0417690417690417,0.054054054054054,0.0687960687960688,0.0614250614250614,0.0368550368550368,0.0024570024570024,0.0319410319410319,0.2285714285714285,0.2571428571428571,0.2857142857142857,0.2285714285714285,8,14,"RNCMPT00261,max,AAUUUUG,RBD_v3_062401",1
"RNCMPT00070,max,AGAUCAA,RBD_v3_229571",154,1,0.0467836257309941,0.0,0.0701754385964912,0.0994152046783625,0.023391812865497,0.0994152046783625,0.0350877192982456,0.0350877192982456,0.0701754385964912,0.0350877192982456,0.023391812865497,0.023391812865497,0.0584795321637426,0.0175438596491228,0.1637426900584795,0.0350877192982456,0.0526315789473684,0.0584795321637426,0.0116959064327485,0.0409356725146198,0.3714285714285714,0.2285714285714285,0.2285714285714285,0.1714285714285714,19,25,"RNCMPT00070,max,AGAUCAA,RBD_v3_229571",1
"RNCMPT00021,max,AGGAUGA,RBD_v3_187050",39,1,0.0179640718562874,0.0,0.0778443113772455,0.0838323353293413,0.0538922155688622,0.1257485029940119,0.0119760479041916,0.0538922155688622,0.0359281437125748,0.0419161676646706,0.029940119760479,0.0538922155688622,0.0898203592814371,0.0359281437125748,0.1616766467065868,0.029940119760479,0.0179640718562874,0.0718562874251497,0.0,0.0059880239520958,0.3157894736842105,0.1842105263157894,0.2894736842105263,0.2105263157894736,1,7,"RNCMPT00021,max,AGGAUGA,RBD_v3_187050",1
"RNCMPT00234,min,GGGGGGC,RBD_v3_141495",69,0,0.0588235294117647,0.0030959752321981,0.0495356037151702,0.0650154798761609,0.0495356037151702,0.0247678018575851,0.0154798761609907,0.0712074303405572,0.1238390092879257,0.0619195046439628,0.0402476780185758,0.1083591331269349,0.0464396284829721,0.0526315789473684,0.0278637770897832,0.0340557275541795,0.0495356037151702,0.0588235294117647,0.0061919504643962,0.0526315789473684,0.3157894736842105,0.1578947368421052,0.3421052631578947,0.1842105263157894,29,35,"RNCMPT00234,min,GGGGGGC,RBD_v3_141495",1
"RNCMPT00035,min,AGGGUGG,RBD_v3_176149",63,0,0.0579710144927536,0.0289855072463768,0.0531400966183574,0.072463768115942,0.038647342995169,0.1111111111111111,0.0144927536231884,0.0289855072463768,0.0628019323671497,0.0628019323671497,0.0144927536231884,0.0434782608695652,0.0579710144927536,0.0434782608695652,0.072463768115942,0.038647342995169,0.0628019323671497,0.0917874396135265,0.0048309178743961,0.038647342995169,0.2631578947368421,0.1842105263157894,0.3684210526315789,0.1842105263157894,13,19,"RNCMPT00035,min,AGGGUGG,RBD_v3_176149",1
"RNCMPT00149,min,UUUUCGU,RBD_v3_030947",29,0,0.0496894409937888,0.0372670807453416,0.0496894409937888,0.0993788819875776,0.0496894409937888,0.0559006211180124,0.0248447204968944,0.0559006211180124,0.0683229813664596,0.062111801242236,0.0186335403726708,0.0248447204968944,0.0993788819875776,0.031055900621118,0.0993788819875776,0.0496894409937888,0.0434782608695652,0.0559006211180124,0.0062111801242236,0.0186335403726708,0.2368421052631578,0.2631578947368421,0.1842105263157894,0.3157894736842105,7,13,"RNCMPT00149,min,UUUUCGU,RBD_v3_030947",1
"RNCMPT00043,max,AAAAACA,RBD_v3_134704",90,1,0.0869565217391304,0.0096618357487922,0.0531400966183574,0.0772946859903381,0.0603864734299516,0.072463768115942,0.0096618357487922,0.0458937198067632,0.0966183574879227,0.0652173913043478,0.0338164251207729,0.0507246376811594,0.0338164251207729,0.036231884057971,0.0603864734299516,0.0700483091787439,0.0289855072463768,0.072463768115942,0.002415458937198,0.0338164251207729,0.4473684210526316,0.131578947368421,0.1842105263157894,0.2368421052631578,5,11,"RNCMPT00043,max,AAAAACA,RBD_v3_134704",1
"RNCMPT00274,min,GAUGAGA,RBD_v3_062734",57,0,0.0707692307692307,0.0092307692307692,0.0492307692307692,0.0461538461538461,0.0553846153846153,0.0892307692307692,0.0246153846153846,0.0584615384615384,0.0523076923076923,0.0676923076923076,0.0307692307692307,0.0707692307692307,0.0369230769230769,0.0369230769230769,0.0615384615384615,0.0861538461538461,0.0492307692307692,0.0676923076923076,0.0061538461538461,0.0307692307692307,0.2571428571428571,0.3428571428571428,0.3142857142857143,0.0857142857142857,23,29,"RNCMPT00274,min,GAUGAGA,RBD_v3_062734",1
"RNCMPT00272,max,UAGGUAU,RBD_v3_133197",157,1,0.0583333333333333,0.0083333333333333,0.0791666666666666,0.075,0.0416666666666666,0.075,0.0208333333333333,0.0458333333333333,0.1,0.0833333333333333,0.0166666666666666,0.0416666666666666,0.0375,0.0625,0.0583333333333333,0.0375,0.0416666666666666,0.0833333333333333,0.0041666666666666,0.0291666666666666,0.3684210526315789,0.1052631578947368,0.3684210526315789,0.1578947368421052,22,28,"RNCMPT00272,max,UAGGUAU,RBD_v3_133197",0
"RNCMPT00220,min,GGGAGGG,RBD_v3_008082",179,0,0.0492424242424242,0.0037878787878787,0.0303030303030303,0.0416666666666666,0.034090909090909,0.0568181818181818,0.0189393939393939,0.0681818181818181,0.034090909090909,0.053030303030303,0.0378787878787878,0.0795454545454545,0.0681818181818181,0.1325757575757575,0.0568181818181818,0.0568181818181818,0.0643939393939393,0.0871212121212121,0.0,0.0265151515151515,0.3421052631578947,0.0789473684210526,0.2631578947368421,0.3157894736842105,21,27,"RNCMPT00220,min,GGGAGGG,RBD_v3_008082",0
"RNCMPT00067,max,GGGGAGC,RBD_v3_186352",162,1,0.0316742081447963,0.0090497737556561,0.085972850678733,0.0723981900452488,0.0407239819004524,0.1266968325791855,0.0180995475113122,0.0226244343891402,0.0361990950226244,0.0542986425339366,0.0180995475113122,0.0180995475113122,0.0633484162895927,0.0180995475113122,0.1357466063348416,0.0769230769230769,0.0271493212669683,0.0542986425339366,0.0135746606334841,0.0769230769230769,0.4,0.1142857142857142,0.3428571428571428,0.1428571428571428,15,21,"RNCMPT00067,max,GGGGAGC,RBD_v3_186352",1
"RNCMPT00253,max,AGAAAAA,RBD_v3_217452",183,1,0.0896226415094339,0.0165094339622641,0.0636792452830188,0.0566037735849056,0.0518867924528301,0.070754716981132,0.0188679245283018,0.0518867924528301,0.070754716981132,0.0778301886792452,0.035377358490566,0.0589622641509434,0.0377358490566037,0.0518867924528301,0.070754716981132,0.0518867924528301,0.025943396226415,0.0660377358490566,0.0023584905660377,0.0306603773584905,0.2857142857142857,0.2571428571428571,0.2857142857142857,0.1714285714285714,1,7,"RNCMPT00253,max,AGAAAAA,RBD_v3_217452",0
"RNCMPT00152,min,CCCCCCC,RBD_v3_139546",130,0,0.073170731707317,0.016260162601626,0.040650406504065,0.040650406504065,0.0284552845528455,0.073170731707317,0.016260162601626,0.0365853658536585,0.0772357723577235,0.0772357723577235,0.024390243902439,0.0528455284552845,0.08130081300813,0.065040650406504,0.0365853658536585,0.0975609756097561,0.0691056910569105,0.0447154471544715,0.008130081300813,0.040650406504065,0.1842105263157894,0.3947368421052631,0.2105263157894736,0.2105263157894736,27,33,"RNCMPT00152,min,CCCCCCC,RBD_v3_139546",1
"RNCMPT00038,min,AGGUGUG,RBD_v3_016500",72,0,0.1492146596858638,0.0366492146596858,0.0235602094240837,0.0340314136125654,0.0287958115183246,0.0418848167539267,0.0261780104712041,0.0366492146596858,0.0418848167539267,0.0680628272251308,0.0418848167539267,0.0523560209424083,0.0916230366492146,0.0654450261780104,0.0445026178010471,0.0523560209424083,0.0785340314136125,0.06282722513089,0.0026178010471204,0.0209424083769633,0.3157894736842105,0.1578947368421052,0.3421052631578947,0.1842105263157894,1,7,"RNCMPT00038,min,AGGUGUG,RBD_v3_016500",1
"RNCMPT00112,max,UUAGUUU,RBD_v3_126187",57,1,0.0707692307692307,0.0092307692307692,0.0492307692307692,0.0461538461538461,0.0553846153846153,0.0892307692307692,0.0246153846153846,0.0584615384615384,0.0523076923076923,0.0676923076923076,0.0307692307692307,0.0707692307692307,0.0369230769230769,0.0369230769230769,0.0615384615384615,0.0861538461538461,0.0492307692307692,0.0676923076923076,0.0061538461538461,0.0307692307692307,0.2894736842105263,0.1842105263157894,0.2368421052631578,0.2894736842105263,13,19,"RNCMPT00112,max,UUAGUUU,RBD_v3_126187",0
"RNCMPT00001,max,GAUAAUU,RBD_v3_114230",0,1,0.0735294117647058,0.0117647058823529,0.05,0.0852941176470588,0.0352941176470588,0.0941176470588235,0.0088235294117647,0.05,0.0735294117647058,0.0735294117647058,0.0323529411764705,0.0470588235294117,0.0470588235294117,0.0235294117647058,0.0676470588235294,0.0441176470588235,0.0470588235294117,0.0823529411764705,0.0088235294117647,0.0441176470588235,0.4210526315789473,0.1578947368421052,0.1842105263157894,0.2368421052631578,8,14,"RNCMPT00001,max,GAUAAUU,RBD_v3_114230",1
"RNCMPT00019,min,UUUCUUU,RBD_v3_205372",159,0,0.0543478260869565,0.0108695652173913,0.108695652173913,0.0543478260869565,0.0652173913043478,0.0543478260869565,0.0108695652173913,0.0434782608695652,0.0217391304347826,0.0652173913043478,0.0108695652173913,0.0326086956521739,0.0543478260869565,0.0434782608695652,0.1521739130434782,0.0326086956521739,0.0434782608695652,0.0760869565217391,0.0108695652173913,0.0543478260869565,0.2368421052631578,0.1842105263157894,0.2105263157894736,0.3684210526315789,6,12,"RNCMPT00019,min,UUUCUUU,RBD_v3_205372",1
"RNCMPT00122,min,CGCUCUC,RBD_v3_110513",9,0,0.1346153846153846,0.0144230769230769,0.0288461538461538,0.0336538461538461,0.0649038461538461,0.0841346153846153,0.0264423076923076,0.0384615384615384,0.0360576923076923,0.0745192307692307,0.0384615384615384,0.0456730769230769,0.1033653846153846,0.0865384615384615,0.03125,0.0552884615384615,0.0432692307692307,0.0432692307692307,0.0,0.016826923076923,0.3142857142857143,0.2857142857142857,0.2571428571428571,0.1428571428571428,14,20,"RNCMPT00122,min,CGCUCUC,RBD_v3_110513",0
"RNCMPT00278,min,GAUUUGA,RBD_v3_078948",83,0,0.0734463276836158,0.0225988700564971,0.0451977401129943,0.0734463276836158,0.03954802259887,0.0508474576271186,0.0282485875706214,0.0508474576271186,0.096045197740113,0.0790960451977401,0.0112994350282485,0.0508474576271186,0.0508474576271186,0.0508474576271186,0.0508474576271186,0.0564971751412429,0.0621468926553672,0.0564971751412429,0.0,0.0508474576271186,0.2631578947368421,0.1578947368421052,0.3684210526315789,0.2105263157894736,17,23,"RNCMPT00278,min,GAUUUGA,RBD_v3_078948",1
"RNCMPT00168,min,UUUUUUU,RBD_v3_046339",116,0,0.0828402366863905,0.0059171597633136,0.0532544378698224,0.0650887573964497,0.0532544378698224,0.0769230769230769,0.0177514792899408,0.029585798816568,0.0532544378698224,0.0414201183431952,0.0118343195266272,0.0710059171597633,0.059171597633136,0.0710059171597633,0.0532544378698224,0.059171597633136,0.0946745562130177,0.0769230769230769,0.0059171597633136,0.0177514792899408,0.3,0.0666666666666666,0.2666666666666666,0.3666666666666666,24,30,"RNCMPT00168,min,UUUUUUU,RBD_v3_046339",1
"RNCMPT00252,max,GUAGAUA,RBD_v3_122927",182,1,0.0742705570291777,0.0053050397877984,0.0716180371352785,0.0716180371352785,0.0477453580901856,0.039787798408488,0.0318302387267904,0.0318302387267904,0.0848806366047745,0.1087533156498673,0.013262599469496,0.0583554376657824,0.0318302387267904,0.0371352785145888,0.1087533156498673,0.0583554376657824,0.0583554376657824,0.0477453580901856,0.0053050397877984,0.013262599469496,0.3157894736842105,0.2631578947368421,0.1578947368421052,0.2631578947368421,13,19,"RNCMPT00252,max,GUAGAUA,RBD_v3_122927",1
"RNCMPT00258,max,CUGUUUG,RBD_v3_111325",188,1,0.0478260869565217,0.008695652173913,0.1260869565217391,0.0869565217391304,0.0565217391304347,0.0608695652173913,0.0130434782608695,0.0347826086956521,0.0913043478260869,0.0260869565217391,0.0043478260869565,0.0391304347826087,0.0260869565217391,0.0304347826086956,0.1347826086956521,0.0695652173913043,0.0130434782608695,0.0695652173913043,0.0,0.0608695652173913,0.1333333333333333,0.2333333333333333,0.2666666666666666,0.3666666666666666,20,26,"RNCMPT00258,max,CUGUUUG,RBD_v3_111325",1
"RNCMPT00076,min,CAUUUCA,RBD_v3_211225",169,0,0.0461538461538461,0.0153846153846153,0.0653846153846153,0.0576923076923076,0.0653846153846153,0.123076923076923,0.0192307692307692,0.0346153846153846,0.073076923076923,0.0615384615384615,0.0307692307692307,0.0538461538461538,0.0346153846153846,0.05,0.0538461538461538,0.0653846153846153,0.0423076923076923,0.0769230769230769,0.0115384615384615,0.0192307692307692,0.3157894736842105,0.2894736842105263,0.1842105263157894,0.2105263157894736,31,37,"RNCMPT00076,min,CAUUUCA,RBD_v3_211225",1
"RNCMPT00217,min,AGGGGGG,RBD_v3_239751",176,0,0.0751295336787564,0.0129533678756476,0.0569948186528497,0.082901554404145,0.0518134715025906,0.0932642487046632,0.0310880829015544,0.0414507772020725,0.0207253886010362,0.0569948186528497,0.0233160621761658,0.0518134715025906,0.0647668393782383,0.0362694300518134,0.0984455958549222,0.0595854922279792,0.0492227979274611,0.0621761658031088,0.005181347150259,0.0259067357512953,0.3666666666666666,0.1333333333333333,0.4333333333333333,0.0666666666666666,1,7,"RNCMPT00217,min,AGGGGGG,RBD_v3_239751",1
"RNCMPT00245,min,UCGUCUU,RBD_v3_201482",43,0,0.0292682926829268,0.0146341463414634,0.0536585365853658,0.0829268292682926,0.0585365853658536,0.1121951219512195,0.0195121951219512,0.0439024390243902,0.1219512195121951,0.0439024390243902,0.0146341463414634,0.0536585365853658,0.0341463414634146,0.0634146341463414,0.048780487804878,0.0341463414634146,0.0439024390243902,0.0634146341463414,0.0146341463414634,0.048780487804878,0.3421052631578947,0.2368421052631578,0.2368421052631578,0.1842105263157894,16,22,"RNCMPT00245,min,UCGUCUU,RBD_v3_201482",0
"RNCMPT00116,min,UCCCCCC,RBD_v3_161085",194,0,0.0895061728395061,0.0,0.0401234567901234,0.0833333333333333,0.0216049382716049,0.1203703703703703,0.0061728395061728,0.0092592592592592,0.0493827160493827,0.0123456790123456,0.0123456790123456,0.0648148148148148,0.1080246913580246,0.074074074074074,0.1203703703703703,0.0462962962962962,0.0401234567901234,0.0493827160493827,0.0030864197530864,0.0493827160493827,0.131578947368421,0.3157894736842105,0.2631578947368421,0.2894736842105263,31,37,"RNCMPT00116,min,UCCCCCC,RBD_v3_161085",1
"RNCMPT00262,max,UUUUUUG,RBD_v3_119555",85,1,0.0893371757925072,0.0115273775216138,0.0489913544668587,0.0893371757925072,0.0489913544668587,0.0893371757925072,0.0028818443804034,0.063400576368876,0.031700288184438,0.063400576368876,0.0230547550432276,0.0576368876080691,0.063400576368876,0.0403458213256484,0.0576368876080691,0.063400576368876,0.0518731988472622,0.0778097982708933,0.0,0.0259365994236311,0.1578947368421052,0.1842105263157894,0.1842105263157894,0.4736842105263157,31,37,"RNCMPT00262,max,UUUUUUG,RBD_v3_119555",0
"RNCMPT00245,min,UCUGUUC,RBD_v3_010608",43,0,0.0292682926829268,0.0146341463414634,0.0536585365853658,0.0829268292682926,0.0585365853658536,0.1121951219512195,0.0195121951219512,0.0439024390243902,0.1219512195121951,0.0439024390243902,0.0146341463414634,0.0536585365853658,0.0341463414634146,0.0634146341463414,0.048780487804878,0.0341463414634146,0.0439024390243902,0.0634146341463414,0.0146341463414634,0.048780487804878,0.1333333333333333,0.3333333333333333,0.3333333333333333,0.2,8,14,"RNCMPT00245,min,UCUGUUC,RBD_v3_010608",1
"RNCMPT00281,min,CCCCCCU,RBD_v3_169715",168,0,0.0619469026548672,0.0088495575221238,0.0560471976401179,0.0914454277286135,0.0471976401179941,0.0884955752212389,0.0206489675516224,0.0442477876106194,0.0973451327433628,0.0648967551622418,0.023598820058997,0.0353982300884955,0.0589970501474926,0.0353982300884955,0.0619469026548672,0.0324483775811209,0.0471976401179941,0.079646017699115,0.0088495575221238,0.0353982300884955,0.2368421052631578,0.2894736842105263,0.2105263157894736,0.2631578947368421,21,27,"RNCMPT00281,min,CCCCCCU,RBD_v3_169715",0
"RNCMPT00055,min,CCCUUAC,RBD_v3_165348",127,0,0.0714285714285714,0.0109890109890109,0.0842490842490842,0.0586080586080586,0.0238095238095238,0.0622710622710622,0.0164835164835164,0.0366300366300366,0.0531135531135531,0.0494505494505494,0.0183150183150183,0.0274725274725274,0.0512820512820512,0.0714285714285714,0.0695970695970696,0.119047619047619,0.0604395604395604,0.0439560439560439,0.0073260073260073,0.0641025641025641,0.2285714285714285,0.3714285714285714,0.2,0.2,4,10,"RNCMPT00055,min,CCCUUAC,RBD_v3_165348",0
"RNCMPT00113,max,GCGCGGG,RBD_v3_147741",121,1,0.0621468926553672,0.0338983050847457,0.0451977401129943,0.1016949152542373,0.0338983050847457,0.0734463276836158,0.0451977401129943,0.0677966101694915,0.0847457627118644,0.0621468926553672,0.0225988700564971,0.0508474576271186,0.0282485875706214,0.0282485875706214,0.0564971751412429,0.0508474576271186,0.0508474576271186,0.0621468926553672,0.0056497175141242,0.0338983050847457,0.1666666666666666,0.3333333333333333,0.3,0.2,23,29,"RNCMPT00113,max,GCGCGGG,RBD_v3_147741",0
"RNCMPT00124,min,CCCCCCC,RBD_v3_087545",63,0,0.0397727272727272,0.0198863636363636,0.0681818181818181,0.0568181818181818,0.0426136363636363,0.09375,0.0113636363636363,0.0255681818181818,0.0369318181818181,0.0511363636363636,0.03125,0.0284090909090909,0.1107954545454545,0.0284090909090909,0.1164772727272727,0.0738636363636363,0.0482954545454545,0.0568181818181818,0.002840909090909,0.0568181818181818,0.3333333333333333,0.3333333333333333,0.2333333333333333,0.1,4,10,"RNCMPT00124,min,CCCCCCC,RBD_v3_087545",0
"RNCMPT00252,max,GUAGAUA,RBD_v3_003163",182,1,0.0742705570291777,0.0053050397877984,0.0716180371352785,0.0716180371352785,0.0477453580901856,0.039787798408488,0.0318302387267904,0.0318302387267904,0.0848806366047745,0.1087533156498673,0.013262599469496,0.0583554376657824,0.0318302387267904,0.0371352785145888,0.1087533156498673,0.0583554376657824,0.0583554376657824,0.0477453580901856,0.0053050397877984,0.013262599469496,0.3714285714285714,0.1428571428571428,0.3142857142857143,0.1714285714285714,12,18,"RNCMPT00252,max,GUAGAUA,RBD_v3_003163",1
"RNCMPT00172,max,CAAUUCA,RBD_v3_180258",59,1,0.077720207253886,0.0103626943005181,0.0328151986183074,0.077720207253886,0.0276338514680483,0.0673575129533678,0.0207253886010362,0.079447322970639,0.081174438687392,0.077720207253886,0.0138169257340241,0.0414507772020725,0.0708117443868739,0.0725388601036269,0.0449050086355785,0.0656303972366148,0.0518134715025906,0.0656303972366148,0.003454231433506,0.0172711571675302,0.4210526315789473,0.2631578947368421,0.1578947368421052,0.1578947368421052,23,29,"RNCMPT00172,max,CAAUUCA,RBD_v3_180258",0
"RNCMPT00109,min,UUUCGUC,RBD_v3_124678",158,0,0.0495049504950495,0.0099009900990099,0.099009900990099,0.0544554455445544,0.0346534653465346,0.1633663366336633,0.0099009900990099,0.0346534653465346,0.0396039603960396,0.0297029702970297,0.0148514851485148,0.0297029702970297,0.0693069306930693,0.0049504950495049,0.1237623762376237,0.0495049504950495,0.0297029702970297,0.0841584158415841,0.0049504950495049,0.0643564356435643,0.1842105263157894,0.1578947368421052,0.3157894736842105,0.3421052631578947,21,27,"RNCMPT00109,min,UUUCGUC,RBD_v3_124678",1
"RNCMPT00110,min,GUCCGGG,RBD_v3_216042",158,0,0.0495049504950495,0.0099009900990099,0.099009900990099,0.0544554455445544,0.0346534653465346,0.1633663366336633,0.0099009900990099,0.0346534653465346,0.0396039603960396,0.0297029702970297,0.0148514851485148,0.0297029702970297,0.0693069306930693,0.0049504950495049,0.1237623762376237,0.0495049504950495,0.0297029702970297,0.0841584158415841,0.0049504950495049,0.0643564356435643,0.3684210526315789,0.1842105263157894,0.2368421052631578,0.2105263157894736,6,12,"RNCMPT00110,min,GUCCGGG,RBD_v3_216042",1
"RNCMPT00241,max,GACGGAC,RBD_v3_229876",124,1,0.0609243697478991,0.0147058823529411,0.0546218487394958,0.0714285714285714,0.0525210084033613,0.0714285714285714,0.0168067226890756,0.0462184873949579,0.0672268907563025,0.0693277310924369,0.01890756302521,0.0336134453781512,0.0567226890756302,0.0525210084033613,0.0609243697478991,0.0903361344537815,0.0357142857142857,0.0840336134453781,0.0042016806722689,0.0378151260504201,0.2857142857142857,0.1714285714285714,0.3142857142857143,0.2285714285714285,19,25,"RNCMPT00241,max,GACGGAC,RBD_v3_229876",1
"RNCMPT00283,min,CCAAAUU,RBD_v3_188499",142,0,0.0620689655172413,0.0068965517241379,0.0551724137931034,0.0275862068965517,0.0413793103448275,0.0827586206896551,0.0206896551724137,0.0482758620689655,0.0551724137931034,0.0758620689655172,0.0275862068965517,0.0275862068965517,0.0689655172413793,0.0689655172413793,0.0482758620689655,0.0551724137931034,0.096551724137931,0.0689655172413793,0.0,0.0620689655172413,0.3421052631578947,0.1578947368421052,0.2631578947368421,0.2368421052631578,5,11,"RNCMPT00283,min,CCAAAUU,RBD_v3_188499",0
"RNCMPT00245,max,AGAUAGA,RBD_v3_063948",43,1,0.0292682926829268,0.0146341463414634,0.0536585365853658,0.0829268292682926,0.0585365853658536,0.1121951219512195,0.0195121951219512,0.0439024390243902,0.1219512195121951,0.0439024390243902,0.0146341463414634,0.0536585365853658,0.0341463414634146,0.0634146341463414,0.048780487804878,0.0341463414634146,0.0439024390243902,0.0634146341463414,0.0146341463414634,0.048780487804878,0.2631578947368421,0.2105263157894736,0.2894736842105263,0.2368421052631578,20,26,"RNCMPT00245,max,AGAUAGA,RBD_v3_063948",1
"RNCMPT00265,max,AACCUAA,RBD_v3_104267",5,1,0.0767123287671232,0.0054794520547945,0.0520547945205479,0.0767123287671232,0.0054794520547945,0.1178082191780822,0.0191780821917808,0.0794520547945205,0.0465753424657534,0.0630136986301369,0.0301369863013698,0.0465753424657534,0.0383561643835616,0.0438356164383561,0.0602739726027397,0.0712328767123287,0.073972602739726,0.0630136986301369,0.0054794520547945,0.0246575342465753,0.3428571428571428,0.3428571428571428,0.1428571428571428,0.1714285714285714,19,25,"RNCMPT00265,max,AACCUAA,RBD_v3_104267",0
"RNCMPT00142,min,GGGGGCA,RBD_v3_000612",114,0,0.0476190476190476,0.0059523809523809,0.0476190476190476,0.0952380952380952,0.0238095238095238,0.0535714285714285,0.0416666666666666,0.0773809523809523,0.1011904761904761,0.0773809523809523,0.0416666666666666,0.0357142857142857,0.0595238095238095,0.0238095238095238,0.0773809523809523,0.0595238095238095,0.0238095238095238,0.0595238095238095,0.0,0.0476190476190476,0.3428571428571428,0.1142857142857142,0.3142857142857143,0.2285714285714285,12,18,"RNCMPT00142,min,GGGGGCA,RBD_v3_000612",1
"RNCMPT00112,min,GUGAGUC,RBD_v3_120052",57,0,0.0707692307692307,0.0092307692307692,0.0492307692307692,0.0461538461538461,0.0553846153846153,0.0892307692307692,0.0246153846153846,0.0584615384615384,0.0523076923076923,0.0676923076923076,0.0307692307692307,0.0707692307692307,0.0369230769230769,0.0369230769230769,0.0615384615384615,0.0861538461538461,0.0492307692307692,0.0676923076923076,0.0061538461538461,0.0307692307692307,0.2105263157894736,0.3421052631578947,0.2631578947368421,0.1842105263157894,10,16,"RNCMPT00112,min,GUGAGUC,RBD_v3_120052",1
"RNCMPT00179,max,GUGUGUG,RBD_v3_104995",163,1,0.1612903225806451,0.0040322580645161,0.0362903225806451,0.032258064516129,0.032258064516129,0.0725806451612903,0.0161290322580645,0.032258064516129,0.032258064516129,0.0846774193548387,0.0282258064516129,0.0443548387096774,0.064516129032258,0.1169354838709677,0.0362903225806451,0.0282258064516129,0.0604838709677419,0.064516129032258,0.0,0.0524193548387096,0.2333333333333333,0.1666666666666666,0.3333333333333333,0.2666666666666666,11,17,"RNCMPT00179,max,GUGUGUG,RBD_v3_104995",1
"RNCMPT00097,max,CGCGCGG,RBD_v3_206656",63,1,0.0579710144927536,0.0289855072463768,0.0531400966183574,0.072463768115942,0.038647342995169,0.1111111111111111,0.0144927536231884,0.0289855072463768,0.0628019323671497,0.0628019323671497,0.0144927536231884,0.0434782608695652,0.0579710144927536,0.0434782608695652,0.072463768115942,0.038647342995169,0.0628019323671497,0.0917874396135265,0.0048309178743961,0.038647342995169,0.2571428571428571,0.3142857142857143,0.2857142857142857,0.1428571428571428,19,25,"RNCMPT00097,max,CGCGCGG,RBD_v3_206656",1
"RNCMPT00119,min,GGGGAGC,RBD_v3_225725",165,0,0.0823529411764705,0.0117647058823529,0.0509803921568627,0.0352941176470588,0.0313725490196078,0.0901960784313725,0.0196078431372549,0.0509803921568627,0.0431372549019607,0.0823529411764705,0.0431372549019607,0.0862745098039215,0.0705882352941176,0.0313725490196078,0.0666666666666666,0.0666666666666666,0.0470588235294117,0.0549019607843137,0.0,0.0352941176470588,0.1578947368421052,0.2105263157894736,0.2631578947368421,0.3684210526315789,21,27,"RNCMPT00119,min,GGGGAGC,RBD_v3_225725",1
"RNCMPT00101,min,CCCCCCC,RBD_v3_012658",106,0,0.0562130177514792,0.0236686390532544,0.0414201183431952,0.0710059171597633,0.0355029585798816,0.0502958579881656,0.0502958579881656,0.0621301775147929,0.0710059171597633,0.0917159763313609,0.029585798816568,0.044378698224852,0.0236686390532544,0.0917159763313609,0.044378698224852,0.0414201183431952,0.0473372781065088,0.0828402366863905,0.0,0.0414201183431952,0.1578947368421052,0.4210526315789473,0.1842105263157894,0.2368421052631578,17,23,"RNCMPT00101,min,CCCCCCC,RBD_v3_012658",1
"RNCMPT00209,max,AUUGCAC,RBD_v3_028293",80,1,0.1255060728744939,0.0,0.0566801619433198,0.0850202429149797,0.048582995951417,0.0647773279352226,0.0040485829959514,0.048582995951417,0.0769230769230769,0.0647773279352226,0.0161943319838056,0.0404858299595141,0.0566801619433198,0.0566801619433198,0.0769230769230769,0.0242914979757085,0.0607287449392712,0.0728744939271255,0.0,0.020242914979757,0.2571428571428571,0.2285714285714285,0.3142857142857143,0.2,12,18,"RNCMPT00209,max,AUUGCAC,RBD_v3_028293",1
"RNCMPT00248,max,GACGACG,RBD_v3_046492",143,1,0.0732984293193717,0.0104712041884816,0.06282722513089,0.0732984293193717,0.0418848167539267,0.0890052356020942,0.0366492146596858,0.0575916230366492,0.0732984293193717,0.0523560209424083,0.0209424083769633,0.0523560209424083,0.0890052356020942,0.031413612565445,0.0523560209424083,0.0366492146596858,0.0366492146596858,0.0575916230366492,0.0052356020942408,0.0471204188481675,0.2631578947368421,0.2105263157894736,0.3421052631578947,0.1842105263157894,2,8,"RNCMPT00248,max,GACGACG,RBD_v3_046492",0
"RNCMPT00228,min,AAACAGC,RBD_v3_127048",109,0,0.0854922279792746,0.0207253886010362,0.0414507772020725,0.0492227979274611,0.0336787564766839,0.1036269430051813,0.0259067357512953,0.0284974093264248,0.0336787564766839,0.0803108808290155,0.0181347150259067,0.0518134715025906,0.0569948186528497,0.0595854922279792,0.0466321243523316,0.0906735751295336,0.0492227979274611,0.0725388601036269,0.0155440414507772,0.0362694300518134,0.3333333333333333,0.2666666666666666,0.1666666666666666,0.2333333333333333,12,18,"RNCMPT00228,min,AAACAGC,RBD_v3_127048",0
"RNCMPT00090,min,GGGGGCG,RBD_v3_083774",159,0,0.0543478260869565,0.0108695652173913,0.108695652173913,0.0543478260869565,0.0652173913043478,0.0543478260869565,0.0108695652173913,0.0434782608695652,0.0217391304347826,0.0652173913043478,0.0108695652173913,0.0326086956521739,0.0543478260869565,0.0434782608695652,0.1521739130434782,0.0326086956521739,0.0434782608695652,0.0760869565217391,0.0108695652173913,0.0543478260869565,0.2368421052631578,0.1842105263157894,0.3684210526315789,0.2105263157894736,5,11,"RNCMPT00090,min,GGGGGCG,RBD_v3_083774",0
"RNCMPT00186,min,GGGGGUG,RBD_v3_097391",94,0,0.0870786516853932,0.0252808988764044,0.0308988764044943,0.0561797752808988,0.0112359550561797,0.1011235955056179,0.0196629213483146,0.095505617977528,0.0393258426966292,0.0674157303370786,0.0337078651685393,0.0393258426966292,0.0533707865168539,0.0561797752808988,0.0449438202247191,0.098314606741573,0.0702247191011236,0.0533707865168539,0.0028089887640449,0.0140449438202247,0.3157894736842105,0.2105263157894736,0.2368421052631578,0.2368421052631578,12,18,"RNCMPT00186,min,GGGGGUG,RBD_v3_097391",1
"RNCMPT00094,max,UAGGUAG,RBD_v3_229896",54,1,0.0273972602739726,0.0,0.073972602739726,0.0246575342465753,0.0465753424657534,0.2273972602739726,0.021917808219178,0.0328767123287671,0.0575342465753424,0.021917808219178,0.0191780821917808,0.1506849315068493,0.0356164383561643,0.0575342465753424,0.0520547945205479,0.0328767123287671,0.0191780821917808,0.0493150684931506,0.0191780821917808,0.0301369863013698,0.2571428571428571,0.1428571428571428,0.3714285714285714,0.2285714285714285,7,13,"RNCMPT00094,max,UAGGUAG,RBD_v3_229896",0
"RNCMPT00230,max,GAAGGAC,RBD_v3_237177",180,1,0.0978520286396181,0.0095465393794749,0.0525059665871121,0.0787589498806682,0.0405727923627685,0.0859188544152744,0.0190930787589498,0.0381861575178997,0.0739856801909307,0.0835322195704057,0.0190930787589498,0.0405727923627685,0.0620525059665871,0.0238663484486873,0.0525059665871121,0.0668257756563245,0.0381861575178997,0.0930787589498806,0.0023866348448687,0.0214797136038186,0.3142857142857143,0.2571428571428571,0.2857142857142857,0.1428571428571428,2,8,"RNCMPT00230,max,GAAGGAC,RBD_v3_237177",1
"RNCMPT00134,max,GGAGGGA,RBD_v3_037950",8,1,0.0373443983402489,0.0,0.0663900414937759,0.0705394190871369,0.0207468879668049,0.1327800829875518,0.0124481327800829,0.0207468879668049,0.0456431535269709,0.0580912863070539,0.0124481327800829,0.0373443983402489,0.0165975103734439,0.0124481327800829,0.1825726141078838,0.1286307053941908,0.0248962655601659,0.0622406639004149,0.0041493775933609,0.0539419087136929,0.2926829268292683,0.1951219512195122,0.3902439024390244,0.1219512195121951,26,32,"RNCMPT00134,max,GGAGGGA,RBD_v3_037950",0
"RNCMPT00265,min,GAGUGGG,RBD_v3_034129",5,0,0.0767123287671232,0.0054794520547945,0.0520547945205479,0.0767123287671232,0.0054794520547945,0.1178082191780822,0.0191780821917808,0.0794520547945205,0.0465753424657534,0.0630136986301369,0.0301369863013698,0.0465753424657534,0.0383561643835616,0.0438356164383561,0.0602739726027397,0.0712328767123287,0.073972602739726,0.0630136986301369,0.0054794520547945,0.0246575342465753,0.2368421052631578,0.1578947368421052,0.2894736842105263,0.3157894736842105,3,9,"RNCMPT00265,min,GAGUGGG,RBD_v3_034129",1
"RNCMPT00084,max,AACAACU,RBD_v3_027354",195,1,0.1071428571428571,0.0027472527472527,0.0302197802197802,0.0604395604395604,0.0329670329670329,0.1208791208791208,0.0054945054945054,0.0192307692307692,0.0329670329670329,0.0137362637362637,0.0054945054945054,0.0329670329670329,0.1593406593406593,0.0576923076923076,0.1098901098901098,0.0467032967032967,0.0631868131868131,0.0796703296703296,0.0054945054945054,0.0137362637362637,0.3157894736842105,0.2105263157894736,0.3157894736842105,0.1578947368421052,25,31,"RNCMPT00084,max,AACAACU,RBD_v3_027354",0
"RNCMPT00016,min,UGUUCUC,RBD_v3_217225",33,0,0.0541516245487364,0.003610108303249,0.0613718411552346,0.0866425992779783,0.0324909747292418,0.0505415162454873,0.0288808664259927,0.0685920577617328,0.0685920577617328,0.0830324909747292,0.0216606498194945,0.0577617328519855,0.0469314079422382,0.0577617328519855,0.0685920577617328,0.0722021660649819,0.0433212996389891,0.0794223826714801,0.0,0.0144404332129963,0.1428571428571428,0.2857142857142857,0.1428571428571428,0.4285714285714285,15,21,"RNCMPT00016,min,UGUUCUC,RBD_v3_217225",0
"RNCMPT00180,max,UUGCAUG,RBD_v3_230545",4,1,0.1534653465346534,0.0,0.0272277227722772,0.0321782178217821,0.0321782178217821,0.0495049504950495,0.0222772277227722,0.0371287128712871,0.0222772277227722,0.0742574257425742,0.0371287128712871,0.0321782178217821,0.0717821782178217,0.1856435643564356,0.0445544554455445,0.0618811881188118,0.0519801980198019,0.0519801980198019,0.0,0.0123762376237623,0.4333333333333333,0.1,0.3333333333333333,0.1333333333333333,13,19,"RNCMPT00180,max,UUGCAUG,RBD_v3_230545",1
"RNCMPT00099,max,UAGGUAG,RBD_v3_151154",76,1,0.0478723404255319,0.0159574468085106,0.0531914893617021,0.0638297872340425,0.0691489361702127,0.0797872340425532,0.026595744680851,0.0372340425531914,0.1117021276595744,0.0425531914893617,0.0212765957446808,0.026595744680851,0.0638297872340425,0.0531914893617021,0.0372340425531914,0.0585106382978723,0.0797872340425532,0.0957446808510638,0.0053191489361702,0.0106382978723404,0.3157894736842105,0.1052631578947368,0.3421052631578947,0.2368421052631578,7,13,"RNCMPT00099,max,UAGGUAG,RBD_v3_151154",0
"RNCMPT00248,max,ACGACGA,RBD_v3_043086",143,1,0.0732984293193717,0.0104712041884816,0.06282722513089,0.0732984293193717,0.0418848167539267,0.0890052356020942,0.0366492146596858,0.0575916230366492,0.0732984293193717,0.0523560209424083,0.0209424083769633,0.0523560209424083,0.0890052356020942,0.031413612565445,0.0523560209424083,0.0366492146596858,0.0366492146596858,0.0575916230366492,0.0052356020942408,0.0471204188481675,0.2894736842105263,0.2631578947368421,0.2631578947368421,0.1842105263157894,27,33,"RNCMPT00248,max,ACGACGA,RBD_v3_043086",1
"RNCMPT00133,max,AGAGCAC,RBD_v3_138176",25,1,0.0983606557377049,0.0,0.0327868852459016,0.0546448087431694,0.0437158469945355,0.0710382513661202,0.0327868852459016,0.0109289617486338,0.0491803278688524,0.0983606557377049,0.0327868852459016,0.0710382513661202,0.081967213114754,0.0327868852459016,0.0327868852459016,0.1147540983606557,0.0655737704918032,0.0491803278688524,0.0054644808743169,0.0218579234972677,0.3157894736842105,0.2368421052631578,0.2105263157894736,0.2368421052631578,1,7,"RNCMPT00133,max,AGAGCAC,RBD_v3_138176",0
"RNCMPT00154,max,CAAGGAG,RBD_v3_239632",127,1,0.0693069306930693,0.0198019801980198,0.0858085808580858,0.0594059405940594,0.0396039603960396,0.0495049504950495,0.0264026402640264,0.0561056105610561,0.0561056105610561,0.066006600660066,0.0264026402640264,0.0363036303630363,0.0396039603960396,0.0528052805280528,0.0759075907590759,0.099009900990099,0.0462046204620462,0.0495049504950495,0.0099009900990099,0.0363036303630363,0.3684210526315789,0.2105263157894736,0.2368421052631578,0.1842105263157894,15,21,"RNCMPT00154,max,CAAGGAG,RBD_v3_239632",0
"RNCMPT00158,min,GUGAGUC,RBD_v3_002522",24,0,0.0647482014388489,0.039568345323741,0.0827338129496402,0.0539568345323741,0.0575539568345323,0.0899280575539568,0.0179856115107913,0.0503597122302158,0.0467625899280575,0.0755395683453237,0.014388489208633,0.014388489208633,0.0719424460431654,0.0503597122302158,0.0647482014388489,0.0683453237410072,0.0179856115107913,0.0647482014388489,0.0107913669064748,0.0431654676258992,0.3421052631578947,0.2631578947368421,0.2368421052631578,0.1578947368421052,28,34,"RNCMPT00158,min,GUGAGUC,RBD_v3_002522",1
"RNCMPT00183,max,UGUUUGU,RBD_v3_234230",31,1,0.1139455782312925,0.0153061224489795,0.0476190476190476,0.0272108843537414,0.042517006802721,0.086734693877551,0.0255102040816326,0.0408163265306122,0.0510204081632653,0.0765306122448979,0.0289115646258503,0.0595238095238095,0.0493197278911564,0.0918367346938775,0.0289115646258503,0.0731292517006802,0.0561224489795918,0.0612244897959183,0.0017006802721088,0.0221088435374149,0.1,0.1333333333333333,0.3333333333333333,0.4333333333333333,18,24,"RNCMPT00183,max,UGUUUGU,RBD_v3_234230",1
"RNCMPT00036,max,AGGAGAA,RBD_v3_117012",64,1,0.1004784688995215,0.0430622009569378,0.0287081339712918,0.0909090909090909,0.0526315789473684,0.1004784688995215,0.0382775119617224,0.0239234449760765,0.0813397129186602,0.0574162679425837,0.0287081339712918,0.0191387559808612,0.0717703349282296,0.0526315789473684,0.0526315789473684,0.0717703349282296,0.0239234449760765,0.0478468899521531,0.0047846889952153,0.0095693779904306,0.3947368421052631,0.1052631578947368,0.2894736842105263,0.2105263157894736,12,18,"RNCMPT00036,max,AGGAGAA,RBD_v3_117012",0
"RNCMPT00068,min,CCCCCCU,RBD_v3_183023",151,0,0.082010582010582,0.0105820105820105,0.0449735449735449,0.0343915343915343,0.0238095238095238,0.0899470899470899,0.0079365079365079,0.0502645502645502,0.0555555555555555,0.0476190476190476,0.0449735449735449,0.0449735449735449,0.0925925925925925,0.0925925925925925,0.0264550264550264,0.0555555555555555,0.0714285714285714,0.0661375661375661,0.0079365079365079,0.0502645502645502,0.131578947368421,0.3947368421052631,0.2105263157894736,0.2631578947368421,26,32,"RNCMPT00068,min,CCCCCCU,RBD_v3_183023",1
"RNCMPT00142,min,AGGGGGG,RBD_v3_120672",114,0,0.0476190476190476,0.0059523809523809,0.0476190476190476,0.0952380952380952,0.0238095238095238,0.0535714285714285,0.0416666666666666,0.0773809523809523,0.1011904761904761,0.0773809523809523,0.0416666666666666,0.0357142857142857,0.0595238095238095,0.0238095238095238,0.0773809523809523,0.0595238095238095,0.0238095238095238,0.0595238095238095,0.0,0.0476190476190476,0.2571428571428571,0.1142857142857142,0.4,0.2285714285714285,6,12,"RNCMPT00142,min,AGGGGGG,RBD_v3_120672",0
"RNCMPT00155,max,AGAAAAC,RBD_v3_075295",88,1,0.0772946859903381,0.0096618357487922,0.0579710144927536,0.072463768115942,0.0579710144927536,0.0748792270531401,0.0096618357487922,0.0434782608695652,0.0845410628019323,0.0579710144927536,0.0434782608695652,0.0483091787439613,0.0483091787439613,0.038647342995169,0.0700483091787439,0.0603864734299516,0.036231884057971,0.0700483091787439,0.002415458937198,0.036231884057971,0.4,0.2571428571428571,0.2571428571428571,0.0857142857142857,1,7,"RNCMPT00155,max,AGAAAAC,RBD_v3_075295",1
"RNCMPT00069,min,AGAGUCG,RBD_v3_104533",152,0,0.073394495412844,0.0160550458715596,0.0435779816513761,0.0504587155963302,0.0504587155963302,0.0665137614678899,0.0298165137614678,0.0619266055045871,0.0688073394495412,0.0756880733944954,0.0275229357798165,0.0756880733944954,0.0779816513761468,0.0412844036697247,0.0344036697247706,0.055045871559633,0.0619266055045871,0.0596330275229357,0.0068807339449541,0.0229357798165137,0.2368421052631578,0.2105263157894736,0.2894736842105263,0.2631578947368421,17,23,"RNCMPT00069,min,AGAGUCG,RBD_v3_104533",0
"RNCMPT00138,max,AGAUUGA,RBD_v3_077102",136,1,0.0285714285714285,0.0114285714285714,0.0514285714285714,0.0457142857142857,0.04,0.1028571428571428,0.0114285714285714,0.0342857142857142,0.04,0.08,0.0228571428571428,0.16,0.08,0.0628571428571428,0.08,0.0742857142857142,0.0171428571428571,0.0342857142857142,0.0,0.0228571428571428,0.3428571428571428,0.1142857142857142,0.2857142857142857,0.2571428571428571,1,7,"RNCMPT00138,max,AGAUUGA,RBD_v3_077102",0
"RNCMPT00263,max,AGAACAA,RBD_v3_125311",86,1,0.0809523809523809,0.0047619047619047,0.0952380952380952,0.0904761904761904,0.0476190476190476,0.1095238095238095,0.0047619047619047,0.0095238095238095,0.0142857142857142,0.0571428571428571,0.0333333333333333,0.0428571428571428,0.0095238095238095,0.0476190476190476,0.119047619047619,0.0761904761904762,0.0380952380952381,0.0952380952380952,0.0095238095238095,0.0142857142857142,0.3142857142857143,0.2285714285714285,0.2571428571428571,0.2,1,7,"RNCMPT00263,max,AGAACAA,RBD_v3_125311",0
"RNCMPT00240,max,AUUCCGA,RBD_v3_149717",98,1,0.032258064516129,0.007168458781362,0.03584229390681,0.068100358422939,0.060931899641577,0.046594982078853,0.028673835125448,0.0931899641577061,0.1254480286738351,0.089605734767025,0.010752688172043,0.1254480286738351,0.03584229390681,0.028673835125448,0.010752688172043,0.046594982078853,0.039426523297491,0.053763440860215,0.010752688172043,0.050179211469534,0.2894736842105263,0.1842105263157894,0.2894736842105263,0.2368421052631578,12,18,"RNCMPT00240,max,AUUCCGA,RBD_v3_149717",1
"RNCMPT00181,min,CCCCCCC,RBD_v3_223949",73,0,0.157051282051282,0.0128205128205128,0.0352564102564102,0.0352564102564102,0.0448717948717948,0.0512820512820512,0.0224358974358974,0.0096153846153846,0.0416666666666666,0.1185897435897435,0.032051282051282,0.0448717948717948,0.0608974358974358,0.0897435897435897,0.0448717948717948,0.0929487179487179,0.0384615384615384,0.048076923076923,0.0,0.0192307692307692,0.3157894736842105,0.2894736842105263,0.2368421052631578,0.1578947368421052,13,19,"RNCMPT00181,min,CCCCCCC,RBD_v3_223949",1
"RNCMPT00112,max,UUUGGUU,RBD_v3_120548",57,1,0.0707692307692307,0.0092307692307692,0.0492307692307692,0.0461538461538461,0.0553846153846153,0.0892307692307692,0.0246153846153846,0.0584615384615384,0.0523076923076923,0.0676923076923076,0.0307692307692307,0.0707692307692307,0.0369230769230769,0.0369230769230769,0.0615384615384615,0.0861538461538461,0.0492307692307692,0.0676923076923076,0.0061538461538461,0.0307692307692307,0.1025641025641025,0.1025641025641025,0.3333333333333333,0.4615384615384615,5,11,"RNCMPT00112,max,UUUGGUU,RBD_v3_120548",0
"RNCMPT00107,max,GGAUGGA,RBD_v3_224536",158,1,0.0495049504950495,0.0099009900990099,0.099009900990099,0.0544554455445544,0.0346534653465346,0.1633663366336633,0.0099009900990099,0.0346534653465346,0.0396039603960396,0.0297029702970297,0.0148514851485148,0.0297029702970297,0.0693069306930693,0.0049504950495049,0.1237623762376237,0.0495049504950495,0.0297029702970297,0.0841584158415841,0.0049504950495049,0.0643564356435643,0.2368421052631578,0.2631578947368421,0.3157894736842105,0.1842105263157894,2,8,"RNCMPT00107,max,GGAUGGA,RBD_v3_224536",1
"RNCMPT00170,max,UCAUCCA,RBD_v3_008078",128,1,0.0435967302452316,0.0163487738419618,0.0653950953678474,0.0871934604904632,0.0272479564032697,0.0762942779291553,0.0217983651226158,0.0408719346049046,0.0653950953678474,0.0681198910081744,0.0217983651226158,0.0354223433242506,0.0708446866485013,0.0490463215258855,0.0953678474114441,0.0653950953678474,0.0517711171662125,0.0463215258855585,0.0081743869209809,0.0435967302452316,0.2105263157894736,0.2368421052631578,0.2105263157894736,0.3421052631578947,18,24,"RNCMPT00170,max,UCAUCCA,RBD_v3_008078",0
"RNCMPT00129,max,AGAGUAU,RBD_v3_065094",13,1,0.066420664206642,0.014760147601476,0.044280442804428,0.059040590405904,0.014760147601476,0.077490774907749,0.014760147601476,0.066420664206642,0.055350553505535,0.062730627306273,0.022140221402214,0.040590405904059,0.081180811808118,0.040590405904059,0.055350553505535,0.1070110701107011,0.07380073800738,0.088560885608856,0.0,0.014760147601476,0.2631578947368421,0.2368421052631578,0.2631578947368421,0.2368421052631578,1,7,"RNCMPT00129,max,AGAGUAU,RBD_v3_065094",0
"RNCMPT00120,max,UUAUGUU,RBD_v3_240700",34,1,0.0926966292134831,0.0112359550561797,0.0308988764044943,0.047752808988764,0.0365168539325842,0.0842696629213483,0.0,0.0505617977528089,0.0561797752808988,0.1011235955056179,0.0196629213483146,0.0786516853932584,0.047752808988764,0.0449438202247191,0.0449438202247191,0.0870786516853932,0.0617977528089887,0.0674157303370786,0.0056179775280898,0.0308988764044943,0.2105263157894736,0.2631578947368421,0.1578947368421052,0.3684210526315789,8,14,"RNCMPT00120,max,UUAUGUU,RBD_v3_240700",1
"RNCMPT00017,max,UGCAUGC,RBD_v3_031356",35,1,0.1518072289156626,0.0024096385542168,0.0313253012048192,0.0313253012048192,0.0313253012048192,0.0698795180722891,0.0192771084337349,0.0409638554216867,0.0265060240963855,0.1012048192771084,0.0337349397590361,0.053012048192771,0.0602409638554216,0.1373493975903614,0.0385542168674698,0.0698795180722891,0.0433734939759036,0.0385542168674698,0.0,0.0192771084337349,0.2105263157894736,0.3157894736842105,0.2368421052631578,0.2368421052631578,26,32,"RNCMPT00017,max,UGCAUGC,RBD_v3_031356",1
"RNCMPT00144,max,UUGCGGA,RBD_v3_098489",21,1,0.0762711864406779,0.0254237288135593,0.0338983050847457,0.059322033898305,0.0423728813559322,0.135593220338983,0.0169491525423728,0.0254237288135593,0.0508474576271186,0.0423728813559322,0.0254237288135593,0.0762711864406779,0.0762711864406779,0.0338983050847457,0.0847457627118644,0.0508474576271186,0.0508474576271186,0.0762711864406779,0.0,0.0169491525423728,0.3157894736842105,0.1842105263157894,0.3421052631578947,0.1578947368421052,20,26,"RNCMPT00144,max,UUGCGGA,RBD_v3_098489",1
"RNCMPT00071,max,AUUGCAC,RBD_v3_133839",156,1,0.0780141843971631,0.0,0.0319148936170212,0.0496453900709219,0.0531914893617021,0.0709219858156028,0.0177304964539007,0.0602836879432624,0.0780141843971631,0.0638297872340425,0.0602836879432624,0.0460992907801418,0.1241134751773049,0.0673758865248227,0.0460992907801418,0.0425531914893617,0.0425531914893617,0.0496453900709219,0.0,0.0177304964539007,0.2857142857142857,0.2571428571428571,0.2,0.2571428571428571,12,18,"RNCMPT00071,max,AUUGCAC,RBD_v3_133839",0
"RNCMPT00087,max,GAAUUAA,RBD_v3_135861",198,1,0.0681818181818181,0.0303030303030303,0.053030303030303,0.0378787878787878,0.053030303030303,0.0681818181818181,0.0075757575757575,0.0606060606060606,0.1136363636363636,0.0681818181818181,0.0227272727272727,0.0681818181818181,0.0378787878787878,0.0151515151515151,0.0681818181818181,0.0909090909090909,0.0378787878787878,0.053030303030303,0.0,0.0454545454545454,0.3947368421052631,0.1842105263157894,0.2105263157894736,0.2105263157894736,2,8,"RNCMPT00087,max,GAAUUAA,RBD_v3_135861",1
"RNCMPT00197,min,GGGGGAC,RBD_v3_177821",70,0,0.070110701107011,0.003690036900369,0.025830258302583,0.047970479704797,0.047970479704797,0.081180811808118,0.047970479704797,0.040590405904059,0.066420664206642,0.040590405904059,0.029520295202952,0.062730627306273,0.070110701107011,0.066420664206642,0.025830258302583,0.07380073800738,0.055350553505535,0.059040590405904,0.014760147601476,0.070110701107011,0.2894736842105263,0.1842105263157894,0.3684210526315789,0.1578947368421052,3,9,"RNCMPT00197,min,GGGGGAC,RBD_v3_177821",1
"RNCMPT00186,max,CCCAACC,RBD_v3_051431",94,1,0.0870786516853932,0.0252808988764044,0.0308988764044943,0.0561797752808988,0.0112359550561797,0.1011235955056179,0.0196629213483146,0.095505617977528,0.0393258426966292,0.0674157303370786,0.0337078651685393,0.0393258426966292,0.0533707865168539,0.0561797752808988,0.0449438202247191,0.098314606741573,0.0702247191011236,0.0533707865168539,0.0028089887640449,0.0140449438202247,0.3684210526315789,0.3947368421052631,0.131578947368421,0.1052631578947368,4,10,"RNCMPT00186,max,CCCAACC,RBD_v3_051431",1
"RNCMPT00165,max,UUUUUUG,RBD_v3_094016",170,1,0.0685714285714285,0.0171428571428571,0.04,0.0457142857142857,0.0457142857142857,0.0885714285714285,0.0228571428571428,0.0457142857142857,0.0542857142857142,0.0342857142857142,0.0371428571428571,0.0542857142857142,0.0485714285714285,0.0857142857142857,0.0342857142857142,0.0771428571428571,0.0657142857142857,0.0685714285714285,0.0257142857142857,0.04,0.1578947368421052,0.1842105263157894,0.1842105263157894,0.4736842105263157,31,37,"RNCMPT00165,max,UUUUUUG,RBD_v3_094016",0
"RNCMPT00140,max,GUGGAAA,RBD_v3_034406",75,1,0.0761670761670761,0.0049140049140049,0.054054054054054,0.0786240786240786,0.0589680589680589,0.0491400491400491,0.0122850122850122,0.0515970515970515,0.1081081081081081,0.0909090909090909,0.0049140049140049,0.0614250614250614,0.0442260442260442,0.027027027027027,0.0515970515970515,0.0786240786240786,0.0565110565110565,0.0835380835380835,0.0024570024570024,0.0049140049140049,0.3714285714285714,0.1142857142857142,0.2857142857142857,0.2285714285714285,5,11,"RNCMPT00140,max,GUGGAAA,RBD_v3_034406",1
"RNCMPT00035,max,UCGCGCG,RBD_v3_228493",63,1,0.0579710144927536,0.0289855072463768,0.0531400966183574,0.072463768115942,0.038647342995169,0.1111111111111111,0.0144927536231884,0.0289855072463768,0.0628019323671497,0.0628019323671497,0.0144927536231884,0.0434782608695652,0.0579710144927536,0.0434782608695652,0.072463768115942,0.038647342995169,0.0628019323671497,0.0917874396135265,0.0048309178743961,0.038647342995169,0.1578947368421052,0.3421052631578947,0.1842105263157894,0.3157894736842105,31,37,"RNCMPT00035,max,UCGCGCG,RBD_v3_228493",1
"RNCMPT00023,max,UUAGGGU,RBD_v3_225514",41,1,0.0442477876106194,0.0088495575221238,0.0663716814159292,0.0752212389380531,0.0619469026548672,0.1283185840707964,0.0353982300884955,0.0353982300884955,0.0752212389380531,0.0353982300884955,0.0221238938053097,0.0309734513274336,0.0309734513274336,0.0309734513274336,0.084070796460177,0.0752212389380531,0.0619469026548672,0.0752212389380531,0.0044247787610619,0.0176991150442477,0.2666666666666666,0.1333333333333333,0.3333333333333333,0.2666666666666666,13,19,"RNCMPT00023,max,UUAGGGU,RBD_v3_225514",1
"RNCMPT00185,min,GUUGGAC,RBD_v3_167307",61,0,0.0552486187845303,0.0,0.0552486187845303,0.1270718232044199,0.0331491712707182,0.0773480662983425,0.0220994475138121,0.0497237569060773,0.1104972375690607,0.1104972375690607,0.0220994475138121,0.0331491712707182,0.0386740331491712,0.0276243093922651,0.0662983425414364,0.0883977900552486,0.005524861878453,0.0441988950276243,0.0,0.0331491712707182,0.2857142857142857,0.1428571428571428,0.2857142857142857,0.2857142857142857,4,10,"RNCMPT00185,min,GUUGGAC,RBD_v3_167307",0
"RNCMPT00007,min,GAGUCGU,RBD_v3_175671",17,0,0.1280487804878048,0.0121951219512195,0.0365853658536585,0.0548780487804878,0.0121951219512195,0.073170731707317,0.0121951219512195,0.073170731707317,0.0609756097560975,0.0548780487804878,0.024390243902439,0.0548780487804878,0.073170731707317,0.0426829268292682,0.0670731707317073,0.0914634146341463,0.048780487804878,0.0670731707317073,0.0,0.0121951219512195,0.3333333333333333,0.1666666666666666,0.3,0.2,19,25,"RNCMPT00007,min,GAGUCGU,RBD_v3_175671",1
"RNCMPT00179,min,UACUCAC,RBD_v3_125017",163,0,0.1612903225806451,0.0040322580645161,0.0362903225806451,0.032258064516129,0.032258064516129,0.0725806451612903,0.0161290322580645,0.032258064516129,0.032258064516129,0.0846774193548387,0.0282258064516129,0.0443548387096774,0.064516129032258,0.1169354838709677,0.0362903225806451,0.0282258064516129,0.0604838709677419,0.064516129032258,0.0,0.0524193548387096,0.3157894736842105,0.3157894736842105,0.1842105263157894,0.1842105263157894,31,37,"RNCMPT00179,min,UACUCAC,RBD_v3_125017",1
"RNCMPT00040,max,UAGGUAG,RBD_v3_229896",76,1,0.08,0.02,0.04,0.09,0.07,0.05,0.03,0.03,0.12,0.01,0.02,0.04,0.05,0.07,0.05,0.03,0.08,0.11,0.0,0.01,0.2571428571428571,0.1428571428571428,0.3714285714285714,0.2285714285714285,7,13,"RNCMPT00040,max,UAGGUAG,RBD_v3_229896",0
"RNCMPT00066,max,GGAGGGA,RBD_v3_071955",149,1,0.0448979591836734,0.0081632653061224,0.1061224489795918,0.0408163265306122,0.0448979591836734,0.1714285714285714,0.0163265306122449,0.0204081632653061,0.0448979591836734,0.0326530612244898,0.0204081632653061,0.0244897959183673,0.0489795918367346,0.0163265306122449,0.1469387755102041,0.0816326530612244,0.0244897959183673,0.0571428571428571,0.0040816326530612,0.0448979591836734,0.2368421052631578,0.1578947368421052,0.3421052631578947,0.2631578947368421,26,32,"RNCMPT00066,max,GGAGGGA,RBD_v3_071955",1
"RNCMPT00051,max,GUGUGUG,RBD_v3_100125",120,1,0.1123595505617977,0.0112359550561797,0.0898876404494382,0.0337078651685393,0.0561797752808988,0.1011235955056179,0.0112359550561797,0.0561797752808988,0.0786516853932584,0.0449438202247191,0.0112359550561797,0.0337078651685393,0.0449438202247191,0.0224719101123595,0.0786516853932584,0.0224719101123595,0.0898876404494382,0.0561797752808988,0.0,0.0449438202247191,0.1025641025641025,0.1025641025641025,0.4358974358974359,0.358974358974359,17,23,"RNCMPT00051,max,GUGUGUG,RBD_v3_100125",0
"RNCMPT00073,max,ACGACGA,RBD_v3_077725",161,1,0.064516129032258,0.032258064516129,0.064516129032258,0.0725806451612903,0.0483870967741935,0.1290322580645161,0.0161290322580645,0.0161290322580645,0.032258064516129,0.0403225806451612,0.0161290322580645,0.0241935483870967,0.0725806451612903,0.0,0.1451612903225806,0.0483870967741935,0.032258064516129,0.064516129032258,0.0080645161290322,0.0725806451612903,0.2631578947368421,0.2631578947368421,0.2631578947368421,0.2105263157894736,5,11,"RNCMPT00073,max,ACGACGA,RBD_v3_077725",0
"RNCMPT00068,min,CCCCCCC,RBD_v3_183991",151,0,0.082010582010582,0.0105820105820105,0.0449735449735449,0.0343915343915343,0.0238095238095238,0.0899470899470899,0.0079365079365079,0.0502645502645502,0.0555555555555555,0.0476190476190476,0.0449735449735449,0.0449735449735449,0.0925925925925925,0.0925925925925925,0.0264550264550264,0.0555555555555555,0.0714285714285714,0.0661375661375661,0.0079365079365079,0.0502645502645502,0.2368421052631578,0.3157894736842105,0.3421052631578947,0.1052631578947368,27,33,"RNCMPT00068,min,CCCCCCC,RBD_v3_183991",1
"RNCMPT00104,max,AUGUACA,RBD_v3_021558",106,1,0.0562130177514792,0.0236686390532544,0.0414201183431952,0.0710059171597633,0.0355029585798816,0.0502958579881656,0.0502958579881656,0.0621301775147929,0.0710059171597633,0.0917159763313609,0.029585798816568,0.044378698224852,0.0236686390532544,0.0917159763313609,0.044378698224852,0.0414201183431952,0.0473372781065088,0.0828402366863905,0.0,0.0414201183431952,0.3421052631578947,0.2368421052631578,0.2105263157894736,0.2105263157894736,23,29,"RNCMPT00104,max,AUGUACA,RBD_v3_021558",1
"RNCMPT00224,max,ACAAAAG,RBD_v3_089827",166,1,0.1037735849056603,0.0047169811320754,0.0754716981132075,0.0518867924528301,0.0518867924528301,0.070754716981132,0.0235849056603773,0.0566037735849056,0.0613207547169811,0.080188679245283,0.0283018867924528,0.0566037735849056,0.0754716981132075,0.0377358490566037,0.0330188679245283,0.0566037735849056,0.0377358490566037,0.0518867924528301,0.0047169811320754,0.0377358490566037,0.3947368421052631,0.2105263157894736,0.2105263157894736,0.1842105263157894,19,25,"RNCMPT00224,max,ACAAAAG,RBD_v3_089827",1
"RNCMPT00202,max,UUUUUUU,RBD_v3_086894",101,1,0.0380622837370242,0.0069204152249134,0.0553633217993079,0.0484429065743944,0.0415224913494809,0.0276816608996539,0.0173010380622837,0.1072664359861591,0.1141868512110726,0.0449826989619377,0.0449826989619377,0.1799307958477508,0.0346020761245674,0.0242214532871972,0.0173010380622837,0.0484429065743944,0.0553633217993079,0.0380622837370242,0.0,0.0553633217993079,0.1578947368421052,0.2105263157894736,0.1842105263157894,0.4473684210526316,26,32,"RNCMPT00202,max,UUUUUUU,RBD_v3_086894",1
"RNCMPT00113,max,GCGCGGG,RBD_v3_131807",121,1,0.0621468926553672,0.0338983050847457,0.0451977401129943,0.1016949152542373,0.0338983050847457,0.0734463276836158,0.0451977401129943,0.0677966101694915,0.0847457627118644,0.0621468926553672,0.0225988700564971,0.0508474576271186,0.0282485875706214,0.0282485875706214,0.0564971751412429,0.0508474576271186,0.0508474576271186,0.0621468926553672,0.0056497175141242,0.0338983050847457,0.0769230769230769,0.1538461538461538,0.4871794871794871,0.282051282051282,4,10,"RNCMPT00113,max,GCGCGGG,RBD_v3_131807",0
"RNCMPT00220,max,CUUUCUU,RBD_v3_077686",179,1,0.0492424242424242,0.0037878787878787,0.0303030303030303,0.0416666666666666,0.034090909090909,0.0568181818181818,0.0189393939393939,0.0681818181818181,0.034090909090909,0.053030303030303,0.0378787878787878,0.0795454545454545,0.0681818181818181,0.1325757575757575,0.0568181818181818,0.0568181818181818,0.0643939393939393,0.0871212121212121,0.0,0.0265151515151515,0.1714285714285714,0.1714285714285714,0.2857142857142857,0.3714285714285714,20,26,"RNCMPT00220,max,CUUUCUU,RBD_v3_077686",1
"RNCMPT00090,max,AGAGAAA,RBD_v3_017163",159,1,0.0543478260869565,0.0108695652173913,0.108695652173913,0.0543478260869565,0.0652173913043478,0.0543478260869565,0.0108695652173913,0.0434782608695652,0.0217391304347826,0.0652173913043478,0.0108695652173913,0.0326086956521739,0.0543478260869565,0.0434782608695652,0.1521739130434782,0.0326086956521739,0.0434782608695652,0.0760869565217391,0.0108695652173913,0.0543478260869565,0.3947368421052631,0.2894736842105263,0.1842105263157894,0.131578947368421,1,7,"RNCMPT00090,max,AGAGAAA,RBD_v3_017163",1
"RNCMPT00011,min,GAGUCGU,RBD_v3_210386",93,0,0.0798611111111111,0.0104166666666666,0.0520833333333333,0.078125,0.0243055555555555,0.0538194444444444,0.0173611111111111,0.0625,0.0659722222222222,0.0850694444444444,0.0243055555555555,0.0520833333333333,0.0555555555555555,0.046875,0.0520833333333333,0.0868055555555555,0.0572916666666666,0.0625,0.0069444444444444,0.0260416666666666,0.2368421052631578,0.2631578947368421,0.3157894736842105,0.1842105263157894,14,20,"RNCMPT00011,min,GAGUCGU,RBD_v3_210386",0
"RNCMPT00003,max,UGUUUGU,RBD_v3_048536",3,1,0.1225165562913907,0.0149006622516556,0.0447019867549668,0.0314569536423841,0.0413907284768211,0.0579470198675496,0.0149006622516556,0.0413907284768211,0.0562913907284768,0.0877483443708609,0.0281456953642384,0.0943708609271523,0.0529801324503311,0.0562913907284768,0.021523178807947,0.0993377483443708,0.0612582781456953,0.0562913907284768,0.0033112582781456,0.0132450331125827,0.131578947368421,0.1578947368421052,0.2894736842105263,0.4210526315789473,20,26,"RNCMPT00003,max,UGUUUGU,RBD_v3_048536",1
"RNCMPT00228,max,UUUUUUU,RBD_v3_029559",109,1,0.0854922279792746,0.0207253886010362,0.0414507772020725,0.0492227979274611,0.0336787564766839,0.1036269430051813,0.0259067357512953,0.0284974093264248,0.0336787564766839,0.0803108808290155,0.0181347150259067,0.0518134715025906,0.0569948186528497,0.0595854922279792,0.0466321243523316,0.0906735751295336,0.0492227979274611,0.0725388601036269,0.0155440414507772,0.0362694300518134,0.1842105263157894,0.1842105263157894,0.2368421052631578,0.3947368421052631,30,36,"RNCMPT00228,max,UUUUUUU,RBD_v3_029559",0
"RNCMPT00187,min,CUUUAUA,RBD_v3_128849",12,0,0.1372141372141372,0.0145530145530145,0.0374220374220374,0.0353430353430353,0.0478170478170478,0.1122661122661122,0.0249480249480249,0.0249480249480249,0.0395010395010395,0.0935550935550935,0.0249480249480249,0.0249480249480249,0.0935550935550935,0.0727650727650727,0.0457380457380457,0.0561330561330561,0.0415800415800415,0.0498960498960499,0.0,0.0228690228690228,0.3428571428571428,0.2571428571428571,0.1714285714285714,0.2285714285714285,25,31,"RNCMPT00187,min,CUUUAUA,RBD_v3_128849",1
"RNCMPT00085,max,GCAGCGA,RBD_v3_168987",196,1,0.1013824884792626,0.0276497695852534,0.0437788018433179,0.0599078341013824,0.0299539170506912,0.1013824884792626,0.0276497695852534,0.0276497695852534,0.0391705069124423,0.0691244239631336,0.0230414746543778,0.032258064516129,0.1059907834101382,0.0414746543778801,0.0668202764976958,0.0714285714285714,0.0576036866359447,0.0552995391705069,0.0,0.0184331797235023,0.2894736842105263,0.2631578947368421,0.3421052631578947,0.1052631578947368,18,24,"RNCMPT00085,max,GCAGCGA,RBD_v3_168987",1
"RNCMPT00066,min,UCGUCUU,RBD_v3_160018",149,0,0.0448979591836734,0.0081632653061224,0.1061224489795918,0.0408163265306122,0.0448979591836734,0.1714285714285714,0.0163265306122449,0.0204081632653061,0.0448979591836734,0.0326530612244898,0.0204081632653061,0.0244897959183673,0.0489795918367346,0.0163265306122449,0.1469387755102041,0.0816326530612244,0.0244897959183673,0.0571428571428571,0.0040816326530612,0.0448979591836734,0.2894736842105263,0.2105263157894736,0.1578947368421052,0.3421052631578947,7,13,"RNCMPT00066,min,UCGUCUU,RBD_v3_160018",0
"RNCMPT00033,max,AACACAA,RBD_v3_006084",58,1,0.0818030050083472,0.003338898163606,0.030050083472454,0.0834724540901502,0.0333889816360601,0.0751252086811352,0.031719532554257,0.0834724540901502,0.0684474123539232,0.0717863105175292,0.015025041736227,0.0383973288814691,0.0634390651085141,0.0617696160267111,0.0500834724540901,0.0634390651085141,0.0550918196994991,0.0634390651085141,0.003338898163606,0.023372287145242,0.4736842105263157,0.1052631578947368,0.2105263157894736,0.2105263157894736,8,14,"RNCMPT00033,max,AACACAA,RBD_v3_006084",1
"RNCMPT00137,min,AGAGUCG,RBD_v3_177367",78,0,0.0833333333333333,0.0208333333333333,0.03125,0.0625,0.0,0.1041666666666666,0.0104166666666666,0.1354166666666666,0.0208333333333333,0.0520833333333333,0.0416666666666666,0.0729166666666666,0.0416666666666666,0.0729166666666666,0.0729166666666666,0.0729166666666666,0.0729166666666666,0.0208333333333333,0.0,0.0104166666666666,0.2894736842105263,0.1842105263157894,0.3157894736842105,0.2105263157894736,8,14,"RNCMPT00137,min,AGAGUCG,RBD_v3_177367",1
"RNCMPT00038,max,AGCUUGC,RBD_v3_000447",72,1,0.1492146596858638,0.0366492146596858,0.0235602094240837,0.0340314136125654,0.0287958115183246,0.0418848167539267,0.0261780104712041,0.0366492146596858,0.0418848167539267,0.0680628272251308,0.0418848167539267,0.0523560209424083,0.0916230366492146,0.0654450261780104,0.0445026178010471,0.0523560209424083,0.0785340314136125,0.06282722513089,0.0026178010471204,0.0209424083769633,0.2,0.2333333333333333,0.3333333333333333,0.2333333333333333,12,18,"RNCMPT00038,max,AGCUUGC,RBD_v3_000447",1
"RNCMPT00142,max,AUAAUUA,RBD_v3_134623",114,1,0.0476190476190476,0.0059523809523809,0.0476190476190476,0.0952380952380952,0.0238095238095238,0.0535714285714285,0.0416666666666666,0.0773809523809523,0.1011904761904761,0.0773809523809523,0.0416666666666666,0.0357142857142857,0.0595238095238095,0.0238095238095238,0.0773809523809523,0.0595238095238095,0.0238095238095238,0.0595238095238095,0.0,0.0476190476190476,0.4210526315789473,0.131578947368421,0.1842105263157894,0.2631578947368421,21,27,"RNCMPT00142,max,AUAAUUA,RBD_v3_134623",0
"RNCMPT00199,min,CCCAUUU,RBD_v3_014474",97,0,0.032520325203252,0.016260162601626,0.08130081300813,0.1016260162601626,0.0528455284552845,0.065040650406504,0.008130081300813,0.040650406504065,0.08130081300813,0.0528455284552845,0.016260162601626,0.08130081300813,0.0203252032520325,0.0121951219512195,0.1341463414634146,0.0528455284552845,0.0203252032520325,0.065040650406504,0.0121951219512195,0.0528455284552845,0.3142857142857143,0.1428571428571428,0.2571428571428571,0.2857142857142857,7,13,"RNCMPT00199,min,CCCAUUU,RBD_v3_014474",1
"RNCMPT00156,min,CUUUUUU,RBD_v3_226608",22,0,0.0677966101694915,0.0225988700564971,0.0338983050847457,0.0847457627118644,0.0282485875706214,0.0508474576271186,0.0225988700564971,0.0338983050847457,0.1073446327683615,0.0734463276836158,0.0169491525423728,0.0508474576271186,0.0451977401129943,0.0677966101694915,0.0508474576271186,0.0734463276836158,0.0338983050847457,0.0847457627118644,0.0,0.0508474576271186,0.1842105263157894,0.2631578947368421,0.1842105263157894,0.3684210526315789,16,22,"RNCMPT00156,min,CUUUUUU,RBD_v3_226608",1
"RNCMPT00059,min,CCCCCCA,RBD_v3_015622",135,0,0.0117647058823529,0.0058823529411764,0.0705882352941176,0.0470588235294117,0.0764705882352941,0.1,0.0235294117647058,0.0352941176470588,0.0823529411764705,0.1,0.0176470588235294,0.0588235294117647,0.0176470588235294,0.0588235294117647,0.1058823529411764,0.0588235294117647,0.0529411764705882,0.0588235294117647,0.0,0.0176470588235294,0.3157894736842105,0.2894736842105263,0.1842105263157894,0.2105263157894736,22,28,"RNCMPT00059,min,CCCCCCA,RBD_v3_015622",0
"RNCMPT00127,max,AUCAACG,RBD_v3_114213",133,1,0.078125,0.0234375,0.046875,0.0625,0.03125,0.2890625,0.0,0.015625,0.0234375,0.03125,0.015625,0.03125,0.03125,0.0,0.1328125,0.0703125,0.0234375,0.046875,0.015625,0.03125,0.2631578947368421,0.3157894736842105,0.1578947368421052,0.2631578947368421,3,9,"RNCMPT00127,max,AUCAACG,RBD_v3_114213",1
"RNCMPT00052,max,GCGCGCG,RBD_v3_147842",121,1,0.0621468926553672,0.0338983050847457,0.0451977401129943,0.1016949152542373,0.0338983050847457,0.0734463276836158,0.0451977401129943,0.0677966101694915,0.0847457627118644,0.0621468926553672,0.0225988700564971,0.0508474576271186,0.0282485875706214,0.0282485875706214,0.0564971751412429,0.0508474576271186,0.0508474576271186,0.0621468926553672,0.0056497175141242,0.0338983050847457,0.2368421052631578,0.2631578947368421,0.2894736842105263,0.2105263157894736,27,33,"RNCMPT00052,max,GCGCGCG,RBD_v3_147842",1
"RNCMPT00179,min,CACUCAC,RBD_v3_228840",163,0,0.1612903225806451,0.0040322580645161,0.0362903225806451,0.032258064516129,0.032258064516129,0.0725806451612903,0.0161290322580645,0.032258064516129,0.032258064516129,0.0846774193548387,0.0282258064516129,0.0443548387096774,0.064516129032258,0.1169354838709677,0.0362903225806451,0.0282258064516129,0.0604838709677419,0.064516129032258,0.0,0.0524193548387096,0.3421052631578947,0.2631578947368421,0.1842105263157894,0.2105263157894736,31,37,"RNCMPT00179,min,CACUCAC,RBD_v3_228840",1
"RNCMPT00249,min,GGGGGGG,RBD_v3_131335",112,0,0.1403508771929824,0.0043859649122807,0.0482456140350877,0.0482456140350877,0.0526315789473684,0.0570175438596491,0.0087719298245614,0.0263157894736842,0.0921052631578947,0.087719298245614,0.0219298245614035,0.043859649122807,0.0745614035087719,0.0614035087719298,0.0570175438596491,0.0482456140350877,0.0350877192982456,0.0745614035087719,0.0043859649122807,0.0131578947368421,0.3157894736842105,0.1578947368421052,0.3684210526315789,0.1578947368421052,11,17,"RNCMPT00249,min,GGGGGGG,RBD_v3_131335",1
"RNCMPT00079,max,UUUUUUU,RBD_v3_029559",190,1,0.0666666666666666,0.016,0.0586666666666666,0.0506666666666666,0.0453333333333333,0.08,0.0133333333333333,0.0426666666666666,0.0453333333333333,0.0853333333333333,0.04,0.04,0.0746666666666666,0.0613333333333333,0.0373333333333333,0.0506666666666666,0.0613333333333333,0.0986666666666666,0.0026666666666666,0.0293333333333333,0.1842105263157894,0.1842105263157894,0.2368421052631578,0.3947368421052631,30,36,"RNCMPT00079,max,UUUUUUU,RBD_v3_029559",0
"RNCMPT00291,max,UAAUUGG,RBD_v3_019822",0,1,0.0823529411764705,0.0117647058823529,0.0529411764705882,0.0794117647058823,0.038235294117647,0.0941176470588235,0.0147058823529411,0.0558823529411764,0.0735294117647058,0.0705882352941176,0.0264705882352941,0.05,0.05,0.0264705882352941,0.0705882352941176,0.0264705882352941,0.0470588235294117,0.0764705882352941,0.0088235294117647,0.0441176470588235,0.2666666666666666,0.2,0.3,0.2333333333333333,22,28,"RNCMPT00291,max,UAAUUGG,RBD_v3_019822",0
"RNCMPT00146,max,AUGGAUG,RBD_v3_078401",20,1,0.0303030303030303,0.0216450216450216,0.0606060606060606,0.0735930735930736,0.0735930735930736,0.0692640692640692,0.0303030303030303,0.0346320346320346,0.0865800865800865,0.0519480519480519,0.0129870129870129,0.0606060606060606,0.0389610389610389,0.0346320346320346,0.0606060606060606,0.0649350649350649,0.0519480519480519,0.0909090909090909,0.0086580086580086,0.0432900432900432,0.2666666666666666,0.0666666666666666,0.4,0.2666666666666666,3,9,"RNCMPT00146,max,AUGGAUG,RBD_v3_078401",1
"RNCMPT00046,min,UUUUCUU,RBD_v3_039048",106,0,0.0997442455242966,0.0204603580562659,0.0358056265984654,0.0613810741687979,0.0306905370843989,0.0639386189258312,0.0434782608695652,0.0588235294117647,0.0639386189258312,0.0792838874680307,0.0255754475703324,0.0434782608695652,0.0306905370843989,0.0843989769820971,0.0409207161125319,0.0434782608695652,0.0511508951406649,0.0869565217391304,0.0,0.0358056265984654,0.2571428571428571,0.2285714285714285,0.2,0.3142857142857143,8,14,"RNCMPT00046,min,UUUUCUU,RBD_v3_039048",0
"RNCMPT00176,max,UAGGUAG,RBD_v3_241293",77,1,0.0911602209944751,0.011049723756906,0.0414364640883977,0.0524861878453038,0.0607734806629834,0.1049723756906077,0.0220994475138121,0.0276243093922651,0.0469613259668508,0.0552486187845303,0.0441988950276243,0.0165745856353591,0.0856353591160221,0.0359116022099447,0.0497237569060773,0.0690607734806629,0.0828729281767955,0.0635359116022099,0.005524861878453,0.0331491712707182,0.3142857142857143,0.1714285714285714,0.2857142857142857,0.2285714285714285,5,11,"RNCMPT00176,max,UAGGUAG,RBD_v3_241293",0
"RNCMPT00035,min,AGGGUGG,RBD_v3_162024",63,0,0.0579710144927536,0.0289855072463768,0.0531400966183574,0.072463768115942,0.038647342995169,0.1111111111111111,0.0144927536231884,0.0289855072463768,0.0628019323671497,0.0628019323671497,0.0144927536231884,0.0434782608695652,0.0579710144927536,0.0434782608695652,0.072463768115942,0.038647342995169,0.0628019323671497,0.0917874396135265,0.0048309178743961,0.038647342995169,0.2105263157894736,0.0789473684210526,0.5,0.2105263157894736,1,7,"RNCMPT00035,min,AGGGUGG,RBD_v3_162024",1
"RNCMPT00027,min,GUGGGUG,RBD_v3_046788",48,0,0.068100358422939,0.017921146953405,0.0519713261648745,0.0483870967741935,0.0376344086021505,0.1272401433691756,0.032258064516129,0.032258064516129,0.050179211469534,0.057347670250896,0.0232974910394265,0.0591397849462365,0.0842293906810035,0.039426523297491,0.0448028673835125,0.0734767025089605,0.0304659498207885,0.068100358422939,0.003584229390681,0.050179211469534,0.2105263157894736,0.1052631578947368,0.4736842105263157,0.2105263157894736,19,25,"RNCMPT00027,min,GUGGGUG,RBD_v3_046788",1
"RNCMPT00129,min,UUUCGUC,RBD_v3_132833",13,0,0.066420664206642,0.014760147601476,0.044280442804428,0.059040590405904,0.014760147601476,0.077490774907749,0.014760147601476,0.066420664206642,0.055350553505535,0.062730627306273,0.022140221402214,0.040590405904059,0.081180811808118,0.040590405904059,0.055350553505535,0.1070110701107011,0.07380073800738,0.088560885608856,0.0,0.014760147601476,0.2105263157894736,0.2368421052631578,0.2105263157894736,0.3421052631578947,20,26,"RNCMPT00129,min,UUUCGUC,RBD_v3_132833",0
"RNCMPT00070,max,AUCAAGA,RBD_v3_086909",154,1,0.0467836257309941,0.0,0.0701754385964912,0.0994152046783625,0.023391812865497,0.0994152046783625,0.0350877192982456,0.0350877192982456,0.0701754385964912,0.0350877192982456,0.023391812865497,0.023391812865497,0.0584795321637426,0.0175438596491228,0.1637426900584795,0.0350877192982456,0.0526315789473684,0.0584795321637426,0.0116959064327485,0.0409356725146198,0.3157894736842105,0.1578947368421052,0.2631578947368421,0.2631578947368421,8,14,"RNCMPT00070,max,AUCAAGA,RBD_v3_086909",1
"RNCMPT00123,max,UUGCAUG,RBD_v3_028511",1,1,0.1834319526627219,0.0059171597633136,0.029585798816568,0.0414201183431952,0.0473372781065088,0.0710059171597633,0.0236686390532544,0.0414201183431952,0.0355029585798816,0.0473372781065088,0.0118343195266272,0.0532544378698224,0.0473372781065088,0.0355029585798816,0.0710059171597633,0.0710059171597633,0.0473372781065088,0.1242603550295858,0.0059171597633136,0.0059171597633136,0.131578947368421,0.2894736842105263,0.2105263157894736,0.3684210526315789,11,17,"RNCMPT00123,max,UUGCAUG,RBD_v3_028511",0
"RNCMPT00216,min,AGGGGGG,RBD_v3_056948",175,0,0.0962962962962963,0.0148148148148148,0.037037037037037,0.0592592592592592,0.037037037037037,0.0703703703703703,0.037037037037037,0.0333333333333333,0.037037037037037,0.0666666666666666,0.0148148148148148,0.0407407407407407,0.0629629629629629,0.0333333333333333,0.1074074074074074,0.0925925925925925,0.0666666666666666,0.0851851851851851,0.0037037037037037,0.0037037037037037,0.3157894736842105,0.1842105263157894,0.2894736842105263,0.2105263157894736,1,7,"RNCMPT00216,min,AGGGGGG,RBD_v3_056948",1
"RNCMPT00099,min,CCCCCCC,RBD_v3_129287",76,0,0.0478723404255319,0.0159574468085106,0.0531914893617021,0.0638297872340425,0.0691489361702127,0.0797872340425532,0.026595744680851,0.0372340425531914,0.1117021276595744,0.0425531914893617,0.0212765957446808,0.026595744680851,0.0638297872340425,0.0531914893617021,0.0372340425531914,0.0585106382978723,0.0797872340425532,0.0957446808510638,0.0053191489361702,0.0106382978723404,0.1842105263157894,0.4473684210526316,0.1842105263157894,0.1842105263157894,6,12,"RNCMPT00099,min,CCCCCCC,RBD_v3_129287",1
"RNCMPT00180,min,AAAUCCC,RBD_v3_240085",4,0,0.1534653465346534,0.0,0.0272277227722772,0.0321782178217821,0.0321782178217821,0.0495049504950495,0.0222772277227722,0.0371287128712871,0.0222772277227722,0.0742574257425742,0.0371287128712871,0.0321782178217821,0.0717821782178217,0.1856435643564356,0.0445544554455445,0.0618811881188118,0.0519801980198019,0.0519801980198019,0.0,0.0123762376237623,0.3428571428571428,0.2857142857142857,0.1428571428571428,0.2285714285714285,13,19,"RNCMPT00180,min,AAAUCCC,RBD_v3_240085",1
"RNCMPT00181,max,UUGCACA,RBD_v3_098694",73,1,0.157051282051282,0.0128205128205128,0.0352564102564102,0.0352564102564102,0.0448717948717948,0.0512820512820512,0.0224358974358974,0.0096153846153846,0.0416666666666666,0.1185897435897435,0.032051282051282,0.0448717948717948,0.0608974358974358,0.0897435897435897,0.0448717948717948,0.0929487179487179,0.0384615384615384,0.048076923076923,0.0,0.0192307692307692,0.3421052631578947,0.2105263157894736,0.2631578947368421,0.1842105263157894,14,20,"RNCMPT00181,max,UUGCACA,RBD_v3_098694",1
"RNCMPT00206,max,UGCGACA,RBD_v3_110167",108,1,0.0909090909090909,0.0142045454545454,0.0454545454545454,0.0511363636363636,0.0539772727272727,0.0625,0.034090909090909,0.0454545454545454,0.0426136363636363,0.0738636363636363,0.0085227272727272,0.0539772727272727,0.0568181818181818,0.0511363636363636,0.0397727272727272,0.09375,0.0454545454545454,0.096590909090909,0.002840909090909,0.0369318181818181,0.3666666666666666,0.2,0.2666666666666666,0.1666666666666666,5,11,"RNCMPT00206,max,UGCGACA,RBD_v3_110167",0
"RNCMPT00036,max,AGGAGAA,RBD_v3_111459",64,1,0.1004784688995215,0.0430622009569378,0.0287081339712918,0.0909090909090909,0.0526315789473684,0.1004784688995215,0.0382775119617224,0.0239234449760765,0.0813397129186602,0.0574162679425837,0.0287081339712918,0.0191387559808612,0.0717703349282296,0.0526315789473684,0.0526315789473684,0.0717703349282296,0.0239234449760765,0.0478468899521531,0.0047846889952153,0.0095693779904306,0.3714285714285714,0.1714285714285714,0.2857142857142857,0.1714285714285714,1,7,"RNCMPT00036,max,AGGAGAA,RBD_v3_111459",0
"RNCMPT00006,min,UUUUUUC,RBD_v3_205335",14,0,0.0726256983240223,0.0223463687150838,0.0223463687150838,0.0335195530726257,0.0391061452513966,0.0614525139664804,0.0111731843575419,0.0670391061452514,0.0614525139664804,0.0670391061452514,0.0446927374301676,0.0446927374301676,0.0726256983240223,0.0391061452513966,0.0837988826815642,0.0670391061452514,0.0558659217877094,0.0726256983240223,0.0111731843575419,0.0502793296089385,0.2631578947368421,0.2105263157894736,0.1842105263157894,0.3421052631578947,11,17,"RNCMPT00006,min,UUUUUUC,RBD_v3_205335",1
"RNCMPT00139,min,UUUUCCC,RBD_v3_010961",87,0,0.0833333333333333,0.0098039215686274,0.0588235294117647,0.0735294117647058,0.0637254901960784,0.0759803921568627,0.0098039215686274,0.0367647058823529,0.0906862745098039,0.0686274509803921,0.0269607843137254,0.0539215686274509,0.0294117647058823,0.0367647058823529,0.0612745098039215,0.0637254901960784,0.0441176470588235,0.0735294117647058,0.0024509803921568,0.0367647058823529,0.1578947368421052,0.3157894736842105,0.2105263157894736,0.3157894736842105,18,24,"RNCMPT00139,min,UUUUCCC,RBD_v3_010961",1
"RNCMPT00088,max,AGAGAAC,RBD_v3_084411",159,1,0.0543478260869565,0.0108695652173913,0.108695652173913,0.0543478260869565,0.0652173913043478,0.0543478260869565,0.0108695652173913,0.0434782608695652,0.0217391304347826,0.0652173913043478,0.0108695652173913,0.0326086956521739,0.0543478260869565,0.0434782608695652,0.1521739130434782,0.0326086956521739,0.0434782608695652,0.0760869565217391,0.0108695652173913,0.0543478260869565,0.3684210526315789,0.1842105263157894,0.3421052631578947,0.1052631578947368,1,7,"RNCMPT00088,max,AGAGAAC,RBD_v3_084411",0
"RNCMPT00287,max,CUACUAC,RBD_v3_035199",6,1,0.0701754385964912,0.0,0.0526315789473684,0.0292397660818713,0.0409356725146198,0.1345029239766081,0.0175438596491228,0.0175438596491228,0.1052631578947368,0.0467836257309941,0.0058479532163742,0.0350877192982456,0.0409356725146198,0.0350877192982456,0.0584795321637426,0.0818713450292397,0.1111111111111111,0.0760233918128654,0.0116959064327485,0.0292397660818713,0.2368421052631578,0.2631578947368421,0.1842105263157894,0.3157894736842105,25,31,"RNCMPT00287,max,CUACUAC,RBD_v3_035199",1
"RNCMPT00278,max,AGACACA,RBD_v3_036156",83,1,0.0734463276836158,0.0225988700564971,0.0451977401129943,0.0734463276836158,0.03954802259887,0.0508474576271186,0.0282485875706214,0.0508474576271186,0.096045197740113,0.0790960451977401,0.0112994350282485,0.0508474576271186,0.0508474576271186,0.0508474576271186,0.0508474576271186,0.0564971751412429,0.0621468926553672,0.0564971751412429,0.0,0.0508474576271186,0.4736842105263157,0.2105263157894736,0.2105263157894736,0.1052631578947368,1,7,"RNCMPT00278,max,AGACACA,RBD_v3_036156",1
"RNCMPT00016,max,GACAAGA,RBD_v3_062374",33,1,0.0541516245487364,0.003610108303249,0.0613718411552346,0.0866425992779783,0.0324909747292418,0.0505415162454873,0.0288808664259927,0.0685920577617328,0.0685920577617328,0.0830324909747292,0.0216606498194945,0.0577617328519855,0.0469314079422382,0.0577617328519855,0.0685920577617328,0.0722021660649819,0.0433212996389891,0.0794223826714801,0.0,0.0144404332129963,0.3684210526315789,0.1842105263157894,0.2368421052631578,0.2105263157894736,3,9,"RNCMPT00016,max,GACAAGA,RBD_v3_062374",1
"RNCMPT00269,min,AGGGGGG,RBD_v3_010140",104,0,0.0981132075471698,0.0056603773584905,0.0471698113207547,0.0320754716981132,0.0452830188679245,0.0716981132075471,0.0283018867924528,0.0528301886792452,0.0622641509433962,0.1,0.0226415094339622,0.0698113207547169,0.0528301886792452,0.0547169811320754,0.0339622641509433,0.0886792452830188,0.0433962264150943,0.0716981132075471,0.0,0.0188679245283018,0.2368421052631578,0.1842105263157894,0.3684210526315789,0.2105263157894736,1,7,"RNCMPT00269,min,AGGGGGG,RBD_v3_010140",0
"RNCMPT00159,min,UGGGGGA,RBD_v3_065419",115,0,0.088235294117647,0.0073529411764705,0.0735294117647058,0.0294117647058823,0.0441176470588235,0.0808823529411764,0.0147058823529411,0.0441176470588235,0.0735294117647058,0.0735294117647058,0.0147058823529411,0.0661764705882353,0.0367647058823529,0.0220588235294117,0.0808823529411764,0.0808823529411764,0.0294117647058823,0.0661764705882353,0.0,0.0735294117647058,0.3142857142857143,0.1714285714285714,0.3142857142857143,0.2,16,22,"RNCMPT00159,min,UGGGGGA,RBD_v3_065419",0
"RNCMPT00099,max,UAGGUAG,RBD_v3_229896",76,1,0.0478723404255319,0.0159574468085106,0.0531914893617021,0.0638297872340425,0.0691489361702127,0.0797872340425532,0.026595744680851,0.0372340425531914,0.1117021276595744,0.0425531914893617,0.0212765957446808,0.026595744680851,0.0638297872340425,0.0531914893617021,0.0372340425531914,0.0585106382978723,0.0797872340425532,0.0957446808510638,0.0053191489361702,0.0106382978723404,0.2571428571428571,0.1428571428571428,0.3714285714285714,0.2285714285714285,7,13,"RNCMPT00099,max,UAGGUAG,RBD_v3_229896",1
"RNCMPT00270,min,AGGGGGG,RBD_v3_149509",3,0,0.0918367346938775,0.0204081632653061,0.0612244897959183,0.0306122448979591,0.0918367346938775,0.0714285714285714,0.010204081632653,0.0510204081632653,0.1122448979591836,0.0714285714285714,0.010204081632653,0.0408163265306122,0.0612244897959183,0.0612244897959183,0.010204081632653,0.0714285714285714,0.0510204081632653,0.0612244897959183,0.0,0.0204081632653061,0.2857142857142857,0.2285714285714285,0.3428571428571428,0.1428571428571428,6,12,"RNCMPT00270,min,AGGGGGG,RBD_v3_149509",1
"RNCMPT00139,min,UUUUCCC,RBD_v3_052903",87,0,0.0833333333333333,0.0098039215686274,0.0588235294117647,0.0735294117647058,0.0637254901960784,0.0759803921568627,0.0098039215686274,0.0367647058823529,0.0906862745098039,0.0686274509803921,0.0269607843137254,0.0539215686274509,0.0294117647058823,0.0367647058823529,0.0612745098039215,0.0637254901960784,0.0441176470588235,0.0735294117647058,0.0024509803921568,0.0367647058823529,0.2285714285714285,0.2857142857142857,0.1714285714285714,0.3142857142857143,16,22,"RNCMPT00139,min,UUUUCCC,RBD_v3_052903",1
"RNCMPT00042,max,GAAAAAA,RBD_v3_145240",81,1,0.0533333333333333,0.12,0.0266666666666666,0.0533333333333333,0.0533333333333333,0.0666666666666666,0.0666666666666666,0.0533333333333333,0.0666666666666666,0.04,0.0133333333333333,0.0666666666666666,0.08,0.0133333333333333,0.1066666666666666,0.0266666666666666,0.04,0.0266666666666666,0.0,0.0266666666666666,0.4210526315789473,0.1578947368421052,0.2631578947368421,0.1578947368421052,12,18,"RNCMPT00042,max,GAAAAAA,RBD_v3_145240",0
"RNCMPT00003,max,UGUUUGU,RBD_v3_004498",3,1,0.1225165562913907,0.0149006622516556,0.0447019867549668,0.0314569536423841,0.0413907284768211,0.0579470198675496,0.0149006622516556,0.0413907284768211,0.0562913907284768,0.0877483443708609,0.0281456953642384,0.0943708609271523,0.0529801324503311,0.0562913907284768,0.021523178807947,0.0993377483443708,0.0612582781456953,0.0562913907284768,0.0033112582781456,0.0132450331125827,0.1538461538461538,0.1538461538461538,0.282051282051282,0.4102564102564102,25,31,"RNCMPT00003,max,UGUUUGU,RBD_v3_004498",1
"RNCMPT00055,min,AGACCCU,RBD_v3_211274",127,0,0.0714285714285714,0.0109890109890109,0.0842490842490842,0.0586080586080586,0.0238095238095238,0.0622710622710622,0.0164835164835164,0.0366300366300366,0.0531135531135531,0.0494505494505494,0.0183150183150183,0.0274725274725274,0.0512820512820512,0.0714285714285714,0.0695970695970696,0.119047619047619,0.0604395604395604,0.0439560439560439,0.0073260073260073,0.0641025641025641,0.3157894736842105,0.1842105263157894,0.2894736842105263,0.2105263157894736,1,7,"RNCMPT00055,min,AGACCCU,RBD_v3_211274",1
"RNCMPT00105,max,UGUAUUU,RBD_v3_090390",106,1,0.0562130177514792,0.0236686390532544,0.0414201183431952,0.0710059171597633,0.0355029585798816,0.0502958579881656,0.0502958579881656,0.0621301775147929,0.0710059171597633,0.0917159763313609,0.029585798816568,0.044378698224852,0.0236686390532544,0.0917159763313609,0.044378698224852,0.0414201183431952,0.0473372781065088,0.0828402366863905,0.0,0.0414201183431952,0.3684210526315789,0.131578947368421,0.2894736842105263,0.2105263157894736,26,32,"RNCMPT00105,max,UGUAUUU,RBD_v3_090390",1
"RNCMPT00067,min,UAGUCCU,RBD_v3_027733",162,0,0.0316742081447963,0.0090497737556561,0.085972850678733,0.0723981900452488,0.0407239819004524,0.1266968325791855,0.0180995475113122,0.0226244343891402,0.0361990950226244,0.0542986425339366,0.0180995475113122,0.0180995475113122,0.0633484162895927,0.0180995475113122,0.1357466063348416,0.0769230769230769,0.0271493212669683,0.0542986425339366,0.0135746606334841,0.0769230769230769,0.3714285714285714,0.2571428571428571,0.2571428571428571,0.1142857142857142,23,29,"RNCMPT00067,min,UAGUCCU,RBD_v3_027733",0
"RNCMPT00254,min,UUUUUAU,RBD_v3_036100",67,0,0.0782918149466192,0.0142348754448398,0.0533807829181494,0.096085409252669,0.0391459074733096,0.0782918149466192,0.0355871886120996,0.0427046263345195,0.0889679715302491,0.0533807829181494,0.0106761565836298,0.0355871886120996,0.0142348754448398,0.0249110320284697,0.1032028469750889,0.0747330960854092,0.0498220640569395,0.0854092526690391,0.0035587188612099,0.0177935943060498,0.4,0.2,0.0857142857142857,0.3142857142857143,6,12,"RNCMPT00254,min,UUUUUAU,RBD_v3_036100",1
"RNCMPT00028,min,UCGUCUU,RBD_v3_118131",52,0,0.018348623853211,0.018348623853211,0.0412844036697247,0.0779816513761468,0.055045871559633,0.128440366972477,0.0275229357798165,0.0321100917431192,0.0688073394495412,0.055045871559633,0.0275229357798165,0.0825688073394495,0.0458715596330275,0.0412844036697247,0.055045871559633,0.0596330275229357,0.0596330275229357,0.0688073394495412,0.0091743119266055,0.0275229357798165,0.2894736842105263,0.2105263157894736,0.2368421052631578,0.2631578947368421,31,37,"RNCMPT00028,min,UCGUCUU,RBD_v3_118131",0
"RNCMPT00150,max,UGGGGAA,RBD_v3_077422",30,1,0.0895140664961636,0.0230179028132992,0.0358056265984654,0.0639386189258312,0.0409207161125319,0.0895140664961636,0.0230179028132992,0.0332480818414322,0.0409207161125319,0.1099744245524296,0.0230179028132992,0.0127877237851662,0.0741687979539642,0.0409207161125319,0.0792838874680307,0.0537084398976982,0.0613810741687979,0.0792838874680307,0.0051150895140664,0.0204603580562659,0.3142857142857143,0.1142857142857142,0.4,0.1714285714285714,18,24,"RNCMPT00150,max,UGGGGAA,RBD_v3_077422",1
"RNCMPT00004,max,UUUGUGG,RBD_v3_143968",10,1,0.133056133056133,0.0124740124740124,0.0353430353430353,0.0395010395010395,0.0478170478170478,0.0935550935550935,0.0187110187110187,0.0395010395010395,0.0415800415800415,0.0706860706860706,0.0498960498960499,0.0457380457380457,0.0914760914760914,0.0852390852390852,0.0353430353430353,0.0665280665280665,0.0374220374220374,0.0291060291060291,0.0,0.027027027027027,0.1282051282051282,0.1538461538461538,0.3076923076923077,0.4102564102564102,6,12,"RNCMPT00004,max,UUUGUGG,RBD_v3_143968",1
"RNCMPT00113,max,GCGCGCG,RBD_v3_206656",121,1,0.0621468926553672,0.0338983050847457,0.0451977401129943,0.1016949152542373,0.0338983050847457,0.0734463276836158,0.0451977401129943,0.0677966101694915,0.0847457627118644,0.0621468926553672,0.0225988700564971,0.0508474576271186,0.0282485875706214,0.0282485875706214,0.0564971751412429,0.0508474576271186,0.0508474576271186,0.0621468926553672,0.0056497175141242,0.0338983050847457,0.2571428571428571,0.3142857142857143,0.2857142857142857,0.1428571428571428,18,24,"RNCMPT00113,max,GCGCGCG,RBD_v3_206656",1
"RNCMPT00220,min,GGGAGGG,RBD_v3_079475",179,0,0.0492424242424242,0.0037878787878787,0.0303030303030303,0.0416666666666666,0.034090909090909,0.0568181818181818,0.0189393939393939,0.0681818181818181,0.034090909090909,0.053030303030303,0.0378787878787878,0.0795454545454545,0.0681818181818181,0.1325757575757575,0.0568181818181818,0.0568181818181818,0.0643939393939393,0.0871212121212121,0.0,0.0265151515151515,0.3714285714285714,0.1428571428571428,0.3428571428571428,0.1428571428571428,29,35,"RNCMPT00220,min,GGGAGGG,RBD_v3_079475",0
"RNCMPT00148,min,CCCCCCC,RBD_v3_037843",139,0,0.1124260355029585,0.0118343195266272,0.0355029585798816,0.059171597633136,0.0502958579881656,0.0976331360946745,0.0325443786982248,0.0502958579881656,0.0621301775147929,0.0414201183431952,0.029585798816568,0.0680473372781065,0.0562130177514792,0.0325443786982248,0.0325443786982248,0.0798816568047337,0.0532544378698224,0.0621301775147929,0.0118343195266272,0.0207100591715976,0.2631578947368421,0.4736842105263157,0.1842105263157894,0.0789473684210526,7,13,"RNCMPT00148,min,CCCCCCC,RBD_v3_037843",1
"RNCMPT00248,min,AAGAUGU,RBD_v3_117268",143,0,0.0732984293193717,0.0104712041884816,0.06282722513089,0.0732984293193717,0.0418848167539267,0.0890052356020942,0.0366492146596858,0.0575916230366492,0.0732984293193717,0.0523560209424083,0.0209424083769633,0.0523560209424083,0.0890052356020942,0.031413612565445,0.0523560209424083,0.0366492146596858,0.0366492146596858,0.0575916230366492,0.0052356020942408,0.0471204188481675,0.3714285714285714,0.1428571428571428,0.2857142857142857,0.2,11,17,"RNCMPT00248,min,AAGAUGU,RBD_v3_117268",1
"RNCMPT00099,max,GUAGGUA,RBD_v3_178131",76,1,0.0478723404255319,0.0159574468085106,0.0531914893617021,0.0638297872340425,0.0691489361702127,0.0797872340425532,0.026595744680851,0.0372340425531914,0.1117021276595744,0.0425531914893617,0.0212765957446808,0.026595744680851,0.0638297872340425,0.0531914893617021,0.0372340425531914,0.0585106382978723,0.0797872340425532,0.0957446808510638,0.0053191489361702,0.0106382978723404,0.2857142857142857,0.0857142857142857,0.3428571428571428,0.2857142857142857,5,11,"RNCMPT00099,max,GUAGGUA,RBD_v3_178131",1
"RNCMPT00283,min,CACAAUU,RBD_v3_235880",142,0,0.0620689655172413,0.0068965517241379,0.0551724137931034,0.0275862068965517,0.0413793103448275,0.0827586206896551,0.0206896551724137,0.0482758620689655,0.0551724137931034,0.0758620689655172,0.0275862068965517,0.0275862068965517,0.0689655172413793,0.0689655172413793,0.0482758620689655,0.0551724137931034,0.096551724137931,0.0689655172413793,0.0,0.0620689655172413,0.3421052631578947,0.2105263157894736,0.3421052631578947,0.1052631578947368,7,13,"RNCMPT00283,min,CACAAUU,RBD_v3_235880",1
"RNCMPT00120,min,AGAGUCG,RBD_v3_208616",34,0,0.0926966292134831,0.0112359550561797,0.0308988764044943,0.047752808988764,0.0365168539325842,0.0842696629213483,0.0,0.0505617977528089,0.0561797752808988,0.1011235955056179,0.0196629213483146,0.0786516853932584,0.047752808988764,0.0449438202247191,0.0449438202247191,0.0870786516853932,0.0617977528089887,0.0674157303370786,0.0056179775280898,0.0308988764044943,0.3142857142857143,0.2571428571428571,0.2,0.2285714285714285,1,7,"RNCMPT00120,min,AGAGUCG,RBD_v3_208616",1
"RNCMPT00169,min,GAGUGGG,RBD_v3_131215",60,0,0.054054054054054,0.0108108108108108,0.0648648648648648,0.0972972972972973,0.0432432432432432,0.0756756756756756,0.027027027027027,0.0432432432432432,0.1081081081081081,0.1027027027027027,0.0486486486486486,0.0324324324324324,0.0594594594594594,0.0378378378378378,0.0432432432432432,0.0432432432432432,0.0216216216216216,0.0594594594594594,0.0,0.027027027027027,0.3421052631578947,0.2105263157894736,0.2631578947368421,0.1842105263157894,4,10,"RNCMPT00169,min,GAGUGGG,RBD_v3_131215",1
"RNCMPT00033,min,AGGGGGG,RBD_v3_127075",58,0,0.0818030050083472,0.003338898163606,0.030050083472454,0.0834724540901502,0.0333889816360601,0.0751252086811352,0.031719532554257,0.0834724540901502,0.0684474123539232,0.0717863105175292,0.015025041736227,0.0383973288814691,0.0634390651085141,0.0617696160267111,0.0500834724540901,0.0634390651085141,0.0550918196994991,0.0634390651085141,0.003338898163606,0.023372287145242,0.2571428571428571,0.2,0.4,0.1428571428571428,1,7,"RNCMPT00033,min,AGGGGGG,RBD_v3_127075",0
"RNCMPT00172,min,GCCACCC,RBD_v3_096852",59,0,0.077720207253886,0.0103626943005181,0.0328151986183074,0.077720207253886,0.0276338514680483,0.0673575129533678,0.0207253886010362,0.079447322970639,0.081174438687392,0.077720207253886,0.0138169257340241,0.0414507772020725,0.0708117443868739,0.0725388601036269,0.0449050086355785,0.0656303972366148,0.0518134715025906,0.0656303972366148,0.003454231433506,0.0172711571675302,0.2285714285714285,0.2857142857142857,0.2285714285714285,0.2571428571428571,21,27,"RNCMPT00172,min,GCCACCC,RBD_v3_096852",0
"RNCMPT00122,min,UCCGCUC,RBD_v3_166100",9,0,0.1346153846153846,0.0144230769230769,0.0288461538461538,0.0336538461538461,0.0649038461538461,0.0841346153846153,0.0264423076923076,0.0384615384615384,0.0360576923076923,0.0745192307692307,0.0384615384615384,0.0456730769230769,0.1033653846153846,0.0865384615384615,0.03125,0.0552884615384615,0.0432692307692307,0.0432692307692307,0.0,0.016826923076923,0.1842105263157894,0.3421052631578947,0.1842105263157894,0.2894736842105263,26,32,"RNCMPT00122,min,UCCGCUC,RBD_v3_166100",0
"RNCMPT00088,max,AGAGACA,RBD_v3_110944",159,1,0.0543478260869565,0.0108695652173913,0.108695652173913,0.0543478260869565,0.0652173913043478,0.0543478260869565,0.0108695652173913,0.0434782608695652,0.0217391304347826,0.0652173913043478,0.0108695652173913,0.0326086956521739,0.0543478260869565,0.0434782608695652,0.1521739130434782,0.0326086956521739,0.0434782608695652,0.0760869565217391,0.0108695652173913,0.0543478260869565,0.4473684210526316,0.2368421052631578,0.2368421052631578,0.0789473684210526,1,7,"RNCMPT00088,max,AGAGACA,RBD_v3_110944",1
"RNCMPT00200,min,GGGGCAC,RBD_v3_002802",99,0,0.0615384615384615,0.0065934065934065,0.0351648351648351,0.0769230769230769,0.0505494505494505,0.0615384615384615,0.0131868131868131,0.0571428571428571,0.0813186813186813,0.0615384615384615,0.0263736263736263,0.0967032967032967,0.0725274725274725,0.0593406593406593,0.0263736263736263,0.0813186813186813,0.0395604395604395,0.0527472527472527,0.0065934065934065,0.0329670329670329,0.4333333333333333,0.1,0.3,0.1666666666666666,9,15,"RNCMPT00200,min,GGGGCAC,RBD_v3_002802",0
"RNCMPT00082,max,GCUGGUC,RBD_v3_164319",193,1,0.0581395348837209,0.0,0.0813953488372093,0.0465116279069767,0.0116279069767441,0.0465116279069767,0.0116279069767441,0.0697674418604651,0.1162790697674418,0.1744186046511628,0.0348837209302325,0.0348837209302325,0.0465116279069767,0.0,0.0581395348837209,0.0930232558139534,0.0348837209302325,0.0232558139534883,0.0232558139534883,0.0348837209302325,0.2571428571428571,0.2571428571428571,0.2,0.2857142857142857,22,28,"RNCMPT00082,max,GCUGGUC,RBD_v3_164319",1
"RNCMPT00153,max,AAAACCC,RBD_v3_064608",89,1,0.0748792270531401,0.0096618357487922,0.0531400966183574,0.0700483091787439,0.0555555555555555,0.0748792270531401,0.0169082125603864,0.038647342995169,0.0845410628019323,0.0579710144927536,0.038647342995169,0.0555555555555555,0.0410628019323671,0.038647342995169,0.0628019323671497,0.0652173913043478,0.0483091787439613,0.0748792270531401,0.002415458937198,0.036231884057971,0.3684210526315789,0.3157894736842105,0.2368421052631578,0.0789473684210526,11,17,"RNCMPT00153,max,AAAACCC,RBD_v3_064608",0
"RNCMPT00133,min,GUGAGUC,RBD_v3_237140",25,0,0.0983606557377049,0.0,0.0327868852459016,0.0546448087431694,0.0437158469945355,0.0710382513661202,0.0327868852459016,0.0109289617486338,0.0491803278688524,0.0983606557377049,0.0327868852459016,0.0710382513661202,0.081967213114754,0.0327868852459016,0.0327868852459016,0.1147540983606557,0.0655737704918032,0.0491803278688524,0.0054644808743169,0.0218579234972677,0.2666666666666666,0.1666666666666666,0.3333333333333333,0.2333333333333333,6,12,"RNCMPT00133,min,GUGAGUC,RBD_v3_237140",1
"RNCMPT00044,max,CCCCCCC,RBD_v3_095560",95,1,0.0746268656716417,0.017910447761194,0.0238805970149253,0.0597014925373134,0.0149253731343283,0.1044776119402985,0.0149253731343283,0.1104477611940298,0.0507462686567164,0.0626865671641791,0.0328358208955223,0.0328358208955223,0.0567164179104477,0.0567164179104477,0.0388059701492537,0.1044776119402985,0.0716417910447761,0.053731343283582,0.0029850746268656,0.0149253731343283,0.1333333333333333,0.4333333333333333,0.3333333333333333,0.1,17,23,"RNCMPT00044,max,CCCCCCC,RBD_v3_095560",1
"RNCMPT00004,min,GACUCAC,RBD_v3_032276",10,0,0.133056133056133,0.0124740124740124,0.0353430353430353,0.0395010395010395,0.0478170478170478,0.0935550935550935,0.0187110187110187,0.0395010395010395,0.0415800415800415,0.0706860706860706,0.0498960498960499,0.0457380457380457,0.0914760914760914,0.0852390852390852,0.0353430353430353,0.0665280665280665,0.0374220374220374,0.0291060291060291,0.0,0.027027027027027,0.2631578947368421,0.3421052631578947,0.2894736842105263,0.1052631578947368,3,9,"RNCMPT00004,min,GACUCAC,RBD_v3_032276",1
"RNCMPT00262,max,UUUUUUG,RBD_v3_094016",85,1,0.0893371757925072,0.0115273775216138,0.0489913544668587,0.0893371757925072,0.0489913544668587,0.0893371757925072,0.0028818443804034,0.063400576368876,0.031700288184438,0.063400576368876,0.0230547550432276,0.0576368876080691,0.063400576368876,0.0403458213256484,0.0576368876080691,0.063400576368876,0.0518731988472622,0.0778097982708933,0.0,0.0259365994236311,0.1578947368421052,0.1842105263157894,0.1842105263157894,0.4736842105263157,31,37,"RNCMPT00262,max,UUUUUUG,RBD_v3_094016",0
"RNCMPT00079,min,GAGUGAG,RBD_v3_138028",190,0,0.0666666666666666,0.016,0.0586666666666666,0.0506666666666666,0.0453333333333333,0.08,0.0133333333333333,0.0426666666666666,0.0453333333333333,0.0853333333333333,0.04,0.04,0.0746666666666666,0.0613333333333333,0.0373333333333333,0.0506666666666666,0.0613333333333333,0.0986666666666666,0.0026666666666666,0.0293333333333333,0.3142857142857143,0.3142857142857143,0.2857142857142857,0.0857142857142857,2,8,"RNCMPT00079,min,GAGUGAG,RBD_v3_138028",1
"RNCMPT00228,min,AAACAGC,RBD_v3_241049",109,0,0.0854922279792746,0.0207253886010362,0.0414507772020725,0.0492227979274611,0.0336787564766839,0.1036269430051813,0.0259067357512953,0.0284974093264248,0.0336787564766839,0.0803108808290155,0.0181347150259067,0.0518134715025906,0.0569948186528497,0.0595854922279792,0.0466321243523316,0.0906735751295336,0.0492227979274611,0.0725388601036269,0.0155440414507772,0.0362694300518134,0.3666666666666666,0.2333333333333333,0.1666666666666666,0.2333333333333333,8,14,"RNCMPT00228,min,AAACAGC,RBD_v3_241049",0
"RNCMPT00049,max,AGAGUAG,RBD_v3_019295",118,1,0.0761750405186385,0.0145867098865478,0.06645056726094,0.1134521880064829,0.0388978930307941,0.0632090761750405,0.0162074554294975,0.0307941653160453,0.126418152350081,0.0875202593192868,0.019448946515397,0.0340356564019448,0.0356564019448946,0.0470016207455429,0.0583468395461912,0.0583468395461912,0.0405186385737439,0.0632090761750405,0.0016207455429497,0.0081037277147487,0.2333333333333333,0.1333333333333333,0.3666666666666666,0.2666666666666666,1,7,"RNCMPT00049,max,AGAGUAG,RBD_v3_019295",1
"RNCMPT00169,min,AGAGUCG,RBD_v3_078093",60,0,0.054054054054054,0.0108108108108108,0.0648648648648648,0.0972972972972973,0.0432432432432432,0.0756756756756756,0.027027027027027,0.0432432432432432,0.1081081081081081,0.1027027027027027,0.0486486486486486,0.0324324324324324,0.0594594594594594,0.0378378378378378,0.0432432432432432,0.0432432432432432,0.0216216216216216,0.0594594594594594,0.0,0.027027027027027,0.2571428571428571,0.1714285714285714,0.4285714285714285,0.1428571428571428,1,7,"RNCMPT00169,min,AGAGUCG,RBD_v3_078093",1
"RNCMPT00235,min,GGGGGGG,RBD_v3_011032",100,0,0.0224719101123595,0.0168539325842696,0.0505617977528089,0.0580524344569288,0.0449438202247191,0.0243445692883895,0.0224719101123595,0.0786516853932584,0.095505617977528,0.0823970037453183,0.0168539325842696,0.1348314606741573,0.0318352059925093,0.0337078651685393,0.0355805243445692,0.0898876404494382,0.0430711610486891,0.0580524344569288,0.0018726591760299,0.0580524344569288,0.2105263157894736,0.1842105263157894,0.4736842105263157,0.131578947368421,2,8,"RNCMPT00235,min,GGGGGGG,RBD_v3_011032",0
"RNCMPT00067,min,GUGGUUU,RBD_v3_033293",162,0,0.0316742081447963,0.0090497737556561,0.085972850678733,0.0723981900452488,0.0407239819004524,0.1266968325791855,0.0180995475113122,0.0226244343891402,0.0361990950226244,0.0542986425339366,0.0180995475113122,0.0180995475113122,0.0633484162895927,0.0180995475113122,0.1357466063348416,0.0769230769230769,0.0271493212669683,0.0542986425339366,0.0135746606334841,0.0769230769230769,0.3,0.1,0.3,0.3,20,26,"RNCMPT00067,min,GUGGUUU,RBD_v3_033293",1
"RNCMPT00144,min,GGUCGUG,RBD_v3_141800",21,0,0.0762711864406779,0.0254237288135593,0.0338983050847457,0.059322033898305,0.0423728813559322,0.135593220338983,0.0169491525423728,0.0254237288135593,0.0508474576271186,0.0423728813559322,0.0254237288135593,0.0762711864406779,0.0762711864406779,0.0338983050847457,0.0847457627118644,0.0508474576271186,0.0508474576271186,0.0762711864406779,0.0,0.0169491525423728,0.2285714285714285,0.1142857142857142,0.4285714285714285,0.2285714285714285,26,32,"RNCMPT00144,min,GGUCGUG,RBD_v3_141800",1
"RNCMPT00285,min,CACUCAA,RBD_v3_035610",141,0,0.0839694656488549,0.0076335877862595,0.0534351145038167,0.0305343511450381,0.0610687022900763,0.0839694656488549,0.0305343511450381,0.0687022900763358,0.0534351145038167,0.0305343511450381,0.0229007633587786,0.0229007633587786,0.0839694656488549,0.0534351145038167,0.0610687022900763,0.0381679389312977,0.0839694656488549,0.0687022900763358,0.0,0.0610687022900763,0.4,0.3333333333333333,0.0333333333333333,0.2333333333333333,8,14,"RNCMPT00285,min,CACUCAA,RBD_v3_035610",0
"RNCMPT00060,min,AGGGGGG,RBD_v3_070537",137,0,0.0823529411764705,0.0117647058823529,0.0117647058823529,0.0705882352941176,0.0411764705882352,0.0647058823529411,0.0235294117647058,0.0470588235294117,0.1117647058823529,0.0705882352941176,0.0117647058823529,0.0470588235294117,0.1,0.0470588235294117,0.0588235294117647,0.0764705882352941,0.0411764705882352,0.0705882352941176,0.0,0.0117647058823529,0.2368421052631578,0.1842105263157894,0.3947368421052631,0.1842105263157894,1,7,"RNCMPT00060,min,AGGGGGG,RBD_v3_070537",0
"RNCMPT00138,min,GUCGUCU,RBD_v3_005046",136,0,0.0285714285714285,0.0114285714285714,0.0514285714285714,0.0457142857142857,0.04,0.1028571428571428,0.0114285714285714,0.0342857142857142,0.04,0.08,0.0228571428571428,0.16,0.08,0.0628571428571428,0.08,0.0742857142857142,0.0171428571428571,0.0342857142857142,0.0,0.0228571428571428,0.2894736842105263,0.1578947368421052,0.2105263157894736,0.3421052631578947,11,17,"RNCMPT00138,min,GUCGUCU,RBD_v3_005046",0
"RNCMPT00261,max,AAUUUUG,RBD_v3_230896",82,1,0.0343980343980344,0.0171990171990172,0.0589680589680589,0.0761670761670761,0.0614250614250614,0.0466830466830466,0.0171990171990172,0.0761670761670761,0.1007371007371007,0.0687960687960688,0.0147420147420147,0.0712530712530712,0.0589680589680589,0.0417690417690417,0.054054054054054,0.0687960687960688,0.0614250614250614,0.0368550368550368,0.0024570024570024,0.0319410319410319,0.2631578947368421,0.2368421052631578,0.2631578947368421,0.2368421052631578,16,22,"RNCMPT00261,max,AAUUUUG,RBD_v3_230896",1
"RNCMPT00022,min,CCCUCUG,RBD_v3_107106",40,0,0.0442477876106194,0.0088495575221238,0.0619469026548672,0.079646017699115,0.0619469026548672,0.1327433628318584,0.0353982300884955,0.0353982300884955,0.0707964601769911,0.0353982300884955,0.0221238938053097,0.0353982300884955,0.0265486725663716,0.0309734513274336,0.084070796460177,0.084070796460177,0.0530973451327433,0.0752212389380531,0.0044247787610619,0.0176991150442477,0.2368421052631578,0.3684210526315789,0.1578947368421052,0.2368421052631578,5,11,"RNCMPT00022,min,CCCUCUG,RBD_v3_107106",1
"RNCMPT00155,min,CGGUUUG,RBD_v3_057299",88,0,0.0772946859903381,0.0096618357487922,0.0579710144927536,0.072463768115942,0.0579710144927536,0.0748792270531401,0.0096618357487922,0.0434782608695652,0.0845410628019323,0.0579710144927536,0.0434782608695652,0.0483091787439613,0.0483091787439613,0.038647342995169,0.0700483091787439,0.0603864734299516,0.036231884057971,0.0700483091787439,0.002415458937198,0.036231884057971,0.1333333333333333,0.3,0.3,0.2666666666666666,12,18,"RNCMPT00155,min,CGGUUUG,RBD_v3_057299",1
"RNCMPT00215,min,AGGGUGG,RBD_v3_006832",96,0,0.0825958702064896,0.0147492625368731,0.0206489675516224,0.0648967551622418,0.0176991150442477,0.0943952802359882,0.0147492625368731,0.1002949852507374,0.0560471976401179,0.0678466076696165,0.0324483775811209,0.0383480825958702,0.0766961651917404,0.0589970501474926,0.0353982300884955,0.0825958702064896,0.079646017699115,0.0471976401179941,0.0,0.0147492625368731,0.2631578947368421,0.2105263157894736,0.3421052631578947,0.1842105263157894,1,7,"RNCMPT00215,min,AGGGUGG,RBD_v3_006832",1
"RNCMPT00279,max,AGAUGAA,RBD_v3_148299",126,1,0.0852941176470588,0.0205882352941176,0.05,0.0941176470588235,0.0323529411764705,0.0823529411764705,0.0176470588235294,0.05,0.0617647058823529,0.0617647058823529,0.038235294117647,0.038235294117647,0.0558823529411764,0.0294117647058823,0.0676470588235294,0.0205882352941176,0.0411764705882352,0.088235294117647,0.0088235294117647,0.0558823529411764,0.4,0.1714285714285714,0.2857142857142857,0.1428571428571428,1,7,"RNCMPT00279,max,AGAUGAA,RBD_v3_148299",0
"RNCMPT00015,min,GGGGGGG,RBD_v3_036931",33,0,0.0524193548387096,0.0040322580645161,0.032258064516129,0.1088709677419354,0.0403225806451612,0.0806451612903225,0.0241935483870967,0.064516129032258,0.0604838709677419,0.0725806451612903,0.0362903225806451,0.0282258064516129,0.0161290322580645,0.0604838709677419,0.0967741935483871,0.0846774193548387,0.0443548387096774,0.0766129032258064,0.0,0.0161290322580645,0.3142857142857143,0.1142857142857142,0.4285714285714285,0.1428571428571428,12,18,"RNCMPT00015,min,GGGGGGG,RBD_v3_036931",1
"RNCMPT00058,max,ACAACAG,RBD_v3_117466",132,1,0.0703125,0.0234375,0.0546875,0.0625,0.0390625,0.109375,0.0078125,0.015625,0.0234375,0.03125,0.015625,0.0234375,0.046875,0.0,0.21875,0.140625,0.0234375,0.046875,0.015625,0.03125,0.3421052631578947,0.2368421052631578,0.2894736842105263,0.131578947368421,9,15,"RNCMPT00058,max,ACAACAG,RBD_v3_117466",0
"RNCMPT00239,min,GGGUGAG,RBD_v3_159977",94,0,0.0870786516853932,0.0252808988764044,0.0308988764044943,0.0561797752808988,0.0112359550561797,0.1011235955056179,0.0196629213483146,0.095505617977528,0.0393258426966292,0.0674157303370786,0.0337078651685393,0.0393258426966292,0.0533707865168539,0.0561797752808988,0.0449438202247191,0.098314606741573,0.0702247191011236,0.0533707865168539,0.0028089887640449,0.0140449438202247,0.2105263157894736,0.1578947368421052,0.3421052631578947,0.2894736842105263,14,20,"RNCMPT00239,min,GGGUGAG,RBD_v3_159977",0
"RNCMPT00081,max,AUGUUGU,RBD_v3_150739",192,1,0.1556420233463035,0.0116731517509727,0.0428015564202334,0.0330739299610894,0.0350194552529182,0.0505836575875486,0.036964980544747,0.0252918287937743,0.046692607003891,0.0856031128404669,0.0408560311284046,0.0350194552529182,0.0408560311284046,0.1322957198443579,0.0350194552529182,0.0700389105058365,0.0447470817120622,0.0505836575875486,0.0,0.0272373540856031,0.3428571428571428,0.1142857142857142,0.2571428571428571,0.2857142857142857,7,13,"RNCMPT00081,max,AUGUUGU,RBD_v3_150739",0
"RNCMPT00021,max,AGGAUGA,RBD_v3_102675",39,1,0.0179640718562874,0.0,0.0778443113772455,0.0838323353293413,0.0538922155688622,0.1257485029940119,0.0119760479041916,0.0538922155688622,0.0359281437125748,0.0419161676646706,0.029940119760479,0.0538922155688622,0.0898203592814371,0.0359281437125748,0.1616766467065868,0.029940119760479,0.0179640718562874,0.0718562874251497,0.0,0.0059880239520958,0.1666666666666666,0.3,0.2666666666666666,0.2666666666666666,1,7,"RNCMPT00021,max,AGGAUGA,RBD_v3_102675",0
"RNCMPT00184,max,GUGUGUG,RBD_v3_138402",117,1,0.1068702290076335,0.0076335877862595,0.0458015267175572,0.0381679389312977,0.0610687022900763,0.0916030534351145,0.0305343511450381,0.0610687022900763,0.0534351145038167,0.0458015267175572,0.0229007633587786,0.0229007633587786,0.0763358778625954,0.0610687022900763,0.0610687022900763,0.015267175572519,0.0763358778625954,0.0687022900763358,0.0,0.0534351145038167,0.2857142857142857,0.1714285714285714,0.2857142857142857,0.2571428571428571,14,20,"RNCMPT00184,max,GUGUGUG,RBD_v3_138402",0
"RNCMPT00203,min,GUGUGUG,RBD_v3_076723",102,0,0.0466321243523316,0.005181347150259,0.0362694300518134,0.0466321243523316,0.0569948186528497,0.0414507772020725,0.0259067357512953,0.1139896373056994,0.1036269430051813,0.0880829015544041,0.0207253886010362,0.1243523316062176,0.0466321243523316,0.0362694300518134,0.0103626943005181,0.0414507772020725,0.0518134715025906,0.0414507772020725,0.005181347150259,0.0569948186528497,0.1052631578947368,0.3157894736842105,0.2105263157894736,0.3684210526315789,14,20,"RNCMPT00203,min,GUGUGUG,RBD_v3_076723",0
"RNCMPT00216,min,GGGGGGC,RBD_v3_006108",175,0,0.0962962962962963,0.0148148148148148,0.037037037037037,0.0592592592592592,0.037037037037037,0.0703703703703703,0.037037037037037,0.0333333333333333,0.037037037037037,0.0666666666666666,0.0148148148148148,0.0407407407407407,0.0629629629629629,0.0333333333333333,0.1074074074074074,0.0925925925925925,0.0666666666666666,0.0851851851851851,0.0037037037037037,0.0037037037037037,0.2571428571428571,0.1428571428571428,0.4,0.2,8,14,"RNCMPT00216,min,GGGGGGC,RBD_v3_006108",1
"RNCMPT00254,max,GAACGCA,RBD_v3_198270",67,1,0.0782918149466192,0.0142348754448398,0.0533807829181494,0.096085409252669,0.0391459074733096,0.0782918149466192,0.0355871886120996,0.0427046263345195,0.0889679715302491,0.0533807829181494,0.0106761565836298,0.0355871886120996,0.0142348754448398,0.0249110320284697,0.1032028469750889,0.0747330960854092,0.0498220640569395,0.0854092526690391,0.0035587188612099,0.0177935943060498,0.4473684210526316,0.1578947368421052,0.2105263157894736,0.1842105263157894,10,16,"RNCMPT00254,max,GAACGCA,RBD_v3_198270",0
"RNCMPT00153,min,GUGGUUU,RBD_v3_110902",89,0,0.0748792270531401,0.0096618357487922,0.0531400966183574,0.0700483091787439,0.0555555555555555,0.0748792270531401,0.0169082125603864,0.038647342995169,0.0845410628019323,0.0579710144927536,0.038647342995169,0.0555555555555555,0.0410628019323671,0.038647342995169,0.0628019323671497,0.0652173913043478,0.0483091787439613,0.0748792270531401,0.002415458937198,0.036231884057971,0.3,0.1,0.3,0.3,20,26,"RNCMPT00153,min,GUGGUUU,RBD_v3_110902",0
"RNCMPT00291,min,GAGUCGU,RBD_v3_237122",0,0,0.0823529411764705,0.0117647058823529,0.0529411764705882,0.0794117647058823,0.038235294117647,0.0941176470588235,0.0147058823529411,0.0558823529411764,0.0735294117647058,0.0705882352941176,0.0264705882352941,0.05,0.05,0.0264705882352941,0.0705882352941176,0.0264705882352941,0.0470588235294117,0.0764705882352941,0.0088235294117647,0.0441176470588235,0.2105263157894736,0.2368421052631578,0.2368421052631578,0.3157894736842105,31,37,"RNCMPT00291,min,GAGUCGU,RBD_v3_237122",0
"RNCMPT00216,max,ACAUUGU,RBD_v3_062243",175,1,0.0962962962962963,0.0148148148148148,0.037037037037037,0.0592592592592592,0.037037037037037,0.0703703703703703,0.037037037037037,0.0333333333333333,0.037037037037037,0.0666666666666666,0.0148148148148148,0.0407407407407407,0.0629629629629629,0.0333333333333333,0.1074074074074074,0.0925925925925925,0.0666666666666666,0.0851851851851851,0.0037037037037037,0.0037037037037037,0.3684210526315789,0.1578947368421052,0.2631578947368421,0.2105263157894736,20,26,"RNCMPT00216,max,ACAUUGU,RBD_v3_062243",1
