Id,rbp_name,interaction,prot_length,rna_length,aa_A,aa_C,aa_D,aa_E,aa_F,aa_G,aa_H,aa_I,aa_K,aa_L,aa_M,aa_N,aa_P,aa_Q,aa_R,aa_S,aa_T,aa_V,aa_W,aa_Y,nt_A,nt_C,nt_G,nt_U,7mer_start,7mer_end
"RNCMPT00001,max,GAUAAUU,RBD_v3_002261",0,1,340,38,0.07352941176470588,0.011764705882352941,0.05,0.08529411764705883,0.03529411764705882,0.09411764705882353,0.008823529411764706,0.05,0.07352941176470588,0.07352941176470588,0.03235294117647059,0.047058823529411764,0.047058823529411764,0.023529411764705882,0.06764705882352941,0.04411764705882353,0.047058823529411764,0.08235294117647059,0.008823529411764706,0.04411764705882353,0.42105263157894735,0.15789473684210525,0.18421052631578946,0.23684210526315788,8,14
"RNCMPT00001,max,GAUAAUU,RBD_v3_114230",0,1,340,38,0.07352941176470588,0.011764705882352941,0.05,0.08529411764705883,0.03529411764705882,0.09411764705882353,0.008823529411764706,0.05,0.07352941176470588,0.07352941176470588,0.03235294117647059,0.047058823529411764,0.047058823529411764,0.023529411764705882,0.06764705882352941,0.04411764705882353,0.047058823529411764,0.08235294117647059,0.008823529411764706,0.04411764705882353,0.42105263157894735,0.15789473684210525,0.18421052631578946,0.23684210526315788,8,14
"RNCMPT00001,max,UAAUUGG,RBD_v3_090143",0,1,340,38,0.07352941176470588,0.011764705882352941,0.05,0.08529411764705883,0.03529411764705882,0.09411764705882353,0.008823529411764706,0.05,0.07352941176470588,0.07352941176470588,0.03235294117647059,0.047058823529411764,0.047058823529411764,0.023529411764705882,0.06764705882352941,0.04411764705882353,0.047058823529411764,0.08235294117647059,0.008823529411764706,0.04411764705882353,0.2894736842105263,0.15789473684210525,0.23684210526315788,0.3157894736842105,28,34
"RNCMPT00001,min,AGAGUCG,RBD_v3_238144",0,0,340,30,0.07352941176470588,0.011764705882352941,0.05,0.08529411764705883,0.03529411764705882,0.09411764705882353,0.008823529411764706,0.05,0.07352941176470588,0.07352941176470588,0.03235294117647059,0.047058823529411764,0.047058823529411764,0.023529411764705882,0.06764705882352941,0.04411764705882353,0.047058823529411764,0.08235294117647059,0.008823529411764706,0.04411764705882353,0.23333333333333334,0.4,0.16666666666666666,0.2,1,7
"RNCMPT00001,min,GAGUCGU,RBD_v3_157972",0,0,340,38,0.07352941176470588,0.011764705882352941,0.05,0.08529411764705883,0.03529411764705882,0.09411764705882353,0.008823529411764706,0.05,0.07352941176470588,0.07352941176470588,0.03235294117647059,0.047058823529411764,0.047058823529411764,0.023529411764705882,0.06764705882352941,0.04411764705882353,0.047058823529411764,0.08235294117647059,0.008823529411764706,0.04411764705882353,0.3157894736842105,0.2631578947368421,0.23684210526315788,0.18421052631578946,11,17
"RNCMPT00001,min,GUUCGUC,RBD_v3_205588",0,0,340,38,0.07352941176470588,0.011764705882352941,0.05,0.08529411764705883,0.03529411764705882,0.09411764705882353,0.008823529411764706,0.05,0.07352941176470588,0.07352941176470588,0.03235294117647059,0.047058823529411764,0.047058823529411764,0.023529411764705882,0.06764705882352941,0.04411764705882353,0.047058823529411764,0.08235294117647059,0.008823529411764706,0.04411764705882353,0.18421052631578946,0.2631578947368421,0.23684210526315788,0.3157894736842105,23,29
"RNCMPT00002,max,AGACGUA,RBD_v3_014856",2,1,163,30,0.06748466257668712,0.006134969325153374,0.03680981595092025,0.05521472392638037,0.012269938650306749,0.0736196319018405,0.018404907975460124,0.0736196319018405,0.08588957055214724,0.0736196319018405,0.012269938650306749,0.05521472392638037,0.05521472392638037,0.03067484662576687,0.06748466257668712,0.11042944785276074,0.07975460122699386,0.06748466257668712,0.006134969325153374,0.012269938650306749,0.26666666666666666,0.26666666666666666,0.26666666666666666,0.2,1,7
"RNCMPT00002,max,AGACGUA,RBD_v3_117126",2,1,163,30,0.06748466257668712,0.006134969325153374,0.03680981595092025,0.05521472392638037,0.012269938650306749,0.0736196319018405,0.018404907975460124,0.0736196319018405,0.08588957055214724,0.0736196319018405,0.012269938650306749,0.05521472392638037,0.05521472392638037,0.03067484662576687,0.06748466257668712,0.11042944785276074,0.07975460122699386,0.06748466257668712,0.006134969325153374,0.012269938650306749,0.26666666666666666,0.26666666666666666,0.26666666666666666,0.2,1,7
"RNCMPT00002,max,AGACGUU,RBD_v3_078194",2,1,163,35,0.06748466257668712,0.006134969325153374,0.03680981595092025,0.05521472392638037,0.012269938650306749,0.0736196319018405,0.018404907975460124,0.0736196319018405,0.08588957055214724,0.0736196319018405,0.012269938650306749,0.05521472392638037,0.05521472392638037,0.03067484662576687,0.06748466257668712,0.11042944785276074,0.07975460122699386,0.06748466257668712,0.006134969325153374,0.012269938650306749,0.34285714285714286,0.22857142857142856,0.22857142857142856,0.2,1,7
"RNCMPT00002,min,AAUAGUG,RBD_v3_217751",2,0,163,38,0.06748466257668712,0.006134969325153374,0.03680981595092025,0.05521472392638037,0.012269938650306749,0.0736196319018405,0.018404907975460124,0.0736196319018405,0.08588957055214724,0.0736196319018405,0.012269938650306749,0.05521472392638037,0.05521472392638037,0.03067484662576687,0.06748466257668712,0.11042944785276074,0.07975460122699386,0.06748466257668712,0.006134969325153374,0.012269938650306749,0.34210526315789475,0.18421052631578946,0.2894736842105263,0.18421052631578946,15,21
"RNCMPT00002,min,AUAGUGA,RBD_v3_101399",2,0,163,38,0.06748466257668712,0.006134969325153374,0.03680981595092025,0.05521472392638037,0.012269938650306749,0.0736196319018405,0.018404907975460124,0.0736196319018405,0.08588957055214724,0.0736196319018405,0.012269938650306749,0.05521472392638037,0.05521472392638037,0.03067484662576687,0.06748466257668712,0.11042944785276074,0.07975460122699386,0.06748466257668712,0.006134969325153374,0.012269938650306749,0.3157894736842105,0.23684210526315788,0.3157894736842105,0.13157894736842105,3,9
"RNCMPT00002,min,CCCCCCC,RBD_v3_124269",2,0,163,35,0.06748466257668712,0.006134969325153374,0.03680981595092025,0.05521472392638037,0.012269938650306749,0.0736196319018405,0.018404907975460124,0.0736196319018405,0.08588957055214724,0.0736196319018405,0.012269938650306749,0.05521472392638037,0.05521472392638037,0.03067484662576687,0.06748466257668712,0.11042944785276074,0.07975460122699386,0.06748466257668712,0.006134969325153374,0.012269938650306749,0.17142857142857143,0.4,0.2571428571428571,0.17142857142857143,19,25
"RNCMPT00003,max,GUGUUGU,RBD_v3_089401",3,1,604,39,0.12251655629139073,0.014900662251655629,0.04470198675496689,0.03145695364238411,0.041390728476821195,0.057947019867549666,0.014900662251655629,0.041390728476821195,0.056291390728476824,0.08774834437086093,0.028145695364238412,0.09437086092715231,0.052980132450331126,0.056291390728476824,0.02152317880794702,0.09933774834437085,0.061258278145695365,0.056291390728476824,0.0033112582781456954,0.013245033112582781,0.10256410256410256,0.15384615384615385,0.3076923076923077,0.4358974358974359,21,27
"RNCMPT00003,max,UGUUUGU,RBD_v3_004498",3,1,604,39,0.12251655629139073,0.014900662251655629,0.04470198675496689,0.03145695364238411,0.041390728476821195,0.057947019867549666,0.014900662251655629,0.041390728476821195,0.056291390728476824,0.08774834437086093,0.028145695364238412,0.09437086092715231,0.052980132450331126,0.056291390728476824,0.02152317880794702,0.09933774834437085,0.061258278145695365,0.056291390728476824,0.0033112582781456954,0.013245033112582781,0.15384615384615385,0.15384615384615385,0.28205128205128205,0.41025641025641024,25,31
"RNCMPT00003,max,UGUUUGU,RBD_v3_048536",3,1,604,38,0.12251655629139073,0.014900662251655629,0.04470198675496689,0.03145695364238411,0.041390728476821195,0.057947019867549666,0.014900662251655629,0.041390728476821195,0.056291390728476824,0.08774834437086093,0.028145695364238412,0.09437086092715231,0.052980132450331126,0.056291390728476824,0.02152317880794702,0.09933774834437085,0.061258278145695365,0.056291390728476824,0.0033112582781456954,0.013245033112582781,0.13157894736842105,0.15789473684210525,0.2894736842105263,0.42105263157894735,20,26
"RNCMPT00003,min,AGAGUCG,RBD_v3_058127",3,0,604,30,0.12251655629139073,0.014900662251655629,0.04470198675496689,0.03145695364238411,0.041390728476821195,0.057947019867549666,0.014900662251655629,0.041390728476821195,0.056291390728476824,0.08774834437086093,0.028145695364238412,0.09437086092715231,0.052980132450331126,0.056291390728476824,0.02152317880794702,0.09933774834437085,0.061258278145695365,0.056291390728476824,0.0033112582781456954,0.013245033112582781,0.16666666666666666,0.3333333333333333,0.3333333333333333,0.16666666666666666,1,7
"RNCMPT00003,min,AGAGUCG,RBD_v3_190750",3,0,604,38,0.12251655629139073,0.014900662251655629,0.04470198675496689,0.03145695364238411,0.041390728476821195,0.057947019867549666,0.014900662251655629,0.041390728476821195,0.056291390728476824,0.08774834437086093,0.028145695364238412,0.09437086092715231,0.052980132450331126,0.056291390728476824,0.02152317880794702,0.09933774834437085,0.061258278145695365,0.056291390728476824,0.0033112582781456954,0.013245033112582781,0.2631578947368421,0.2894736842105263,0.18421052631578946,0.2631578947368421,1,7
"RNCMPT00003,min,CCCCCCA,RBD_v3_110219",3,0,604,38,0.12251655629139073,0.014900662251655629,0.04470198675496689,0.03145695364238411,0.041390728476821195,0.057947019867549666,0.014900662251655629,0.041390728476821195,0.056291390728476824,0.08774834437086093,0.028145695364238412,0.09437086092715231,0.052980132450331126,0.056291390728476824,0.02152317880794702,0.09933774834437085,0.061258278145695365,0.056291390728476824,0.0033112582781456954,0.013245033112582781,0.2894736842105263,0.3684210526315789,0.21052631578947367,0.13157894736842105,11,17
"RNCMPT00004,max,GUGUUUG,RBD_v3_157511",10,1,481,35,0.13305613305613306,0.012474012474012475,0.035343035343035345,0.0395010395010395,0.04781704781704782,0.09355509355509356,0.018711018711018712,0.0395010395010395,0.04158004158004158,0.07068607068607069,0.0498960498960499,0.04573804573804574,0.09147609147609148,0.08523908523908524,0.035343035343035345,0.06652806652806653,0.037422037422037424,0.029106029106029108,0.0,0.02702702702702703,0.2571428571428571,0.14285714285714285,0.2571428571428571,0.34285714285714286,5,11
"RNCMPT00004,max,GUGUUUG,RBD_v3_220170",10,1,481,35,0.13305613305613306,0.012474012474012475,0.035343035343035345,0.0395010395010395,0.04781704781704782,0.09355509355509356,0.018711018711018712,0.0395010395010395,0.04158004158004158,0.07068607068607069,0.0498960498960499,0.04573804573804574,0.09147609147609148,0.08523908523908524,0.035343035343035345,0.06652806652806653,0.037422037422037424,0.029106029106029108,0.0,0.02702702702702703,0.2571428571428571,0.17142857142857143,0.2571428571428571,0.3142857142857143,6,12
"RNCMPT00004,max,UUUGUGG,RBD_v3_143968",10,1,481,39,0.13305613305613306,0.012474012474012475,0.035343035343035345,0.0395010395010395,0.04781704781704782,0.09355509355509356,0.018711018711018712,0.0395010395010395,0.04158004158004158,0.07068607068607069,0.0498960498960499,0.04573804573804574,0.09147609147609148,0.08523908523908524,0.035343035343035345,0.06652806652806653,0.037422037422037424,0.029106029106029108,0.0,0.02702702702702703,0.1282051282051282,0.15384615384615385,0.3076923076923077,0.41025641025641024,6,12
"RNCMPT00004,min,GACUCAC,RBD_v3_032276",10,0,481,38,0.13305613305613306,0.012474012474012475,0.035343035343035345,0.0395010395010395,0.04781704781704782,0.09355509355509356,0.018711018711018712,0.0395010395010395,0.04158004158004158,0.07068607068607069,0.0498960498960499,0.04573804573804574,0.09147609147609148,0.08523908523908524,0.035343035343035345,0.06652806652806653,0.037422037422037424,0.029106029106029108,0.0,0.02702702702702703,0.2631578947368421,0.34210526315789475,0.2894736842105263,0.10526315789473684,3,9
"RNCMPT00004,min,GACUCAC,RBD_v3_086033",10,0,481,35,0.13305613305613306,0.012474012474012475,0.035343035343035345,0.0395010395010395,0.04781704781704782,0.09355509355509356,0.018711018711018712,0.0395010395010395,0.04158004158004158,0.07068607068607069,0.0498960498960499,0.04573804573804574,0.09147609147609148,0.08523908523908524,0.035343035343035345,0.06652806652806653,0.037422037422037424,0.029106029106029108,0.0,0.02702702702702703,0.22857142857142856,0.34285714285714286,0.2571428571428571,0.17142857142857143,24,30
"RNCMPT00004,min,GACUCAC,RBD_v3_169556",10,0,481,30,0.13305613305613306,0.012474012474012475,0.035343035343035345,0.0395010395010395,0.04781704781704782,0.09355509355509356,0.018711018711018712,0.0395010395010395,0.04158004158004158,0.07068607068607069,0.0498960498960499,0.04573804573804574,0.09147609147609148,0.08523908523908524,0.035343035343035345,0.06652806652806653,0.037422037422037424,0.029106029106029108,0.0,0.02702702702702703,0.26666666666666666,0.3333333333333333,0.26666666666666666,0.13333333333333333,2,8
"RNCMPT00005,max,UUUUUUC,RBD_v3_008256",170,1,275,38,0.07636363636363637,0.01090909090909091,0.04363636363636364,0.06181818181818182,0.05090909090909091,0.04363636363636364,0.01818181818181818,0.05090909090909091,0.06545454545454546,0.06909090909090909,0.03272727272727273,0.06545454545454546,0.04727272727272727,0.05090909090909091,0.04727272727272727,0.09090909090909091,0.07272727272727272,0.06181818181818182,0.014545454545454545,0.025454545454545455,0.2631578947368421,0.23684210526315788,0.18421052631578946,0.3157894736842105,13,19
"RNCMPT00005,max,UUUUUUU,RBD_v3_029559",170,1,275,38,0.07636363636363637,0.01090909090909091,0.04363636363636364,0.06181818181818182,0.05090909090909091,0.04363636363636364,0.01818181818181818,0.05090909090909091,0.06545454545454546,0.06909090909090909,0.03272727272727273,0.06545454545454546,0.04727272727272727,0.05090909090909091,0.04727272727272727,0.09090909090909091,0.07272727272727272,0.06181818181818182,0.014545454545454545,0.025454545454545455,0.18421052631578946,0.18421052631578946,0.23684210526315788,0.39473684210526316,30,36
"RNCMPT00005,max,UUUUUUU,RBD_v3_152636",170,1,275,38,0.07636363636363637,0.01090909090909091,0.04363636363636364,0.06181818181818182,0.05090909090909091,0.04363636363636364,0.01818181818181818,0.05090909090909091,0.06545454545454546,0.06909090909090909,0.03272727272727273,0.06545454545454546,0.04727272727272727,0.05090909090909091,0.04727272727272727,0.09090909090909091,0.07272727272727272,0.06181818181818182,0.014545454545454545,0.025454545454545455,0.21052631578947367,0.18421052631578946,0.23684210526315788,0.3684210526315789,30,36
"RNCMPT00005,min,AGUGAGA,RBD_v3_101399",170,0,275,38,0.07636363636363637,0.01090909090909091,0.04363636363636364,0.06181818181818182,0.05090909090909091,0.04363636363636364,0.01818181818181818,0.05090909090909091,0.06545454545454546,0.06909090909090909,0.03272727272727273,0.06545454545454546,0.04727272727272727,0.05090909090909091,0.04727272727272727,0.09090909090909091,0.07272727272727272,0.06181818181818182,0.014545454545454545,0.025454545454545455,0.3157894736842105,0.23684210526315788,0.3157894736842105,0.13157894736842105,5,11
"RNCMPT00005,min,AGUGAGA,RBD_v3_138028",170,0,275,35,0.07636363636363637,0.01090909090909091,0.04363636363636364,0.06181818181818182,0.05090909090909091,0.04363636363636364,0.01818181818181818,0.05090909090909091,0.06545454545454546,0.06909090909090909,0.03272727272727273,0.06545454545454546,0.04727272727272727,0.05090909090909091,0.04727272727272727,0.09090909090909091,0.07272727272727272,0.06181818181818182,0.014545454545454545,0.025454545454545455,0.3142857142857143,0.3142857142857143,0.2857142857142857,0.08571428571428572,3,9
"RNCMPT00005,min,AGUGAGA,RBD_v3_229715",170,0,275,30,0.07636363636363637,0.01090909090909091,0.04363636363636364,0.06181818181818182,0.05090909090909091,0.04363636363636364,0.01818181818181818,0.05090909090909091,0.06545454545454546,0.06909090909090909,0.03272727272727273,0.06545454545454546,0.04727272727272727,0.05090909090909091,0.04727272727272727,0.09090909090909091,0.07272727272727272,0.06181818181818182,0.014545454545454545,0.025454545454545455,0.26666666666666666,0.23333333333333334,0.4,0.1,21,27
"RNCMPT00006,max,ACAGAUG,RBD_v3_023883",14,1,179,35,0.07262569832402235,0.0223463687150838,0.0223463687150838,0.0335195530726257,0.03910614525139665,0.061452513966480445,0.0111731843575419,0.0670391061452514,0.061452513966480445,0.0670391061452514,0.0446927374301676,0.0446927374301676,0.07262569832402235,0.03910614525139665,0.08379888268156424,0.0670391061452514,0.055865921787709494,0.07262569832402235,0.0111731843575419,0.05027932960893855,0.3142857142857143,0.2,0.2857142857142857,0.2,13,19
"RNCMPT00006,max,ACAGAUG,RBD_v3_158046",14,1,179,38,0.07262569832402235,0.0223463687150838,0.0223463687150838,0.0335195530726257,0.03910614525139665,0.061452513966480445,0.0111731843575419,0.0670391061452514,0.061452513966480445,0.0670391061452514,0.0446927374301676,0.0446927374301676,0.07262569832402235,0.03910614525139665,0.08379888268156424,0.0670391061452514,0.055865921787709494,0.07262569832402235,0.0111731843575419,0.05027932960893855,0.3684210526315789,0.23684210526315788,0.3157894736842105,0.07894736842105263,7,13
"RNCMPT00006,max,CAGAGCC,RBD_v3_222190",14,1,179,38,0.07262569832402235,0.0223463687150838,0.0223463687150838,0.0335195530726257,0.03910614525139665,0.061452513966480445,0.0111731843575419,0.0670391061452514,0.061452513966480445,0.0670391061452514,0.0446927374301676,0.0446927374301676,0.07262569832402235,0.03910614525139665,0.08379888268156424,0.0670391061452514,0.055865921787709494,0.07262569832402235,0.0111731843575419,0.05027932960893855,0.39473684210526316,0.23684210526315788,0.2894736842105263,0.07894736842105263,8,14
"RNCMPT00006,min,UUUUUUC,RBD_v3_127040",14,0,179,38,0.07262569832402235,0.0223463687150838,0.0223463687150838,0.0335195530726257,0.03910614525139665,0.061452513966480445,0.0111731843575419,0.0670391061452514,0.061452513966480445,0.0670391061452514,0.0446927374301676,0.0446927374301676,0.07262569832402235,0.03910614525139665,0.08379888268156424,0.0670391061452514,0.055865921787709494,0.07262569832402235,0.0111731843575419,0.05027932960893855,0.13157894736842105,0.2894736842105263,0.18421052631578946,0.39473684210526316,27,33
"RNCMPT00006,min,UUUUUUC,RBD_v3_205335",14,0,179,38,0.07262569832402235,0.0223463687150838,0.0223463687150838,0.0335195530726257,0.03910614525139665,0.061452513966480445,0.0111731843575419,0.0670391061452514,0.061452513966480445,0.0670391061452514,0.0446927374301676,0.0446927374301676,0.07262569832402235,0.03910614525139665,0.08379888268156424,0.0670391061452514,0.055865921787709494,0.07262569832402235,0.0111731843575419,0.05027932960893855,0.2631578947368421,0.21052631578947367,0.18421052631578946,0.34210526315789475,11,17
"RNCMPT00006,min,UUUUUUU,RBD_v3_145790",14,0,179,30,0.07262569832402235,0.0223463687150838,0.0223463687150838,0.0335195530726257,0.03910614525139665,0.061452513966480445,0.0111731843575419,0.0670391061452514,0.061452513966480445,0.0670391061452514,0.0446927374301676,0.0446927374301676,0.07262569832402235,0.03910614525139665,0.08379888268156424,0.0670391061452514,0.055865921787709494,0.07262569832402235,0.0111731843575419,0.05027932960893855,0.13333333333333333,0.1,0.3,0.4666666666666667,24,30
"RNCMPT00007,max,CCAACGA,RBD_v3_096103",17,1,164,38,0.12804878048780488,0.012195121951219513,0.036585365853658534,0.054878048780487805,0.012195121951219513,0.07317073170731707,0.012195121951219513,0.07317073170731707,0.06097560975609756,0.054878048780487805,0.024390243902439025,0.054878048780487805,0.07317073170731707,0.042682926829268296,0.06707317073170732,0.09146341463414634,0.04878048780487805,0.06707317073170732,0.0,0.012195121951219513,0.2894736842105263,0.3684210526315789,0.15789473684210525,0.18421052631578946,12,18
"RNCMPT00007,max,CCAACGA,RBD_v3_162909",17,1,164,38,0.12804878048780488,0.012195121951219513,0.036585365853658534,0.054878048780487805,0.012195121951219513,0.07317073170731707,0.012195121951219513,0.07317073170731707,0.06097560975609756,0.054878048780487805,0.024390243902439025,0.054878048780487805,0.07317073170731707,0.042682926829268296,0.06707317073170732,0.09146341463414634,0.04878048780487805,0.06707317073170732,0.0,0.012195121951219513,0.2631578947368421,0.2894736842105263,0.2631578947368421,0.18421052631578946,15,21
"RNCMPT00007,max,UCAACGA,RBD_v3_194234",17,1,164,38,0.12804878048780488,0.012195121951219513,0.036585365853658534,0.054878048780487805,0.012195121951219513,0.07317073170731707,0.012195121951219513,0.07317073170731707,0.06097560975609756,0.054878048780487805,0.024390243902439025,0.054878048780487805,0.07317073170731707,0.042682926829268296,0.06707317073170732,0.09146341463414634,0.04878048780487805,0.06707317073170732,0.0,0.012195121951219513,0.3157894736842105,0.21052631578947367,0.3157894736842105,0.15789473684210525,18,24
"RNCMPT00007,min,AGUCGUU,RBD_v3_213756",17,0,164,41,0.12804878048780488,0.012195121951219513,0.036585365853658534,0.054878048780487805,0.012195121951219513,0.07317073170731707,0.012195121951219513,0.07317073170731707,0.06097560975609756,0.054878048780487805,0.024390243902439025,0.054878048780487805,0.07317073170731707,0.042682926829268296,0.06707317073170732,0.09146341463414634,0.04878048780487805,0.06707317073170732,0.0,0.012195121951219513,0.4146341463414634,0.07317073170731707,0.3170731707317073,0.1951219512195122,8,14
"RNCMPT00007,min,GAGUCGU,RBD_v3_175671",17,0,164,30,0.12804878048780488,0.012195121951219513,0.036585365853658534,0.054878048780487805,0.012195121951219513,0.07317073170731707,0.012195121951219513,0.07317073170731707,0.06097560975609756,0.054878048780487805,0.024390243902439025,0.054878048780487805,0.07317073170731707,0.042682926829268296,0.06707317073170732,0.09146341463414634,0.04878048780487805,0.06707317073170732,0.0,0.012195121951219513,0.3333333333333333,0.16666666666666666,0.3,0.2,19,25
"RNCMPT00007,min,UCGUCGU,RBD_v3_019417",17,0,164,38,0.12804878048780488,0.012195121951219513,0.036585365853658534,0.054878048780487805,0.012195121951219513,0.07317073170731707,0.012195121951219513,0.07317073170731707,0.06097560975609756,0.054878048780487805,0.024390243902439025,0.054878048780487805,0.07317073170731707,0.042682926829268296,0.06707317073170732,0.09146341463414634,0.04878048780487805,0.06707317073170732,0.0,0.012195121951219513,0.18421052631578946,0.3157894736842105,0.23684210526315788,0.2631578947368421,19,25
"RNCMPT00008,max,AACACAU,RBD_v3_021520",22,1,177,38,0.062146892655367235,0.01694915254237288,0.04519774011299435,0.062146892655367235,0.03389830508474576,0.05649717514124294,0.03954802259887006,0.05084745762711865,0.1016949152542373,0.06779661016949153,0.02824858757062147,0.05649717514124294,0.05084745762711865,0.06779661016949153,0.04519774011299435,0.05649717514124294,0.04519774011299435,0.06779661016949153,0.0,0.04519774011299435,0.34210526315789475,0.23684210526315788,0.21052631578947367,0.21052631578947367,6,12
"RNCMPT00008,max,AACACAU,RBD_v3_036856",22,1,177,35,0.062146892655367235,0.01694915254237288,0.04519774011299435,0.062146892655367235,0.03389830508474576,0.05649717514124294,0.03954802259887006,0.05084745762711865,0.1016949152542373,0.06779661016949153,0.02824858757062147,0.05649717514124294,0.05084745762711865,0.06779661016949153,0.04519774011299435,0.05649717514124294,0.04519774011299435,0.06779661016949153,0.0,0.04519774011299435,0.2571428571428571,0.2857142857142857,0.2571428571428571,0.2,4,10
"RNCMPT00008,max,ACACAUA,RBD_v3_159752",22,1,177,38,0.062146892655367235,0.01694915254237288,0.04519774011299435,0.062146892655367235,0.03389830508474576,0.05649717514124294,0.03954802259887006,0.05084745762711865,0.1016949152542373,0.06779661016949153,0.02824858757062147,0.05649717514124294,0.05084745762711865,0.06779661016949153,0.04519774011299435,0.05649717514124294,0.04519774011299435,0.06779661016949153,0.0,0.04519774011299435,0.3157894736842105,0.15789473684210525,0.2894736842105263,0.23684210526315788,18,24
"RNCMPT00008,min,AGGGGGG,RBD_v3_080401",22,0,177,38,0.062146892655367235,0.01694915254237288,0.04519774011299435,0.062146892655367235,0.03389830508474576,0.05649717514124294,0.03954802259887006,0.05084745762711865,0.1016949152542373,0.06779661016949153,0.02824858757062147,0.05649717514124294,0.05084745762711865,0.06779661016949153,0.04519774011299435,0.05649717514124294,0.04519774011299435,0.06779661016949153,0.0,0.04519774011299435,0.23684210526315788,0.13157894736842105,0.47368421052631576,0.15789473684210525,5,11
"RNCMPT00008,min,AGGGGGG,RBD_v3_233807",22,0,177,38,0.062146892655367235,0.01694915254237288,0.04519774011299435,0.062146892655367235,0.03389830508474576,0.05649717514124294,0.03954802259887006,0.05084745762711865,0.1016949152542373,0.06779661016949153,0.02824858757062147,0.05649717514124294,0.05084745762711865,0.06779661016949153,0.04519774011299435,0.05649717514124294,0.04519774011299435,0.06779661016949153,0.0,0.04519774011299435,0.21052631578947367,0.15789473684210525,0.3684210526315789,0.2631578947368421,1,7
"RNCMPT00008,min,AGGGGGG,RBD_v3_235519",22,0,177,38,0.062146892655367235,0.01694915254237288,0.04519774011299435,0.062146892655367235,0.03389830508474576,0.05649717514124294,0.03954802259887006,0.05084745762711865,0.1016949152542373,0.06779661016949153,0.02824858757062147,0.05649717514124294,0.05084745762711865,0.06779661016949153,0.04519774011299435,0.05649717514124294,0.04519774011299435,0.06779661016949153,0.0,0.04519774011299435,0.3157894736842105,0.13157894736842105,0.42105263157894735,0.13157894736842105,1,7
"RNCMPT00009,max,CGGCGUG,RBD_v3_235806",18,1,90,30,0.07777777777777778,0.011111111111111112,0.011111111111111112,0.06666666666666667,0.06666666666666667,0.1,0.03333333333333333,0.05555555555555555,0.07777777777777778,0.06666666666666667,0.011111111111111112,0.06666666666666667,0.011111111111111112,0.03333333333333333,0.05555555555555555,0.06666666666666667,0.044444444444444446,0.1,0.011111111111111112,0.03333333333333333,0.1,0.26666666666666666,0.43333333333333335,0.2,17,23
"RNCMPT00009,max,CGUGGCG,RBD_v3_130938",18,1,90,30,0.07777777777777778,0.011111111111111112,0.011111111111111112,0.06666666666666667,0.06666666666666667,0.1,0.03333333333333333,0.05555555555555555,0.07777777777777778,0.06666666666666667,0.011111111111111112,0.06666666666666667,0.011111111111111112,0.03333333333333333,0.05555555555555555,0.06666666666666667,0.044444444444444446,0.1,0.011111111111111112,0.03333333333333333,0.16666666666666666,0.2,0.4666666666666667,0.16666666666666666,23,29
"RNCMPT00009,max,CGUGGCG,RBD_v3_229791",18,1,90,30,0.07777777777777778,0.011111111111111112,0.011111111111111112,0.06666666666666667,0.06666666666666667,0.1,0.03333333333333333,0.05555555555555555,0.07777777777777778,0.06666666666666667,0.011111111111111112,0.06666666666666667,0.011111111111111112,0.03333333333333333,0.05555555555555555,0.06666666666666667,0.044444444444444446,0.1,0.011111111111111112,0.03333333333333333,0.13333333333333333,0.26666666666666666,0.4,0.2,23,29
"RNCMPT00009,min,CACCCAC,RBD_v3_058855",18,0,90,35,0.07777777777777778,0.011111111111111112,0.011111111111111112,0.06666666666666667,0.06666666666666667,0.1,0.03333333333333333,0.05555555555555555,0.07777777777777778,0.06666666666666667,0.011111111111111112,0.06666666666666667,0.011111111111111112,0.03333333333333333,0.05555555555555555,0.06666666666666667,0.044444444444444446,0.1,0.011111111111111112,0.03333333333333333,0.2857142857142857,0.3142857142857143,0.22857142857142856,0.17142857142857143,4,10
"RNCMPT00009,min,GGGGGGG,RBD_v3_036931",18,0,90,35,0.07777777777777778,0.011111111111111112,0.011111111111111112,0.06666666666666667,0.06666666666666667,0.1,0.03333333333333333,0.05555555555555555,0.07777777777777778,0.06666666666666667,0.011111111111111112,0.06666666666666667,0.011111111111111112,0.03333333333333333,0.05555555555555555,0.06666666666666667,0.044444444444444446,0.1,0.011111111111111112,0.03333333333333333,0.3142857142857143,0.11428571428571428,0.42857142857142855,0.14285714285714285,12,18
"RNCMPT00009,min,GGGGGGG,RBD_v3_193991",18,0,90,38,0.07777777777777778,0.011111111111111112,0.011111111111111112,0.06666666666666667,0.06666666666666667,0.1,0.03333333333333333,0.05555555555555555,0.07777777777777778,0.06666666666666667,0.011111111111111112,0.06666666666666667,0.011111111111111112,0.03333333333333333,0.05555555555555555,0.06666666666666667,0.044444444444444446,0.1,0.011111111111111112,0.03333333333333333,0.23684210526315788,0.10526315789473684,0.4473684210526316,0.21052631578947367,2,8
"RNCMPT00010,max,AUACUUU,RBD_v3_066475",19,1,247,38,0.05263157894736842,0.012145748987854251,0.04048582995951417,0.06477732793522267,0.04048582995951417,0.06882591093117409,0.020242914979757085,0.032388663967611336,0.08097165991902834,0.06882591093117409,0.032388663967611336,0.04048582995951417,0.05668016194331984,0.020242914979757085,0.10121457489878542,0.0931174089068826,0.05263157894736842,0.06477732793522267,0.004048582995951417,0.05263157894736842,0.2894736842105263,0.23684210526315788,0.23684210526315788,0.23684210526315788,4,10
"RNCMPT00010,max,UACUUUA,RBD_v3_011511",19,1,247,38,0.05263157894736842,0.012145748987854251,0.04048582995951417,0.06477732793522267,0.04048582995951417,0.06882591093117409,0.020242914979757085,0.032388663967611336,0.08097165991902834,0.06882591093117409,0.032388663967611336,0.04048582995951417,0.05668016194331984,0.020242914979757085,0.10121457489878542,0.0931174089068826,0.05263157894736842,0.06477732793522267,0.004048582995951417,0.05263157894736842,0.18421052631578946,0.3157894736842105,0.21052631578947367,0.2894736842105263,26,32
"RNCMPT00010,max,UACUUUA,RBD_v3_206289",19,1,247,38,0.05263157894736842,0.012145748987854251,0.04048582995951417,0.06477732793522267,0.04048582995951417,0.06882591093117409,0.020242914979757085,0.032388663967611336,0.08097165991902834,0.06882591093117409,0.032388663967611336,0.04048582995951417,0.05668016194331984,0.020242914979757085,0.10121457489878542,0.0931174089068826,0.05263157894736842,0.06477732793522267,0.004048582995951417,0.05263157894736842,0.2894736842105263,0.2631578947368421,0.18421052631578946,0.2631578947368421,6,12
"RNCMPT00010,min,CCCCCCC,RBD_v3_012123",19,0,247,35,0.05263157894736842,0.012145748987854251,0.04048582995951417,0.06477732793522267,0.04048582995951417,0.06882591093117409,0.020242914979757085,0.032388663967611336,0.08097165991902834,0.06882591093117409,0.032388663967611336,0.04048582995951417,0.05668016194331984,0.020242914979757085,0.10121457489878542,0.0931174089068826,0.05263157894736842,0.06477732793522267,0.004048582995951417,0.05263157894736842,0.2571428571428571,0.45714285714285713,0.14285714285714285,0.14285714285714285,27,33
"RNCMPT00010,min,GGGGGGG,RBD_v3_027318",19,0,247,38,0.05263157894736842,0.012145748987854251,0.04048582995951417,0.06477732793522267,0.04048582995951417,0.06882591093117409,0.020242914979757085,0.032388663967611336,0.08097165991902834,0.06882591093117409,0.032388663967611336,0.04048582995951417,0.05668016194331984,0.020242914979757085,0.10121457489878542,0.0931174089068826,0.05263157894736842,0.06477732793522267,0.004048582995951417,0.05263157894736842,0.23684210526315788,0.2631578947368421,0.4473684210526316,0.05263157894736842,13,19
"RNCMPT00010,min,GGGGGGG,RBD_v3_098031",19,0,247,38,0.05263157894736842,0.012145748987854251,0.04048582995951417,0.06477732793522267,0.04048582995951417,0.06882591093117409,0.020242914979757085,0.032388663967611336,0.08097165991902834,0.06882591093117409,0.032388663967611336,0.04048582995951417,0.05668016194331984,0.020242914979757085,0.10121457489878542,0.0931174089068826,0.05263157894736842,0.06477732793522267,0.004048582995951417,0.05263157894736842,0.2631578947368421,0.05263157894736842,0.5263157894736842,0.15789473684210525,14,20
"RNCMPT00011,max,UGUGUGU,RBD_v3_045407",93,1,576,38,0.0798611111111111,0.010416666666666666,0.052083333333333336,0.078125,0.024305555555555556,0.05381944444444445,0.017361111111111112,0.0625,0.06597222222222222,0.08506944444444445,0.024305555555555556,0.052083333333333336,0.05555555555555555,0.046875,0.052083333333333336,0.08680555555555555,0.057291666666666664,0.0625,0.006944444444444444,0.026041666666666668,0.10526315789473684,0.15789473684210525,0.34210526315789475,0.39473684210526316,9,15
"RNCMPT00011,max,UGUUUGU,RBD_v3_048536",93,1,576,38,0.0798611111111111,0.010416666666666666,0.052083333333333336,0.078125,0.024305555555555556,0.05381944444444445,0.017361111111111112,0.0625,0.06597222222222222,0.08506944444444445,0.024305555555555556,0.052083333333333336,0.05555555555555555,0.046875,0.052083333333333336,0.08680555555555555,0.057291666666666664,0.0625,0.006944444444444444,0.026041666666666668,0.13157894736842105,0.15789473684210525,0.2894736842105263,0.42105263157894735,20,26
"RNCMPT00011,max,UGUUUGU,RBD_v3_163719",93,1,576,38,0.0798611111111111,0.010416666666666666,0.052083333333333336,0.078125,0.024305555555555556,0.05381944444444445,0.017361111111111112,0.0625,0.06597222222222222,0.08506944444444445,0.024305555555555556,0.052083333333333336,0.05555555555555555,0.046875,0.052083333333333336,0.08680555555555555,0.057291666666666664,0.0625,0.006944444444444444,0.026041666666666668,0.15789473684210525,0.18421052631578946,0.2631578947368421,0.39473684210526316,8,14
"RNCMPT00011,min,GAGUCGU,RBD_v3_193537",93,0,576,35,0.0798611111111111,0.010416666666666666,0.052083333333333336,0.078125,0.024305555555555556,0.05381944444444445,0.017361111111111112,0.0625,0.06597222222222222,0.08506944444444445,0.024305555555555556,0.052083333333333336,0.05555555555555555,0.046875,0.052083333333333336,0.08680555555555555,0.057291666666666664,0.0625,0.006944444444444444,0.026041666666666668,0.2857142857142857,0.14285714285714285,0.37142857142857144,0.2,28,34
"RNCMPT00011,min,GAGUCGU,RBD_v3_210386",93,0,576,38,0.0798611111111111,0.010416666666666666,0.052083333333333336,0.078125,0.024305555555555556,0.05381944444444445,0.017361111111111112,0.0625,0.06597222222222222,0.08506944444444445,0.024305555555555556,0.052083333333333336,0.05555555555555555,0.046875,0.052083333333333336,0.08680555555555555,0.057291666666666664,0.0625,0.006944444444444444,0.026041666666666668,0.23684210526315788,0.2631578947368421,0.3157894736842105,0.18421052631578946,14,20
"RNCMPT00011,min,GAGUCGU,RBD_v3_210666",93,0,576,38,0.0798611111111111,0.010416666666666666,0.052083333333333336,0.078125,0.024305555555555556,0.05381944444444445,0.017361111111111112,0.0625,0.06597222222222222,0.08506944444444445,0.024305555555555556,0.052083333333333336,0.05555555555555555,0.046875,0.052083333333333336,0.08680555555555555,0.057291666666666664,0.0625,0.006944444444444444,0.026041666666666668,0.34210526315789475,0.21052631578947367,0.3157894736842105,0.13157894736842105,21,27
"RNCMPT00012,max,CUUUUUU,RBD_v3_029559",23,1,273,38,0.06227106227106227,0.03663003663003663,0.08791208791208792,0.05128205128205128,0.05860805860805861,0.08058608058608059,0.014652014652014652,0.05128205128205128,0.047619047619047616,0.08424908424908426,0.018315018315018316,0.02197802197802198,0.0695970695970696,0.047619047619047616,0.054945054945054944,0.0695970695970696,0.02197802197802198,0.07326007326007326,0.007326007326007326,0.040293040293040296,0.18421052631578946,0.18421052631578946,0.23684210526315788,0.39473684210526316,29,35
"RNCMPT00012,max,UUUUUUU,RBD_v3_037447",23,1,273,35,0.06227106227106227,0.03663003663003663,0.08791208791208792,0.05128205128205128,0.05860805860805861,0.08058608058608059,0.014652014652014652,0.05128205128205128,0.047619047619047616,0.08424908424908426,0.018315018315018316,0.02197802197802198,0.0695970695970696,0.047619047619047616,0.054945054945054944,0.0695970695970696,0.02197802197802198,0.07326007326007326,0.007326007326007326,0.040293040293040296,0.2,0.3142857142857143,0.2,0.2857142857142857,24,30
"RNCMPT00012,max,UUUUUUU,RBD_v3_159452",23,1,273,38,0.06227106227106227,0.03663003663003663,0.08791208791208792,0.05128205128205128,0.05860805860805861,0.08058608058608059,0.014652014652014652,0.05128205128205128,0.047619047619047616,0.08424908424908426,0.018315018315018316,0.02197802197802198,0.0695970695970696,0.047619047619047616,0.054945054945054944,0.0695970695970696,0.02197802197802198,0.07326007326007326,0.007326007326007326,0.040293040293040296,0.21052631578947367,0.18421052631578946,0.23684210526315788,0.3684210526315789,31,37
"RNCMPT00012,min,AAGUGGG,RBD_v3_165394",23,0,273,38,0.06227106227106227,0.03663003663003663,0.08791208791208792,0.05128205128205128,0.05860805860805861,0.08058608058608059,0.014652014652014652,0.05128205128205128,0.047619047619047616,0.08424908424908426,0.018315018315018316,0.02197802197802198,0.0695970695970696,0.047619047619047616,0.054945054945054944,0.0695970695970696,0.02197802197802198,0.07326007326007326,0.007326007326007326,0.040293040293040296,0.3157894736842105,0.21052631578947367,0.18421052631578946,0.2894736842105263,4,10
"RNCMPT00012,min,GGGAGUG,RBD_v3_126397",23,0,273,38,0.06227106227106227,0.03663003663003663,0.08791208791208792,0.05128205128205128,0.05860805860805861,0.08058608058608059,0.014652014652014652,0.05128205128205128,0.047619047619047616,0.08424908424908426,0.018315018315018316,0.02197802197802198,0.0695970695970696,0.047619047619047616,0.054945054945054944,0.0695970695970696,0.02197802197802198,0.07326007326007326,0.007326007326007326,0.040293040293040296,0.3157894736842105,0.15789473684210525,0.39473684210526316,0.13157894736842105,30,36
"RNCMPT00012,min,GGGAGUG,RBD_v3_176967",23,0,273,35,0.06227106227106227,0.03663003663003663,0.08791208791208792,0.05128205128205128,0.05860805860805861,0.08058608058608059,0.014652014652014652,0.05128205128205128,0.047619047619047616,0.08424908424908426,0.018315018315018316,0.02197802197802198,0.0695970695970696,0.047619047619047616,0.054945054945054944,0.0695970695970696,0.02197802197802198,0.07326007326007326,0.007326007326007326,0.040293040293040296,0.3142857142857143,0.11428571428571428,0.37142857142857144,0.2,23,29
"RNCMPT00013,max,UAGAUAG,RBD_v3_063948",26,1,378,38,0.06613756613756613,0.013227513227513227,0.04497354497354497,0.037037037037037035,0.05555555555555555,0.12433862433862433,0.013227513227513227,0.026455026455026454,0.047619047619047616,0.026455026455026454,0.023809523809523808,0.0291005291005291,0.16666666666666666,0.06084656084656084,0.042328042328042326,0.06349206349206349,0.04497354497354497,0.06349206349206349,0.015873015873015872,0.03439153439153439,0.2631578947368421,0.21052631578947367,0.2894736842105263,0.23684210526315788,23,29
"RNCMPT00013,max,UAGGAUA,RBD_v3_171852",26,1,378,35,0.06613756613756613,0.013227513227513227,0.04497354497354497,0.037037037037037035,0.05555555555555555,0.12433862433862433,0.013227513227513227,0.026455026455026454,0.047619047619047616,0.026455026455026454,0.023809523809523808,0.0291005291005291,0.16666666666666666,0.06084656084656084,0.042328042328042326,0.06349206349206349,0.04497354497354497,0.06349206349206349,0.015873015873015872,0.03439153439153439,0.3142857142857143,0.14285714285714285,0.2571428571428571,0.2857142857142857,21,27
"RNCMPT00013,max,UAGGAUA,RBD_v3_230955",26,1,378,30,0.06613756613756613,0.013227513227513227,0.04497354497354497,0.037037037037037035,0.05555555555555555,0.12433862433862433,0.013227513227513227,0.026455026455026454,0.047619047619047616,0.026455026455026454,0.023809523809523808,0.0291005291005291,0.16666666666666666,0.06084656084656084,0.042328042328042326,0.06349206349206349,0.04497354497354497,0.06349206349206349,0.015873015873015872,0.03439153439153439,0.3,0.1,0.26666666666666666,0.3333333333333333,23,29
"RNCMPT00013,min,CUCAUCC,RBD_v3_095596",26,0,378,38,0.06613756613756613,0.013227513227513227,0.04497354497354497,0.037037037037037035,0.05555555555555555,0.12433862433862433,0.013227513227513227,0.026455026455026454,0.047619047619047616,0.026455026455026454,0.023809523809523808,0.0291005291005291,0.16666666666666666,0.06084656084656084,0.042328042328042326,0.06349206349206349,0.04497354497354497,0.06349206349206349,0.015873015873015872,0.03439153439153439,0.23684210526315788,0.34210526315789475,0.18421052631578946,0.23684210526315788,4,10
"RNCMPT00013,min,CUCAUCC,RBD_v3_143206",26,0,378,38,0.06613756613756613,0.013227513227513227,0.04497354497354497,0.037037037037037035,0.05555555555555555,0.12433862433862433,0.013227513227513227,0.026455026455026454,0.047619047619047616,0.026455026455026454,0.023809523809523808,0.0291005291005291,0.16666666666666666,0.06084656084656084,0.042328042328042326,0.06349206349206349,0.04497354497354497,0.06349206349206349,0.015873015873015872,0.03439153439153439,0.13157894736842105,0.2894736842105263,0.23684210526315788,0.34210526315789475,12,18
"RNCMPT00013,min,UGUCUGU,RBD_v3_136349",26,0,378,30,0.06613756613756613,0.013227513227513227,0.04497354497354497,0.037037037037037035,0.05555555555555555,0.12433862433862433,0.013227513227513227,0.026455026455026454,0.047619047619047616,0.026455026455026454,0.023809523809523808,0.0291005291005291,0.16666666666666666,0.06084656084656084,0.042328042328042326,0.06349206349206349,0.04497354497354497,0.06349206349206349,0.015873015873015872,0.03439153439153439,0.2,0.16666666666666666,0.23333333333333334,0.4,10,16
"RNCMPT00014,max,CUAAGUU,RBD_v3_016871",32,1,456,35,0.1074561403508772,0.010964912280701754,0.03508771929824561,0.03070175438596491,0.03289473684210526,0.06359649122807018,0.015350877192982455,0.04824561403508772,0.039473684210526314,0.10087719298245613,0.019736842105263157,0.05921052631578947,0.05482456140350877,0.06140350877192982,0.03070175438596491,0.09649122807017543,0.09210526315789473,0.06359649122807018,0.0021929824561403508,0.03508771929824561,0.22857142857142856,0.2,0.2857142857142857,0.2857142857142857,4,10
"RNCMPT00014,max,CUAAGUU,RBD_v3_206830",32,1,456,30,0.1074561403508772,0.010964912280701754,0.03508771929824561,0.03070175438596491,0.03289473684210526,0.06359649122807018,0.015350877192982455,0.04824561403508772,0.039473684210526314,0.10087719298245613,0.019736842105263157,0.05921052631578947,0.05482456140350877,0.06140350877192982,0.03070175438596491,0.09649122807017543,0.09210526315789473,0.06359649122807018,0.0021929824561403508,0.03508771929824561,0.3,0.16666666666666666,0.3,0.23333333333333334,6,12
"RNCMPT00014,max,UUAAGUU,RBD_v3_059946",32,1,456,38,0.1074561403508772,0.010964912280701754,0.03508771929824561,0.03070175438596491,0.03289473684210526,0.06359649122807018,0.015350877192982455,0.04824561403508772,0.039473684210526314,0.10087719298245613,0.019736842105263157,0.05921052631578947,0.05482456140350877,0.06140350877192982,0.03070175438596491,0.09649122807017543,0.09210526315789473,0.06359649122807018,0.0021929824561403508,0.03508771929824561,0.3157894736842105,0.18421052631578946,0.21052631578947367,0.2894736842105263,6,12
"RNCMPT00014,min,AACCCCA,RBD_v3_026727",32,0,456,35,0.1074561403508772,0.010964912280701754,0.03508771929824561,0.03070175438596491,0.03289473684210526,0.06359649122807018,0.015350877192982455,0.04824561403508772,0.039473684210526314,0.10087719298245613,0.019736842105263157,0.05921052631578947,0.05482456140350877,0.06140350877192982,0.03070175438596491,0.09649122807017543,0.09210526315789473,0.06359649122807018,0.0021929824561403508,0.03508771929824561,0.34285714285714286,0.2571428571428571,0.34285714285714286,0.05714285714285714,20,26
"RNCMPT00014,min,AACCCCA,RBD_v3_058230",32,0,456,38,0.1074561403508772,0.010964912280701754,0.03508771929824561,0.03070175438596491,0.03289473684210526,0.06359649122807018,0.015350877192982455,0.04824561403508772,0.039473684210526314,0.10087719298245613,0.019736842105263157,0.05921052631578947,0.05482456140350877,0.06140350877192982,0.03070175438596491,0.09649122807017543,0.09210526315789473,0.06359649122807018,0.0021929824561403508,0.03508771929824561,0.2631578947368421,0.34210526315789475,0.23684210526315788,0.15789473684210525,12,18
"RNCMPT00014,min,ACCACCC,RBD_v3_023827",32,0,456,38,0.1074561403508772,0.010964912280701754,0.03508771929824561,0.03070175438596491,0.03289473684210526,0.06359649122807018,0.015350877192982455,0.04824561403508772,0.039473684210526314,0.10087719298245613,0.019736842105263157,0.05921052631578947,0.05482456140350877,0.06140350877192982,0.03070175438596491,0.09649122807017543,0.09210526315789473,0.06359649122807018,0.0021929824561403508,0.03508771929824561,0.3157894736842105,0.23684210526315788,0.3157894736842105,0.13157894736842105,29,35
"RNCMPT00015,max,ACGGACG,RBD_v3_023644",33,1,248,35,0.05241935483870968,0.004032258064516129,0.03225806451612903,0.10887096774193548,0.04032258064516129,0.08064516129032258,0.024193548387096774,0.06451612903225806,0.06048387096774194,0.07258064516129033,0.036290322580645164,0.028225806451612902,0.016129032258064516,0.06048387096774194,0.0967741935483871,0.0846774193548387,0.04435483870967742,0.07661290322580645,0.0,0.016129032258064516,0.4,0.22857142857142856,0.2,0.17142857142857143,21,27
"RNCMPT00015,max,GGACAUA,RBD_v3_061956",33,1,248,38,0.05241935483870968,0.004032258064516129,0.03225806451612903,0.10887096774193548,0.04032258064516129,0.08064516129032258,0.024193548387096774,0.06451612903225806,0.06048387096774194,0.07258064516129033,0.036290322580645164,0.028225806451612902,0.016129032258064516,0.06048387096774194,0.0967741935483871,0.0846774193548387,0.04435483870967742,0.07661290322580645,0.0,0.016129032258064516,0.23684210526315788,0.2894736842105263,0.2631578947368421,0.21052631578947367,10,16
"RNCMPT00015,max,GGACAUA,RBD_v3_094377",33,1,248,38,0.05241935483870968,0.004032258064516129,0.03225806451612903,0.10887096774193548,0.04032258064516129,0.08064516129032258,0.024193548387096774,0.06451612903225806,0.06048387096774194,0.07258064516129033,0.036290322580645164,0.028225806451612902,0.016129032258064516,0.06048387096774194,0.0967741935483871,0.0846774193548387,0.04435483870967742,0.07661290322580645,0.0,0.016129032258064516,0.2894736842105263,0.23684210526315788,0.23684210526315788,0.23684210526315788,10,16
"RNCMPT00015,min,GGGGGGG,RBD_v3_036931",33,0,248,35,0.05241935483870968,0.004032258064516129,0.03225806451612903,0.10887096774193548,0.04032258064516129,0.08064516129032258,0.024193548387096774,0.06451612903225806,0.06048387096774194,0.07258064516129033,0.036290322580645164,0.028225806451612902,0.016129032258064516,0.06048387096774194,0.0967741935483871,0.0846774193548387,0.04435483870967742,0.07661290322580645,0.0,0.016129032258064516,0.3142857142857143,0.11428571428571428,0.42857142857142855,0.14285714285714285,12,18
"RNCMPT00015,min,GGGGGGG,RBD_v3_133314",33,0,248,30,0.05241935483870968,0.004032258064516129,0.03225806451612903,0.10887096774193548,0.04032258064516129,0.08064516129032258,0.024193548387096774,0.06451612903225806,0.06048387096774194,0.07258064516129033,0.036290322580645164,0.028225806451612902,0.016129032258064516,0.06048387096774194,0.0967741935483871,0.0846774193548387,0.04435483870967742,0.07661290322580645,0.0,0.016129032258064516,0.36666666666666664,0.13333333333333333,0.43333333333333335,0.06666666666666667,2,8
"RNCMPT00015,min,GGGGGGG,RBD_v3_237979",33,0,248,38,0.05241935483870968,0.004032258064516129,0.03225806451612903,0.10887096774193548,0.04032258064516129,0.08064516129032258,0.024193548387096774,0.06451612903225806,0.06048387096774194,0.07258064516129033,0.036290322580645164,0.028225806451612902,0.016129032258064516,0.06048387096774194,0.0967741935483871,0.0846774193548387,0.04435483870967742,0.07661290322580645,0.0,0.016129032258064516,0.2631578947368421,0.13157894736842105,0.42105263157894735,0.18421052631578946,17,23
"RNCMPT00016,max,GACAAGA,RBD_v3_044993",33,1,277,38,0.05415162454873646,0.0036101083032490976,0.061371841155234655,0.08664259927797834,0.032490974729241874,0.05054151624548736,0.02888086642599278,0.06859205776173286,0.06859205776173286,0.08303249097472924,0.021660649819494584,0.05776173285198556,0.04693140794223827,0.05776173285198556,0.06859205776173286,0.07220216606498195,0.04332129963898917,0.07942238267148015,0.0,0.01444043321299639,0.3684210526315789,0.18421052631578946,0.2894736842105263,0.15789473684210525,3,9
"RNCMPT00016,max,GACAAGA,RBD_v3_062374",33,1,277,38,0.05415162454873646,0.0036101083032490976,0.061371841155234655,0.08664259927797834,0.032490974729241874,0.05054151624548736,0.02888086642599278,0.06859205776173286,0.06859205776173286,0.08303249097472924,0.021660649819494584,0.05776173285198556,0.04693140794223827,0.05776173285198556,0.06859205776173286,0.07220216606498195,0.04332129963898917,0.07942238267148015,0.0,0.01444043321299639,0.3684210526315789,0.18421052631578946,0.23684210526315788,0.21052631578947367,3,9
"RNCMPT00016,max,GACAAGA,RBD_v3_109777",33,1,277,38,0.05415162454873646,0.0036101083032490976,0.061371841155234655,0.08664259927797834,0.032490974729241874,0.05054151624548736,0.02888086642599278,0.06859205776173286,0.06859205776173286,0.08303249097472924,0.021660649819494584,0.05776173285198556,0.04693140794223827,0.05776173285198556,0.06859205776173286,0.07220216606498195,0.04332129963898917,0.07942238267148015,0.0,0.01444043321299639,0.3684210526315789,0.15789473684210525,0.2894736842105263,0.18421052631578946,8,14
"RNCMPT00016,min,CUGUUCU,RBD_v3_059445",33,0,277,38,0.05415162454873646,0.0036101083032490976,0.061371841155234655,0.08664259927797834,0.032490974729241874,0.05054151624548736,0.02888086642599278,0.06859205776173286,0.06859205776173286,0.08303249097472924,0.021660649819494584,0.05776173285198556,0.04693140794223827,0.05776173285198556,0.06859205776173286,0.07220216606498195,0.04332129963898917,0.07942238267148015,0.0,0.01444043321299639,0.18421052631578946,0.3157894736842105,0.18421052631578946,0.3157894736842105,4,10
"RNCMPT00016,min,CUGUUCU,RBD_v3_115692",33,0,277,30,0.05415162454873646,0.0036101083032490976,0.061371841155234655,0.08664259927797834,0.032490974729241874,0.05054151624548736,0.02888086642599278,0.06859205776173286,0.06859205776173286,0.08303249097472924,0.021660649819494584,0.05776173285198556,0.04693140794223827,0.05776173285198556,0.06859205776173286,0.07220216606498195,0.04332129963898917,0.07942238267148015,0.0,0.01444043321299639,0.23333333333333334,0.2,0.26666666666666666,0.3,10,16
"RNCMPT00016,min,UGUUCUC,RBD_v3_217225",33,0,277,35,0.05415162454873646,0.0036101083032490976,0.061371841155234655,0.08664259927797834,0.032490974729241874,0.05054151624548736,0.02888086642599278,0.06859205776173286,0.06859205776173286,0.08303249097472924,0.021660649819494584,0.05776173285198556,0.04693140794223827,0.05776173285198556,0.06859205776173286,0.07220216606498195,0.04332129963898917,0.07942238267148015,0.0,0.01444043321299639,0.14285714285714285,0.2857142857142857,0.14285714285714285,0.42857142857142855,15,21
"RNCMPT00017,max,UGCAUGA,RBD_v3_028186",35,1,415,38,0.15180722891566265,0.0024096385542168677,0.03132530120481928,0.03132530120481928,0.03132530120481928,0.06987951807228916,0.01927710843373494,0.04096385542168675,0.02650602409638554,0.10120481927710843,0.033734939759036145,0.05301204819277108,0.060240963855421686,0.13734939759036144,0.03855421686746988,0.06987951807228916,0.043373493975903614,0.03855421686746988,0.0,0.01927710843373494,0.2894736842105263,0.2631578947368421,0.23684210526315788,0.21052631578947367,17,23
"RNCMPT00017,max,UGCAUGA,RBD_v3_030778",35,1,415,38,0.15180722891566265,0.0024096385542168677,0.03132530120481928,0.03132530120481928,0.03132530120481928,0.06987951807228916,0.01927710843373494,0.04096385542168675,0.02650602409638554,0.10120481927710843,0.033734939759036145,0.05301204819277108,0.060240963855421686,0.13734939759036144,0.03855421686746988,0.06987951807228916,0.043373493975903614,0.03855421686746988,0.0,0.01927710843373494,0.2894736842105263,0.2631578947368421,0.21052631578947367,0.23684210526315788,7,13
"RNCMPT00017,max,UGCAUGC,RBD_v3_031356",35,1,415,38,0.15180722891566265,0.0024096385542168677,0.03132530120481928,0.03132530120481928,0.03132530120481928,0.06987951807228916,0.01927710843373494,0.04096385542168675,0.02650602409638554,0.10120481927710843,0.033734939759036145,0.05301204819277108,0.060240963855421686,0.13734939759036144,0.03855421686746988,0.06987951807228916,0.043373493975903614,0.03855421686746988,0.0,0.01927710843373494,0.21052631578947367,0.3157894736842105,0.23684210526315788,0.23684210526315788,26,32
"RNCMPT00017,min,CGGCGCG,RBD_v3_162955",35,0,415,38,0.15180722891566265,0.0024096385542168677,0.03132530120481928,0.03132530120481928,0.03132530120481928,0.06987951807228916,0.01927710843373494,0.04096385542168675,0.02650602409638554,0.10120481927710843,0.033734939759036145,0.05301204819277108,0.060240963855421686,0.13734939759036144,0.03855421686746988,0.06987951807228916,0.043373493975903614,0.03855421686746988,0.0,0.01927710843373494,0.21052631578947367,0.2894736842105263,0.3157894736842105,0.18421052631578946,16,22
"RNCMPT00017,min,GGCGCGC,RBD_v3_109790",35,0,415,38,0.15180722891566265,0.0024096385542168677,0.03132530120481928,0.03132530120481928,0.03132530120481928,0.06987951807228916,0.01927710843373494,0.04096385542168675,0.02650602409638554,0.10120481927710843,0.033734939759036145,0.05301204819277108,0.060240963855421686,0.13734939759036144,0.03855421686746988,0.06987951807228916,0.043373493975903614,0.03855421686746988,0.0,0.01927710843373494,0.23684210526315788,0.2894736842105263,0.3157894736842105,0.15789473684210525,14,20
"RNCMPT00017,min,GGCGCGC,RBD_v3_138106",35,0,415,30,0.15180722891566265,0.0024096385542168677,0.03132530120481928,0.03132530120481928,0.03132530120481928,0.06987951807228916,0.01927710843373494,0.04096385542168675,0.02650602409638554,0.10120481927710843,0.033734939759036145,0.05301204819277108,0.060240963855421686,0.13734939759036144,0.03855421686746988,0.06987951807228916,0.043373493975903614,0.03855421686746988,0.0,0.01927710843373494,0.2,0.3,0.36666666666666664,0.13333333333333333,18,24
"RNCMPT00018,max,UACGCGC,RBD_v3_194714",36,1,179,38,0.03910614525139665,0.0,0.0670391061452514,0.03910614525139665,0.055865921787709494,0.27932960893854747,0.00558659217877095,0.0446927374301676,0.055865921787709494,0.01675977653631285,0.01675977653631285,0.055865921787709494,0.0446927374301676,0.027932960893854747,0.0893854748603352,0.061452513966480445,0.0446927374301676,0.027932960893854747,0.00558659217877095,0.0223463687150838,0.21052631578947367,0.2894736842105263,0.18421052631578946,0.3157894736842105,22,28
"RNCMPT00018,max,UGCGCGC,RBD_v3_170737",36,1,179,38,0.03910614525139665,0.0,0.0670391061452514,0.03910614525139665,0.055865921787709494,0.27932960893854747,0.00558659217877095,0.0446927374301676,0.055865921787709494,0.01675977653631285,0.01675977653631285,0.055865921787709494,0.0446927374301676,0.027932960893854747,0.0893854748603352,0.061452513966480445,0.0446927374301676,0.027932960893854747,0.00558659217877095,0.0223463687150838,0.21052631578947367,0.21052631578947367,0.2631578947368421,0.3157894736842105,13,19
"RNCMPT00018,max,UGCGCGC,RBD_v3_240155",36,1,179,38,0.03910614525139665,0.0,0.0670391061452514,0.03910614525139665,0.055865921787709494,0.27932960893854747,0.00558659217877095,0.0446927374301676,0.055865921787709494,0.01675977653631285,0.01675977653631285,0.055865921787709494,0.0446927374301676,0.027932960893854747,0.0893854748603352,0.061452513966480445,0.0446927374301676,0.027932960893854747,0.00558659217877095,0.0223463687150838,0.21052631578947367,0.21052631578947367,0.2631578947368421,0.3157894736842105,13,19
"RNCMPT00018,min,AGGGGGG,RBD_v3_008089",36,0,179,38,0.03910614525139665,0.0,0.0670391061452514,0.03910614525139665,0.055865921787709494,0.27932960893854747,0.00558659217877095,0.0446927374301676,0.055865921787709494,0.01675977653631285,0.01675977653631285,0.055865921787709494,0.0446927374301676,0.027932960893854747,0.0893854748603352,0.061452513966480445,0.0446927374301676,0.027932960893854747,0.00558659217877095,0.0223463687150838,0.2894736842105263,0.13157894736842105,0.39473684210526316,0.18421052631578946,19,25
"RNCMPT00018,min,AGGGGGG,RBD_v3_110571",36,0,179,38,0.03910614525139665,0.0,0.0670391061452514,0.03910614525139665,0.055865921787709494,0.27932960893854747,0.00558659217877095,0.0446927374301676,0.055865921787709494,0.01675977653631285,0.01675977653631285,0.055865921787709494,0.0446927374301676,0.027932960893854747,0.0893854748603352,0.061452513966480445,0.0446927374301676,0.027932960893854747,0.00558659217877095,0.0223463687150838,0.21052631578947367,0.18421052631578946,0.34210526315789475,0.2631578947368421,3,9
"RNCMPT00018,min,AGGGGGG,RBD_v3_213678",36,0,179,35,0.03910614525139665,0.0,0.0670391061452514,0.03910614525139665,0.055865921787709494,0.27932960893854747,0.00558659217877095,0.0446927374301676,0.055865921787709494,0.01675977653631285,0.01675977653631285,0.055865921787709494,0.0446927374301676,0.027932960893854747,0.0893854748603352,0.061452513966480445,0.0446927374301676,0.027932960893854747,0.00558659217877095,0.0223463687150838,0.2857142857142857,0.22857142857142856,0.3142857142857143,0.17142857142857143,15,21
"RNCMPT00019,max,AGAGAAC,RBD_v3_140658",157,1,92,35,0.05434782608695652,0.010869565217391304,0.10869565217391304,0.05434782608695652,0.06521739130434782,0.05434782608695652,0.010869565217391304,0.043478260869565216,0.021739130434782608,0.06521739130434782,0.010869565217391304,0.03260869565217391,0.05434782608695652,0.043478260869565216,0.15217391304347827,0.03260869565217391,0.043478260869565216,0.07608695652173914,0.010869565217391304,0.05434782608695652,0.37142857142857144,0.2571428571428571,0.22857142857142856,0.14285714285714285,1,7
"RNCMPT00019,max,AGAGACA,RBD_v3_000179",157,1,92,38,0.05434782608695652,0.010869565217391304,0.10869565217391304,0.05434782608695652,0.06521739130434782,0.05434782608695652,0.010869565217391304,0.043478260869565216,0.021739130434782608,0.06521739130434782,0.010869565217391304,0.03260869565217391,0.05434782608695652,0.043478260869565216,0.15217391304347827,0.03260869565217391,0.043478260869565216,0.07608695652173914,0.010869565217391304,0.05434782608695652,0.4473684210526316,0.23684210526315788,0.23684210526315788,0.07894736842105263,1,7
"RNCMPT00019,max,AGAGACA,RBD_v3_110944",157,1,92,38,0.05434782608695652,0.010869565217391304,0.10869565217391304,0.05434782608695652,0.06521739130434782,0.05434782608695652,0.010869565217391304,0.043478260869565216,0.021739130434782608,0.06521739130434782,0.010869565217391304,0.03260869565217391,0.05434782608695652,0.043478260869565216,0.15217391304347827,0.03260869565217391,0.043478260869565216,0.07608695652173914,0.010869565217391304,0.05434782608695652,0.4473684210526316,0.23684210526315788,0.23684210526315788,0.07894736842105263,1,7
"RNCMPT00019,min,UUUCUUU,RBD_v3_036113",157,0,92,38,0.05434782608695652,0.010869565217391304,0.10869565217391304,0.05434782608695652,0.06521739130434782,0.05434782608695652,0.010869565217391304,0.043478260869565216,0.021739130434782608,0.06521739130434782,0.010869565217391304,0.03260869565217391,0.05434782608695652,0.043478260869565216,0.15217391304347827,0.03260869565217391,0.043478260869565216,0.07608695652173914,0.010869565217391304,0.05434782608695652,0.21052631578947367,0.2631578947368421,0.2631578947368421,0.2631578947368421,20,26
"RNCMPT00019,min,UUUCUUU,RBD_v3_205372",157,0,92,38,0.05434782608695652,0.010869565217391304,0.10869565217391304,0.05434782608695652,0.06521739130434782,0.05434782608695652,0.010869565217391304,0.043478260869565216,0.021739130434782608,0.06521739130434782,0.010869565217391304,0.03260869565217391,0.05434782608695652,0.043478260869565216,0.15217391304347827,0.03260869565217391,0.043478260869565216,0.07608695652173914,0.010869565217391304,0.05434782608695652,0.23684210526315788,0.18421052631578946,0.21052631578947367,0.3684210526315789,6,12
"RNCMPT00019,min,UUUUCUU,RBD_v3_173774",157,0,92,38,0.05434782608695652,0.010869565217391304,0.10869565217391304,0.05434782608695652,0.06521739130434782,0.05434782608695652,0.010869565217391304,0.043478260869565216,0.021739130434782608,0.06521739130434782,0.010869565217391304,0.03260869565217391,0.05434782608695652,0.043478260869565216,0.15217391304347827,0.03260869565217391,0.043478260869565216,0.07608695652173914,0.010869565217391304,0.05434782608695652,0.13157894736842105,0.18421052631578946,0.23684210526315788,0.4473684210526316,8,14
"RNCMPT00020,max,GGACAGA,RBD_v3_206033",38,1,232,38,0.06465517241379311,0.008620689655172414,0.034482758620689655,0.10344827586206896,0.034482758620689655,0.09482758620689655,0.017241379310344827,0.05172413793103448,0.05172413793103448,0.09913793103448276,0.017241379310344827,0.034482758620689655,0.034482758620689655,0.05603448275862069,0.08189655172413793,0.06465517241379311,0.05603448275862069,0.07327586206896551,0.0,0.021551724137931036,0.2894736842105263,0.18421052631578946,0.39473684210526316,0.13157894736842105,15,21
"RNCMPT00020,max,GGACAGG,RBD_v3_149215",38,1,232,38,0.06465517241379311,0.008620689655172414,0.034482758620689655,0.10344827586206896,0.034482758620689655,0.09482758620689655,0.017241379310344827,0.05172413793103448,0.05172413793103448,0.09913793103448276,0.017241379310344827,0.034482758620689655,0.034482758620689655,0.05603448275862069,0.08189655172413793,0.06465517241379311,0.05603448275862069,0.07327586206896551,0.0,0.021551724137931036,0.34210526315789475,0.2631578947368421,0.2894736842105263,0.10526315789473684,2,8
"RNCMPT00020,max,GGACAGG,RBD_v3_231818",38,1,232,38,0.06465517241379311,0.008620689655172414,0.034482758620689655,0.10344827586206896,0.034482758620689655,0.09482758620689655,0.017241379310344827,0.05172413793103448,0.05172413793103448,0.09913793103448276,0.017241379310344827,0.034482758620689655,0.034482758620689655,0.05603448275862069,0.08189655172413793,0.06465517241379311,0.05603448275862069,0.07327586206896551,0.0,0.021551724137931036,0.34210526315789475,0.2631578947368421,0.2894736842105263,0.10526315789473684,2,8
"RNCMPT00020,min,CCAUGUC,RBD_v3_203687",38,0,232,38,0.06465517241379311,0.008620689655172414,0.034482758620689655,0.10344827586206896,0.034482758620689655,0.09482758620689655,0.017241379310344827,0.05172413793103448,0.05172413793103448,0.09913793103448276,0.017241379310344827,0.034482758620689655,0.034482758620689655,0.05603448275862069,0.08189655172413793,0.06465517241379311,0.05603448275862069,0.07327586206896551,0.0,0.021551724137931036,0.23684210526315788,0.2631578947368421,0.21052631578947367,0.2894736842105263,28,34
"RNCMPT00020,min,CCCCUCC,RBD_v3_006599",38,0,232,38,0.06465517241379311,0.008620689655172414,0.034482758620689655,0.10344827586206896,0.034482758620689655,0.09482758620689655,0.017241379310344827,0.05172413793103448,0.05172413793103448,0.09913793103448276,0.017241379310344827,0.034482758620689655,0.034482758620689655,0.05603448275862069,0.08189655172413793,0.06465517241379311,0.05603448275862069,0.07327586206896551,0.0,0.021551724137931036,0.23684210526315788,0.34210526315789475,0.18421052631578946,0.23684210526315788,7,13
"RNCMPT00020,min,CUCACCC,RBD_v3_157859",38,0,232,38,0.06465517241379311,0.008620689655172414,0.034482758620689655,0.10344827586206896,0.034482758620689655,0.09482758620689655,0.017241379310344827,0.05172413793103448,0.05172413793103448,0.09913793103448276,0.017241379310344827,0.034482758620689655,0.034482758620689655,0.05603448275862069,0.08189655172413793,0.06465517241379311,0.05603448275862069,0.07327586206896551,0.0,0.021551724137931036,0.23684210526315788,0.2631578947368421,0.23684210526315788,0.2631578947368421,16,22
"RNCMPT00021,max,AGGAUAA,RBD_v3_144446",39,1,167,38,0.017964071856287425,0.0,0.07784431137724551,0.08383233532934131,0.05389221556886228,0.12574850299401197,0.011976047904191617,0.05389221556886228,0.03592814371257485,0.041916167664670656,0.029940119760479042,0.05389221556886228,0.08982035928143713,0.03592814371257485,0.16167664670658682,0.029940119760479042,0.017964071856287425,0.0718562874251497,0.0,0.005988023952095809,0.34210526315789475,0.15789473684210525,0.2631578947368421,0.23684210526315788,1,7
"RNCMPT00021,max,AGGAUGA,RBD_v3_102675",39,1,167,30,0.017964071856287425,0.0,0.07784431137724551,0.08383233532934131,0.05389221556886228,0.12574850299401197,0.011976047904191617,0.05389221556886228,0.03592814371257485,0.041916167664670656,0.029940119760479042,0.05389221556886228,0.08982035928143713,0.03592814371257485,0.16167664670658682,0.029940119760479042,0.017964071856287425,0.0718562874251497,0.0,0.005988023952095809,0.16666666666666666,0.3,0.26666666666666666,0.26666666666666666,1,7
"RNCMPT00021,max,AGGAUGA,RBD_v3_187050",39,1,167,38,0.017964071856287425,0.0,0.07784431137724551,0.08383233532934131,0.05389221556886228,0.12574850299401197,0.011976047904191617,0.05389221556886228,0.03592814371257485,0.041916167664670656,0.029940119760479042,0.05389221556886228,0.08982035928143713,0.03592814371257485,0.16167664670658682,0.029940119760479042,0.017964071856287425,0.0718562874251497,0.0,0.005988023952095809,0.3157894736842105,0.18421052631578946,0.2894736842105263,0.21052631578947367,1,7
"RNCMPT00021,min,CCCCCCC,RBD_v3_197556",39,0,167,38,0.017964071856287425,0.0,0.07784431137724551,0.08383233532934131,0.05389221556886228,0.12574850299401197,0.011976047904191617,0.05389221556886228,0.03592814371257485,0.041916167664670656,0.029940119760479042,0.05389221556886228,0.08982035928143713,0.03592814371257485,0.16167664670658682,0.029940119760479042,0.017964071856287425,0.0718562874251497,0.0,0.005988023952095809,0.2631578947368421,0.34210526315789475,0.18421052631578946,0.21052631578947367,20,26
"RNCMPT00021,min,GAGUCGU,RBD_v3_033189",39,0,167,38,0.017964071856287425,0.0,0.07784431137724551,0.08383233532934131,0.05389221556886228,0.12574850299401197,0.011976047904191617,0.05389221556886228,0.03592814371257485,0.041916167664670656,0.029940119760479042,0.05389221556886228,0.08982035928143713,0.03592814371257485,0.16167664670658682,0.029940119760479042,0.017964071856287425,0.0718562874251497,0.0,0.005988023952095809,0.3157894736842105,0.18421052631578946,0.3684210526315789,0.13157894736842105,23,29
"RNCMPT00021,min,GAGUCGU,RBD_v3_098126",39,0,167,38,0.017964071856287425,0.0,0.07784431137724551,0.08383233532934131,0.05389221556886228,0.12574850299401197,0.011976047904191617,0.05389221556886228,0.03592814371257485,0.041916167664670656,0.029940119760479042,0.05389221556886228,0.08982035928143713,0.03592814371257485,0.16167664670658682,0.029940119760479042,0.017964071856287425,0.0718562874251497,0.0,0.005988023952095809,0.23684210526315788,0.2894736842105263,0.23684210526315788,0.23684210526315788,26,32
"RNCMPT00022,max,UAGGGUA,RBD_v3_091891",40,1,226,38,0.04424778761061947,0.008849557522123894,0.061946902654867256,0.07964601769911504,0.061946902654867256,0.13274336283185842,0.035398230088495575,0.035398230088495575,0.07079646017699115,0.035398230088495575,0.022123893805309734,0.035398230088495575,0.02654867256637168,0.030973451327433628,0.084070796460177,0.084070796460177,0.05309734513274336,0.0752212389380531,0.004424778761061947,0.017699115044247787,0.4473684210526316,0.13157894736842105,0.21052631578947367,0.21052631578947367,30,36
"RNCMPT00022,max,UAGGGUA,RBD_v3_211236",40,1,226,30,0.04424778761061947,0.008849557522123894,0.061946902654867256,0.07964601769911504,0.061946902654867256,0.13274336283185842,0.035398230088495575,0.035398230088495575,0.07079646017699115,0.035398230088495575,0.022123893805309734,0.035398230088495575,0.02654867256637168,0.030973451327433628,0.084070796460177,0.084070796460177,0.05309734513274336,0.0752212389380531,0.004424778761061947,0.017699115044247787,0.3,0.1,0.3333333333333333,0.26666666666666666,16,22
"RNCMPT00022,max,UUAGGGA,RBD_v3_233439",40,1,226,38,0.04424778761061947,0.008849557522123894,0.061946902654867256,0.07964601769911504,0.061946902654867256,0.13274336283185842,0.035398230088495575,0.035398230088495575,0.07079646017699115,0.035398230088495575,0.022123893805309734,0.035398230088495575,0.02654867256637168,0.030973451327433628,0.084070796460177,0.084070796460177,0.05309734513274336,0.0752212389380531,0.004424778761061947,0.017699115044247787,0.3684210526315789,0.13157894736842105,0.3684210526315789,0.13157894736842105,4,10
"RNCMPT00022,min,CCCUAUC,RBD_v3_167518",40,0,226,30,0.04424778761061947,0.008849557522123894,0.061946902654867256,0.07964601769911504,0.061946902654867256,0.13274336283185842,0.035398230088495575,0.035398230088495575,0.07079646017699115,0.035398230088495575,0.022123893805309734,0.035398230088495575,0.02654867256637168,0.030973451327433628,0.084070796460177,0.084070796460177,0.05309734513274336,0.0752212389380531,0.004424778761061947,0.017699115044247787,0.26666666666666666,0.36666666666666664,0.2,0.16666666666666666,11,17
"RNCMPT00022,min,CCCUCUG,RBD_v3_107106",40,0,226,38,0.04424778761061947,0.008849557522123894,0.061946902654867256,0.07964601769911504,0.061946902654867256,0.13274336283185842,0.035398230088495575,0.035398230088495575,0.07079646017699115,0.035398230088495575,0.022123893805309734,0.035398230088495575,0.02654867256637168,0.030973451327433628,0.084070796460177,0.084070796460177,0.05309734513274336,0.0752212389380531,0.004424778761061947,0.017699115044247787,0.23684210526315788,0.3684210526315789,0.15789473684210525,0.23684210526315788,5,11
"RNCMPT00022,min,CCCUGCU,RBD_v3_101886",40,0,226,38,0.04424778761061947,0.008849557522123894,0.061946902654867256,0.07964601769911504,0.061946902654867256,0.13274336283185842,0.035398230088495575,0.035398230088495575,0.07079646017699115,0.035398230088495575,0.022123893805309734,0.035398230088495575,0.02654867256637168,0.030973451327433628,0.084070796460177,0.084070796460177,0.05309734513274336,0.0752212389380531,0.004424778761061947,0.017699115044247787,0.2631578947368421,0.2894736842105263,0.23684210526315788,0.21052631578947367,6,12
"RNCMPT00023,max,UAGGGAA,RBD_v3_062154",41,1,226,35,0.04424778761061947,0.008849557522123894,0.06637168141592921,0.0752212389380531,0.061946902654867256,0.12831858407079647,0.035398230088495575,0.035398230088495575,0.0752212389380531,0.035398230088495575,0.022123893805309734,0.030973451327433628,0.030973451327433628,0.030973451327433628,0.084070796460177,0.0752212389380531,0.061946902654867256,0.0752212389380531,0.004424778761061947,0.017699115044247787,0.34285714285714286,0.11428571428571428,0.34285714285714286,0.2,9,15
"RNCMPT00023,max,UUAGGGU,RBD_v3_030985",41,1,226,38,0.04424778761061947,0.008849557522123894,0.06637168141592921,0.0752212389380531,0.061946902654867256,0.12831858407079647,0.035398230088495575,0.035398230088495575,0.0752212389380531,0.035398230088495575,0.022123893805309734,0.030973451327433628,0.030973451327433628,0.030973451327433628,0.084070796460177,0.0752212389380531,0.061946902654867256,0.0752212389380531,0.004424778761061947,0.017699115044247787,0.34210526315789475,0.15789473684210525,0.21052631578947367,0.2894736842105263,29,35
"RNCMPT00023,max,UUAGGGU,RBD_v3_225514",41,1,226,30,0.04424778761061947,0.008849557522123894,0.06637168141592921,0.0752212389380531,0.061946902654867256,0.12831858407079647,0.035398230088495575,0.035398230088495575,0.0752212389380531,0.035398230088495575,0.022123893805309734,0.030973451327433628,0.030973451327433628,0.030973451327433628,0.084070796460177,0.0752212389380531,0.061946902654867256,0.0752212389380531,0.004424778761061947,0.017699115044247787,0.26666666666666666,0.13333333333333333,0.3333333333333333,0.26666666666666666,13,19
"RNCMPT00023,min,CCUGCCC,RBD_v3_240297",41,0,226,38,0.04424778761061947,0.008849557522123894,0.06637168141592921,0.0752212389380531,0.061946902654867256,0.12831858407079647,0.035398230088495575,0.035398230088495575,0.0752212389380531,0.035398230088495575,0.022123893805309734,0.030973451327433628,0.030973451327433628,0.030973451327433628,0.084070796460177,0.0752212389380531,0.061946902654867256,0.0752212389380531,0.004424778761061947,0.017699115044247787,0.10526315789473684,0.3157894736842105,0.23684210526315788,0.34210526315789475,24,30
"RNCMPT00023,min,GACCCAC,RBD_v3_062235",41,0,226,38,0.04424778761061947,0.008849557522123894,0.06637168141592921,0.0752212389380531,0.061946902654867256,0.12831858407079647,0.035398230088495575,0.035398230088495575,0.0752212389380531,0.035398230088495575,0.022123893805309734,0.030973451327433628,0.030973451327433628,0.030973451327433628,0.084070796460177,0.0752212389380531,0.061946902654867256,0.0752212389380531,0.004424778761061947,0.017699115044247787,0.2894736842105263,0.34210526315789475,0.15789473684210525,0.21052631578947367,2,8
"RNCMPT00023,min,GACCCAC,RBD_v3_142476",41,0,226,38,0.04424778761061947,0.008849557522123894,0.06637168141592921,0.0752212389380531,0.061946902654867256,0.12831858407079647,0.035398230088495575,0.035398230088495575,0.0752212389380531,0.035398230088495575,0.022123893805309734,0.030973451327433628,0.030973451327433628,0.030973451327433628,0.084070796460177,0.0752212389380531,0.061946902654867256,0.0752212389380531,0.004424778761061947,0.017699115044247787,0.2631578947368421,0.34210526315789475,0.23684210526315788,0.15789473684210525,2,8
"RNCMPT00024,max,GAUAGGG,RBD_v3_151402",42,1,233,35,0.04721030042918455,0.004291845493562232,0.060085836909871244,0.0944206008583691,0.06437768240343347,0.12875536480686695,0.030042918454935622,0.03862660944206009,0.07725321888412018,0.04291845493562232,0.02145922746781116,0.02575107296137339,0.034334763948497854,0.030042918454935622,0.08583690987124463,0.06866952789699571,0.05150214592274678,0.06866952789699571,0.004291845493562232,0.02145922746781116,0.42857142857142855,0.17142857142857143,0.22857142857142856,0.17142857142857143,2,8
"RNCMPT00024,max,GAUAGGG,RBD_v3_215126",42,1,233,30,0.04721030042918455,0.004291845493562232,0.060085836909871244,0.0944206008583691,0.06437768240343347,0.12875536480686695,0.030042918454935622,0.03862660944206009,0.07725321888412018,0.04291845493562232,0.02145922746781116,0.02575107296137339,0.034334763948497854,0.030042918454935622,0.08583690987124463,0.06866952789699571,0.05150214592274678,0.06866952789699571,0.004291845493562232,0.02145922746781116,0.23333333333333334,0.13333333333333333,0.3333333333333333,0.3,2,8
"RNCMPT00024,max,UAGGGAA,RBD_v3_153573",42,1,233,38,0.04721030042918455,0.004291845493562232,0.060085836909871244,0.0944206008583691,0.06437768240343347,0.12875536480686695,0.030042918454935622,0.03862660944206009,0.07725321888412018,0.04291845493562232,0.02145922746781116,0.02575107296137339,0.034334763948497854,0.030042918454935622,0.08583690987124463,0.06866952789699571,0.05150214592274678,0.06866952789699571,0.004291845493562232,0.02145922746781116,0.3684210526315789,0.21052631578947367,0.2894736842105263,0.13157894736842105,8,14
"RNCMPT00024,min,CCCCGCU,RBD_v3_116028",42,0,233,38,0.04721030042918455,0.004291845493562232,0.060085836909871244,0.0944206008583691,0.06437768240343347,0.12875536480686695,0.030042918454935622,0.03862660944206009,0.07725321888412018,0.04291845493562232,0.02145922746781116,0.02575107296137339,0.034334763948497854,0.030042918454935622,0.08583690987124463,0.06866952789699571,0.05150214592274678,0.06866952789699571,0.004291845493562232,0.02145922746781116,0.23684210526315788,0.2894736842105263,0.23684210526315788,0.23684210526315788,10,16
"RNCMPT00024,min,CCGCCCC,RBD_v3_228331",42,0,233,35,0.04721030042918455,0.004291845493562232,0.060085836909871244,0.0944206008583691,0.06437768240343347,0.12875536480686695,0.030042918454935622,0.03862660944206009,0.07725321888412018,0.04291845493562232,0.02145922746781116,0.02575107296137339,0.034334763948497854,0.030042918454935622,0.08583690987124463,0.06866952789699571,0.05150214592274678,0.06866952789699571,0.004291845493562232,0.02145922746781116,0.37142857142857144,0.37142857142857144,0.22857142857142856,0.02857142857142857,16,22
"RNCMPT00024,min,CCUCCCC,RBD_v3_147055",42,0,233,30,0.04721030042918455,0.004291845493562232,0.060085836909871244,0.0944206008583691,0.06437768240343347,0.12875536480686695,0.030042918454935622,0.03862660944206009,0.07725321888412018,0.04291845493562232,0.02145922746781116,0.02575107296137339,0.034334763948497854,0.030042918454935622,0.08583690987124463,0.06866952789699571,0.05150214592274678,0.06866952789699571,0.004291845493562232,0.02145922746781116,0.16666666666666666,0.3333333333333333,0.26666666666666666,0.23333333333333334,17,23
"RNCMPT00025,max,AUUUUUG,RBD_v3_141431",44,1,131,38,0.09923664122137404,0.007633587786259542,0.061068702290076333,0.04580152671755725,0.04580152671755725,0.07633587786259542,0.015267175572519083,0.03816793893129771,0.06870229007633588,0.05343511450381679,0.030534351145038167,0.06870229007633588,0.03816793893129771,0.022900763358778626,0.061068702290076333,0.09923664122137404,0.030534351145038167,0.10687022900763359,0.0,0.030534351145038167,0.23684210526315788,0.2631578947368421,0.15789473684210525,0.34210526315789475,3,9
"RNCMPT00025,max,CUUUUUU,RBD_v3_152636",44,1,131,38,0.09923664122137404,0.007633587786259542,0.061068702290076333,0.04580152671755725,0.04580152671755725,0.07633587786259542,0.015267175572519083,0.03816793893129771,0.06870229007633588,0.05343511450381679,0.030534351145038167,0.06870229007633588,0.03816793893129771,0.022900763358778626,0.061068702290076333,0.09923664122137404,0.030534351145038167,0.10687022900763359,0.0,0.030534351145038167,0.21052631578947367,0.18421052631578946,0.23684210526315788,0.3684210526315789,29,35
"RNCMPT00025,max,UUUUUGC,RBD_v3_008256",44,1,131,38,0.09923664122137404,0.007633587786259542,0.061068702290076333,0.04580152671755725,0.04580152671755725,0.07633587786259542,0.015267175572519083,0.03816793893129771,0.06870229007633588,0.05343511450381679,0.030534351145038167,0.06870229007633588,0.03816793893129771,0.022900763358778626,0.061068702290076333,0.09923664122137404,0.030534351145038167,0.10687022900763359,0.0,0.030534351145038167,0.2631578947368421,0.23684210526315788,0.18421052631578946,0.3157894736842105,29,35
"RNCMPT00025,min,GAGUGAG,RBD_v3_087100",44,0,131,38,0.09923664122137404,0.007633587786259542,0.061068702290076333,0.04580152671755725,0.04580152671755725,0.07633587786259542,0.015267175572519083,0.03816793893129771,0.06870229007633588,0.05343511450381679,0.030534351145038167,0.06870229007633588,0.03816793893129771,0.022900763358778626,0.061068702290076333,0.09923664122137404,0.030534351145038167,0.10687022900763359,0.0,0.030534351145038167,0.3157894736842105,0.07894736842105263,0.42105263157894735,0.18421052631578946,30,36
"RNCMPT00025,min,GAGUGAG,RBD_v3_184833",44,0,131,38,0.09923664122137404,0.007633587786259542,0.061068702290076333,0.04580152671755725,0.04580152671755725,0.07633587786259542,0.015267175572519083,0.03816793893129771,0.06870229007633588,0.05343511450381679,0.030534351145038167,0.06870229007633588,0.03816793893129771,0.022900763358778626,0.061068702290076333,0.09923664122137404,0.030534351145038167,0.10687022900763359,0.0,0.030534351145038167,0.2894736842105263,0.21052631578947367,0.2631578947368421,0.23684210526315788,13,19
"RNCMPT00025,min,GAGUGAG,RBD_v3_219104",44,0,131,35,0.09923664122137404,0.007633587786259542,0.061068702290076333,0.04580152671755725,0.04580152671755725,0.07633587786259542,0.015267175572519083,0.03816793893129771,0.06870229007633588,0.05343511450381679,0.030534351145038167,0.06870229007633588,0.03816793893129771,0.022900763358778626,0.061068702290076333,0.09923664122137404,0.030534351145038167,0.10687022900763359,0.0,0.030534351145038167,0.2857142857142857,0.14285714285714285,0.34285714285714286,0.22857142857142856,27,33
"RNCMPT00026,max,AGACCAA,RBD_v3_026840",47,1,464,38,0.04741379310344827,0.010775862068965518,0.07327586206896551,0.07327586206896551,0.02586206896551724,0.1206896551724138,0.008620689655172414,0.07543103448275862,0.04525862068965517,0.0625,0.02586206896551724,0.02586206896551724,0.08836206896551724,0.04525862068965517,0.07758620689655173,0.0668103448275862,0.05172413793103448,0.032327586206896554,0.00646551724137931,0.036637931034482756,0.4473684210526316,0.2631578947368421,0.15789473684210525,0.13157894736842105,1,7
"RNCMPT00026,max,AGACCAA,RBD_v3_217627",47,1,464,38,0.04741379310344827,0.010775862068965518,0.07327586206896551,0.07327586206896551,0.02586206896551724,0.1206896551724138,0.008620689655172414,0.07543103448275862,0.04525862068965517,0.0625,0.02586206896551724,0.02586206896551724,0.08836206896551724,0.04525862068965517,0.07758620689655173,0.0668103448275862,0.05172413793103448,0.032327586206896554,0.00646551724137931,0.036637931034482756,0.4473684210526316,0.3157894736842105,0.18421052631578946,0.05263157894736842,25,31
"RNCMPT00026,max,CCAAACC,RBD_v3_092003",47,1,464,38,0.04741379310344827,0.010775862068965518,0.07327586206896551,0.07327586206896551,0.02586206896551724,0.1206896551724138,0.008620689655172414,0.07543103448275862,0.04525862068965517,0.0625,0.02586206896551724,0.02586206896551724,0.08836206896551724,0.04525862068965517,0.07758620689655173,0.0668103448275862,0.05172413793103448,0.032327586206896554,0.00646551724137931,0.036637931034482756,0.3684210526315789,0.34210526315789475,0.15789473684210525,0.13157894736842105,10,16
"RNCMPT00026,min,GGUGGGU,RBD_v3_135832",47,0,464,35,0.04741379310344827,0.010775862068965518,0.07327586206896551,0.07327586206896551,0.02586206896551724,0.1206896551724138,0.008620689655172414,0.07543103448275862,0.04525862068965517,0.0625,0.02586206896551724,0.02586206896551724,0.08836206896551724,0.04525862068965517,0.07758620689655173,0.0668103448275862,0.05172413793103448,0.032327586206896554,0.00646551724137931,0.036637931034482756,0.3142857142857143,0.11428571428571428,0.37142857142857144,0.2,24,30
"RNCMPT00026,min,UGGGUGU,RBD_v3_193862",47,0,464,35,0.04741379310344827,0.010775862068965518,0.07327586206896551,0.07327586206896551,0.02586206896551724,0.1206896551724138,0.008620689655172414,0.07543103448275862,0.04525862068965517,0.0625,0.02586206896551724,0.02586206896551724,0.08836206896551724,0.04525862068965517,0.07758620689655173,0.0668103448275862,0.05172413793103448,0.032327586206896554,0.00646551724137931,0.036637931034482756,0.3142857142857143,0.11428571428571428,0.4,0.17142857142857143,23,29
"RNCMPT00026,min,UGUGGGU,RBD_v3_070950",47,0,464,30,0.04741379310344827,0.010775862068965518,0.07327586206896551,0.07327586206896551,0.02586206896551724,0.1206896551724138,0.008620689655172414,0.07543103448275862,0.04525862068965517,0.0625,0.02586206896551724,0.02586206896551724,0.08836206896551724,0.04525862068965517,0.07758620689655173,0.0668103448275862,0.05172413793103448,0.032327586206896554,0.00646551724137931,0.036637931034482756,0.23333333333333334,0.1,0.36666666666666664,0.3,8,14
"RNCMPT00027,max,ACAAACA,RBD_v3_240735",48,1,558,38,0.06810035842293907,0.017921146953405017,0.05197132616487455,0.04838709677419355,0.03763440860215054,0.12724014336917563,0.03225806451612903,0.03225806451612903,0.05017921146953405,0.05734767025089606,0.023297491039426525,0.05913978494623656,0.08422939068100359,0.03942652329749104,0.044802867383512544,0.07347670250896057,0.03046594982078853,0.06810035842293907,0.0035842293906810036,0.05017921146953405,0.3684210526315789,0.23684210526315788,0.13157894736842105,0.2631578947368421,5,11
"RNCMPT00027,max,ACAUACA,RBD_v3_147622",48,1,558,38,0.06810035842293907,0.017921146953405017,0.05197132616487455,0.04838709677419355,0.03763440860215054,0.12724014336917563,0.03225806451612903,0.03225806451612903,0.05017921146953405,0.05734767025089606,0.023297491039426525,0.05913978494623656,0.08422939068100359,0.03942652329749104,0.044802867383512544,0.07347670250896057,0.03046594982078853,0.06810035842293907,0.0035842293906810036,0.05017921146953405,0.39473684210526316,0.18421052631578946,0.15789473684210525,0.2631578947368421,23,29
"RNCMPT00027,max,ACAUACA,RBD_v3_202152",48,1,558,38,0.06810035842293907,0.017921146953405017,0.05197132616487455,0.04838709677419355,0.03763440860215054,0.12724014336917563,0.03225806451612903,0.03225806451612903,0.05017921146953405,0.05734767025089606,0.023297491039426525,0.05913978494623656,0.08422939068100359,0.03942652329749104,0.044802867383512544,0.07347670250896057,0.03046594982078853,0.06810035842293907,0.0035842293906810036,0.05017921146953405,0.3684210526315789,0.21052631578947367,0.18421052631578946,0.23684210526315788,23,29
"RNCMPT00027,min,GGUGUGG,RBD_v3_094561",48,0,558,39,0.06810035842293907,0.017921146953405017,0.05197132616487455,0.04838709677419355,0.03763440860215054,0.12724014336917563,0.03225806451612903,0.03225806451612903,0.05017921146953405,0.05734767025089606,0.023297491039426525,0.05913978494623656,0.08422939068100359,0.03942652329749104,0.044802867383512544,0.07347670250896057,0.03046594982078853,0.06810035842293907,0.0035842293906810036,0.05017921146953405,0.05128205128205128,0.1282051282051282,0.46153846153846156,0.358974358974359,27,33
"RNCMPT00027,min,GGUGUGG,RBD_v3_174943",48,0,558,39,0.06810035842293907,0.017921146953405017,0.05197132616487455,0.04838709677419355,0.03763440860215054,0.12724014336917563,0.03225806451612903,0.03225806451612903,0.05017921146953405,0.05734767025089606,0.023297491039426525,0.05913978494623656,0.08422939068100359,0.03942652329749104,0.044802867383512544,0.07347670250896057,0.03046594982078853,0.06810035842293907,0.0035842293906810036,0.05017921146953405,0.05128205128205128,0.15384615384615385,0.46153846153846156,0.3333333333333333,21,27
"RNCMPT00027,min,GUGGGUG,RBD_v3_046788",48,0,558,38,0.06810035842293907,0.017921146953405017,0.05197132616487455,0.04838709677419355,0.03763440860215054,0.12724014336917563,0.03225806451612903,0.03225806451612903,0.05017921146953405,0.05734767025089606,0.023297491039426525,0.05913978494623656,0.08422939068100359,0.03942652329749104,0.044802867383512544,0.07347670250896057,0.03046594982078853,0.06810035842293907,0.0035842293906810036,0.05017921146953405,0.21052631578947367,0.10526315789473684,0.47368421052631576,0.21052631578947367,19,25
"RNCMPT00028,max,UAGGAUA,RBD_v3_203452",52,1,218,38,0.01834862385321101,0.01834862385321101,0.04128440366972477,0.0779816513761468,0.05504587155963303,0.12844036697247707,0.027522935779816515,0.03211009174311927,0.06880733944954129,0.05504587155963303,0.027522935779816515,0.08256880733944955,0.045871559633027525,0.04128440366972477,0.05504587155963303,0.05963302752293578,0.05963302752293578,0.06880733944954129,0.009174311926605505,0.027522935779816515,0.3157894736842105,0.10526315789473684,0.39473684210526316,0.18421052631578946,13,19
"RNCMPT00028,max,UAGGAUA,RBD_v3_230077",52,1,218,38,0.01834862385321101,0.01834862385321101,0.04128440366972477,0.0779816513761468,0.05504587155963303,0.12844036697247707,0.027522935779816515,0.03211009174311927,0.06880733944954129,0.05504587155963303,0.027522935779816515,0.08256880733944955,0.045871559633027525,0.04128440366972477,0.05504587155963303,0.05963302752293578,0.05963302752293578,0.06880733944954129,0.009174311926605505,0.027522935779816515,0.34210526315789475,0.15789473684210525,0.3157894736842105,0.18421052631578946,5,11
"RNCMPT00028,max,UAGGGUA,RBD_v3_227436",52,1,218,38,0.01834862385321101,0.01834862385321101,0.04128440366972477,0.0779816513761468,0.05504587155963303,0.12844036697247707,0.027522935779816515,0.03211009174311927,0.06880733944954129,0.05504587155963303,0.027522935779816515,0.08256880733944955,0.045871559633027525,0.04128440366972477,0.05504587155963303,0.05963302752293578,0.05963302752293578,0.06880733944954129,0.009174311926605505,0.027522935779816515,0.3157894736842105,0.15789473684210525,0.34210526315789475,0.18421052631578946,25,31
"RNCMPT00028,min,UCGUCUC,RBD_v3_013217",52,0,218,38,0.01834862385321101,0.01834862385321101,0.04128440366972477,0.0779816513761468,0.05504587155963303,0.12844036697247707,0.027522935779816515,0.03211009174311927,0.06880733944954129,0.05504587155963303,0.027522935779816515,0.08256880733944955,0.045871559633027525,0.04128440366972477,0.05504587155963303,0.05963302752293578,0.05963302752293578,0.06880733944954129,0.009174311926605505,0.027522935779816515,0.2631578947368421,0.2894736842105263,0.21052631578947367,0.23684210526315788,20,26
"RNCMPT00028,min,UCGUCUU,RBD_v3_118131",52,0,218,38,0.01834862385321101,0.01834862385321101,0.04128440366972477,0.0779816513761468,0.05504587155963303,0.12844036697247707,0.027522935779816515,0.03211009174311927,0.06880733944954129,0.05504587155963303,0.027522935779816515,0.08256880733944955,0.045871559633027525,0.04128440366972477,0.05504587155963303,0.05963302752293578,0.05963302752293578,0.06880733944954129,0.009174311926605505,0.027522935779816515,0.2894736842105263,0.21052631578947367,0.23684210526315788,0.2631578947368421,31,37
"RNCMPT00028,min,UCGUCUU,RBD_v3_170821",52,0,218,38,0.01834862385321101,0.01834862385321101,0.04128440366972477,0.0779816513761468,0.05504587155963303,0.12844036697247707,0.027522935779816515,0.03211009174311927,0.06880733944954129,0.05504587155963303,0.027522935779816515,0.08256880733944955,0.045871559633027525,0.04128440366972477,0.05504587155963303,0.05963302752293578,0.05963302752293578,0.06880733944954129,0.009174311926605505,0.027522935779816515,0.23684210526315788,0.2631578947368421,0.2631578947368421,0.23684210526315788,27,33
"RNCMPT00029,max,GGUAGGG,RBD_v3_060079",53,1,236,30,0.046610169491525424,0.00423728813559322,0.1059322033898305,0.05084745762711865,0.0423728813559322,0.15677966101694915,0.01694915254237288,0.059322033898305086,0.08898305084745763,0.038135593220338986,0.01694915254237288,0.046610169491525424,0.03389830508474576,0.05508474576271186,0.07203389830508475,0.03389830508474576,0.0423728813559322,0.05508474576271186,0.00847457627118644,0.025423728813559324,0.23333333333333334,0.06666666666666667,0.4666666666666667,0.23333333333333334,20,26
"RNCMPT00029,max,GGUAGGG,RBD_v3_110848",53,1,236,38,0.046610169491525424,0.00423728813559322,0.1059322033898305,0.05084745762711865,0.0423728813559322,0.15677966101694915,0.01694915254237288,0.059322033898305086,0.08898305084745763,0.038135593220338986,0.01694915254237288,0.046610169491525424,0.03389830508474576,0.05508474576271186,0.07203389830508475,0.03389830508474576,0.0423728813559322,0.05508474576271186,0.00847457627118644,0.025423728813559324,0.3157894736842105,0.10526315789473684,0.39473684210526316,0.18421052631578946,28,34
"RNCMPT00029,max,GUUAGGG,RBD_v3_029456",53,1,236,38,0.046610169491525424,0.00423728813559322,0.1059322033898305,0.05084745762711865,0.0423728813559322,0.15677966101694915,0.01694915254237288,0.059322033898305086,0.08898305084745763,0.038135593220338986,0.01694915254237288,0.046610169491525424,0.03389830508474576,0.05508474576271186,0.07203389830508475,0.03389830508474576,0.0423728813559322,0.05508474576271186,0.00847457627118644,0.025423728813559324,0.2894736842105263,0.15789473684210525,0.3684210526315789,0.18421052631578946,23,29
"RNCMPT00029,min,ACCCCCC,RBD_v3_172392",53,0,236,38,0.046610169491525424,0.00423728813559322,0.1059322033898305,0.05084745762711865,0.0423728813559322,0.15677966101694915,0.01694915254237288,0.059322033898305086,0.08898305084745763,0.038135593220338986,0.01694915254237288,0.046610169491525424,0.03389830508474576,0.05508474576271186,0.07203389830508475,0.03389830508474576,0.0423728813559322,0.05508474576271186,0.00847457627118644,0.025423728813559324,0.2894736842105263,0.3684210526315789,0.15789473684210525,0.18421052631578946,16,22
"RNCMPT00029,min,CCCCCCA,RBD_v3_017248",53,0,236,38,0.046610169491525424,0.00423728813559322,0.1059322033898305,0.05084745762711865,0.0423728813559322,0.15677966101694915,0.01694915254237288,0.059322033898305086,0.08898305084745763,0.038135593220338986,0.01694915254237288,0.046610169491525424,0.03389830508474576,0.05508474576271186,0.07203389830508475,0.03389830508474576,0.0423728813559322,0.05508474576271186,0.00847457627118644,0.025423728813559324,0.21052631578947367,0.39473684210526316,0.15789473684210525,0.23684210526315788,15,21
"RNCMPT00029,min,CCCCCCC,RBD_v3_190041",53,0,236,35,0.046610169491525424,0.00423728813559322,0.1059322033898305,0.05084745762711865,0.0423728813559322,0.15677966101694915,0.01694915254237288,0.059322033898305086,0.08898305084745763,0.038135593220338986,0.01694915254237288,0.046610169491525424,0.03389830508474576,0.05508474576271186,0.07203389830508475,0.03389830508474576,0.0423728813559322,0.05508474576271186,0.00847457627118644,0.025423728813559324,0.2,0.37142857142857144,0.17142857142857143,0.2571428571428571,19,25
"RNCMPT00031,max,UAUAUAG,RBD_v3_164163",56,1,194,38,0.03608247422680412,0.010309278350515464,0.0979381443298969,0.06701030927835051,0.06701030927835051,0.09278350515463918,0.010309278350515464,0.061855670103092786,0.10309278350515463,0.041237113402061855,0.020618556701030927,0.03608247422680412,0.03608247422680412,0.05154639175257732,0.061855670103092786,0.061855670103092786,0.061855670103092786,0.05670103092783505,0.010309278350515464,0.015463917525773196,0.21052631578947367,0.23684210526315788,0.23684210526315788,0.3157894736842105,4,10
"RNCMPT00031,max,UAUGUAA,RBD_v3_176750",56,1,194,38,0.03608247422680412,0.010309278350515464,0.0979381443298969,0.06701030927835051,0.06701030927835051,0.09278350515463918,0.010309278350515464,0.061855670103092786,0.10309278350515463,0.041237113402061855,0.020618556701030927,0.03608247422680412,0.03608247422680412,0.05154639175257732,0.061855670103092786,0.061855670103092786,0.061855670103092786,0.05670103092783505,0.010309278350515464,0.015463917525773196,0.2631578947368421,0.15789473684210525,0.2631578947368421,0.3157894736842105,4,10
"RNCMPT00031,max,UAUGUAG,RBD_v3_077175",56,1,194,38,0.03608247422680412,0.010309278350515464,0.0979381443298969,0.06701030927835051,0.06701030927835051,0.09278350515463918,0.010309278350515464,0.061855670103092786,0.10309278350515463,0.041237113402061855,0.020618556701030927,0.03608247422680412,0.03608247422680412,0.05154639175257732,0.061855670103092786,0.061855670103092786,0.061855670103092786,0.05670103092783505,0.010309278350515464,0.015463917525773196,0.34210526315789475,0.21052631578947367,0.18421052631578946,0.2631578947368421,15,21
"RNCMPT00031,min,AGAGUCG,RBD_v3_056515",56,0,194,35,0.03608247422680412,0.010309278350515464,0.0979381443298969,0.06701030927835051,0.06701030927835051,0.09278350515463918,0.010309278350515464,0.061855670103092786,0.10309278350515463,0.041237113402061855,0.020618556701030927,0.03608247422680412,0.03608247422680412,0.05154639175257732,0.061855670103092786,0.061855670103092786,0.061855670103092786,0.05670103092783505,0.010309278350515464,0.015463917525773196,0.2,0.2857142857142857,0.22857142857142856,0.2857142857142857,1,7
"RNCMPT00031,min,AGAGUCG,RBD_v3_184328",56,0,194,35,0.03608247422680412,0.010309278350515464,0.0979381443298969,0.06701030927835051,0.06701030927835051,0.09278350515463918,0.010309278350515464,0.061855670103092786,0.10309278350515463,0.041237113402061855,0.020618556701030927,0.03608247422680412,0.03608247422680412,0.05154639175257732,0.061855670103092786,0.061855670103092786,0.061855670103092786,0.05670103092783505,0.010309278350515464,0.015463917525773196,0.2571428571428571,0.2,0.4,0.14285714285714285,1,7
"RNCMPT00031,min,GAGUCGU,RBD_v3_061647",56,0,194,38,0.03608247422680412,0.010309278350515464,0.0979381443298969,0.06701030927835051,0.06701030927835051,0.09278350515463918,0.010309278350515464,0.061855670103092786,0.10309278350515463,0.041237113402061855,0.020618556701030927,0.03608247422680412,0.03608247422680412,0.05154639175257732,0.061855670103092786,0.061855670103092786,0.061855670103092786,0.05670103092783505,0.010309278350515464,0.015463917525773196,0.34210526315789475,0.21052631578947367,0.2631578947368421,0.18421052631578946,17,23
"RNCMPT00032,max,UUAUUUU,RBD_v3_157967",57,1,325,38,0.07076923076923076,0.009230769230769232,0.04923076923076923,0.046153846153846156,0.055384615384615386,0.08923076923076922,0.024615384615384615,0.05846153846153846,0.052307692307692305,0.06769230769230769,0.03076923076923077,0.07076923076923076,0.036923076923076927,0.036923076923076927,0.06153846153846154,0.08615384615384615,0.04923076923076923,0.06769230769230769,0.006153846153846154,0.03076923076923077,0.21052631578947367,0.23684210526315788,0.21052631578947367,0.34210526315789475,23,29
"RNCMPT00032,max,UUAUUUU,RBD_v3_205754",57,1,325,38,0.07076923076923076,0.009230769230769232,0.04923076923076923,0.046153846153846156,0.055384615384615386,0.08923076923076922,0.024615384615384615,0.05846153846153846,0.052307692307692305,0.06769230769230769,0.03076923076923077,0.07076923076923076,0.036923076923076927,0.036923076923076927,0.06153846153846154,0.08615384615384615,0.04923076923076923,0.06769230769230769,0.006153846153846154,0.03076923076923077,0.15789473684210525,0.23684210526315788,0.23684210526315788,0.3684210526315789,14,20
"RNCMPT00032,max,UUUUUUU,RBD_v3_125120",57,1,325,39,0.07076923076923076,0.009230769230769232,0.04923076923076923,0.046153846153846156,0.055384615384615386,0.08923076923076922,0.024615384615384615,0.05846153846153846,0.052307692307692305,0.06769230769230769,0.03076923076923077,0.07076923076923076,0.036923076923076927,0.036923076923076927,0.06153846153846154,0.08615384615384615,0.04923076923076923,0.06769230769230769,0.006153846153846154,0.03076923076923077,0.10256410256410256,0.1794871794871795,0.3076923076923077,0.41025641025641024,28,34
"RNCMPT00032,min,AGAGUCG,RBD_v3_160610",57,0,325,38,0.07076923076923076,0.009230769230769232,0.04923076923076923,0.046153846153846156,0.055384615384615386,0.08923076923076922,0.024615384615384615,0.05846153846153846,0.052307692307692305,0.06769230769230769,0.03076923076923077,0.07076923076923076,0.036923076923076927,0.036923076923076927,0.06153846153846154,0.08615384615384615,0.04923076923076923,0.06769230769230769,0.006153846153846154,0.03076923076923077,0.15789473684210525,0.3684210526315789,0.2894736842105263,0.18421052631578946,1,7
"RNCMPT00032,min,AGAGUCG,RBD_v3_240732",57,0,325,30,0.07076923076923076,0.009230769230769232,0.04923076923076923,0.046153846153846156,0.055384615384615386,0.08923076923076922,0.024615384615384615,0.05846153846153846,0.052307692307692305,0.06769230769230769,0.03076923076923077,0.07076923076923076,0.036923076923076927,0.036923076923076927,0.06153846153846154,0.08615384615384615,0.04923076923076923,0.06769230769230769,0.006153846153846154,0.03076923076923077,0.2,0.3333333333333333,0.3333333333333333,0.13333333333333333,1,7
"RNCMPT00032,min,GUGAGUC,RBD_v3_178007",57,0,325,38,0.07076923076923076,0.009230769230769232,0.04923076923076923,0.046153846153846156,0.055384615384615386,0.08923076923076922,0.024615384615384615,0.05846153846153846,0.052307692307692305,0.06769230769230769,0.03076923076923077,0.07076923076923076,0.036923076923076927,0.036923076923076927,0.06153846153846154,0.08615384615384615,0.04923076923076923,0.06769230769230769,0.006153846153846154,0.03076923076923077,0.2631578947368421,0.15789473684210525,0.3684210526315789,0.21052631578947367,25,31
"RNCMPT00033,max,AAACAUU,RBD_v3_238142",58,1,599,38,0.08180300500834725,0.00333889816360601,0.03005008347245409,0.08347245409015025,0.0333889816360601,0.07512520868113523,0.03171953255425709,0.08347245409015025,0.06844741235392321,0.07178631051752922,0.015025041736227046,0.038397328881469114,0.06343906510851419,0.06176961602671119,0.05008347245409015,0.06343906510851419,0.05509181969949917,0.06343906510851419,0.00333889816360601,0.02337228714524207,0.4473684210526316,0.13157894736842105,0.18421052631578946,0.23684210526315788,7,13
"RNCMPT00033,max,AACACAA,RBD_v3_006084",58,1,599,38,0.08180300500834725,0.00333889816360601,0.03005008347245409,0.08347245409015025,0.0333889816360601,0.07512520868113523,0.03171953255425709,0.08347245409015025,0.06844741235392321,0.07178631051752922,0.015025041736227046,0.038397328881469114,0.06343906510851419,0.06176961602671119,0.05008347245409015,0.06343906510851419,0.05509181969949917,0.06343906510851419,0.00333889816360601,0.02337228714524207,0.47368421052631576,0.10526315789473684,0.21052631578947367,0.21052631578947367,8,14
"RNCMPT00033,max,AACACAA,RBD_v3_056235",58,1,599,35,0.08180300500834725,0.00333889816360601,0.03005008347245409,0.08347245409015025,0.0333889816360601,0.07512520868113523,0.03171953255425709,0.08347245409015025,0.06844741235392321,0.07178631051752922,0.015025041736227046,0.038397328881469114,0.06343906510851419,0.06176961602671119,0.05008347245409015,0.06343906510851419,0.05509181969949917,0.06343906510851419,0.00333889816360601,0.02337228714524207,0.37142857142857144,0.22857142857142856,0.2,0.2,4,10
"RNCMPT00033,min,AGGGGGG,RBD_v3_127075",58,0,599,35,0.08180300500834725,0.00333889816360601,0.03005008347245409,0.08347245409015025,0.0333889816360601,0.07512520868113523,0.03171953255425709,0.08347245409015025,0.06844741235392321,0.07178631051752922,0.015025041736227046,0.038397328881469114,0.06343906510851419,0.06176961602671119,0.05008347245409015,0.06343906510851419,0.05509181969949917,0.06343906510851419,0.00333889816360601,0.02337228714524207,0.2571428571428571,0.2,0.4,0.14285714285714285,1,7
"RNCMPT00033,min,AGGGGGG,RBD_v3_166168",58,0,599,39,0.08180300500834725,0.00333889816360601,0.03005008347245409,0.08347245409015025,0.0333889816360601,0.07512520868113523,0.03171953255425709,0.08347245409015025,0.06844741235392321,0.07178631051752922,0.015025041736227046,0.038397328881469114,0.06343906510851419,0.06176961602671119,0.05008347245409015,0.06343906510851419,0.05509181969949917,0.06343906510851419,0.00333889816360601,0.02337228714524207,0.07692307692307693,0.1282051282051282,0.41025641025641024,0.38461538461538464,1,7
"RNCMPT00033,min,GGGGGGC,RBD_v3_202620",58,0,599,35,0.08180300500834725,0.00333889816360601,0.03005008347245409,0.08347245409015025,0.0333889816360601,0.07512520868113523,0.03171953255425709,0.08347245409015025,0.06844741235392321,0.07178631051752922,0.015025041736227046,0.038397328881469114,0.06343906510851419,0.06176961602671119,0.05008347245409015,0.06343906510851419,0.05509181969949917,0.06343906510851419,0.00333889816360601,0.02337228714524207,0.2,0.08571428571428572,0.45714285714285713,0.2571428571428571,4,10
"RNCMPT00034,max,AGAUAAA,RBD_v3_058877",62,1,183,38,0.060109289617486336,0.0,0.0546448087431694,0.1092896174863388,0.04371584699453552,0.07103825136612021,0.02185792349726776,0.04918032786885246,0.11475409836065574,0.11475409836065574,0.0273224043715847,0.04918032786885246,0.04918032786885246,0.04371584699453552,0.04371584699453552,0.03825136612021858,0.02185792349726776,0.060109289617486336,0.0,0.0273224043715847,0.34210526315789475,0.18421052631578946,0.2631578947368421,0.21052631578947367,1,7
"RNCMPT00034,max,AGAUAAA,RBD_v3_213884",62,1,183,38,0.060109289617486336,0.0,0.0546448087431694,0.1092896174863388,0.04371584699453552,0.07103825136612021,0.02185792349726776,0.04918032786885246,0.11475409836065574,0.11475409836065574,0.0273224043715847,0.04918032786885246,0.04918032786885246,0.04371584699453552,0.04371584699453552,0.03825136612021858,0.02185792349726776,0.060109289617486336,0.0,0.0273224043715847,0.42105263157894735,0.18421052631578946,0.21052631578947367,0.18421052631578946,1,7
"RNCMPT00034,max,AGAUAAA,RBD_v3_240203",62,1,183,35,0.060109289617486336,0.0,0.0546448087431694,0.1092896174863388,0.04371584699453552,0.07103825136612021,0.02185792349726776,0.04918032786885246,0.11475409836065574,0.11475409836065574,0.0273224043715847,0.04918032786885246,0.04918032786885246,0.04371584699453552,0.04371584699453552,0.03825136612021858,0.02185792349726776,0.060109289617486336,0.0,0.0273224043715847,0.4,0.2571428571428571,0.2,0.14285714285714285,14,20
"RNCMPT00034,min,CCCCCCC,RBD_v3_072654",62,0,183,38,0.060109289617486336,0.0,0.0546448087431694,0.1092896174863388,0.04371584699453552,0.07103825136612021,0.02185792349726776,0.04918032786885246,0.11475409836065574,0.11475409836065574,0.0273224043715847,0.04918032786885246,0.04918032786885246,0.04371584699453552,0.04371584699453552,0.03825136612021858,0.02185792349726776,0.060109289617486336,0.0,0.0273224043715847,0.21052631578947367,0.34210526315789475,0.21052631578947367,0.23684210526315788,29,35
"RNCMPT00034,min,CCCCCCC,RBD_v3_081256",62,0,183,38,0.060109289617486336,0.0,0.0546448087431694,0.1092896174863388,0.04371584699453552,0.07103825136612021,0.02185792349726776,0.04918032786885246,0.11475409836065574,0.11475409836065574,0.0273224043715847,0.04918032786885246,0.04918032786885246,0.04371584699453552,0.04371584699453552,0.03825136612021858,0.02185792349726776,0.060109289617486336,0.0,0.0273224043715847,0.2631578947368421,0.2894736842105263,0.23684210526315788,0.21052631578947367,11,17
"RNCMPT00034,min,CCCCCCC,RBD_v3_103200",62,0,183,38,0.060109289617486336,0.0,0.0546448087431694,0.1092896174863388,0.04371584699453552,0.07103825136612021,0.02185792349726776,0.04918032786885246,0.11475409836065574,0.11475409836065574,0.0273224043715847,0.04918032786885246,0.04918032786885246,0.04371584699453552,0.04371584699453552,0.03825136612021858,0.02185792349726776,0.060109289617486336,0.0,0.0273224043715847,0.23684210526315788,0.2894736842105263,0.2631578947368421,0.21052631578947367,5,11
"RNCMPT00035,max,CGUCGCG,RBD_v3_043484",63,1,207,38,0.057971014492753624,0.028985507246376812,0.05314009661835749,0.07246376811594203,0.03864734299516908,0.1111111111111111,0.014492753623188406,0.028985507246376812,0.06280193236714976,0.06280193236714976,0.014492753623188406,0.043478260869565216,0.057971014492753624,0.043478260869565216,0.07246376811594203,0.03864734299516908,0.06280193236714976,0.09178743961352658,0.004830917874396135,0.03864734299516908,0.15789473684210525,0.39473684210526316,0.18421052631578946,0.2631578947368421,30,36
"RNCMPT00035,max,UCGCGCG,RBD_v3_157981",63,1,207,39,0.057971014492753624,0.028985507246376812,0.05314009661835749,0.07246376811594203,0.03864734299516908,0.1111111111111111,0.014492753623188406,0.028985507246376812,0.06280193236714976,0.06280193236714976,0.014492753623188406,0.043478260869565216,0.057971014492753624,0.043478260869565216,0.07246376811594203,0.03864734299516908,0.06280193236714976,0.09178743961352658,0.004830917874396135,0.03864734299516908,0.1282051282051282,0.38461538461538464,0.23076923076923078,0.2564102564102564,26,32
"RNCMPT00035,max,UCGCGCG,RBD_v3_228493",63,1,207,38,0.057971014492753624,0.028985507246376812,0.05314009661835749,0.07246376811594203,0.03864734299516908,0.1111111111111111,0.014492753623188406,0.028985507246376812,0.06280193236714976,0.06280193236714976,0.014492753623188406,0.043478260869565216,0.057971014492753624,0.043478260869565216,0.07246376811594203,0.03864734299516908,0.06280193236714976,0.09178743961352658,0.004830917874396135,0.03864734299516908,0.15789473684210525,0.34210526315789475,0.18421052631578946,0.3157894736842105,31,37
"RNCMPT00035,min,AGGGUGG,RBD_v3_162024",63,0,207,38,0.057971014492753624,0.028985507246376812,0.05314009661835749,0.07246376811594203,0.03864734299516908,0.1111111111111111,0.014492753623188406,0.028985507246376812,0.06280193236714976,0.06280193236714976,0.014492753623188406,0.043478260869565216,0.057971014492753624,0.043478260869565216,0.07246376811594203,0.03864734299516908,0.06280193236714976,0.09178743961352658,0.004830917874396135,0.03864734299516908,0.21052631578947367,0.07894736842105263,0.5,0.21052631578947367,1,7
"RNCMPT00035,min,AGGGUGG,RBD_v3_176149",63,0,207,38,0.057971014492753624,0.028985507246376812,0.05314009661835749,0.07246376811594203,0.03864734299516908,0.1111111111111111,0.014492753623188406,0.028985507246376812,0.06280193236714976,0.06280193236714976,0.014492753623188406,0.043478260869565216,0.057971014492753624,0.043478260869565216,0.07246376811594203,0.03864734299516908,0.06280193236714976,0.09178743961352658,0.004830917874396135,0.03864734299516908,0.2631578947368421,0.18421052631578946,0.3684210526315789,0.18421052631578946,13,19
"RNCMPT00035,min,GCGAGGG,RBD_v3_050392",63,0,207,38,0.057971014492753624,0.028985507246376812,0.05314009661835749,0.07246376811594203,0.03864734299516908,0.1111111111111111,0.014492753623188406,0.028985507246376812,0.06280193236714976,0.06280193236714976,0.014492753623188406,0.043478260869565216,0.057971014492753624,0.043478260869565216,0.07246376811594203,0.03864734299516908,0.06280193236714976,0.09178743961352658,0.004830917874396135,0.03864734299516908,0.2894736842105263,0.21052631578947367,0.4473684210526316,0.05263157894736842,23,29
"RNCMPT00036,max,AACGGAG,RBD_v3_019641",64,1,209,35,0.10047846889952153,0.0430622009569378,0.028708133971291867,0.09090909090909091,0.05263157894736842,0.10047846889952153,0.03827751196172249,0.023923444976076555,0.08133971291866028,0.05741626794258373,0.028708133971291867,0.019138755980861243,0.07177033492822966,0.05263157894736842,0.05263157894736842,0.07177033492822966,0.023923444976076555,0.04784688995215311,0.004784688995215311,0.009569377990430622,0.4,0.22857142857142856,0.22857142857142856,0.14285714285714285,14,20
"RNCMPT00036,max,AGGAGAA,RBD_v3_111459",64,1,209,35,0.10047846889952153,0.0430622009569378,0.028708133971291867,0.09090909090909091,0.05263157894736842,0.10047846889952153,0.03827751196172249,0.023923444976076555,0.08133971291866028,0.05741626794258373,0.028708133971291867,0.019138755980861243,0.07177033492822966,0.05263157894736842,0.05263157894736842,0.07177033492822966,0.023923444976076555,0.04784688995215311,0.004784688995215311,0.009569377990430622,0.37142857142857144,0.17142857142857143,0.2857142857142857,0.17142857142857143,1,7
"RNCMPT00036,max,AGGAGAA,RBD_v3_117012",64,1,209,38,0.10047846889952153,0.0430622009569378,0.028708133971291867,0.09090909090909091,0.05263157894736842,0.10047846889952153,0.03827751196172249,0.023923444976076555,0.08133971291866028,0.05741626794258373,0.028708133971291867,0.019138755980861243,0.07177033492822966,0.05263157894736842,0.05263157894736842,0.07177033492822966,0.023923444976076555,0.04784688995215311,0.004784688995215311,0.009569377990430622,0.39473684210526316,0.10526315789473684,0.2894736842105263,0.21052631578947367,12,18
"RNCMPT00036,min,GGGGGGC,RBD_v3_030565",64,0,209,38,0.10047846889952153,0.0430622009569378,0.028708133971291867,0.09090909090909091,0.05263157894736842,0.10047846889952153,0.03827751196172249,0.023923444976076555,0.08133971291866028,0.05741626794258373,0.028708133971291867,0.019138755980861243,0.07177033492822966,0.05263157894736842,0.05263157894736842,0.07177033492822966,0.023923444976076555,0.04784688995215311,0.004784688995215311,0.009569377990430622,0.18421052631578946,0.15789473684210525,0.42105263157894735,0.23684210526315788,2,8
"RNCMPT00036,min,GGGGGGC,RBD_v3_063164",64,0,209,38,0.10047846889952153,0.0430622009569378,0.028708133971291867,0.09090909090909091,0.05263157894736842,0.10047846889952153,0.03827751196172249,0.023923444976076555,0.08133971291866028,0.05741626794258373,0.028708133971291867,0.019138755980861243,0.07177033492822966,0.05263157894736842,0.05263157894736842,0.07177033492822966,0.023923444976076555,0.04784688995215311,0.004784688995215311,0.009569377990430622,0.2631578947368421,0.23684210526315788,0.23684210526315788,0.2631578947368421,2,8
"RNCMPT00036,min,GGGGGGG,RBD_v3_097241",64,0,209,35,0.10047846889952153,0.0430622009569378,0.028708133971291867,0.09090909090909091,0.05263157894736842,0.10047846889952153,0.03827751196172249,0.023923444976076555,0.08133971291866028,0.05741626794258373,0.028708133971291867,0.019138755980861243,0.07177033492822966,0.05263157894736842,0.05263157894736842,0.07177033492822966,0.023923444976076555,0.04784688995215311,0.004784688995215311,0.009569377990430622,0.2,0.14285714285714285,0.4857142857142857,0.17142857142857143,14,20
"RNCMPT00037,max,AUCUUGU,RBD_v3_179722",71,1,253,38,0.05533596837944664,0.007905138339920948,0.05533596837944664,0.05138339920948617,0.03162055335968379,0.07905138339920949,0.03162055335968379,0.04743083003952569,0.11462450592885376,0.09486166007905138,0.03162055335968379,0.039525691699604744,0.05138339920948617,0.04743083003952569,0.06324110671936758,0.06324110671936758,0.03162055335968379,0.06324110671936758,0.003952569169960474,0.03557312252964427,0.23684210526315788,0.23684210526315788,0.21052631578947367,0.3157894736842105,3,9
"RNCMPT00037,max,CAAUCUU,RBD_v3_145925",71,1,253,38,0.05533596837944664,0.007905138339920948,0.05533596837944664,0.05138339920948617,0.03162055335968379,0.07905138339920949,0.03162055335968379,0.04743083003952569,0.11462450592885376,0.09486166007905138,0.03162055335968379,0.039525691699604744,0.05138339920948617,0.04743083003952569,0.06324110671936758,0.06324110671936758,0.03162055335968379,0.06324110671936758,0.003952569169960474,0.03557312252964427,0.2894736842105263,0.23684210526315788,0.2631578947368421,0.21052631578947367,22,28
"RNCMPT00037,max,CAUCUUG,RBD_v3_187060",71,1,253,38,0.05533596837944664,0.007905138339920948,0.05533596837944664,0.05138339920948617,0.03162055335968379,0.07905138339920949,0.03162055335968379,0.04743083003952569,0.11462450592885376,0.09486166007905138,0.03162055335968379,0.039525691699604744,0.05138339920948617,0.04743083003952569,0.06324110671936758,0.06324110671936758,0.03162055335968379,0.06324110671936758,0.003952569169960474,0.03557312252964427,0.34210526315789475,0.15789473684210525,0.21052631578947367,0.2894736842105263,5,11
"RNCMPT00037,min,AGGGGGG,RBD_v3_022887",71,0,253,30,0.05533596837944664,0.007905138339920948,0.05533596837944664,0.05138339920948617,0.03162055335968379,0.07905138339920949,0.03162055335968379,0.04743083003952569,0.11462450592885376,0.09486166007905138,0.03162055335968379,0.039525691699604744,0.05138339920948617,0.04743083003952569,0.06324110671936758,0.06324110671936758,0.03162055335968379,0.06324110671936758,0.003952569169960474,0.03557312252964427,0.23333333333333334,0.06666666666666667,0.5333333333333333,0.16666666666666666,7,13
"RNCMPT00037,min,AGGGGGG,RBD_v3_040386",71,0,253,35,0.05533596837944664,0.007905138339920948,0.05533596837944664,0.05138339920948617,0.03162055335968379,0.07905138339920949,0.03162055335968379,0.04743083003952569,0.11462450592885376,0.09486166007905138,0.03162055335968379,0.039525691699604744,0.05138339920948617,0.04743083003952569,0.06324110671936758,0.06324110671936758,0.03162055335968379,0.06324110671936758,0.003952569169960474,0.03557312252964427,0.2857142857142857,0.2,0.42857142857142855,0.08571428571428572,5,11
"RNCMPT00037,min,AGGGGGG,RBD_v3_204569",71,0,253,35,0.05533596837944664,0.007905138339920948,0.05533596837944664,0.05138339920948617,0.03162055335968379,0.07905138339920949,0.03162055335968379,0.04743083003952569,0.11462450592885376,0.09486166007905138,0.03162055335968379,0.039525691699604744,0.05138339920948617,0.04743083003952569,0.06324110671936758,0.06324110671936758,0.03162055335968379,0.06324110671936758,0.003952569169960474,0.03557312252964427,0.22857142857142856,0.11428571428571428,0.37142857142857144,0.2857142857142857,3,9
"RNCMPT00038,max,AGCUUGC,RBD_v3_000447",72,1,382,30,0.14921465968586387,0.03664921465968586,0.02356020942408377,0.034031413612565446,0.028795811518324606,0.041884816753926704,0.02617801047120419,0.03664921465968586,0.041884816753926704,0.06806282722513089,0.041884816753926704,0.05235602094240838,0.09162303664921466,0.06544502617801047,0.04450261780104712,0.05235602094240838,0.07853403141361257,0.06282722513089005,0.002617801047120419,0.020942408376963352,0.2,0.23333333333333334,0.3333333333333333,0.23333333333333334,12,18
"RNCMPT00038,max,AGCUUGC,RBD_v3_109662",72,1,382,30,0.14921465968586387,0.03664921465968586,0.02356020942408377,0.034031413612565446,0.028795811518324606,0.041884816753926704,0.02617801047120419,0.03664921465968586,0.041884816753926704,0.06806282722513089,0.041884816753926704,0.05235602094240838,0.09162303664921466,0.06544502617801047,0.04450261780104712,0.05235602094240838,0.07853403141361257,0.06282722513089005,0.002617801047120419,0.020942408376963352,0.2,0.23333333333333334,0.3333333333333333,0.23333333333333334,12,18
"RNCMPT00038,max,GCUUGCU,RBD_v3_053484",72,1,382,35,0.14921465968586387,0.03664921465968586,0.02356020942408377,0.034031413612565446,0.028795811518324606,0.041884816753926704,0.02617801047120419,0.03664921465968586,0.041884816753926704,0.06806282722513089,0.041884816753926704,0.05235602094240838,0.09162303664921466,0.06544502617801047,0.04450261780104712,0.05235602094240838,0.07853403141361257,0.06282722513089005,0.002617801047120419,0.020942408376963352,0.22857142857142856,0.22857142857142856,0.3142857142857143,0.22857142857142856,16,22
"RNCMPT00038,min,AGGUGUG,RBD_v3_016500",72,0,382,38,0.14921465968586387,0.03664921465968586,0.02356020942408377,0.034031413612565446,0.028795811518324606,0.041884816753926704,0.02617801047120419,0.03664921465968586,0.041884816753926704,0.06806282722513089,0.041884816753926704,0.05235602094240838,0.09162303664921466,0.06544502617801047,0.04450261780104712,0.05235602094240838,0.07853403141361257,0.06282722513089005,0.002617801047120419,0.020942408376963352,0.3157894736842105,0.15789473684210525,0.34210526315789475,0.18421052631578946,1,7
"RNCMPT00038,min,AGGUGUG,RBD_v3_150384",72,0,382,38,0.14921465968586387,0.03664921465968586,0.02356020942408377,0.034031413612565446,0.028795811518324606,0.041884816753926704,0.02617801047120419,0.03664921465968586,0.041884816753926704,0.06806282722513089,0.041884816753926704,0.05235602094240838,0.09162303664921466,0.06544502617801047,0.04450261780104712,0.05235602094240838,0.07853403141361257,0.06282722513089005,0.002617801047120419,0.020942408376963352,0.2631578947368421,0.18421052631578946,0.2894736842105263,0.2631578947368421,30,36
"RNCMPT00038,min,AGUGGUG,RBD_v3_024885",72,0,382,35,0.14921465968586387,0.03664921465968586,0.02356020942408377,0.034031413612565446,0.028795811518324606,0.041884816753926704,0.02617801047120419,0.03664921465968586,0.041884816753926704,0.06806282722513089,0.041884816753926704,0.05235602094240838,0.09162303664921466,0.06544502617801047,0.04450261780104712,0.05235602094240838,0.07853403141361257,0.06282722513089005,0.002617801047120419,0.020942408376963352,0.22857142857142856,0.08571428571428572,0.2571428571428571,0.42857142857142855,18,24
"RNCMPT00039,max,UAAUAUU,RBD_v3_034143",74,1,468,38,0.07905982905982906,0.014957264957264958,0.04700854700854701,0.04487179487179487,0.02564102564102564,0.06196581196581197,0.038461538461538464,0.02564102564102564,0.03632478632478633,0.04700854700854701,0.05555555555555555,0.05128205128205128,0.10256410256410256,0.09615384615384616,0.0641025641025641,0.0641025641025641,0.05555555555555555,0.03632478632478633,0.002136752136752137,0.05128205128205128,0.3684210526315789,0.15789473684210525,0.23684210526315788,0.23684210526315788,5,11
"RNCMPT00039,max,UAAUAUU,RBD_v3_045196",74,1,468,38,0.07905982905982906,0.014957264957264958,0.04700854700854701,0.04487179487179487,0.02564102564102564,0.06196581196581197,0.038461538461538464,0.02564102564102564,0.03632478632478633,0.04700854700854701,0.05555555555555555,0.05128205128205128,0.10256410256410256,0.09615384615384616,0.0641025641025641,0.0641025641025641,0.05555555555555555,0.03632478632478633,0.002136752136752137,0.05128205128205128,0.3684210526315789,0.13157894736842105,0.2631578947368421,0.23684210526315788,19,25
"RNCMPT00039,max,UAAUAUU,RBD_v3_048705",74,1,468,38,0.07905982905982906,0.014957264957264958,0.04700854700854701,0.04487179487179487,0.02564102564102564,0.06196581196581197,0.038461538461538464,0.02564102564102564,0.03632478632478633,0.04700854700854701,0.05555555555555555,0.05128205128205128,0.10256410256410256,0.09615384615384616,0.0641025641025641,0.0641025641025641,0.05555555555555555,0.03632478632478633,0.002136752136752137,0.05128205128205128,0.3157894736842105,0.18421052631578946,0.2631578947368421,0.23684210526315788,7,13
"RNCMPT00039,min,CAGUCGA,RBD_v3_018083",74,0,468,38,0.07905982905982906,0.014957264957264958,0.04700854700854701,0.04487179487179487,0.02564102564102564,0.06196581196581197,0.038461538461538464,0.02564102564102564,0.03632478632478633,0.04700854700854701,0.05555555555555555,0.05128205128205128,0.10256410256410256,0.09615384615384616,0.0641025641025641,0.0641025641025641,0.05555555555555555,0.03632478632478633,0.002136752136752137,0.05128205128205128,0.34210526315789475,0.21052631578947367,0.2631578947368421,0.18421052631578946,24,30
"RNCMPT00039,min,CAGUCGA,RBD_v3_139246",74,0,468,35,0.07905982905982906,0.014957264957264958,0.04700854700854701,0.04487179487179487,0.02564102564102564,0.06196581196581197,0.038461538461538464,0.02564102564102564,0.03632478632478633,0.04700854700854701,0.05555555555555555,0.05128205128205128,0.10256410256410256,0.09615384615384616,0.0641025641025641,0.0641025641025641,0.05555555555555555,0.03632478632478633,0.002136752136752137,0.05128205128205128,0.3142857142857143,0.34285714285714286,0.2,0.14285714285714285,14,20
"RNCMPT00039,min,GUGAGUC,RBD_v3_131385",74,0,468,38,0.07905982905982906,0.014957264957264958,0.04700854700854701,0.04487179487179487,0.02564102564102564,0.06196581196581197,0.038461538461538464,0.02564102564102564,0.03632478632478633,0.04700854700854701,0.05555555555555555,0.05128205128205128,0.10256410256410256,0.09615384615384616,0.0641025641025641,0.0641025641025641,0.05555555555555555,0.03632478632478633,0.002136752136752137,0.05128205128205128,0.23684210526315788,0.15789473684210525,0.42105263157894735,0.18421052631578946,12,18
"RNCMPT00040,max,AGUAGUU,RBD_v3_101106",76,1,100,35,0.08,0.02,0.04,0.09,0.07,0.05,0.03,0.03,0.12,0.01,0.02,0.04,0.05,0.07,0.05,0.03,0.08,0.11,0.0,0.01,0.2571428571428571,0.2,0.22857142857142856,0.3142857142857143,9,15
"RNCMPT00040,max,AGUAGUU,RBD_v3_234645",76,1,100,38,0.08,0.02,0.04,0.09,0.07,0.05,0.03,0.03,0.12,0.01,0.02,0.04,0.05,0.07,0.05,0.03,0.08,0.11,0.0,0.01,0.18421052631578946,0.13157894736842105,0.39473684210526316,0.2894736842105263,14,20
"RNCMPT00040,max,UAGGUAG,RBD_v3_229896",76,1,100,35,0.08,0.02,0.04,0.09,0.07,0.05,0.03,0.03,0.12,0.01,0.02,0.04,0.05,0.07,0.05,0.03,0.08,0.11,0.0,0.01,0.2571428571428571,0.14285714285714285,0.37142857142857144,0.22857142857142856,7,13
"RNCMPT00040,min,CCCCCCC,RBD_v3_153897",76,0,100,38,0.08,0.02,0.04,0.09,0.07,0.05,0.03,0.03,0.12,0.01,0.02,0.04,0.05,0.07,0.05,0.03,0.08,0.11,0.0,0.01,0.18421052631578946,0.34210526315789475,0.18421052631578946,0.2894736842105263,8,14
"RNCMPT00040,min,CCCCCCC,RBD_v3_181436",76,0,100,35,0.08,0.02,0.04,0.09,0.07,0.05,0.03,0.03,0.12,0.01,0.02,0.04,0.05,0.07,0.05,0.03,0.08,0.11,0.0,0.01,0.2857142857142857,0.4,0.11428571428571428,0.2,25,31
"RNCMPT00040,min,CCCCCCU,RBD_v3_059971",76,0,100,35,0.08,0.02,0.04,0.09,0.07,0.05,0.03,0.03,0.12,0.01,0.02,0.04,0.05,0.07,0.05,0.03,0.08,0.11,0.0,0.01,0.11428571428571428,0.3142857142857143,0.14285714285714285,0.42857142857142855,17,23
"RNCMPT00041,max,UAGGUAG,RBD_v3_152603",77,1,230,35,0.05217391304347826,0.017391304347826087,0.06086956521739131,0.06521739130434782,0.07391304347826087,0.09130434782608696,0.021739130434782608,0.030434782608695653,0.07391304347826087,0.04782608695652174,0.05652173913043478,0.017391304347826087,0.05652173913043478,0.04782608695652174,0.06086956521739131,0.05217391304347826,0.06956521739130435,0.0782608695652174,0.004347826086956522,0.021739130434782608,0.3142857142857143,0.17142857142857143,0.2857142857142857,0.22857142857142856,5,11
"RNCMPT00041,max,UAGGUAG,RBD_v3_241293",77,1,230,35,0.05217391304347826,0.017391304347826087,0.06086956521739131,0.06521739130434782,0.07391304347826087,0.09130434782608696,0.021739130434782608,0.030434782608695653,0.07391304347826087,0.04782608695652174,0.05652173913043478,0.017391304347826087,0.05652173913043478,0.04782608695652174,0.06086956521739131,0.05217391304347826,0.06956521739130435,0.0782608695652174,0.004347826086956522,0.021739130434782608,0.3142857142857143,0.17142857142857143,0.2857142857142857,0.22857142857142856,5,11
"RNCMPT00041,max,UAGUUAG,RBD_v3_043887",77,1,230,38,0.05217391304347826,0.017391304347826087,0.06086956521739131,0.06521739130434782,0.07391304347826087,0.09130434782608696,0.021739130434782608,0.030434782608695653,0.07391304347826087,0.04782608695652174,0.05652173913043478,0.017391304347826087,0.05652173913043478,0.04782608695652174,0.06086956521739131,0.05217391304347826,0.06956521739130435,0.0782608695652174,0.004347826086956522,0.021739130434782608,0.34210526315789475,0.21052631578947367,0.18421052631578946,0.2631578947368421,20,26
"RNCMPT00041,min,GUCGUCU,RBD_v3_154646",77,0,230,38,0.05217391304347826,0.017391304347826087,0.06086956521739131,0.06521739130434782,0.07391304347826087,0.09130434782608696,0.021739130434782608,0.030434782608695653,0.07391304347826087,0.04782608695652174,0.05652173913043478,0.017391304347826087,0.05652173913043478,0.04782608695652174,0.06086956521739131,0.05217391304347826,0.06956521739130435,0.0782608695652174,0.004347826086956522,0.021739130434782608,0.23684210526315788,0.2631578947368421,0.2631578947368421,0.23684210526315788,3,9
"RNCMPT00041,min,UCGUCUU,RBD_v3_023327",77,0,230,30,0.05217391304347826,0.017391304347826087,0.06086956521739131,0.06521739130434782,0.07391304347826087,0.09130434782608696,0.021739130434782608,0.030434782608695653,0.07391304347826087,0.04782608695652174,0.05652173913043478,0.017391304347826087,0.05652173913043478,0.04782608695652174,0.06086956521739131,0.05217391304347826,0.06956521739130435,0.0782608695652174,0.004347826086956522,0.021739130434782608,0.2,0.06666666666666667,0.26666666666666666,0.4666666666666667,5,11
"RNCMPT00041,min,UCGUCUU,RBD_v3_191229",77,0,230,30,0.05217391304347826,0.017391304347826087,0.06086956521739131,0.06521739130434782,0.07391304347826087,0.09130434782608696,0.021739130434782608,0.030434782608695653,0.07391304347826087,0.04782608695652174,0.05652173913043478,0.017391304347826087,0.05652173913043478,0.04782608695652174,0.06086956521739131,0.05217391304347826,0.06956521739130435,0.0782608695652174,0.004347826086956522,0.021739130434782608,0.1,0.3333333333333333,0.26666666666666666,0.3,4,10
"RNCMPT00042,max,AGAAAAA,RBD_v3_078881",81,1,75,38,0.05333333333333334,0.12,0.02666666666666667,0.05333333333333334,0.05333333333333334,0.06666666666666667,0.06666666666666667,0.05333333333333334,0.06666666666666667,0.04,0.013333333333333334,0.06666666666666667,0.08,0.013333333333333334,0.10666666666666667,0.02666666666666667,0.04,0.02666666666666667,0.0,0.02666666666666667,0.42105263157894735,0.10526315789473684,0.3157894736842105,0.15789473684210525,1,7
"RNCMPT00042,max,GAAAAAA,RBD_v3_145240",81,1,75,38,0.05333333333333334,0.12,0.02666666666666667,0.05333333333333334,0.05333333333333334,0.06666666666666667,0.06666666666666667,0.05333333333333334,0.06666666666666667,0.04,0.013333333333333334,0.06666666666666667,0.08,0.013333333333333334,0.10666666666666667,0.02666666666666667,0.04,0.02666666666666667,0.0,0.02666666666666667,0.42105263157894735,0.15789473684210525,0.2631578947368421,0.15789473684210525,12,18
"RNCMPT00042,max,GAAAAAA,RBD_v3_203948",81,1,75,38,0.05333333333333334,0.12,0.02666666666666667,0.05333333333333334,0.05333333333333334,0.06666666666666667,0.06666666666666667,0.05333333333333334,0.06666666666666667,0.04,0.013333333333333334,0.06666666666666667,0.08,0.013333333333333334,0.10666666666666667,0.02666666666666667,0.04,0.02666666666666667,0.0,0.02666666666666667,0.5,0.15789473684210525,0.21052631578947367,0.13157894736842105,2,8
"RNCMPT00042,min,AGGGGGG,RBD_v3_044820",81,0,75,38,0.05333333333333334,0.12,0.02666666666666667,0.05333333333333334,0.05333333333333334,0.06666666666666667,0.06666666666666667,0.05333333333333334,0.06666666666666667,0.04,0.013333333333333334,0.06666666666666667,0.08,0.013333333333333334,0.10666666666666667,0.02666666666666667,0.04,0.02666666666666667,0.0,0.02666666666666667,0.2631578947368421,0.2631578947368421,0.2894736842105263,0.18421052631578946,18,24
"RNCMPT00042,min,AGGGGGG,RBD_v3_091465",81,0,75,38,0.05333333333333334,0.12,0.02666666666666667,0.05333333333333334,0.05333333333333334,0.06666666666666667,0.06666666666666667,0.05333333333333334,0.06666666666666667,0.04,0.013333333333333334,0.06666666666666667,0.08,0.013333333333333334,0.10666666666666667,0.02666666666666667,0.04,0.02666666666666667,0.0,0.02666666666666667,0.21052631578947367,0.10526315789473684,0.47368421052631576,0.21052631578947367,1,7
"RNCMPT00042,min,AGGGGGG,RBD_v3_134069",81,0,75,30,0.05333333333333334,0.12,0.02666666666666667,0.05333333333333334,0.05333333333333334,0.06666666666666667,0.06666666666666667,0.05333333333333334,0.06666666666666667,0.04,0.013333333333333334,0.06666666666666667,0.08,0.013333333333333334,0.10666666666666667,0.02666666666666667,0.04,0.02666666666666667,0.0,0.02666666666666667,0.13333333333333333,0.1,0.36666666666666664,0.4,1,7
"RNCMPT00043,max,AAAAACA,RBD_v3_134704",90,1,414,38,0.08695652173913043,0.00966183574879227,0.05314009661835749,0.07729468599033816,0.06038647342995169,0.07246376811594203,0.00966183574879227,0.04589371980676329,0.0966183574879227,0.06521739130434782,0.033816425120772944,0.050724637681159424,0.033816425120772944,0.036231884057971016,0.06038647342995169,0.07004830917874397,0.028985507246376812,0.07246376811594203,0.0024154589371980675,0.033816425120772944,0.4473684210526316,0.13157894736842105,0.18421052631578946,0.23684210526315788,5,11
"RNCMPT00043,max,AAAAACA,RBD_v3_225575",90,1,414,38,0.08695652173913043,0.00966183574879227,0.05314009661835749,0.07729468599033816,0.06038647342995169,0.07246376811594203,0.00966183574879227,0.04589371980676329,0.0966183574879227,0.06521739130434782,0.033816425120772944,0.050724637681159424,0.033816425120772944,0.036231884057971016,0.06038647342995169,0.07004830917874397,0.028985507246376812,0.07246376811594203,0.0024154589371980675,0.033816425120772944,0.4473684210526316,0.18421052631578946,0.23684210526315788,0.13157894736842105,4,10
"RNCMPT00043,max,AAAAACA,RBD_v3_238142",90,1,414,38,0.08695652173913043,0.00966183574879227,0.05314009661835749,0.07729468599033816,0.06038647342995169,0.07246376811594203,0.00966183574879227,0.04589371980676329,0.0966183574879227,0.06521739130434782,0.033816425120772944,0.050724637681159424,0.033816425120772944,0.036231884057971016,0.06038647342995169,0.07004830917874397,0.028985507246376812,0.07246376811594203,0.0024154589371980675,0.033816425120772944,0.4473684210526316,0.13157894736842105,0.18421052631578946,0.23684210526315788,5,11
"RNCMPT00043,min,GUUUGGG,RBD_v3_041678",90,0,414,39,0.08695652173913043,0.00966183574879227,0.05314009661835749,0.07729468599033816,0.06038647342995169,0.07246376811594203,0.00966183574879227,0.04589371980676329,0.0966183574879227,0.06521739130434782,0.033816425120772944,0.050724637681159424,0.033816425120772944,0.036231884057971016,0.06038647342995169,0.07004830917874397,0.028985507246376812,0.07246376811594203,0.0024154589371980675,0.033816425120772944,0.10256410256410256,0.1282051282051282,0.38461538461538464,0.38461538461538464,32,38
"RNCMPT00043,min,UGUUUGG,RBD_v3_106110",90,0,414,30,0.08695652173913043,0.00966183574879227,0.05314009661835749,0.07729468599033816,0.06038647342995169,0.07246376811594203,0.00966183574879227,0.04589371980676329,0.0966183574879227,0.06521739130434782,0.033816425120772944,0.050724637681159424,0.033816425120772944,0.036231884057971016,0.06038647342995169,0.07004830917874397,0.028985507246376812,0.07246376811594203,0.0024154589371980675,0.033816425120772944,0.16666666666666666,0.23333333333333334,0.36666666666666664,0.23333333333333334,23,29
"RNCMPT00043,min,UGUUUGG,RBD_v3_184459",90,0,414,39,0.08695652173913043,0.00966183574879227,0.05314009661835749,0.07729468599033816,0.06038647342995169,0.07246376811594203,0.00966183574879227,0.04589371980676329,0.0966183574879227,0.06521739130434782,0.033816425120772944,0.050724637681159424,0.033816425120772944,0.036231884057971016,0.06038647342995169,0.07004830917874397,0.028985507246376812,0.07246376811594203,0.0024154589371980675,0.033816425120772944,0.10256410256410256,0.10256410256410256,0.41025641025641024,0.38461538461538464,24,30
"RNCMPT00044,max,CCCCCCC,RBD_v3_095560",95,1,335,30,0.07462686567164178,0.01791044776119403,0.023880597014925373,0.05970149253731343,0.014925373134328358,0.1044776119402985,0.014925373134328358,0.11044776119402985,0.050746268656716415,0.0626865671641791,0.03283582089552239,0.03283582089552239,0.056716417910447764,0.056716417910447764,0.03880597014925373,0.1044776119402985,0.07164179104477612,0.05373134328358209,0.0029850746268656717,0.014925373134328358,0.13333333333333333,0.43333333333333335,0.3333333333333333,0.1,17,23
"RNCMPT00044,max,CCUUCCC,RBD_v3_003952",95,1,335,38,0.07462686567164178,0.01791044776119403,0.023880597014925373,0.05970149253731343,0.014925373134328358,0.1044776119402985,0.014925373134328358,0.11044776119402985,0.050746268656716415,0.0626865671641791,0.03283582089552239,0.03283582089552239,0.056716417910447764,0.056716417910447764,0.03880597014925373,0.1044776119402985,0.07164179104477612,0.05373134328358209,0.0029850746268656717,0.014925373134328358,0.2894736842105263,0.34210526315789475,0.10526315789473684,0.2631578947368421,15,21
"RNCMPT00044,max,CCUUUCC,RBD_v3_066099",95,1,335,38,0.07462686567164178,0.01791044776119403,0.023880597014925373,0.05970149253731343,0.014925373134328358,0.1044776119402985,0.014925373134328358,0.11044776119402985,0.050746268656716415,0.0626865671641791,0.03283582089552239,0.03283582089552239,0.056716417910447764,0.056716417910447764,0.03880597014925373,0.1044776119402985,0.07164179104477612,0.05373134328358209,0.0029850746268656717,0.014925373134328358,0.13157894736842105,0.2894736842105263,0.23684210526315788,0.34210526315789475,29,35
"RNCMPT00044,min,GGGCGGG,RBD_v3_023026",95,0,335,30,0.07462686567164178,0.01791044776119403,0.023880597014925373,0.05970149253731343,0.014925373134328358,0.1044776119402985,0.014925373134328358,0.11044776119402985,0.050746268656716415,0.0626865671641791,0.03283582089552239,0.03283582089552239,0.056716417910447764,0.056716417910447764,0.03880597014925373,0.1044776119402985,0.07164179104477612,0.05373134328358209,0.0029850746268656717,0.014925373134328358,0.3333333333333333,0.13333333333333333,0.4,0.13333333333333333,20,26
"RNCMPT00044,min,GGGCGGG,RBD_v3_078608",95,0,335,38,0.07462686567164178,0.01791044776119403,0.023880597014925373,0.05970149253731343,0.014925373134328358,0.1044776119402985,0.014925373134328358,0.11044776119402985,0.050746268656716415,0.0626865671641791,0.03283582089552239,0.03283582089552239,0.056716417910447764,0.056716417910447764,0.03880597014925373,0.1044776119402985,0.07164179104477612,0.05373134328358209,0.0029850746268656717,0.014925373134328358,0.34210526315789475,0.23684210526315788,0.3157894736842105,0.10526315789473684,2,8
"RNCMPT00044,min,GGGCGGG,RBD_v3_214839",95,0,335,35,0.07462686567164178,0.01791044776119403,0.023880597014925373,0.05970149253731343,0.014925373134328358,0.1044776119402985,0.014925373134328358,0.11044776119402985,0.050746268656716415,0.0626865671641791,0.03283582089552239,0.03283582089552239,0.056716417910447764,0.056716417910447764,0.03880597014925373,0.1044776119402985,0.07164179104477612,0.05373134328358209,0.0029850746268656717,0.014925373134328358,0.2571428571428571,0.2,0.2857142857142857,0.2571428571428571,11,17
"RNCMPT00045,max,GCGCGCG,RBD_v3_037870",103,1,164,35,0.04878048780487805,0.018292682926829267,0.07317073170731707,0.07317073170731707,0.07317073170731707,0.04878048780487805,0.024390243902439025,0.036585365853658534,0.04878048780487805,0.04878048780487805,0.006097560975609756,0.012195121951219513,0.036585365853658534,0.054878048780487805,0.15853658536585366,0.12804878048780488,0.024390243902439025,0.042682926829268296,0.0,0.042682926829268296,0.14285714285714285,0.42857142857142855,0.22857142857142856,0.2,28,34
"RNCMPT00045,max,GCGCGCG,RBD_v3_162833",103,1,164,30,0.04878048780487805,0.018292682926829267,0.07317073170731707,0.07317073170731707,0.07317073170731707,0.04878048780487805,0.024390243902439025,0.036585365853658534,0.04878048780487805,0.04878048780487805,0.006097560975609756,0.012195121951219513,0.036585365853658534,0.054878048780487805,0.15853658536585366,0.12804878048780488,0.024390243902439025,0.042682926829268296,0.0,0.042682926829268296,0.16666666666666666,0.3333333333333333,0.43333333333333335,0.06666666666666667,20,26
"RNCMPT00045,max,UGCGCGC,RBD_v3_235837",103,1,164,38,0.04878048780487805,0.018292682926829267,0.07317073170731707,0.07317073170731707,0.07317073170731707,0.04878048780487805,0.024390243902439025,0.036585365853658534,0.04878048780487805,0.04878048780487805,0.006097560975609756,0.012195121951219513,0.036585365853658534,0.054878048780487805,0.15853658536585366,0.12804878048780488,0.024390243902439025,0.042682926829268296,0.0,0.042682926829268296,0.2631578947368421,0.23684210526315788,0.2631578947368421,0.23684210526315788,11,17
"RNCMPT00045,min,GGGGGGG,RBD_v3_162504",103,0,164,38,0.04878048780487805,0.018292682926829267,0.07317073170731707,0.07317073170731707,0.07317073170731707,0.04878048780487805,0.024390243902439025,0.036585365853658534,0.04878048780487805,0.04878048780487805,0.006097560975609756,0.012195121951219513,0.036585365853658534,0.054878048780487805,0.15853658536585366,0.12804878048780488,0.024390243902439025,0.042682926829268296,0.0,0.042682926829268296,0.2894736842105263,0.15789473684210525,0.39473684210526316,0.15789473684210525,9,15
"RNCMPT00045,min,GGGGGGG,RBD_v3_223121",103,0,164,41,0.04878048780487805,0.018292682926829267,0.07317073170731707,0.07317073170731707,0.07317073170731707,0.04878048780487805,0.024390243902439025,0.036585365853658534,0.04878048780487805,0.04878048780487805,0.006097560975609756,0.012195121951219513,0.036585365853658534,0.054878048780487805,0.15853658536585366,0.12804878048780488,0.024390243902439025,0.042682926829268296,0.0,0.042682926829268296,0.2926829268292683,0.12195121951219512,0.43902439024390244,0.14634146341463414,5,11
"RNCMPT00045,min,GGGGGGG,RBD_v3_224570",103,0,164,35,0.04878048780487805,0.018292682926829267,0.07317073170731707,0.07317073170731707,0.07317073170731707,0.04878048780487805,0.024390243902439025,0.036585365853658534,0.04878048780487805,0.04878048780487805,0.006097560975609756,0.012195121951219513,0.036585365853658534,0.054878048780487805,0.15853658536585366,0.12804878048780488,0.024390243902439025,0.042682926829268296,0.0,0.042682926829268296,0.2857142857142857,0.17142857142857143,0.4857142857142857,0.05714285714285714,23,29
"RNCMPT00047,max,ACUAACA,RBD_v3_101765",112,1,341,38,0.0967741935483871,0.005865102639296188,0.04105571847507331,0.07917888563049853,0.01466275659824047,0.06158357771260997,0.017595307917888565,0.05571847507331378,0.07038123167155426,0.0967741935483871,0.03812316715542522,0.04105571847507331,0.0967741935483871,0.03225806451612903,0.05865102639296188,0.03225806451612903,0.06451612903225806,0.06158357771260997,0.002932551319648094,0.03225806451612903,0.3684210526315789,0.3157894736842105,0.10526315789473684,0.21052631578947367,19,25
"RNCMPT00047,max,ACUAACA,RBD_v3_136295",112,1,341,38,0.0967741935483871,0.005865102639296188,0.04105571847507331,0.07917888563049853,0.01466275659824047,0.06158357771260997,0.017595307917888565,0.05571847507331378,0.07038123167155426,0.0967741935483871,0.03812316715542522,0.04105571847507331,0.0967741935483871,0.03225806451612903,0.05865102639296188,0.03225806451612903,0.06451612903225806,0.06158357771260997,0.002932551319648094,0.03225806451612903,0.2894736842105263,0.23684210526315788,0.23684210526315788,0.23684210526315788,11,17
"RNCMPT00047,max,UACUAAC,RBD_v3_135151",112,1,341,38,0.0967741935483871,0.005865102639296188,0.04105571847507331,0.07917888563049853,0.01466275659824047,0.06158357771260997,0.017595307917888565,0.05571847507331378,0.07038123167155426,0.0967741935483871,0.03812316715542522,0.04105571847507331,0.0967741935483871,0.03225806451612903,0.05865102639296188,0.03225806451612903,0.06451612903225806,0.06158357771260997,0.002932551319648094,0.03225806451612903,0.2631578947368421,0.2631578947368421,0.21052631578947367,0.2631578947368421,29,35
"RNCMPT00047,min,GGCGGGC,RBD_v3_105764",112,0,341,38,0.0967741935483871,0.005865102639296188,0.04105571847507331,0.07917888563049853,0.01466275659824047,0.06158357771260997,0.017595307917888565,0.05571847507331378,0.07038123167155426,0.0967741935483871,0.03812316715542522,0.04105571847507331,0.0967741935483871,0.03225806451612903,0.05865102639296188,0.03225806451612903,0.06451612903225806,0.06158357771260997,0.002932551319648094,0.03225806451612903,0.2631578947368421,0.23684210526315788,0.23684210526315788,0.2631578947368421,2,8
"RNCMPT00047,min,GGCGGGC,RBD_v3_156207",112,0,341,35,0.0967741935483871,0.005865102639296188,0.04105571847507331,0.07917888563049853,0.01466275659824047,0.06158357771260997,0.017595307917888565,0.05571847507331378,0.07038123167155426,0.0967741935483871,0.03812316715542522,0.04105571847507331,0.0967741935483871,0.03225806451612903,0.05865102639296188,0.03225806451612903,0.06451612903225806,0.06158357771260997,0.002932551319648094,0.03225806451612903,0.2857142857142857,0.22857142857142856,0.2857142857142857,0.2,11,17
"RNCMPT00047,min,GGCGGGC,RBD_v3_166585",112,0,341,30,0.0967741935483871,0.005865102639296188,0.04105571847507331,0.07917888563049853,0.01466275659824047,0.06158357771260997,0.017595307917888565,0.05571847507331378,0.07038123167155426,0.0967741935483871,0.03812316715542522,0.04105571847507331,0.0967741935483871,0.03225806451612903,0.05865102639296188,0.03225806451612903,0.06451612903225806,0.06158357771260997,0.002932551319648094,0.03225806451612903,0.23333333333333334,0.2,0.3,0.26666666666666666,14,20
"RNCMPT00049,max,AGAGUAG,RBD_v3_019295",117,1,617,30,0.07617504051863858,0.014586709886547812,0.06645056726094004,0.11345218800648298,0.03889789303079417,0.06320907617504051,0.01620745542949757,0.03079416531604538,0.12641815235008103,0.08752025931928688,0.019448946515397084,0.03403565640194489,0.03565640194489465,0.04700162074554295,0.05834683954619125,0.05834683954619125,0.04051863857374392,0.06320907617504051,0.0016207455429497568,0.008103727714748784,0.23333333333333334,0.13333333333333333,0.36666666666666664,0.26666666666666666,1,7
"RNCMPT00049,max,AGAGUAG,RBD_v3_073041",117,1,617,35,0.07617504051863858,0.014586709886547812,0.06645056726094004,0.11345218800648298,0.03889789303079417,0.06320907617504051,0.01620745542949757,0.03079416531604538,0.12641815235008103,0.08752025931928688,0.019448946515397084,0.03403565640194489,0.03565640194489465,0.04700162074554295,0.05834683954619125,0.05834683954619125,0.04051863857374392,0.06320907617504051,0.0016207455429497568,0.008103727714748784,0.4,0.11428571428571428,0.34285714285714286,0.14285714285714285,1,7
"RNCMPT00049,max,AGAGUAG,RBD_v3_115591",117,1,617,38,0.07617504051863858,0.014586709886547812,0.06645056726094004,0.11345218800648298,0.03889789303079417,0.06320907617504051,0.01620745542949757,0.03079416531604538,0.12641815235008103,0.08752025931928688,0.019448946515397084,0.03403565640194489,0.03565640194489465,0.04700162074554295,0.05834683954619125,0.05834683954619125,0.04051863857374392,0.06320907617504051,0.0016207455429497568,0.008103727714748784,0.3684210526315789,0.18421052631578946,0.2631578947368421,0.18421052631578946,1,7
"RNCMPT00049,min,AGGGGGC,RBD_v3_046490",117,0,617,38,0.07617504051863858,0.014586709886547812,0.06645056726094004,0.11345218800648298,0.03889789303079417,0.06320907617504051,0.01620745542949757,0.03079416531604538,0.12641815235008103,0.08752025931928688,0.019448946515397084,0.03403565640194489,0.03565640194489465,0.04700162074554295,0.05834683954619125,0.05834683954619125,0.04051863857374392,0.06320907617504051,0.0016207455429497568,0.008103727714748784,0.23684210526315788,0.10526315789473684,0.42105263157894735,0.23684210526315788,19,25
"RNCMPT00049,min,GGGGGCC,RBD_v3_009932",117,0,617,38,0.07617504051863858,0.014586709886547812,0.06645056726094004,0.11345218800648298,0.03889789303079417,0.06320907617504051,0.01620745542949757,0.03079416531604538,0.12641815235008103,0.08752025931928688,0.019448946515397084,0.03403565640194489,0.03565640194489465,0.04700162074554295,0.05834683954619125,0.05834683954619125,0.04051863857374392,0.06320907617504051,0.0016207455429497568,0.008103727714748784,0.2894736842105263,0.2631578947368421,0.2631578947368421,0.18421052631578946,2,8
"RNCMPT00049,min,GGGGGGC,RBD_v3_008495",117,0,617,35,0.07617504051863858,0.014586709886547812,0.06645056726094004,0.11345218800648298,0.03889789303079417,0.06320907617504051,0.01620745542949757,0.03079416531604538,0.12641815235008103,0.08752025931928688,0.019448946515397084,0.03403565640194489,0.03565640194489465,0.04700162074554295,0.05834683954619125,0.05834683954619125,0.04051863857374392,0.06320907617504051,0.0016207455429497568,0.008103727714748784,0.37142857142857144,0.17142857142857143,0.37142857142857144,0.08571428571428572,6,12
"RNCMPT00050,max,AGAUACU,RBD_v3_224582",118,1,128,38,0.0546875,0.0,0.0546875,0.0625,0.0625,0.203125,0.03125,0.0234375,0.0234375,0.03125,0.0234375,0.03125,0.0234375,0.03125,0.1015625,0.1015625,0.0390625,0.0546875,0.0,0.046875,0.3684210526315789,0.13157894736842105,0.23684210526315788,0.2631578947368421,1,7
"RNCMPT00050,max,GAUACGA,RBD_v3_130370",118,1,128,35,0.0546875,0.0,0.0546875,0.0625,0.0625,0.203125,0.03125,0.0234375,0.0234375,0.03125,0.0234375,0.03125,0.0234375,0.03125,0.1015625,0.1015625,0.0390625,0.0546875,0.0,0.046875,0.34285714285714286,0.22857142857142856,0.3142857142857143,0.11428571428571428,20,26
"RNCMPT00050,max,GAUACGA,RBD_v3_210309",118,1,128,38,0.0546875,0.0,0.0546875,0.0625,0.0625,0.203125,0.03125,0.0234375,0.0234375,0.03125,0.0234375,0.03125,0.0234375,0.03125,0.1015625,0.1015625,0.0390625,0.0546875,0.0,0.046875,0.2894736842105263,0.2631578947368421,0.21052631578947367,0.23684210526315788,2,8
"RNCMPT00050,min,AGGGGGG,RBD_v3_095475",118,0,128,35,0.0546875,0.0,0.0546875,0.0625,0.0625,0.203125,0.03125,0.0234375,0.0234375,0.03125,0.0234375,0.03125,0.0234375,0.03125,0.1015625,0.1015625,0.0390625,0.0546875,0.0,0.046875,0.17142857142857143,0.17142857142857143,0.45714285714285713,0.2,11,17
"RNCMPT00050,min,AGGGGGG,RBD_v3_115041",118,0,128,30,0.0546875,0.0,0.0546875,0.0625,0.0625,0.203125,0.03125,0.0234375,0.0234375,0.03125,0.0234375,0.03125,0.0234375,0.03125,0.1015625,0.1015625,0.0390625,0.0546875,0.0,0.046875,0.2,0.1,0.43333333333333335,0.26666666666666666,1,7
"RNCMPT00050,min,AGGGGGG,RBD_v3_190677",118,0,128,38,0.0546875,0.0,0.0546875,0.0625,0.0625,0.203125,0.03125,0.0234375,0.0234375,0.03125,0.0234375,0.03125,0.0234375,0.03125,0.1015625,0.1015625,0.0390625,0.0546875,0.0,0.046875,0.2631578947368421,0.18421052631578946,0.4473684210526316,0.10526315789473684,1,7
"RNCMPT00051,max,GUGUGUG,RBD_v3_100125",119,1,89,39,0.11235955056179775,0.011235955056179775,0.0898876404494382,0.033707865168539325,0.056179775280898875,0.10112359550561797,0.011235955056179775,0.056179775280898875,0.07865168539325842,0.0449438202247191,0.011235955056179775,0.033707865168539325,0.0449438202247191,0.02247191011235955,0.07865168539325842,0.02247191011235955,0.0898876404494382,0.056179775280898875,0.0,0.0449438202247191,0.10256410256410256,0.10256410256410256,0.4358974358974359,0.358974358974359,17,23
"RNCMPT00051,max,GUGUGUG,RBD_v3_232088",119,1,89,38,0.11235955056179775,0.011235955056179775,0.0898876404494382,0.033707865168539325,0.056179775280898875,0.10112359550561797,0.011235955056179775,0.056179775280898875,0.07865168539325842,0.0449438202247191,0.011235955056179775,0.033707865168539325,0.0449438202247191,0.02247191011235955,0.07865168539325842,0.02247191011235955,0.0898876404494382,0.056179775280898875,0.0,0.0449438202247191,0.21052631578947367,0.23684210526315788,0.2631578947368421,0.2894736842105263,29,35
"RNCMPT00051,max,UGUGUGU,RBD_v3_235740",119,1,89,35,0.11235955056179775,0.011235955056179775,0.0898876404494382,0.033707865168539325,0.056179775280898875,0.10112359550561797,0.011235955056179775,0.056179775280898875,0.07865168539325842,0.0449438202247191,0.011235955056179775,0.033707865168539325,0.0449438202247191,0.02247191011235955,0.07865168539325842,0.02247191011235955,0.0898876404494382,0.056179775280898875,0.0,0.0449438202247191,0.2571428571428571,0.22857142857142856,0.2571428571428571,0.2571428571428571,28,34
"RNCMPT00051,min,ACAGGCG,RBD_v3_068254",119,0,89,38,0.11235955056179775,0.011235955056179775,0.0898876404494382,0.033707865168539325,0.056179775280898875,0.10112359550561797,0.011235955056179775,0.056179775280898875,0.07865168539325842,0.0449438202247191,0.011235955056179775,0.033707865168539325,0.0449438202247191,0.02247191011235955,0.07865168539325842,0.02247191011235955,0.0898876404494382,0.056179775280898875,0.0,0.0449438202247191,0.3157894736842105,0.21052631578947367,0.2894736842105263,0.18421052631578946,15,21
"RNCMPT00051,min,CGGCGCC,RBD_v3_016686",119,0,89,35,0.11235955056179775,0.011235955056179775,0.0898876404494382,0.033707865168539325,0.056179775280898875,0.10112359550561797,0.011235955056179775,0.056179775280898875,0.07865168539325842,0.0449438202247191,0.011235955056179775,0.033707865168539325,0.0449438202247191,0.02247191011235955,0.07865168539325842,0.02247191011235955,0.0898876404494382,0.056179775280898875,0.0,0.0449438202247191,0.2857142857142857,0.2857142857142857,0.2571428571428571,0.17142857142857143,4,10
"RNCMPT00051,min,CGGCGCC,RBD_v3_030843",119,0,89,35,0.11235955056179775,0.011235955056179775,0.0898876404494382,0.033707865168539325,0.056179775280898875,0.10112359550561797,0.011235955056179775,0.056179775280898875,0.07865168539325842,0.0449438202247191,0.011235955056179775,0.033707865168539325,0.0449438202247191,0.02247191011235955,0.07865168539325842,0.02247191011235955,0.0898876404494382,0.056179775280898875,0.0,0.0449438202247191,0.2571428571428571,0.3142857142857143,0.2,0.22857142857142856,26,32
"RNCMPT00052,max,CGCGCGG,RBD_v3_206656",120,1,177,35,0.062146892655367235,0.03389830508474576,0.04519774011299435,0.1016949152542373,0.03389830508474576,0.07344632768361582,0.04519774011299435,0.06779661016949153,0.0847457627118644,0.062146892655367235,0.022598870056497175,0.05084745762711865,0.02824858757062147,0.02824858757062147,0.05649717514124294,0.05084745762711865,0.05084745762711865,0.062146892655367235,0.005649717514124294,0.03389830508474576,0.2571428571428571,0.3142857142857143,0.2857142857142857,0.14285714285714285,19,25
"RNCMPT00052,max,GCGCGCG,RBD_v3_147842",120,1,177,38,0.062146892655367235,0.03389830508474576,0.04519774011299435,0.1016949152542373,0.03389830508474576,0.07344632768361582,0.04519774011299435,0.06779661016949153,0.0847457627118644,0.062146892655367235,0.022598870056497175,0.05084745762711865,0.02824858757062147,0.02824858757062147,0.05649717514124294,0.05084745762711865,0.05084745762711865,0.062146892655367235,0.005649717514124294,0.03389830508474576,0.23684210526315788,0.2631578947368421,0.2894736842105263,0.21052631578947367,27,33
"RNCMPT00052,max,GCGCGCG,RBD_v3_149085",120,1,177,30,0.062146892655367235,0.03389830508474576,0.04519774011299435,0.1016949152542373,0.03389830508474576,0.07344632768361582,0.04519774011299435,0.06779661016949153,0.0847457627118644,0.062146892655367235,0.022598870056497175,0.05084745762711865,0.02824858757062147,0.02824858757062147,0.05649717514124294,0.05084745762711865,0.05084745762711865,0.062146892655367235,0.005649717514124294,0.03389830508474576,0.16666666666666666,0.3333333333333333,0.3333333333333333,0.16666666666666666,21,27
"RNCMPT00052,min,CCCCCCA,RBD_v3_025151",120,0,177,38,0.062146892655367235,0.03389830508474576,0.04519774011299435,0.1016949152542373,0.03389830508474576,0.07344632768361582,0.04519774011299435,0.06779661016949153,0.0847457627118644,0.062146892655367235,0.022598870056497175,0.05084745762711865,0.02824858757062147,0.02824858757062147,0.05649717514124294,0.05084745762711865,0.05084745762711865,0.062146892655367235,0.005649717514124294,0.03389830508474576,0.13157894736842105,0.39473684210526316,0.18421052631578946,0.2894736842105263,6,12
"RNCMPT00052,min,CCCCCCC,RBD_v3_166722",120,0,177,38,0.062146892655367235,0.03389830508474576,0.04519774011299435,0.1016949152542373,0.03389830508474576,0.07344632768361582,0.04519774011299435,0.06779661016949153,0.0847457627118644,0.062146892655367235,0.022598870056497175,0.05084745762711865,0.02824858757062147,0.02824858757062147,0.05649717514124294,0.05084745762711865,0.05084745762711865,0.062146892655367235,0.005649717514124294,0.03389830508474576,0.23684210526315788,0.2894736842105263,0.2631578947368421,0.21052631578947367,14,20
"RNCMPT00052,min,UUUUUUU,RBD_v3_117413",120,0,177,30,0.062146892655367235,0.03389830508474576,0.04519774011299435,0.1016949152542373,0.03389830508474576,0.07344632768361582,0.04519774011299435,0.06779661016949153,0.0847457627118644,0.062146892655367235,0.022598870056497175,0.05084745762711865,0.02824858757062147,0.02824858757062147,0.05649717514124294,0.05084745762711865,0.05084745762711865,0.062146892655367235,0.005649717514124294,0.03389830508474576,0.13333333333333333,0.26666666666666666,0.2,0.4,24,30
"RNCMPT00053,max,AUACAUU,RBD_v3_020368",121,1,153,38,0.0392156862745098,0.013071895424836602,0.013071895424836602,0.08496732026143791,0.05228758169934641,0.06535947712418301,0.013071895424836602,0.0718954248366013,0.08496732026143791,0.08496732026143791,0.026143790849673203,0.05228758169934641,0.0718954248366013,0.058823529411764705,0.06535947712418301,0.0718954248366013,0.058823529411764705,0.0392156862745098,0.013071895424836602,0.0196078431372549,0.2894736842105263,0.18421052631578946,0.21052631578947367,0.3157894736842105,21,27
"RNCMPT00053,max,UUACAUU,RBD_v3_003688",121,1,153,38,0.0392156862745098,0.013071895424836602,0.013071895424836602,0.08496732026143791,0.05228758169934641,0.06535947712418301,0.013071895424836602,0.0718954248366013,0.08496732026143791,0.08496732026143791,0.026143790849673203,0.05228758169934641,0.0718954248366013,0.058823529411764705,0.06535947712418301,0.0718954248366013,0.058823529411764705,0.0392156862745098,0.013071895424836602,0.0196078431372549,0.39473684210526316,0.18421052631578946,0.18421052631578946,0.23684210526315788,8,14
"RNCMPT00053,max,UUACAUU,RBD_v3_109106",121,1,153,38,0.0392156862745098,0.013071895424836602,0.013071895424836602,0.08496732026143791,0.05228758169934641,0.06535947712418301,0.013071895424836602,0.0718954248366013,0.08496732026143791,0.08496732026143791,0.026143790849673203,0.05228758169934641,0.0718954248366013,0.058823529411764705,0.06535947712418301,0.0718954248366013,0.058823529411764705,0.0392156862745098,0.013071895424836602,0.0196078431372549,0.34210526315789475,0.13157894736842105,0.18421052631578946,0.34210526315789475,18,24
"RNCMPT00053,min,AGUGAGU,RBD_v3_137169",121,0,153,30,0.0392156862745098,0.013071895424836602,0.013071895424836602,0.08496732026143791,0.05228758169934641,0.06535947712418301,0.013071895424836602,0.0718954248366013,0.08496732026143791,0.08496732026143791,0.026143790849673203,0.05228758169934641,0.0718954248366013,0.058823529411764705,0.06535947712418301,0.0718954248366013,0.058823529411764705,0.0392156862745098,0.013071895424836602,0.0196078431372549,0.3333333333333333,0.23333333333333334,0.26666666666666666,0.16666666666666666,20,26
"RNCMPT00053,min,GUGUGAG,RBD_v3_031458",121,0,153,38,0.0392156862745098,0.013071895424836602,0.013071895424836602,0.08496732026143791,0.05228758169934641,0.06535947712418301,0.013071895424836602,0.0718954248366013,0.08496732026143791,0.08496732026143791,0.026143790849673203,0.05228758169934641,0.0718954248366013,0.058823529411764705,0.06535947712418301,0.0718954248366013,0.058823529411764705,0.0392156862745098,0.013071895424836602,0.0196078431372549,0.2894736842105263,0.10526315789473684,0.42105263157894735,0.18421052631578946,16,22
"RNCMPT00053,min,GUGUGAG,RBD_v3_032476",121,0,153,35,0.0392156862745098,0.013071895424836602,0.013071895424836602,0.08496732026143791,0.05228758169934641,0.06535947712418301,0.013071895424836602,0.0718954248366013,0.08496732026143791,0.08496732026143791,0.026143790849673203,0.05228758169934641,0.0718954248366013,0.058823529411764705,0.06535947712418301,0.0718954248366013,0.058823529411764705,0.0392156862745098,0.013071895424836602,0.0196078431372549,0.34285714285714286,0.08571428571428572,0.42857142857142855,0.14285714285714285,16,22
"RNCMPT00054,max,AUGAUUA,RBD_v3_224059",124,1,340,38,0.07352941176470588,0.011764705882352941,0.03529411764705882,0.10294117647058823,0.05,0.07058823529411765,0.014705882352941176,0.05588235294117647,0.08529411764705883,0.061764705882352944,0.03529411764705882,0.052941176470588235,0.058823529411764705,0.026470588235294117,0.058823529411764705,0.03235294117647059,0.05,0.08235294117647059,0.011764705882352941,0.029411764705882353,0.2894736842105263,0.18421052631578946,0.23684210526315788,0.2894736842105263,4,10
"RNCMPT00054,max,GAAUCAA,RBD_v3_020188",124,1,340,38,0.07352941176470588,0.011764705882352941,0.03529411764705882,0.10294117647058823,0.05,0.07058823529411765,0.014705882352941176,0.05588235294117647,0.08529411764705883,0.061764705882352944,0.03529411764705882,0.052941176470588235,0.058823529411764705,0.026470588235294117,0.058823529411764705,0.03235294117647059,0.05,0.08235294117647059,0.011764705882352941,0.029411764705882353,0.3157894736842105,0.23684210526315788,0.23684210526315788,0.21052631578947367,17,23
"RNCMPT00054,max,GAAUCAA,RBD_v3_103262",124,1,340,35,0.07352941176470588,0.011764705882352941,0.03529411764705882,0.10294117647058823,0.05,0.07058823529411765,0.014705882352941176,0.05588235294117647,0.08529411764705883,0.061764705882352944,0.03529411764705882,0.052941176470588235,0.058823529411764705,0.026470588235294117,0.058823529411764705,0.03235294117647059,0.05,0.08235294117647059,0.011764705882352941,0.029411764705882353,0.42857142857142855,0.2571428571428571,0.17142857142857143,0.14285714285714285,15,21
"RNCMPT00054,min,CGGGUUU,RBD_v3_019329",124,0,340,35,0.07352941176470588,0.011764705882352941,0.03529411764705882,0.10294117647058823,0.05,0.07058823529411765,0.014705882352941176,0.05588235294117647,0.08529411764705883,0.061764705882352944,0.03529411764705882,0.052941176470588235,0.058823529411764705,0.026470588235294117,0.058823529411764705,0.03235294117647059,0.05,0.08235294117647059,0.011764705882352941,0.029411764705882353,0.2857142857142857,0.14285714285714285,0.2,0.37142857142857144,4,10
"RNCMPT00054,min,CGGGUUU,RBD_v3_171394",124,0,340,30,0.07352941176470588,0.011764705882352941,0.03529411764705882,0.10294117647058823,0.05,0.07058823529411765,0.014705882352941176,0.05588235294117647,0.08529411764705883,0.061764705882352944,0.03529411764705882,0.052941176470588235,0.058823529411764705,0.026470588235294117,0.058823529411764705,0.03235294117647059,0.05,0.08235294117647059,0.011764705882352941,0.029411764705882353,0.13333333333333333,0.23333333333333334,0.36666666666666664,0.26666666666666666,8,14
"RNCMPT00054,min,GGGUUUU,RBD_v3_036071",124,0,340,39,0.07352941176470588,0.011764705882352941,0.03529411764705882,0.10294117647058823,0.05,0.07058823529411765,0.014705882352941176,0.05588235294117647,0.08529411764705883,0.061764705882352944,0.03529411764705882,0.052941176470588235,0.058823529411764705,0.026470588235294117,0.058823529411764705,0.03235294117647059,0.05,0.08235294117647059,0.011764705882352941,0.029411764705882353,0.07692307692307693,0.1282051282051282,0.4358974358974359,0.358974358974359,4,10
"RNCMPT00055,max,ACGAAGG,RBD_v3_098406",126,1,546,35,0.07142857142857142,0.01098901098901099,0.08424908424908426,0.05860805860805861,0.023809523809523808,0.06227106227106227,0.016483516483516484,0.03663003663003663,0.05311355311355311,0.04945054945054945,0.018315018315018316,0.027472527472527472,0.05128205128205128,0.07142857142857142,0.0695970695970696,0.11904761904761904,0.06043956043956044,0.04395604395604396,0.007326007326007326,0.0641025641025641,0.37142857142857144,0.2857142857142857,0.2571428571428571,0.08571428571428572,9,15
"RNCMPT00055,max,ACGAAGG,RBD_v3_102192",126,1,546,30,0.07142857142857142,0.01098901098901099,0.08424908424908426,0.05860805860805861,0.023809523809523808,0.06227106227106227,0.016483516483516484,0.03663003663003663,0.05311355311355311,0.04945054945054945,0.018315018315018316,0.027472527472527472,0.05128205128205128,0.07142857142857142,0.0695970695970696,0.11904761904761904,0.06043956043956044,0.04395604395604396,0.007326007326007326,0.0641025641025641,0.5,0.1,0.3,0.1,13,19
"RNCMPT00055,max,ACGAAGG,RBD_v3_116228",126,1,546,30,0.07142857142857142,0.01098901098901099,0.08424908424908426,0.05860805860805861,0.023809523809523808,0.06227106227106227,0.016483516483516484,0.03663003663003663,0.05311355311355311,0.04945054945054945,0.018315018315018316,0.027472527472527472,0.05128205128205128,0.07142857142857142,0.0695970695970696,0.11904761904761904,0.06043956043956044,0.04395604395604396,0.007326007326007326,0.0641025641025641,0.3333333333333333,0.2,0.3333333333333333,0.13333333333333333,21,27
"RNCMPT00055,min,AGACCCU,RBD_v3_211274",126,0,546,38,0.07142857142857142,0.01098901098901099,0.08424908424908426,0.05860805860805861,0.023809523809523808,0.06227106227106227,0.016483516483516484,0.03663003663003663,0.05311355311355311,0.04945054945054945,0.018315018315018316,0.027472527472527472,0.05128205128205128,0.07142857142857142,0.0695970695970696,0.11904761904761904,0.06043956043956044,0.04395604395604396,0.007326007326007326,0.0641025641025641,0.3157894736842105,0.18421052631578946,0.2894736842105263,0.21052631578947367,1,7
"RNCMPT00055,min,AGACCCU,RBD_v3_220946",126,0,546,38,0.07142857142857142,0.01098901098901099,0.08424908424908426,0.05860805860805861,0.023809523809523808,0.06227106227106227,0.016483516483516484,0.03663003663003663,0.05311355311355311,0.04945054945054945,0.018315018315018316,0.027472527472527472,0.05128205128205128,0.07142857142857142,0.0695970695970696,0.11904761904761904,0.06043956043956044,0.04395604395604396,0.007326007326007326,0.0641025641025641,0.34210526315789475,0.3157894736842105,0.18421052631578946,0.15789473684210525,1,7
"RNCMPT00055,min,CCCUUAC,RBD_v3_165348",126,0,546,35,0.07142857142857142,0.01098901098901099,0.08424908424908426,0.05860805860805861,0.023809523809523808,0.06227106227106227,0.016483516483516484,0.03663003663003663,0.05311355311355311,0.04945054945054945,0.018315018315018316,0.027472527472527472,0.05128205128205128,0.07142857142857142,0.0695970695970696,0.11904761904761904,0.06043956043956044,0.04395604395604396,0.007326007326007326,0.0641025641025641,0.22857142857142856,0.37142857142857144,0.2,0.2,4,10
"RNCMPT00056,max,GUGCGCG,RBD_v3_068291",128,1,153,38,0.0457516339869281,0.006535947712418301,0.0718954248366013,0.11764705882352941,0.026143790849673203,0.11764705882352941,0.026143790849673203,0.0392156862745098,0.0784313725490196,0.05228758169934641,0.0196078431372549,0.0196078431372549,0.0392156862745098,0.032679738562091505,0.12418300653594772,0.05228758169934641,0.032679738562091505,0.0457516339869281,0.013071895424836602,0.0392156862745098,0.21052631578947367,0.34210526315789475,0.23684210526315788,0.21052631578947367,19,25
"RNCMPT00056,min,AGGGGGG,RBD_v3_073145",128,0,153,38,0.0457516339869281,0.006535947712418301,0.0718954248366013,0.11764705882352941,0.026143790849673203,0.11764705882352941,0.026143790849673203,0.0392156862745098,0.0784313725490196,0.05228758169934641,0.0196078431372549,0.0196078431372549,0.0392156862745098,0.032679738562091505,0.12418300653594772,0.05228758169934641,0.032679738562091505,0.0457516339869281,0.013071895424836602,0.0392156862745098,0.2631578947368421,0.21052631578947367,0.34210526315789475,0.18421052631578946,20,26
"RNCMPT00056,min,AGGGGGG,RBD_v3_211338",128,0,153,38,0.0457516339869281,0.006535947712418301,0.0718954248366013,0.11764705882352941,0.026143790849673203,0.11764705882352941,0.026143790849673203,0.0392156862745098,0.0784313725490196,0.05228758169934641,0.0196078431372549,0.0196078431372549,0.0392156862745098,0.032679738562091505,0.12418300653594772,0.05228758169934641,0.032679738562091505,0.0457516339869281,0.013071895424836602,0.0392156862745098,0.23684210526315788,0.13157894736842105,0.47368421052631576,0.15789473684210525,9,15
"RNCMPT00056,min,GGGGGGG,RBD_v3_133483",128,0,153,35,0.0457516339869281,0.006535947712418301,0.0718954248366013,0.11764705882352941,0.026143790849673203,0.11764705882352941,0.026143790849673203,0.0392156862745098,0.0784313725490196,0.05228758169934641,0.0196078431372549,0.0196078431372549,0.0392156862745098,0.032679738562091505,0.12418300653594772,0.05228758169934641,0.032679738562091505,0.0457516339869281,0.013071895424836602,0.0392156862745098,0.3142857142857143,0.2571428571428571,0.37142857142857144,0.05714285714285714,2,8
"RNCMPT00057,max,ACAUAUA,RBD_v3_043957",130,1,246,38,0.07317073170731707,0.016260162601626018,0.04065040650406504,0.044715447154471545,0.024390243902439025,0.07317073170731707,0.016260162601626018,0.04065040650406504,0.07317073170731707,0.06910569105691057,0.024390243902439025,0.06504065040650407,0.08943089430894309,0.07723577235772358,0.032520325203252036,0.08536585365853659,0.06097560975609756,0.036585365853658534,0.0040650406504065045,0.052845528455284556,0.39473684210526316,0.15789473684210525,0.23684210526315788,0.21052631578947367,3,9
"RNCMPT00057,max,AUAUAGC,RBD_v3_121401",130,1,246,38,0.07317073170731707,0.016260162601626018,0.04065040650406504,0.044715447154471545,0.024390243902439025,0.07317073170731707,0.016260162601626018,0.04065040650406504,0.07317073170731707,0.06910569105691057,0.024390243902439025,0.06504065040650407,0.08943089430894309,0.07723577235772358,0.032520325203252036,0.08536585365853659,0.06097560975609756,0.036585365853658534,0.0040650406504065045,0.052845528455284556,0.3684210526315789,0.21052631578947367,0.2894736842105263,0.13157894736842105,29,35
"RNCMPT00057,max,AUAUAGC,RBD_v3_236027",130,1,246,38,0.07317073170731707,0.016260162601626018,0.04065040650406504,0.044715447154471545,0.024390243902439025,0.07317073170731707,0.016260162601626018,0.04065040650406504,0.07317073170731707,0.06910569105691057,0.024390243902439025,0.06504065040650407,0.08943089430894309,0.07723577235772358,0.032520325203252036,0.08536585365853659,0.06097560975609756,0.036585365853658534,0.0040650406504065045,0.052845528455284556,0.3684210526315789,0.21052631578947367,0.2894736842105263,0.13157894736842105,29,35
"RNCMPT00057,min,AGAGUCG,RBD_v3_108208",130,0,246,30,0.07317073170731707,0.016260162601626018,0.04065040650406504,0.044715447154471545,0.024390243902439025,0.07317073170731707,0.016260162601626018,0.04065040650406504,0.07317073170731707,0.06910569105691057,0.024390243902439025,0.06504065040650407,0.08943089430894309,0.07723577235772358,0.032520325203252036,0.08536585365853659,0.06097560975609756,0.036585365853658534,0.0040650406504065045,0.052845528455284556,0.23333333333333334,0.23333333333333334,0.4,0.13333333333333333,1,7
"RNCMPT00057,min,AGAGUCG,RBD_v3_148682",130,0,246,30,0.07317073170731707,0.016260162601626018,0.04065040650406504,0.044715447154471545,0.024390243902439025,0.07317073170731707,0.016260162601626018,0.04065040650406504,0.07317073170731707,0.06910569105691057,0.024390243902439025,0.06504065040650407,0.08943089430894309,0.07723577235772358,0.032520325203252036,0.08536585365853659,0.06097560975609756,0.036585365853658534,0.0040650406504065045,0.052845528455284556,0.26666666666666666,0.23333333333333334,0.23333333333333334,0.26666666666666666,1,7
"RNCMPT00057,min,AGAGUCG,RBD_v3_148750",130,0,246,38,0.07317073170731707,0.016260162601626018,0.04065040650406504,0.044715447154471545,0.024390243902439025,0.07317073170731707,0.016260162601626018,0.04065040650406504,0.07317073170731707,0.06910569105691057,0.024390243902439025,0.06504065040650407,0.08943089430894309,0.07723577235772358,0.032520325203252036,0.08536585365853659,0.06097560975609756,0.036585365853658534,0.0040650406504065045,0.052845528455284556,0.23684210526315788,0.2631578947368421,0.21052631578947367,0.2894736842105263,1,7
"RNCMPT00058,max,AACAACG,RBD_v3_221482",131,1,128,38,0.0703125,0.0234375,0.0546875,0.0625,0.0390625,0.109375,0.0078125,0.015625,0.0234375,0.03125,0.015625,0.0234375,0.046875,0.0,0.21875,0.140625,0.0234375,0.046875,0.015625,0.03125,0.34210526315789475,0.18421052631578946,0.2894736842105263,0.18421052631578946,8,14
"RNCMPT00058,max,ACAACAG,RBD_v3_004244",131,1,128,38,0.0703125,0.0234375,0.0546875,0.0625,0.0390625,0.109375,0.0078125,0.015625,0.0234375,0.03125,0.015625,0.0234375,0.046875,0.0,0.21875,0.140625,0.0234375,0.046875,0.015625,0.03125,0.34210526315789475,0.23684210526315788,0.2894736842105263,0.13157894736842105,9,15
"RNCMPT00058,max,ACAACAG,RBD_v3_117466",131,1,128,38,0.0703125,0.0234375,0.0546875,0.0625,0.0390625,0.109375,0.0078125,0.015625,0.0234375,0.03125,0.015625,0.0234375,0.046875,0.0,0.21875,0.140625,0.0234375,0.046875,0.015625,0.03125,0.34210526315789475,0.23684210526315788,0.2894736842105263,0.13157894736842105,9,15
"RNCMPT00058,min,GCACCCC,RBD_v3_151744",131,0,128,38,0.0703125,0.0234375,0.0546875,0.0625,0.0390625,0.109375,0.0078125,0.015625,0.0234375,0.03125,0.015625,0.0234375,0.046875,0.0,0.21875,0.140625,0.0234375,0.046875,0.015625,0.03125,0.2894736842105263,0.23684210526315788,0.2894736842105263,0.18421052631578946,6,12
"RNCMPT00058,min,GGGCCCC,RBD_v3_158155",131,0,128,38,0.0703125,0.0234375,0.0546875,0.0625,0.0390625,0.109375,0.0078125,0.015625,0.0234375,0.03125,0.015625,0.0234375,0.046875,0.0,0.21875,0.140625,0.0234375,0.046875,0.015625,0.03125,0.2894736842105263,0.23684210526315788,0.3684210526315789,0.10526315789473684,20,26
"RNCMPT00058,min,GGGCCCC,RBD_v3_170968",131,0,128,38,0.0703125,0.0234375,0.0546875,0.0625,0.0390625,0.109375,0.0078125,0.015625,0.0234375,0.03125,0.015625,0.0234375,0.046875,0.0,0.21875,0.140625,0.0234375,0.046875,0.015625,0.03125,0.34210526315789475,0.2894736842105263,0.2631578947368421,0.10526315789473684,27,33
"RNCMPT00059,max,GAAGGAC,RBD_v3_185388",134,1,170,35,0.011764705882352941,0.0058823529411764705,0.07058823529411765,0.047058823529411764,0.07647058823529412,0.1,0.023529411764705882,0.03529411764705882,0.08235294117647059,0.1,0.01764705882352941,0.058823529411764705,0.01764705882352941,0.058823529411764705,0.10588235294117647,0.058823529411764705,0.052941176470588235,0.058823529411764705,0.0,0.01764705882352941,0.37142857142857144,0.22857142857142856,0.22857142857142856,0.17142857142857143,27,33
"RNCMPT00059,max,GAAGGCC,RBD_v3_005437",134,1,170,38,0.011764705882352941,0.0058823529411764705,0.07058823529411765,0.047058823529411764,0.07647058823529412,0.1,0.023529411764705882,0.03529411764705882,0.08235294117647059,0.1,0.01764705882352941,0.058823529411764705,0.01764705882352941,0.058823529411764705,0.10588235294117647,0.058823529411764705,0.052941176470588235,0.058823529411764705,0.0,0.01764705882352941,0.2631578947368421,0.2631578947368421,0.23684210526315788,0.23684210526315788,30,36
"RNCMPT00059,max,GAAGGCC,RBD_v3_116456",134,1,170,38,0.011764705882352941,0.0058823529411764705,0.07058823529411765,0.047058823529411764,0.07647058823529412,0.1,0.023529411764705882,0.03529411764705882,0.08235294117647059,0.1,0.01764705882352941,0.058823529411764705,0.01764705882352941,0.058823529411764705,0.10588235294117647,0.058823529411764705,0.052941176470588235,0.058823529411764705,0.0,0.01764705882352941,0.2631578947368421,0.2631578947368421,0.23684210526315788,0.23684210526315788,30,36
"RNCMPT00059,min,CCCCCCA,RBD_v3_015622",134,0,170,38,0.011764705882352941,0.0058823529411764705,0.07058823529411765,0.047058823529411764,0.07647058823529412,0.1,0.023529411764705882,0.03529411764705882,0.08235294117647059,0.1,0.01764705882352941,0.058823529411764705,0.01764705882352941,0.058823529411764705,0.10588235294117647,0.058823529411764705,0.052941176470588235,0.058823529411764705,0.0,0.01764705882352941,0.3157894736842105,0.2894736842105263,0.18421052631578946,0.21052631578947367,22,28
"RNCMPT00059,min,CCCCCCC,RBD_v3_116498",134,0,170,38,0.011764705882352941,0.0058823529411764705,0.07058823529411765,0.047058823529411764,0.07647058823529412,0.1,0.023529411764705882,0.03529411764705882,0.08235294117647059,0.1,0.01764705882352941,0.058823529411764705,0.01764705882352941,0.058823529411764705,0.10588235294117647,0.058823529411764705,0.052941176470588235,0.058823529411764705,0.0,0.01764705882352941,0.2894736842105263,0.3157894736842105,0.23684210526315788,0.15789473684210525,30,36
"RNCMPT00059,min,CCCCUAC,RBD_v3_002659",134,0,170,38,0.011764705882352941,0.0058823529411764705,0.07058823529411765,0.047058823529411764,0.07647058823529412,0.1,0.023529411764705882,0.03529411764705882,0.08235294117647059,0.1,0.01764705882352941,0.058823529411764705,0.01764705882352941,0.058823529411764705,0.10588235294117647,0.058823529411764705,0.052941176470588235,0.058823529411764705,0.0,0.01764705882352941,0.23684210526315788,0.39473684210526316,0.13157894736842105,0.23684210526315788,19,25
"RNCMPT00060,max,AGAGAAA,RBD_v3_202498",136,1,170,38,0.08235294117647059,0.011764705882352941,0.011764705882352941,0.07058823529411765,0.041176470588235294,0.06470588235294118,0.023529411764705882,0.047058823529411764,0.11176470588235295,0.07058823529411765,0.011764705882352941,0.047058823529411764,0.1,0.047058823529411764,0.058823529411764705,0.07647058823529412,0.041176470588235294,0.07058823529411765,0.0,0.011764705882352941,0.34210526315789475,0.18421052631578946,0.2631578947368421,0.21052631578947367,6,12
"RNCMPT00060,max,AGAGAAA,RBD_v3_206234",136,1,170,35,0.08235294117647059,0.011764705882352941,0.011764705882352941,0.07058823529411765,0.041176470588235294,0.06470588235294118,0.023529411764705882,0.047058823529411764,0.11176470588235295,0.07058823529411765,0.011764705882352941,0.047058823529411764,0.1,0.047058823529411764,0.058823529411764705,0.07647058823529412,0.041176470588235294,0.07058823529411765,0.0,0.011764705882352941,0.3142857142857143,0.2857142857142857,0.2,0.2,1,7
"RNCMPT00060,max,AGAGAAG,RBD_v3_036241",136,1,170,38,0.08235294117647059,0.011764705882352941,0.011764705882352941,0.07058823529411765,0.041176470588235294,0.06470588235294118,0.023529411764705882,0.047058823529411764,0.11176470588235295,0.07058823529411765,0.011764705882352941,0.047058823529411764,0.1,0.047058823529411764,0.058823529411764705,0.07647058823529412,0.041176470588235294,0.07058823529411765,0.0,0.011764705882352941,0.39473684210526316,0.15789473684210525,0.2631578947368421,0.18421052631578946,11,17
"RNCMPT00060,min,AGGGGGG,RBD_v3_070537",136,0,170,38,0.08235294117647059,0.011764705882352941,0.011764705882352941,0.07058823529411765,0.041176470588235294,0.06470588235294118,0.023529411764705882,0.047058823529411764,0.11176470588235295,0.07058823529411765,0.011764705882352941,0.047058823529411764,0.1,0.047058823529411764,0.058823529411764705,0.07647058823529412,0.041176470588235294,0.07058823529411765,0.0,0.011764705882352941,0.23684210526315788,0.18421052631578946,0.39473684210526316,0.18421052631578946,1,7
"RNCMPT00060,min,GGGGGGG,RBD_v3_164249",136,0,170,30,0.08235294117647059,0.011764705882352941,0.011764705882352941,0.07058823529411765,0.041176470588235294,0.06470588235294118,0.023529411764705882,0.047058823529411764,0.11176470588235295,0.07058823529411765,0.011764705882352941,0.047058823529411764,0.1,0.047058823529411764,0.058823529411764705,0.07647058823529412,0.041176470588235294,0.07058823529411765,0.0,0.011764705882352941,0.26666666666666666,0.06666666666666667,0.43333333333333335,0.23333333333333334,14,20
"RNCMPT00060,min,GGGGGGG,RBD_v3_169706",136,0,170,38,0.08235294117647059,0.011764705882352941,0.011764705882352941,0.07058823529411765,0.041176470588235294,0.06470588235294118,0.023529411764705882,0.047058823529411764,0.11176470588235295,0.07058823529411765,0.011764705882352941,0.047058823529411764,0.1,0.047058823529411764,0.058823529411764705,0.07647058823529412,0.041176470588235294,0.07058823529411765,0.0,0.011764705882352941,0.39473684210526316,0.13157894736842105,0.4473684210526316,0.02631578947368421,2,8
"RNCMPT00061,max,ACGACGA,RBD_v3_092612",139,1,127,35,0.031496062992125984,0.007874015748031496,0.07086614173228346,0.05511811023622047,0.05511811023622047,0.1889763779527559,0.015748031496062992,0.031496062992125984,0.05511811023622047,0.05511811023622047,0.023622047244094488,0.031496062992125984,0.031496062992125984,0.031496062992125984,0.11023622047244094,0.10236220472440945,0.031496062992125984,0.047244094488188976,0.007874015748031496,0.015748031496062992,0.2571428571428571,0.22857142857142856,0.37142857142857144,0.14285714285714285,3,9
"RNCMPT00061,max,ACGACGA,RBD_v3_170781",139,1,127,35,0.031496062992125984,0.007874015748031496,0.07086614173228346,0.05511811023622047,0.05511811023622047,0.1889763779527559,0.015748031496062992,0.031496062992125984,0.05511811023622047,0.05511811023622047,0.023622047244094488,0.031496062992125984,0.031496062992125984,0.031496062992125984,0.11023622047244094,0.10236220472440945,0.031496062992125984,0.047244094488188976,0.007874015748031496,0.015748031496062992,0.3142857142857143,0.3142857142857143,0.2,0.17142857142857143,6,12
"RNCMPT00061,max,ACGACGA,RBD_v3_223533",139,1,127,38,0.031496062992125984,0.007874015748031496,0.07086614173228346,0.05511811023622047,0.05511811023622047,0.1889763779527559,0.015748031496062992,0.031496062992125984,0.05511811023622047,0.05511811023622047,0.023622047244094488,0.031496062992125984,0.031496062992125984,0.031496062992125984,0.11023622047244094,0.10236220472440945,0.031496062992125984,0.047244094488188976,0.007874015748031496,0.015748031496062992,0.3157894736842105,0.2894736842105263,0.21052631578947367,0.18421052631578946,10,16
"RNCMPT00061,min,GUCGUUU,RBD_v3_183167",139,0,127,38,0.031496062992125984,0.007874015748031496,0.07086614173228346,0.05511811023622047,0.05511811023622047,0.1889763779527559,0.015748031496062992,0.031496062992125984,0.05511811023622047,0.05511811023622047,0.023622047244094488,0.031496062992125984,0.031496062992125984,0.031496062992125984,0.11023622047244094,0.10236220472440945,0.031496062992125984,0.047244094488188976,0.007874015748031496,0.015748031496062992,0.21052631578947367,0.21052631578947367,0.23684210526315788,0.34210526315789475,16,22
"RNCMPT00061,min,GUGUGUC,RBD_v3_167595",139,0,127,35,0.031496062992125984,0.007874015748031496,0.07086614173228346,0.05511811023622047,0.05511811023622047,0.1889763779527559,0.015748031496062992,0.031496062992125984,0.05511811023622047,0.05511811023622047,0.023622047244094488,0.031496062992125984,0.031496062992125984,0.031496062992125984,0.11023622047244094,0.10236220472440945,0.031496062992125984,0.047244094488188976,0.007874015748031496,0.015748031496062992,0.2,0.2857142857142857,0.2571428571428571,0.2571428571428571,27,33
"RNCMPT00061,min,UGUUUGU,RBD_v3_217904",139,0,127,38,0.031496062992125984,0.007874015748031496,0.07086614173228346,0.05511811023622047,0.05511811023622047,0.1889763779527559,0.015748031496062992,0.031496062992125984,0.05511811023622047,0.05511811023622047,0.023622047244094488,0.031496062992125984,0.031496062992125984,0.031496062992125984,0.11023622047244094,0.10236220472440945,0.031496062992125984,0.047244094488188976,0.007874015748031496,0.015748031496062992,0.3157894736842105,0.21052631578947367,0.21052631578947367,0.2631578947368421,15,21
"RNCMPT00062,max,AUAAAAG,RBD_v3_228958",60,1,205,38,0.06829268292682927,0.004878048780487805,0.04878048780487805,0.05853658536585366,0.024390243902439025,0.08780487804878048,0.01951219512195122,0.02926829268292683,0.08780487804878048,0.09268292682926829,0.024390243902439025,0.024390243902439025,0.13170731707317074,0.02926829268292683,0.06829268292682927,0.09268292682926829,0.04878048780487805,0.04390243902439024,0.0,0.014634146341463415,0.4473684210526316,0.10526315789473684,0.3157894736842105,0.13157894736842105,18,24
"RNCMPT00062,max,GAUAAAA,RBD_v3_052691",60,1,205,38,0.06829268292682927,0.004878048780487805,0.04878048780487805,0.05853658536585366,0.024390243902439025,0.08780487804878048,0.01951219512195122,0.02926829268292683,0.08780487804878048,0.09268292682926829,0.024390243902439025,0.024390243902439025,0.13170731707317074,0.02926829268292683,0.06829268292682927,0.09268292682926829,0.04878048780487805,0.04390243902439024,0.0,0.014634146341463415,0.3684210526315789,0.18421052631578946,0.23684210526315788,0.21052631578947367,32,38
"RNCMPT00062,max,UAAAAGC,RBD_v3_127796",60,1,205,38,0.06829268292682927,0.004878048780487805,0.04878048780487805,0.05853658536585366,0.024390243902439025,0.08780487804878048,0.01951219512195122,0.02926829268292683,0.08780487804878048,0.09268292682926829,0.024390243902439025,0.024390243902439025,0.13170731707317074,0.02926829268292683,0.06829268292682927,0.09268292682926829,0.04878048780487805,0.04390243902439024,0.0,0.014634146341463415,0.34210526315789475,0.15789473684210525,0.23684210526315788,0.2631578947368421,29,35
"RNCMPT00062,min,GGGGGCC,RBD_v3_009111",60,0,205,35,0.06829268292682927,0.004878048780487805,0.04878048780487805,0.05853658536585366,0.024390243902439025,0.08780487804878048,0.01951219512195122,0.02926829268292683,0.08780487804878048,0.09268292682926829,0.024390243902439025,0.024390243902439025,0.13170731707317074,0.02926829268292683,0.06829268292682927,0.09268292682926829,0.04878048780487805,0.04390243902439024,0.0,0.014634146341463415,0.4,0.14285714285714285,0.2857142857142857,0.17142857142857143,5,11
"RNCMPT00062,min,GGGGGGC,RBD_v3_063164",60,0,205,38,0.06829268292682927,0.004878048780487805,0.04878048780487805,0.05853658536585366,0.024390243902439025,0.08780487804878048,0.01951219512195122,0.02926829268292683,0.08780487804878048,0.09268292682926829,0.024390243902439025,0.024390243902439025,0.13170731707317074,0.02926829268292683,0.06829268292682927,0.09268292682926829,0.04878048780487805,0.04390243902439024,0.0,0.014634146341463415,0.2631578947368421,0.23684210526315788,0.23684210526315788,0.2631578947368421,2,8
"RNCMPT00062,min,GGGGGGC,RBD_v3_107730",60,0,205,35,0.06829268292682927,0.004878048780487805,0.04878048780487805,0.05853658536585366,0.024390243902439025,0.08780487804878048,0.01951219512195122,0.02926829268292683,0.08780487804878048,0.09268292682926829,0.024390243902439025,0.024390243902439025,0.13170731707317074,0.02926829268292683,0.06829268292682927,0.09268292682926829,0.04878048780487805,0.04390243902439024,0.0,0.014634146341463415,0.2857142857142857,0.08571428571428572,0.4857142857142857,0.14285714285714285,2,8
"RNCMPT00063,max,GCUGGUC,RBD_v3_002136",145,1,161,38,0.055900621118012424,0.018633540372670808,0.031055900621118012,0.06832298136645963,0.006211180124223602,0.049689440993788817,0.024844720496894408,0.07453416149068323,0.062111801242236024,0.09937888198757763,0.031055900621118012,0.055900621118012424,0.043478260869565216,0.055900621118012424,0.055900621118012424,0.11801242236024845,0.07453416149068323,0.031055900621118012,0.018633540372670808,0.024844720496894408,0.18421052631578946,0.3157894736842105,0.23684210526315788,0.2631578947368421,5,11
"RNCMPT00063,max,GCUGGUC,RBD_v3_101848",145,1,161,38,0.055900621118012424,0.018633540372670808,0.031055900621118012,0.06832298136645963,0.006211180124223602,0.049689440993788817,0.024844720496894408,0.07453416149068323,0.062111801242236024,0.09937888198757763,0.031055900621118012,0.055900621118012424,0.043478260869565216,0.055900621118012424,0.055900621118012424,0.11801242236024845,0.07453416149068323,0.031055900621118012,0.018633540372670808,0.024844720496894408,0.23684210526315788,0.15789473684210525,0.2894736842105263,0.3157894736842105,22,28
"RNCMPT00063,max,GCUGGUC,RBD_v3_114193",145,1,161,38,0.055900621118012424,0.018633540372670808,0.031055900621118012,0.06832298136645963,0.006211180124223602,0.049689440993788817,0.024844720496894408,0.07453416149068323,0.062111801242236024,0.09937888198757763,0.031055900621118012,0.055900621118012424,0.043478260869565216,0.055900621118012424,0.055900621118012424,0.11801242236024845,0.07453416149068323,0.031055900621118012,0.018633540372670808,0.024844720496894408,0.18421052631578946,0.3157894736842105,0.23684210526315788,0.2631578947368421,5,11
"RNCMPT00063,min,AGUCGUU,RBD_v3_044642",145,0,161,38,0.055900621118012424,0.018633540372670808,0.031055900621118012,0.06832298136645963,0.006211180124223602,0.049689440993788817,0.024844720496894408,0.07453416149068323,0.062111801242236024,0.09937888198757763,0.031055900621118012,0.055900621118012424,0.043478260869565216,0.055900621118012424,0.055900621118012424,0.11801242236024845,0.07453416149068323,0.031055900621118012,0.018633540372670808,0.024844720496894408,0.21052631578947367,0.2631578947368421,0.23684210526315788,0.2894736842105263,17,23
"RNCMPT00063,min,AGUCGUU,RBD_v3_196349",145,0,161,30,0.055900621118012424,0.018633540372670808,0.031055900621118012,0.06832298136645963,0.006211180124223602,0.049689440993788817,0.024844720496894408,0.07453416149068323,0.062111801242236024,0.09937888198757763,0.031055900621118012,0.055900621118012424,0.043478260869565216,0.055900621118012424,0.055900621118012424,0.11801242236024845,0.07453416149068323,0.031055900621118012,0.018633540372670808,0.024844720496894408,0.13333333333333333,0.23333333333333334,0.4,0.23333333333333334,6,12
"RNCMPT00063,min,GAGUCGU,RBD_v3_239744",145,0,161,35,0.055900621118012424,0.018633540372670808,0.031055900621118012,0.06832298136645963,0.006211180124223602,0.049689440993788817,0.024844720496894408,0.07453416149068323,0.062111801242236024,0.09937888198757763,0.031055900621118012,0.055900621118012424,0.043478260869565216,0.055900621118012424,0.055900621118012424,0.11801242236024845,0.07453416149068323,0.031055900621118012,0.018633540372670808,0.024844720496894408,0.22857142857142856,0.3142857142857143,0.17142857142857143,0.2857142857142857,11,17
"RNCMPT00064,max,AGAAAAA,RBD_v3_116048",146,1,267,30,0.07116104868913857,0.02247191011235955,0.04119850187265917,0.08614232209737828,0.03745318352059925,0.0599250936329588,0.011235955056179775,0.033707865168539325,0.10486891385767791,0.0749063670411985,0.0299625468164794,0.0299625468164794,0.07865168539325842,0.04119850187265917,0.0599250936329588,0.0749063670411985,0.04119850187265917,0.0749063670411985,0.0,0.026217228464419477,0.43333333333333335,0.13333333333333333,0.3,0.13333333333333333,1,7
"RNCMPT00064,max,AGAAAAA,RBD_v3_140436",146,1,267,38,0.07116104868913857,0.02247191011235955,0.04119850187265917,0.08614232209737828,0.03745318352059925,0.0599250936329588,0.011235955056179775,0.033707865168539325,0.10486891385767791,0.0749063670411985,0.0299625468164794,0.0299625468164794,0.07865168539325842,0.04119850187265917,0.0599250936329588,0.0749063670411985,0.04119850187265917,0.0749063670411985,0.0,0.026217228464419477,0.42105263157894735,0.15789473684210525,0.2894736842105263,0.13157894736842105,1,7
"RNCMPT00064,max,AGAAAAC,RBD_v3_075295",146,1,267,35,0.07116104868913857,0.02247191011235955,0.04119850187265917,0.08614232209737828,0.03745318352059925,0.0599250936329588,0.011235955056179775,0.033707865168539325,0.10486891385767791,0.0749063670411985,0.0299625468164794,0.0299625468164794,0.07865168539325842,0.04119850187265917,0.0599250936329588,0.0749063670411985,0.04119850187265917,0.0749063670411985,0.0,0.026217228464419477,0.4,0.2571428571428571,0.2571428571428571,0.08571428571428572,1,7
"RNCMPT00064,min,ACUGUUU,RBD_v3_022653",146,0,267,38,0.07116104868913857,0.02247191011235955,0.04119850187265917,0.08614232209737828,0.03745318352059925,0.0599250936329588,0.011235955056179775,0.033707865168539325,0.10486891385767791,0.0749063670411985,0.0299625468164794,0.0299625468164794,0.07865168539325842,0.04119850187265917,0.0599250936329588,0.0749063670411985,0.04119850187265917,0.0749063670411985,0.0,0.026217228464419477,0.21052631578947367,0.3157894736842105,0.15789473684210525,0.3157894736842105,13,19
"RNCMPT00064,min,ACUGUUU,RBD_v3_053156",146,0,267,39,0.07116104868913857,0.02247191011235955,0.04119850187265917,0.08614232209737828,0.03745318352059925,0.0599250936329588,0.011235955056179775,0.033707865168539325,0.10486891385767791,0.0749063670411985,0.0299625468164794,0.0299625468164794,0.07865168539325842,0.04119850187265917,0.0599250936329588,0.0749063670411985,0.04119850187265917,0.0749063670411985,0.0,0.026217228464419477,0.15384615384615385,0.3076923076923077,0.2564102564102564,0.28205128205128205,32,38
"RNCMPT00064,min,UUUGCAG,RBD_v3_022234",146,0,267,35,0.07116104868913857,0.02247191011235955,0.04119850187265917,0.08614232209737828,0.03745318352059925,0.0599250936329588,0.011235955056179775,0.033707865168539325,0.10486891385767791,0.0749063670411985,0.0299625468164794,0.0299625468164794,0.07865168539325842,0.04119850187265917,0.0599250936329588,0.0749063670411985,0.04119850187265917,0.0749063670411985,0.0,0.026217228464419477,0.22857142857142856,0.14285714285714285,0.22857142857142856,0.4,6,12
"RNCMPT00065,max,ACUAAUA,RBD_v3_062804",147,1,186,35,0.043010752688172046,0.010752688172043012,0.06451612903225806,0.07526881720430108,0.021505376344086023,0.08064516129032258,0.026881720430107527,0.06451612903225806,0.0913978494623656,0.07526881720430108,0.016129032258064516,0.043010752688172046,0.07526881720430108,0.053763440860215055,0.0913978494623656,0.03225806451612903,0.04838709677419355,0.06451612903225806,0.005376344086021506,0.016129032258064516,0.34285714285714286,0.14285714285714285,0.34285714285714286,0.17142857142857143,7,13
"RNCMPT00065,max,ACUAAUG,RBD_v3_217045",147,1,186,35,0.043010752688172046,0.010752688172043012,0.06451612903225806,0.07526881720430108,0.021505376344086023,0.08064516129032258,0.026881720430107527,0.06451612903225806,0.0913978494623656,0.07526881720430108,0.016129032258064516,0.043010752688172046,0.07526881720430108,0.053763440860215055,0.0913978494623656,0.03225806451612903,0.04838709677419355,0.06451612903225806,0.005376344086021506,0.016129032258064516,0.37142857142857144,0.22857142857142856,0.2,0.2,6,12
"RNCMPT00065,max,GACUAAU,RBD_v3_188118",147,1,186,38,0.043010752688172046,0.010752688172043012,0.06451612903225806,0.07526881720430108,0.021505376344086023,0.08064516129032258,0.026881720430107527,0.06451612903225806,0.0913978494623656,0.07526881720430108,0.016129032258064516,0.043010752688172046,0.07526881720430108,0.053763440860215055,0.0913978494623656,0.03225806451612903,0.04838709677419355,0.06451612903225806,0.005376344086021506,0.016129032258064516,0.34210526315789475,0.2894736842105263,0.23684210526315788,0.13157894736842105,2,8
"RNCMPT00065,min,CCCCCUC,RBD_v3_201912",147,0,186,38,0.043010752688172046,0.010752688172043012,0.06451612903225806,0.07526881720430108,0.021505376344086023,0.08064516129032258,0.026881720430107527,0.06451612903225806,0.0913978494623656,0.07526881720430108,0.016129032258064516,0.043010752688172046,0.07526881720430108,0.053763440860215055,0.0913978494623656,0.03225806451612903,0.04838709677419355,0.06451612903225806,0.005376344086021506,0.016129032258064516,0.21052631578947367,0.34210526315789475,0.18421052631578946,0.2631578947368421,9,15
"RNCMPT00065,min,CUCCCCC,RBD_v3_237750",147,0,186,38,0.043010752688172046,0.010752688172043012,0.06451612903225806,0.07526881720430108,0.021505376344086023,0.08064516129032258,0.026881720430107527,0.06451612903225806,0.0913978494623656,0.07526881720430108,0.016129032258064516,0.043010752688172046,0.07526881720430108,0.053763440860215055,0.0913978494623656,0.03225806451612903,0.04838709677419355,0.06451612903225806,0.005376344086021506,0.016129032258064516,0.34210526315789475,0.2894736842105263,0.2894736842105263,0.07894736842105263,18,24
"RNCMPT00065,min,UUAGCUU,RBD_v3_154684",147,0,186,38,0.043010752688172046,0.010752688172043012,0.06451612903225806,0.07526881720430108,0.021505376344086023,0.08064516129032258,0.026881720430107527,0.06451612903225806,0.0913978494623656,0.07526881720430108,0.016129032258064516,0.043010752688172046,0.07526881720430108,0.053763440860215055,0.0913978494623656,0.03225806451612903,0.04838709677419355,0.06451612903225806,0.005376344086021506,0.016129032258064516,0.2894736842105263,0.21052631578947367,0.23684210526315788,0.2631578947368421,13,19
"RNCMPT00066,max,AGGAGGA,RBD_v3_039490",148,1,245,38,0.044897959183673466,0.00816326530612245,0.10612244897959183,0.04081632653061224,0.044897959183673466,0.17142857142857143,0.0163265306122449,0.02040816326530612,0.044897959183673466,0.0326530612244898,0.02040816326530612,0.024489795918367346,0.04897959183673469,0.0163265306122449,0.1469387755102041,0.08163265306122448,0.024489795918367346,0.05714285714285714,0.004081632653061225,0.044897959183673466,0.34210526315789475,0.13157894736842105,0.3157894736842105,0.21052631578947367,8,14
"RNCMPT00066,max,AGGAGGA,RBD_v3_051049",148,1,245,38,0.044897959183673466,0.00816326530612245,0.10612244897959183,0.04081632653061224,0.044897959183673466,0.17142857142857143,0.0163265306122449,0.02040816326530612,0.044897959183673466,0.0326530612244898,0.02040816326530612,0.024489795918367346,0.04897959183673469,0.0163265306122449,0.1469387755102041,0.08163265306122448,0.024489795918367346,0.05714285714285714,0.004081632653061225,0.044897959183673466,0.2894736842105263,0.15789473684210525,0.39473684210526316,0.15789473684210525,1,7
"RNCMPT00066,max,GGAGGGA,RBD_v3_071955",148,1,245,38,0.044897959183673466,0.00816326530612245,0.10612244897959183,0.04081632653061224,0.044897959183673466,0.17142857142857143,0.0163265306122449,0.02040816326530612,0.044897959183673466,0.0326530612244898,0.02040816326530612,0.024489795918367346,0.04897959183673469,0.0163265306122449,0.1469387755102041,0.08163265306122448,0.024489795918367346,0.05714285714285714,0.004081632653061225,0.044897959183673466,0.23684210526315788,0.15789473684210525,0.34210526315789475,0.2631578947368421,26,32
"RNCMPT00066,min,UCGUCUU,RBD_v3_160018",148,0,245,38,0.044897959183673466,0.00816326530612245,0.10612244897959183,0.04081632653061224,0.044897959183673466,0.17142857142857143,0.0163265306122449,0.02040816326530612,0.044897959183673466,0.0326530612244898,0.02040816326530612,0.024489795918367346,0.04897959183673469,0.0163265306122449,0.1469387755102041,0.08163265306122448,0.024489795918367346,0.05714285714285714,0.004081632653061225,0.044897959183673466,0.2894736842105263,0.21052631578947367,0.15789473684210525,0.34210526315789475,7,13
"RNCMPT00066,min,UGUCCUU,RBD_v3_044988",148,0,245,38,0.044897959183673466,0.00816326530612245,0.10612244897959183,0.04081632653061224,0.044897959183673466,0.17142857142857143,0.0163265306122449,0.02040816326530612,0.044897959183673466,0.0326530612244898,0.02040816326530612,0.024489795918367346,0.04897959183673469,0.0163265306122449,0.1469387755102041,0.08163265306122448,0.024489795918367346,0.05714285714285714,0.004081632653061225,0.044897959183673466,0.21052631578947367,0.23684210526315788,0.18421052631578946,0.3684210526315789,17,23
"RNCMPT00066,min,UUCGUUC,RBD_v3_099915",148,0,245,35,0.044897959183673466,0.00816326530612245,0.10612244897959183,0.04081632653061224,0.044897959183673466,0.17142857142857143,0.0163265306122449,0.02040816326530612,0.044897959183673466,0.0326530612244898,0.02040816326530612,0.024489795918367346,0.04897959183673469,0.0163265306122449,0.1469387755102041,0.08163265306122448,0.024489795918367346,0.05714285714285714,0.004081632653061225,0.044897959183673466,0.14285714285714285,0.3142857142857143,0.17142857142857143,0.37142857142857144,6,12
"RNCMPT00067,max,GGGAGCC,RBD_v3_003612",160,1,221,30,0.03167420814479638,0.00904977375565611,0.08597285067873303,0.07239819004524888,0.04072398190045249,0.12669683257918551,0.01809954751131222,0.02262443438914027,0.03619909502262444,0.05429864253393665,0.01809954751131222,0.01809954751131222,0.06334841628959276,0.01809954751131222,0.13574660633484162,0.07692307692307693,0.027149321266968326,0.05429864253393665,0.013574660633484163,0.07692307692307693,0.3,0.2,0.43333333333333335,0.06666666666666667,17,23
"RNCMPT00067,max,GGGGAGC,RBD_v3_176195",160,1,221,38,0.03167420814479638,0.00904977375565611,0.08597285067873303,0.07239819004524888,0.04072398190045249,0.12669683257918551,0.01809954751131222,0.02262443438914027,0.03619909502262444,0.05429864253393665,0.01809954751131222,0.01809954751131222,0.06334841628959276,0.01809954751131222,0.13574660633484162,0.07692307692307693,0.027149321266968326,0.05429864253393665,0.013574660633484163,0.07692307692307693,0.2631578947368421,0.18421052631578946,0.34210526315789475,0.21052631578947367,2,8
"RNCMPT00067,max,GGGGAGC,RBD_v3_186352",160,1,221,35,0.03167420814479638,0.00904977375565611,0.08597285067873303,0.07239819004524888,0.04072398190045249,0.12669683257918551,0.01809954751131222,0.02262443438914027,0.03619909502262444,0.05429864253393665,0.01809954751131222,0.01809954751131222,0.06334841628959276,0.01809954751131222,0.13574660633484162,0.07692307692307693,0.027149321266968326,0.05429864253393665,0.013574660633484163,0.07692307692307693,0.4,0.11428571428571428,0.34285714285714286,0.14285714285714285,15,21
"RNCMPT00067,min,GUGGUUU,RBD_v3_033293",160,0,221,30,0.03167420814479638,0.00904977375565611,0.08597285067873303,0.07239819004524888,0.04072398190045249,0.12669683257918551,0.01809954751131222,0.02262443438914027,0.03619909502262444,0.05429864253393665,0.01809954751131222,0.01809954751131222,0.06334841628959276,0.01809954751131222,0.13574660633484162,0.07692307692307693,0.027149321266968326,0.05429864253393665,0.013574660633484163,0.07692307692307693,0.3,0.1,0.3,0.3,20,26
"RNCMPT00067,min,GUGUUCG,RBD_v3_043282",160,0,221,35,0.03167420814479638,0.00904977375565611,0.08597285067873303,0.07239819004524888,0.04072398190045249,0.12669683257918551,0.01809954751131222,0.02262443438914027,0.03619909502262444,0.05429864253393665,0.01809954751131222,0.01809954751131222,0.06334841628959276,0.01809954751131222,0.13574660633484162,0.07692307692307693,0.027149321266968326,0.05429864253393665,0.013574660633484163,0.07692307692307693,0.22857142857142856,0.2857142857142857,0.2571428571428571,0.22857142857142856,13,19
"RNCMPT00067,min,UAGUCCU,RBD_v3_027733",160,0,221,35,0.03167420814479638,0.00904977375565611,0.08597285067873303,0.07239819004524888,0.04072398190045249,0.12669683257918551,0.01809954751131222,0.02262443438914027,0.03619909502262444,0.05429864253393665,0.01809954751131222,0.01809954751131222,0.06334841628959276,0.01809954751131222,0.13574660633484162,0.07692307692307693,0.027149321266968326,0.05429864253393665,0.013574660633484163,0.07692307692307693,0.37142857142857144,0.2571428571428571,0.2571428571428571,0.11428571428571428,23,29
"RNCMPT00068,max,AUAAUUA,RBD_v3_217404",150,1,378,38,0.082010582010582,0.010582010582010581,0.04497354497354497,0.03439153439153439,0.023809523809523808,0.08994708994708994,0.007936507936507936,0.05026455026455026,0.05555555555555555,0.047619047619047616,0.04497354497354497,0.04497354497354497,0.09259259259259259,0.09259259259259259,0.026455026455026454,0.05555555555555555,0.07142857142857142,0.06613756613756613,0.007936507936507936,0.05026455026455026,0.39473684210526316,0.15789473684210525,0.21052631578947367,0.23684210526315788,5,11
"RNCMPT00068,max,AUAUUAG,RBD_v3_122805",150,1,378,38,0.082010582010582,0.010582010582010581,0.04497354497354497,0.03439153439153439,0.023809523809523808,0.08994708994708994,0.007936507936507936,0.05026455026455026,0.05555555555555555,0.047619047619047616,0.04497354497354497,0.04497354497354497,0.09259259259259259,0.09259259259259259,0.026455026455026454,0.05555555555555555,0.07142857142857142,0.06613756613756613,0.007936507936507936,0.05026455026455026,0.42105263157894735,0.18421052631578946,0.18421052631578946,0.21052631578947367,15,21
"RNCMPT00068,max,UAUAUUA,RBD_v3_023250",150,1,378,35,0.082010582010582,0.010582010582010581,0.04497354497354497,0.03439153439153439,0.023809523809523808,0.08994708994708994,0.007936507936507936,0.05026455026455026,0.05555555555555555,0.047619047619047616,0.04497354497354497,0.04497354497354497,0.09259259259259259,0.09259259259259259,0.026455026455026454,0.05555555555555555,0.07142857142857142,0.06613756613756613,0.007936507936507936,0.05026455026455026,0.2857142857142857,0.2,0.2,0.3142857142857143,4,10
"RNCMPT00068,min,CCCCCCC,RBD_v3_183991",150,0,378,38,0.082010582010582,0.010582010582010581,0.04497354497354497,0.03439153439153439,0.023809523809523808,0.08994708994708994,0.007936507936507936,0.05026455026455026,0.05555555555555555,0.047619047619047616,0.04497354497354497,0.04497354497354497,0.09259259259259259,0.09259259259259259,0.026455026455026454,0.05555555555555555,0.07142857142857142,0.06613756613756613,0.007936507936507936,0.05026455026455026,0.23684210526315788,0.3157894736842105,0.34210526315789475,0.10526315789473684,27,33
"RNCMPT00068,min,CCCCCCU,RBD_v3_183023",150,0,378,38,0.082010582010582,0.010582010582010581,0.04497354497354497,0.03439153439153439,0.023809523809523808,0.08994708994708994,0.007936507936507936,0.05026455026455026,0.05555555555555555,0.047619047619047616,0.04497354497354497,0.04497354497354497,0.09259259259259259,0.09259259259259259,0.026455026455026454,0.05555555555555555,0.07142857142857142,0.06613756613756613,0.007936507936507936,0.05026455026455026,0.13157894736842105,0.39473684210526316,0.21052631578947367,0.2631578947368421,26,32
"RNCMPT00068,min,GCCCCCC,RBD_v3_083576",150,0,378,30,0.082010582010582,0.010582010582010581,0.04497354497354497,0.03439153439153439,0.023809523809523808,0.08994708994708994,0.007936507936507936,0.05026455026455026,0.05555555555555555,0.047619047619047616,0.04497354497354497,0.04497354497354497,0.09259259259259259,0.09259259259259259,0.026455026455026454,0.05555555555555555,0.07142857142857142,0.06613756613756613,0.007936507936507936,0.05026455026455026,0.13333333333333333,0.3333333333333333,0.3333333333333333,0.2,22,28
"RNCMPT00069,max,ACACACA,RBD_v3_003309",151,1,436,38,0.07339449541284404,0.016055045871559634,0.04357798165137615,0.05045871559633028,0.05045871559633028,0.06651376146788991,0.02981651376146789,0.06192660550458716,0.06880733944954129,0.07568807339449542,0.027522935779816515,0.07568807339449542,0.0779816513761468,0.04128440366972477,0.034403669724770644,0.05504587155963303,0.06192660550458716,0.05963302752293578,0.006880733944954129,0.022935779816513763,0.34210526315789475,0.2894736842105263,0.18421052631578946,0.18421052631578946,27,33
"RNCMPT00069,max,ACACACA,RBD_v3_023851",151,1,436,38,0.07339449541284404,0.016055045871559634,0.04357798165137615,0.05045871559633028,0.05045871559633028,0.06651376146788991,0.02981651376146789,0.06192660550458716,0.06880733944954129,0.07568807339449542,0.027522935779816515,0.07568807339449542,0.0779816513761468,0.04128440366972477,0.034403669724770644,0.05504587155963303,0.06192660550458716,0.05963302752293578,0.006880733944954129,0.022935779816513763,0.3684210526315789,0.3157894736842105,0.15789473684210525,0.15789473684210525,3,9
"RNCMPT00069,max,ACACACA,RBD_v3_115487",151,1,436,38,0.07339449541284404,0.016055045871559634,0.04357798165137615,0.05045871559633028,0.05045871559633028,0.06651376146788991,0.02981651376146789,0.06192660550458716,0.06880733944954129,0.07568807339449542,0.027522935779816515,0.07568807339449542,0.0779816513761468,0.04128440366972477,0.034403669724770644,0.05504587155963303,0.06192660550458716,0.05963302752293578,0.006880733944954129,0.022935779816513763,0.34210526315789475,0.2894736842105263,0.18421052631578946,0.18421052631578946,27,33
"RNCMPT00069,min,AGAGUCG,RBD_v3_104533",151,0,436,38,0.07339449541284404,0.016055045871559634,0.04357798165137615,0.05045871559633028,0.05045871559633028,0.06651376146788991,0.02981651376146789,0.06192660550458716,0.06880733944954129,0.07568807339449542,0.027522935779816515,0.07568807339449542,0.0779816513761468,0.04128440366972477,0.034403669724770644,0.05504587155963303,0.06192660550458716,0.05963302752293578,0.006880733944954129,0.022935779816513763,0.23684210526315788,0.21052631578947367,0.2894736842105263,0.2631578947368421,17,23
"RNCMPT00069,min,AGAGUCG,RBD_v3_160610",151,0,436,38,0.07339449541284404,0.016055045871559634,0.04357798165137615,0.05045871559633028,0.05045871559633028,0.06651376146788991,0.02981651376146789,0.06192660550458716,0.06880733944954129,0.07568807339449542,0.027522935779816515,0.07568807339449542,0.0779816513761468,0.04128440366972477,0.034403669724770644,0.05504587155963303,0.06192660550458716,0.05963302752293578,0.006880733944954129,0.022935779816513763,0.15789473684210525,0.3684210526315789,0.2894736842105263,0.18421052631578946,1,7
"RNCMPT00069,min,GAGUCGU,RBD_v3_153659",151,0,436,38,0.07339449541284404,0.016055045871559634,0.04357798165137615,0.05045871559633028,0.05045871559633028,0.06651376146788991,0.02981651376146789,0.06192660550458716,0.06880733944954129,0.07568807339449542,0.027522935779816515,0.07568807339449542,0.0779816513761468,0.04128440366972477,0.034403669724770644,0.05504587155963303,0.06192660550458716,0.05963302752293578,0.006880733944954129,0.022935779816513763,0.2631578947368421,0.10526315789473684,0.5,0.13157894736842105,24,30
"RNCMPT00070,max,AGAUCAA,RBD_v3_229571",153,1,171,35,0.04678362573099415,0.0,0.07017543859649122,0.09941520467836257,0.023391812865497075,0.09941520467836257,0.03508771929824561,0.03508771929824561,0.07017543859649122,0.03508771929824561,0.023391812865497075,0.023391812865497075,0.05847953216374269,0.017543859649122806,0.16374269005847952,0.03508771929824561,0.05263157894736842,0.05847953216374269,0.011695906432748537,0.04093567251461988,0.37142857142857144,0.22857142857142856,0.22857142857142856,0.17142857142857143,19,25
"RNCMPT00070,max,AUCAAGA,RBD_v3_086909",153,1,171,38,0.04678362573099415,0.0,0.07017543859649122,0.09941520467836257,0.023391812865497075,0.09941520467836257,0.03508771929824561,0.03508771929824561,0.07017543859649122,0.03508771929824561,0.023391812865497075,0.023391812865497075,0.05847953216374269,0.017543859649122806,0.16374269005847952,0.03508771929824561,0.05263157894736842,0.05847953216374269,0.011695906432748537,0.04093567251461988,0.3157894736842105,0.15789473684210525,0.2631578947368421,0.2631578947368421,8,14
"RNCMPT00070,max,GAUCAAG,RBD_v3_172434",153,1,171,38,0.04678362573099415,0.0,0.07017543859649122,0.09941520467836257,0.023391812865497075,0.09941520467836257,0.03508771929824561,0.03508771929824561,0.07017543859649122,0.03508771929824561,0.023391812865497075,0.023391812865497075,0.05847953216374269,0.017543859649122806,0.16374269005847952,0.03508771929824561,0.05263157894736842,0.05847953216374269,0.011695906432748537,0.04093567251461988,0.3684210526315789,0.18421052631578946,0.23684210526315788,0.21052631578947367,2,8
"RNCMPT00070,min,GCCCACC,RBD_v3_125136",153,0,171,38,0.04678362573099415,0.0,0.07017543859649122,0.09941520467836257,0.023391812865497075,0.09941520467836257,0.03508771929824561,0.03508771929824561,0.07017543859649122,0.03508771929824561,0.023391812865497075,0.023391812865497075,0.05847953216374269,0.017543859649122806,0.16374269005847952,0.03508771929824561,0.05263157894736842,0.05847953216374269,0.011695906432748537,0.04093567251461988,0.3157894736842105,0.3684210526315789,0.15789473684210525,0.15789473684210525,4,10
"RNCMPT00070,min,GCCCGCC,RBD_v3_119665",153,0,171,30,0.04678362573099415,0.0,0.07017543859649122,0.09941520467836257,0.023391812865497075,0.09941520467836257,0.03508771929824561,0.03508771929824561,0.07017543859649122,0.03508771929824561,0.023391812865497075,0.023391812865497075,0.05847953216374269,0.017543859649122806,0.16374269005847952,0.03508771929824561,0.05263157894736842,0.05847953216374269,0.011695906432748537,0.04093567251461988,0.3333333333333333,0.23333333333333334,0.16666666666666666,0.26666666666666666,17,23
"RNCMPT00070,min,GCCCGCC,RBD_v3_186736",153,0,171,38,0.04678362573099415,0.0,0.07017543859649122,0.09941520467836257,0.023391812865497075,0.09941520467836257,0.03508771929824561,0.03508771929824561,0.07017543859649122,0.03508771929824561,0.023391812865497075,0.023391812865497075,0.05847953216374269,0.017543859649122806,0.16374269005847952,0.03508771929824561,0.05263157894736842,0.05847953216374269,0.011695906432748537,0.04093567251461988,0.18421052631578946,0.3157894736842105,0.18421052631578946,0.3157894736842105,5,11
"RNCMPT00071,max,AUUGCAC,RBD_v3_133839",155,1,282,35,0.07801418439716312,0.0,0.031914893617021274,0.04964539007092199,0.05319148936170213,0.07092198581560284,0.01773049645390071,0.06028368794326241,0.07801418439716312,0.06382978723404255,0.06028368794326241,0.04609929078014184,0.12411347517730496,0.0673758865248227,0.04609929078014184,0.0425531914893617,0.0425531914893617,0.04964539007092199,0.0,0.01773049645390071,0.2857142857142857,0.2571428571428571,0.2,0.2571428571428571,12,18
"RNCMPT00071,max,AUUGCAC,RBD_v3_233166",155,1,282,35,0.07801418439716312,0.0,0.031914893617021274,0.04964539007092199,0.05319148936170213,0.07092198581560284,0.01773049645390071,0.06028368794326241,0.07801418439716312,0.06382978723404255,0.06028368794326241,0.04609929078014184,0.12411347517730496,0.0673758865248227,0.04609929078014184,0.0425531914893617,0.0425531914893617,0.04964539007092199,0.0,0.01773049645390071,0.2857142857142857,0.2571428571428571,0.2,0.2571428571428571,12,18
"RNCMPT00071,max,UUGCACA,RBD_v3_168565",155,1,282,38,0.07801418439716312,0.0,0.031914893617021274,0.04964539007092199,0.05319148936170213,0.07092198581560284,0.01773049645390071,0.06028368794326241,0.07801418439716312,0.06382978723404255,0.06028368794326241,0.04609929078014184,0.12411347517730496,0.0673758865248227,0.04609929078014184,0.0425531914893617,0.0425531914893617,0.04964539007092199,0.0,0.01773049645390071,0.2631578947368421,0.21052631578947367,0.2631578947368421,0.2631578947368421,13,19
"RNCMPT00071,min,GGGGGGG,RBD_v3_026081",155,0,282,38,0.07801418439716312,0.0,0.031914893617021274,0.04964539007092199,0.05319148936170213,0.07092198581560284,0.01773049645390071,0.06028368794326241,0.07801418439716312,0.06382978723404255,0.06028368794326241,0.04609929078014184,0.12411347517730496,0.0673758865248227,0.04609929078014184,0.0425531914893617,0.0425531914893617,0.04964539007092199,0.0,0.01773049645390071,0.2894736842105263,0.07894736842105263,0.42105263157894735,0.21052631578947367,29,35
"RNCMPT00071,min,GGGGGGG,RBD_v3_054011",155,0,282,38,0.07801418439716312,0.0,0.031914893617021274,0.04964539007092199,0.05319148936170213,0.07092198581560284,0.01773049645390071,0.06028368794326241,0.07801418439716312,0.06382978723404255,0.06028368794326241,0.04609929078014184,0.12411347517730496,0.0673758865248227,0.04609929078014184,0.0425531914893617,0.0425531914893617,0.04964539007092199,0.0,0.01773049645390071,0.2894736842105263,0.13157894736842105,0.3684210526315789,0.21052631578947367,10,16
"RNCMPT00071,min,GGGGGUG,RBD_v3_193503",155,0,282,35,0.07801418439716312,0.0,0.031914893617021274,0.04964539007092199,0.05319148936170213,0.07092198581560284,0.01773049645390071,0.06028368794326241,0.07801418439716312,0.06382978723404255,0.06028368794326241,0.04609929078014184,0.12411347517730496,0.0673758865248227,0.04609929078014184,0.0425531914893617,0.0425531914893617,0.04964539007092199,0.0,0.01773049645390071,0.34285714285714286,0.08571428571428572,0.37142857142857144,0.2,5,11
"RNCMPT00072,max,AGGAGAA,RBD_v3_111459",158,1,120,35,0.05,0.0,0.1,0.041666666666666664,0.03333333333333333,0.11666666666666667,0.025,0.008333333333333333,0.03333333333333333,0.041666666666666664,0.041666666666666664,0.008333333333333333,0.08333333333333333,0.008333333333333333,0.175,0.058333333333333334,0.041666666666666664,0.06666666666666667,0.0,0.06666666666666667,0.37142857142857144,0.17142857142857143,0.2857142857142857,0.17142857142857143,1,7
"RNCMPT00072,max,AGGAGAA,RBD_v3_127223",158,1,120,38,0.05,0.0,0.1,0.041666666666666664,0.03333333333333333,0.11666666666666667,0.025,0.008333333333333333,0.03333333333333333,0.041666666666666664,0.041666666666666664,0.008333333333333333,0.08333333333333333,0.008333333333333333,0.175,0.058333333333333334,0.041666666666666664,0.06666666666666667,0.0,0.06666666666666667,0.3157894736842105,0.15789473684210525,0.3157894736842105,0.21052631578947367,1,7
"RNCMPT00072,max,AGGAGAG,RBD_v3_106344",158,1,120,38,0.05,0.0,0.1,0.041666666666666664,0.03333333333333333,0.11666666666666667,0.025,0.008333333333333333,0.03333333333333333,0.041666666666666664,0.041666666666666664,0.008333333333333333,0.08333333333333333,0.008333333333333333,0.175,0.058333333333333334,0.041666666666666664,0.06666666666666667,0.0,0.06666666666666667,0.2894736842105263,0.10526315789473684,0.3684210526315789,0.23684210526315788,1,7
"RNCMPT00072,min,CCAUUUU,RBD_v3_023952",158,0,120,35,0.05,0.0,0.1,0.041666666666666664,0.03333333333333333,0.11666666666666667,0.025,0.008333333333333333,0.03333333333333333,0.041666666666666664,0.041666666666666664,0.008333333333333333,0.08333333333333333,0.008333333333333333,0.175,0.058333333333333334,0.041666666666666664,0.06666666666666667,0.0,0.06666666666666667,0.2857142857142857,0.2571428571428571,0.22857142857142856,0.22857142857142856,22,28
"RNCMPT00072,min,GGGGGGC,RBD_v3_223282",158,0,120,30,0.05,0.0,0.1,0.041666666666666664,0.03333333333333333,0.11666666666666667,0.025,0.008333333333333333,0.03333333333333333,0.041666666666666664,0.041666666666666664,0.008333333333333333,0.08333333333333333,0.008333333333333333,0.175,0.058333333333333334,0.041666666666666664,0.06666666666666667,0.0,0.06666666666666667,0.3333333333333333,0.13333333333333333,0.43333333333333335,0.1,15,21
"RNCMPT00072,min,GGGGGGG,RBD_v3_011654",158,0,120,38,0.05,0.0,0.1,0.041666666666666664,0.03333333333333333,0.11666666666666667,0.025,0.008333333333333333,0.03333333333333333,0.041666666666666664,0.041666666666666664,0.008333333333333333,0.08333333333333333,0.008333333333333333,0.175,0.058333333333333334,0.041666666666666664,0.06666666666666667,0.0,0.06666666666666667,0.23684210526315788,0.15789473684210525,0.4473684210526316,0.15789473684210525,2,8
"RNCMPT00073,max,ACGACGA,RBD_v3_077725",159,1,124,38,0.06451612903225806,0.03225806451612903,0.06451612903225806,0.07258064516129033,0.04838709677419355,0.12903225806451613,0.016129032258064516,0.016129032258064516,0.03225806451612903,0.04032258064516129,0.016129032258064516,0.024193548387096774,0.07258064516129033,0.0,0.14516129032258066,0.04838709677419355,0.03225806451612903,0.06451612903225806,0.008064516129032258,0.07258064516129033,0.2631578947368421,0.2631578947368421,0.2631578947368421,0.21052631578947367,5,11
"RNCMPT00073,max,CGACGAC,RBD_v3_172245",159,1,124,38,0.06451612903225806,0.03225806451612903,0.06451612903225806,0.07258064516129033,0.04838709677419355,0.12903225806451613,0.016129032258064516,0.016129032258064516,0.03225806451612903,0.04032258064516129,0.016129032258064516,0.024193548387096774,0.07258064516129033,0.0,0.14516129032258066,0.04838709677419355,0.03225806451612903,0.06451612903225806,0.008064516129032258,0.07258064516129033,0.39473684210526316,0.2631578947368421,0.2631578947368421,0.07894736842105263,9,15
"RNCMPT00073,max,GACGACG,RBD_v3_055960",159,1,124,30,0.06451612903225806,0.03225806451612903,0.06451612903225806,0.07258064516129033,0.04838709677419355,0.12903225806451613,0.016129032258064516,0.016129032258064516,0.03225806451612903,0.04032258064516129,0.016129032258064516,0.024193548387096774,0.07258064516129033,0.0,0.14516129032258066,0.04838709677419355,0.03225806451612903,0.06451612903225806,0.008064516129032258,0.07258064516129033,0.23333333333333334,0.3333333333333333,0.3333333333333333,0.1,2,8
"RNCMPT00073,min,UUUGUCC,RBD_v3_026735",159,0,124,38,0.06451612903225806,0.03225806451612903,0.06451612903225806,0.07258064516129033,0.04838709677419355,0.12903225806451613,0.016129032258064516,0.016129032258064516,0.03225806451612903,0.04032258064516129,0.016129032258064516,0.024193548387096774,0.07258064516129033,0.0,0.14516129032258066,0.04838709677419355,0.03225806451612903,0.06451612903225806,0.008064516129032258,0.07258064516129033,0.3157894736842105,0.23684210526315788,0.18421052631578946,0.2631578947368421,17,23
"RNCMPT00073,min,UUUGUCC,RBD_v3_110550",159,0,124,38,0.06451612903225806,0.03225806451612903,0.06451612903225806,0.07258064516129033,0.04838709677419355,0.12903225806451613,0.016129032258064516,0.016129032258064516,0.03225806451612903,0.04032258064516129,0.016129032258064516,0.024193548387096774,0.07258064516129033,0.0,0.14516129032258066,0.04838709677419355,0.03225806451612903,0.06451612903225806,0.008064516129032258,0.07258064516129033,0.2631578947368421,0.23684210526315788,0.2631578947368421,0.23684210526315788,11,17
"RNCMPT00073,min,UUUUGUC,RBD_v3_120107",159,0,124,38,0.06451612903225806,0.03225806451612903,0.06451612903225806,0.07258064516129033,0.04838709677419355,0.12903225806451613,0.016129032258064516,0.016129032258064516,0.03225806451612903,0.04032258064516129,0.016129032258064516,0.024193548387096774,0.07258064516129033,0.0,0.14516129032258066,0.04838709677419355,0.03225806451612903,0.06451612903225806,0.008064516129032258,0.07258064516129033,0.15789473684210525,0.23684210526315788,0.18421052631578946,0.42105263157894735,6,12
"RNCMPT00074,max,AGGACAA,RBD_v3_020823",160,1,221,38,0.03167420814479638,0.00904977375565611,0.08597285067873303,0.07239819004524888,0.04072398190045249,0.12669683257918551,0.01809954751131222,0.02262443438914027,0.03619909502262444,0.05429864253393665,0.01809954751131222,0.01809954751131222,0.06334841628959276,0.01809954751131222,0.13574660633484162,0.07692307692307693,0.027149321266968326,0.05429864253393665,0.013574660633484163,0.07692307692307693,0.42105263157894735,0.15789473684210525,0.2631578947368421,0.15789473684210525,1,7
"RNCMPT00074,max,AGGAGCA,RBD_v3_065928",160,1,221,38,0.03167420814479638,0.00904977375565611,0.08597285067873303,0.07239819004524888,0.04072398190045249,0.12669683257918551,0.01809954751131222,0.02262443438914027,0.03619909502262444,0.05429864253393665,0.01809954751131222,0.01809954751131222,0.06334841628959276,0.01809954751131222,0.13574660633484162,0.07692307692307693,0.027149321266968326,0.05429864253393665,0.013574660633484163,0.07692307692307693,0.3157894736842105,0.13157894736842105,0.39473684210526316,0.15789473684210525,19,25
"RNCMPT00074,max,GAGGAGC,RBD_v3_106705",160,1,221,35,0.03167420814479638,0.00904977375565611,0.08597285067873303,0.07239819004524888,0.04072398190045249,0.12669683257918551,0.01809954751131222,0.02262443438914027,0.03619909502262444,0.05429864253393665,0.01809954751131222,0.01809954751131222,0.06334841628959276,0.01809954751131222,0.13574660633484162,0.07692307692307693,0.027149321266968326,0.05429864253393665,0.013574660633484163,0.07692307692307693,0.3142857142857143,0.08571428571428572,0.45714285714285713,0.14285714285714285,4,10
"RNCMPT00074,min,ACUGUUU,RBD_v3_002893",160,0,221,35,0.03167420814479638,0.00904977375565611,0.08597285067873303,0.07239819004524888,0.04072398190045249,0.12669683257918551,0.01809954751131222,0.02262443438914027,0.03619909502262444,0.05429864253393665,0.01809954751131222,0.01809954751131222,0.06334841628959276,0.01809954751131222,0.13574660633484162,0.07692307692307693,0.027149321266968326,0.05429864253393665,0.013574660633484163,0.07692307692307693,0.2,0.22857142857142856,0.14285714285714285,0.42857142857142855,3,9
"RNCMPT00074,min,CUGUUUC,RBD_v3_177649",160,0,221,35,0.03167420814479638,0.00904977375565611,0.08597285067873303,0.07239819004524888,0.04072398190045249,0.12669683257918551,0.01809954751131222,0.02262443438914027,0.03619909502262444,0.05429864253393665,0.01809954751131222,0.01809954751131222,0.06334841628959276,0.01809954751131222,0.13574660633484162,0.07692307692307693,0.027149321266968326,0.05429864253393665,0.013574660633484163,0.07692307692307693,0.2,0.3142857142857143,0.11428571428571428,0.37142857142857144,17,23
"RNCMPT00074,min,GUUUGUG,RBD_v3_001244",160,0,221,30,0.03167420814479638,0.00904977375565611,0.08597285067873303,0.07239819004524888,0.04072398190045249,0.12669683257918551,0.01809954751131222,0.02262443438914027,0.03619909502262444,0.05429864253393665,0.01809954751131222,0.01809954751131222,0.06334841628959276,0.01809954751131222,0.13574660633484162,0.07692307692307693,0.027149321266968326,0.05429864253393665,0.013574660633484163,0.07692307692307693,0.16666666666666666,0.16666666666666666,0.36666666666666664,0.3,18,24
"RNCMPT00075,max,UCCGAUA,RBD_v3_058286",172,1,912,38,0.09539473684210527,0.02631578947368421,0.044956140350877194,0.0712719298245614,0.03179824561403509,0.08991228070175439,0.023026315789473683,0.01206140350877193,0.02850877192982456,0.1206140350877193,0.01206140350877193,0.01425438596491228,0.0756578947368421,0.0581140350877193,0.07456140350877193,0.09649122807017543,0.03399122807017544,0.0668859649122807,0.015350877192982455,0.008771929824561403,0.3157894736842105,0.23684210526315788,0.2631578947368421,0.18421052631578946,16,22
"RNCMPT00075,max,UCCGAUA,RBD_v3_063226",172,1,912,38,0.09539473684210527,0.02631578947368421,0.044956140350877194,0.0712719298245614,0.03179824561403509,0.08991228070175439,0.023026315789473683,0.01206140350877193,0.02850877192982456,0.1206140350877193,0.01206140350877193,0.01425438596491228,0.0756578947368421,0.0581140350877193,0.07456140350877193,0.09649122807017543,0.03399122807017544,0.0668859649122807,0.015350877192982455,0.008771929824561403,0.34210526315789475,0.21052631578947367,0.21052631578947367,0.23684210526315788,5,11
"RNCMPT00075,max,UUCGAUA,RBD_v3_152819",172,1,912,35,0.09539473684210527,0.02631578947368421,0.044956140350877194,0.0712719298245614,0.03179824561403509,0.08991228070175439,0.023026315789473683,0.01206140350877193,0.02850877192982456,0.1206140350877193,0.01206140350877193,0.01425438596491228,0.0756578947368421,0.0581140350877193,0.07456140350877193,0.09649122807017543,0.03399122807017544,0.0668859649122807,0.015350877192982455,0.008771929824561403,0.2,0.2,0.2857142857142857,0.3142857142857143,14,20
"RNCMPT00075,min,AGGGGGC,RBD_v3_024571",172,0,912,30,0.09539473684210527,0.02631578947368421,0.044956140350877194,0.0712719298245614,0.03179824561403509,0.08991228070175439,0.023026315789473683,0.01206140350877193,0.02850877192982456,0.1206140350877193,0.01206140350877193,0.01425438596491228,0.0756578947368421,0.0581140350877193,0.07456140350877193,0.09649122807017543,0.03399122807017544,0.0668859649122807,0.015350877192982455,0.008771929824561403,0.3,0.23333333333333334,0.36666666666666664,0.1,6,12
"RNCMPT00075,min,AGGGGGC,RBD_v3_105434",172,0,912,30,0.09539473684210527,0.02631578947368421,0.044956140350877194,0.0712719298245614,0.03179824561403509,0.08991228070175439,0.023026315789473683,0.01206140350877193,0.02850877192982456,0.1206140350877193,0.01206140350877193,0.01425438596491228,0.0756578947368421,0.0581140350877193,0.07456140350877193,0.09649122807017543,0.03399122807017544,0.0668859649122807,0.015350877192982455,0.008771929824561403,0.23333333333333334,0.13333333333333333,0.4,0.23333333333333334,1,7
"RNCMPT00075,min,AGGGGGG,RBD_v3_131732",172,0,912,30,0.09539473684210527,0.02631578947368421,0.044956140350877194,0.0712719298245614,0.03179824561403509,0.08991228070175439,0.023026315789473683,0.01206140350877193,0.02850877192982456,0.1206140350877193,0.01206140350877193,0.01425438596491228,0.0756578947368421,0.0581140350877193,0.07456140350877193,0.09649122807017543,0.03399122807017544,0.0668859649122807,0.015350877192982455,0.008771929824561403,0.13333333333333333,0.13333333333333333,0.6,0.13333333333333333,1,7
"RNCMPT00076,max,AGAAUGA,RBD_v3_122590",167,1,260,35,0.046153846153846156,0.015384615384615385,0.06538461538461539,0.057692307692307696,0.06538461538461539,0.12307692307692308,0.019230769230769232,0.03461538461538462,0.07307692307692308,0.06153846153846154,0.03076923076923077,0.05384615384615385,0.03461538461538462,0.05,0.05384615384615385,0.06538461538461539,0.04230769230769231,0.07692307692307693,0.011538461538461539,0.019230769230769232,0.3142857142857143,0.08571428571428572,0.34285714285714286,0.2571428571428571,16,22
"RNCMPT00076,max,AGAAUGA,RBD_v3_190636",167,1,260,38,0.046153846153846156,0.015384615384615385,0.06538461538461539,0.057692307692307696,0.06538461538461539,0.12307692307692308,0.019230769230769232,0.03461538461538462,0.07307692307692308,0.06153846153846154,0.03076923076923077,0.05384615384615385,0.03461538461538462,0.05,0.05384615384615385,0.06538461538461539,0.04230769230769231,0.07692307692307693,0.011538461538461539,0.019230769230769232,0.3684210526315789,0.10526315789473684,0.2631578947368421,0.2631578947368421,1,7
"RNCMPT00076,max,GAAUGAG,RBD_v3_036671",167,1,260,35,0.046153846153846156,0.015384615384615385,0.06538461538461539,0.057692307692307696,0.06538461538461539,0.12307692307692308,0.019230769230769232,0.03461538461538462,0.07307692307692308,0.06153846153846154,0.03076923076923077,0.05384615384615385,0.03461538461538462,0.05,0.05384615384615385,0.06538461538461539,0.04230769230769231,0.07692307692307693,0.011538461538461539,0.019230769230769232,0.2857142857142857,0.11428571428571428,0.34285714285714286,0.2571428571428571,15,21
"RNCMPT00076,min,CAUUUCA,RBD_v3_005890",167,0,260,38,0.046153846153846156,0.015384615384615385,0.06538461538461539,0.057692307692307696,0.06538461538461539,0.12307692307692308,0.019230769230769232,0.03461538461538462,0.07307692307692308,0.06153846153846154,0.03076923076923077,0.05384615384615385,0.03461538461538462,0.05,0.05384615384615385,0.06538461538461539,0.04230769230769231,0.07692307692307693,0.011538461538461539,0.019230769230769232,0.3157894736842105,0.21052631578947367,0.23684210526315788,0.23684210526315788,15,21
"RNCMPT00076,min,CAUUUCA,RBD_v3_172826",167,0,260,38,0.046153846153846156,0.015384615384615385,0.06538461538461539,0.057692307692307696,0.06538461538461539,0.12307692307692308,0.019230769230769232,0.03461538461538462,0.07307692307692308,0.06153846153846154,0.03076923076923077,0.05384615384615385,0.03461538461538462,0.05,0.05384615384615385,0.06538461538461539,0.04230769230769231,0.07692307692307693,0.011538461538461539,0.019230769230769232,0.23684210526315788,0.18421052631578946,0.21052631578947367,0.3684210526315789,17,23
"RNCMPT00076,min,CAUUUCA,RBD_v3_211225",167,0,260,38,0.046153846153846156,0.015384615384615385,0.06538461538461539,0.057692307692307696,0.06538461538461539,0.12307692307692308,0.019230769230769232,0.03461538461538462,0.07307692307692308,0.06153846153846154,0.03076923076923077,0.05384615384615385,0.03461538461538462,0.05,0.05384615384615385,0.06538461538461539,0.04230769230769231,0.07692307692307693,0.011538461538461539,0.019230769230769232,0.3157894736842105,0.2894736842105263,0.18421052631578946,0.21052631578947367,31,37
"RNCMPT00077,max,UUUUUCG,RBD_v3_210431",168,1,375,38,0.06933333333333333,0.016,0.034666666666666665,0.04533333333333334,0.042666666666666665,0.09866666666666667,0.021333333333333333,0.042666666666666665,0.050666666666666665,0.034666666666666665,0.04,0.06133333333333333,0.06133333333333333,0.088,0.032,0.06666666666666667,0.058666666666666666,0.064,0.02666666666666667,0.04533333333333334,0.18421052631578946,0.07894736842105263,0.3684210526315789,0.3684210526315789,9,15
"RNCMPT00077,max,UUUUUUG,RBD_v3_152636",168,1,375,38,0.06933333333333333,0.016,0.034666666666666665,0.04533333333333334,0.042666666666666665,0.09866666666666667,0.021333333333333333,0.042666666666666665,0.050666666666666665,0.034666666666666665,0.04,0.06133333333333333,0.06133333333333333,0.088,0.032,0.06666666666666667,0.058666666666666666,0.064,0.02666666666666667,0.04533333333333334,0.21052631578947367,0.18421052631578946,0.23684210526315788,0.3684210526315789,32,38
"RNCMPT00077,max,UUUUUUG,RBD_v3_225797",168,1,375,38,0.06933333333333333,0.016,0.034666666666666665,0.04533333333333334,0.042666666666666665,0.09866666666666667,0.021333333333333333,0.042666666666666665,0.050666666666666665,0.034666666666666665,0.04,0.06133333333333333,0.06133333333333333,0.088,0.032,0.06666666666666667,0.058666666666666666,0.064,0.02666666666666667,0.04533333333333334,0.21052631578947367,0.15789473684210525,0.23684210526315788,0.39473684210526316,26,32
"RNCMPT00077,min,AGGGGGG,RBD_v3_021242",168,0,375,30,0.06933333333333333,0.016,0.034666666666666665,0.04533333333333334,0.042666666666666665,0.09866666666666667,0.021333333333333333,0.042666666666666665,0.050666666666666665,0.034666666666666665,0.04,0.06133333333333333,0.06133333333333333,0.088,0.032,0.06666666666666667,0.058666666666666666,0.064,0.02666666666666667,0.04533333333333334,0.23333333333333334,0.3,0.36666666666666664,0.1,18,24
"RNCMPT00077,min,GGGGGGC,RBD_v3_015998",168,0,375,30,0.06933333333333333,0.016,0.034666666666666665,0.04533333333333334,0.042666666666666665,0.09866666666666667,0.021333333333333333,0.042666666666666665,0.050666666666666665,0.034666666666666665,0.04,0.06133333333333333,0.06133333333333333,0.088,0.032,0.06666666666666667,0.058666666666666666,0.064,0.02666666666666667,0.04533333333333334,0.16666666666666666,0.3,0.4,0.13333333333333333,10,16
"RNCMPT00077,min,GGGGGGG,RBD_v3_044649",168,0,375,38,0.06933333333333333,0.016,0.034666666666666665,0.04533333333333334,0.042666666666666665,0.09866666666666667,0.021333333333333333,0.042666666666666665,0.050666666666666665,0.034666666666666665,0.04,0.06133333333333333,0.06133333333333333,0.088,0.032,0.06666666666666667,0.058666666666666666,0.064,0.02666666666666667,0.04533333333333334,0.2894736842105263,0.15789473684210525,0.4473684210526316,0.10526315789473684,11,17
"RNCMPT00078,max,AGAAGAA,RBD_v3_027072",171,1,171,38,0.04678362573099415,0.017543859649122806,0.04678362573099415,0.04678362573099415,0.04093567251461988,0.06432748538011696,0.04093567251461988,0.04678362573099415,0.03508771929824561,0.023391812865497075,0.011695906432748537,0.023391812865497075,0.07017543859649122,0.04678362573099415,0.1871345029239766,0.14035087719298245,0.03508771929824561,0.04093567251461988,0.0,0.03508771929824561,0.3684210526315789,0.21052631578947367,0.2894736842105263,0.13157894736842105,4,10
"RNCMPT00078,max,AGAAGAA,RBD_v3_055639",171,1,171,38,0.04678362573099415,0.017543859649122806,0.04678362573099415,0.04678362573099415,0.04093567251461988,0.06432748538011696,0.04093567251461988,0.04678362573099415,0.03508771929824561,0.023391812865497075,0.011695906432748537,0.023391812865497075,0.07017543859649122,0.04678362573099415,0.1871345029239766,0.14035087719298245,0.03508771929824561,0.04093567251461988,0.0,0.03508771929824561,0.2894736842105263,0.15789473684210525,0.3684210526315789,0.18421052631578946,1,7
"RNCMPT00078,max,AGAAGAA,RBD_v3_105475",171,1,171,38,0.04678362573099415,0.017543859649122806,0.04678362573099415,0.04678362573099415,0.04093567251461988,0.06432748538011696,0.04093567251461988,0.04678362573099415,0.03508771929824561,0.023391812865497075,0.011695906432748537,0.023391812865497075,0.07017543859649122,0.04678362573099415,0.1871345029239766,0.14035087719298245,0.03508771929824561,0.04093567251461988,0.0,0.03508771929824561,0.3684210526315789,0.13157894736842105,0.34210526315789475,0.15789473684210525,19,25
"RNCMPT00078,min,AGGGGGG,RBD_v3_062286",171,0,171,38,0.04678362573099415,0.017543859649122806,0.04678362573099415,0.04678362573099415,0.04093567251461988,0.06432748538011696,0.04093567251461988,0.04678362573099415,0.03508771929824561,0.023391812865497075,0.011695906432748537,0.023391812865497075,0.07017543859649122,0.04678362573099415,0.1871345029239766,0.14035087719298245,0.03508771929824561,0.04093567251461988,0.0,0.03508771929824561,0.23684210526315788,0.18421052631578946,0.34210526315789475,0.23684210526315788,1,7
"RNCMPT00078,min,AGGGGGG,RBD_v3_075285",171,0,171,38,0.04678362573099415,0.017543859649122806,0.04678362573099415,0.04678362573099415,0.04093567251461988,0.06432748538011696,0.04093567251461988,0.04678362573099415,0.03508771929824561,0.023391812865497075,0.011695906432748537,0.023391812865497075,0.07017543859649122,0.04678362573099415,0.1871345029239766,0.14035087719298245,0.03508771929824561,0.04093567251461988,0.0,0.03508771929824561,0.21052631578947367,0.21052631578947367,0.2631578947368421,0.3157894736842105,20,26
"RNCMPT00078,min,GGGGGGG,RBD_v3_112821",171,0,171,38,0.04678362573099415,0.017543859649122806,0.04678362573099415,0.04678362573099415,0.04093567251461988,0.06432748538011696,0.04093567251461988,0.04678362573099415,0.03508771929824561,0.023391812865497075,0.011695906432748537,0.023391812865497075,0.07017543859649122,0.04678362573099415,0.1871345029239766,0.14035087719298245,0.03508771929824561,0.04093567251461988,0.0,0.03508771929824561,0.23684210526315788,0.10526315789473684,0.42105263157894735,0.23684210526315788,2,8
"RNCMPT00079,max,UUUUUUC,RBD_v3_138040",188,1,375,38,0.06666666666666667,0.016,0.058666666666666666,0.050666666666666665,0.04533333333333334,0.08,0.013333333333333334,0.042666666666666665,0.04533333333333334,0.08533333333333333,0.04,0.04,0.07466666666666667,0.06133333333333333,0.037333333333333336,0.050666666666666665,0.06133333333333333,0.09866666666666667,0.0026666666666666666,0.029333333333333333,0.15789473684210525,0.18421052631578946,0.18421052631578946,0.47368421052631576,29,35
"RNCMPT00079,max,UUUUUUU,RBD_v3_029559",188,1,375,38,0.06666666666666667,0.016,0.058666666666666666,0.050666666666666665,0.04533333333333334,0.08,0.013333333333333334,0.042666666666666665,0.04533333333333334,0.08533333333333333,0.04,0.04,0.07466666666666667,0.06133333333333333,0.037333333333333336,0.050666666666666665,0.06133333333333333,0.09866666666666667,0.0026666666666666666,0.029333333333333333,0.18421052631578946,0.18421052631578946,0.23684210526315788,0.39473684210526316,30,36
"RNCMPT00079,max,UUUUUUU,RBD_v3_159452",188,1,375,38,0.06666666666666667,0.016,0.058666666666666666,0.050666666666666665,0.04533333333333334,0.08,0.013333333333333334,0.042666666666666665,0.04533333333333334,0.08533333333333333,0.04,0.04,0.07466666666666667,0.06133333333333333,0.037333333333333336,0.050666666666666665,0.06133333333333333,0.09866666666666667,0.0026666666666666666,0.029333333333333333,0.21052631578947367,0.18421052631578946,0.23684210526315788,0.3684210526315789,31,37
"RNCMPT00079,min,AGAGUCG,RBD_v3_072002",188,0,375,35,0.06666666666666667,0.016,0.058666666666666666,0.050666666666666665,0.04533333333333334,0.08,0.013333333333333334,0.042666666666666665,0.04533333333333334,0.08533333333333333,0.04,0.04,0.07466666666666667,0.06133333333333333,0.037333333333333336,0.050666666666666665,0.06133333333333333,0.09866666666666667,0.0026666666666666666,0.029333333333333333,0.2571428571428571,0.17142857142857143,0.4,0.17142857142857143,1,7
"RNCMPT00079,min,GAGUCGU,RBD_v3_051562",188,0,375,35,0.06666666666666667,0.016,0.058666666666666666,0.050666666666666665,0.04533333333333334,0.08,0.013333333333333334,0.042666666666666665,0.04533333333333334,0.08533333333333333,0.04,0.04,0.07466666666666667,0.06133333333333333,0.037333333333333336,0.050666666666666665,0.06133333333333333,0.09866666666666667,0.0026666666666666666,0.029333333333333333,0.14285714285714285,0.2857142857142857,0.2571428571428571,0.3142857142857143,11,17
"RNCMPT00079,min,GAGUGAG,RBD_v3_138028",188,0,375,35,0.06666666666666667,0.016,0.058666666666666666,0.050666666666666665,0.04533333333333334,0.08,0.013333333333333334,0.042666666666666665,0.04533333333333334,0.08533333333333333,0.04,0.04,0.07466666666666667,0.06133333333333333,0.037333333333333336,0.050666666666666665,0.06133333333333333,0.09866666666666667,0.0026666666666666666,0.029333333333333333,0.3142857142857143,0.3142857142857143,0.2857142857142857,0.08571428571428572,2,8
"RNCMPT00080,max,UUUUUCC,RBD_v3_007520",189,1,372,38,0.06989247311827956,0.016129032258064516,0.05913978494623656,0.06182795698924731,0.0456989247311828,0.07258064516129033,0.013440860215053764,0.053763440860215055,0.051075268817204304,0.07795698924731183,0.026881720430107527,0.04032258064516129,0.06989247311827956,0.05913978494623656,0.04032258064516129,0.05913978494623656,0.056451612903225805,0.09946236559139784,0.0,0.026881720430107527,0.13157894736842105,0.2631578947368421,0.15789473684210525,0.4473684210526316,28,34
"RNCMPT00080,max,UUUUUCC,RBD_v3_116610",189,1,372,38,0.06989247311827956,0.016129032258064516,0.05913978494623656,0.06182795698924731,0.0456989247311828,0.07258064516129033,0.013440860215053764,0.053763440860215055,0.051075268817204304,0.07795698924731183,0.026881720430107527,0.04032258064516129,0.06989247311827956,0.05913978494623656,0.04032258064516129,0.05913978494623656,0.056451612903225805,0.09946236559139784,0.0,0.026881720430107527,0.13157894736842105,0.2631578947368421,0.15789473684210525,0.4473684210526316,28,34
"RNCMPT00080,max,UUUUUUU,RBD_v3_029559",189,1,372,38,0.06989247311827956,0.016129032258064516,0.05913978494623656,0.06182795698924731,0.0456989247311828,0.07258064516129033,0.013440860215053764,0.053763440860215055,0.051075268817204304,0.07795698924731183,0.026881720430107527,0.04032258064516129,0.06989247311827956,0.05913978494623656,0.04032258064516129,0.05913978494623656,0.056451612903225805,0.09946236559139784,0.0,0.026881720430107527,0.18421052631578946,0.18421052631578946,0.23684210526315788,0.39473684210526316,30,36
"RNCMPT00080,min,GUGAGUC,RBD_v3_020775",189,0,372,38,0.06989247311827956,0.016129032258064516,0.05913978494623656,0.06182795698924731,0.0456989247311828,0.07258064516129033,0.013440860215053764,0.053763440860215055,0.051075268817204304,0.07795698924731183,0.026881720430107527,0.04032258064516129,0.06989247311827956,0.05913978494623656,0.04032258064516129,0.05913978494623656,0.056451612903225805,0.09946236559139784,0.0,0.026881720430107527,0.4473684210526316,0.13157894736842105,0.23684210526315788,0.18421052631578946,13,19
"RNCMPT00080,min,UGAGUCG,RBD_v3_073940",189,0,372,38,0.06989247311827956,0.016129032258064516,0.05913978494623656,0.06182795698924731,0.0456989247311828,0.07258064516129033,0.013440860215053764,0.053763440860215055,0.051075268817204304,0.07795698924731183,0.026881720430107527,0.04032258064516129,0.06989247311827956,0.05913978494623656,0.04032258064516129,0.05913978494623656,0.056451612903225805,0.09946236559139784,0.0,0.026881720430107527,0.2631578947368421,0.18421052631578946,0.34210526315789475,0.21052631578947367,25,31
"RNCMPT00080,min,UGAGUCG,RBD_v3_149682",189,0,372,35,0.06989247311827956,0.016129032258064516,0.05913978494623656,0.06182795698924731,0.0456989247311828,0.07258064516129033,0.013440860215053764,0.053763440860215055,0.051075268817204304,0.07795698924731183,0.026881720430107527,0.04032258064516129,0.06989247311827956,0.05913978494623656,0.04032258064516129,0.05913978494623656,0.056451612903225805,0.09946236559139784,0.0,0.026881720430107527,0.2857142857142857,0.17142857142857143,0.2857142857142857,0.2571428571428571,10,16
"RNCMPT00081,max,AUGUUGU,RBD_v3_150739",190,1,514,35,0.1556420233463035,0.011673151750972763,0.042801556420233464,0.033073929961089495,0.03501945525291829,0.05058365758754864,0.03696498054474708,0.02529182879377432,0.04669260700389105,0.08560311284046693,0.04085603112840467,0.03501945525291829,0.04085603112840467,0.13229571984435798,0.03501945525291829,0.07003891050583658,0.04474708171206226,0.05058365758754864,0.0,0.027237354085603113,0.34285714285714286,0.11428571428571428,0.2571428571428571,0.2857142857142857,7,13
"RNCMPT00081,max,UGUUGUG,RBD_v3_021065",190,1,514,38,0.1556420233463035,0.011673151750972763,0.042801556420233464,0.033073929961089495,0.03501945525291829,0.05058365758754864,0.03696498054474708,0.02529182879377432,0.04669260700389105,0.08560311284046693,0.04085603112840467,0.03501945525291829,0.04085603112840467,0.13229571984435798,0.03501945525291829,0.07003891050583658,0.04474708171206226,0.05058365758754864,0.0,0.027237354085603113,0.34210526315789475,0.13157894736842105,0.2631578947368421,0.2631578947368421,16,22
"RNCMPT00081,max,UGUUGUG,RBD_v3_177863",190,1,514,38,0.1556420233463035,0.011673151750972763,0.042801556420233464,0.033073929961089495,0.03501945525291829,0.05058365758754864,0.03696498054474708,0.02529182879377432,0.04669260700389105,0.08560311284046693,0.04085603112840467,0.03501945525291829,0.04085603112840467,0.13229571984435798,0.03501945525291829,0.07003891050583658,0.04474708171206226,0.05058365758754864,0.0,0.027237354085603113,0.2894736842105263,0.10526315789473684,0.3157894736842105,0.2894736842105263,10,16
"RNCMPT00081,min,GACGCAC,RBD_v3_040657",190,0,514,35,0.1556420233463035,0.011673151750972763,0.042801556420233464,0.033073929961089495,0.03501945525291829,0.05058365758754864,0.03696498054474708,0.02529182879377432,0.04669260700389105,0.08560311284046693,0.04085603112840467,0.03501945525291829,0.04085603112840467,0.13229571984435798,0.03501945525291829,0.07003891050583658,0.04474708171206226,0.05058365758754864,0.0,0.027237354085603113,0.2571428571428571,0.2571428571428571,0.34285714285714286,0.14285714285714285,2,8
"RNCMPT00081,min,GACGCAC,RBD_v3_080544",190,0,514,35,0.1556420233463035,0.011673151750972763,0.042801556420233464,0.033073929961089495,0.03501945525291829,0.05058365758754864,0.03696498054474708,0.02529182879377432,0.04669260700389105,0.08560311284046693,0.04085603112840467,0.03501945525291829,0.04085603112840467,0.13229571984435798,0.03501945525291829,0.07003891050583658,0.04474708171206226,0.05058365758754864,0.0,0.027237354085603113,0.2857142857142857,0.2857142857142857,0.2571428571428571,0.17142857142857143,3,9
"RNCMPT00081,min,GACGCAC,RBD_v3_166594",190,0,514,38,0.1556420233463035,0.011673151750972763,0.042801556420233464,0.033073929961089495,0.03501945525291829,0.05058365758754864,0.03696498054474708,0.02529182879377432,0.04669260700389105,0.08560311284046693,0.04085603112840467,0.03501945525291829,0.04085603112840467,0.13229571984435798,0.03501945525291829,0.07003891050583658,0.04474708171206226,0.05058365758754864,0.0,0.027237354085603113,0.3157894736842105,0.21052631578947367,0.2894736842105263,0.18421052631578946,15,21
"RNCMPT00082,max,GCUGGUC,RBD_v3_002136",191,1,86,38,0.05813953488372093,0.0,0.08139534883720931,0.046511627906976744,0.011627906976744186,0.046511627906976744,0.011627906976744186,0.06976744186046512,0.11627906976744186,0.1744186046511628,0.03488372093023256,0.03488372093023256,0.046511627906976744,0.0,0.05813953488372093,0.09302325581395349,0.03488372093023256,0.023255813953488372,0.023255813953488372,0.03488372093023256,0.18421052631578946,0.3157894736842105,0.23684210526315788,0.2631578947368421,5,11
"RNCMPT00082,max,GCUGGUC,RBD_v3_114193",191,1,86,38,0.05813953488372093,0.0,0.08139534883720931,0.046511627906976744,0.011627906976744186,0.046511627906976744,0.011627906976744186,0.06976744186046512,0.11627906976744186,0.1744186046511628,0.03488372093023256,0.03488372093023256,0.046511627906976744,0.0,0.05813953488372093,0.09302325581395349,0.03488372093023256,0.023255813953488372,0.023255813953488372,0.03488372093023256,0.18421052631578946,0.3157894736842105,0.23684210526315788,0.2631578947368421,5,11
"RNCMPT00082,max,GCUGGUC,RBD_v3_164319",191,1,86,35,0.05813953488372093,0.0,0.08139534883720931,0.046511627906976744,0.011627906976744186,0.046511627906976744,0.011627906976744186,0.06976744186046512,0.11627906976744186,0.1744186046511628,0.03488372093023256,0.03488372093023256,0.046511627906976744,0.0,0.05813953488372093,0.09302325581395349,0.03488372093023256,0.023255813953488372,0.023255813953488372,0.03488372093023256,0.2571428571428571,0.2571428571428571,0.2,0.2857142857142857,22,28
"RNCMPT00082,min,ACCCCCC,RBD_v3_124783",191,0,86,38,0.05813953488372093,0.0,0.08139534883720931,0.046511627906976744,0.011627906976744186,0.046511627906976744,0.011627906976744186,0.06976744186046512,0.11627906976744186,0.1744186046511628,0.03488372093023256,0.03488372093023256,0.046511627906976744,0.0,0.05813953488372093,0.09302325581395349,0.03488372093023256,0.023255813953488372,0.023255813953488372,0.03488372093023256,0.23684210526315788,0.3157894736842105,0.21052631578947367,0.23684210526315788,30,36
"RNCMPT00082,min,ACCCCCC,RBD_v3_168238",191,0,86,30,0.05813953488372093,0.0,0.08139534883720931,0.046511627906976744,0.011627906976744186,0.046511627906976744,0.011627906976744186,0.06976744186046512,0.11627906976744186,0.1744186046511628,0.03488372093023256,0.03488372093023256,0.046511627906976744,0.0,0.05813953488372093,0.09302325581395349,0.03488372093023256,0.023255813953488372,0.023255813953488372,0.03488372093023256,0.16666666666666666,0.4,0.3333333333333333,0.1,11,17
"RNCMPT00082,min,ACCCCCC,RBD_v3_197990",191,0,86,35,0.05813953488372093,0.0,0.08139534883720931,0.046511627906976744,0.011627906976744186,0.046511627906976744,0.011627906976744186,0.06976744186046512,0.11627906976744186,0.1744186046511628,0.03488372093023256,0.03488372093023256,0.046511627906976744,0.0,0.05813953488372093,0.09302325581395349,0.03488372093023256,0.023255813953488372,0.023255813953488372,0.03488372093023256,0.2571428571428571,0.4,0.17142857142857143,0.17142857142857143,15,21
"RNCMPT00083,max,AACACCA,RBD_v3_013992",192,1,324,35,0.08950617283950617,0.0,0.040123456790123455,0.08333333333333333,0.021604938271604937,0.12037037037037036,0.006172839506172839,0.009259259259259259,0.04938271604938271,0.012345679012345678,0.012345679012345678,0.06481481481481481,0.10802469135802469,0.07407407407407407,0.12037037037037036,0.046296296296296294,0.040123456790123455,0.04938271604938271,0.0030864197530864196,0.04938271604938271,0.42857142857142855,0.2857142857142857,0.08571428571428572,0.2,15,21
"RNCMPT00083,max,GAACAUC,RBD_v3_030723",192,1,324,38,0.08950617283950617,0.0,0.040123456790123455,0.08333333333333333,0.021604938271604937,0.12037037037037036,0.006172839506172839,0.009259259259259259,0.04938271604938271,0.012345679012345678,0.012345679012345678,0.06481481481481481,0.10802469135802469,0.07407407407407407,0.12037037037037036,0.046296296296296294,0.040123456790123455,0.04938271604938271,0.0030864197530864196,0.04938271604938271,0.34210526315789475,0.2894736842105263,0.18421052631578946,0.18421052631578946,3,9
"RNCMPT00083,max,GAACAUC,RBD_v3_118226",192,1,324,38,0.08950617283950617,0.0,0.040123456790123455,0.08333333333333333,0.021604938271604937,0.12037037037037036,0.006172839506172839,0.009259259259259259,0.04938271604938271,0.012345679012345678,0.012345679012345678,0.06481481481481481,0.10802469135802469,0.07407407407407407,0.12037037037037036,0.046296296296296294,0.040123456790123455,0.04938271604938271,0.0030864197530864196,0.04938271604938271,0.34210526315789475,0.2894736842105263,0.18421052631578946,0.18421052631578946,3,9
"RNCMPT00083,min,CCCCCCC,RBD_v3_099115",192,0,324,30,0.08950617283950617,0.0,0.040123456790123455,0.08333333333333333,0.021604938271604937,0.12037037037037036,0.006172839506172839,0.009259259259259259,0.04938271604938271,0.012345679012345678,0.012345679012345678,0.06481481481481481,0.10802469135802469,0.07407407407407407,0.12037037037037036,0.046296296296296294,0.040123456790123455,0.04938271604938271,0.0030864197530864196,0.04938271604938271,0.13333333333333333,0.3333333333333333,0.36666666666666664,0.16666666666666666,18,24
"RNCMPT00083,min,UUUUUUU,RBD_v3_049924",192,0,324,30,0.08950617283950617,0.0,0.040123456790123455,0.08333333333333333,0.021604938271604937,0.12037037037037036,0.006172839506172839,0.009259259259259259,0.04938271604938271,0.012345679012345678,0.012345679012345678,0.06481481481481481,0.10802469135802469,0.07407407407407407,0.12037037037037036,0.046296296296296294,0.040123456790123455,0.04938271604938271,0.0030864197530864196,0.04938271604938271,0.1,0.2,0.23333333333333334,0.4666666666666667,24,30
"RNCMPT00083,min,UUUUUUU,RBD_v3_240329",192,0,324,38,0.08950617283950617,0.0,0.040123456790123455,0.08333333333333333,0.021604938271604937,0.12037037037037036,0.006172839506172839,0.009259259259259259,0.04938271604938271,0.012345679012345678,0.012345679012345678,0.06481481481481481,0.10802469135802469,0.07407407407407407,0.12037037037037036,0.046296296296296294,0.040123456790123455,0.04938271604938271,0.0030864197530864196,0.04938271604938271,0.10526315789473684,0.18421052631578946,0.21052631578947367,0.5,7,13
"RNCMPT00084,max,AACAACU,RBD_v3_027354",193,1,364,38,0.10714285714285714,0.0027472527472527475,0.03021978021978022,0.06043956043956044,0.03296703296703297,0.12087912087912088,0.005494505494505495,0.019230769230769232,0.03296703296703297,0.013736263736263736,0.005494505494505495,0.03296703296703297,0.15934065934065933,0.057692307692307696,0.10989010989010989,0.046703296703296704,0.06318681318681318,0.07967032967032966,0.005494505494505495,0.013736263736263736,0.3157894736842105,0.21052631578947367,0.3157894736842105,0.15789473684210525,25,31
"RNCMPT00084,max,AACAACU,RBD_v3_225575",193,1,364,38,0.10714285714285714,0.0027472527472527475,0.03021978021978022,0.06043956043956044,0.03296703296703297,0.12087912087912088,0.005494505494505495,0.019230769230769232,0.03296703296703297,0.013736263736263736,0.005494505494505495,0.03296703296703297,0.15934065934065933,0.057692307692307696,0.10989010989010989,0.046703296703296704,0.06318681318681318,0.07967032967032966,0.005494505494505495,0.013736263736263736,0.4473684210526316,0.18421052631578946,0.23684210526315788,0.13157894736842105,7,13
"RNCMPT00084,max,AACAUCA,RBD_v3_155132",193,1,364,38,0.10714285714285714,0.0027472527472527475,0.03021978021978022,0.06043956043956044,0.03296703296703297,0.12087912087912088,0.005494505494505495,0.019230769230769232,0.03296703296703297,0.013736263736263736,0.005494505494505495,0.03296703296703297,0.15934065934065933,0.057692307692307696,0.10989010989010989,0.046703296703296704,0.06318681318681318,0.07967032967032966,0.005494505494505495,0.013736263736263736,0.2894736842105263,0.3157894736842105,0.15789473684210525,0.23684210526315788,8,14
"RNCMPT00084,min,GCCCCUC,RBD_v3_180883",193,0,364,35,0.10714285714285714,0.0027472527472527475,0.03021978021978022,0.06043956043956044,0.03296703296703297,0.12087912087912088,0.005494505494505495,0.019230769230769232,0.03296703296703297,0.013736263736263736,0.005494505494505495,0.03296703296703297,0.15934065934065933,0.057692307692307696,0.10989010989010989,0.046703296703296704,0.06318681318681318,0.07967032967032966,0.005494505494505495,0.013736263736263736,0.2,0.3142857142857143,0.2571428571428571,0.22857142857142856,7,13
"RNCMPT00084,min,GGGCUCC,RBD_v3_024151",193,0,364,35,0.10714285714285714,0.0027472527472527475,0.03021978021978022,0.06043956043956044,0.03296703296703297,0.12087912087912088,0.005494505494505495,0.019230769230769232,0.03296703296703297,0.013736263736263736,0.005494505494505495,0.03296703296703297,0.15934065934065933,0.057692307692307696,0.10989010989010989,0.046703296703296704,0.06318681318681318,0.07967032967032966,0.005494505494505495,0.013736263736263736,0.2,0.17142857142857143,0.34285714285714286,0.2857142857142857,5,11
"RNCMPT00084,min,GGGCUCC,RBD_v3_074559",193,0,364,38,0.10714285714285714,0.0027472527472527475,0.03021978021978022,0.06043956043956044,0.03296703296703297,0.12087912087912088,0.005494505494505495,0.019230769230769232,0.03296703296703297,0.013736263736263736,0.005494505494505495,0.03296703296703297,0.15934065934065933,0.057692307692307696,0.10989010989010989,0.046703296703296704,0.06318681318681318,0.07967032967032966,0.005494505494505495,0.013736263736263736,0.2894736842105263,0.23684210526315788,0.3157894736842105,0.15789473684210525,20,26
"RNCMPT00085,max,CGCAGCG,RBD_v3_078674",194,1,434,35,0.10138248847926268,0.027649769585253458,0.04377880184331797,0.059907834101382486,0.029953917050691243,0.10138248847926268,0.027649769585253458,0.027649769585253458,0.03917050691244239,0.06912442396313365,0.02304147465437788,0.03225806451612903,0.10599078341013825,0.041474654377880185,0.06682027649769585,0.07142857142857142,0.0576036866359447,0.055299539170506916,0.0,0.018433179723502304,0.2,0.3142857142857143,0.2857142857142857,0.2,28,34
"RNCMPT00085,max,GCAGCGA,RBD_v3_099728",194,1,434,35,0.10138248847926268,0.027649769585253458,0.04377880184331797,0.059907834101382486,0.029953917050691243,0.10138248847926268,0.027649769585253458,0.027649769585253458,0.03917050691244239,0.06912442396313365,0.02304147465437788,0.03225806451612903,0.10599078341013825,0.041474654377880185,0.06682027649769585,0.07142857142857142,0.0576036866359447,0.055299539170506916,0.0,0.018433179723502304,0.3142857142857143,0.2857142857142857,0.3142857142857143,0.08571428571428572,12,18
"RNCMPT00085,max,GCAGCGA,RBD_v3_168987",194,1,434,38,0.10138248847926268,0.027649769585253458,0.04377880184331797,0.059907834101382486,0.029953917050691243,0.10138248847926268,0.027649769585253458,0.027649769585253458,0.03917050691244239,0.06912442396313365,0.02304147465437788,0.03225806451612903,0.10599078341013825,0.041474654377880185,0.06682027649769585,0.07142857142857142,0.0576036866359447,0.055299539170506916,0.0,0.018433179723502304,0.2894736842105263,0.2631578947368421,0.34210526315789475,0.10526315789473684,18,24
"RNCMPT00085,min,AGCCCGU,RBD_v3_083693",194,0,434,35,0.10138248847926268,0.027649769585253458,0.04377880184331797,0.059907834101382486,0.029953917050691243,0.10138248847926268,0.027649769585253458,0.027649769585253458,0.03917050691244239,0.06912442396313365,0.02304147465437788,0.03225806451612903,0.10599078341013825,0.041474654377880185,0.06682027649769585,0.07142857142857142,0.0576036866359447,0.055299539170506916,0.0,0.018433179723502304,0.22857142857142856,0.2571428571428571,0.22857142857142856,0.2857142857142857,7,13
"RNCMPT00085,min,AGCCCGU,RBD_v3_226734",194,0,434,38,0.10138248847926268,0.027649769585253458,0.04377880184331797,0.059907834101382486,0.029953917050691243,0.10138248847926268,0.027649769585253458,0.027649769585253458,0.03917050691244239,0.06912442396313365,0.02304147465437788,0.03225806451612903,0.10599078341013825,0.041474654377880185,0.06682027649769585,0.07142857142857142,0.0576036866359447,0.055299539170506916,0.0,0.018433179723502304,0.3157894736842105,0.2894736842105263,0.21052631578947367,0.18421052631578946,17,23
"RNCMPT00085,min,GCCCGUG,RBD_v3_171261",194,0,434,35,0.10138248847926268,0.027649769585253458,0.04377880184331797,0.059907834101382486,0.029953917050691243,0.10138248847926268,0.027649769585253458,0.027649769585253458,0.03917050691244239,0.06912442396313365,0.02304147465437788,0.03225806451612903,0.10599078341013825,0.041474654377880185,0.06682027649769585,0.07142857142857142,0.0576036866359447,0.055299539170506916,0.0,0.018433179723502304,0.22857142857142856,0.2857142857142857,0.2571428571428571,0.22857142857142856,10,16
"RNCMPT00086,max,UUGGUUU,RBD_v3_055884",195,1,736,35,0.05298913043478261,0.02309782608695652,0.05434782608695652,0.07744565217391304,0.029891304347826088,0.033967391304347824,0.02309782608695652,0.035326086956521736,0.07201086956521739,0.07472826086956522,0.025815217391304348,0.043478260869565216,0.08967391304347826,0.05434782608695652,0.058423913043478264,0.10190217391304347,0.057065217391304345,0.0625,0.005434782608695652,0.024456521739130436,0.2857142857142857,0.14285714285714285,0.2571428571428571,0.3142857142857143,5,11
"RNCMPT00086,max,UUUAUUU,RBD_v3_009249",195,1,736,39,0.05298913043478261,0.02309782608695652,0.05434782608695652,0.07744565217391304,0.029891304347826088,0.033967391304347824,0.02309782608695652,0.035326086956521736,0.07201086956521739,0.07472826086956522,0.025815217391304348,0.043478260869565216,0.08967391304347826,0.05434782608695652,0.058423913043478264,0.10190217391304347,0.057065217391304345,0.0625,0.005434782608695652,0.024456521739130436,0.15384615384615385,0.1794871794871795,0.28205128205128205,0.38461538461538464,9,15
"RNCMPT00086,max,UUUAUUU,RBD_v3_203268",195,1,736,39,0.05298913043478261,0.02309782608695652,0.05434782608695652,0.07744565217391304,0.029891304347826088,0.033967391304347824,0.02309782608695652,0.035326086956521736,0.07201086956521739,0.07472826086956522,0.025815217391304348,0.043478260869565216,0.08967391304347826,0.05434782608695652,0.058423913043478264,0.10190217391304347,0.057065217391304345,0.0625,0.005434782608695652,0.024456521739130436,0.07692307692307693,0.07692307692307693,0.46153846153846156,0.38461538461538464,21,27
"RNCMPT00086,min,GGGCGGG,RBD_v3_015564",195,0,736,30,0.05298913043478261,0.02309782608695652,0.05434782608695652,0.07744565217391304,0.029891304347826088,0.033967391304347824,0.02309782608695652,0.035326086956521736,0.07201086956521739,0.07472826086956522,0.025815217391304348,0.043478260869565216,0.08967391304347826,0.05434782608695652,0.058423913043478264,0.10190217391304347,0.057065217391304345,0.0625,0.005434782608695652,0.024456521739130436,0.23333333333333334,0.26666666666666666,0.36666666666666664,0.13333333333333333,9,15
"RNCMPT00086,min,GGGCGGG,RBD_v3_139038",195,0,736,38,0.05298913043478261,0.02309782608695652,0.05434782608695652,0.07744565217391304,0.029891304347826088,0.033967391304347824,0.02309782608695652,0.035326086956521736,0.07201086956521739,0.07472826086956522,0.025815217391304348,0.043478260869565216,0.08967391304347826,0.05434782608695652,0.058423913043478264,0.10190217391304347,0.057065217391304345,0.0625,0.005434782608695652,0.024456521739130436,0.3157894736842105,0.15789473684210525,0.23684210526315788,0.2894736842105263,9,15
"RNCMPT00086,min,GGGGGGC,RBD_v3_136946",195,0,736,38,0.05298913043478261,0.02309782608695652,0.05434782608695652,0.07744565217391304,0.029891304347826088,0.033967391304347824,0.02309782608695652,0.035326086956521736,0.07201086956521739,0.07472826086956522,0.025815217391304348,0.043478260869565216,0.08967391304347826,0.05434782608695652,0.058423913043478264,0.10190217391304347,0.057065217391304345,0.0625,0.005434782608695652,0.024456521739130436,0.2894736842105263,0.21052631578947367,0.34210526315789475,0.15789473684210525,11,17
"RNCMPT00087,max,GAAUUAA,RBD_v3_135861",196,1,132,38,0.06818181818181818,0.030303030303030304,0.05303030303030303,0.03787878787878788,0.05303030303030303,0.06818181818181818,0.007575757575757576,0.06060606060606061,0.11363636363636363,0.06818181818181818,0.022727272727272728,0.06818181818181818,0.03787878787878788,0.015151515151515152,0.06818181818181818,0.09090909090909091,0.03787878787878788,0.05303030303030303,0.0,0.045454545454545456,0.39473684210526316,0.18421052631578946,0.21052631578947367,0.21052631578947367,2,8
"RNCMPT00087,max,GAAUUAA,RBD_v3_238794",196,1,132,38,0.06818181818181818,0.030303030303030304,0.05303030303030303,0.03787878787878788,0.05303030303030303,0.06818181818181818,0.007575757575757576,0.06060606060606061,0.11363636363636363,0.06818181818181818,0.022727272727272728,0.06818181818181818,0.03787878787878788,0.015151515151515152,0.06818181818181818,0.09090909090909091,0.03787878787878788,0.05303030303030303,0.0,0.045454545454545456,0.39473684210526316,0.18421052631578946,0.21052631578947367,0.21052631578947367,2,8
"RNCMPT00087,max,GAUUUAA,RBD_v3_031561",196,1,132,35,0.06818181818181818,0.030303030303030304,0.05303030303030303,0.03787878787878788,0.05303030303030303,0.06818181818181818,0.007575757575757576,0.06060606060606061,0.11363636363636363,0.06818181818181818,0.022727272727272728,0.06818181818181818,0.03787878787878788,0.015151515151515152,0.06818181818181818,0.09090909090909091,0.03787878787878788,0.05303030303030303,0.0,0.045454545454545456,0.2571428571428571,0.14285714285714285,0.2571428571428571,0.34285714285714286,2,8
"RNCMPT00087,min,CACCCCC,RBD_v3_143118",196,0,132,38,0.06818181818181818,0.030303030303030304,0.05303030303030303,0.03787878787878788,0.05303030303030303,0.06818181818181818,0.007575757575757576,0.06060606060606061,0.11363636363636363,0.06818181818181818,0.022727272727272728,0.06818181818181818,0.03787878787878788,0.015151515151515152,0.06818181818181818,0.09090909090909091,0.03787878787878788,0.05303030303030303,0.0,0.045454545454545456,0.23684210526315788,0.3684210526315789,0.21052631578947367,0.18421052631578946,21,27
"RNCMPT00087,min,CACCCCC,RBD_v3_227078",196,0,132,38,0.06818181818181818,0.030303030303030304,0.05303030303030303,0.03787878787878788,0.05303030303030303,0.06818181818181818,0.007575757575757576,0.06060606060606061,0.11363636363636363,0.06818181818181818,0.022727272727272728,0.06818181818181818,0.03787878787878788,0.015151515151515152,0.06818181818181818,0.09090909090909091,0.03787878787878788,0.05303030303030303,0.0,0.045454545454545456,0.2894736842105263,0.21052631578947367,0.2894736842105263,0.21052631578947367,5,11
"RNCMPT00087,min,CCCCUUC,RBD_v3_195026",196,0,132,38,0.06818181818181818,0.030303030303030304,0.05303030303030303,0.03787878787878788,0.05303030303030303,0.06818181818181818,0.007575757575757576,0.06060606060606061,0.11363636363636363,0.06818181818181818,0.022727272727272728,0.06818181818181818,0.03787878787878788,0.015151515151515152,0.06818181818181818,0.09090909090909091,0.03787878787878788,0.05303030303030303,0.0,0.045454545454545456,0.21052631578947367,0.39473684210526316,0.21052631578947367,0.18421052631578946,10,16
"RNCMPT00088,max,AGAGAAC,RBD_v3_084411",157,1,92,38,0.05434782608695652,0.010869565217391304,0.10869565217391304,0.05434782608695652,0.06521739130434782,0.05434782608695652,0.010869565217391304,0.043478260869565216,0.021739130434782608,0.06521739130434782,0.010869565217391304,0.03260869565217391,0.05434782608695652,0.043478260869565216,0.15217391304347827,0.03260869565217391,0.043478260869565216,0.07608695652173914,0.010869565217391304,0.05434782608695652,0.3684210526315789,0.18421052631578946,0.34210526315789475,0.10526315789473684,1,7
"RNCMPT00088,max,AGAGACA,RBD_v3_000179",157,1,92,38,0.05434782608695652,0.010869565217391304,0.10869565217391304,0.05434782608695652,0.06521739130434782,0.05434782608695652,0.010869565217391304,0.043478260869565216,0.021739130434782608,0.06521739130434782,0.010869565217391304,0.03260869565217391,0.05434782608695652,0.043478260869565216,0.15217391304347827,0.03260869565217391,0.043478260869565216,0.07608695652173914,0.010869565217391304,0.05434782608695652,0.4473684210526316,0.23684210526315788,0.23684210526315788,0.07894736842105263,1,7
"RNCMPT00088,max,AGAGACA,RBD_v3_110944",157,1,92,38,0.05434782608695652,0.010869565217391304,0.10869565217391304,0.05434782608695652,0.06521739130434782,0.05434782608695652,0.010869565217391304,0.043478260869565216,0.021739130434782608,0.06521739130434782,0.010869565217391304,0.03260869565217391,0.05434782608695652,0.043478260869565216,0.15217391304347827,0.03260869565217391,0.043478260869565216,0.07608695652173914,0.010869565217391304,0.05434782608695652,0.4473684210526316,0.23684210526315788,0.23684210526315788,0.07894736842105263,1,7
"RNCMPT00088,min,UUCUUUU,RBD_v3_199609",157,0,92,38,0.05434782608695652,0.010869565217391304,0.10869565217391304,0.05434782608695652,0.06521739130434782,0.05434782608695652,0.010869565217391304,0.043478260869565216,0.021739130434782608,0.06521739130434782,0.010869565217391304,0.03260869565217391,0.05434782608695652,0.043478260869565216,0.15217391304347827,0.03260869565217391,0.043478260869565216,0.07608695652173914,0.010869565217391304,0.05434782608695652,0.18421052631578946,0.3157894736842105,0.18421052631578946,0.3157894736842105,9,15
"RNCMPT00088,min,UUUCUUU,RBD_v3_083963",157,0,92,38,0.05434782608695652,0.010869565217391304,0.10869565217391304,0.05434782608695652,0.06521739130434782,0.05434782608695652,0.010869565217391304,0.043478260869565216,0.021739130434782608,0.06521739130434782,0.010869565217391304,0.03260869565217391,0.05434782608695652,0.043478260869565216,0.15217391304347827,0.03260869565217391,0.043478260869565216,0.07608695652173914,0.010869565217391304,0.05434782608695652,0.23684210526315788,0.10526315789473684,0.2631578947368421,0.39473684210526316,32,38
"RNCMPT00088,min,UUUUUUU,RBD_v3_160976",157,0,92,35,0.05434782608695652,0.010869565217391304,0.10869565217391304,0.05434782608695652,0.06521739130434782,0.05434782608695652,0.010869565217391304,0.043478260869565216,0.021739130434782608,0.06521739130434782,0.010869565217391304,0.03260869565217391,0.05434782608695652,0.043478260869565216,0.15217391304347827,0.03260869565217391,0.043478260869565216,0.07608695652173914,0.010869565217391304,0.05434782608695652,0.2857142857142857,0.17142857142857143,0.14285714285714285,0.4,7,13
"RNCMPT00089,max,AGAGAAA,RBD_v3_129353",157,1,92,35,0.05434782608695652,0.010869565217391304,0.10869565217391304,0.05434782608695652,0.06521739130434782,0.05434782608695652,0.010869565217391304,0.043478260869565216,0.021739130434782608,0.06521739130434782,0.010869565217391304,0.03260869565217391,0.05434782608695652,0.043478260869565216,0.15217391304347827,0.03260869565217391,0.043478260869565216,0.07608695652173914,0.010869565217391304,0.05434782608695652,0.42857142857142855,0.08571428571428572,0.37142857142857144,0.11428571428571428,27,33
"RNCMPT00089,max,AGAGAAC,RBD_v3_007194",157,1,92,38,0.05434782608695652,0.010869565217391304,0.10869565217391304,0.05434782608695652,0.06521739130434782,0.05434782608695652,0.010869565217391304,0.043478260869565216,0.021739130434782608,0.06521739130434782,0.010869565217391304,0.03260869565217391,0.05434782608695652,0.043478260869565216,0.15217391304347827,0.03260869565217391,0.043478260869565216,0.07608695652173914,0.010869565217391304,0.05434782608695652,0.4473684210526316,0.21052631578947367,0.2631578947368421,0.07894736842105263,12,18
"RNCMPT00089,max,GAGAAAG,RBD_v3_210476",157,1,92,35,0.05434782608695652,0.010869565217391304,0.10869565217391304,0.05434782608695652,0.06521739130434782,0.05434782608695652,0.010869565217391304,0.043478260869565216,0.021739130434782608,0.06521739130434782,0.010869565217391304,0.03260869565217391,0.05434782608695652,0.043478260869565216,0.15217391304347827,0.03260869565217391,0.043478260869565216,0.07608695652173914,0.010869565217391304,0.05434782608695652,0.42857142857142855,0.05714285714285714,0.37142857142857144,0.14285714285714285,21,27
"RNCMPT00089,min,CAUUUUG,RBD_v3_126299",157,0,92,38,0.05434782608695652,0.010869565217391304,0.10869565217391304,0.05434782608695652,0.06521739130434782,0.05434782608695652,0.010869565217391304,0.043478260869565216,0.021739130434782608,0.06521739130434782,0.010869565217391304,0.03260869565217391,0.05434782608695652,0.043478260869565216,0.15217391304347827,0.03260869565217391,0.043478260869565216,0.07608695652173914,0.010869565217391304,0.05434782608695652,0.23684210526315788,0.23684210526315788,0.18421052631578946,0.34210526315789475,17,23
"RNCMPT00089,min,UCUACUU,RBD_v3_023678",157,0,92,38,0.05434782608695652,0.010869565217391304,0.10869565217391304,0.05434782608695652,0.06521739130434782,0.05434782608695652,0.010869565217391304,0.043478260869565216,0.021739130434782608,0.06521739130434782,0.010869565217391304,0.03260869565217391,0.05434782608695652,0.043478260869565216,0.15217391304347827,0.03260869565217391,0.043478260869565216,0.07608695652173914,0.010869565217391304,0.05434782608695652,0.23684210526315788,0.3157894736842105,0.23684210526315788,0.21052631578947367,17,23
"RNCMPT00089,min,UCUACUU,RBD_v3_105262",157,0,92,38,0.05434782608695652,0.010869565217391304,0.10869565217391304,0.05434782608695652,0.06521739130434782,0.05434782608695652,0.010869565217391304,0.043478260869565216,0.021739130434782608,0.06521739130434782,0.010869565217391304,0.03260869565217391,0.05434782608695652,0.043478260869565216,0.15217391304347827,0.03260869565217391,0.043478260869565216,0.07608695652173914,0.010869565217391304,0.05434782608695652,0.3157894736842105,0.23684210526315788,0.18421052631578946,0.2631578947368421,7,13
"RNCMPT00090,max,AGAGAAA,RBD_v3_017163",157,1,92,38,0.05434782608695652,0.010869565217391304,0.10869565217391304,0.05434782608695652,0.06521739130434782,0.05434782608695652,0.010869565217391304,0.043478260869565216,0.021739130434782608,0.06521739130434782,0.010869565217391304,0.03260869565217391,0.05434782608695652,0.043478260869565216,0.15217391304347827,0.03260869565217391,0.043478260869565216,0.07608695652173914,0.010869565217391304,0.05434782608695652,0.39473684210526316,0.2894736842105263,0.18421052631578946,0.13157894736842105,1,7
"RNCMPT00090,max,AGAGAAA,RBD_v3_155447",157,1,92,38,0.05434782608695652,0.010869565217391304,0.10869565217391304,0.05434782608695652,0.06521739130434782,0.05434782608695652,0.010869565217391304,0.043478260869565216,0.021739130434782608,0.06521739130434782,0.010869565217391304,0.03260869565217391,0.05434782608695652,0.043478260869565216,0.15217391304347827,0.03260869565217391,0.043478260869565216,0.07608695652173914,0.010869565217391304,0.05434782608695652,0.39473684210526316,0.23684210526315788,0.23684210526315788,0.13157894736842105,1,7
"RNCMPT00090,max,AGAGAAC,RBD_v3_028122",157,1,92,38,0.05434782608695652,0.010869565217391304,0.10869565217391304,0.05434782608695652,0.06521739130434782,0.05434782608695652,0.010869565217391304,0.043478260869565216,0.021739130434782608,0.06521739130434782,0.010869565217391304,0.03260869565217391,0.05434782608695652,0.043478260869565216,0.15217391304347827,0.03260869565217391,0.043478260869565216,0.07608695652173914,0.010869565217391304,0.05434782608695652,0.2894736842105263,0.21052631578947367,0.2631578947368421,0.23684210526315788,1,7
"RNCMPT00090,min,GGGGCGG,RBD_v3_224341",157,0,92,38,0.05434782608695652,0.010869565217391304,0.10869565217391304,0.05434782608695652,0.06521739130434782,0.05434782608695652,0.010869565217391304,0.043478260869565216,0.021739130434782608,0.06521739130434782,0.010869565217391304,0.03260869565217391,0.05434782608695652,0.043478260869565216,0.15217391304347827,0.03260869565217391,0.043478260869565216,0.07608695652173914,0.010869565217391304,0.05434782608695652,0.3157894736842105,0.15789473684210525,0.2894736842105263,0.23684210526315788,22,28
"RNCMPT00090,min,GGGGGCG,RBD_v3_083774",157,0,92,38,0.05434782608695652,0.010869565217391304,0.10869565217391304,0.05434782608695652,0.06521739130434782,0.05434782608695652,0.010869565217391304,0.043478260869565216,0.021739130434782608,0.06521739130434782,0.010869565217391304,0.03260869565217391,0.05434782608695652,0.043478260869565216,0.15217391304347827,0.03260869565217391,0.043478260869565216,0.07608695652173914,0.010869565217391304,0.05434782608695652,0.23684210526315788,0.18421052631578946,0.3684210526315789,0.21052631578947367,5,11
"RNCMPT00090,min,GGGGGCG,RBD_v3_147529",157,0,92,38,0.05434782608695652,0.010869565217391304,0.10869565217391304,0.05434782608695652,0.06521739130434782,0.05434782608695652,0.010869565217391304,0.043478260869565216,0.021739130434782608,0.06521739130434782,0.010869565217391304,0.03260869565217391,0.05434782608695652,0.043478260869565216,0.15217391304347827,0.03260869565217391,0.043478260869565216,0.07608695652173914,0.010869565217391304,0.05434782608695652,0.3684210526315789,0.13157894736842105,0.2631578947368421,0.23684210526315788,21,27
"RNCMPT00091,max,GACACAA,RBD_v3_103769",48,1,589,38,0.06791171477079797,0.01867572156196944,0.050933786078098474,0.050933786078098474,0.035653650254668934,0.12054329371816638,0.030560271646859084,0.030560271646859084,0.04923599320882852,0.059422750424448216,0.023769100169779286,0.05602716468590832,0.0831918505942275,0.044142614601018676,0.06112054329371817,0.0730050933786078,0.028862478777589132,0.06451612903225806,0.003395585738539898,0.04753820033955857,0.39473684210526316,0.18421052631578946,0.2631578947368421,0.15789473684210525,3,9
"RNCMPT00091,max,GACACGA,RBD_v3_028350",48,1,589,38,0.06791171477079797,0.01867572156196944,0.050933786078098474,0.050933786078098474,0.035653650254668934,0.12054329371816638,0.030560271646859084,0.030560271646859084,0.04923599320882852,0.059422750424448216,0.023769100169779286,0.05602716468590832,0.0831918505942275,0.044142614601018676,0.06112054329371817,0.0730050933786078,0.028862478777589132,0.06451612903225806,0.003395585738539898,0.04753820033955857,0.2894736842105263,0.21052631578947367,0.23684210526315788,0.2631578947368421,13,19
"RNCMPT00091,max,GACACGA,RBD_v3_139392",48,1,589,38,0.06791171477079797,0.01867572156196944,0.050933786078098474,0.050933786078098474,0.035653650254668934,0.12054329371816638,0.030560271646859084,0.030560271646859084,0.04923599320882852,0.059422750424448216,0.023769100169779286,0.05602716468590832,0.0831918505942275,0.044142614601018676,0.06112054329371817,0.0730050933786078,0.028862478777589132,0.06451612903225806,0.003395585738539898,0.04753820033955857,0.34210526315789475,0.15789473684210525,0.2894736842105263,0.21052631578947367,6,12
"RNCMPT00091,min,GGGGGCC,RBD_v3_009111",48,0,589,35,0.06791171477079797,0.01867572156196944,0.050933786078098474,0.050933786078098474,0.035653650254668934,0.12054329371816638,0.030560271646859084,0.030560271646859084,0.04923599320882852,0.059422750424448216,0.023769100169779286,0.05602716468590832,0.0831918505942275,0.044142614601018676,0.06112054329371817,0.0730050933786078,0.028862478777589132,0.06451612903225806,0.003395585738539898,0.04753820033955857,0.4,0.14285714285714285,0.2857142857142857,0.17142857142857143,5,11
"RNCMPT00091,min,GGGGGGC,RBD_v3_187755",48,0,589,35,0.06791171477079797,0.01867572156196944,0.050933786078098474,0.050933786078098474,0.035653650254668934,0.12054329371816638,0.030560271646859084,0.030560271646859084,0.04923599320882852,0.059422750424448216,0.023769100169779286,0.05602716468590832,0.0831918505942275,0.044142614601018676,0.06112054329371817,0.0730050933786078,0.028862478777589132,0.06451612903225806,0.003395585738539898,0.04753820033955857,0.17142857142857143,0.17142857142857143,0.42857142857142855,0.22857142857142856,7,13
"RNCMPT00091,min,GGGGGGG,RBD_v3_161279",48,0,589,38,0.06791171477079797,0.01867572156196944,0.050933786078098474,0.050933786078098474,0.035653650254668934,0.12054329371816638,0.030560271646859084,0.030560271646859084,0.04923599320882852,0.059422750424448216,0.023769100169779286,0.05602716468590832,0.0831918505942275,0.044142614601018676,0.06112054329371817,0.0730050933786078,0.028862478777589132,0.06451612903225806,0.003395585738539898,0.04753820033955857,0.2631578947368421,0.15789473684210525,0.34210526315789475,0.23684210526315788,2,8
"RNCMPT00093,max,UAGGAUA,RBD_v3_203452",52,1,421,38,0.052256532066508314,0.009501187648456057,0.035629453681710214,0.04513064133016627,0.028503562945368172,0.171021377672209,0.014251781472684086,0.019002375296912115,0.040380047505938245,0.030878859857482184,0.030878859857482184,0.07125890736342043,0.08788598574821853,0.057007125890736345,0.035629453681710214,0.08788598574821853,0.06175771971496437,0.04275534441805225,0.019002375296912115,0.05938242280285035,0.3157894736842105,0.10526315789473684,0.39473684210526316,0.18421052631578946,13,19
"RNCMPT00093,max,UAGGAUA,RBD_v3_230077",52,1,421,38,0.052256532066508314,0.009501187648456057,0.035629453681710214,0.04513064133016627,0.028503562945368172,0.171021377672209,0.014251781472684086,0.019002375296912115,0.040380047505938245,0.030878859857482184,0.030878859857482184,0.07125890736342043,0.08788598574821853,0.057007125890736345,0.035629453681710214,0.08788598574821853,0.06175771971496437,0.04275534441805225,0.019002375296912115,0.05938242280285035,0.34210526315789475,0.15789473684210525,0.3157894736842105,0.18421052631578946,5,11
"RNCMPT00093,max,UAGGGUA,RBD_v3_227436",52,1,421,38,0.052256532066508314,0.009501187648456057,0.035629453681710214,0.04513064133016627,0.028503562945368172,0.171021377672209,0.014251781472684086,0.019002375296912115,0.040380047505938245,0.030878859857482184,0.030878859857482184,0.07125890736342043,0.08788598574821853,0.057007125890736345,0.035629453681710214,0.08788598574821853,0.06175771971496437,0.04275534441805225,0.019002375296912115,0.05938242280285035,0.3157894736842105,0.15789473684210525,0.34210526315789475,0.18421052631578946,25,31
"RNCMPT00093,min,GAGUCGU,RBD_v3_079827",52,0,421,38,0.052256532066508314,0.009501187648456057,0.035629453681710214,0.04513064133016627,0.028503562945368172,0.171021377672209,0.014251781472684086,0.019002375296912115,0.040380047505938245,0.030878859857482184,0.030878859857482184,0.07125890736342043,0.08788598574821853,0.057007125890736345,0.035629453681710214,0.08788598574821853,0.06175771971496437,0.04275534441805225,0.019002375296912115,0.05938242280285035,0.15789473684210525,0.2631578947368421,0.23684210526315788,0.34210526315789475,2,8
"RNCMPT00093,min,GAGUCGU,RBD_v3_129717",52,0,421,30,0.052256532066508314,0.009501187648456057,0.035629453681710214,0.04513064133016627,0.028503562945368172,0.171021377672209,0.014251781472684086,0.019002375296912115,0.040380047505938245,0.030878859857482184,0.030878859857482184,0.07125890736342043,0.08788598574821853,0.057007125890736345,0.035629453681710214,0.08788598574821853,0.06175771971496437,0.04275534441805225,0.019002375296912115,0.05938242280285035,0.23333333333333334,0.23333333333333334,0.4,0.13333333333333333,6,12
"RNCMPT00093,min,GAGUCGU,RBD_v3_233260",52,0,421,30,0.052256532066508314,0.009501187648456057,0.035629453681710214,0.04513064133016627,0.028503562945368172,0.171021377672209,0.014251781472684086,0.019002375296912115,0.040380047505938245,0.030878859857482184,0.030878859857482184,0.07125890736342043,0.08788598574821853,0.057007125890736345,0.035629453681710214,0.08788598574821853,0.06175771971496437,0.04275534441805225,0.019002375296912115,0.05938242280285035,0.2,0.1,0.4,0.3,2,8
"RNCMPT00094,max,UAGGUAG,RBD_v3_060079",54,1,365,30,0.0273972602739726,0.0,0.07397260273972603,0.024657534246575342,0.04657534246575343,0.2273972602739726,0.021917808219178082,0.03287671232876712,0.057534246575342465,0.021917808219178082,0.019178082191780823,0.1506849315068493,0.03561643835616438,0.057534246575342465,0.052054794520547946,0.03287671232876712,0.019178082191780823,0.049315068493150684,0.019178082191780823,0.030136986301369864,0.23333333333333334,0.06666666666666667,0.4666666666666667,0.23333333333333334,18,24
"RNCMPT00094,max,UAGGUAG,RBD_v3_148932",54,1,365,35,0.0273972602739726,0.0,0.07397260273972603,0.024657534246575342,0.04657534246575343,0.2273972602739726,0.021917808219178082,0.03287671232876712,0.057534246575342465,0.021917808219178082,0.019178082191780823,0.1506849315068493,0.03561643835616438,0.057534246575342465,0.052054794520547946,0.03287671232876712,0.019178082191780823,0.049315068493150684,0.019178082191780823,0.030136986301369864,0.22857142857142856,0.2,0.37142857142857144,0.2,23,29
"RNCMPT00094,max,UAGGUAG,RBD_v3_229896",54,1,365,35,0.0273972602739726,0.0,0.07397260273972603,0.024657534246575342,0.04657534246575343,0.2273972602739726,0.021917808219178082,0.03287671232876712,0.057534246575342465,0.021917808219178082,0.019178082191780823,0.1506849315068493,0.03561643835616438,0.057534246575342465,0.052054794520547946,0.03287671232876712,0.019178082191780823,0.049315068493150684,0.019178082191780823,0.030136986301369864,0.2571428571428571,0.14285714285714285,0.37142857142857144,0.22857142857142856,7,13
"RNCMPT00094,min,AGAGUCG,RBD_v3_012837",54,0,365,35,0.0273972602739726,0.0,0.07397260273972603,0.024657534246575342,0.04657534246575343,0.2273972602739726,0.021917808219178082,0.03287671232876712,0.057534246575342465,0.021917808219178082,0.019178082191780823,0.1506849315068493,0.03561643835616438,0.057534246575342465,0.052054794520547946,0.03287671232876712,0.019178082191780823,0.049315068493150684,0.019178082191780823,0.030136986301369864,0.42857142857142855,0.17142857142857143,0.22857142857142856,0.17142857142857143,1,7
"RNCMPT00094,min,AGAGUCU,RBD_v3_034782",54,0,365,38,0.0273972602739726,0.0,0.07397260273972603,0.024657534246575342,0.04657534246575343,0.2273972602739726,0.021917808219178082,0.03287671232876712,0.057534246575342465,0.021917808219178082,0.019178082191780823,0.1506849315068493,0.03561643835616438,0.057534246575342465,0.052054794520547946,0.03287671232876712,0.019178082191780823,0.049315068493150684,0.019178082191780823,0.030136986301369864,0.18421052631578946,0.2894736842105263,0.18421052631578946,0.34210526315789475,1,7
"RNCMPT00094,min,GUGAGUC,RBD_v3_138684",54,0,365,38,0.0273972602739726,0.0,0.07397260273972603,0.024657534246575342,0.04657534246575343,0.2273972602739726,0.021917808219178082,0.03287671232876712,0.057534246575342465,0.021917808219178082,0.019178082191780823,0.1506849315068493,0.03561643835616438,0.057534246575342465,0.052054794520547946,0.03287671232876712,0.019178082191780823,0.049315068493150684,0.019178082191780823,0.030136986301369864,0.34210526315789475,0.23684210526315788,0.2631578947368421,0.15789473684210525,5,11
"RNCMPT00095,max,GGUAGGG,RBD_v3_031924",54,1,191,38,0.041884816753926704,0.0,0.11518324607329843,0.04712041884816754,0.05759162303664921,0.07853403141361257,0.03664921465968586,0.06282722513089005,0.10471204188481675,0.041884816753926704,0.020942408376963352,0.03664921465968586,0.04712041884816754,0.05759162303664921,0.05759162303664921,0.041884816753926704,0.03664921465968586,0.08900523560209424,0.005235602094240838,0.020942408376963352,0.3157894736842105,0.10526315789473684,0.39473684210526316,0.18421052631578946,28,34
"RNCMPT00095,max,GGUAGGG,RBD_v3_060079",54,1,191,30,0.041884816753926704,0.0,0.11518324607329843,0.04712041884816754,0.05759162303664921,0.07853403141361257,0.03664921465968586,0.06282722513089005,0.10471204188481675,0.041884816753926704,0.020942408376963352,0.03664921465968586,0.04712041884816754,0.05759162303664921,0.05759162303664921,0.041884816753926704,0.03664921465968586,0.08900523560209424,0.005235602094240838,0.020942408376963352,0.23333333333333334,0.06666666666666667,0.4666666666666667,0.23333333333333334,20,26
"RNCMPT00095,max,GUUAGGG,RBD_v3_086213",54,1,191,35,0.041884816753926704,0.0,0.11518324607329843,0.04712041884816754,0.05759162303664921,0.07853403141361257,0.03664921465968586,0.06282722513089005,0.10471204188481675,0.041884816753926704,0.020942408376963352,0.03664921465968586,0.04712041884816754,0.05759162303664921,0.05759162303664921,0.041884816753926704,0.03664921465968586,0.08900523560209424,0.005235602094240838,0.020942408376963352,0.2857142857142857,0.11428571428571428,0.42857142857142855,0.17142857142857143,7,13
"RNCMPT00095,min,AGAGUCC,RBD_v3_196418",54,0,191,38,0.041884816753926704,0.0,0.11518324607329843,0.04712041884816754,0.05759162303664921,0.07853403141361257,0.03664921465968586,0.06282722513089005,0.10471204188481675,0.041884816753926704,0.020942408376963352,0.03664921465968586,0.04712041884816754,0.05759162303664921,0.05759162303664921,0.041884816753926704,0.03664921465968586,0.08900523560209424,0.005235602094240838,0.020942408376963352,0.15789473684210525,0.2894736842105263,0.21052631578947367,0.34210526315789475,1,7
"RNCMPT00095,min,AGAGUCU,RBD_v3_031994",54,0,191,38,0.041884816753926704,0.0,0.11518324607329843,0.04712041884816754,0.05759162303664921,0.07853403141361257,0.03664921465968586,0.06282722513089005,0.10471204188481675,0.041884816753926704,0.020942408376963352,0.03664921465968586,0.04712041884816754,0.05759162303664921,0.05759162303664921,0.041884816753926704,0.03664921465968586,0.08900523560209424,0.005235602094240838,0.020942408376963352,0.2894736842105263,0.15789473684210525,0.3157894736842105,0.23684210526315788,1,7
"RNCMPT00095,min,AGAGUCU,RBD_v3_052889",54,0,191,38,0.041884816753926704,0.0,0.11518324607329843,0.04712041884816754,0.05759162303664921,0.07853403141361257,0.03664921465968586,0.06282722513089005,0.10471204188481675,0.041884816753926704,0.020942408376963352,0.03664921465968586,0.04712041884816754,0.05759162303664921,0.05759162303664921,0.041884816753926704,0.03664921465968586,0.08900523560209424,0.005235602094240838,0.020942408376963352,0.2894736842105263,0.2894736842105263,0.18421052631578946,0.23684210526315788,1,7
"RNCMPT00096,max,GGUAGGG,RBD_v3_031924",54,1,191,38,0.041884816753926704,0.0,0.11518324607329843,0.04712041884816754,0.05759162303664921,0.07853403141361257,0.03664921465968586,0.06282722513089005,0.10471204188481675,0.041884816753926704,0.020942408376963352,0.03664921465968586,0.04712041884816754,0.05759162303664921,0.05759162303664921,0.041884816753926704,0.03664921465968586,0.08900523560209424,0.005235602094240838,0.020942408376963352,0.3157894736842105,0.10526315789473684,0.39473684210526316,0.18421052631578946,28,34
"RNCMPT00096,max,GGUAGGG,RBD_v3_060079",54,1,191,30,0.041884816753926704,0.0,0.11518324607329843,0.04712041884816754,0.05759162303664921,0.07853403141361257,0.03664921465968586,0.06282722513089005,0.10471204188481675,0.041884816753926704,0.020942408376963352,0.03664921465968586,0.04712041884816754,0.05759162303664921,0.05759162303664921,0.041884816753926704,0.03664921465968586,0.08900523560209424,0.005235602094240838,0.020942408376963352,0.23333333333333334,0.06666666666666667,0.4666666666666667,0.23333333333333334,20,26
"RNCMPT00096,max,GGUAGGG,RBD_v3_191146",54,1,191,35,0.041884816753926704,0.0,0.11518324607329843,0.04712041884816754,0.05759162303664921,0.07853403141361257,0.03664921465968586,0.06282722513089005,0.10471204188481675,0.041884816753926704,0.020942408376963352,0.03664921465968586,0.04712041884816754,0.05759162303664921,0.05759162303664921,0.041884816753926704,0.03664921465968586,0.08900523560209424,0.005235602094240838,0.020942408376963352,0.2857142857142857,0.08571428571428572,0.4,0.22857142857142856,26,32
"RNCMPT00096,min,AGAGUCU,RBD_v3_039228",54,0,191,35,0.041884816753926704,0.0,0.11518324607329843,0.04712041884816754,0.05759162303664921,0.07853403141361257,0.03664921465968586,0.06282722513089005,0.10471204188481675,0.041884816753926704,0.020942408376963352,0.03664921465968586,0.04712041884816754,0.05759162303664921,0.05759162303664921,0.041884816753926704,0.03664921465968586,0.08900523560209424,0.005235602094240838,0.020942408376963352,0.2,0.22857142857142856,0.2857142857142857,0.2857142857142857,1,7
"RNCMPT00096,min,AGAGUCU,RBD_v3_203049",54,0,191,38,0.041884816753926704,0.0,0.11518324607329843,0.04712041884816754,0.05759162303664921,0.07853403141361257,0.03664921465968586,0.06282722513089005,0.10471204188481675,0.041884816753926704,0.020942408376963352,0.03664921465968586,0.04712041884816754,0.05759162303664921,0.05759162303664921,0.041884816753926704,0.03664921465968586,0.08900523560209424,0.005235602094240838,0.020942408376963352,0.23684210526315788,0.2631578947368421,0.3157894736842105,0.18421052631578946,13,19
"RNCMPT00096,min,CCCCCCC,RBD_v3_146093",54,0,191,38,0.041884816753926704,0.0,0.11518324607329843,0.04712041884816754,0.05759162303664921,0.07853403141361257,0.03664921465968586,0.06282722513089005,0.10471204188481675,0.041884816753926704,0.020942408376963352,0.03664921465968586,0.04712041884816754,0.05759162303664921,0.05759162303664921,0.041884816753926704,0.03664921465968586,0.08900523560209424,0.005235602094240838,0.020942408376963352,0.2631578947368421,0.34210526315789475,0.21052631578947367,0.18421052631578946,14,20
"RNCMPT00097,max,CGCGCGG,RBD_v3_206656",63,1,207,35,0.057971014492753624,0.028985507246376812,0.05314009661835749,0.07246376811594203,0.03864734299516908,0.1111111111111111,0.014492753623188406,0.028985507246376812,0.06280193236714976,0.06280193236714976,0.014492753623188406,0.043478260869565216,0.057971014492753624,0.043478260869565216,0.07246376811594203,0.03864734299516908,0.06280193236714976,0.09178743961352658,0.004830917874396135,0.03864734299516908,0.2571428571428571,0.3142857142857143,0.2857142857142857,0.14285714285714285,19,25
"RNCMPT00097,max,CGCGCGU,RBD_v3_179815",63,1,207,35,0.057971014492753624,0.028985507246376812,0.05314009661835749,0.07246376811594203,0.03864734299516908,0.1111111111111111,0.014492753623188406,0.028985507246376812,0.06280193236714976,0.06280193236714976,0.014492753623188406,0.043478260869565216,0.057971014492753624,0.043478260869565216,0.07246376811594203,0.03864734299516908,0.06280193236714976,0.09178743961352658,0.004830917874396135,0.03864734299516908,0.2571428571428571,0.2857142857142857,0.2571428571428571,0.2,11,17
"RNCMPT00097,max,UCGCGCG,RBD_v3_177480",63,1,207,30,0.057971014492753624,0.028985507246376812,0.05314009661835749,0.07246376811594203,0.03864734299516908,0.1111111111111111,0.014492753623188406,0.028985507246376812,0.06280193236714976,0.06280193236714976,0.014492753623188406,0.043478260869565216,0.057971014492753624,0.043478260869565216,0.07246376811594203,0.03864734299516908,0.06280193236714976,0.09178743961352658,0.004830917874396135,0.03864734299516908,0.2,0.23333333333333334,0.36666666666666664,0.2,18,24
"RNCMPT00097,min,ACCCCCC,RBD_v3_130727",63,0,207,30,0.057971014492753624,0.028985507246376812,0.05314009661835749,0.07246376811594203,0.03864734299516908,0.1111111111111111,0.014492753623188406,0.028985507246376812,0.06280193236714976,0.06280193236714976,0.014492753623188406,0.043478260869565216,0.057971014492753624,0.043478260869565216,0.07246376811594203,0.03864734299516908,0.06280193236714976,0.09178743961352658,0.004830917874396135,0.03864734299516908,0.16666666666666666,0.4666666666666667,0.26666666666666666,0.1,21,27
"RNCMPT00097,min,CCCCCCA,RBD_v3_002837",63,0,207,35,0.057971014492753624,0.028985507246376812,0.05314009661835749,0.07246376811594203,0.03864734299516908,0.1111111111111111,0.014492753623188406,0.028985507246376812,0.06280193236714976,0.06280193236714976,0.014492753623188406,0.043478260869565216,0.057971014492753624,0.043478260869565216,0.07246376811594203,0.03864734299516908,0.06280193236714976,0.09178743961352658,0.004830917874396135,0.03864734299516908,0.2571428571428571,0.42857142857142855,0.2,0.11428571428571428,23,29
"RNCMPT00097,min,CCCCCCC,RBD_v3_172160",63,0,207,38,0.057971014492753624,0.028985507246376812,0.05314009661835749,0.07246376811594203,0.03864734299516908,0.1111111111111111,0.014492753623188406,0.028985507246376812,0.06280193236714976,0.06280193236714976,0.014492753623188406,0.043478260869565216,0.057971014492753624,0.043478260869565216,0.07246376811594203,0.03864734299516908,0.06280193236714976,0.09178743961352658,0.004830917874396135,0.03864734299516908,0.2631578947368421,0.21052631578947367,0.34210526315789475,0.18421052631578946,21,27
"RNCMPT00099,max,GUAGGUA,RBD_v3_178131",76,1,188,35,0.047872340425531915,0.015957446808510637,0.05319148936170213,0.06382978723404255,0.06914893617021277,0.0797872340425532,0.026595744680851064,0.03723404255319149,0.11170212765957446,0.0425531914893617,0.02127659574468085,0.026595744680851064,0.06382978723404255,0.05319148936170213,0.03723404255319149,0.05851063829787234,0.0797872340425532,0.09574468085106383,0.005319148936170213,0.010638297872340425,0.2857142857142857,0.08571428571428572,0.34285714285714286,0.2857142857142857,5,11
"RNCMPT00099,max,UAGGUAG,RBD_v3_151154",76,1,188,38,0.047872340425531915,0.015957446808510637,0.05319148936170213,0.06382978723404255,0.06914893617021277,0.0797872340425532,0.026595744680851064,0.03723404255319149,0.11170212765957446,0.0425531914893617,0.02127659574468085,0.026595744680851064,0.06382978723404255,0.05319148936170213,0.03723404255319149,0.05851063829787234,0.0797872340425532,0.09574468085106383,0.005319148936170213,0.010638297872340425,0.3157894736842105,0.10526315789473684,0.34210526315789475,0.23684210526315788,7,13
"RNCMPT00099,max,UAGGUAG,RBD_v3_229896",76,1,188,35,0.047872340425531915,0.015957446808510637,0.05319148936170213,0.06382978723404255,0.06914893617021277,0.0797872340425532,0.026595744680851064,0.03723404255319149,0.11170212765957446,0.0425531914893617,0.02127659574468085,0.026595744680851064,0.06382978723404255,0.05319148936170213,0.03723404255319149,0.05851063829787234,0.0797872340425532,0.09574468085106383,0.005319148936170213,0.010638297872340425,0.2571428571428571,0.14285714285714285,0.37142857142857144,0.22857142857142856,7,13
"RNCMPT00099,min,CCCCCCC,RBD_v3_129287",76,0,188,38,0.047872340425531915,0.015957446808510637,0.05319148936170213,0.06382978723404255,0.06914893617021277,0.0797872340425532,0.026595744680851064,0.03723404255319149,0.11170212765957446,0.0425531914893617,0.02127659574468085,0.026595744680851064,0.06382978723404255,0.05319148936170213,0.03723404255319149,0.05851063829787234,0.0797872340425532,0.09574468085106383,0.005319148936170213,0.010638297872340425,0.18421052631578946,0.4473684210526316,0.18421052631578946,0.18421052631578946,6,12
"RNCMPT00099,min,CCCCCCC,RBD_v3_153897",76,0,188,38,0.047872340425531915,0.015957446808510637,0.05319148936170213,0.06382978723404255,0.06914893617021277,0.0797872340425532,0.026595744680851064,0.03723404255319149,0.11170212765957446,0.0425531914893617,0.02127659574468085,0.026595744680851064,0.06382978723404255,0.05319148936170213,0.03723404255319149,0.05851063829787234,0.0797872340425532,0.09574468085106383,0.005319148936170213,0.010638297872340425,0.18421052631578946,0.34210526315789475,0.18421052631578946,0.2894736842105263,8,14
"RNCMPT00099,min,CCCCCCC,RBD_v3_181436",76,0,188,35,0.047872340425531915,0.015957446808510637,0.05319148936170213,0.06382978723404255,0.06914893617021277,0.0797872340425532,0.026595744680851064,0.03723404255319149,0.11170212765957446,0.0425531914893617,0.02127659574468085,0.026595744680851064,0.06382978723404255,0.05319148936170213,0.03723404255319149,0.05851063829787234,0.0797872340425532,0.09574468085106383,0.005319148936170213,0.010638297872340425,0.2857142857142857,0.4,0.11428571428571428,0.2,25,31
"RNCMPT00100,max,AGUAGGA,RBD_v3_116665",76,1,258,38,0.07364341085271318,0.011627906976744186,0.03875968992248062,0.050387596899224806,0.050387596899224806,0.10852713178294573,0.01937984496124031,0.03488372093023256,0.09302325581395349,0.06201550387596899,0.027131782945736434,0.04263565891472868,0.05813953488372093,0.05813953488372093,0.03875968992248062,0.06589147286821706,0.07364341085271318,0.08139534883720931,0.003875968992248062,0.007751937984496124,0.2894736842105263,0.18421052631578946,0.3684210526315789,0.15789473684210525,3,9
"RNCMPT00100,max,AGUAGGA,RBD_v3_147955",76,1,258,38,0.07364341085271318,0.011627906976744186,0.03875968992248062,0.050387596899224806,0.050387596899224806,0.10852713178294573,0.01937984496124031,0.03488372093023256,0.09302325581395349,0.06201550387596899,0.027131782945736434,0.04263565891472868,0.05813953488372093,0.05813953488372093,0.03875968992248062,0.06589147286821706,0.07364341085271318,0.08139534883720931,0.003875968992248062,0.007751937984496124,0.3157894736842105,0.18421052631578946,0.3157894736842105,0.18421052631578946,11,17
"RNCMPT00100,max,AGUAGGA,RBD_v3_163505",76,1,258,38,0.07364341085271318,0.011627906976744186,0.03875968992248062,0.050387596899224806,0.050387596899224806,0.10852713178294573,0.01937984496124031,0.03488372093023256,0.09302325581395349,0.06201550387596899,0.027131782945736434,0.04263565891472868,0.05813953488372093,0.05813953488372093,0.03875968992248062,0.06589147286821706,0.07364341085271318,0.08139534883720931,0.003875968992248062,0.007751937984496124,0.39473684210526316,0.21052631578947367,0.21052631578947367,0.18421052631578946,4,10
"RNCMPT00100,min,ACCCCCC,RBD_v3_096931",76,0,258,38,0.07364341085271318,0.011627906976744186,0.03875968992248062,0.050387596899224806,0.050387596899224806,0.10852713178294573,0.01937984496124031,0.03488372093023256,0.09302325581395349,0.06201550387596899,0.027131782945736434,0.04263565891472868,0.05813953488372093,0.05813953488372093,0.03875968992248062,0.06589147286821706,0.07364341085271318,0.08139534883720931,0.003875968992248062,0.007751937984496124,0.21052631578947367,0.34210526315789475,0.21052631578947367,0.23684210526315788,22,28
"RNCMPT00100,min,CCCCCCC,RBD_v3_190041",76,0,258,35,0.07364341085271318,0.011627906976744186,0.03875968992248062,0.050387596899224806,0.050387596899224806,0.10852713178294573,0.01937984496124031,0.03488372093023256,0.09302325581395349,0.06201550387596899,0.027131782945736434,0.04263565891472868,0.05813953488372093,0.05813953488372093,0.03875968992248062,0.06589147286821706,0.07364341085271318,0.08139534883720931,0.003875968992248062,0.007751937984496124,0.2,0.37142857142857144,0.17142857142857143,0.2571428571428571,19,25
"RNCMPT00100,min,CCCCCCC,RBD_v3_239770",76,0,258,35,0.07364341085271318,0.011627906976744186,0.03875968992248062,0.050387596899224806,0.050387596899224806,0.10852713178294573,0.01937984496124031,0.03488372093023256,0.09302325581395349,0.06201550387596899,0.027131782945736434,0.04263565891472868,0.05813953488372093,0.05813953488372093,0.03875968992248062,0.06589147286821706,0.07364341085271318,0.08139534883720931,0.003875968992248062,0.007751937984496124,0.2,0.4,0.17142857142857143,0.22857142857142856,23,29
"RNCMPT00111,max,GCUGGCC,RBD_v3_019784",191,1,86,38,0.05813953488372093,0.0,0.08139534883720931,0.046511627906976744,0.011627906976744186,0.046511627906976744,0.011627906976744186,0.06976744186046512,0.11627906976744186,0.1744186046511628,0.03488372093023256,0.03488372093023256,0.046511627906976744,0.0,0.05813953488372093,0.09302325581395349,0.03488372093023256,0.023255813953488372,0.023255813953488372,0.03488372093023256,0.2631578947368421,0.2894736842105263,0.23684210526315788,0.21052631578947367,28,34
"RNCMPT00111,max,GCUGGUC,RBD_v3_101848",191,1,86,38,0.05813953488372093,0.0,0.08139534883720931,0.046511627906976744,0.011627906976744186,0.046511627906976744,0.011627906976744186,0.06976744186046512,0.11627906976744186,0.1744186046511628,0.03488372093023256,0.03488372093023256,0.046511627906976744,0.0,0.05813953488372093,0.09302325581395349,0.03488372093023256,0.023255813953488372,0.023255813953488372,0.03488372093023256,0.23684210526315788,0.15789473684210525,0.2894736842105263,0.3157894736842105,22,28
"RNCMPT00111,max,GCUGGUC,RBD_v3_114193",191,1,86,38,0.05813953488372093,0.0,0.08139534883720931,0.046511627906976744,0.011627906976744186,0.046511627906976744,0.011627906976744186,0.06976744186046512,0.11627906976744186,0.1744186046511628,0.03488372093023256,0.03488372093023256,0.046511627906976744,0.0,0.05813953488372093,0.09302325581395349,0.03488372093023256,0.023255813953488372,0.023255813953488372,0.03488372093023256,0.18421052631578946,0.3157894736842105,0.23684210526315788,0.2631578947368421,5,11
"RNCMPT00111,min,CGCGUGG,RBD_v3_125172",191,0,86,30,0.05813953488372093,0.0,0.08139534883720931,0.046511627906976744,0.011627906976744186,0.046511627906976744,0.011627906976744186,0.06976744186046512,0.11627906976744186,0.1744186046511628,0.03488372093023256,0.03488372093023256,0.046511627906976744,0.0,0.05813953488372093,0.09302325581395349,0.03488372093023256,0.023255813953488372,0.023255813953488372,0.03488372093023256,0.1,0.23333333333333334,0.4,0.26666666666666666,24,30
"RNCMPT00111,min,CGCGUGG,RBD_v3_157277",191,0,86,35,0.05813953488372093,0.0,0.08139534883720931,0.046511627906976744,0.011627906976744186,0.046511627906976744,0.011627906976744186,0.06976744186046512,0.11627906976744186,0.1744186046511628,0.03488372093023256,0.03488372093023256,0.046511627906976744,0.0,0.05813953488372093,0.09302325581395349,0.03488372093023256,0.023255813953488372,0.023255813953488372,0.03488372093023256,0.2,0.22857142857142856,0.3142857142857143,0.2571428571428571,21,27
"RNCMPT00111,min,UGAGCGU,RBD_v3_119688",191,0,86,35,0.05813953488372093,0.0,0.08139534883720931,0.046511627906976744,0.011627906976744186,0.046511627906976744,0.011627906976744186,0.06976744186046512,0.11627906976744186,0.1744186046511628,0.03488372093023256,0.03488372093023256,0.046511627906976744,0.0,0.05813953488372093,0.09302325581395349,0.03488372093023256,0.023255813953488372,0.023255813953488372,0.03488372093023256,0.2857142857142857,0.17142857142857143,0.2857142857142857,0.2571428571428571,17,23
"RNCMPT00112,max,UUAGUUU,RBD_v3_122545",57,1,325,38,0.07076923076923076,0.009230769230769232,0.04923076923076923,0.046153846153846156,0.055384615384615386,0.08923076923076922,0.024615384615384615,0.05846153846153846,0.052307692307692305,0.06769230769230769,0.03076923076923077,0.07076923076923076,0.036923076923076927,0.036923076923076927,0.06153846153846154,0.08615384615384615,0.04923076923076923,0.06769230769230769,0.006153846153846154,0.03076923076923077,0.18421052631578946,0.23684210526315788,0.21052631578947367,0.3684210526315789,6,12
"RNCMPT00112,max,UUAGUUU,RBD_v3_126187",57,1,325,38,0.07076923076923076,0.009230769230769232,0.04923076923076923,0.046153846153846156,0.055384615384615386,0.08923076923076922,0.024615384615384615,0.05846153846153846,0.052307692307692305,0.06769230769230769,0.03076923076923077,0.07076923076923076,0.036923076923076927,0.036923076923076927,0.06153846153846154,0.08615384615384615,0.04923076923076923,0.06769230769230769,0.006153846153846154,0.03076923076923077,0.2894736842105263,0.18421052631578946,0.23684210526315788,0.2894736842105263,13,19
"RNCMPT00112,max,UUUGGUU,RBD_v3_120548",57,1,325,39,0.07076923076923076,0.009230769230769232,0.04923076923076923,0.046153846153846156,0.055384615384615386,0.08923076923076922,0.024615384615384615,0.05846153846153846,0.052307692307692305,0.06769230769230769,0.03076923076923077,0.07076923076923076,0.036923076923076927,0.036923076923076927,0.06153846153846154,0.08615384615384615,0.04923076923076923,0.06769230769230769,0.006153846153846154,0.03076923076923077,0.10256410256410256,0.10256410256410256,0.3333333333333333,0.46153846153846156,5,11
"RNCMPT00112,min,AGAGUCG,RBD_v3_002256",57,0,325,35,0.07076923076923076,0.009230769230769232,0.04923076923076923,0.046153846153846156,0.055384615384615386,0.08923076923076922,0.024615384615384615,0.05846153846153846,0.052307692307692305,0.06769230769230769,0.03076923076923077,0.07076923076923076,0.036923076923076927,0.036923076923076927,0.06153846153846154,0.08615384615384615,0.04923076923076923,0.06769230769230769,0.006153846153846154,0.03076923076923077,0.3142857142857143,0.2857142857142857,0.2571428571428571,0.14285714285714285,29,35
"RNCMPT00112,min,AGAGUCG,RBD_v3_042940",57,0,325,38,0.07076923076923076,0.009230769230769232,0.04923076923076923,0.046153846153846156,0.055384615384615386,0.08923076923076922,0.024615384615384615,0.05846153846153846,0.052307692307692305,0.06769230769230769,0.03076923076923077,0.07076923076923076,0.036923076923076927,0.036923076923076927,0.06153846153846154,0.08615384615384615,0.04923076923076923,0.06769230769230769,0.006153846153846154,0.03076923076923077,0.2631578947368421,0.21052631578947367,0.23684210526315788,0.2894736842105263,1,7
"RNCMPT00112,min,GUGAGUC,RBD_v3_120052",57,0,325,38,0.07076923076923076,0.009230769230769232,0.04923076923076923,0.046153846153846156,0.055384615384615386,0.08923076923076922,0.024615384615384615,0.05846153846153846,0.052307692307692305,0.06769230769230769,0.03076923076923077,0.07076923076923076,0.036923076923076927,0.036923076923076927,0.06153846153846154,0.08615384615384615,0.04923076923076923,0.06769230769230769,0.006153846153846154,0.03076923076923077,0.21052631578947367,0.34210526315789475,0.2631578947368421,0.18421052631578946,10,16
"RNCMPT00113,max,GCGCGCG,RBD_v3_206656",120,1,177,35,0.062146892655367235,0.03389830508474576,0.04519774011299435,0.1016949152542373,0.03389830508474576,0.07344632768361582,0.04519774011299435,0.06779661016949153,0.0847457627118644,0.062146892655367235,0.022598870056497175,0.05084745762711865,0.02824858757062147,0.02824858757062147,0.05649717514124294,0.05084745762711865,0.05084745762711865,0.062146892655367235,0.005649717514124294,0.03389830508474576,0.2571428571428571,0.3142857142857143,0.2857142857142857,0.14285714285714285,18,24
"RNCMPT00113,max,GCGCGGG,RBD_v3_131807",120,1,177,39,0.062146892655367235,0.03389830508474576,0.04519774011299435,0.1016949152542373,0.03389830508474576,0.07344632768361582,0.04519774011299435,0.06779661016949153,0.0847457627118644,0.062146892655367235,0.022598870056497175,0.05084745762711865,0.02824858757062147,0.02824858757062147,0.05649717514124294,0.05084745762711865,0.05084745762711865,0.062146892655367235,0.005649717514124294,0.03389830508474576,0.07692307692307693,0.15384615384615385,0.48717948717948717,0.28205128205128205,4,10
"RNCMPT00113,max,GCGCGGG,RBD_v3_147741",120,1,177,30,0.062146892655367235,0.03389830508474576,0.04519774011299435,0.1016949152542373,0.03389830508474576,0.07344632768361582,0.04519774011299435,0.06779661016949153,0.0847457627118644,0.062146892655367235,0.022598870056497175,0.05084745762711865,0.02824858757062147,0.02824858757062147,0.05649717514124294,0.05084745762711865,0.05084745762711865,0.062146892655367235,0.005649717514124294,0.03389830508474576,0.16666666666666666,0.3333333333333333,0.3,0.2,23,29
"RNCMPT00113,min,CCCCCCC,RBD_v3_172404",120,0,177,38,0.062146892655367235,0.03389830508474576,0.04519774011299435,0.1016949152542373,0.03389830508474576,0.07344632768361582,0.04519774011299435,0.06779661016949153,0.0847457627118644,0.062146892655367235,0.022598870056497175,0.05084745762711865,0.02824858757062147,0.02824858757062147,0.05649717514124294,0.05084745762711865,0.05084745762711865,0.062146892655367235,0.005649717514124294,0.03389830508474576,0.15789473684210525,0.3684210526315789,0.15789473684210525,0.3157894736842105,15,21
"RNCMPT00113,min,UUUUUUU,RBD_v3_036271",120,0,177,30,0.062146892655367235,0.03389830508474576,0.04519774011299435,0.1016949152542373,0.03389830508474576,0.07344632768361582,0.04519774011299435,0.06779661016949153,0.0847457627118644,0.062146892655367235,0.022598870056497175,0.05084745762711865,0.02824858757062147,0.02824858757062147,0.05649717514124294,0.05084745762711865,0.05084745762711865,0.062146892655367235,0.005649717514124294,0.03389830508474576,0.2,0.2,0.16666666666666666,0.43333333333333335,24,30
"RNCMPT00113,min,UUUUUUU,RBD_v3_083792",120,0,177,38,0.062146892655367235,0.03389830508474576,0.04519774011299435,0.1016949152542373,0.03389830508474576,0.07344632768361582,0.04519774011299435,0.06779661016949153,0.0847457627118644,0.062146892655367235,0.022598870056497175,0.05084745762711865,0.02824858757062147,0.02824858757062147,0.05649717514124294,0.05084745762711865,0.05084745762711865,0.062146892655367235,0.005649717514124294,0.03389830508474576,0.13157894736842105,0.3157894736842105,0.18421052631578946,0.3684210526315789,17,23
"RNCMPT00114,max,UGUUUGU,RBD_v3_004498",3,1,467,39,0.1349036402569593,0.014989293361884369,0.03854389721627409,0.03854389721627409,0.04068522483940043,0.057815845824411134,0.017130620985010708,0.044967880085653104,0.06852248394004283,0.09207708779443255,0.02569593147751606,0.05139186295503212,0.057815845824411134,0.0728051391862955,0.017130620985010708,0.07922912205567452,0.07066381156316917,0.057815845824411134,0.004282655246252677,0.014989293361884369,0.15384615384615385,0.15384615384615385,0.28205128205128205,0.41025641025641024,25,31
"RNCMPT00114,max,UGUUUGU,RBD_v3_048536",3,1,467,38,0.1349036402569593,0.014989293361884369,0.03854389721627409,0.03854389721627409,0.04068522483940043,0.057815845824411134,0.017130620985010708,0.044967880085653104,0.06852248394004283,0.09207708779443255,0.02569593147751606,0.05139186295503212,0.057815845824411134,0.0728051391862955,0.017130620985010708,0.07922912205567452,0.07066381156316917,0.057815845824411134,0.004282655246252677,0.014989293361884369,0.13157894736842105,0.15789473684210525,0.2894736842105263,0.42105263157894735,20,26
"RNCMPT00114,max,UGUUUGU,RBD_v3_163719",3,1,467,38,0.1349036402569593,0.014989293361884369,0.03854389721627409,0.03854389721627409,0.04068522483940043,0.057815845824411134,0.017130620985010708,0.044967880085653104,0.06852248394004283,0.09207708779443255,0.02569593147751606,0.05139186295503212,0.057815845824411134,0.0728051391862955,0.017130620985010708,0.07922912205567452,0.07066381156316917,0.057815845824411134,0.004282655246252677,0.014989293361884369,0.15789473684210525,0.18421052631578946,0.2631578947368421,0.39473684210526316,8,14
"RNCMPT00114,min,AGAGUCG,RBD_v3_012837",3,0,467,35,0.1349036402569593,0.014989293361884369,0.03854389721627409,0.03854389721627409,0.04068522483940043,0.057815845824411134,0.017130620985010708,0.044967880085653104,0.06852248394004283,0.09207708779443255,0.02569593147751606,0.05139186295503212,0.057815845824411134,0.0728051391862955,0.017130620985010708,0.07922912205567452,0.07066381156316917,0.057815845824411134,0.004282655246252677,0.014989293361884369,0.42857142857142855,0.17142857142857143,0.22857142857142856,0.17142857142857143,1,7
"RNCMPT00114,min,AGAGUCG,RBD_v3_087382",3,0,467,38,0.1349036402569593,0.014989293361884369,0.03854389721627409,0.03854389721627409,0.04068522483940043,0.057815845824411134,0.017130620985010708,0.044967880085653104,0.06852248394004283,0.09207708779443255,0.02569593147751606,0.05139186295503212,0.057815845824411134,0.0728051391862955,0.017130620985010708,0.07922912205567452,0.07066381156316917,0.057815845824411134,0.004282655246252677,0.014989293361884369,0.3684210526315789,0.15789473684210525,0.34210526315789475,0.13157894736842105,1,7
"RNCMPT00114,min,AGAGUCG,RBD_v3_101854",3,0,467,38,0.1349036402569593,0.014989293361884369,0.03854389721627409,0.03854389721627409,0.04068522483940043,0.057815845824411134,0.017130620985010708,0.044967880085653104,0.06852248394004283,0.09207708779443255,0.02569593147751606,0.05139186295503212,0.057815845824411134,0.0728051391862955,0.017130620985010708,0.07922912205567452,0.07066381156316917,0.057815845824411134,0.004282655246252677,0.014989293361884369,0.34210526315789475,0.21052631578947367,0.2894736842105263,0.15789473684210525,7,13
"RNCMPT00116,max,AACAUCA,RBD_v3_107323",192,1,324,38,0.08950617283950617,0.0,0.040123456790123455,0.08333333333333333,0.021604938271604937,0.12037037037037036,0.006172839506172839,0.009259259259259259,0.04938271604938271,0.012345679012345678,0.012345679012345678,0.06481481481481481,0.10802469135802469,0.07407407407407407,0.12037037037037036,0.046296296296296294,0.040123456790123455,0.04938271604938271,0.0030864197530864196,0.04938271604938271,0.3157894736842105,0.21052631578947367,0.15789473684210525,0.3157894736842105,18,24
"RNCMPT00116,max,GAACAUC,RBD_v3_030723",192,1,324,38,0.08950617283950617,0.0,0.040123456790123455,0.08333333333333333,0.021604938271604937,0.12037037037037036,0.006172839506172839,0.009259259259259259,0.04938271604938271,0.012345679012345678,0.012345679012345678,0.06481481481481481,0.10802469135802469,0.07407407407407407,0.12037037037037036,0.046296296296296294,0.040123456790123455,0.04938271604938271,0.0030864197530864196,0.04938271604938271,0.34210526315789475,0.2894736842105263,0.18421052631578946,0.18421052631578946,3,9
"RNCMPT00116,max,GAACAUC,RBD_v3_118226",192,1,324,38,0.08950617283950617,0.0,0.040123456790123455,0.08333333333333333,0.021604938271604937,0.12037037037037036,0.006172839506172839,0.009259259259259259,0.04938271604938271,0.012345679012345678,0.012345679012345678,0.06481481481481481,0.10802469135802469,0.07407407407407407,0.12037037037037036,0.046296296296296294,0.040123456790123455,0.04938271604938271,0.0030864197530864196,0.04938271604938271,0.34210526315789475,0.2894736842105263,0.18421052631578946,0.18421052631578946,3,9
"RNCMPT00116,min,CCCCCCC,RBD_v3_012658",192,0,324,38,0.08950617283950617,0.0,0.040123456790123455,0.08333333333333333,0.021604938271604937,0.12037037037037036,0.006172839506172839,0.009259259259259259,0.04938271604938271,0.012345679012345678,0.012345679012345678,0.06481481481481481,0.10802469135802469,0.07407407407407407,0.12037037037037036,0.046296296296296294,0.040123456790123455,0.04938271604938271,0.0030864197530864196,0.04938271604938271,0.15789473684210525,0.42105263157894735,0.18421052631578946,0.23684210526315788,17,23
"RNCMPT00116,min,UCCCCCC,RBD_v3_025151",192,0,324,38,0.08950617283950617,0.0,0.040123456790123455,0.08333333333333333,0.021604938271604937,0.12037037037037036,0.006172839506172839,0.009259259259259259,0.04938271604938271,0.012345679012345678,0.012345679012345678,0.06481481481481481,0.10802469135802469,0.07407407407407407,0.12037037037037036,0.046296296296296294,0.040123456790123455,0.04938271604938271,0.0030864197530864196,0.04938271604938271,0.13157894736842105,0.39473684210526316,0.18421052631578946,0.2894736842105263,5,11
"RNCMPT00116,min,UCCCCCC,RBD_v3_161085",192,0,324,38,0.08950617283950617,0.0,0.040123456790123455,0.08333333333333333,0.021604938271604937,0.12037037037037036,0.006172839506172839,0.009259259259259259,0.04938271604938271,0.012345679012345678,0.012345679012345678,0.06481481481481481,0.10802469135802469,0.07407407407407407,0.12037037037037036,0.046296296296296294,0.040123456790123455,0.04938271604938271,0.0030864197530864196,0.04938271604938271,0.13157894736842105,0.3157894736842105,0.2631578947368421,0.2894736842105263,31,37
"RNCMPT00117,max,UUAGUUU,RBD_v3_236589",57,1,325,38,0.07076923076923076,0.009230769230769232,0.04923076923076923,0.046153846153846156,0.055384615384615386,0.08923076923076922,0.024615384615384615,0.05846153846153846,0.052307692307692305,0.06769230769230769,0.03076923076923077,0.07076923076923076,0.036923076923076927,0.036923076923076927,0.06153846153846154,0.08615384615384615,0.04923076923076923,0.06769230769230769,0.006153846153846154,0.03076923076923077,0.18421052631578946,0.18421052631578946,0.2894736842105263,0.34210526315789475,12,18
"RNCMPT00117,max,UUAGUUU,RBD_v3_237638",57,1,325,35,0.07076923076923076,0.009230769230769232,0.04923076923076923,0.046153846153846156,0.055384615384615386,0.08923076923076922,0.024615384615384615,0.05846153846153846,0.052307692307692305,0.06769230769230769,0.03076923076923077,0.07076923076923076,0.036923076923076927,0.036923076923076927,0.06153846153846154,0.08615384615384615,0.04923076923076923,0.06769230769230769,0.006153846153846154,0.03076923076923077,0.2571428571428571,0.2,0.22857142857142856,0.3142857142857143,13,19
"RNCMPT00117,max,UUUUGGU,RBD_v3_199528",57,1,325,39,0.07076923076923076,0.009230769230769232,0.04923076923076923,0.046153846153846156,0.055384615384615386,0.08923076923076922,0.024615384615384615,0.05846153846153846,0.052307692307692305,0.06769230769230769,0.03076923076923077,0.07076923076923076,0.036923076923076927,0.036923076923076927,0.06153846153846154,0.08615384615384615,0.04923076923076923,0.06769230769230769,0.006153846153846154,0.03076923076923077,0.07692307692307693,0.1282051282051282,0.358974358974359,0.4358974358974359,4,10
"RNCMPT00117,min,ACCCCCC,RBD_v3_087960",57,0,325,38,0.07076923076923076,0.009230769230769232,0.04923076923076923,0.046153846153846156,0.055384615384615386,0.08923076923076922,0.024615384615384615,0.05846153846153846,0.052307692307692305,0.06769230769230769,0.03076923076923077,0.07076923076923076,0.036923076923076927,0.036923076923076927,0.06153846153846154,0.08615384615384615,0.04923076923076923,0.06769230769230769,0.006153846153846154,0.03076923076923077,0.18421052631578946,0.4473684210526316,0.21052631578947367,0.15789473684210525,3,9
"RNCMPT00117,min,CCCCCCC,RBD_v3_165962",57,0,325,35,0.07076923076923076,0.009230769230769232,0.04923076923076923,0.046153846153846156,0.055384615384615386,0.08923076923076922,0.024615384615384615,0.05846153846153846,0.052307692307692305,0.06769230769230769,0.03076923076923077,0.07076923076923076,0.036923076923076927,0.036923076923076927,0.06153846153846154,0.08615384615384615,0.04923076923076923,0.06769230769230769,0.006153846153846154,0.03076923076923077,0.22857142857142856,0.2857142857142857,0.22857142857142856,0.2571428571428571,20,26
"RNCMPT00117,min,CCCCCCC,RBD_v3_166722",57,0,325,38,0.07076923076923076,0.009230769230769232,0.04923076923076923,0.046153846153846156,0.055384615384615386,0.08923076923076922,0.024615384615384615,0.05846153846153846,0.052307692307692305,0.06769230769230769,0.03076923076923077,0.07076923076923076,0.036923076923076927,0.036923076923076927,0.06153846153846154,0.08615384615384615,0.04923076923076923,0.06769230769230769,0.006153846153846154,0.03076923076923077,0.23684210526315788,0.2894736842105263,0.2631578947368421,0.21052631578947367,14,20
"RNCMPT00118,max,ACUAACA,RBD_v3_032845",51,1,194,38,0.08247422680412371,0.010309278350515464,0.05670103092783505,0.10824742268041238,0.02577319587628866,0.05670103092783505,0.020618556701030927,0.03608247422680412,0.07731958762886598,0.08762886597938144,0.02577319587628866,0.041237113402061855,0.04639175257731959,0.03608247422680412,0.07216494845360824,0.03608247422680412,0.05670103092783505,0.10309278350515463,0.010309278350515464,0.010309278350515464,0.42105263157894735,0.2631578947368421,0.21052631578947367,0.10526315789473684,10,16
"RNCMPT00118,max,ACUAACC,RBD_v3_226736",51,1,194,38,0.08247422680412371,0.010309278350515464,0.05670103092783505,0.10824742268041238,0.02577319587628866,0.05670103092783505,0.020618556701030927,0.03608247422680412,0.07731958762886598,0.08762886597938144,0.02577319587628866,0.041237113402061855,0.04639175257731959,0.03608247422680412,0.07216494845360824,0.03608247422680412,0.05670103092783505,0.10309278350515463,0.010309278350515464,0.010309278350515464,0.3684210526315789,0.2894736842105263,0.10526315789473684,0.23684210526315788,27,33
"RNCMPT00118,max,UACUAAC,RBD_v3_090934",51,1,194,38,0.08247422680412371,0.010309278350515464,0.05670103092783505,0.10824742268041238,0.02577319587628866,0.05670103092783505,0.020618556701030927,0.03608247422680412,0.07731958762886598,0.08762886597938144,0.02577319587628866,0.041237113402061855,0.04639175257731959,0.03608247422680412,0.07216494845360824,0.03608247422680412,0.05670103092783505,0.10309278350515463,0.010309278350515464,0.010309278350515464,0.2894736842105263,0.3684210526315789,0.15789473684210525,0.18421052631578946,5,11
"RNCMPT00118,min,CAGGAAA,RBD_v3_191239",51,0,194,38,0.08247422680412371,0.010309278350515464,0.05670103092783505,0.10824742268041238,0.02577319587628866,0.05670103092783505,0.020618556701030927,0.03608247422680412,0.07731958762886598,0.08762886597938144,0.02577319587628866,0.041237113402061855,0.04639175257731959,0.03608247422680412,0.07216494845360824,0.03608247422680412,0.05670103092783505,0.10309278350515463,0.010309278350515464,0.010309278350515464,0.3684210526315789,0.18421052631578946,0.2894736842105263,0.15789473684210525,20,26
"RNCMPT00118,min,GAACAAG,RBD_v3_219734",51,0,194,35,0.08247422680412371,0.010309278350515464,0.05670103092783505,0.10824742268041238,0.02577319587628866,0.05670103092783505,0.020618556701030927,0.03608247422680412,0.07731958762886598,0.08762886597938144,0.02577319587628866,0.041237113402061855,0.04639175257731959,0.03608247422680412,0.07216494845360824,0.03608247422680412,0.05670103092783505,0.10309278350515463,0.010309278350515464,0.010309278350515464,0.34285714285714286,0.11428571428571428,0.34285714285714286,0.2,16,22
"RNCMPT00118,min,UGAGUCG,RBD_v3_085939",51,0,194,35,0.08247422680412371,0.010309278350515464,0.05670103092783505,0.10824742268041238,0.02577319587628866,0.05670103092783505,0.020618556701030927,0.03608247422680412,0.07731958762886598,0.08762886597938144,0.02577319587628866,0.041237113402061855,0.04639175257731959,0.03608247422680412,0.07216494845360824,0.03608247422680412,0.05670103092783505,0.10309278350515463,0.010309278350515464,0.010309278350515464,0.34285714285714286,0.14285714285714285,0.34285714285714286,0.17142857142857143,20,26
"RNCMPT00119,max,GUUUUUU,RBD_v3_028511",163,1,255,38,0.08235294117647059,0.011764705882352941,0.050980392156862744,0.03529411764705882,0.03137254901960784,0.09019607843137255,0.0196078431372549,0.050980392156862744,0.043137254901960784,0.08235294117647059,0.043137254901960784,0.08627450980392157,0.07058823529411765,0.03137254901960784,0.06666666666666667,0.06666666666666667,0.047058823529411764,0.054901960784313725,0.0,0.03529411764705882,0.13157894736842105,0.2894736842105263,0.21052631578947367,0.3684210526315789,6,12
"RNCMPT00119,max,UUUUUUU,RBD_v3_037447",163,1,255,35,0.08235294117647059,0.011764705882352941,0.050980392156862744,0.03529411764705882,0.03137254901960784,0.09019607843137255,0.0196078431372549,0.050980392156862744,0.043137254901960784,0.08235294117647059,0.043137254901960784,0.08627450980392157,0.07058823529411765,0.03137254901960784,0.06666666666666667,0.06666666666666667,0.047058823529411764,0.054901960784313725,0.0,0.03529411764705882,0.2,0.3142857142857143,0.2,0.2857142857142857,24,30
"RNCMPT00119,max,UUUUUUU,RBD_v3_095206",163,1,255,35,0.08235294117647059,0.011764705882352941,0.050980392156862744,0.03529411764705882,0.03137254901960784,0.09019607843137255,0.0196078431372549,0.050980392156862744,0.043137254901960784,0.08235294117647059,0.043137254901960784,0.08627450980392157,0.07058823529411765,0.03137254901960784,0.06666666666666667,0.06666666666666667,0.047058823529411764,0.054901960784313725,0.0,0.03529411764705882,0.22857142857142856,0.2571428571428571,0.2571428571428571,0.2571428571428571,21,27
"RNCMPT00119,min,GCGUGGG,RBD_v3_218712",163,0,255,35,0.08235294117647059,0.011764705882352941,0.050980392156862744,0.03529411764705882,0.03137254901960784,0.09019607843137255,0.0196078431372549,0.050980392156862744,0.043137254901960784,0.08235294117647059,0.043137254901960784,0.08627450980392157,0.07058823529411765,0.03137254901960784,0.06666666666666667,0.06666666666666667,0.047058823529411764,0.054901960784313725,0.0,0.03529411764705882,0.34285714285714286,0.14285714285714285,0.37142857142857144,0.14285714285714285,19,25
"RNCMPT00119,min,GGGGAGC,RBD_v3_166046",163,0,255,35,0.08235294117647059,0.011764705882352941,0.050980392156862744,0.03529411764705882,0.03137254901960784,0.09019607843137255,0.0196078431372549,0.050980392156862744,0.043137254901960784,0.08235294117647059,0.043137254901960784,0.08627450980392157,0.07058823529411765,0.03137254901960784,0.06666666666666667,0.06666666666666667,0.047058823529411764,0.054901960784313725,0.0,0.03529411764705882,0.34285714285714286,0.11428571428571428,0.2857142857142857,0.2571428571428571,6,12
"RNCMPT00119,min,GGGGAGC,RBD_v3_225725",163,0,255,38,0.08235294117647059,0.011764705882352941,0.050980392156862744,0.03529411764705882,0.03137254901960784,0.09019607843137255,0.0196078431372549,0.050980392156862744,0.043137254901960784,0.08235294117647059,0.043137254901960784,0.08627450980392157,0.07058823529411765,0.03137254901960784,0.06666666666666667,0.06666666666666667,0.047058823529411764,0.054901960784313725,0.0,0.03529411764705882,0.15789473684210525,0.21052631578947367,0.2631578947368421,0.3684210526315789,21,27
"RNCMPT00120,max,UUAUGUU,RBD_v3_080006",34,1,356,30,0.09269662921348315,0.011235955056179775,0.03089887640449438,0.047752808988764044,0.03651685393258427,0.08426966292134831,0.0,0.05056179775280899,0.056179775280898875,0.10112359550561797,0.019662921348314606,0.07865168539325842,0.047752808988764044,0.0449438202247191,0.0449438202247191,0.08707865168539326,0.06179775280898876,0.06741573033707865,0.0056179775280898875,0.03089887640449438,0.13333333333333333,0.13333333333333333,0.3333333333333333,0.4,21,27
"RNCMPT00120,max,UUAUGUU,RBD_v3_240700",34,1,356,38,0.09269662921348315,0.011235955056179775,0.03089887640449438,0.047752808988764044,0.03651685393258427,0.08426966292134831,0.0,0.05056179775280899,0.056179775280898875,0.10112359550561797,0.019662921348314606,0.07865168539325842,0.047752808988764044,0.0449438202247191,0.0449438202247191,0.08707865168539326,0.06179775280898876,0.06741573033707865,0.0056179775280898875,0.03089887640449438,0.21052631578947367,0.2631578947368421,0.15789473684210525,0.3684210526315789,8,14
"RNCMPT00120,max,UUUAGUU,RBD_v3_122545",34,1,356,38,0.09269662921348315,0.011235955056179775,0.03089887640449438,0.047752808988764044,0.03651685393258427,0.08426966292134831,0.0,0.05056179775280899,0.056179775280898875,0.10112359550561797,0.019662921348314606,0.07865168539325842,0.047752808988764044,0.0449438202247191,0.0449438202247191,0.08707865168539326,0.06179775280898876,0.06741573033707865,0.0056179775280898875,0.03089887640449438,0.18421052631578946,0.23684210526315788,0.21052631578947367,0.3684210526315789,5,11
"RNCMPT00120,min,AGAGUCG,RBD_v3_079827",34,0,356,38,0.09269662921348315,0.011235955056179775,0.03089887640449438,0.047752808988764044,0.03651685393258427,0.08426966292134831,0.0,0.05056179775280899,0.056179775280898875,0.10112359550561797,0.019662921348314606,0.07865168539325842,0.047752808988764044,0.0449438202247191,0.0449438202247191,0.08707865168539326,0.06179775280898876,0.06741573033707865,0.0056179775280898875,0.03089887640449438,0.15789473684210525,0.2631578947368421,0.23684210526315788,0.34210526315789475,1,7
"RNCMPT00120,min,AGAGUCG,RBD_v3_208616",34,0,356,35,0.09269662921348315,0.011235955056179775,0.03089887640449438,0.047752808988764044,0.03651685393258427,0.08426966292134831,0.0,0.05056179775280899,0.056179775280898875,0.10112359550561797,0.019662921348314606,0.07865168539325842,0.047752808988764044,0.0449438202247191,0.0449438202247191,0.08707865168539326,0.06179775280898876,0.06741573033707865,0.0056179775280898875,0.03089887640449438,0.3142857142857143,0.2571428571428571,0.2,0.22857142857142856,1,7
"RNCMPT00120,min,AGAGUCG,RBD_v3_227874",34,0,356,30,0.09269662921348315,0.011235955056179775,0.03089887640449438,0.047752808988764044,0.03651685393258427,0.08426966292134831,0.0,0.05056179775280899,0.056179775280898875,0.10112359550561797,0.019662921348314606,0.07865168539325842,0.047752808988764044,0.0449438202247191,0.0449438202247191,0.08707865168539326,0.06179775280898876,0.06741573033707865,0.0056179775280898875,0.03089887640449438,0.23333333333333334,0.3,0.3333333333333333,0.13333333333333333,1,7
"RNCMPT00121,max,UUGGGUU,RBD_v3_014854",28,1,383,39,0.10966057441253264,0.005221932114882507,0.031331592689295036,0.03655352480417755,0.0391644908616188,0.08616187989556136,0.0026109660574412533,0.057441253263707574,0.04699738903394256,0.07049608355091384,0.02349869451697128,0.06788511749347259,0.06527415143603134,0.08093994778067885,0.0391644908616188,0.06788511749347259,0.07049608355091384,0.07049608355091384,0.0026109660574412533,0.02610966057441253,0.10256410256410256,0.07692307692307693,0.38461538461538464,0.4358974358974359,21,27
"RNCMPT00121,max,UUGGGUU,RBD_v3_120548",28,1,383,39,0.10966057441253264,0.005221932114882507,0.031331592689295036,0.03655352480417755,0.0391644908616188,0.08616187989556136,0.0026109660574412533,0.057441253263707574,0.04699738903394256,0.07049608355091384,0.02349869451697128,0.06788511749347259,0.06527415143603134,0.08093994778067885,0.0391644908616188,0.06788511749347259,0.07049608355091384,0.07049608355091384,0.0026109660574412533,0.02610966057441253,0.10256410256410256,0.10256410256410256,0.3333333333333333,0.46153846153846156,20,26
"RNCMPT00121,max,UUGGGUU,RBD_v3_237081",28,1,383,39,0.10966057441253264,0.005221932114882507,0.031331592689295036,0.03655352480417755,0.0391644908616188,0.08616187989556136,0.0026109660574412533,0.057441253263707574,0.04699738903394256,0.07049608355091384,0.02349869451697128,0.06788511749347259,0.06527415143603134,0.08093994778067885,0.0391644908616188,0.06788511749347259,0.07049608355091384,0.07049608355091384,0.0026109660574412533,0.02610966057441253,0.10256410256410256,0.10256410256410256,0.3333333333333333,0.46153846153846156,20,26
"RNCMPT00121,min,GAGUCGU,RBD_v3_070447",28,0,383,38,0.10966057441253264,0.005221932114882507,0.031331592689295036,0.03655352480417755,0.0391644908616188,0.08616187989556136,0.0026109660574412533,0.057441253263707574,0.04699738903394256,0.07049608355091384,0.02349869451697128,0.06788511749347259,0.06527415143603134,0.08093994778067885,0.0391644908616188,0.06788511749347259,0.07049608355091384,0.07049608355091384,0.0026109660574412533,0.02610966057441253,0.2631578947368421,0.23684210526315788,0.3157894736842105,0.18421052631578946,2,8
"RNCMPT00121,min,GAGUCGU,RBD_v3_138567",28,0,383,35,0.10966057441253264,0.005221932114882507,0.031331592689295036,0.03655352480417755,0.0391644908616188,0.08616187989556136,0.0026109660574412533,0.057441253263707574,0.04699738903394256,0.07049608355091384,0.02349869451697128,0.06788511749347259,0.06527415143603134,0.08093994778067885,0.0391644908616188,0.06788511749347259,0.07049608355091384,0.07049608355091384,0.0026109660574412533,0.02610966057441253,0.2571428571428571,0.2571428571428571,0.2857142857142857,0.2,5,11
"RNCMPT00121,min,GAGUCGU,RBD_v3_148916",28,0,383,35,0.10966057441253264,0.005221932114882507,0.031331592689295036,0.03655352480417755,0.0391644908616188,0.08616187989556136,0.0026109660574412533,0.057441253263707574,0.04699738903394256,0.07049608355091384,0.02349869451697128,0.06788511749347259,0.06527415143603134,0.08093994778067885,0.0391644908616188,0.06788511749347259,0.07049608355091384,0.07049608355091384,0.0026109660574412533,0.02610966057441253,0.34285714285714286,0.2857142857142857,0.11428571428571428,0.2571428571428571,2,8
"RNCMPT00122,max,GUGGUGU,RBD_v3_158272",9,1,416,39,0.1346153846153846,0.014423076923076924,0.028846153846153848,0.03365384615384615,0.06490384615384616,0.08413461538461539,0.026442307692307692,0.038461538461538464,0.036057692307692304,0.07451923076923077,0.038461538461538464,0.04567307692307692,0.10336538461538461,0.08653846153846154,0.03125,0.055288461538461536,0.04326923076923077,0.04326923076923077,0.0,0.016826923076923076,0.1282051282051282,0.15384615384615385,0.41025641025641024,0.3076923076923077,13,19
"RNCMPT00122,max,GUGUUGU,RBD_v3_002196",9,1,416,35,0.1346153846153846,0.014423076923076924,0.028846153846153848,0.03365384615384615,0.06490384615384616,0.08413461538461539,0.026442307692307692,0.038461538461538464,0.036057692307692304,0.07451923076923077,0.038461538461538464,0.04567307692307692,0.10336538461538461,0.08653846153846154,0.03125,0.055288461538461536,0.04326923076923077,0.04326923076923077,0.0,0.016826923076923076,0.14285714285714285,0.11428571428571428,0.37142857142857144,0.37142857142857144,24,30
"RNCMPT00122,max,UGGUGUU,RBD_v3_198904",9,1,416,39,0.1346153846153846,0.014423076923076924,0.028846153846153848,0.03365384615384615,0.06490384615384616,0.08413461538461539,0.026442307692307692,0.038461538461538464,0.036057692307692304,0.07451923076923077,0.038461538461538464,0.04567307692307692,0.10336538461538461,0.08653846153846154,0.03125,0.055288461538461536,0.04326923076923077,0.04326923076923077,0.0,0.016826923076923076,0.07692307692307693,0.07692307692307693,0.4358974358974359,0.41025641025641024,6,12
"RNCMPT00122,min,CGCUCUC,RBD_v3_085790",9,0,416,30,0.1346153846153846,0.014423076923076924,0.028846153846153848,0.03365384615384615,0.06490384615384616,0.08413461538461539,0.026442307692307692,0.038461538461538464,0.036057692307692304,0.07451923076923077,0.038461538461538464,0.04567307692307692,0.10336538461538461,0.08653846153846154,0.03125,0.055288461538461536,0.04326923076923077,0.04326923076923077,0.0,0.016826923076923076,0.16666666666666666,0.36666666666666664,0.16666666666666666,0.3,9,15
"RNCMPT00122,min,CGCUCUC,RBD_v3_110513",9,0,416,35,0.1346153846153846,0.014423076923076924,0.028846153846153848,0.03365384615384615,0.06490384615384616,0.08413461538461539,0.026442307692307692,0.038461538461538464,0.036057692307692304,0.07451923076923077,0.038461538461538464,0.04567307692307692,0.10336538461538461,0.08653846153846154,0.03125,0.055288461538461536,0.04326923076923077,0.04326923076923077,0.0,0.016826923076923076,0.3142857142857143,0.2857142857142857,0.2571428571428571,0.14285714285714285,14,20
"RNCMPT00122,min,UCCGCUC,RBD_v3_166100",9,0,416,38,0.1346153846153846,0.014423076923076924,0.028846153846153848,0.03365384615384615,0.06490384615384616,0.08413461538461539,0.026442307692307692,0.038461538461538464,0.036057692307692304,0.07451923076923077,0.038461538461538464,0.04567307692307692,0.10336538461538461,0.08653846153846154,0.03125,0.055288461538461536,0.04326923076923077,0.04326923076923077,0.0,0.016826923076923076,0.18421052631578946,0.34210526315789475,0.18421052631578946,0.2894736842105263,26,32
"RNCMPT00123,max,AUGCAUG,RBD_v3_023963",1,1,169,38,0.1834319526627219,0.005917159763313609,0.029585798816568046,0.04142011834319527,0.047337278106508875,0.07100591715976332,0.023668639053254437,0.04142011834319527,0.03550295857988166,0.047337278106508875,0.011834319526627219,0.05325443786982249,0.047337278106508875,0.03550295857988166,0.07100591715976332,0.07100591715976332,0.047337278106508875,0.1242603550295858,0.005917159763313609,0.005917159763313609,0.2631578947368421,0.21052631578947367,0.3157894736842105,0.21052631578947367,4,10
"RNCMPT00123,max,UGCAUGC,RBD_v3_084817",1,1,169,38,0.1834319526627219,0.005917159763313609,0.029585798816568046,0.04142011834319527,0.047337278106508875,0.07100591715976332,0.023668639053254437,0.04142011834319527,0.03550295857988166,0.047337278106508875,0.011834319526627219,0.05325443786982249,0.047337278106508875,0.03550295857988166,0.07100591715976332,0.07100591715976332,0.047337278106508875,0.1242603550295858,0.005917159763313609,0.005917159763313609,0.13157894736842105,0.2894736842105263,0.21052631578947367,0.3684210526315789,30,36
"RNCMPT00123,max,UUGCAUG,RBD_v3_028511",1,1,169,38,0.1834319526627219,0.005917159763313609,0.029585798816568046,0.04142011834319527,0.047337278106508875,0.07100591715976332,0.023668639053254437,0.04142011834319527,0.03550295857988166,0.047337278106508875,0.011834319526627219,0.05325443786982249,0.047337278106508875,0.03550295857988166,0.07100591715976332,0.07100591715976332,0.047337278106508875,0.1242603550295858,0.005917159763313609,0.005917159763313609,0.13157894736842105,0.2894736842105263,0.21052631578947367,0.3684210526315789,11,17
"RNCMPT00123,min,AGAGUCG,RBD_v3_015863",1,0,169,30,0.1834319526627219,0.005917159763313609,0.029585798816568046,0.04142011834319527,0.047337278106508875,0.07100591715976332,0.023668639053254437,0.04142011834319527,0.03550295857988166,0.047337278106508875,0.011834319526627219,0.05325443786982249,0.047337278106508875,0.03550295857988166,0.07100591715976332,0.07100591715976332,0.047337278106508875,0.1242603550295858,0.005917159763313609,0.005917159763313609,0.3,0.26666666666666666,0.26666666666666666,0.16666666666666666,1,7
"RNCMPT00123,min,AGAGUCG,RBD_v3_183781",1,0,169,38,0.1834319526627219,0.005917159763313609,0.029585798816568046,0.04142011834319527,0.047337278106508875,0.07100591715976332,0.023668639053254437,0.04142011834319527,0.03550295857988166,0.047337278106508875,0.011834319526627219,0.05325443786982249,0.047337278106508875,0.03550295857988166,0.07100591715976332,0.07100591715976332,0.047337278106508875,0.1242603550295858,0.005917159763313609,0.005917159763313609,0.3157894736842105,0.23684210526315788,0.2894736842105263,0.15789473684210525,32,38
"RNCMPT00123,min,AGAGUCG,RBD_v3_221610",1,0,169,38,0.1834319526627219,0.005917159763313609,0.029585798816568046,0.04142011834319527,0.047337278106508875,0.07100591715976332,0.023668639053254437,0.04142011834319527,0.03550295857988166,0.047337278106508875,0.011834319526627219,0.05325443786982249,0.047337278106508875,0.03550295857988166,0.07100591715976332,0.07100591715976332,0.047337278106508875,0.1242603550295858,0.005917159763313609,0.005917159763313609,0.3157894736842105,0.21052631578947367,0.23684210526315788,0.23684210526315788,1,7
"RNCMPT00124,max,CGCGCGG,RBD_v3_147741",63,1,352,30,0.03977272727272727,0.019886363636363636,0.06818181818181818,0.056818181818181816,0.04261363636363636,0.09375,0.011363636363636364,0.02556818181818182,0.036931818181818184,0.05113636363636364,0.03125,0.028409090909090908,0.11079545454545454,0.028409090909090908,0.11647727272727272,0.07386363636363637,0.048295454545454544,0.056818181818181816,0.002840909090909091,0.056818181818181816,0.16666666666666666,0.3333333333333333,0.3,0.2,22,28
"RNCMPT00124,max,CGCGCGG,RBD_v3_206656",63,1,352,35,0.03977272727272727,0.019886363636363636,0.06818181818181818,0.056818181818181816,0.04261363636363636,0.09375,0.011363636363636364,0.02556818181818182,0.036931818181818184,0.05113636363636364,0.03125,0.028409090909090908,0.11079545454545454,0.028409090909090908,0.11647727272727272,0.07386363636363637,0.048295454545454544,0.056818181818181816,0.002840909090909091,0.056818181818181816,0.2571428571428571,0.3142857142857143,0.2857142857142857,0.14285714285714285,19,25
"RNCMPT00124,max,UCGCGCG,RBD_v3_157981",63,1,352,39,0.03977272727272727,0.019886363636363636,0.06818181818181818,0.056818181818181816,0.04261363636363636,0.09375,0.011363636363636364,0.02556818181818182,0.036931818181818184,0.05113636363636364,0.03125,0.028409090909090908,0.11079545454545454,0.028409090909090908,0.11647727272727272,0.07386363636363637,0.048295454545454544,0.056818181818181816,0.002840909090909091,0.056818181818181816,0.1282051282051282,0.38461538461538464,0.23076923076923078,0.2564102564102564,26,32
"RNCMPT00124,min,CCCCCCC,RBD_v3_087545",63,0,352,30,0.03977272727272727,0.019886363636363636,0.06818181818181818,0.056818181818181816,0.04261363636363636,0.09375,0.011363636363636364,0.02556818181818182,0.036931818181818184,0.05113636363636364,0.03125,0.028409090909090908,0.11079545454545454,0.028409090909090908,0.11647727272727272,0.07386363636363637,0.048295454545454544,0.056818181818181816,0.002840909090909091,0.056818181818181816,0.3333333333333333,0.3333333333333333,0.23333333333333334,0.1,4,10
"RNCMPT00124,min,CCCCCCC,RBD_v3_147508",63,0,352,38,0.03977272727272727,0.019886363636363636,0.06818181818181818,0.056818181818181816,0.04261363636363636,0.09375,0.011363636363636364,0.02556818181818182,0.036931818181818184,0.05113636363636364,0.03125,0.028409090909090908,0.11079545454545454,0.028409090909090908,0.11647727272727272,0.07386363636363637,0.048295454545454544,0.056818181818181816,0.002840909090909091,0.056818181818181816,0.10526315789473684,0.4473684210526316,0.21052631578947367,0.23684210526315788,22,28
"RNCMPT00124,min,GCCCCCC,RBD_v3_146384",63,0,352,30,0.03977272727272727,0.019886363636363636,0.06818181818181818,0.056818181818181816,0.04261363636363636,0.09375,0.011363636363636364,0.02556818181818182,0.036931818181818184,0.05113636363636364,0.03125,0.028409090909090908,0.11079545454545454,0.028409090909090908,0.11647727272727272,0.07386363636363637,0.048295454545454544,0.056818181818181816,0.002840909090909091,0.056818181818181816,0.16666666666666666,0.3333333333333333,0.23333333333333334,0.26666666666666666,19,25
"RNCMPT00126,max,UUUUUGG,RBD_v3_089482",84,1,273,39,0.07326007326007326,0.03296703296703297,0.08424908424908426,0.040293040293040296,0.05128205128205128,0.08424908424908426,0.018315018315018316,0.047619047619047616,0.054945054945054944,0.07326007326007326,0.018315018315018316,0.02197802197802198,0.07326007326007326,0.04395604395604396,0.05128205128205128,0.07326007326007326,0.03296703296703297,0.07326007326007326,0.007326007326007326,0.04395604395604396,0.1282051282051282,0.05128205128205128,0.48717948717948717,0.3333333333333333,30,36
"RNCMPT00126,max,UUUUUGG,RBD_v3_099381",84,1,273,39,0.07326007326007326,0.03296703296703297,0.08424908424908426,0.040293040293040296,0.05128205128205128,0.08424908424908426,0.018315018315018316,0.047619047619047616,0.054945054945054944,0.07326007326007326,0.018315018315018316,0.02197802197802198,0.07326007326007326,0.04395604395604396,0.05128205128205128,0.07326007326007326,0.03296703296703297,0.07326007326007326,0.007326007326007326,0.04395604395604396,0.15384615384615385,0.10256410256410256,0.41025641025641024,0.3333333333333333,29,35
"RNCMPT00126,max,UUUUUGG,RBD_v3_170136",84,1,273,39,0.07326007326007326,0.03296703296703297,0.08424908424908426,0.040293040293040296,0.05128205128205128,0.08424908424908426,0.018315018315018316,0.047619047619047616,0.054945054945054944,0.07326007326007326,0.018315018315018316,0.02197802197802198,0.07326007326007326,0.04395604395604396,0.05128205128205128,0.07326007326007326,0.03296703296703297,0.07326007326007326,0.007326007326007326,0.04395604395604396,0.10256410256410256,0.15384615384615385,0.38461538461538464,0.358974358974359,31,37
"RNCMPT00126,min,AGAGUCG,RBD_v3_062831",84,0,273,38,0.07326007326007326,0.03296703296703297,0.08424908424908426,0.040293040293040296,0.05128205128205128,0.08424908424908426,0.018315018315018316,0.047619047619047616,0.054945054945054944,0.07326007326007326,0.018315018315018316,0.02197802197802198,0.07326007326007326,0.04395604395604396,0.05128205128205128,0.07326007326007326,0.03296703296703297,0.07326007326007326,0.007326007326007326,0.04395604395604396,0.34210526315789475,0.18421052631578946,0.2894736842105263,0.18421052631578946,6,12
"RNCMPT00126,min,AGAGUCG,RBD_v3_095150",84,0,273,35,0.07326007326007326,0.03296703296703297,0.08424908424908426,0.040293040293040296,0.05128205128205128,0.08424908424908426,0.018315018315018316,0.047619047619047616,0.054945054945054944,0.07326007326007326,0.018315018315018316,0.02197802197802198,0.07326007326007326,0.04395604395604396,0.05128205128205128,0.07326007326007326,0.03296703296703297,0.07326007326007326,0.007326007326007326,0.04395604395604396,0.17142857142857143,0.2857142857142857,0.22857142857142856,0.3142857142857143,1,7
"RNCMPT00126,min,AGAGUCG,RBD_v3_117215",84,0,273,30,0.07326007326007326,0.03296703296703297,0.08424908424908426,0.040293040293040296,0.05128205128205128,0.08424908424908426,0.018315018315018316,0.047619047619047616,0.054945054945054944,0.07326007326007326,0.018315018315018316,0.02197802197802198,0.07326007326007326,0.04395604395604396,0.05128205128205128,0.07326007326007326,0.03296703296703297,0.07326007326007326,0.007326007326007326,0.04395604395604396,0.3,0.26666666666666666,0.26666666666666666,0.16666666666666666,1,7
"RNCMPT00127,max,AUCAACG,RBD_v3_002221",132,1,128,38,0.078125,0.0234375,0.046875,0.0625,0.03125,0.2890625,0.0,0.015625,0.0234375,0.03125,0.015625,0.03125,0.03125,0.0,0.1328125,0.0703125,0.0234375,0.046875,0.015625,0.03125,0.2631578947368421,0.3157894736842105,0.15789473684210525,0.2631578947368421,3,9
"RNCMPT00127,max,AUCAACG,RBD_v3_114213",132,1,128,38,0.078125,0.0234375,0.046875,0.0625,0.03125,0.2890625,0.0,0.015625,0.0234375,0.03125,0.015625,0.03125,0.03125,0.0,0.1328125,0.0703125,0.0234375,0.046875,0.015625,0.03125,0.2631578947368421,0.3157894736842105,0.15789473684210525,0.2631578947368421,3,9
"RNCMPT00127,max,AUCAUCA,RBD_v3_174879",132,1,128,38,0.078125,0.0234375,0.046875,0.0625,0.03125,0.2890625,0.0,0.015625,0.0234375,0.03125,0.015625,0.03125,0.03125,0.0,0.1328125,0.0703125,0.0234375,0.046875,0.015625,0.03125,0.2894736842105263,0.23684210526315788,0.23684210526315788,0.23684210526315788,20,26
"RNCMPT00127,min,GAUGGUG,RBD_v3_006110",132,0,128,35,0.078125,0.0234375,0.046875,0.0625,0.03125,0.2890625,0.0,0.015625,0.0234375,0.03125,0.015625,0.03125,0.03125,0.0,0.1328125,0.0703125,0.0234375,0.046875,0.015625,0.03125,0.2857142857142857,0.17142857142857143,0.34285714285714286,0.2,2,8
"RNCMPT00127,min,GAUGGUG,RBD_v3_017802",132,0,128,38,0.078125,0.0234375,0.046875,0.0625,0.03125,0.2890625,0.0,0.015625,0.0234375,0.03125,0.015625,0.03125,0.03125,0.0,0.1328125,0.0703125,0.0234375,0.046875,0.015625,0.03125,0.3157894736842105,0.15789473684210525,0.3157894736842105,0.21052631578947367,32,38
"RNCMPT00127,min,GAUGGUG,RBD_v3_094617",132,0,128,38,0.078125,0.0234375,0.046875,0.0625,0.03125,0.2890625,0.0,0.015625,0.0234375,0.03125,0.015625,0.03125,0.03125,0.0,0.1328125,0.0703125,0.0234375,0.046875,0.015625,0.03125,0.2894736842105263,0.18421052631578946,0.3684210526315789,0.15789473684210525,10,16
"RNCMPT00129,max,AGAGUAU,RBD_v3_005236",13,1,271,38,0.06642066420664207,0.014760147601476014,0.04428044280442804,0.05904059040590406,0.014760147601476014,0.07749077490774908,0.014760147601476014,0.06642066420664207,0.055350553505535055,0.06273062730627306,0.02214022140221402,0.04059040590405904,0.08118081180811808,0.04059040590405904,0.055350553505535055,0.1070110701107011,0.07380073800738007,0.08856088560885608,0.0,0.014760147601476014,0.2631578947368421,0.15789473684210525,0.3157894736842105,0.2631578947368421,3,9
"RNCMPT00129,max,AGAGUAU,RBD_v3_065094",13,1,271,38,0.06642066420664207,0.014760147601476014,0.04428044280442804,0.05904059040590406,0.014760147601476014,0.07749077490774908,0.014760147601476014,0.06642066420664207,0.055350553505535055,0.06273062730627306,0.02214022140221402,0.04059040590405904,0.08118081180811808,0.04059040590405904,0.055350553505535055,0.1070110701107011,0.07380073800738007,0.08856088560885608,0.0,0.014760147601476014,0.2631578947368421,0.23684210526315788,0.2631578947368421,0.23684210526315788,1,7
"RNCMPT00129,max,AGAGUAU,RBD_v3_155907",13,1,271,38,0.06642066420664207,0.014760147601476014,0.04428044280442804,0.05904059040590406,0.014760147601476014,0.07749077490774908,0.014760147601476014,0.06642066420664207,0.055350553505535055,0.06273062730627306,0.02214022140221402,0.04059040590405904,0.08118081180811808,0.04059040590405904,0.055350553505535055,0.1070110701107011,0.07380073800738007,0.08856088560885608,0.0,0.014760147601476014,0.2631578947368421,0.2894736842105263,0.3157894736842105,0.13157894736842105,1,7
"RNCMPT00129,min,CCCCCCC,RBD_v3_115637",13,0,271,30,0.06642066420664207,0.014760147601476014,0.04428044280442804,0.05904059040590406,0.014760147601476014,0.07749077490774908,0.014760147601476014,0.06642066420664207,0.055350553505535055,0.06273062730627306,0.02214022140221402,0.04059040590405904,0.08118081180811808,0.04059040590405904,0.055350553505535055,0.1070110701107011,0.07380073800738007,0.08856088560885608,0.0,0.014760147601476014,0.3333333333333333,0.3333333333333333,0.23333333333333334,0.1,7,13
"RNCMPT00129,min,UUUCGUC,RBD_v3_096490",13,0,271,38,0.06642066420664207,0.014760147601476014,0.04428044280442804,0.05904059040590406,0.014760147601476014,0.07749077490774908,0.014760147601476014,0.06642066420664207,0.055350553505535055,0.06273062730627306,0.02214022140221402,0.04059040590405904,0.08118081180811808,0.04059040590405904,0.055350553505535055,0.1070110701107011,0.07380073800738007,0.08856088560885608,0.0,0.014760147601476014,0.15789473684210525,0.21052631578947367,0.21052631578947367,0.42105263157894735,19,25
"RNCMPT00129,min,UUUCGUC,RBD_v3_132833",13,0,271,38,0.06642066420664207,0.014760147601476014,0.04428044280442804,0.05904059040590406,0.014760147601476014,0.07749077490774908,0.014760147601476014,0.06642066420664207,0.055350553505535055,0.06273062730627306,0.02214022140221402,0.04059040590405904,0.08118081180811808,0.04059040590405904,0.055350553505535055,0.1070110701107011,0.07380073800738007,0.08856088560885608,0.0,0.014760147601476014,0.21052631578947367,0.23684210526315788,0.21052631578947367,0.34210526315789475,20,26
"RNCMPT00131,max,AGAAAUU,RBD_v3_175905",15,1,339,38,0.05309734513274336,0.017699115044247787,0.06489675516224189,0.0855457227138643,0.032448377581120944,0.07669616519174041,0.014749262536873156,0.06784660766961652,0.10029498525073746,0.07079646017699115,0.032448377581120944,0.04424778761061947,0.061946902654867256,0.02654867256637168,0.058997050147492625,0.04424778761061947,0.04424778761061947,0.061946902654867256,0.011799410029498525,0.029498525073746312,0.34210526315789475,0.23684210526315788,0.23684210526315788,0.18421052631578946,1,7
"RNCMPT00131,max,AGAAAUU,RBD_v3_182322",15,1,339,38,0.05309734513274336,0.017699115044247787,0.06489675516224189,0.0855457227138643,0.032448377581120944,0.07669616519174041,0.014749262536873156,0.06784660766961652,0.10029498525073746,0.07079646017699115,0.032448377581120944,0.04424778761061947,0.061946902654867256,0.02654867256637168,0.058997050147492625,0.04424778761061947,0.04424778761061947,0.061946902654867256,0.011799410029498525,0.029498525073746312,0.2631578947368421,0.23684210526315788,0.23684210526315788,0.2631578947368421,1,7
"RNCMPT00131,max,AGAAAUU,RBD_v3_228533",15,1,339,38,0.05309734513274336,0.017699115044247787,0.06489675516224189,0.0855457227138643,0.032448377581120944,0.07669616519174041,0.014749262536873156,0.06784660766961652,0.10029498525073746,0.07079646017699115,0.032448377581120944,0.04424778761061947,0.061946902654867256,0.02654867256637168,0.058997050147492625,0.04424778761061947,0.04424778761061947,0.061946902654867256,0.011799410029498525,0.029498525073746312,0.2894736842105263,0.2894736842105263,0.15789473684210525,0.2631578947368421,1,7
"RNCMPT00131,min,AGUGAGU,RBD_v3_007663",15,0,339,38,0.05309734513274336,0.017699115044247787,0.06489675516224189,0.0855457227138643,0.032448377581120944,0.07669616519174041,0.014749262536873156,0.06784660766961652,0.10029498525073746,0.07079646017699115,0.032448377581120944,0.04424778761061947,0.061946902654867256,0.02654867256637168,0.058997050147492625,0.04424778761061947,0.04424778761061947,0.061946902654867256,0.011799410029498525,0.029498525073746312,0.3157894736842105,0.18421052631578946,0.23684210526315788,0.2631578947368421,8,14
"RNCMPT00131,min,AGUGAGU,RBD_v3_130588",15,0,339,38,0.05309734513274336,0.017699115044247787,0.06489675516224189,0.0855457227138643,0.032448377581120944,0.07669616519174041,0.014749262536873156,0.06784660766961652,0.10029498525073746,0.07079646017699115,0.032448377581120944,0.04424778761061947,0.061946902654867256,0.02654867256637168,0.058997050147492625,0.04424778761061947,0.04424778761061947,0.061946902654867256,0.011799410029498525,0.029498525073746312,0.42105263157894735,0.10526315789473684,0.2894736842105263,0.18421052631578946,27,33
"RNCMPT00131,min,AGUGAGU,RBD_v3_174808",15,0,339,38,0.05309734513274336,0.017699115044247787,0.06489675516224189,0.0855457227138643,0.032448377581120944,0.07669616519174041,0.014749262536873156,0.06784660766961652,0.10029498525073746,0.07079646017699115,0.032448377581120944,0.04424778761061947,0.061946902654867256,0.02654867256637168,0.058997050147492625,0.04424778761061947,0.04424778761061947,0.061946902654867256,0.011799410029498525,0.029498525073746312,0.2894736842105263,0.13157894736842105,0.3157894736842105,0.2631578947368421,15,21
"RNCMPT00132,max,UUUAGUU,RBD_v3_122545",133,1,383,38,0.10704960835509138,0.010443864229765013,0.031331592689295036,0.04177545691906005,0.0391644908616188,0.07049608355091384,0.005221932114882507,0.06005221932114883,0.05483028720626632,0.06788511749347259,0.013054830287206266,0.13577023498694518,0.04177545691906005,0.044386422976501305,0.03655352480417755,0.0835509138381201,0.06788511749347259,0.05483028720626632,0.005221932114882507,0.028720626631853787,0.18421052631578946,0.23684210526315788,0.21052631578947367,0.3684210526315789,5,11
"RNCMPT00132,max,UUUAGUU,RBD_v3_232147",133,1,383,38,0.10704960835509138,0.010443864229765013,0.031331592689295036,0.04177545691906005,0.0391644908616188,0.07049608355091384,0.005221932114882507,0.06005221932114883,0.05483028720626632,0.06788511749347259,0.013054830287206266,0.13577023498694518,0.04177545691906005,0.044386422976501305,0.03655352480417755,0.0835509138381201,0.06788511749347259,0.05483028720626632,0.005221932114882507,0.028720626631853787,0.18421052631578946,0.23684210526315788,0.21052631578947367,0.3684210526315789,5,11
"RNCMPT00132,max,UUUGGUU,RBD_v3_237081",133,1,383,39,0.10704960835509138,0.010443864229765013,0.031331592689295036,0.04177545691906005,0.0391644908616188,0.07049608355091384,0.005221932114882507,0.06005221932114883,0.05483028720626632,0.06788511749347259,0.013054830287206266,0.13577023498694518,0.04177545691906005,0.044386422976501305,0.03655352480417755,0.0835509138381201,0.06788511749347259,0.05483028720626632,0.005221932114882507,0.028720626631853787,0.10256410256410256,0.10256410256410256,0.3333333333333333,0.46153846153846156,5,11
"RNCMPT00132,min,AGAGUCG,RBD_v3_012354",133,0,383,35,0.10704960835509138,0.010443864229765013,0.031331592689295036,0.04177545691906005,0.0391644908616188,0.07049608355091384,0.005221932114882507,0.06005221932114883,0.05483028720626632,0.06788511749347259,0.013054830287206266,0.13577023498694518,0.04177545691906005,0.044386422976501305,0.03655352480417755,0.0835509138381201,0.06788511749347259,0.05483028720626632,0.005221932114882507,0.028720626631853787,0.2571428571428571,0.17142857142857143,0.34285714285714286,0.22857142857142856,1,7
"RNCMPT00132,min,GAGUCGU,RBD_v3_076525",133,0,383,38,0.10704960835509138,0.010443864229765013,0.031331592689295036,0.04177545691906005,0.0391644908616188,0.07049608355091384,0.005221932114882507,0.06005221932114883,0.05483028720626632,0.06788511749347259,0.013054830287206266,0.13577023498694518,0.04177545691906005,0.044386422976501305,0.03655352480417755,0.0835509138381201,0.06788511749347259,0.05483028720626632,0.005221932114882507,0.028720626631853787,0.23684210526315788,0.21052631578947367,0.2631578947368421,0.2894736842105263,19,25
"RNCMPT00132,min,GUGAGUC,RBD_v3_237892",133,0,383,38,0.10704960835509138,0.010443864229765013,0.031331592689295036,0.04177545691906005,0.0391644908616188,0.07049608355091384,0.005221932114882507,0.06005221932114883,0.05483028720626632,0.06788511749347259,0.013054830287206266,0.13577023498694518,0.04177545691906005,0.044386422976501305,0.03655352480417755,0.0835509138381201,0.06788511749347259,0.05483028720626632,0.005221932114882507,0.028720626631853787,0.23684210526315788,0.15789473684210525,0.42105263157894735,0.18421052631578946,12,18
"RNCMPT00133,max,AGAGCAC,RBD_v3_138176",25,1,183,38,0.09836065573770492,0.0,0.03278688524590164,0.0546448087431694,0.04371584699453552,0.07103825136612021,0.03278688524590164,0.01092896174863388,0.04918032786885246,0.09836065573770492,0.03278688524590164,0.07103825136612021,0.08196721311475409,0.03278688524590164,0.03278688524590164,0.11475409836065574,0.06557377049180328,0.04918032786885246,0.00546448087431694,0.02185792349726776,0.3157894736842105,0.23684210526315788,0.21052631578947367,0.23684210526315788,1,7
"RNCMPT00133,max,AUGCACA,RBD_v3_019229",25,1,183,35,0.09836065573770492,0.0,0.03278688524590164,0.0546448087431694,0.04371584699453552,0.07103825136612021,0.03278688524590164,0.01092896174863388,0.04918032786885246,0.09836065573770492,0.03278688524590164,0.07103825136612021,0.08196721311475409,0.03278688524590164,0.03278688524590164,0.11475409836065574,0.06557377049180328,0.04918032786885246,0.00546448087431694,0.02185792349726776,0.34285714285714286,0.2857142857142857,0.14285714285714285,0.22857142857142856,25,31
"RNCMPT00133,max,AUUGCAC,RBD_v3_123690",25,1,183,38,0.09836065573770492,0.0,0.03278688524590164,0.0546448087431694,0.04371584699453552,0.07103825136612021,0.03278688524590164,0.01092896174863388,0.04918032786885246,0.09836065573770492,0.03278688524590164,0.07103825136612021,0.08196721311475409,0.03278688524590164,0.03278688524590164,0.11475409836065574,0.06557377049180328,0.04918032786885246,0.00546448087431694,0.02185792349726776,0.23684210526315788,0.2631578947368421,0.2631578947368421,0.23684210526315788,3,9
"RNCMPT00133,min,GAGUCGU,RBD_v3_100507",25,0,183,38,0.09836065573770492,0.0,0.03278688524590164,0.0546448087431694,0.04371584699453552,0.07103825136612021,0.03278688524590164,0.01092896174863388,0.04918032786885246,0.09836065573770492,0.03278688524590164,0.07103825136612021,0.08196721311475409,0.03278688524590164,0.03278688524590164,0.11475409836065574,0.06557377049180328,0.04918032786885246,0.00546448087431694,0.02185792349726776,0.23684210526315788,0.2631578947368421,0.2894736842105263,0.21052631578947367,2,8
"RNCMPT00133,min,GAGUCGU,RBD_v3_111585",25,0,183,38,0.09836065573770492,0.0,0.03278688524590164,0.0546448087431694,0.04371584699453552,0.07103825136612021,0.03278688524590164,0.01092896174863388,0.04918032786885246,0.09836065573770492,0.03278688524590164,0.07103825136612021,0.08196721311475409,0.03278688524590164,0.03278688524590164,0.11475409836065574,0.06557377049180328,0.04918032786885246,0.00546448087431694,0.02185792349726776,0.34210526315789475,0.10526315789473684,0.3684210526315789,0.18421052631578946,18,24
"RNCMPT00133,min,GUGAGUC,RBD_v3_237140",25,0,183,30,0.09836065573770492,0.0,0.03278688524590164,0.0546448087431694,0.04371584699453552,0.07103825136612021,0.03278688524590164,0.01092896174863388,0.04918032786885246,0.09836065573770492,0.03278688524590164,0.07103825136612021,0.08196721311475409,0.03278688524590164,0.03278688524590164,0.11475409836065574,0.06557377049180328,0.04918032786885246,0.00546448087431694,0.02185792349726776,0.26666666666666666,0.16666666666666666,0.3333333333333333,0.23333333333333334,6,12
"RNCMPT00134,max,GGAGGGA,RBD_v3_037950",8,1,241,41,0.03734439834024896,0.0,0.06639004149377593,0.07053941908713693,0.02074688796680498,0.13278008298755187,0.012448132780082987,0.02074688796680498,0.04564315352697095,0.058091286307053944,0.012448132780082987,0.03734439834024896,0.016597510373443983,0.012448132780082987,0.1825726141078838,0.12863070539419086,0.024896265560165973,0.06224066390041494,0.004149377593360996,0.05394190871369295,0.2926829268292683,0.1951219512195122,0.3902439024390244,0.12195121951219512,26,32
"RNCMPT00134,max,GGAGGGA,RBD_v3_098883",8,1,241,30,0.03734439834024896,0.0,0.06639004149377593,0.07053941908713693,0.02074688796680498,0.13278008298755187,0.012448132780082987,0.02074688796680498,0.04564315352697095,0.058091286307053944,0.012448132780082987,0.03734439834024896,0.016597510373443983,0.012448132780082987,0.1825726141078838,0.12863070539419086,0.024896265560165973,0.06224066390041494,0.004149377593360996,0.05394190871369295,0.36666666666666664,0.1,0.4666666666666667,0.06666666666666667,22,28
"RNCMPT00134,max,GGAGGGA,RBD_v3_118539",8,1,241,38,0.03734439834024896,0.0,0.06639004149377593,0.07053941908713693,0.02074688796680498,0.13278008298755187,0.012448132780082987,0.02074688796680498,0.04564315352697095,0.058091286307053944,0.012448132780082987,0.03734439834024896,0.016597510373443983,0.012448132780082987,0.1825726141078838,0.12863070539419086,0.024896265560165973,0.06224066390041494,0.004149377593360996,0.05394190871369295,0.23684210526315788,0.15789473684210525,0.42105263157894735,0.18421052631578946,15,21
"RNCMPT00134,min,CCUGUUC,RBD_v3_037257",8,0,241,30,0.03734439834024896,0.0,0.06639004149377593,0.07053941908713693,0.02074688796680498,0.13278008298755187,0.012448132780082987,0.02074688796680498,0.04564315352697095,0.058091286307053944,0.012448132780082987,0.03734439834024896,0.016597510373443983,0.012448132780082987,0.1825726141078838,0.12863070539419086,0.024896265560165973,0.06224066390041494,0.004149377593360996,0.05394190871369295,0.1,0.4,0.26666666666666666,0.23333333333333334,7,13
"RNCMPT00134,min,CUCGUCU,RBD_v3_063190",8,0,241,38,0.03734439834024896,0.0,0.06639004149377593,0.07053941908713693,0.02074688796680498,0.13278008298755187,0.012448132780082987,0.02074688796680498,0.04564315352697095,0.058091286307053944,0.012448132780082987,0.03734439834024896,0.016597510373443983,0.012448132780082987,0.1825726141078838,0.12863070539419086,0.024896265560165973,0.06224066390041494,0.004149377593360996,0.05394190871369295,0.2631578947368421,0.2894736842105263,0.15789473684210525,0.2894736842105263,30,36
"RNCMPT00134,min,UCGUCCU,RBD_v3_160743",8,0,241,38,0.03734439834024896,0.0,0.06639004149377593,0.07053941908713693,0.02074688796680498,0.13278008298755187,0.012448132780082987,0.02074688796680498,0.04564315352697095,0.058091286307053944,0.012448132780082987,0.03734439834024896,0.016597510373443983,0.012448132780082987,0.1825726141078838,0.12863070539419086,0.024896265560165973,0.06224066390041494,0.004149377593360996,0.05394190871369295,0.23684210526315788,0.2894736842105263,0.15789473684210525,0.3157894736842105,12,18
"RNCMPT00136,max,UUAGUUU,RBD_v3_123820",57,1,325,38,0.07076923076923076,0.009230769230769232,0.04923076923076923,0.046153846153846156,0.055384615384615386,0.08923076923076922,0.024615384615384615,0.05846153846153846,0.052307692307692305,0.06769230769230769,0.03076923076923077,0.07076923076923076,0.036923076923076927,0.036923076923076927,0.06153846153846154,0.08615384615384615,0.04923076923076923,0.06769230769230769,0.006153846153846154,0.03076923076923077,0.18421052631578946,0.18421052631578946,0.2894736842105263,0.34210526315789475,12,18
"RNCMPT00136,max,UUAGUUU,RBD_v3_232147",57,1,325,38,0.07076923076923076,0.009230769230769232,0.04923076923076923,0.046153846153846156,0.055384615384615386,0.08923076923076922,0.024615384615384615,0.05846153846153846,0.052307692307692305,0.06769230769230769,0.03076923076923077,0.07076923076923076,0.036923076923076927,0.036923076923076927,0.06153846153846154,0.08615384615384615,0.04923076923076923,0.06769230769230769,0.006153846153846154,0.03076923076923077,0.18421052631578946,0.23684210526315788,0.21052631578947367,0.3684210526315789,6,12
"RNCMPT00136,max,UUAGUUU,RBD_v3_236589",57,1,325,38,0.07076923076923076,0.009230769230769232,0.04923076923076923,0.046153846153846156,0.055384615384615386,0.08923076923076922,0.024615384615384615,0.05846153846153846,0.052307692307692305,0.06769230769230769,0.03076923076923077,0.07076923076923076,0.036923076923076927,0.036923076923076927,0.06153846153846154,0.08615384615384615,0.04923076923076923,0.06769230769230769,0.006153846153846154,0.03076923076923077,0.18421052631578946,0.18421052631578946,0.2894736842105263,0.34210526315789475,12,18
"RNCMPT00136,min,AGAGUCG,RBD_v3_100507",57,0,325,38,0.07076923076923076,0.009230769230769232,0.04923076923076923,0.046153846153846156,0.055384615384615386,0.08923076923076922,0.024615384615384615,0.05846153846153846,0.052307692307692305,0.06769230769230769,0.03076923076923077,0.07076923076923076,0.036923076923076927,0.036923076923076927,0.06153846153846154,0.08615384615384615,0.04923076923076923,0.06769230769230769,0.006153846153846154,0.03076923076923077,0.23684210526315788,0.2631578947368421,0.2894736842105263,0.21052631578947367,1,7
"RNCMPT00136,min,AGAGUCG,RBD_v3_160610",57,0,325,38,0.07076923076923076,0.009230769230769232,0.04923076923076923,0.046153846153846156,0.055384615384615386,0.08923076923076922,0.024615384615384615,0.05846153846153846,0.052307692307692305,0.06769230769230769,0.03076923076923077,0.07076923076923076,0.036923076923076927,0.036923076923076927,0.06153846153846154,0.08615384615384615,0.04923076923076923,0.06769230769230769,0.006153846153846154,0.03076923076923077,0.15789473684210525,0.3684210526315789,0.2894736842105263,0.18421052631578946,1,7
"RNCMPT00136,min,GAGUCGU,RBD_v3_153659",57,0,325,38,0.07076923076923076,0.009230769230769232,0.04923076923076923,0.046153846153846156,0.055384615384615386,0.08923076923076922,0.024615384615384615,0.05846153846153846,0.052307692307692305,0.06769230769230769,0.03076923076923077,0.07076923076923076,0.036923076923076927,0.036923076923076927,0.06153846153846154,0.08615384615384615,0.04923076923076923,0.06769230769230769,0.006153846153846154,0.03076923076923077,0.2631578947368421,0.10526315789473684,0.5,0.13157894736842105,24,30
"RNCMPT00137,max,AACCCUU,RBD_v3_153195",78,1,96,35,0.08333333333333333,0.020833333333333332,0.03125,0.0625,0.0,0.10416666666666667,0.010416666666666666,0.13541666666666666,0.020833333333333332,0.052083333333333336,0.041666666666666664,0.07291666666666667,0.041666666666666664,0.07291666666666667,0.07291666666666667,0.07291666666666667,0.07291666666666667,0.020833333333333332,0.0,0.010416666666666666,0.2857142857142857,0.37142857142857144,0.17142857142857143,0.17142857142857143,12,18
"RNCMPT00137,max,ACCCGGA,RBD_v3_090882",78,1,96,38,0.08333333333333333,0.020833333333333332,0.03125,0.0625,0.0,0.10416666666666667,0.010416666666666666,0.13541666666666666,0.020833333333333332,0.052083333333333336,0.041666666666666664,0.07291666666666667,0.041666666666666664,0.07291666666666667,0.07291666666666667,0.07291666666666667,0.07291666666666667,0.020833333333333332,0.0,0.010416666666666666,0.18421052631578946,0.3684210526315789,0.21052631578947367,0.23684210526315788,4,10
"RNCMPT00137,max,ACCCGGA,RBD_v3_165047",78,1,96,38,0.08333333333333333,0.020833333333333332,0.03125,0.0625,0.0,0.10416666666666667,0.010416666666666666,0.13541666666666666,0.020833333333333332,0.052083333333333336,0.041666666666666664,0.07291666666666667,0.041666666666666664,0.07291666666666667,0.07291666666666667,0.07291666666666667,0.07291666666666667,0.020833333333333332,0.0,0.010416666666666666,0.18421052631578946,0.42105263157894735,0.21052631578947367,0.18421052631578946,4,10
"RNCMPT00137,min,AGAGUCG,RBD_v3_177367",78,0,96,38,0.08333333333333333,0.020833333333333332,0.03125,0.0625,0.0,0.10416666666666667,0.010416666666666666,0.13541666666666666,0.020833333333333332,0.052083333333333336,0.041666666666666664,0.07291666666666667,0.041666666666666664,0.07291666666666667,0.07291666666666667,0.07291666666666667,0.07291666666666667,0.020833333333333332,0.0,0.010416666666666666,0.2894736842105263,0.18421052631578946,0.3157894736842105,0.21052631578947367,8,14
"RNCMPT00137,min,AGGUUUU,RBD_v3_233073",78,0,96,30,0.08333333333333333,0.020833333333333332,0.03125,0.0625,0.0,0.10416666666666667,0.010416666666666666,0.13541666666666666,0.020833333333333332,0.052083333333333336,0.041666666666666664,0.07291666666666667,0.041666666666666664,0.07291666666666667,0.07291666666666667,0.07291666666666667,0.07291666666666667,0.020833333333333332,0.0,0.010416666666666666,0.16666666666666666,0.16666666666666666,0.26666666666666666,0.4,21,27
"RNCMPT00137,min,GGGUUUU,RBD_v3_026137",78,0,96,30,0.08333333333333333,0.020833333333333332,0.03125,0.0625,0.0,0.10416666666666667,0.010416666666666666,0.13541666666666666,0.020833333333333332,0.052083333333333336,0.041666666666666664,0.07291666666666667,0.041666666666666664,0.07291666666666667,0.07291666666666667,0.07291666666666667,0.07291666666666667,0.020833333333333332,0.0,0.010416666666666666,0.2,0.16666666666666666,0.3333333333333333,0.3,7,13
"RNCMPT00138,max,AGAUUGA,RBD_v3_077102",135,1,175,35,0.02857142857142857,0.011428571428571429,0.05142857142857143,0.045714285714285714,0.04,0.10285714285714286,0.011428571428571429,0.03428571428571429,0.04,0.08,0.022857142857142857,0.16,0.08,0.06285714285714286,0.08,0.07428571428571429,0.017142857142857144,0.03428571428571429,0.0,0.022857142857142857,0.34285714285714286,0.11428571428571428,0.2857142857142857,0.2571428571428571,1,7
"RNCMPT00138,max,AGAUUGA,RBD_v3_084186",135,1,175,38,0.02857142857142857,0.011428571428571429,0.05142857142857143,0.045714285714285714,0.04,0.10285714285714286,0.011428571428571429,0.03428571428571429,0.04,0.08,0.022857142857142857,0.16,0.08,0.06285714285714286,0.08,0.07428571428571429,0.017142857142857144,0.03428571428571429,0.0,0.022857142857142857,0.3684210526315789,0.15789473684210525,0.21052631578947367,0.2631578947368421,1,7
"RNCMPT00138,max,AGAUUGA,RBD_v3_160573",135,1,175,35,0.02857142857142857,0.011428571428571429,0.05142857142857143,0.045714285714285714,0.04,0.10285714285714286,0.011428571428571429,0.03428571428571429,0.04,0.08,0.022857142857142857,0.16,0.08,0.06285714285714286,0.08,0.07428571428571429,0.017142857142857144,0.03428571428571429,0.0,0.022857142857142857,0.2857142857142857,0.17142857142857143,0.2857142857142857,0.2571428571428571,1,7
"RNCMPT00138,min,GUCGUCU,RBD_v3_005046",135,0,175,38,0.02857142857142857,0.011428571428571429,0.05142857142857143,0.045714285714285714,0.04,0.10285714285714286,0.011428571428571429,0.03428571428571429,0.04,0.08,0.022857142857142857,0.16,0.08,0.06285714285714286,0.08,0.07428571428571429,0.017142857142857144,0.03428571428571429,0.0,0.022857142857142857,0.2894736842105263,0.15789473684210525,0.21052631578947367,0.34210526315789475,11,17
"RNCMPT00138,min,GUCGUCU,RBD_v3_039021",135,0,175,38,0.02857142857142857,0.011428571428571429,0.05142857142857143,0.045714285714285714,0.04,0.10285714285714286,0.011428571428571429,0.03428571428571429,0.04,0.08,0.022857142857142857,0.16,0.08,0.06285714285714286,0.08,0.07428571428571429,0.017142857142857144,0.03428571428571429,0.0,0.022857142857142857,0.18421052631578946,0.21052631578947367,0.23684210526315788,0.3684210526315789,9,15
"RNCMPT00138,min,UCGUCGU,RBD_v3_110911",135,0,175,38,0.02857142857142857,0.011428571428571429,0.05142857142857143,0.045714285714285714,0.04,0.10285714285714286,0.011428571428571429,0.03428571428571429,0.04,0.08,0.022857142857142857,0.16,0.08,0.06285714285714286,0.08,0.07428571428571429,0.017142857142857144,0.03428571428571429,0.0,0.022857142857142857,0.21052631578947367,0.2894736842105263,0.2631578947368421,0.23684210526315788,24,30
"RNCMPT00139,max,AGAAAAA,RBD_v3_237834",87,1,408,30,0.08333333333333333,0.00980392156862745,0.058823529411764705,0.07352941176470588,0.06372549019607843,0.07598039215686274,0.00980392156862745,0.03676470588235294,0.09068627450980392,0.06862745098039216,0.02696078431372549,0.05392156862745098,0.029411764705882353,0.03676470588235294,0.061274509803921566,0.06372549019607843,0.04411764705882353,0.07352941176470588,0.0024509803921568627,0.03676470588235294,0.5666666666666667,0.16666666666666666,0.23333333333333334,0.03333333333333333,24,30
"RNCMPT00139,max,AGAAAAU,RBD_v3_145115",87,1,408,38,0.08333333333333333,0.00980392156862745,0.058823529411764705,0.07352941176470588,0.06372549019607843,0.07598039215686274,0.00980392156862745,0.03676470588235294,0.09068627450980392,0.06862745098039216,0.02696078431372549,0.05392156862745098,0.029411764705882353,0.03676470588235294,0.061274509803921566,0.06372549019607843,0.04411764705882353,0.07352941176470588,0.0024509803921568627,0.03676470588235294,0.34210526315789475,0.2631578947368421,0.23684210526315788,0.15789473684210525,1,7
"RNCMPT00139,max,AGAAAAU,RBD_v3_219059",87,1,408,30,0.08333333333333333,0.00980392156862745,0.058823529411764705,0.07352941176470588,0.06372549019607843,0.07598039215686274,0.00980392156862745,0.03676470588235294,0.09068627450980392,0.06862745098039216,0.02696078431372549,0.05392156862745098,0.029411764705882353,0.03676470588235294,0.061274509803921566,0.06372549019607843,0.04411764705882353,0.07352941176470588,0.0024509803921568627,0.03676470588235294,0.4666666666666667,0.16666666666666666,0.26666666666666666,0.1,1,7
"RNCMPT00139,min,UUUUCCC,RBD_v3_010961",87,0,408,38,0.08333333333333333,0.00980392156862745,0.058823529411764705,0.07352941176470588,0.06372549019607843,0.07598039215686274,0.00980392156862745,0.03676470588235294,0.09068627450980392,0.06862745098039216,0.02696078431372549,0.05392156862745098,0.029411764705882353,0.03676470588235294,0.061274509803921566,0.06372549019607843,0.04411764705882353,0.07352941176470588,0.0024509803921568627,0.03676470588235294,0.15789473684210525,0.3157894736842105,0.21052631578947367,0.3157894736842105,18,24
"RNCMPT00139,min,UUUUCCC,RBD_v3_052903",87,0,408,35,0.08333333333333333,0.00980392156862745,0.058823529411764705,0.07352941176470588,0.06372549019607843,0.07598039215686274,0.00980392156862745,0.03676470588235294,0.09068627450980392,0.06862745098039216,0.02696078431372549,0.05392156862745098,0.029411764705882353,0.03676470588235294,0.061274509803921566,0.06372549019607843,0.04411764705882353,0.07352941176470588,0.0024509803921568627,0.03676470588235294,0.22857142857142856,0.2857142857142857,0.17142857142857143,0.3142857142857143,16,22
"RNCMPT00139,min,UUUUUUU,RBD_v3_032650",87,0,408,38,0.08333333333333333,0.00980392156862745,0.058823529411764705,0.07352941176470588,0.06372549019607843,0.07598039215686274,0.00980392156862745,0.03676470588235294,0.09068627450980392,0.06862745098039216,0.02696078431372549,0.05392156862745098,0.029411764705882353,0.03676470588235294,0.061274509803921566,0.06372549019607843,0.04411764705882353,0.07352941176470588,0.0024509803921568627,0.03676470588235294,0.23684210526315788,0.18421052631578946,0.2631578947368421,0.3157894736842105,17,23
"RNCMPT00140,max,AUGGAAA,RBD_v3_188013",75,1,407,35,0.07616707616707617,0.004914004914004914,0.05405405405405406,0.07862407862407862,0.05896805896805897,0.04914004914004914,0.012285012285012284,0.051597051597051594,0.10810810810810811,0.09090909090909091,0.004914004914004914,0.06142506142506143,0.044226044226044224,0.02702702702702703,0.051597051597051594,0.07862407862407862,0.056511056511056514,0.08353808353808354,0.002457002457002457,0.004914004914004914,0.34285714285714286,0.08571428571428572,0.3142857142857143,0.2571428571428571,3,9
"RNCMPT00140,max,GUGGAAA,RBD_v3_034406",75,1,407,35,0.07616707616707617,0.004914004914004914,0.05405405405405406,0.07862407862407862,0.05896805896805897,0.04914004914004914,0.012285012285012284,0.051597051597051594,0.10810810810810811,0.09090909090909091,0.004914004914004914,0.06142506142506143,0.044226044226044224,0.02702702702702703,0.051597051597051594,0.07862407862407862,0.056511056511056514,0.08353808353808354,0.002457002457002457,0.004914004914004914,0.37142857142857144,0.11428571428571428,0.2857142857142857,0.22857142857142856,5,11
"RNCMPT00140,max,UGGAAAA,RBD_v3_105190",75,1,407,35,0.07616707616707617,0.004914004914004914,0.05405405405405406,0.07862407862407862,0.05896805896805897,0.04914004914004914,0.012285012285012284,0.051597051597051594,0.10810810810810811,0.09090909090909091,0.004914004914004914,0.06142506142506143,0.044226044226044224,0.02702702702702703,0.051597051597051594,0.07862407862407862,0.056511056511056514,0.08353808353808354,0.002457002457002457,0.004914004914004914,0.34285714285714286,0.14285714285714285,0.34285714285714286,0.17142857142857143,26,32
"RNCMPT00140,min,AGGGGGG,RBD_v3_106185",75,0,407,39,0.07616707616707617,0.004914004914004914,0.05405405405405406,0.07862407862407862,0.05896805896805897,0.04914004914004914,0.012285012285012284,0.051597051597051594,0.10810810810810811,0.09090909090909091,0.004914004914004914,0.06142506142506143,0.044226044226044224,0.02702702702702703,0.051597051597051594,0.07862407862407862,0.056511056511056514,0.08353808353808354,0.002457002457002457,0.004914004914004914,0.07692307692307693,0.15384615384615385,0.3333333333333333,0.4358974358974359,1,7
"RNCMPT00140,min,GGGGGCC,RBD_v3_081252",75,0,407,38,0.07616707616707617,0.004914004914004914,0.05405405405405406,0.07862407862407862,0.05896805896805897,0.04914004914004914,0.012285012285012284,0.051597051597051594,0.10810810810810811,0.09090909090909091,0.004914004914004914,0.06142506142506143,0.044226044226044224,0.02702702702702703,0.051597051597051594,0.07862407862407862,0.056511056511056514,0.08353808353808354,0.002457002457002457,0.004914004914004914,0.3157894736842105,0.13157894736842105,0.39473684210526316,0.15789473684210525,2,8
"RNCMPT00140,min,GGGGGCC,RBD_v3_143408",75,0,407,30,0.07616707616707617,0.004914004914004914,0.05405405405405406,0.07862407862407862,0.05896805896805897,0.04914004914004914,0.012285012285012284,0.051597051597051594,0.10810810810810811,0.09090909090909091,0.004914004914004914,0.06142506142506143,0.044226044226044224,0.02702702702702703,0.051597051597051594,0.07862407862407862,0.056511056511056514,0.08353808353808354,0.002457002457002457,0.004914004914004914,0.1,0.26666666666666666,0.36666666666666664,0.26666666666666666,8,14
"RNCMPT00141,max,GAUAUGA,RBD_v3_229806",105,1,556,38,0.14388489208633093,0.007194244604316547,0.03776978417266187,0.06654676258992806,0.03237410071942446,0.07014388489208633,0.014388489208633094,0.052158273381294966,0.050359712230215826,0.08633093525179857,0.03597122302158273,0.0341726618705036,0.05755395683453238,0.07553956834532374,0.0341726618705036,0.0539568345323741,0.052158273381294966,0.07913669064748201,0.0017985611510791368,0.014388489208633094,0.3157894736842105,0.05263157894736842,0.3157894736842105,0.3157894736842105,3,9
"RNCMPT00141,max,UAUGAGG,RBD_v3_084584",105,1,556,35,0.14388489208633093,0.007194244604316547,0.03776978417266187,0.06654676258992806,0.03237410071942446,0.07014388489208633,0.014388489208633094,0.052158273381294966,0.050359712230215826,0.08633093525179857,0.03597122302158273,0.0341726618705036,0.05755395683453238,0.07553956834532374,0.0341726618705036,0.0539568345323741,0.052158273381294966,0.07913669064748201,0.0017985611510791368,0.014388489208633094,0.34285714285714286,0.17142857142857143,0.2571428571428571,0.22857142857142856,26,32
"RNCMPT00141,max,UAUGAGG,RBD_v3_204950",105,1,556,35,0.14388489208633093,0.007194244604316547,0.03776978417266187,0.06654676258992806,0.03237410071942446,0.07014388489208633,0.014388489208633094,0.052158273381294966,0.050359712230215826,0.08633093525179857,0.03597122302158273,0.0341726618705036,0.05755395683453238,0.07553956834532374,0.0341726618705036,0.0539568345323741,0.052158273381294966,0.07913669064748201,0.0017985611510791368,0.014388489208633094,0.34285714285714286,0.08571428571428572,0.3142857142857143,0.2571428571428571,5,11
"RNCMPT00141,min,AGGGGGC,RBD_v3_130968",105,0,556,38,0.14388489208633093,0.007194244604316547,0.03776978417266187,0.06654676258992806,0.03237410071942446,0.07014388489208633,0.014388489208633094,0.052158273381294966,0.050359712230215826,0.08633093525179857,0.03597122302158273,0.0341726618705036,0.05755395683453238,0.07553956834532374,0.0341726618705036,0.0539568345323741,0.052158273381294966,0.07913669064748201,0.0017985611510791368,0.014388489208633094,0.3157894736842105,0.13157894736842105,0.3684210526315789,0.18421052631578946,1,7
"RNCMPT00141,min,AGGGGGC,RBD_v3_226335",105,0,556,38,0.14388489208633093,0.007194244604316547,0.03776978417266187,0.06654676258992806,0.03237410071942446,0.07014388489208633,0.014388489208633094,0.052158273381294966,0.050359712230215826,0.08633093525179857,0.03597122302158273,0.0341726618705036,0.05755395683453238,0.07553956834532374,0.0341726618705036,0.0539568345323741,0.052158273381294966,0.07913669064748201,0.0017985611510791368,0.014388489208633094,0.2631578947368421,0.21052631578947367,0.23684210526315788,0.2894736842105263,1,7
"RNCMPT00141,min,GGGGGCC,RBD_v3_152881",105,0,556,30,0.14388489208633093,0.007194244604316547,0.03776978417266187,0.06654676258992806,0.03237410071942446,0.07014388489208633,0.014388489208633094,0.052158273381294966,0.050359712230215826,0.08633093525179857,0.03597122302158273,0.0341726618705036,0.05755395683453238,0.07553956834532374,0.0341726618705036,0.0539568345323741,0.052158273381294966,0.07913669064748201,0.0017985611510791368,0.014388489208633094,0.16666666666666666,0.26666666666666666,0.4,0.16666666666666666,6,12
"RNCMPT00142,max,AUAAUCA,RBD_v3_092273",113,1,168,38,0.047619047619047616,0.005952380952380952,0.047619047619047616,0.09523809523809523,0.023809523809523808,0.05357142857142857,0.041666666666666664,0.07738095238095238,0.10119047619047619,0.07738095238095238,0.041666666666666664,0.03571428571428571,0.05952380952380952,0.023809523809523808,0.07738095238095238,0.05952380952380952,0.023809523809523808,0.05952380952380952,0.0,0.047619047619047616,0.3684210526315789,0.15789473684210525,0.21052631578947367,0.2631578947368421,5,11
"RNCMPT00142,max,AUAAUUA,RBD_v3_134623",113,1,168,38,0.047619047619047616,0.005952380952380952,0.047619047619047616,0.09523809523809523,0.023809523809523808,0.05357142857142857,0.041666666666666664,0.07738095238095238,0.10119047619047619,0.07738095238095238,0.041666666666666664,0.03571428571428571,0.05952380952380952,0.023809523809523808,0.07738095238095238,0.05952380952380952,0.023809523809523808,0.05952380952380952,0.0,0.047619047619047616,0.42105263157894735,0.13157894736842105,0.18421052631578946,0.2631578947368421,21,27
"RNCMPT00142,max,AUAAUUA,RBD_v3_238138",113,1,168,38,0.047619047619047616,0.005952380952380952,0.047619047619047616,0.09523809523809523,0.023809523809523808,0.05357142857142857,0.041666666666666664,0.07738095238095238,0.10119047619047619,0.07738095238095238,0.041666666666666664,0.03571428571428571,0.05952380952380952,0.023809523809523808,0.07738095238095238,0.05952380952380952,0.023809523809523808,0.05952380952380952,0.0,0.047619047619047616,0.42105263157894735,0.13157894736842105,0.18421052631578946,0.2631578947368421,21,27
"RNCMPT00142,min,AGGGGGG,RBD_v3_106185",113,0,168,39,0.047619047619047616,0.005952380952380952,0.047619047619047616,0.09523809523809523,0.023809523809523808,0.05357142857142857,0.041666666666666664,0.07738095238095238,0.10119047619047619,0.07738095238095238,0.041666666666666664,0.03571428571428571,0.05952380952380952,0.023809523809523808,0.07738095238095238,0.05952380952380952,0.023809523809523808,0.05952380952380952,0.0,0.047619047619047616,0.07692307692307693,0.15384615384615385,0.3333333333333333,0.4358974358974359,1,7
"RNCMPT00142,min,AGGGGGG,RBD_v3_120672",113,0,168,35,0.047619047619047616,0.005952380952380952,0.047619047619047616,0.09523809523809523,0.023809523809523808,0.05357142857142857,0.041666666666666664,0.07738095238095238,0.10119047619047619,0.07738095238095238,0.041666666666666664,0.03571428571428571,0.05952380952380952,0.023809523809523808,0.07738095238095238,0.05952380952380952,0.023809523809523808,0.05952380952380952,0.0,0.047619047619047616,0.2571428571428571,0.11428571428571428,0.4,0.22857142857142856,6,12
"RNCMPT00142,min,GGGGGCA,RBD_v3_000612",113,0,168,35,0.047619047619047616,0.005952380952380952,0.047619047619047616,0.09523809523809523,0.023809523809523808,0.05357142857142857,0.041666666666666664,0.07738095238095238,0.10119047619047619,0.07738095238095238,0.041666666666666664,0.03571428571428571,0.05952380952380952,0.023809523809523808,0.07738095238095238,0.05952380952380952,0.023809523809523808,0.05952380952380952,0.0,0.047619047619047616,0.34285714285714286,0.11428571428571428,0.3142857142857143,0.22857142857142856,12,18
"RNCMPT00143,max,AUCAAGA,RBD_v3_216383",154,1,171,38,0.05847953216374269,0.0,0.05847953216374269,0.12280701754385964,0.029239766081871343,0.07602339181286549,0.029239766081871343,0.05847953216374269,0.08771929824561403,0.07017543859649122,0.005847953216374269,0.029239766081871343,0.04093567251461988,0.017543859649122806,0.14035087719298245,0.029239766081871343,0.04678362573099415,0.04678362573099415,0.011695906432748537,0.04093567251461988,0.3157894736842105,0.2894736842105263,0.18421052631578946,0.21052631578947367,3,9
"RNCMPT00143,max,AUCAAGA,RBD_v3_222524",154,1,171,38,0.05847953216374269,0.0,0.05847953216374269,0.12280701754385964,0.029239766081871343,0.07602339181286549,0.029239766081871343,0.05847953216374269,0.08771929824561403,0.07017543859649122,0.005847953216374269,0.029239766081871343,0.04093567251461988,0.017543859649122806,0.14035087719298245,0.029239766081871343,0.04678362573099415,0.04678362573099415,0.011695906432748537,0.04093567251461988,0.3684210526315789,0.2631578947368421,0.15789473684210525,0.21052631578947367,25,31
"RNCMPT00143,max,GAUCAAG,RBD_v3_083150",154,1,171,38,0.05847953216374269,0.0,0.05847953216374269,0.12280701754385964,0.029239766081871343,0.07602339181286549,0.029239766081871343,0.05847953216374269,0.08771929824561403,0.07017543859649122,0.005847953216374269,0.029239766081871343,0.04093567251461988,0.017543859649122806,0.14035087719298245,0.029239766081871343,0.04678362573099415,0.04678362573099415,0.011695906432748537,0.04093567251461988,0.3684210526315789,0.2894736842105263,0.13157894736842105,0.21052631578947367,2,8
"RNCMPT00143,min,AGAGUCG,RBD_v3_165415",154,0,171,39,0.05847953216374269,0.0,0.05847953216374269,0.12280701754385964,0.029239766081871343,0.07602339181286549,0.029239766081871343,0.05847953216374269,0.08771929824561403,0.07017543859649122,0.005847953216374269,0.029239766081871343,0.04093567251461988,0.017543859649122806,0.14035087719298245,0.029239766081871343,0.04678362573099415,0.04678362573099415,0.011695906432748537,0.04093567251461988,0.10256410256410256,0.1282051282051282,0.48717948717948717,0.28205128205128205,1,7
"RNCMPT00143,min,GUGGUUU,RBD_v3_104491",154,0,171,30,0.05847953216374269,0.0,0.05847953216374269,0.12280701754385964,0.029239766081871343,0.07602339181286549,0.029239766081871343,0.05847953216374269,0.08771929824561403,0.07017543859649122,0.005847953216374269,0.029239766081871343,0.04093567251461988,0.017543859649122806,0.14035087719298245,0.029239766081871343,0.04678362573099415,0.04678362573099415,0.011695906432748537,0.04093567251461988,0.13333333333333333,0.13333333333333333,0.2,0.5333333333333333,10,16
"RNCMPT00143,min,GUGGUUU,RBD_v3_120086",154,0,171,30,0.05847953216374269,0.0,0.05847953216374269,0.12280701754385964,0.029239766081871343,0.07602339181286549,0.029239766081871343,0.05847953216374269,0.08771929824561403,0.07017543859649122,0.005847953216374269,0.029239766081871343,0.04093567251461988,0.017543859649122806,0.14035087719298245,0.029239766081871343,0.04678362573099415,0.04678362573099415,0.011695906432748537,0.04093567251461988,0.2,0.13333333333333333,0.3333333333333333,0.3333333333333333,19,25
"RNCMPT00144,max,AUGCGGA,RBD_v3_065826",21,1,118,35,0.07627118644067797,0.025423728813559324,0.03389830508474576,0.059322033898305086,0.0423728813559322,0.13559322033898305,0.01694915254237288,0.025423728813559324,0.05084745762711865,0.0423728813559322,0.025423728813559324,0.07627118644067797,0.07627118644067797,0.03389830508474576,0.0847457627118644,0.05084745762711865,0.05084745762711865,0.07627118644067797,0.0,0.01694915254237288,0.2857142857142857,0.3142857142857143,0.2857142857142857,0.11428571428571428,21,27
"RNCMPT00144,max,AUGCGGA,RBD_v3_209743",21,1,118,38,0.07627118644067797,0.025423728813559324,0.03389830508474576,0.059322033898305086,0.0423728813559322,0.13559322033898305,0.01694915254237288,0.025423728813559324,0.05084745762711865,0.0423728813559322,0.025423728813559324,0.07627118644067797,0.07627118644067797,0.03389830508474576,0.0847457627118644,0.05084745762711865,0.05084745762711865,0.07627118644067797,0.0,0.01694915254237288,0.34210526315789475,0.3157894736842105,0.21052631578947367,0.13157894736842105,11,17
"RNCMPT00144,max,UUGCGGA,RBD_v3_098489",21,1,118,38,0.07627118644067797,0.025423728813559324,0.03389830508474576,0.059322033898305086,0.0423728813559322,0.13559322033898305,0.01694915254237288,0.025423728813559324,0.05084745762711865,0.0423728813559322,0.025423728813559324,0.07627118644067797,0.07627118644067797,0.03389830508474576,0.0847457627118644,0.05084745762711865,0.05084745762711865,0.07627118644067797,0.0,0.01694915254237288,0.3157894736842105,0.18421052631578946,0.34210526315789475,0.15789473684210525,20,26
"RNCMPT00144,min,GGUCGUG,RBD_v3_141800",21,0,118,35,0.07627118644067797,0.025423728813559324,0.03389830508474576,0.059322033898305086,0.0423728813559322,0.13559322033898305,0.01694915254237288,0.025423728813559324,0.05084745762711865,0.0423728813559322,0.025423728813559324,0.07627118644067797,0.07627118644067797,0.03389830508474576,0.0847457627118644,0.05084745762711865,0.05084745762711865,0.07627118644067797,0.0,0.01694915254237288,0.22857142857142856,0.11428571428571428,0.42857142857142855,0.22857142857142856,26,32
"RNCMPT00144,min,GGUCGUG,RBD_v3_215931",21,0,118,35,0.07627118644067797,0.025423728813559324,0.03389830508474576,0.059322033898305086,0.0423728813559322,0.13559322033898305,0.01694915254237288,0.025423728813559324,0.05084745762711865,0.0423728813559322,0.025423728813559324,0.07627118644067797,0.07627118644067797,0.03389830508474576,0.0847457627118644,0.05084745762711865,0.05084745762711865,0.07627118644067797,0.0,0.01694915254237288,0.37142857142857144,0.17142857142857143,0.37142857142857144,0.08571428571428572,26,32
"RNCMPT00144,min,GUCGUAU,RBD_v3_155485",21,0,118,30,0.07627118644067797,0.025423728813559324,0.03389830508474576,0.059322033898305086,0.0423728813559322,0.13559322033898305,0.01694915254237288,0.025423728813559324,0.05084745762711865,0.0423728813559322,0.025423728813559324,0.07627118644067797,0.07627118644067797,0.03389830508474576,0.0847457627118644,0.05084745762711865,0.05084745762711865,0.07627118644067797,0.0,0.01694915254237288,0.16666666666666666,0.26666666666666666,0.36666666666666664,0.2,5,11
"RNCMPT00145,max,AUUGCAC,RBD_v3_028293",152,1,216,35,0.07407407407407407,0.0,0.032407407407407406,0.07407407407407407,0.06944444444444445,0.037037037037037035,0.009259259259259259,0.06944444444444445,0.13425925925925927,0.07407407407407407,0.041666666666666664,0.06481481481481481,0.07407407407407407,0.05555555555555555,0.023148148148148147,0.05555555555555555,0.06018518518518518,0.032407407407407406,0.0,0.018518518518518517,0.2571428571428571,0.22857142857142856,0.3142857142857143,0.2,12,18
"RNCMPT00145,max,AUUGCAC,RBD_v3_035412",152,1,216,38,0.07407407407407407,0.0,0.032407407407407406,0.07407407407407407,0.06944444444444445,0.037037037037037035,0.009259259259259259,0.06944444444444445,0.13425925925925927,0.07407407407407407,0.041666666666666664,0.06481481481481481,0.07407407407407407,0.05555555555555555,0.023148148148148147,0.05555555555555555,0.06018518518518518,0.032407407407407406,0.0,0.018518518518518517,0.2631578947368421,0.2894736842105263,0.21052631578947367,0.23684210526315788,32,38
"RNCMPT00145,max,AUUGCAC,RBD_v3_072551",152,1,216,38,0.07407407407407407,0.0,0.032407407407407406,0.07407407407407407,0.06944444444444445,0.037037037037037035,0.009259259259259259,0.06944444444444445,0.13425925925925927,0.07407407407407407,0.041666666666666664,0.06481481481481481,0.07407407407407407,0.05555555555555555,0.023148148148148147,0.05555555555555555,0.06018518518518518,0.032407407407407406,0.0,0.018518518518518517,0.2894736842105263,0.18421052631578946,0.2631578947368421,0.2631578947368421,11,17
"RNCMPT00145,min,GGGGGUG,RBD_v3_027985",152,0,216,38,0.07407407407407407,0.0,0.032407407407407406,0.07407407407407407,0.06944444444444445,0.037037037037037035,0.009259259259259259,0.06944444444444445,0.13425925925925927,0.07407407407407407,0.041666666666666664,0.06481481481481481,0.07407407407407407,0.05555555555555555,0.023148148148148147,0.05555555555555555,0.06018518518518518,0.032407407407407406,0.0,0.018518518518518517,0.2894736842105263,0.15789473684210525,0.3157894736842105,0.23684210526315788,18,24
"RNCMPT00145,min,GGGGGUG,RBD_v3_131696",152,0,216,38,0.07407407407407407,0.0,0.032407407407407406,0.07407407407407407,0.06944444444444445,0.037037037037037035,0.009259259259259259,0.06944444444444445,0.13425925925925927,0.07407407407407407,0.041666666666666664,0.06481481481481481,0.07407407407407407,0.05555555555555555,0.023148148148148147,0.05555555555555555,0.06018518518518518,0.032407407407407406,0.0,0.018518518518518517,0.34210526315789475,0.18421052631578946,0.39473684210526316,0.07894736842105263,7,13
"RNCMPT00145,min,GGGGGUG,RBD_v3_175536",152,0,216,38,0.07407407407407407,0.0,0.032407407407407406,0.07407407407407407,0.06944444444444445,0.037037037037037035,0.009259259259259259,0.06944444444444445,0.13425925925925927,0.07407407407407407,0.041666666666666664,0.06481481481481481,0.07407407407407407,0.05555555555555555,0.023148148148148147,0.05555555555555555,0.06018518518518518,0.032407407407407406,0.0,0.018518518518518517,0.10526315789473684,0.07894736842105263,0.5263157894736842,0.2894736842105263,17,23
"RNCMPT00146,max,AUGGAUG,RBD_v3_011923",20,1,231,35,0.030303030303030304,0.021645021645021644,0.06060606060606061,0.0735930735930736,0.0735930735930736,0.06926406926406926,0.030303030303030304,0.03463203463203463,0.08658008658008658,0.05194805194805195,0.012987012987012988,0.06060606060606061,0.03896103896103896,0.03463203463203463,0.06060606060606061,0.06493506493506493,0.05194805194805195,0.09090909090909091,0.008658008658008658,0.04329004329004329,0.3142857142857143,0.17142857142857143,0.34285714285714286,0.17142857142857143,3,9
"RNCMPT00146,max,AUGGAUG,RBD_v3_078401",20,1,231,30,0.030303030303030304,0.021645021645021644,0.06060606060606061,0.0735930735930736,0.0735930735930736,0.06926406926406926,0.030303030303030304,0.03463203463203463,0.08658008658008658,0.05194805194805195,0.012987012987012988,0.06060606060606061,0.03896103896103896,0.03463203463203463,0.06060606060606061,0.06493506493506493,0.05194805194805195,0.09090909090909091,0.008658008658008658,0.04329004329004329,0.26666666666666666,0.06666666666666667,0.4,0.26666666666666666,3,9
"RNCMPT00146,max,AUGGAUG,RBD_v3_116910",20,1,231,35,0.030303030303030304,0.021645021645021644,0.06060606060606061,0.0735930735930736,0.0735930735930736,0.06926406926406926,0.030303030303030304,0.03463203463203463,0.08658008658008658,0.05194805194805195,0.012987012987012988,0.06060606060606061,0.03896103896103896,0.03463203463203463,0.06060606060606061,0.06493506493506493,0.05194805194805195,0.09090909090909091,0.008658008658008658,0.04329004329004329,0.3142857142857143,0.17142857142857143,0.34285714285714286,0.17142857142857143,3,9
"RNCMPT00146,min,CAACUUC,RBD_v3_148835",20,0,231,35,0.030303030303030304,0.021645021645021644,0.06060606060606061,0.0735930735930736,0.0735930735930736,0.06926406926406926,0.030303030303030304,0.03463203463203463,0.08658008658008658,0.05194805194805195,0.012987012987012988,0.06060606060606061,0.03896103896103896,0.03463203463203463,0.06060606060606061,0.06493506493506493,0.05194805194805195,0.09090909090909091,0.008658008658008658,0.04329004329004329,0.2571428571428571,0.2857142857142857,0.17142857142857143,0.2857142857142857,22,28
"RNCMPT00146,min,CAUUUCU,RBD_v3_068862",20,0,231,38,0.030303030303030304,0.021645021645021644,0.06060606060606061,0.0735930735930736,0.0735930735930736,0.06926406926406926,0.030303030303030304,0.03463203463203463,0.08658008658008658,0.05194805194805195,0.012987012987012988,0.06060606060606061,0.03896103896103896,0.03463203463203463,0.06060606060606061,0.06493506493506493,0.05194805194805195,0.09090909090909091,0.008658008658008658,0.04329004329004329,0.2894736842105263,0.3157894736842105,0.05263157894736842,0.34210526315789475,29,35
"RNCMPT00146,min,CAUUUCU,RBD_v3_167501",20,0,231,38,0.030303030303030304,0.021645021645021644,0.06060606060606061,0.0735930735930736,0.0735930735930736,0.06926406926406926,0.030303030303030304,0.03463203463203463,0.08658008658008658,0.05194805194805195,0.012987012987012988,0.06060606060606061,0.03896103896103896,0.03463203463203463,0.06060606060606061,0.06493506493506493,0.05194805194805195,0.09090909090909091,0.008658008658008658,0.04329004329004329,0.23684210526315788,0.23684210526315788,0.21052631578947367,0.3157894736842105,17,23
"RNCMPT00147,max,AACUAAG,RBD_v3_089066",16,1,153,38,0.0718954248366013,0.006535947712418301,0.08496732026143791,0.05228758169934641,0.0718954248366013,0.058823529411764705,0.0,0.032679738562091505,0.10457516339869281,0.05228758169934641,0.0196078431372549,0.026143790849673203,0.026143790849673203,0.0392156862745098,0.11764705882352941,0.0718954248366013,0.06535947712418301,0.0718954248366013,0.0196078431372549,0.006535947712418301,0.3684210526315789,0.15789473684210525,0.2631578947368421,0.21052631578947367,22,28
"RNCMPT00147,max,AACUAAG,RBD_v3_125898",16,1,153,38,0.0718954248366013,0.006535947712418301,0.08496732026143791,0.05228758169934641,0.0718954248366013,0.058823529411764705,0.0,0.032679738562091505,0.10457516339869281,0.05228758169934641,0.0196078431372549,0.026143790849673203,0.026143790849673203,0.0392156862745098,0.11764705882352941,0.0718954248366013,0.06535947712418301,0.0718954248366013,0.0196078431372549,0.006535947712418301,0.39473684210526316,0.18421052631578946,0.21052631578947367,0.21052631578947367,19,25
"RNCMPT00147,max,AACUAAG,RBD_v3_148644",16,1,153,38,0.0718954248366013,0.006535947712418301,0.08496732026143791,0.05228758169934641,0.0718954248366013,0.058823529411764705,0.0,0.032679738562091505,0.10457516339869281,0.05228758169934641,0.0196078431372549,0.026143790849673203,0.026143790849673203,0.0392156862745098,0.11764705882352941,0.0718954248366013,0.06535947712418301,0.0718954248366013,0.0196078431372549,0.006535947712418301,0.34210526315789475,0.15789473684210525,0.2894736842105263,0.21052631578947367,19,25
"RNCMPT00147,min,CCCCCCC,RBD_v3_005402",16,0,153,38,0.0718954248366013,0.006535947712418301,0.08496732026143791,0.05228758169934641,0.0718954248366013,0.058823529411764705,0.0,0.032679738562091505,0.10457516339869281,0.05228758169934641,0.0196078431372549,0.026143790849673203,0.026143790849673203,0.0392156862745098,0.11764705882352941,0.0718954248366013,0.06535947712418301,0.0718954248366013,0.0196078431372549,0.006535947712418301,0.23684210526315788,0.3157894736842105,0.18421052631578946,0.2631578947368421,25,31
"RNCMPT00147,min,CCCCUCC,RBD_v3_022466",16,0,153,35,0.0718954248366013,0.006535947712418301,0.08496732026143791,0.05228758169934641,0.0718954248366013,0.058823529411764705,0.0,0.032679738562091505,0.10457516339869281,0.05228758169934641,0.0196078431372549,0.026143790849673203,0.026143790849673203,0.0392156862745098,0.11764705882352941,0.0718954248366013,0.06535947712418301,0.0718954248366013,0.0196078431372549,0.006535947712418301,0.2,0.4,0.14285714285714285,0.2571428571428571,15,21
"RNCMPT00147,min,CCCCUCC,RBD_v3_123886",16,0,153,38,0.0718954248366013,0.006535947712418301,0.08496732026143791,0.05228758169934641,0.0718954248366013,0.058823529411764705,0.0,0.032679738562091505,0.10457516339869281,0.05228758169934641,0.0196078431372549,0.026143790849673203,0.026143790849673203,0.0392156862745098,0.11764705882352941,0.0718954248366013,0.06535947712418301,0.0718954248366013,0.0196078431372549,0.006535947712418301,0.34210526315789475,0.23684210526315788,0.23684210526315788,0.18421052631578946,16,22
"RNCMPT00148,max,CAUUUUU,RBD_v3_016809",138,1,338,38,0.11242603550295859,0.011834319526627219,0.03550295857988166,0.05917159763313609,0.05029585798816568,0.09763313609467456,0.03254437869822485,0.05029585798816568,0.0621301775147929,0.04142011834319527,0.029585798816568046,0.06804733727810651,0.05621301775147929,0.03254437869822485,0.03254437869822485,0.07988165680473373,0.05325443786982249,0.0621301775147929,0.011834319526627219,0.020710059171597635,0.2894736842105263,0.23684210526315788,0.21052631578947367,0.2631578947368421,18,24
"RNCMPT00148,max,CCAUUUU,RBD_v3_037447",138,1,338,35,0.11242603550295859,0.011834319526627219,0.03550295857988166,0.05917159763313609,0.05029585798816568,0.09763313609467456,0.03254437869822485,0.05029585798816568,0.0621301775147929,0.04142011834319527,0.029585798816568046,0.06804733727810651,0.05621301775147929,0.03254437869822485,0.03254437869822485,0.07988165680473373,0.05325443786982249,0.0621301775147929,0.011834319526627219,0.020710059171597635,0.2,0.3142857142857143,0.2,0.2857142857142857,21,27
"RNCMPT00148,max,CCAUUUU,RBD_v3_219605",138,1,338,38,0.11242603550295859,0.011834319526627219,0.03550295857988166,0.05917159763313609,0.05029585798816568,0.09763313609467456,0.03254437869822485,0.05029585798816568,0.0621301775147929,0.04142011834319527,0.029585798816568046,0.06804733727810651,0.05621301775147929,0.03254437869822485,0.03254437869822485,0.07988165680473373,0.05325443786982249,0.0621301775147929,0.011834319526627219,0.020710059171597635,0.23684210526315788,0.2631578947368421,0.18421052631578946,0.3157894736842105,23,29
"RNCMPT00148,min,AGAGUCG,RBD_v3_218768",138,0,338,35,0.11242603550295859,0.011834319526627219,0.03550295857988166,0.05917159763313609,0.05029585798816568,0.09763313609467456,0.03254437869822485,0.05029585798816568,0.0621301775147929,0.04142011834319527,0.029585798816568046,0.06804733727810651,0.05621301775147929,0.03254437869822485,0.03254437869822485,0.07988165680473373,0.05325443786982249,0.0621301775147929,0.011834319526627219,0.020710059171597635,0.2571428571428571,0.2571428571428571,0.22857142857142856,0.2571428571428571,16,22
"RNCMPT00148,min,CCCCCCC,RBD_v3_004576",138,0,338,38,0.11242603550295859,0.011834319526627219,0.03550295857988166,0.05917159763313609,0.05029585798816568,0.09763313609467456,0.03254437869822485,0.05029585798816568,0.0621301775147929,0.04142011834319527,0.029585798816568046,0.06804733727810651,0.05621301775147929,0.03254437869822485,0.03254437869822485,0.07988165680473373,0.05325443786982249,0.0621301775147929,0.011834319526627219,0.020710059171597635,0.2631578947368421,0.34210526315789475,0.2894736842105263,0.10526315789473684,28,34
"RNCMPT00148,min,CCCCCCC,RBD_v3_037843",138,0,338,38,0.11242603550295859,0.011834319526627219,0.03550295857988166,0.05917159763313609,0.05029585798816568,0.09763313609467456,0.03254437869822485,0.05029585798816568,0.0621301775147929,0.04142011834319527,0.029585798816568046,0.06804733727810651,0.05621301775147929,0.03254437869822485,0.03254437869822485,0.07988165680473373,0.05325443786982249,0.0621301775147929,0.011834319526627219,0.020710059171597635,0.2631578947368421,0.47368421052631576,0.18421052631578946,0.07894736842105263,7,13
"RNCMPT00149,max,AGUACAG,RBD_v3_033127",29,1,161,38,0.049689440993788817,0.037267080745341616,0.049689440993788817,0.09937888198757763,0.049689440993788817,0.055900621118012424,0.024844720496894408,0.055900621118012424,0.06832298136645963,0.062111801242236024,0.018633540372670808,0.024844720496894408,0.09937888198757763,0.031055900621118012,0.09937888198757763,0.049689440993788817,0.043478260869565216,0.055900621118012424,0.006211180124223602,0.018633540372670808,0.2894736842105263,0.2631578947368421,0.21052631578947367,0.23684210526315788,9,15
"RNCMPT00149,max,AGUACAG,RBD_v3_075442",29,1,161,35,0.049689440993788817,0.037267080745341616,0.049689440993788817,0.09937888198757763,0.049689440993788817,0.055900621118012424,0.024844720496894408,0.055900621118012424,0.06832298136645963,0.062111801242236024,0.018633540372670808,0.024844720496894408,0.09937888198757763,0.031055900621118012,0.09937888198757763,0.049689440993788817,0.043478260869565216,0.055900621118012424,0.006211180124223602,0.018633540372670808,0.2857142857142857,0.37142857142857144,0.2,0.14285714285714285,13,19
"RNCMPT00149,max,CCCACAG,RBD_v3_107420",29,1,161,35,0.049689440993788817,0.037267080745341616,0.049689440993788817,0.09937888198757763,0.049689440993788817,0.055900621118012424,0.024844720496894408,0.055900621118012424,0.06832298136645963,0.062111801242236024,0.018633540372670808,0.024844720496894408,0.09937888198757763,0.031055900621118012,0.09937888198757763,0.049689440993788817,0.043478260869565216,0.055900621118012424,0.006211180124223602,0.018633540372670808,0.4,0.2857142857142857,0.2,0.11428571428571428,4,10
"RNCMPT00149,min,UUUUCGU,RBD_v3_030947",29,0,161,38,0.049689440993788817,0.037267080745341616,0.049689440993788817,0.09937888198757763,0.049689440993788817,0.055900621118012424,0.024844720496894408,0.055900621118012424,0.06832298136645963,0.062111801242236024,0.018633540372670808,0.024844720496894408,0.09937888198757763,0.031055900621118012,0.09937888198757763,0.049689440993788817,0.043478260869565216,0.055900621118012424,0.006211180124223602,0.018633540372670808,0.23684210526315788,0.2631578947368421,0.18421052631578946,0.3157894736842105,7,13
"RNCMPT00149,min,UUUUCGU,RBD_v3_171480",29,0,161,35,0.049689440993788817,0.037267080745341616,0.049689440993788817,0.09937888198757763,0.049689440993788817,0.055900621118012424,0.024844720496894408,0.055900621118012424,0.06832298136645963,0.062111801242236024,0.018633540372670808,0.024844720496894408,0.09937888198757763,0.031055900621118012,0.09937888198757763,0.049689440993788817,0.043478260869565216,0.055900621118012424,0.006211180124223602,0.018633540372670808,0.2857142857142857,0.17142857142857143,0.2857142857142857,0.2571428571428571,21,27
"RNCMPT00149,min,UUUUUUU,RBD_v3_128298",29,0,161,38,0.049689440993788817,0.037267080745341616,0.049689440993788817,0.09937888198757763,0.049689440993788817,0.055900621118012424,0.024844720496894408,0.055900621118012424,0.06832298136645963,0.062111801242236024,0.018633540372670808,0.024844720496894408,0.09937888198757763,0.031055900621118012,0.09937888198757763,0.049689440993788817,0.043478260869565216,0.055900621118012424,0.006211180124223602,0.018633540372670808,0.15789473684210525,0.21052631578947367,0.21052631578947367,0.42105263157894735,15,21
"RNCMPT00150,max,GGGAUGG,RBD_v3_085670",30,1,391,38,0.08951406649616368,0.023017902813299233,0.03580562659846547,0.0639386189258312,0.04092071611253197,0.08951406649616368,0.023017902813299233,0.03324808184143223,0.04092071611253197,0.10997442455242967,0.023017902813299233,0.01278772378516624,0.0741687979539642,0.04092071611253197,0.0792838874680307,0.05370843989769821,0.061381074168797956,0.0792838874680307,0.005115089514066497,0.020460358056265986,0.34210526315789475,0.13157894736842105,0.3157894736842105,0.21052631578947367,2,8
"RNCMPT00150,max,GGGAUGG,RBD_v3_092672",30,1,391,38,0.08951406649616368,0.023017902813299233,0.03580562659846547,0.0639386189258312,0.04092071611253197,0.08951406649616368,0.023017902813299233,0.03324808184143223,0.04092071611253197,0.10997442455242967,0.023017902813299233,0.01278772378516624,0.0741687979539642,0.04092071611253197,0.0792838874680307,0.05370843989769821,0.061381074168797956,0.0792838874680307,0.005115089514066497,0.020460358056265986,0.34210526315789475,0.15789473684210525,0.3684210526315789,0.13157894736842105,2,8
"RNCMPT00150,max,UGGGGAA,RBD_v3_077422",30,1,391,35,0.08951406649616368,0.023017902813299233,0.03580562659846547,0.0639386189258312,0.04092071611253197,0.08951406649616368,0.023017902813299233,0.03324808184143223,0.04092071611253197,0.10997442455242967,0.023017902813299233,0.01278772378516624,0.0741687979539642,0.04092071611253197,0.0792838874680307,0.05370843989769821,0.061381074168797956,0.0792838874680307,0.005115089514066497,0.020460358056265986,0.3142857142857143,0.11428571428571428,0.4,0.17142857142857143,18,24
"RNCMPT00150,min,UAUUUUC,RBD_v3_182856",30,0,391,30,0.08951406649616368,0.023017902813299233,0.03580562659846547,0.0639386189258312,0.04092071611253197,0.08951406649616368,0.023017902813299233,0.03324808184143223,0.04092071611253197,0.10997442455242967,0.023017902813299233,0.01278772378516624,0.0741687979539642,0.04092071611253197,0.0792838874680307,0.05370843989769821,0.061381074168797956,0.0792838874680307,0.005115089514066497,0.020460358056265986,0.23333333333333334,0.26666666666666666,0.13333333333333333,0.36666666666666664,17,23
"RNCMPT00150,min,UUUUUCC,RBD_v3_212050",30,0,391,38,0.08951406649616368,0.023017902813299233,0.03580562659846547,0.0639386189258312,0.04092071611253197,0.08951406649616368,0.023017902813299233,0.03324808184143223,0.04092071611253197,0.10997442455242967,0.023017902813299233,0.01278772378516624,0.0741687979539642,0.04092071611253197,0.0792838874680307,0.05370843989769821,0.061381074168797956,0.0792838874680307,0.005115089514066497,0.020460358056265986,0.23684210526315788,0.23684210526315788,0.13157894736842105,0.39473684210526316,13,19
"RNCMPT00150,min,UUUUUCC,RBD_v3_233254",30,0,391,38,0.08951406649616368,0.023017902813299233,0.03580562659846547,0.0639386189258312,0.04092071611253197,0.08951406649616368,0.023017902813299233,0.03324808184143223,0.04092071611253197,0.10997442455242967,0.023017902813299233,0.01278772378516624,0.0741687979539642,0.04092071611253197,0.0792838874680307,0.05370843989769821,0.061381074168797956,0.0792838874680307,0.005115089514066497,0.020460358056265986,0.23684210526315788,0.23684210526315788,0.3157894736842105,0.21052631578947367,18,24
"RNCMPT00151,max,AACUAAG,RBD_v3_083422",122,1,148,35,0.05405405405405406,0.013513513513513514,0.08783783783783784,0.060810810810810814,0.0472972972972973,0.08108108108108109,0.0,0.033783783783783786,0.14864864864864866,0.08783783783783784,0.02702702702702703,0.02702702702702703,0.05405405405405406,0.006756756756756757,0.0945945945945946,0.060810810810810814,0.02027027027027027,0.05405405405405406,0.02027027027027027,0.02027027027027027,0.4,0.17142857142857143,0.2571428571428571,0.17142857142857143,19,25
"RNCMPT00151,max,AACUAAG,RBD_v3_123476",122,1,148,35,0.05405405405405406,0.013513513513513514,0.08783783783783784,0.060810810810810814,0.0472972972972973,0.08108108108108109,0.0,0.033783783783783786,0.14864864864864866,0.08783783783783784,0.02702702702702703,0.02702702702702703,0.05405405405405406,0.006756756756756757,0.0945945945945946,0.060810810810810814,0.02027027027027027,0.05405405405405406,0.02027027027027027,0.02027027027027027,0.4,0.22857142857142856,0.22857142857142856,0.14285714285714285,17,23
"RNCMPT00151,max,AACUAAG,RBD_v3_148644",122,1,148,38,0.05405405405405406,0.013513513513513514,0.08783783783783784,0.060810810810810814,0.0472972972972973,0.08108108108108109,0.0,0.033783783783783786,0.14864864864864866,0.08783783783783784,0.02702702702702703,0.02702702702702703,0.05405405405405406,0.006756756756756757,0.0945945945945946,0.060810810810810814,0.02027027027027027,0.05405405405405406,0.02027027027027027,0.02027027027027027,0.34210526315789475,0.15789473684210525,0.2894736842105263,0.21052631578947367,19,25
"RNCMPT00151,min,CCCCCCC,RBD_v3_081256",122,0,148,38,0.05405405405405406,0.013513513513513514,0.08783783783783784,0.060810810810810814,0.0472972972972973,0.08108108108108109,0.0,0.033783783783783786,0.14864864864864866,0.08783783783783784,0.02702702702702703,0.02702702702702703,0.05405405405405406,0.006756756756756757,0.0945945945945946,0.060810810810810814,0.02027027027027027,0.05405405405405406,0.02027027027027027,0.02027027027027027,0.2631578947368421,0.2894736842105263,0.23684210526315788,0.21052631578947367,11,17
"RNCMPT00151,min,CCCCCCC,RBD_v3_122332",122,0,148,38,0.05405405405405406,0.013513513513513514,0.08783783783783784,0.060810810810810814,0.0472972972972973,0.08108108108108109,0.0,0.033783783783783786,0.14864864864864866,0.08783783783783784,0.02702702702702703,0.02702702702702703,0.05405405405405406,0.006756756756756757,0.0945945945945946,0.060810810810810814,0.02027027027027027,0.05405405405405406,0.02027027027027027,0.02027027027027027,0.13157894736842105,0.3157894736842105,0.23684210526315788,0.3157894736842105,18,24
"RNCMPT00151,min,CCCCCCC,RBD_v3_176463",122,0,148,38,0.05405405405405406,0.013513513513513514,0.08783783783783784,0.060810810810810814,0.0472972972972973,0.08108108108108109,0.0,0.033783783783783786,0.14864864864864866,0.08783783783783784,0.02702702702702703,0.02702702702702703,0.05405405405405406,0.006756756756756757,0.0945945945945946,0.060810810810810814,0.02027027027027027,0.05405405405405406,0.02027027027027027,0.02027027027027027,0.15789473684210525,0.42105263157894735,0.23684210526315788,0.18421052631578946,27,33
"RNCMPT00152,max,AUAUAGC,RBD_v3_121401",129,1,246,38,0.07317073170731707,0.016260162601626018,0.04065040650406504,0.04065040650406504,0.028455284552845527,0.07317073170731707,0.016260162601626018,0.036585365853658534,0.07723577235772358,0.07723577235772358,0.024390243902439025,0.052845528455284556,0.08130081300813008,0.06504065040650407,0.036585365853658534,0.0975609756097561,0.06910569105691057,0.044715447154471545,0.008130081300813009,0.04065040650406504,0.3684210526315789,0.21052631578947367,0.2894736842105263,0.13157894736842105,29,35
"RNCMPT00152,max,AUAUAGC,RBD_v3_236027",129,1,246,38,0.07317073170731707,0.016260162601626018,0.04065040650406504,0.04065040650406504,0.028455284552845527,0.07317073170731707,0.016260162601626018,0.036585365853658534,0.07723577235772358,0.07723577235772358,0.024390243902439025,0.052845528455284556,0.08130081300813008,0.06504065040650407,0.036585365853658534,0.0975609756097561,0.06910569105691057,0.044715447154471545,0.008130081300813009,0.04065040650406504,0.3684210526315789,0.21052631578947367,0.2894736842105263,0.13157894736842105,29,35
"RNCMPT00152,max,UAUAGCC,RBD_v3_068728",129,1,246,35,0.07317073170731707,0.016260162601626018,0.04065040650406504,0.04065040650406504,0.028455284552845527,0.07317073170731707,0.016260162601626018,0.036585365853658534,0.07723577235772358,0.07723577235772358,0.024390243902439025,0.052845528455284556,0.08130081300813008,0.06504065040650407,0.036585365853658534,0.0975609756097561,0.06910569105691057,0.044715447154471545,0.008130081300813009,0.04065040650406504,0.22857142857142856,0.2571428571428571,0.2,0.3142857142857143,23,29
"RNCMPT00152,min,CCCCCCC,RBD_v3_005753",129,0,246,38,0.07317073170731707,0.016260162601626018,0.04065040650406504,0.04065040650406504,0.028455284552845527,0.07317073170731707,0.016260162601626018,0.036585365853658534,0.07723577235772358,0.07723577235772358,0.024390243902439025,0.052845528455284556,0.08130081300813008,0.06504065040650407,0.036585365853658534,0.0975609756097561,0.06910569105691057,0.044715447154471545,0.008130081300813009,0.04065040650406504,0.2631578947368421,0.3684210526315789,0.18421052631578946,0.18421052631578946,27,33
"RNCMPT00152,min,CCCCCCC,RBD_v3_139546",129,0,246,38,0.07317073170731707,0.016260162601626018,0.04065040650406504,0.04065040650406504,0.028455284552845527,0.07317073170731707,0.016260162601626018,0.036585365853658534,0.07723577235772358,0.07723577235772358,0.024390243902439025,0.052845528455284556,0.08130081300813008,0.06504065040650407,0.036585365853658534,0.0975609756097561,0.06910569105691057,0.044715447154471545,0.008130081300813009,0.04065040650406504,0.18421052631578946,0.39473684210526316,0.21052631578947367,0.21052631578947367,27,33
"RNCMPT00152,min,GUUUUUG,RBD_v3_148971",129,0,246,30,0.07317073170731707,0.016260162601626018,0.04065040650406504,0.04065040650406504,0.028455284552845527,0.07317073170731707,0.016260162601626018,0.036585365853658534,0.07723577235772358,0.07723577235772358,0.024390243902439025,0.052845528455284556,0.08130081300813008,0.06504065040650407,0.036585365853658534,0.0975609756097561,0.06910569105691057,0.044715447154471545,0.008130081300813009,0.04065040650406504,0.13333333333333333,0.16666666666666666,0.2,0.5,19,25
"RNCMPT00153,max,AAAACCC,RBD_v3_064608",89,1,414,38,0.0748792270531401,0.00966183574879227,0.05314009661835749,0.07004830917874397,0.05555555555555555,0.0748792270531401,0.016908212560386472,0.03864734299516908,0.08454106280193237,0.057971014492753624,0.03864734299516908,0.05555555555555555,0.04106280193236715,0.03864734299516908,0.06280193236714976,0.06521739130434782,0.04830917874396135,0.0748792270531401,0.0024154589371980675,0.036231884057971016,0.3684210526315789,0.3157894736842105,0.23684210526315788,0.07894736842105263,11,17
"RNCMPT00153,max,AGAAAAC,RBD_v3_060277",89,1,414,38,0.0748792270531401,0.00966183574879227,0.05314009661835749,0.07004830917874397,0.05555555555555555,0.0748792270531401,0.016908212560386472,0.03864734299516908,0.08454106280193237,0.057971014492753624,0.03864734299516908,0.05555555555555555,0.04106280193236715,0.03864734299516908,0.06280193236714976,0.06521739130434782,0.04830917874396135,0.0748792270531401,0.0024154589371980675,0.036231884057971016,0.3157894736842105,0.2894736842105263,0.21052631578947367,0.18421052631578946,1,7
"RNCMPT00153,max,AGAAAAC,RBD_v3_139356",89,1,414,35,0.0748792270531401,0.00966183574879227,0.05314009661835749,0.07004830917874397,0.05555555555555555,0.0748792270531401,0.016908212560386472,0.03864734299516908,0.08454106280193237,0.057971014492753624,0.03864734299516908,0.05555555555555555,0.04106280193236715,0.03864734299516908,0.06280193236714976,0.06521739130434782,0.04830917874396135,0.0748792270531401,0.0024154589371980675,0.036231884057971016,0.2857142857142857,0.2857142857142857,0.2571428571428571,0.17142857142857143,1,7
"RNCMPT00153,min,GUGGUUU,RBD_v3_044501",89,0,414,35,0.0748792270531401,0.00966183574879227,0.05314009661835749,0.07004830917874397,0.05555555555555555,0.0748792270531401,0.016908212560386472,0.03864734299516908,0.08454106280193237,0.057971014492753624,0.03864734299516908,0.05555555555555555,0.04106280193236715,0.03864734299516908,0.06280193236714976,0.06521739130434782,0.04830917874396135,0.0748792270531401,0.0024154589371980675,0.036231884057971016,0.22857142857142856,0.14285714285714285,0.2571428571428571,0.37142857142857144,15,21
"RNCMPT00153,min,GUGGUUU,RBD_v3_110902",89,0,414,30,0.0748792270531401,0.00966183574879227,0.05314009661835749,0.07004830917874397,0.05555555555555555,0.0748792270531401,0.016908212560386472,0.03864734299516908,0.08454106280193237,0.057971014492753624,0.03864734299516908,0.05555555555555555,0.04106280193236715,0.03864734299516908,0.06280193236714976,0.06521739130434782,0.04830917874396135,0.0748792270531401,0.0024154589371980675,0.036231884057971016,0.3,0.1,0.3,0.3,20,26
"RNCMPT00153,min,GUGGUUU,RBD_v3_177485",89,0,414,30,0.0748792270531401,0.00966183574879227,0.05314009661835749,0.07004830917874397,0.05555555555555555,0.0748792270531401,0.016908212560386472,0.03864734299516908,0.08454106280193237,0.057971014492753624,0.03864734299516908,0.05555555555555555,0.04106280193236715,0.03864734299516908,0.06280193236714976,0.06521739130434782,0.04830917874396135,0.0748792270531401,0.0024154589371980675,0.036231884057971016,0.26666666666666666,0.13333333333333333,0.3333333333333333,0.26666666666666666,10,16
"RNCMPT00154,max,CAAGGAG,RBD_v3_218921",126,1,303,35,0.06930693069306931,0.019801980198019802,0.0858085808580858,0.0594059405940594,0.039603960396039604,0.04950495049504951,0.026402640264026403,0.056105610561056105,0.056105610561056105,0.066006600660066,0.026402640264026403,0.036303630363036306,0.039603960396039604,0.052805280528052806,0.07590759075907591,0.09900990099009901,0.0462046204620462,0.04950495049504951,0.009900990099009901,0.036303630363036306,0.42857142857142855,0.14285714285714285,0.2857142857142857,0.14285714285714285,24,30
"RNCMPT00154,max,CAAGGAG,RBD_v3_239632",126,1,303,38,0.06930693069306931,0.019801980198019802,0.0858085808580858,0.0594059405940594,0.039603960396039604,0.04950495049504951,0.026402640264026403,0.056105610561056105,0.056105610561056105,0.066006600660066,0.026402640264026403,0.036303630363036306,0.039603960396039604,0.052805280528052806,0.07590759075907591,0.09900990099009901,0.0462046204620462,0.04950495049504951,0.009900990099009901,0.036303630363036306,0.3684210526315789,0.21052631578947367,0.23684210526315788,0.18421052631578946,15,21
"RNCMPT00154,max,GAAGGAG,RBD_v3_091855",126,1,303,38,0.06930693069306931,0.019801980198019802,0.0858085808580858,0.0594059405940594,0.039603960396039604,0.04950495049504951,0.026402640264026403,0.056105610561056105,0.056105610561056105,0.066006600660066,0.026402640264026403,0.036303630363036306,0.039603960396039604,0.052805280528052806,0.07590759075907591,0.09900990099009901,0.0462046204620462,0.04950495049504951,0.009900990099009901,0.036303630363036306,0.39473684210526316,0.23684210526315788,0.18421052631578946,0.18421052631578946,2,8
"RNCMPT00154,min,GUUCGUC,RBD_v3_024832",126,0,303,38,0.06930693069306931,0.019801980198019802,0.0858085808580858,0.0594059405940594,0.039603960396039604,0.04950495049504951,0.026402640264026403,0.056105610561056105,0.056105610561056105,0.066006600660066,0.026402640264026403,0.036303630363036306,0.039603960396039604,0.052805280528052806,0.07590759075907591,0.09900990099009901,0.0462046204620462,0.04950495049504951,0.009900990099009901,0.036303630363036306,0.2631578947368421,0.3157894736842105,0.2631578947368421,0.15789473684210525,22,28
"RNCMPT00154,min,UCGUCGU,RBD_v3_083816",126,0,303,38,0.06930693069306931,0.019801980198019802,0.0858085808580858,0.0594059405940594,0.039603960396039604,0.04950495049504951,0.026402640264026403,0.056105610561056105,0.056105610561056105,0.066006600660066,0.026402640264026403,0.036303630363036306,0.039603960396039604,0.052805280528052806,0.07590759075907591,0.09900990099009901,0.0462046204620462,0.04950495049504951,0.009900990099009901,0.036303630363036306,0.23684210526315788,0.13157894736842105,0.42105263157894735,0.21052631578947367,30,36
"RNCMPT00154,min,UCGUCGU,RBD_v3_145784",126,0,303,35,0.06930693069306931,0.019801980198019802,0.0858085808580858,0.0594059405940594,0.039603960396039604,0.04950495049504951,0.026402640264026403,0.056105610561056105,0.056105610561056105,0.066006600660066,0.026402640264026403,0.036303630363036306,0.039603960396039604,0.052805280528052806,0.07590759075907591,0.09900990099009901,0.0462046204620462,0.04950495049504951,0.009900990099009901,0.036303630363036306,0.34285714285714286,0.2,0.2571428571428571,0.2,20,26
"RNCMPT00155,max,AGAAAAA,RBD_v3_116048",88,1,414,30,0.07729468599033816,0.00966183574879227,0.057971014492753624,0.07246376811594203,0.057971014492753624,0.0748792270531401,0.00966183574879227,0.043478260869565216,0.08454106280193237,0.057971014492753624,0.043478260869565216,0.04830917874396135,0.04830917874396135,0.03864734299516908,0.07004830917874397,0.06038647342995169,0.036231884057971016,0.07004830917874397,0.0024154589371980675,0.036231884057971016,0.43333333333333335,0.13333333333333333,0.3,0.13333333333333333,1,7
"RNCMPT00155,max,AGAAAAA,RBD_v3_140436",88,1,414,38,0.07729468599033816,0.00966183574879227,0.057971014492753624,0.07246376811594203,0.057971014492753624,0.0748792270531401,0.00966183574879227,0.043478260869565216,0.08454106280193237,0.057971014492753624,0.043478260869565216,0.04830917874396135,0.04830917874396135,0.03864734299516908,0.07004830917874397,0.06038647342995169,0.036231884057971016,0.07004830917874397,0.0024154589371980675,0.036231884057971016,0.42105263157894735,0.15789473684210525,0.2894736842105263,0.13157894736842105,1,7
"RNCMPT00155,max,AGAAAAC,RBD_v3_075295",88,1,414,35,0.07729468599033816,0.00966183574879227,0.057971014492753624,0.07246376811594203,0.057971014492753624,0.0748792270531401,0.00966183574879227,0.043478260869565216,0.08454106280193237,0.057971014492753624,0.043478260869565216,0.04830917874396135,0.04830917874396135,0.03864734299516908,0.07004830917874397,0.06038647342995169,0.036231884057971016,0.07004830917874397,0.0024154589371980675,0.036231884057971016,0.4,0.2571428571428571,0.2571428571428571,0.08571428571428572,1,7
"RNCMPT00155,min,CGGUUUG,RBD_v3_057299",88,0,414,30,0.07729468599033816,0.00966183574879227,0.057971014492753624,0.07246376811594203,0.057971014492753624,0.0748792270531401,0.00966183574879227,0.043478260869565216,0.08454106280193237,0.057971014492753624,0.043478260869565216,0.04830917874396135,0.04830917874396135,0.03864734299516908,0.07004830917874397,0.06038647342995169,0.036231884057971016,0.07004830917874397,0.0024154589371980675,0.036231884057971016,0.13333333333333333,0.3,0.3,0.26666666666666666,12,18
"RNCMPT00155,min,UUUGCAG,RBD_v3_014533",88,0,414,38,0.07729468599033816,0.00966183574879227,0.057971014492753624,0.07246376811594203,0.057971014492753624,0.0748792270531401,0.00966183574879227,0.043478260869565216,0.08454106280193237,0.057971014492753624,0.043478260869565216,0.04830917874396135,0.04830917874396135,0.03864734299516908,0.07004830917874397,0.06038647342995169,0.036231884057971016,0.07004830917874397,0.0024154589371980675,0.036231884057971016,0.21052631578947367,0.3684210526315789,0.18421052631578946,0.23684210526315788,12,18
"RNCMPT00155,min,UUUGCAG,RBD_v3_022234",88,0,414,35,0.07729468599033816,0.00966183574879227,0.057971014492753624,0.07246376811594203,0.057971014492753624,0.0748792270531401,0.00966183574879227,0.043478260869565216,0.08454106280193237,0.057971014492753624,0.043478260869565216,0.04830917874396135,0.04830917874396135,0.03864734299516908,0.07004830917874397,0.06038647342995169,0.036231884057971016,0.07004830917874397,0.0024154589371980675,0.036231884057971016,0.22857142857142856,0.14285714285714285,0.22857142857142856,0.4,6,12
"RNCMPT00156,max,AGACAGA,RBD_v3_072324",22,1,177,35,0.06779661016949153,0.022598870056497175,0.03389830508474576,0.0847457627118644,0.02824858757062147,0.05084745762711865,0.022598870056497175,0.03389830508474576,0.10734463276836158,0.07344632768361582,0.01694915254237288,0.05084745762711865,0.04519774011299435,0.06779661016949153,0.05084745762711865,0.07344632768361582,0.03389830508474576,0.0847457627118644,0.0,0.05084745762711865,0.37142857142857144,0.2571428571428571,0.2571428571428571,0.11428571428571428,1,7
"RNCMPT00156,max,AGACAGA,RBD_v3_160906",22,1,177,38,0.06779661016949153,0.022598870056497175,0.03389830508474576,0.0847457627118644,0.02824858757062147,0.05084745762711865,0.022598870056497175,0.03389830508474576,0.10734463276836158,0.07344632768361582,0.01694915254237288,0.05084745762711865,0.04519774011299435,0.06779661016949153,0.05084745762711865,0.07344632768361582,0.03389830508474576,0.0847457627118644,0.0,0.05084745762711865,0.2894736842105263,0.21052631578947367,0.3157894736842105,0.18421052631578946,1,7
"RNCMPT00156,max,AGACAGA,RBD_v3_170250",22,1,177,38,0.06779661016949153,0.022598870056497175,0.03389830508474576,0.0847457627118644,0.02824858757062147,0.05084745762711865,0.022598870056497175,0.03389830508474576,0.10734463276836158,0.07344632768361582,0.01694915254237288,0.05084745762711865,0.04519774011299435,0.06779661016949153,0.05084745762711865,0.07344632768361582,0.03389830508474576,0.0847457627118644,0.0,0.05084745762711865,0.2894736842105263,0.23684210526315788,0.23684210526315788,0.23684210526315788,1,7
"RNCMPT00156,min,CUUUUUU,RBD_v3_085962",22,0,177,30,0.06779661016949153,0.022598870056497175,0.03389830508474576,0.0847457627118644,0.02824858757062147,0.05084745762711865,0.022598870056497175,0.03389830508474576,0.10734463276836158,0.07344632768361582,0.01694915254237288,0.05084745762711865,0.04519774011299435,0.06779661016949153,0.05084745762711865,0.07344632768361582,0.03389830508474576,0.0847457627118644,0.0,0.05084745762711865,0.16666666666666666,0.2,0.2,0.43333333333333335,22,28
"RNCMPT00156,min,CUUUUUU,RBD_v3_226608",22,0,177,38,0.06779661016949153,0.022598870056497175,0.03389830508474576,0.0847457627118644,0.02824858757062147,0.05084745762711865,0.022598870056497175,0.03389830508474576,0.10734463276836158,0.07344632768361582,0.01694915254237288,0.05084745762711865,0.04519774011299435,0.06779661016949153,0.05084745762711865,0.07344632768361582,0.03389830508474576,0.0847457627118644,0.0,0.05084745762711865,0.18421052631578946,0.2631578947368421,0.18421052631578946,0.3684210526315789,16,22
"RNCMPT00156,min,UUUUUUU,RBD_v3_120276",22,0,177,30,0.06779661016949153,0.022598870056497175,0.03389830508474576,0.0847457627118644,0.02824858757062147,0.05084745762711865,0.022598870056497175,0.03389830508474576,0.10734463276836158,0.07344632768361582,0.01694915254237288,0.05084745762711865,0.04519774011299435,0.06779661016949153,0.05084745762711865,0.07344632768361582,0.03389830508474576,0.0847457627118644,0.0,0.05084745762711865,0.1,0.2,0.23333333333333334,0.4666666666666667,24,30
"RNCMPT00157,max,AGAAGAA,RBD_v3_225915",92,1,170,38,0.07058823529411765,0.011764705882352941,0.03529411764705882,0.1,0.047058823529411764,0.07647058823529412,0.01764705882352941,0.047058823529411764,0.052941176470588235,0.041176470588235294,0.029411764705882353,0.052941176470588235,0.052941176470588235,0.01764705882352941,0.11176470588235295,0.08823529411764706,0.047058823529411764,0.058823529411764705,0.0,0.041176470588235294,0.47368421052631576,0.2631578947368421,0.15789473684210525,0.10526315789473684,1,7
"RNCMPT00157,max,AGAAGAC,RBD_v3_146157",92,1,170,38,0.07058823529411765,0.011764705882352941,0.03529411764705882,0.1,0.047058823529411764,0.07647058823529412,0.01764705882352941,0.047058823529411764,0.052941176470588235,0.041176470588235294,0.029411764705882353,0.052941176470588235,0.052941176470588235,0.01764705882352941,0.11176470588235295,0.08823529411764706,0.047058823529411764,0.058823529411764705,0.0,0.041176470588235294,0.3684210526315789,0.2631578947368421,0.2631578947368421,0.10526315789473684,1,7
"RNCMPT00157,max,AGAAGAU,RBD_v3_070903",92,1,170,38,0.07058823529411765,0.011764705882352941,0.03529411764705882,0.1,0.047058823529411764,0.07647058823529412,0.01764705882352941,0.047058823529411764,0.052941176470588235,0.041176470588235294,0.029411764705882353,0.052941176470588235,0.052941176470588235,0.01764705882352941,0.11176470588235295,0.08823529411764706,0.047058823529411764,0.058823529411764705,0.0,0.041176470588235294,0.23684210526315788,0.3684210526315789,0.18421052631578946,0.21052631578947367,1,7
"RNCMPT00157,min,UGGUUUU,RBD_v3_185877",92,0,170,30,0.07058823529411765,0.011764705882352941,0.03529411764705882,0.1,0.047058823529411764,0.07647058823529412,0.01764705882352941,0.047058823529411764,0.052941176470588235,0.041176470588235294,0.029411764705882353,0.052941176470588235,0.052941176470588235,0.01764705882352941,0.11176470588235295,0.08823529411764706,0.047058823529411764,0.058823529411764705,0.0,0.041176470588235294,0.26666666666666666,0.13333333333333333,0.3333333333333333,0.26666666666666666,15,21
"RNCMPT00157,min,UGUUUUU,RBD_v3_030672",92,0,170,35,0.07058823529411765,0.011764705882352941,0.03529411764705882,0.1,0.047058823529411764,0.07647058823529412,0.01764705882352941,0.047058823529411764,0.052941176470588235,0.041176470588235294,0.029411764705882353,0.052941176470588235,0.052941176470588235,0.01764705882352941,0.11176470588235295,0.08823529411764706,0.047058823529411764,0.058823529411764705,0.0,0.041176470588235294,0.17142857142857143,0.2571428571428571,0.22857142857142856,0.34285714285714286,13,19
"RNCMPT00157,min,UUUUGGU,RBD_v3_040676",92,0,170,38,0.07058823529411765,0.011764705882352941,0.03529411764705882,0.1,0.047058823529411764,0.07647058823529412,0.01764705882352941,0.047058823529411764,0.052941176470588235,0.041176470588235294,0.029411764705882353,0.052941176470588235,0.052941176470588235,0.01764705882352941,0.11176470588235295,0.08823529411764706,0.047058823529411764,0.058823529411764705,0.0,0.041176470588235294,0.18421052631578946,0.15789473684210525,0.23684210526315788,0.42105263157894735,12,18
"RNCMPT00158,max,UUUUUUG,RBD_v3_094016",24,1,278,38,0.06474820143884892,0.039568345323741004,0.08273381294964029,0.0539568345323741,0.05755395683453238,0.08992805755395683,0.017985611510791366,0.050359712230215826,0.046762589928057555,0.07553956834532374,0.014388489208633094,0.014388489208633094,0.07194244604316546,0.050359712230215826,0.06474820143884892,0.0683453237410072,0.017985611510791366,0.06474820143884892,0.01079136690647482,0.04316546762589928,0.15789473684210525,0.18421052631578946,0.18421052631578946,0.47368421052631576,31,37
"RNCMPT00158,max,UUUUUUG,RBD_v3_119555",24,1,278,38,0.06474820143884892,0.039568345323741004,0.08273381294964029,0.0539568345323741,0.05755395683453238,0.08992805755395683,0.017985611510791366,0.050359712230215826,0.046762589928057555,0.07553956834532374,0.014388489208633094,0.014388489208633094,0.07194244604316546,0.050359712230215826,0.06474820143884892,0.0683453237410072,0.017985611510791366,0.06474820143884892,0.01079136690647482,0.04316546762589928,0.15789473684210525,0.18421052631578946,0.18421052631578946,0.47368421052631576,31,37
"RNCMPT00158,max,UUUUUUU,RBD_v3_029559",24,1,278,38,0.06474820143884892,0.039568345323741004,0.08273381294964029,0.0539568345323741,0.05755395683453238,0.08992805755395683,0.017985611510791366,0.050359712230215826,0.046762589928057555,0.07553956834532374,0.014388489208633094,0.014388489208633094,0.07194244604316546,0.050359712230215826,0.06474820143884892,0.0683453237410072,0.017985611510791366,0.06474820143884892,0.01079136690647482,0.04316546762589928,0.18421052631578946,0.18421052631578946,0.23684210526315788,0.39473684210526316,30,36
"RNCMPT00158,min,AGAGUCG,RBD_v3_001231",24,0,278,38,0.06474820143884892,0.039568345323741004,0.08273381294964029,0.0539568345323741,0.05755395683453238,0.08992805755395683,0.017985611510791366,0.050359712230215826,0.046762589928057555,0.07553956834532374,0.014388489208633094,0.014388489208633094,0.07194244604316546,0.050359712230215826,0.06474820143884892,0.0683453237410072,0.017985611510791366,0.06474820143884892,0.01079136690647482,0.04316546762589928,0.3157894736842105,0.21052631578947367,0.2894736842105263,0.18421052631578946,21,27
"RNCMPT00158,min,GAGUCGU,RBD_v3_188393",24,0,278,35,0.06474820143884892,0.039568345323741004,0.08273381294964029,0.0539568345323741,0.05755395683453238,0.08992805755395683,0.017985611510791366,0.050359712230215826,0.046762589928057555,0.07553956834532374,0.014388489208633094,0.014388489208633094,0.07194244604316546,0.050359712230215826,0.06474820143884892,0.0683453237410072,0.017985611510791366,0.06474820143884892,0.01079136690647482,0.04316546762589928,0.2857142857142857,0.2571428571428571,0.2857142857142857,0.17142857142857143,24,30
"RNCMPT00158,min,GUGAGUC,RBD_v3_002522",24,0,278,38,0.06474820143884892,0.039568345323741004,0.08273381294964029,0.0539568345323741,0.05755395683453238,0.08992805755395683,0.017985611510791366,0.050359712230215826,0.046762589928057555,0.07553956834532374,0.014388489208633094,0.014388489208633094,0.07194244604316546,0.050359712230215826,0.06474820143884892,0.0683453237410072,0.017985611510791366,0.06474820143884892,0.01079136690647482,0.04316546762589928,0.34210526315789475,0.2631578947368421,0.23684210526315788,0.15789473684210525,28,34
"RNCMPT00159,max,UUUUUUG,RBD_v3_094016",114,1,136,38,0.08823529411764706,0.007352941176470588,0.07352941176470588,0.029411764705882353,0.04411764705882353,0.08088235294117647,0.014705882352941176,0.04411764705882353,0.07352941176470588,0.07352941176470588,0.014705882352941176,0.0661764705882353,0.03676470588235294,0.022058823529411766,0.08088235294117647,0.08088235294117647,0.029411764705882353,0.0661764705882353,0.0,0.07352941176470588,0.15789473684210525,0.18421052631578946,0.18421052631578946,0.47368421052631576,31,37
"RNCMPT00159,max,UUUUUUG,RBD_v3_119555",114,1,136,38,0.08823529411764706,0.007352941176470588,0.07352941176470588,0.029411764705882353,0.04411764705882353,0.08088235294117647,0.014705882352941176,0.04411764705882353,0.07352941176470588,0.07352941176470588,0.014705882352941176,0.0661764705882353,0.03676470588235294,0.022058823529411766,0.08088235294117647,0.08088235294117647,0.029411764705882353,0.0661764705882353,0.0,0.07352941176470588,0.15789473684210525,0.18421052631578946,0.18421052631578946,0.47368421052631576,31,37
"RNCMPT00159,max,UUUUUUU,RBD_v3_152636",114,1,136,38,0.08823529411764706,0.007352941176470588,0.07352941176470588,0.029411764705882353,0.04411764705882353,0.08088235294117647,0.014705882352941176,0.04411764705882353,0.07352941176470588,0.07352941176470588,0.014705882352941176,0.0661764705882353,0.03676470588235294,0.022058823529411766,0.08088235294117647,0.08088235294117647,0.029411764705882353,0.0661764705882353,0.0,0.07352941176470588,0.21052631578947367,0.18421052631578946,0.23684210526315788,0.3684210526315789,30,36
"RNCMPT00159,min,AAGGGGG,RBD_v3_126934",114,0,136,38,0.08823529411764706,0.007352941176470588,0.07352941176470588,0.029411764705882353,0.04411764705882353,0.08088235294117647,0.014705882352941176,0.04411764705882353,0.07352941176470588,0.07352941176470588,0.014705882352941176,0.0661764705882353,0.03676470588235294,0.022058823529411766,0.08088235294117647,0.08088235294117647,0.029411764705882353,0.0661764705882353,0.0,0.07352941176470588,0.2894736842105263,0.18421052631578946,0.2631578947368421,0.2631578947368421,11,17
"RNCMPT00159,min,AAGGGGG,RBD_v3_230339",114,0,136,38,0.08823529411764706,0.007352941176470588,0.07352941176470588,0.029411764705882353,0.04411764705882353,0.08088235294117647,0.014705882352941176,0.04411764705882353,0.07352941176470588,0.07352941176470588,0.014705882352941176,0.0661764705882353,0.03676470588235294,0.022058823529411766,0.08088235294117647,0.08088235294117647,0.029411764705882353,0.0661764705882353,0.0,0.07352941176470588,0.2894736842105263,0.15789473684210525,0.39473684210526316,0.15789473684210525,19,25
"RNCMPT00159,min,UGGGGGA,RBD_v3_065419",114,0,136,35,0.08823529411764706,0.007352941176470588,0.07352941176470588,0.029411764705882353,0.04411764705882353,0.08088235294117647,0.014705882352941176,0.04411764705882353,0.07352941176470588,0.07352941176470588,0.014705882352941176,0.0661764705882353,0.03676470588235294,0.022058823529411766,0.08088235294117647,0.08088235294117647,0.029411764705882353,0.0661764705882353,0.0,0.07352941176470588,0.3142857142857143,0.17142857142857143,0.3142857142857143,0.2,16,22
"RNCMPT00160,max,GGAGGGA,RBD_v3_202924",46,1,408,38,0.06372549019607843,0.012254901960784314,0.05392156862745098,0.07352941176470588,0.058823529411764705,0.13480392156862744,0.029411764705882353,0.031862745098039214,0.0392156862745098,0.049019607843137254,0.041666666666666664,0.03676470588235294,0.0392156862745098,0.024509803921568627,0.07598039215686274,0.08088235294117647,0.041666666666666664,0.056372549019607844,0.004901960784313725,0.051470588235294115,0.23684210526315788,0.13157894736842105,0.42105263157894735,0.21052631578947367,25,31
"RNCMPT00160,max,GGGAGGG,RBD_v3_070390",46,1,408,35,0.06372549019607843,0.012254901960784314,0.05392156862745098,0.07352941176470588,0.058823529411764705,0.13480392156862744,0.029411764705882353,0.031862745098039214,0.0392156862745098,0.049019607843137254,0.041666666666666664,0.03676470588235294,0.0392156862745098,0.024509803921568627,0.07598039215686274,0.08088235294117647,0.041666666666666664,0.056372549019607844,0.004901960784313725,0.051470588235294115,0.3142857142857143,0.05714285714285714,0.37142857142857144,0.2571428571428571,11,17
"RNCMPT00160,max,GGGAGGG,RBD_v3_081495",46,1,408,30,0.06372549019607843,0.012254901960784314,0.05392156862745098,0.07352941176470588,0.058823529411764705,0.13480392156862744,0.029411764705882353,0.031862745098039214,0.0392156862745098,0.049019607843137254,0.041666666666666664,0.03676470588235294,0.0392156862745098,0.024509803921568627,0.07598039215686274,0.08088235294117647,0.041666666666666664,0.056372549019607844,0.004901960784313725,0.051470588235294115,0.2,0.2,0.5666666666666667,0.03333333333333333,6,12
"RNCMPT00160,min,AGACCCG,RBD_v3_065061",46,0,408,38,0.06372549019607843,0.012254901960784314,0.05392156862745098,0.07352941176470588,0.058823529411764705,0.13480392156862744,0.029411764705882353,0.031862745098039214,0.0392156862745098,0.049019607843137254,0.041666666666666664,0.03676470588235294,0.0392156862745098,0.024509803921568627,0.07598039215686274,0.08088235294117647,0.041666666666666664,0.056372549019607844,0.004901960784313725,0.051470588235294115,0.23684210526315788,0.2894736842105263,0.21052631578947367,0.2631578947368421,1,7
"RNCMPT00160,min,AGACCCG,RBD_v3_163124",46,0,408,38,0.06372549019607843,0.012254901960784314,0.05392156862745098,0.07352941176470588,0.058823529411764705,0.13480392156862744,0.029411764705882353,0.031862745098039214,0.0392156862745098,0.049019607843137254,0.041666666666666664,0.03676470588235294,0.0392156862745098,0.024509803921568627,0.07598039215686274,0.08088235294117647,0.041666666666666664,0.056372549019607844,0.004901960784313725,0.051470588235294115,0.21052631578947367,0.23684210526315788,0.2631578947368421,0.2894736842105263,1,7
"RNCMPT00160,min,AGGCCCG,RBD_v3_072893",46,0,408,38,0.06372549019607843,0.012254901960784314,0.05392156862745098,0.07352941176470588,0.058823529411764705,0.13480392156862744,0.029411764705882353,0.031862745098039214,0.0392156862745098,0.049019607843137254,0.041666666666666664,0.03676470588235294,0.0392156862745098,0.024509803921568627,0.07598039215686274,0.08088235294117647,0.041666666666666664,0.056372549019607844,0.004901960784313725,0.051470588235294115,0.34210526315789475,0.2631578947368421,0.2894736842105263,0.10526315789473684,1,7
"RNCMPT00161,max,AAUGACA,RBD_v3_029838",37,1,232,38,0.05603448275862069,0.004310344827586207,0.04310344827586207,0.09482758620689655,0.034482758620689655,0.09482758620689655,0.021551724137931036,0.06896551724137931,0.0603448275862069,0.08189655172413793,0.02586206896551724,0.03879310344827586,0.021551724137931036,0.04310344827586207,0.08620689655172414,0.05603448275862069,0.04741379310344827,0.09482758620689655,0.0,0.02586206896551724,0.4473684210526316,0.15789473684210525,0.2631578947368421,0.13157894736842105,30,36
"RNCMPT00161,max,AAUGACA,RBD_v3_050497",37,1,232,38,0.05603448275862069,0.004310344827586207,0.04310344827586207,0.09482758620689655,0.034482758620689655,0.09482758620689655,0.021551724137931036,0.06896551724137931,0.0603448275862069,0.08189655172413793,0.02586206896551724,0.03879310344827586,0.021551724137931036,0.04310344827586207,0.08620689655172414,0.05603448275862069,0.04741379310344827,0.09482758620689655,0.0,0.02586206896551724,0.3157894736842105,0.13157894736842105,0.34210526315789475,0.21052631578947367,17,23
"RNCMPT00161,max,AUGACAA,RBD_v3_084176",37,1,232,38,0.05603448275862069,0.004310344827586207,0.04310344827586207,0.09482758620689655,0.034482758620689655,0.09482758620689655,0.021551724137931036,0.06896551724137931,0.0603448275862069,0.08189655172413793,0.02586206896551724,0.03879310344827586,0.021551724137931036,0.04310344827586207,0.08620689655172414,0.05603448275862069,0.04741379310344827,0.09482758620689655,0.0,0.02586206896551724,0.5,0.18421052631578946,0.21052631578947367,0.10526315789473684,21,27
"RNCMPT00161,min,CCAACCC,RBD_v3_171931",37,0,232,30,0.05603448275862069,0.004310344827586207,0.04310344827586207,0.09482758620689655,0.034482758620689655,0.09482758620689655,0.021551724137931036,0.06896551724137931,0.0603448275862069,0.08189655172413793,0.02586206896551724,0.03879310344827586,0.021551724137931036,0.04310344827586207,0.08620689655172414,0.05603448275862069,0.04741379310344827,0.09482758620689655,0.0,0.02586206896551724,0.5333333333333333,0.16666666666666666,0.2,0.1,15,21
"RNCMPT00161,min,CCCCCCC,RBD_v3_108852",37,0,232,30,0.05603448275862069,0.004310344827586207,0.04310344827586207,0.09482758620689655,0.034482758620689655,0.09482758620689655,0.021551724137931036,0.06896551724137931,0.0603448275862069,0.08189655172413793,0.02586206896551724,0.03879310344827586,0.021551724137931036,0.04310344827586207,0.08620689655172414,0.05603448275862069,0.04741379310344827,0.09482758620689655,0.0,0.02586206896551724,0.2,0.4,0.3,0.1,20,26
"RNCMPT00161,min,CCCCUUU,RBD_v3_201456",37,0,232,38,0.05603448275862069,0.004310344827586207,0.04310344827586207,0.09482758620689655,0.034482758620689655,0.09482758620689655,0.021551724137931036,0.06896551724137931,0.0603448275862069,0.08189655172413793,0.02586206896551724,0.03879310344827586,0.021551724137931036,0.04310344827586207,0.08620689655172414,0.05603448275862069,0.04741379310344827,0.09482758620689655,0.0,0.02586206896551724,0.21052631578947367,0.3684210526315789,0.18421052631578946,0.23684210526315788,15,21
"RNCMPT00162,max,CGGAGGA,RBD_v3_002491",64,1,209,30,0.10047846889952153,0.0430622009569378,0.028708133971291867,0.09090909090909091,0.05263157894736842,0.10047846889952153,0.03827751196172249,0.023923444976076555,0.08133971291866028,0.05741626794258373,0.028708133971291867,0.019138755980861243,0.07177033492822966,0.05263157894736842,0.05263157894736842,0.07177033492822966,0.023923444976076555,0.04784688995215311,0.004784688995215311,0.009569377990430622,0.3333333333333333,0.2,0.3333333333333333,0.13333333333333333,11,17
"RNCMPT00162,max,CGGAGGA,RBD_v3_116228",64,1,209,30,0.10047846889952153,0.0430622009569378,0.028708133971291867,0.09090909090909091,0.05263157894736842,0.10047846889952153,0.03827751196172249,0.023923444976076555,0.08133971291866028,0.05741626794258373,0.028708133971291867,0.019138755980861243,0.07177033492822966,0.05263157894736842,0.05263157894736842,0.07177033492822966,0.023923444976076555,0.04784688995215311,0.004784688995215311,0.009569377990430622,0.3333333333333333,0.2,0.3333333333333333,0.13333333333333333,11,17
"RNCMPT00162,max,GGAGGAG,RBD_v3_065928",64,1,209,38,0.10047846889952153,0.0430622009569378,0.028708133971291867,0.09090909090909091,0.05263157894736842,0.10047846889952153,0.03827751196172249,0.023923444976076555,0.08133971291866028,0.05741626794258373,0.028708133971291867,0.019138755980861243,0.07177033492822966,0.05263157894736842,0.05263157894736842,0.07177033492822966,0.023923444976076555,0.04784688995215311,0.004784688995215311,0.009569377990430622,0.3157894736842105,0.13157894736842105,0.39473684210526316,0.15789473684210525,17,23
"RNCMPT00162,min,ACCGCCC,RBD_v3_157306",64,0,209,35,0.10047846889952153,0.0430622009569378,0.028708133971291867,0.09090909090909091,0.05263157894736842,0.10047846889952153,0.03827751196172249,0.023923444976076555,0.08133971291866028,0.05741626794258373,0.028708133971291867,0.019138755980861243,0.07177033492822966,0.05263157894736842,0.05263157894736842,0.07177033492822966,0.023923444976076555,0.04784688995215311,0.004784688995215311,0.009569377990430622,0.3142857142857143,0.2857142857142857,0.2571428571428571,0.14285714285714285,10,16
"RNCMPT00162,min,CGCCGCC,RBD_v3_049594",64,0,209,30,0.10047846889952153,0.0430622009569378,0.028708133971291867,0.09090909090909091,0.05263157894736842,0.10047846889952153,0.03827751196172249,0.023923444976076555,0.08133971291866028,0.05741626794258373,0.028708133971291867,0.019138755980861243,0.07177033492822966,0.05263157894736842,0.05263157894736842,0.07177033492822966,0.023923444976076555,0.04784688995215311,0.004784688995215311,0.009569377990430622,0.26666666666666666,0.23333333333333334,0.3333333333333333,0.16666666666666666,17,23
"RNCMPT00162,min,CGCCGCC,RBD_v3_136214",64,0,209,35,0.10047846889952153,0.0430622009569378,0.028708133971291867,0.09090909090909091,0.05263157894736842,0.10047846889952153,0.03827751196172249,0.023923444976076555,0.08133971291866028,0.05741626794258373,0.028708133971291867,0.019138755980861243,0.07177033492822966,0.05263157894736842,0.05263157894736842,0.07177033492822966,0.023923444976076555,0.04784688995215311,0.004784688995215311,0.009569377990430622,0.2,0.34285714285714286,0.2,0.2571428571428571,12,18
"RNCMPT00164,max,GUUCGUU,RBD_v3_129456",197,1,376,39,0.0851063829787234,0.018617021276595744,0.0425531914893617,0.09574468085106383,0.018617021276595744,0.04521276595744681,0.007978723404255319,0.061170212765957445,0.14627659574468085,0.07180851063829788,0.02127659574468085,0.05585106382978723,0.034574468085106384,0.018617021276595744,0.018617021276595744,0.09574468085106383,0.061170212765957445,0.0797872340425532,0.0,0.02127659574468085,0.05128205128205128,0.1794871794871795,0.3333333333333333,0.4358974358974359,5,11
"RNCMPT00164,max,GUUCGUU,RBD_v3_189047",197,1,376,30,0.0851063829787234,0.018617021276595744,0.0425531914893617,0.09574468085106383,0.018617021276595744,0.04521276595744681,0.007978723404255319,0.061170212765957445,0.14627659574468085,0.07180851063829788,0.02127659574468085,0.05585106382978723,0.034574468085106384,0.018617021276595744,0.018617021276595744,0.09574468085106383,0.061170212765957445,0.0797872340425532,0.0,0.02127659574468085,0.16666666666666666,0.2,0.36666666666666664,0.26666666666666666,10,16
"RNCMPT00164,max,GUUCGUU,RBD_v3_237729",197,1,376,39,0.0851063829787234,0.018617021276595744,0.0425531914893617,0.09574468085106383,0.018617021276595744,0.04521276595744681,0.007978723404255319,0.061170212765957445,0.14627659574468085,0.07180851063829788,0.02127659574468085,0.05585106382978723,0.034574468085106384,0.018617021276595744,0.018617021276595744,0.09574468085106383,0.061170212765957445,0.0797872340425532,0.0,0.02127659574468085,0.05128205128205128,0.1794871794871795,0.3333333333333333,0.4358974358974359,5,11
"RNCMPT00164,min,AGGGGGA,RBD_v3_175568",197,0,376,30,0.0851063829787234,0.018617021276595744,0.0425531914893617,0.09574468085106383,0.018617021276595744,0.04521276595744681,0.007978723404255319,0.061170212765957445,0.14627659574468085,0.07180851063829788,0.02127659574468085,0.05585106382978723,0.034574468085106384,0.018617021276595744,0.018617021276595744,0.09574468085106383,0.061170212765957445,0.0797872340425532,0.0,0.02127659574468085,0.36666666666666664,0.16666666666666666,0.3333333333333333,0.13333333333333333,11,17
"RNCMPT00164,min,AGGGGGA,RBD_v3_216069",197,0,376,38,0.0851063829787234,0.018617021276595744,0.0425531914893617,0.09574468085106383,0.018617021276595744,0.04521276595744681,0.007978723404255319,0.061170212765957445,0.14627659574468085,0.07180851063829788,0.02127659574468085,0.05585106382978723,0.034574468085106384,0.018617021276595744,0.018617021276595744,0.09574468085106383,0.061170212765957445,0.0797872340425532,0.0,0.02127659574468085,0.34210526315789475,0.07894736842105263,0.42105263157894735,0.15789473684210525,9,15
"RNCMPT00164,min,AGGGGGC,RBD_v3_081252",197,0,376,38,0.0851063829787234,0.018617021276595744,0.0425531914893617,0.09574468085106383,0.018617021276595744,0.04521276595744681,0.007978723404255319,0.061170212765957445,0.14627659574468085,0.07180851063829788,0.02127659574468085,0.05585106382978723,0.034574468085106384,0.018617021276595744,0.018617021276595744,0.09574468085106383,0.061170212765957445,0.0797872340425532,0.0,0.02127659574468085,0.3157894736842105,0.13157894736842105,0.39473684210526316,0.15789473684210525,1,7
"RNCMPT00165,max,CUUUUUU,RBD_v3_029559",168,1,350,38,0.06857142857142857,0.017142857142857144,0.04,0.045714285714285714,0.045714285714285714,0.08857142857142856,0.022857142857142857,0.045714285714285714,0.054285714285714284,0.03428571428571429,0.037142857142857144,0.054285714285714284,0.04857142857142857,0.08571428571428572,0.03428571428571429,0.07714285714285714,0.06571428571428571,0.06857142857142857,0.025714285714285714,0.04,0.18421052631578946,0.18421052631578946,0.23684210526315788,0.39473684210526316,29,35
"RNCMPT00165,max,UUUUUUG,RBD_v3_094016",168,1,350,38,0.06857142857142857,0.017142857142857144,0.04,0.045714285714285714,0.045714285714285714,0.08857142857142856,0.022857142857142857,0.045714285714285714,0.054285714285714284,0.03428571428571429,0.037142857142857144,0.054285714285714284,0.04857142857142857,0.08571428571428572,0.03428571428571429,0.07714285714285714,0.06571428571428571,0.06857142857142857,0.025714285714285714,0.04,0.15789473684210525,0.18421052631578946,0.18421052631578946,0.47368421052631576,31,37
"RNCMPT00165,max,UUUUUUG,RBD_v3_119555",168,1,350,38,0.06857142857142857,0.017142857142857144,0.04,0.045714285714285714,0.045714285714285714,0.08857142857142856,0.022857142857142857,0.045714285714285714,0.054285714285714284,0.03428571428571429,0.037142857142857144,0.054285714285714284,0.04857142857142857,0.08571428571428572,0.03428571428571429,0.07714285714285714,0.06571428571428571,0.06857142857142857,0.025714285714285714,0.04,0.15789473684210525,0.18421052631578946,0.18421052631578946,0.47368421052631576,31,37
"RNCMPT00165,min,AGAGUCG,RBD_v3_085147",168,0,350,30,0.06857142857142857,0.017142857142857144,0.04,0.045714285714285714,0.045714285714285714,0.08857142857142856,0.022857142857142857,0.045714285714285714,0.054285714285714284,0.03428571428571429,0.037142857142857144,0.054285714285714284,0.04857142857142857,0.08571428571428572,0.03428571428571429,0.07714285714285714,0.06571428571428571,0.06857142857142857,0.025714285714285714,0.04,0.2,0.3,0.3,0.2,1,7
"RNCMPT00165,min,GUGAGUC,RBD_v3_009929",168,0,350,30,0.06857142857142857,0.017142857142857144,0.04,0.045714285714285714,0.045714285714285714,0.08857142857142856,0.022857142857142857,0.045714285714285714,0.054285714285714284,0.03428571428571429,0.037142857142857144,0.054285714285714284,0.04857142857142857,0.08571428571428572,0.03428571428571429,0.07714285714285714,0.06571428571428571,0.06857142857142857,0.025714285714285714,0.04,0.2,0.23333333333333334,0.4,0.16666666666666666,16,22
"RNCMPT00165,min,GUGAGUC,RBD_v3_131385",168,0,350,38,0.06857142857142857,0.017142857142857144,0.04,0.045714285714285714,0.045714285714285714,0.08857142857142856,0.022857142857142857,0.045714285714285714,0.054285714285714284,0.03428571428571429,0.037142857142857144,0.054285714285714284,0.04857142857142857,0.08571428571428572,0.03428571428571429,0.07714285714285714,0.06571428571428571,0.06857142857142857,0.025714285714285714,0.04,0.23684210526315788,0.15789473684210525,0.42105263157894735,0.18421052631578946,12,18
"RNCMPT00166,max,GUGUUUG,RBD_v3_174371",11,1,485,30,0.088659793814433,0.01443298969072165,0.03711340206185567,0.03917525773195876,0.049484536082474224,0.0865979381443299,0.026804123711340205,0.03917525773195876,0.04329896907216495,0.09278350515463918,0.0288659793814433,0.018556701030927835,0.09896907216494845,0.08247422680412371,0.041237113402061855,0.07216494845360824,0.05979381443298969,0.05567010309278351,0.0,0.024742268041237112,0.2,0.16666666666666666,0.36666666666666664,0.26666666666666666,18,24
"RNCMPT00166,max,UGUGUUU,RBD_v3_146939",11,1,485,39,0.088659793814433,0.01443298969072165,0.03711340206185567,0.03917525773195876,0.049484536082474224,0.0865979381443299,0.026804123711340205,0.03917525773195876,0.04329896907216495,0.09278350515463918,0.0288659793814433,0.018556701030927835,0.09896907216494845,0.08247422680412371,0.041237113402061855,0.07216494845360824,0.05979381443298969,0.05567010309278351,0.0,0.024742268041237112,0.1282051282051282,0.20512820512820512,0.28205128205128205,0.38461538461538464,6,12
"RNCMPT00166,max,UGUUUGU,RBD_v3_069547",11,1,485,35,0.088659793814433,0.01443298969072165,0.03711340206185567,0.03917525773195876,0.049484536082474224,0.0865979381443299,0.026804123711340205,0.03917525773195876,0.04329896907216495,0.09278350515463918,0.0288659793814433,0.018556701030927835,0.09896907216494845,0.08247422680412371,0.041237113402061855,0.07216494845360824,0.05979381443298969,0.05567010309278351,0.0,0.024742268041237112,0.2,0.17142857142857143,0.2857142857142857,0.34285714285714286,4,10
"RNCMPT00166,min,ACACUGC,RBD_v3_071424",11,0,485,38,0.088659793814433,0.01443298969072165,0.03711340206185567,0.03917525773195876,0.049484536082474224,0.0865979381443299,0.026804123711340205,0.03917525773195876,0.04329896907216495,0.09278350515463918,0.0288659793814433,0.018556701030927835,0.09896907216494845,0.08247422680412371,0.041237113402061855,0.07216494845360824,0.05979381443298969,0.05567010309278351,0.0,0.024742268041237112,0.3684210526315789,0.23684210526315788,0.15789473684210525,0.23684210526315788,25,31
"RNCMPT00166,min,CAUGCUA,RBD_v3_030020",11,0,485,38,0.088659793814433,0.01443298969072165,0.03711340206185567,0.03917525773195876,0.049484536082474224,0.0865979381443299,0.026804123711340205,0.03917525773195876,0.04329896907216495,0.09278350515463918,0.0288659793814433,0.018556701030927835,0.09896907216494845,0.08247422680412371,0.041237113402061855,0.07216494845360824,0.05979381443298969,0.05567010309278351,0.0,0.024742268041237112,0.2894736842105263,0.23684210526315788,0.3157894736842105,0.15789473684210525,6,12
"RNCMPT00166,min,CUACCAC,RBD_v3_154632",11,0,485,38,0.088659793814433,0.01443298969072165,0.03711340206185567,0.03917525773195876,0.049484536082474224,0.0865979381443299,0.026804123711340205,0.03917525773195876,0.04329896907216495,0.09278350515463918,0.0288659793814433,0.018556701030927835,0.09896907216494845,0.08247422680412371,0.041237113402061855,0.07216494845360824,0.05979381443298969,0.05567010309278351,0.0,0.024742268041237112,0.23684210526315788,0.34210526315789475,0.23684210526315788,0.18421052631578946,19,25
"RNCMPT00167,max,UUUUUGC,RBD_v3_008256",45,1,131,38,0.11450381679389313,0.007633587786259542,0.06870229007633588,0.03816793893129771,0.05343511450381679,0.08396946564885496,0.015267175572519083,0.03816793893129771,0.07633587786259542,0.030534351145038167,0.04580152671755725,0.06870229007633588,0.030534351145038167,0.022900763358778626,0.05343511450381679,0.08396946564885496,0.015267175572519083,0.09923664122137404,0.0,0.05343511450381679,0.2631578947368421,0.23684210526315788,0.18421052631578946,0.3157894736842105,29,35
"RNCMPT00167,max,UUUUUUG,RBD_v3_094016",45,1,131,38,0.11450381679389313,0.007633587786259542,0.06870229007633588,0.03816793893129771,0.05343511450381679,0.08396946564885496,0.015267175572519083,0.03816793893129771,0.07633587786259542,0.030534351145038167,0.04580152671755725,0.06870229007633588,0.030534351145038167,0.022900763358778626,0.05343511450381679,0.08396946564885496,0.015267175572519083,0.09923664122137404,0.0,0.05343511450381679,0.15789473684210525,0.18421052631578946,0.18421052631578946,0.47368421052631576,31,37
"RNCMPT00167,max,UUUUUUG,RBD_v3_119555",45,1,131,38,0.11450381679389313,0.007633587786259542,0.06870229007633588,0.03816793893129771,0.05343511450381679,0.08396946564885496,0.015267175572519083,0.03816793893129771,0.07633587786259542,0.030534351145038167,0.04580152671755725,0.06870229007633588,0.030534351145038167,0.022900763358778626,0.05343511450381679,0.08396946564885496,0.015267175572519083,0.09923664122137404,0.0,0.05343511450381679,0.15789473684210525,0.18421052631578946,0.18421052631578946,0.47368421052631576,31,37
"RNCMPT00167,min,AGAGUCG,RBD_v3_123308",45,0,131,38,0.11450381679389313,0.007633587786259542,0.06870229007633588,0.03816793893129771,0.05343511450381679,0.08396946564885496,0.015267175572519083,0.03816793893129771,0.07633587786259542,0.030534351145038167,0.04580152671755725,0.06870229007633588,0.030534351145038167,0.022900763358778626,0.05343511450381679,0.08396946564885496,0.015267175572519083,0.09923664122137404,0.0,0.05343511450381679,0.3684210526315789,0.13157894736842105,0.3157894736842105,0.18421052631578946,3,9
"RNCMPT00167,min,GAGUCGU,RBD_v3_113700",45,0,131,30,0.11450381679389313,0.007633587786259542,0.06870229007633588,0.03816793893129771,0.05343511450381679,0.08396946564885496,0.015267175572519083,0.03816793893129771,0.07633587786259542,0.030534351145038167,0.04580152671755725,0.06870229007633588,0.030534351145038167,0.022900763358778626,0.05343511450381679,0.08396946564885496,0.015267175572519083,0.09923664122137404,0.0,0.05343511450381679,0.26666666666666666,0.23333333333333334,0.3333333333333333,0.16666666666666666,16,22
"RNCMPT00167,min,GAGUCGU,RBD_v3_129771",45,0,131,30,0.11450381679389313,0.007633587786259542,0.06870229007633588,0.03816793893129771,0.05343511450381679,0.08396946564885496,0.015267175572519083,0.03816793893129771,0.07633587786259542,0.030534351145038167,0.04580152671755725,0.06870229007633588,0.030534351145038167,0.022900763358778626,0.05343511450381679,0.08396946564885496,0.015267175572519083,0.09923664122137404,0.0,0.05343511450381679,0.16666666666666666,0.23333333333333334,0.3333333333333333,0.26666666666666666,2,8
"RNCMPT00168,max,UGCAUGC,RBD_v3_031356",115,1,169,38,0.08284023668639054,0.005917159763313609,0.05325443786982249,0.0650887573964497,0.05325443786982249,0.07692307692307693,0.01775147928994083,0.029585798816568046,0.05325443786982249,0.04142011834319527,0.011834319526627219,0.07100591715976332,0.05917159763313609,0.07100591715976332,0.05325443786982249,0.05917159763313609,0.09467455621301775,0.07692307692307693,0.005917159763313609,0.01775147928994083,0.21052631578947367,0.3157894736842105,0.23684210526315788,0.23684210526315788,26,32
"RNCMPT00168,max,UGCAUGC,RBD_v3_176762",115,1,169,38,0.08284023668639054,0.005917159763313609,0.05325443786982249,0.0650887573964497,0.05325443786982249,0.07692307692307693,0.01775147928994083,0.029585798816568046,0.05325443786982249,0.04142011834319527,0.011834319526627219,0.07100591715976332,0.05917159763313609,0.07100591715976332,0.05325443786982249,0.05917159763313609,0.09467455621301775,0.07692307692307693,0.005917159763313609,0.01775147928994083,0.3157894736842105,0.21052631578947367,0.23684210526315788,0.23684210526315788,18,24
"RNCMPT00168,max,UUGCAUG,RBD_v3_230485",115,1,169,30,0.08284023668639054,0.005917159763313609,0.05325443786982249,0.0650887573964497,0.05325443786982249,0.07692307692307693,0.01775147928994083,0.029585798816568046,0.05325443786982249,0.04142011834319527,0.011834319526627219,0.07100591715976332,0.05917159763313609,0.07100591715976332,0.05325443786982249,0.05917159763313609,0.09467455621301775,0.07692307692307693,0.005917159763313609,0.01775147928994083,0.3333333333333333,0.16666666666666666,0.3,0.2,13,19
"RNCMPT00168,min,UUCGUCG,RBD_v3_176538",115,0,169,38,0.08284023668639054,0.005917159763313609,0.05325443786982249,0.0650887573964497,0.05325443786982249,0.07692307692307693,0.01775147928994083,0.029585798816568046,0.05325443786982249,0.04142011834319527,0.011834319526627219,0.07100591715976332,0.05917159763313609,0.07100591715976332,0.05325443786982249,0.05917159763313609,0.09467455621301775,0.07692307692307693,0.005917159763313609,0.01775147928994083,0.23684210526315788,0.2631578947368421,0.23684210526315788,0.2631578947368421,25,31
"RNCMPT00168,min,UUUUUUU,RBD_v3_010118",115,0,169,30,0.08284023668639054,0.005917159763313609,0.05325443786982249,0.0650887573964497,0.05325443786982249,0.07692307692307693,0.01775147928994083,0.029585798816568046,0.05325443786982249,0.04142011834319527,0.011834319526627219,0.07100591715976332,0.05917159763313609,0.07100591715976332,0.05325443786982249,0.05917159763313609,0.09467455621301775,0.07692307692307693,0.005917159763313609,0.01775147928994083,0.16666666666666666,0.2,0.2,0.43333333333333335,23,29
"RNCMPT00168,min,UUUUUUU,RBD_v3_046339",115,0,169,30,0.08284023668639054,0.005917159763313609,0.05325443786982249,0.0650887573964497,0.05325443786982249,0.07692307692307693,0.01775147928994083,0.029585798816568046,0.05325443786982249,0.04142011834319527,0.011834319526627219,0.07100591715976332,0.05917159763313609,0.07100591715976332,0.05325443786982249,0.05917159763313609,0.09467455621301775,0.07692307692307693,0.005917159763313609,0.01775147928994083,0.3,0.06666666666666667,0.26666666666666666,0.36666666666666664,24,30
"RNCMPT00169,max,AUAAAAG,RBD_v3_066665",60,1,185,38,0.05405405405405406,0.010810810810810811,0.06486486486486487,0.0972972972972973,0.043243243243243246,0.07567567567567568,0.02702702702702703,0.043243243243243246,0.10810810810810811,0.10270270270270271,0.04864864864864865,0.032432432432432434,0.05945945945945946,0.03783783783783784,0.043243243243243246,0.043243243243243246,0.021621621621621623,0.05945945945945946,0.0,0.02702702702702703,0.39473684210526316,0.21052631578947367,0.13157894736842105,0.2631578947368421,21,27
"RNCMPT00169,max,UAAAAGC,RBD_v3_125730",60,1,185,35,0.05405405405405406,0.010810810810810811,0.06486486486486487,0.0972972972972973,0.043243243243243246,0.07567567567567568,0.02702702702702703,0.043243243243243246,0.10810810810810811,0.10270270270270271,0.04864864864864865,0.032432432432432434,0.05945945945945946,0.03783783783783784,0.043243243243243246,0.043243243243243246,0.021621621621621623,0.05945945945945946,0.0,0.02702702702702703,0.4,0.2,0.2,0.2,28,34
"RNCMPT00169,max,UAAAAGC,RBD_v3_232425",60,1,185,35,0.05405405405405406,0.010810810810810811,0.06486486486486487,0.0972972972972973,0.043243243243243246,0.07567567567567568,0.02702702702702703,0.043243243243243246,0.10810810810810811,0.10270270270270271,0.04864864864864865,0.032432432432432434,0.05945945945945946,0.03783783783783784,0.043243243243243246,0.043243243243243246,0.021621621621621623,0.05945945945945946,0.0,0.02702702702702703,0.4,0.2,0.2,0.2,28,34
"RNCMPT00169,min,AGAGUCG,RBD_v3_078093",60,0,185,35,0.05405405405405406,0.010810810810810811,0.06486486486486487,0.0972972972972973,0.043243243243243246,0.07567567567567568,0.02702702702702703,0.043243243243243246,0.10810810810810811,0.10270270270270271,0.04864864864864865,0.032432432432432434,0.05945945945945946,0.03783783783783784,0.043243243243243246,0.043243243243243246,0.021621621621621623,0.05945945945945946,0.0,0.02702702702702703,0.2571428571428571,0.17142857142857143,0.42857142857142855,0.14285714285714285,1,7
"RNCMPT00169,min,GAGUGGG,RBD_v3_100915",60,0,185,38,0.05405405405405406,0.010810810810810811,0.06486486486486487,0.0972972972972973,0.043243243243243246,0.07567567567567568,0.02702702702702703,0.043243243243243246,0.10810810810810811,0.10270270270270271,0.04864864864864865,0.032432432432432434,0.05945945945945946,0.03783783783783784,0.043243243243243246,0.043243243243243246,0.021621621621621623,0.05945945945945946,0.0,0.02702702702702703,0.2894736842105263,0.21052631578947367,0.3684210526315789,0.13157894736842105,32,38
"RNCMPT00169,min,GAGUGGG,RBD_v3_131215",60,0,185,38,0.05405405405405406,0.010810810810810811,0.06486486486486487,0.0972972972972973,0.043243243243243246,0.07567567567567568,0.02702702702702703,0.043243243243243246,0.10810810810810811,0.10270270270270271,0.04864864864864865,0.032432432432432434,0.05945945945945946,0.03783783783783784,0.043243243243243246,0.043243243243243246,0.021621621621621623,0.05945945945945946,0.0,0.02702702702702703,0.34210526315789475,0.21052631578947367,0.2631578947368421,0.18421052631578946,4,10
"RNCMPT00170,max,AAUCCAA,RBD_v3_026869",127,1,367,30,0.043596730245231606,0.01634877384196185,0.0653950953678474,0.08719346049046321,0.027247956403269755,0.07629427792915532,0.021798365122615803,0.04087193460490463,0.0653950953678474,0.0681198910081744,0.021798365122615803,0.035422343324250684,0.07084468664850137,0.04904632152588556,0.09536784741144415,0.0653950953678474,0.051771117166212535,0.04632152588555858,0.008174386920980926,0.043596730245231606,0.3,0.26666666666666666,0.16666666666666666,0.26666666666666666,4,10
"RNCMPT00170,max,AAUCCAA,RBD_v3_070010",127,1,367,38,0.043596730245231606,0.01634877384196185,0.0653950953678474,0.08719346049046321,0.027247956403269755,0.07629427792915532,0.021798365122615803,0.04087193460490463,0.0653950953678474,0.0681198910081744,0.021798365122615803,0.035422343324250684,0.07084468664850137,0.04904632152588556,0.09536784741144415,0.0653950953678474,0.051771117166212535,0.04632152588555858,0.008174386920980926,0.043596730245231606,0.23684210526315788,0.23684210526315788,0.18421052631578946,0.34210526315789475,27,33
"RNCMPT00170,max,UCAUCCA,RBD_v3_008078",127,1,367,38,0.043596730245231606,0.01634877384196185,0.0653950953678474,0.08719346049046321,0.027247956403269755,0.07629427792915532,0.021798365122615803,0.04087193460490463,0.0653950953678474,0.0681198910081744,0.021798365122615803,0.035422343324250684,0.07084468664850137,0.04904632152588556,0.09536784741144415,0.0653950953678474,0.051771117166212535,0.04632152588555858,0.008174386920980926,0.043596730245231606,0.21052631578947367,0.23684210526315788,0.21052631578947367,0.34210526315789475,18,24
"RNCMPT00170,min,AGGGGGG,RBD_v3_008089",127,0,367,38,0.043596730245231606,0.01634877384196185,0.0653950953678474,0.08719346049046321,0.027247956403269755,0.07629427792915532,0.021798365122615803,0.04087193460490463,0.0653950953678474,0.0681198910081744,0.021798365122615803,0.035422343324250684,0.07084468664850137,0.04904632152588556,0.09536784741144415,0.0653950953678474,0.051771117166212535,0.04632152588555858,0.008174386920980926,0.043596730245231606,0.2894736842105263,0.13157894736842105,0.39473684210526316,0.18421052631578946,19,25
"RNCMPT00170,min,GGGGGGA,RBD_v3_093036",127,0,367,38,0.043596730245231606,0.01634877384196185,0.0653950953678474,0.08719346049046321,0.027247956403269755,0.07629427792915532,0.021798365122615803,0.04087193460490463,0.0653950953678474,0.0681198910081744,0.021798365122615803,0.035422343324250684,0.07084468664850137,0.04904632152588556,0.09536784741144415,0.0653950953678474,0.051771117166212535,0.04632152588555858,0.008174386920980926,0.043596730245231606,0.3157894736842105,0.13157894736842105,0.3157894736842105,0.23684210526315788,2,8
"RNCMPT00170,min,GGGGGGA,RBD_v3_141881",127,0,367,30,0.043596730245231606,0.01634877384196185,0.0653950953678474,0.08719346049046321,0.027247956403269755,0.07629427792915532,0.021798365122615803,0.04087193460490463,0.0653950953678474,0.0681198910081744,0.021798365122615803,0.035422343324250684,0.07084468664850137,0.04904632152588556,0.09536784741144415,0.0653950953678474,0.051771117166212535,0.04632152588555858,0.008174386920980926,0.043596730245231606,0.16666666666666666,0.03333333333333333,0.5,0.3,2,8
"RNCMPT00171,max,AGAAAAU,RBD_v3_134489",91,1,382,30,0.07068062827225131,0.015706806282722512,0.06544502617801047,0.06282722513089005,0.06282722513089005,0.08376963350785341,0.013089005235602094,0.04450261780104712,0.08900523560209424,0.07591623036649214,0.020942408376963352,0.049738219895287955,0.041884816753926704,0.015706806282722512,0.08638743455497382,0.0549738219895288,0.031413612565445025,0.07329842931937172,0.007853403141361256,0.034031413612565446,0.5,0.16666666666666666,0.26666666666666666,0.06666666666666667,1,7
"RNCMPT00171,max,AGAAAUU,RBD_v3_141548",91,1,382,30,0.07068062827225131,0.015706806282722512,0.06544502617801047,0.06282722513089005,0.06282722513089005,0.08376963350785341,0.013089005235602094,0.04450261780104712,0.08900523560209424,0.07591623036649214,0.020942408376963352,0.049738219895287955,0.041884816753926704,0.015706806282722512,0.08638743455497382,0.0549738219895288,0.031413612565445025,0.07329842931937172,0.007853403141361256,0.034031413612565446,0.4,0.16666666666666666,0.26666666666666666,0.16666666666666666,1,7
"RNCMPT00171,max,AGAAAUU,RBD_v3_236647",91,1,382,38,0.07068062827225131,0.015706806282722512,0.06544502617801047,0.06282722513089005,0.06282722513089005,0.08376963350785341,0.013089005235602094,0.04450261780104712,0.08900523560209424,0.07591623036649214,0.020942408376963352,0.049738219895287955,0.041884816753926704,0.015706806282722512,0.08638743455497382,0.0549738219895288,0.031413612565445025,0.07329842931937172,0.007853403141361256,0.034031413612565446,0.4473684210526316,0.21052631578947367,0.18421052631578946,0.15789473684210525,1,7
"RNCMPT00171,min,GGGGGGC,RBD_v3_059942",91,0,382,30,0.07068062827225131,0.015706806282722512,0.06544502617801047,0.06282722513089005,0.06282722513089005,0.08376963350785341,0.013089005235602094,0.04450261780104712,0.08900523560209424,0.07591623036649214,0.020942408376963352,0.049738219895287955,0.041884816753926704,0.015706806282722512,0.08638743455497382,0.0549738219895288,0.031413612565445025,0.07329842931937172,0.007853403141361256,0.034031413612565446,0.2,0.2,0.4666666666666667,0.13333333333333333,10,16
"RNCMPT00171,min,GGGGGGC,RBD_v3_110940",91,0,382,30,0.07068062827225131,0.015706806282722512,0.06544502617801047,0.06282722513089005,0.06282722513089005,0.08376963350785341,0.013089005235602094,0.04450261780104712,0.08900523560209424,0.07591623036649214,0.020942408376963352,0.049738219895287955,0.041884816753926704,0.015706806282722512,0.08638743455497382,0.0549738219895288,0.031413612565445025,0.07329842931937172,0.007853403141361256,0.034031413612565446,0.2,0.23333333333333334,0.36666666666666664,0.2,9,15
"RNCMPT00171,min,GGGGGGG,RBD_v3_131732",91,0,382,30,0.07068062827225131,0.015706806282722512,0.06544502617801047,0.06282722513089005,0.06282722513089005,0.08376963350785341,0.013089005235602094,0.04450261780104712,0.08900523560209424,0.07591623036649214,0.020942408376963352,0.049738219895287955,0.041884816753926704,0.015706806282722512,0.08638743455497382,0.0549738219895288,0.031413612565445025,0.07329842931937172,0.007853403141361256,0.034031413612565446,0.13333333333333333,0.13333333333333333,0.6,0.13333333333333333,2,8
"RNCMPT00172,max,AACACAA,RBD_v3_093718",59,1,579,35,0.07772020725388601,0.010362694300518135,0.03281519861830743,0.07772020725388601,0.027633851468048358,0.06735751295336788,0.02072538860103627,0.07944732297063903,0.08117443868739206,0.07772020725388601,0.013816925734024179,0.04145077720207254,0.07081174438687392,0.07253886010362694,0.044905008635578586,0.06563039723661486,0.05181347150259067,0.06563039723661486,0.0034542314335060447,0.017271157167530225,0.3142857142857143,0.2571428571428571,0.22857142857142856,0.2,25,31
"RNCMPT00172,max,ACAAACA,RBD_v3_240735",59,1,579,38,0.07772020725388601,0.010362694300518135,0.03281519861830743,0.07772020725388601,0.027633851468048358,0.06735751295336788,0.02072538860103627,0.07944732297063903,0.08117443868739206,0.07772020725388601,0.013816925734024179,0.04145077720207254,0.07081174438687392,0.07253886010362694,0.044905008635578586,0.06563039723661486,0.05181347150259067,0.06563039723661486,0.0034542314335060447,0.017271157167530225,0.3684210526315789,0.23684210526315788,0.13157894736842105,0.2631578947368421,5,11
"RNCMPT00172,max,CAAUUCA,RBD_v3_180258",59,1,579,38,0.07772020725388601,0.010362694300518135,0.03281519861830743,0.07772020725388601,0.027633851468048358,0.06735751295336788,0.02072538860103627,0.07944732297063903,0.08117443868739206,0.07772020725388601,0.013816925734024179,0.04145077720207254,0.07081174438687392,0.07253886010362694,0.044905008635578586,0.06563039723661486,0.05181347150259067,0.06563039723661486,0.0034542314335060447,0.017271157167530225,0.42105263157894735,0.2631578947368421,0.15789473684210525,0.15789473684210525,23,29
"RNCMPT00172,min,CCCCCCC,RBD_v3_181436",59,0,579,35,0.07772020725388601,0.010362694300518135,0.03281519861830743,0.07772020725388601,0.027633851468048358,0.06735751295336788,0.02072538860103627,0.07944732297063903,0.08117443868739206,0.07772020725388601,0.013816925734024179,0.04145077720207254,0.07081174438687392,0.07253886010362694,0.044905008635578586,0.06563039723661486,0.05181347150259067,0.06563039723661486,0.0034542314335060447,0.017271157167530225,0.2857142857142857,0.4,0.11428571428571428,0.2,25,31
"RNCMPT00172,min,CCUGCCC,RBD_v3_190070",59,0,579,38,0.07772020725388601,0.010362694300518135,0.03281519861830743,0.07772020725388601,0.027633851468048358,0.06735751295336788,0.02072538860103627,0.07944732297063903,0.08117443868739206,0.07772020725388601,0.013816925734024179,0.04145077720207254,0.07081174438687392,0.07253886010362694,0.044905008635578586,0.06563039723661486,0.05181347150259067,0.06563039723661486,0.0034542314335060447,0.017271157167530225,0.2631578947368421,0.3157894736842105,0.18421052631578946,0.23684210526315788,17,23
"RNCMPT00172,min,GCCACCC,RBD_v3_096852",59,0,579,35,0.07772020725388601,0.010362694300518135,0.03281519861830743,0.07772020725388601,0.027633851468048358,0.06735751295336788,0.02072538860103627,0.07944732297063903,0.08117443868739206,0.07772020725388601,0.013816925734024179,0.04145077720207254,0.07081174438687392,0.07253886010362694,0.044905008635578586,0.06563039723661486,0.05181347150259067,0.06563039723661486,0.0034542314335060447,0.017271157167530225,0.22857142857142856,0.2857142857142857,0.22857142857142856,0.2571428571428571,21,27
"RNCMPT00173,max,AUAUAGC,RBD_v3_121401",130,1,246,38,0.07317073170731707,0.016260162601626018,0.04065040650406504,0.044715447154471545,0.024390243902439025,0.07317073170731707,0.016260162601626018,0.04065040650406504,0.07317073170731707,0.06910569105691057,0.024390243902439025,0.06504065040650407,0.08943089430894309,0.07723577235772358,0.032520325203252036,0.08536585365853659,0.06097560975609756,0.036585365853658534,0.0040650406504065045,0.052845528455284556,0.3684210526315789,0.21052631578947367,0.2894736842105263,0.13157894736842105,29,35
"RNCMPT00173,max,AUAUAGC,RBD_v3_236027",130,1,246,38,0.07317073170731707,0.016260162601626018,0.04065040650406504,0.044715447154471545,0.024390243902439025,0.07317073170731707,0.016260162601626018,0.04065040650406504,0.07317073170731707,0.06910569105691057,0.024390243902439025,0.06504065040650407,0.08943089430894309,0.07723577235772358,0.032520325203252036,0.08536585365853659,0.06097560975609756,0.036585365853658534,0.0040650406504065045,0.052845528455284556,0.3684210526315789,0.21052631578947367,0.2894736842105263,0.13157894736842105,29,35
"RNCMPT00173,max,UAUAUAG,RBD_v3_042649",130,1,246,38,0.07317073170731707,0.016260162601626018,0.04065040650406504,0.044715447154471545,0.024390243902439025,0.07317073170731707,0.016260162601626018,0.04065040650406504,0.07317073170731707,0.06910569105691057,0.024390243902439025,0.06504065040650407,0.08943089430894309,0.07723577235772358,0.032520325203252036,0.08536585365853659,0.06097560975609756,0.036585365853658534,0.0040650406504065045,0.052845528455284556,0.3684210526315789,0.13157894736842105,0.18421052631578946,0.3157894736842105,13,19
"RNCMPT00173,min,AGAGUCG,RBD_v3_229927",130,0,246,35,0.07317073170731707,0.016260162601626018,0.04065040650406504,0.044715447154471545,0.024390243902439025,0.07317073170731707,0.016260162601626018,0.04065040650406504,0.07317073170731707,0.06910569105691057,0.024390243902439025,0.06504065040650407,0.08943089430894309,0.07723577235772358,0.032520325203252036,0.08536585365853659,0.06097560975609756,0.036585365853658534,0.0040650406504065045,0.052845528455284556,0.2857142857142857,0.22857142857142856,0.22857142857142856,0.2571428571428571,24,30
"RNCMPT00173,min,CCCCCCC,RBD_v3_115165",130,0,246,38,0.07317073170731707,0.016260162601626018,0.04065040650406504,0.044715447154471545,0.024390243902439025,0.07317073170731707,0.016260162601626018,0.04065040650406504,0.07317073170731707,0.06910569105691057,0.024390243902439025,0.06504065040650407,0.08943089430894309,0.07723577235772358,0.032520325203252036,0.08536585365853659,0.06097560975609756,0.036585365853658534,0.0040650406504065045,0.052845528455284556,0.15789473684210525,0.3157894736842105,0.2894736842105263,0.23684210526315788,25,31
"RNCMPT00173,min,CCCCCCC,RBD_v3_183991",130,0,246,38,0.07317073170731707,0.016260162601626018,0.04065040650406504,0.044715447154471545,0.024390243902439025,0.07317073170731707,0.016260162601626018,0.04065040650406504,0.07317073170731707,0.06910569105691057,0.024390243902439025,0.06504065040650407,0.08943089430894309,0.07723577235772358,0.032520325203252036,0.08536585365853659,0.06097560975609756,0.036585365853658534,0.0040650406504065045,0.052845528455284556,0.23684210526315788,0.3157894736842105,0.34210526315789475,0.10526315789473684,27,33
"RNCMPT00174,max,UAUAUUA,RBD_v3_023250",150,1,600,35,0.135,0.006666666666666667,0.03,0.021666666666666667,0.013333333333333334,0.09,0.01,0.03333333333333333,0.03666666666666667,0.04666666666666667,0.035,0.045,0.10666666666666667,0.09166666666666666,0.028333333333333332,0.08166666666666667,0.08166666666666667,0.05,0.008333333333333333,0.04833333333333333,0.2857142857142857,0.2,0.2,0.3142857142857143,4,10
"RNCMPT00174,max,UAUUUUA,RBD_v3_005916",150,1,600,38,0.135,0.006666666666666667,0.03,0.021666666666666667,0.013333333333333334,0.09,0.01,0.03333333333333333,0.03666666666666667,0.04666666666666667,0.035,0.045,0.10666666666666667,0.09166666666666666,0.028333333333333332,0.08166666666666667,0.08166666666666667,0.05,0.008333333333333333,0.04833333333333333,0.2631578947368421,0.23684210526315788,0.18421052631578946,0.3157894736842105,20,26
"RNCMPT00174,max,UAUUUUA,RBD_v3_116039",150,1,600,38,0.135,0.006666666666666667,0.03,0.021666666666666667,0.013333333333333334,0.09,0.01,0.03333333333333333,0.03666666666666667,0.04666666666666667,0.035,0.045,0.10666666666666667,0.09166666666666666,0.028333333333333332,0.08166666666666667,0.08166666666666667,0.05,0.008333333333333333,0.04833333333333333,0.2631578947368421,0.23684210526315788,0.18421052631578946,0.3157894736842105,20,26
"RNCMPT00174,min,AGAGUCG,RBD_v3_003246",150,0,600,38,0.135,0.006666666666666667,0.03,0.021666666666666667,0.013333333333333334,0.09,0.01,0.03333333333333333,0.03666666666666667,0.04666666666666667,0.035,0.045,0.10666666666666667,0.09166666666666666,0.028333333333333332,0.08166666666666667,0.08166666666666667,0.05,0.008333333333333333,0.04833333333333333,0.2894736842105263,0.39473684210526316,0.23684210526315788,0.07894736842105263,22,28
"RNCMPT00174,min,AGAGUCG,RBD_v3_104687",150,0,600,30,0.135,0.006666666666666667,0.03,0.021666666666666667,0.013333333333333334,0.09,0.01,0.03333333333333333,0.03666666666666667,0.04666666666666667,0.035,0.045,0.10666666666666667,0.09166666666666666,0.028333333333333332,0.08166666666666667,0.08166666666666667,0.05,0.008333333333333333,0.04833333333333333,0.16666666666666666,0.23333333333333334,0.23333333333333334,0.36666666666666664,1,7
"RNCMPT00174,min,GUGAGUC,RBD_v3_193333",150,0,600,35,0.135,0.006666666666666667,0.03,0.021666666666666667,0.013333333333333334,0.09,0.01,0.03333333333333333,0.03666666666666667,0.04666666666666667,0.035,0.045,0.10666666666666667,0.09166666666666666,0.028333333333333332,0.08166666666666667,0.08166666666666667,0.05,0.008333333333333333,0.04833333333333333,0.34285714285714286,0.11428571428571428,0.3142857142857143,0.22857142857142856,21,27
"RNCMPT00175,max,AUAUAUA,RBD_v3_165347",150,1,498,38,0.12650602409638553,0.008032128514056224,0.03413654618473896,0.02610441767068273,0.020080321285140562,0.08032128514056225,0.008032128514056224,0.03815261044176707,0.040160642570281124,0.04618473895582329,0.03614457831325301,0.050200803212851405,0.09437751004016064,0.08433734939759036,0.02610441767068273,0.07429718875502007,0.09236947791164658,0.05421686746987952,0.008032128514056224,0.05220883534136546,0.3157894736842105,0.23684210526315788,0.15789473684210525,0.2894736842105263,25,31
"RNCMPT00175,max,UAUAUUA,RBD_v3_023250",150,1,498,35,0.12650602409638553,0.008032128514056224,0.03413654618473896,0.02610441767068273,0.020080321285140562,0.08032128514056225,0.008032128514056224,0.03815261044176707,0.040160642570281124,0.04618473895582329,0.03614457831325301,0.050200803212851405,0.09437751004016064,0.08433734939759036,0.02610441767068273,0.07429718875502007,0.09236947791164658,0.05421686746987952,0.008032128514056224,0.05220883534136546,0.2857142857142857,0.2,0.2,0.3142857142857143,4,10
"RNCMPT00175,max,UAUAUUA,RBD_v3_106267",150,1,498,30,0.12650602409638553,0.008032128514056224,0.03413654618473896,0.02610441767068273,0.020080321285140562,0.08032128514056225,0.008032128514056224,0.03815261044176707,0.040160642570281124,0.04618473895582329,0.03614457831325301,0.050200803212851405,0.09437751004016064,0.08433734939759036,0.02610441767068273,0.07429718875502007,0.09236947791164658,0.05421686746987952,0.008032128514056224,0.05220883534136546,0.3333333333333333,0.13333333333333333,0.3,0.23333333333333334,9,15
"RNCMPT00175,min,CCCCCCC,RBD_v3_183991",150,0,498,38,0.12650602409638553,0.008032128514056224,0.03413654618473896,0.02610441767068273,0.020080321285140562,0.08032128514056225,0.008032128514056224,0.03815261044176707,0.040160642570281124,0.04618473895582329,0.03614457831325301,0.050200803212851405,0.09437751004016064,0.08433734939759036,0.02610441767068273,0.07429718875502007,0.09236947791164658,0.05421686746987952,0.008032128514056224,0.05220883534136546,0.23684210526315788,0.3157894736842105,0.34210526315789475,0.10526315789473684,27,33
"RNCMPT00175,min,CCCCCCU,RBD_v3_183023",150,0,498,38,0.12650602409638553,0.008032128514056224,0.03413654618473896,0.02610441767068273,0.020080321285140562,0.08032128514056225,0.008032128514056224,0.03815261044176707,0.040160642570281124,0.04618473895582329,0.03614457831325301,0.050200803212851405,0.09437751004016064,0.08433734939759036,0.02610441767068273,0.07429718875502007,0.09236947791164658,0.05421686746987952,0.008032128514056224,0.05220883534136546,0.13157894736842105,0.39473684210526316,0.21052631578947367,0.2631578947368421,26,32
"RNCMPT00175,min,GUGAGUC,RBD_v3_230980",150,0,498,35,0.12650602409638553,0.008032128514056224,0.03413654618473896,0.02610441767068273,0.020080321285140562,0.08032128514056225,0.008032128514056224,0.03815261044176707,0.040160642570281124,0.04618473895582329,0.03614457831325301,0.050200803212851405,0.09437751004016064,0.08433734939759036,0.02610441767068273,0.07429718875502007,0.09236947791164658,0.05421686746987952,0.008032128514056224,0.05220883534136546,0.3142857142857143,0.2857142857142857,0.2857142857142857,0.11428571428571428,10,16
"RNCMPT00176,max,UAGGUAG,RBD_v3_152603",77,1,362,35,0.09116022099447514,0.011049723756906077,0.04143646408839779,0.052486187845303865,0.06077348066298342,0.10497237569060773,0.022099447513812154,0.027624309392265192,0.04696132596685083,0.055248618784530384,0.04419889502762431,0.016574585635359115,0.0856353591160221,0.03591160220994475,0.049723756906077346,0.06906077348066299,0.08287292817679558,0.06353591160220995,0.0055248618784530384,0.03314917127071823,0.3142857142857143,0.17142857142857143,0.2857142857142857,0.22857142857142856,5,11
"RNCMPT00176,max,UAGGUAG,RBD_v3_241293",77,1,362,35,0.09116022099447514,0.011049723756906077,0.04143646408839779,0.052486187845303865,0.06077348066298342,0.10497237569060773,0.022099447513812154,0.027624309392265192,0.04696132596685083,0.055248618784530384,0.04419889502762431,0.016574585635359115,0.0856353591160221,0.03591160220994475,0.049723756906077346,0.06906077348066299,0.08287292817679558,0.06353591160220995,0.0055248618784530384,0.03314917127071823,0.3142857142857143,0.17142857142857143,0.2857142857142857,0.22857142857142856,5,11
"RNCMPT00176,max,UAGUUAG,RBD_v3_022963",77,1,362,38,0.09116022099447514,0.011049723756906077,0.04143646408839779,0.052486187845303865,0.06077348066298342,0.10497237569060773,0.022099447513812154,0.027624309392265192,0.04696132596685083,0.055248618784530384,0.04419889502762431,0.016574585635359115,0.0856353591160221,0.03591160220994475,0.049723756906077346,0.06906077348066299,0.08287292817679558,0.06353591160220995,0.0055248618784530384,0.03314917127071823,0.34210526315789475,0.18421052631578946,0.18421052631578946,0.2894736842105263,18,24
"RNCMPT00176,min,CCCCUGC,RBD_v3_053875",77,0,362,38,0.09116022099447514,0.011049723756906077,0.04143646408839779,0.052486187845303865,0.06077348066298342,0.10497237569060773,0.022099447513812154,0.027624309392265192,0.04696132596685083,0.055248618784530384,0.04419889502762431,0.016574585635359115,0.0856353591160221,0.03591160220994475,0.049723756906077346,0.06906077348066299,0.08287292817679558,0.06353591160220995,0.0055248618784530384,0.03314917127071823,0.18421052631578946,0.34210526315789475,0.15789473684210525,0.3157894736842105,25,31
"RNCMPT00176,min,CCCUCUG,RBD_v3_061201",77,0,362,35,0.09116022099447514,0.011049723756906077,0.04143646408839779,0.052486187845303865,0.06077348066298342,0.10497237569060773,0.022099447513812154,0.027624309392265192,0.04696132596685083,0.055248618784530384,0.04419889502762431,0.016574585635359115,0.0856353591160221,0.03591160220994475,0.049723756906077346,0.06906077348066299,0.08287292817679558,0.06353591160220995,0.0055248618784530384,0.03314917127071823,0.2,0.37142857142857144,0.17142857142857143,0.2571428571428571,22,28
"RNCMPT00176,min,CCCUCUG,RBD_v3_177237",77,0,362,38,0.09116022099447514,0.011049723756906077,0.04143646408839779,0.052486187845303865,0.06077348066298342,0.10497237569060773,0.022099447513812154,0.027624309392265192,0.04696132596685083,0.055248618784530384,0.04419889502762431,0.016574585635359115,0.0856353591160221,0.03591160220994475,0.049723756906077346,0.06906077348066299,0.08287292817679558,0.06353591160220995,0.0055248618784530384,0.03314917127071823,0.23684210526315788,0.2894736842105263,0.15789473684210525,0.3157894736842105,27,33
"RNCMPT00177,max,AGAGUAA,RBD_v3_147087",149,1,221,38,0.08597285067873303,0.00904977375565611,0.04524886877828054,0.1085972850678733,0.06787330316742081,0.07692307692307693,0.00904977375565611,0.04072398190045249,0.06787330316742081,0.09049773755656108,0.00904977375565611,0.027149321266968326,0.06334841628959276,0.03167420814479638,0.09049773755656108,0.05429864253393665,0.049773755656108594,0.05429864253393665,0.0,0.01809954751131222,0.34210526315789475,0.15789473684210525,0.21052631578947367,0.2894736842105263,1,7
"RNCMPT00177,max,AGAGUAA,RBD_v3_208884",149,1,221,38,0.08597285067873303,0.00904977375565611,0.04524886877828054,0.1085972850678733,0.06787330316742081,0.07692307692307693,0.00904977375565611,0.04072398190045249,0.06787330316742081,0.09049773755656108,0.00904977375565611,0.027149321266968326,0.06334841628959276,0.03167420814479638,0.09049773755656108,0.05429864253393665,0.049773755656108594,0.05429864253393665,0.0,0.01809954751131222,0.23684210526315788,0.18421052631578946,0.2894736842105263,0.2894736842105263,1,7
"RNCMPT00177,max,GUAGUGU,RBD_v3_037143",149,1,221,38,0.08597285067873303,0.00904977375565611,0.04524886877828054,0.1085972850678733,0.06787330316742081,0.07692307692307693,0.00904977375565611,0.04072398190045249,0.06787330316742081,0.09049773755656108,0.00904977375565611,0.027149321266968326,0.06334841628959276,0.03167420814479638,0.09049773755656108,0.05429864253393665,0.049773755656108594,0.05429864253393665,0.0,0.01809954751131222,0.21052631578947367,0.21052631578947367,0.2631578947368421,0.3157894736842105,5,11
"RNCMPT00177,min,GGGGGCC,RBD_v3_087406",149,0,221,30,0.08597285067873303,0.00904977375565611,0.04524886877828054,0.1085972850678733,0.06787330316742081,0.07692307692307693,0.00904977375565611,0.04072398190045249,0.06787330316742081,0.09049773755656108,0.00904977375565611,0.027149321266968326,0.06334841628959276,0.03167420814479638,0.09049773755656108,0.05429864253393665,0.049773755656108594,0.05429864253393665,0.0,0.01809954751131222,0.26666666666666666,0.23333333333333334,0.4,0.1,12,18
"RNCMPT00177,min,GGGGGCC,RBD_v3_110571",149,0,221,38,0.08597285067873303,0.00904977375565611,0.04524886877828054,0.1085972850678733,0.06787330316742081,0.07692307692307693,0.00904977375565611,0.04072398190045249,0.06787330316742081,0.09049773755656108,0.00904977375565611,0.027149321266968326,0.06334841628959276,0.03167420814479638,0.09049773755656108,0.05429864253393665,0.049773755656108594,0.05429864253393665,0.0,0.01809954751131222,0.21052631578947367,0.18421052631578946,0.34210526315789475,0.2631578947368421,5,11
"RNCMPT00177,min,GGGGGCC,RBD_v3_124350",149,0,221,35,0.08597285067873303,0.00904977375565611,0.04524886877828054,0.1085972850678733,0.06787330316742081,0.07692307692307693,0.00904977375565611,0.04072398190045249,0.06787330316742081,0.09049773755656108,0.00904977375565611,0.027149321266968326,0.06334841628959276,0.03167420814479638,0.09049773755656108,0.05429864253393665,0.049773755656108594,0.05429864253393665,0.0,0.01809954751131222,0.22857142857142856,0.17142857142857143,0.34285714285714286,0.2571428571428571,4,10
"RNCMPT00178,max,ACACACA,RBD_v3_049614",50,1,542,38,0.06273062730627306,0.027675276752767528,0.04059040590405904,0.07011070110701106,0.03874538745387454,0.07749077490774908,0.025830258302583026,0.03874538745387454,0.05904059040590406,0.07749077490774908,0.02214022140221402,0.04981549815498155,0.05350553505535055,0.033210332103321034,0.055350553505535055,0.08856088560885608,0.05166051660516605,0.07933579335793357,0.0036900369003690036,0.04428044280442804,0.2631578947368421,0.2631578947368421,0.18421052631578946,0.2894736842105263,12,18
"RNCMPT00178,max,ACACGCA,RBD_v3_196275",50,1,542,38,0.06273062730627306,0.027675276752767528,0.04059040590405904,0.07011070110701106,0.03874538745387454,0.07749077490774908,0.025830258302583026,0.03874538745387454,0.05904059040590406,0.07749077490774908,0.02214022140221402,0.04981549815498155,0.05350553505535055,0.033210332103321034,0.055350553505535055,0.08856088560885608,0.05166051660516605,0.07933579335793357,0.0036900369003690036,0.04428044280442804,0.3157894736842105,0.2631578947368421,0.2631578947368421,0.15789473684210525,3,9
"RNCMPT00178,max,GCACACA,RBD_v3_152810",50,1,542,35,0.06273062730627306,0.027675276752767528,0.04059040590405904,0.07011070110701106,0.03874538745387454,0.07749077490774908,0.025830258302583026,0.03874538745387454,0.05904059040590406,0.07749077490774908,0.02214022140221402,0.04981549815498155,0.05350553505535055,0.033210332103321034,0.055350553505535055,0.08856088560885608,0.05166051660516605,0.07933579335793357,0.0036900369003690036,0.04428044280442804,0.34285714285714286,0.22857142857142856,0.2,0.22857142857142856,12,18
"RNCMPT00178,min,AGUGAGU,RBD_v3_187727",50,0,542,30,0.06273062730627306,0.027675276752767528,0.04059040590405904,0.07011070110701106,0.03874538745387454,0.07749077490774908,0.025830258302583026,0.03874538745387454,0.05904059040590406,0.07749077490774908,0.02214022140221402,0.04981549815498155,0.05350553505535055,0.033210332103321034,0.055350553505535055,0.08856088560885608,0.05166051660516605,0.07933579335793357,0.0036900369003690036,0.04428044280442804,0.26666666666666666,0.13333333333333333,0.23333333333333334,0.36666666666666664,20,26
"RNCMPT00178,min,AGUGAGU,RBD_v3_201706",50,0,542,38,0.06273062730627306,0.027675276752767528,0.04059040590405904,0.07011070110701106,0.03874538745387454,0.07749077490774908,0.025830258302583026,0.03874538745387454,0.05904059040590406,0.07749077490774908,0.02214022140221402,0.04981549815498155,0.05350553505535055,0.033210332103321034,0.055350553505535055,0.08856088560885608,0.05166051660516605,0.07933579335793357,0.0036900369003690036,0.04428044280442804,0.2894736842105263,0.07894736842105263,0.4473684210526316,0.18421052631578946,28,34
"RNCMPT00178,min,GUGUGUC,RBD_v3_019656",50,0,542,35,0.06273062730627306,0.027675276752767528,0.04059040590405904,0.07011070110701106,0.03874538745387454,0.07749077490774908,0.025830258302583026,0.03874538745387454,0.05904059040590406,0.07749077490774908,0.02214022140221402,0.04981549815498155,0.05350553505535055,0.033210332103321034,0.055350553505535055,0.08856088560885608,0.05166051660516605,0.07933579335793357,0.0036900369003690036,0.04428044280442804,0.2571428571428571,0.2,0.2857142857142857,0.2571428571428571,7,13
"RNCMPT00179,max,GUGUGUG,RBD_v3_104995",161,1,248,30,0.16129032258064516,0.004032258064516129,0.036290322580645164,0.03225806451612903,0.03225806451612903,0.07258064516129033,0.016129032258064516,0.03225806451612903,0.03225806451612903,0.0846774193548387,0.028225806451612902,0.04435483870967742,0.06451612903225806,0.11693548387096774,0.036290322580645164,0.028225806451612902,0.06048387096774194,0.06451612903225806,0.0,0.05241935483870968,0.23333333333333334,0.16666666666666666,0.3333333333333333,0.26666666666666666,11,17
"RNCMPT00179,max,GUGUGUG,RBD_v3_138402",161,1,248,35,0.16129032258064516,0.004032258064516129,0.036290322580645164,0.03225806451612903,0.03225806451612903,0.07258064516129033,0.016129032258064516,0.03225806451612903,0.03225806451612903,0.0846774193548387,0.028225806451612902,0.04435483870967742,0.06451612903225806,0.11693548387096774,0.036290322580645164,0.028225806451612902,0.06048387096774194,0.06451612903225806,0.0,0.05241935483870968,0.2857142857142857,0.17142857142857143,0.2857142857142857,0.2571428571428571,14,20
"RNCMPT00179,max,UUGUGUG,RBD_v3_014236",161,1,248,35,0.16129032258064516,0.004032258064516129,0.036290322580645164,0.03225806451612903,0.03225806451612903,0.07258064516129033,0.016129032258064516,0.03225806451612903,0.03225806451612903,0.0846774193548387,0.028225806451612902,0.04435483870967742,0.06451612903225806,0.11693548387096774,0.036290322580645164,0.028225806451612902,0.06048387096774194,0.06451612903225806,0.0,0.05241935483870968,0.2857142857142857,0.14285714285714285,0.3142857142857143,0.2571428571428571,11,17
"RNCMPT00179,min,ACUCGCA,RBD_v3_118630",161,0,248,35,0.16129032258064516,0.004032258064516129,0.036290322580645164,0.03225806451612903,0.03225806451612903,0.07258064516129033,0.016129032258064516,0.03225806451612903,0.03225806451612903,0.0846774193548387,0.028225806451612902,0.04435483870967742,0.06451612903225806,0.11693548387096774,0.036290322580645164,0.028225806451612902,0.06048387096774194,0.06451612903225806,0.0,0.05241935483870968,0.2857142857142857,0.3142857142857143,0.2,0.2,5,11
"RNCMPT00179,min,CACUCAC,RBD_v3_228840",161,0,248,38,0.16129032258064516,0.004032258064516129,0.036290322580645164,0.03225806451612903,0.03225806451612903,0.07258064516129033,0.016129032258064516,0.03225806451612903,0.03225806451612903,0.0846774193548387,0.028225806451612902,0.04435483870967742,0.06451612903225806,0.11693548387096774,0.036290322580645164,0.028225806451612902,0.06048387096774194,0.06451612903225806,0.0,0.05241935483870968,0.34210526315789475,0.2631578947368421,0.18421052631578946,0.21052631578947367,31,37
"RNCMPT00179,min,UACUCAC,RBD_v3_125017",161,0,248,38,0.16129032258064516,0.004032258064516129,0.036290322580645164,0.03225806451612903,0.03225806451612903,0.07258064516129033,0.016129032258064516,0.03225806451612903,0.03225806451612903,0.0846774193548387,0.028225806451612902,0.04435483870967742,0.06451612903225806,0.11693548387096774,0.036290322580645164,0.028225806451612902,0.06048387096774194,0.06451612903225806,0.0,0.05241935483870968,0.3157894736842105,0.3157894736842105,0.18421052631578946,0.18421052631578946,31,37
"RNCMPT00180,max,UUGCAUG,RBD_v3_108076",4,1,404,39,0.15346534653465346,0.0,0.027227722772277228,0.03217821782178218,0.03217821782178218,0.04950495049504951,0.022277227722772276,0.03712871287128713,0.022277227722772276,0.07425742574257425,0.03712871287128713,0.03217821782178218,0.07178217821782178,0.18564356435643564,0.04455445544554455,0.06188118811881188,0.05198019801980198,0.05198019801980198,0.0,0.012376237623762377,0.1794871794871795,0.07692307692307693,0.28205128205128205,0.46153846153846156,6,12
"RNCMPT00180,max,UUGCAUG,RBD_v3_230485",4,1,404,30,0.15346534653465346,0.0,0.027227722772277228,0.03217821782178218,0.03217821782178218,0.04950495049504951,0.022277227722772276,0.03712871287128713,0.022277227722772276,0.07425742574257425,0.03712871287128713,0.03217821782178218,0.07178217821782178,0.18564356435643564,0.04455445544554455,0.06188118811881188,0.05198019801980198,0.05198019801980198,0.0,0.012376237623762377,0.3333333333333333,0.16666666666666666,0.3,0.2,13,19
"RNCMPT00180,max,UUGCAUG,RBD_v3_230545",4,1,404,30,0.15346534653465346,0.0,0.027227722772277228,0.03217821782178218,0.03217821782178218,0.04950495049504951,0.022277227722772276,0.03712871287128713,0.022277227722772276,0.07425742574257425,0.03712871287128713,0.03217821782178218,0.07178217821782178,0.18564356435643564,0.04455445544554455,0.06188118811881188,0.05198019801980198,0.05198019801980198,0.0,0.012376237623762377,0.43333333333333335,0.1,0.3333333333333333,0.13333333333333333,13,19
"RNCMPT00180,min,AAAUCCC,RBD_v3_240085",4,0,404,35,0.15346534653465346,0.0,0.027227722772277228,0.03217821782178218,0.03217821782178218,0.04950495049504951,0.022277227722772276,0.03712871287128713,0.022277227722772276,0.07425742574257425,0.03712871287128713,0.03217821782178218,0.07178217821782178,0.18564356435643564,0.04455445544554455,0.06188118811881188,0.05198019801980198,0.05198019801980198,0.0,0.012376237623762377,0.34285714285714286,0.2857142857142857,0.14285714285714285,0.22857142857142856,13,19
"RNCMPT00180,min,CCCACUC,RBD_v3_012226",4,0,404,38,0.15346534653465346,0.0,0.027227722772277228,0.03217821782178218,0.03217821782178218,0.04950495049504951,0.022277227722772276,0.03712871287128713,0.022277227722772276,0.07425742574257425,0.03712871287128713,0.03217821782178218,0.07178217821782178,0.18564356435643564,0.04455445544554455,0.06188118811881188,0.05198019801980198,0.05198019801980198,0.0,0.012376237623762377,0.2631578947368421,0.2894736842105263,0.18421052631578946,0.2631578947368421,23,29
"RNCMPT00180,min,CCCACUC,RBD_v3_108855",4,0,404,35,0.15346534653465346,0.0,0.027227722772277228,0.03217821782178218,0.03217821782178218,0.04950495049504951,0.022277227722772276,0.03712871287128713,0.022277227722772276,0.07425742574257425,0.03712871287128713,0.03217821782178218,0.07178217821782178,0.18564356435643564,0.04455445544554455,0.06188118811881188,0.05198019801980198,0.05198019801980198,0.0,0.012376237623762377,0.22857142857142856,0.3142857142857143,0.17142857142857143,0.2857142857142857,27,33
"RNCMPT00181,max,AUGCACA,RBD_v3_057008",73,1,312,38,0.15705128205128205,0.01282051282051282,0.035256410256410256,0.035256410256410256,0.04487179487179487,0.05128205128205128,0.022435897435897436,0.009615384615384616,0.041666666666666664,0.11858974358974358,0.03205128205128205,0.04487179487179487,0.060897435897435896,0.08974358974358974,0.04487179487179487,0.09294871794871795,0.038461538461538464,0.04807692307692308,0.0,0.019230769230769232,0.34210526315789475,0.2631578947368421,0.2894736842105263,0.10526315789473684,3,9
"RNCMPT00181,max,UUGCACA,RBD_v3_098694",73,1,312,38,0.15705128205128205,0.01282051282051282,0.035256410256410256,0.035256410256410256,0.04487179487179487,0.05128205128205128,0.022435897435897436,0.009615384615384616,0.041666666666666664,0.11858974358974358,0.03205128205128205,0.04487179487179487,0.060897435897435896,0.08974358974358974,0.04487179487179487,0.09294871794871795,0.038461538461538464,0.04807692307692308,0.0,0.019230769230769232,0.34210526315789475,0.21052631578947367,0.2631578947368421,0.18421052631578946,14,20
"RNCMPT00181,max,UUGCACA,RBD_v3_168565",73,1,312,38,0.15705128205128205,0.01282051282051282,0.035256410256410256,0.035256410256410256,0.04487179487179487,0.05128205128205128,0.022435897435897436,0.009615384615384616,0.041666666666666664,0.11858974358974358,0.03205128205128205,0.04487179487179487,0.060897435897435896,0.08974358974358974,0.04487179487179487,0.09294871794871795,0.038461538461538464,0.04807692307692308,0.0,0.019230769230769232,0.2631578947368421,0.21052631578947367,0.2631578947368421,0.2631578947368421,13,19
"RNCMPT00181,min,CCCCCCC,RBD_v3_120429",73,0,312,35,0.15705128205128205,0.01282051282051282,0.035256410256410256,0.035256410256410256,0.04487179487179487,0.05128205128205128,0.022435897435897436,0.009615384615384616,0.041666666666666664,0.11858974358974358,0.03205128205128205,0.04487179487179487,0.060897435897435896,0.08974358974358974,0.04487179487179487,0.09294871794871795,0.038461538461538464,0.04807692307692308,0.0,0.019230769230769232,0.2857142857142857,0.34285714285714286,0.17142857142857143,0.2,15,21
"RNCMPT00181,min,CCCCCCC,RBD_v3_223949",73,0,312,38,0.15705128205128205,0.01282051282051282,0.035256410256410256,0.035256410256410256,0.04487179487179487,0.05128205128205128,0.022435897435897436,0.009615384615384616,0.041666666666666664,0.11858974358974358,0.03205128205128205,0.04487179487179487,0.060897435897435896,0.08974358974358974,0.04487179487179487,0.09294871794871795,0.038461538461538464,0.04807692307692308,0.0,0.019230769230769232,0.3157894736842105,0.2894736842105263,0.23684210526315788,0.15789473684210525,13,19
"RNCMPT00181,min,CCCCCCC,RBD_v3_228785",73,0,312,35,0.15705128205128205,0.01282051282051282,0.035256410256410256,0.035256410256410256,0.04487179487179487,0.05128205128205128,0.022435897435897436,0.009615384615384616,0.041666666666666664,0.11858974358974358,0.03205128205128205,0.04487179487179487,0.060897435897435896,0.08974358974358974,0.04487179487179487,0.09294871794871795,0.038461538461538464,0.04807692307692308,0.0,0.019230769230769232,0.22857142857142856,0.4,0.11428571428571428,0.2571428571428571,20,26
"RNCMPT00182,max,AUAUAUA,RBD_v3_090891",162,1,476,35,0.06932773109243698,0.008403361344537815,0.03991596638655462,0.025210084033613446,0.0273109243697479,0.09243697478991597,0.052521008403361345,0.029411764705882353,0.03361344537815126,0.06932773109243698,0.037815126050420166,0.07563025210084033,0.07142857142857142,0.12815126050420167,0.037815126050420166,0.0861344537815126,0.04201680672268908,0.03361344537815126,0.0,0.03991596638655462,0.37142857142857144,0.17142857142857143,0.17142857142857143,0.2857142857142857,3,9
"RNCMPT00182,max,AUAUAUA,RBD_v3_223185",162,1,476,38,0.06932773109243698,0.008403361344537815,0.03991596638655462,0.025210084033613446,0.0273109243697479,0.09243697478991597,0.052521008403361345,0.029411764705882353,0.03361344537815126,0.06932773109243698,0.037815126050420166,0.07563025210084033,0.07142857142857142,0.12815126050420167,0.037815126050420166,0.0861344537815126,0.04201680672268908,0.03361344537815126,0.0,0.03991596638655462,0.39473684210526316,0.15789473684210525,0.18421052631578946,0.2631578947368421,3,9
"RNCMPT00182,max,UAUAUAU,RBD_v3_126005",162,1,476,38,0.06932773109243698,0.008403361344537815,0.03991596638655462,0.025210084033613446,0.0273109243697479,0.09243697478991597,0.052521008403361345,0.029411764705882353,0.03361344537815126,0.06932773109243698,0.037815126050420166,0.07563025210084033,0.07142857142857142,0.12815126050420167,0.037815126050420166,0.0861344537815126,0.04201680672268908,0.03361344537815126,0.0,0.03991596638655462,0.34210526315789475,0.13157894736842105,0.23684210526315788,0.2894736842105263,6,12
"RNCMPT00182,min,AGACCCC,RBD_v3_000172",162,0,476,38,0.06932773109243698,0.008403361344537815,0.03991596638655462,0.025210084033613446,0.0273109243697479,0.09243697478991597,0.052521008403361345,0.029411764705882353,0.03361344537815126,0.06932773109243698,0.037815126050420166,0.07563025210084033,0.07142857142857142,0.12815126050420167,0.037815126050420166,0.0861344537815126,0.04201680672268908,0.03361344537815126,0.0,0.03991596638655462,0.21052631578947367,0.39473684210526316,0.2631578947368421,0.13157894736842105,6,12
"RNCMPT00182,min,CCCUGAC,RBD_v3_010205",162,0,476,35,0.06932773109243698,0.008403361344537815,0.03991596638655462,0.025210084033613446,0.0273109243697479,0.09243697478991597,0.052521008403361345,0.029411764705882353,0.03361344537815126,0.06932773109243698,0.037815126050420166,0.07563025210084033,0.07142857142857142,0.12815126050420167,0.037815126050420166,0.0861344537815126,0.04201680672268908,0.03361344537815126,0.0,0.03991596638655462,0.3142857142857143,0.2857142857142857,0.22857142857142856,0.17142857142857143,18,24
"RNCMPT00182,min,GACCCAC,RBD_v3_206366",162,0,476,38,0.06932773109243698,0.008403361344537815,0.03991596638655462,0.025210084033613446,0.0273109243697479,0.09243697478991597,0.052521008403361345,0.029411764705882353,0.03361344537815126,0.06932773109243698,0.037815126050420166,0.07563025210084033,0.07142857142857142,0.12815126050420167,0.037815126050420166,0.0861344537815126,0.04201680672268908,0.03361344537815126,0.0,0.03991596638655462,0.21052631578947367,0.39473684210526316,0.18421052631578946,0.21052631578947367,9,15
"RNCMPT00183,max,GUGUUGU,RBD_v3_169433",31,1,588,30,0.11394557823129252,0.015306122448979591,0.047619047619047616,0.027210884353741496,0.04251700680272109,0.08673469387755102,0.025510204081632654,0.04081632653061224,0.05102040816326531,0.07653061224489796,0.02891156462585034,0.05952380952380952,0.04931972789115646,0.09183673469387756,0.02891156462585034,0.07312925170068027,0.05612244897959184,0.061224489795918366,0.0017006802721088435,0.022108843537414966,0.3333333333333333,0.1,0.26666666666666666,0.3,21,27
"RNCMPT00183,max,GUUUUGU,RBD_v3_093702",31,1,588,38,0.11394557823129252,0.015306122448979591,0.047619047619047616,0.027210884353741496,0.04251700680272109,0.08673469387755102,0.025510204081632654,0.04081632653061224,0.05102040816326531,0.07653061224489796,0.02891156462585034,0.05952380952380952,0.04931972789115646,0.09183673469387756,0.02891156462585034,0.07312925170068027,0.05612244897959184,0.061224489795918366,0.0017006802721088435,0.022108843537414966,0.15789473684210525,0.21052631578947367,0.2631578947368421,0.3684210526315789,11,17
"RNCMPT00183,max,UGUUUGU,RBD_v3_234230",31,1,588,30,0.11394557823129252,0.015306122448979591,0.047619047619047616,0.027210884353741496,0.04251700680272109,0.08673469387755102,0.025510204081632654,0.04081632653061224,0.05102040816326531,0.07653061224489796,0.02891156462585034,0.05952380952380952,0.04931972789115646,0.09183673469387756,0.02891156462585034,0.07312925170068027,0.05612244897959184,0.061224489795918366,0.0017006802721088435,0.022108843537414966,0.1,0.13333333333333333,0.3333333333333333,0.43333333333333335,18,24
"RNCMPT00183,min,AGGGGGC,RBD_v3_036614",31,0,588,35,0.11394557823129252,0.015306122448979591,0.047619047619047616,0.027210884353741496,0.04251700680272109,0.08673469387755102,0.025510204081632654,0.04081632653061224,0.05102040816326531,0.07653061224489796,0.02891156462585034,0.05952380952380952,0.04931972789115646,0.09183673469387756,0.02891156462585034,0.07312925170068027,0.05612244897959184,0.061224489795918366,0.0017006802721088435,0.022108843537414966,0.2857142857142857,0.22857142857142856,0.34285714285714286,0.14285714285714285,1,7
"RNCMPT00183,min,GGGCACA,RBD_v3_197282",31,0,588,38,0.11394557823129252,0.015306122448979591,0.047619047619047616,0.027210884353741496,0.04251700680272109,0.08673469387755102,0.025510204081632654,0.04081632653061224,0.05102040816326531,0.07653061224489796,0.02891156462585034,0.05952380952380952,0.04931972789115646,0.09183673469387756,0.02891156462585034,0.07312925170068027,0.05612244897959184,0.061224489795918366,0.0017006802721088435,0.022108843537414966,0.2894736842105263,0.2894736842105263,0.23684210526315788,0.18421052631578946,5,11
"RNCMPT00183,min,GGGGCAC,RBD_v3_211306",31,0,588,35,0.11394557823129252,0.015306122448979591,0.047619047619047616,0.027210884353741496,0.04251700680272109,0.08673469387755102,0.025510204081632654,0.04081632653061224,0.05102040816326531,0.07653061224489796,0.02891156462585034,0.05952380952380952,0.04931972789115646,0.09183673469387756,0.02891156462585034,0.07312925170068027,0.05612244897959184,0.061224489795918366,0.0017006802721088435,0.022108843537414966,0.3142857142857143,0.22857142857142856,0.3142857142857143,0.14285714285714285,10,16
"RNCMPT00184,max,AGUGUGA,RBD_v3_096522",116,1,131,38,0.10687022900763359,0.007633587786259542,0.04580152671755725,0.03816793893129771,0.061068702290076333,0.0916030534351145,0.030534351145038167,0.061068702290076333,0.05343511450381679,0.04580152671755725,0.022900763358778626,0.022900763358778626,0.07633587786259542,0.061068702290076333,0.061068702290076333,0.015267175572519083,0.07633587786259542,0.06870229007633588,0.0,0.05343511450381679,0.3684210526315789,0.10526315789473684,0.2894736842105263,0.23684210526315788,16,22
"RNCMPT00184,max,AGUGUGA,RBD_v3_129397",116,1,131,35,0.10687022900763359,0.007633587786259542,0.04580152671755725,0.03816793893129771,0.061068702290076333,0.0916030534351145,0.030534351145038167,0.061068702290076333,0.05343511450381679,0.04580152671755725,0.022900763358778626,0.022900763358778626,0.07633587786259542,0.061068702290076333,0.061068702290076333,0.015267175572519083,0.07633587786259542,0.06870229007633588,0.0,0.05343511450381679,0.34285714285714286,0.08571428571428572,0.34285714285714286,0.22857142857142856,9,15
"RNCMPT00184,max,GUGUGUG,RBD_v3_138402",116,1,131,35,0.10687022900763359,0.007633587786259542,0.04580152671755725,0.03816793893129771,0.061068702290076333,0.0916030534351145,0.030534351145038167,0.061068702290076333,0.05343511450381679,0.04580152671755725,0.022900763358778626,0.022900763358778626,0.07633587786259542,0.061068702290076333,0.061068702290076333,0.015267175572519083,0.07633587786259542,0.06870229007633588,0.0,0.05343511450381679,0.2857142857142857,0.17142857142857143,0.2857142857142857,0.2571428571428571,14,20
"RNCMPT00184,min,CACAAAU,RBD_v3_066375",116,0,131,38,0.10687022900763359,0.007633587786259542,0.04580152671755725,0.03816793893129771,0.061068702290076333,0.0916030534351145,0.030534351145038167,0.061068702290076333,0.05343511450381679,0.04580152671755725,0.022900763358778626,0.022900763358778626,0.07633587786259542,0.061068702290076333,0.061068702290076333,0.015267175572519083,0.07633587786259542,0.06870229007633588,0.0,0.05343511450381679,0.2894736842105263,0.3157894736842105,0.2631578947368421,0.13157894736842105,26,32
"RNCMPT00184,min,CACAAAU,RBD_v3_114933",116,0,131,35,0.10687022900763359,0.007633587786259542,0.04580152671755725,0.03816793893129771,0.061068702290076333,0.0916030534351145,0.030534351145038167,0.061068702290076333,0.05343511450381679,0.04580152671755725,0.022900763358778626,0.022900763358778626,0.07633587786259542,0.061068702290076333,0.061068702290076333,0.015267175572519083,0.07633587786259542,0.06870229007633588,0.0,0.05343511450381679,0.3142857142857143,0.2,0.2571428571428571,0.22857142857142856,21,27
"RNCMPT00184,min,CGCAACA,RBD_v3_041614",116,0,131,30,0.10687022900763359,0.007633587786259542,0.04580152671755725,0.03816793893129771,0.061068702290076333,0.0916030534351145,0.030534351145038167,0.061068702290076333,0.05343511450381679,0.04580152671755725,0.022900763358778626,0.022900763358778626,0.07633587786259542,0.061068702290076333,0.061068702290076333,0.015267175572519083,0.07633587786259542,0.06870229007633588,0.0,0.05343511450381679,0.4,0.2,0.2,0.2,19,25
"RNCMPT00185,max,AGAUAAA,RBD_v3_213884",61,1,181,38,0.055248618784530384,0.0,0.055248618784530384,0.1270718232044199,0.03314917127071823,0.07734806629834254,0.022099447513812154,0.049723756906077346,0.11049723756906077,0.11049723756906077,0.022099447513812154,0.03314917127071823,0.03867403314917127,0.027624309392265192,0.06629834254143646,0.08839779005524862,0.0055248618784530384,0.04419889502762431,0.0,0.03314917127071823,0.42105263157894735,0.18421052631578946,0.21052631578947367,0.18421052631578946,1,7
"RNCMPT00185,max,AUAAACA,RBD_v3_065115",61,1,181,38,0.055248618784530384,0.0,0.055248618784530384,0.1270718232044199,0.03314917127071823,0.07734806629834254,0.022099447513812154,0.049723756906077346,0.11049723756906077,0.11049723756906077,0.022099447513812154,0.03314917127071823,0.03867403314917127,0.027624309392265192,0.06629834254143646,0.08839779005524862,0.0055248618784530384,0.04419889502762431,0.0,0.03314917127071823,0.42105263157894735,0.18421052631578946,0.18421052631578946,0.21052631578947367,8,14
"RNCMPT00185,max,AUAAACA,RBD_v3_227701",61,1,181,35,0.055248618784530384,0.0,0.055248618784530384,0.1270718232044199,0.03314917127071823,0.07734806629834254,0.022099447513812154,0.049723756906077346,0.11049723756906077,0.11049723756906077,0.022099447513812154,0.03314917127071823,0.03867403314917127,0.027624309392265192,0.06629834254143646,0.08839779005524862,0.0055248618784530384,0.04419889502762431,0.0,0.03314917127071823,0.34285714285714286,0.2,0.2,0.2571428571428571,10,16
"RNCMPT00185,min,GUUGGAC,RBD_v3_167307",61,0,181,35,0.055248618784530384,0.0,0.055248618784530384,0.1270718232044199,0.03314917127071823,0.07734806629834254,0.022099447513812154,0.049723756906077346,0.11049723756906077,0.11049723756906077,0.022099447513812154,0.03314917127071823,0.03867403314917127,0.027624309392265192,0.06629834254143646,0.08839779005524862,0.0055248618784530384,0.04419889502762431,0.0,0.03314917127071823,0.2857142857142857,0.14285714285714285,0.2857142857142857,0.2857142857142857,4,10
"RNCMPT00185,min,GUUGGAC,RBD_v3_201524",61,0,181,35,0.055248618784530384,0.0,0.055248618784530384,0.1270718232044199,0.03314917127071823,0.07734806629834254,0.022099447513812154,0.049723756906077346,0.11049723756906077,0.11049723756906077,0.022099447513812154,0.03314917127071823,0.03867403314917127,0.027624309392265192,0.06629834254143646,0.08839779005524862,0.0055248618784530384,0.04419889502762431,0.0,0.03314917127071823,0.2857142857142857,0.2,0.17142857142857143,0.34285714285714286,5,11
"RNCMPT00185,min,UUGUUGG,RBD_v3_055009",61,0,181,38,0.055248618784530384,0.0,0.055248618784530384,0.1270718232044199,0.03314917127071823,0.07734806629834254,0.022099447513812154,0.049723756906077346,0.11049723756906077,0.11049723756906077,0.022099447513812154,0.03314917127071823,0.03867403314917127,0.027624309392265192,0.06629834254143646,0.08839779005524862,0.0055248618784530384,0.04419889502762431,0.0,0.03314917127071823,0.23684210526315788,0.2894736842105263,0.21052631578947367,0.2631578947368421,27,33
"RNCMPT00186,max,CCAUACC,RBD_v3_073630",94,1,356,38,0.08707865168539326,0.025280898876404494,0.03089887640449438,0.056179775280898875,0.011235955056179775,0.10112359550561797,0.019662921348314606,0.09550561797752809,0.03932584269662921,0.06741573033707865,0.033707865168539325,0.03932584269662921,0.05337078651685393,0.056179775280898875,0.0449438202247191,0.09831460674157304,0.0702247191011236,0.05337078651685393,0.0028089887640449437,0.014044943820224719,0.3157894736842105,0.3157894736842105,0.10526315789473684,0.2631578947368421,13,19
"RNCMPT00186,max,CCCAACC,RBD_v3_032556",94,1,356,38,0.08707865168539326,0.025280898876404494,0.03089887640449438,0.056179775280898875,0.011235955056179775,0.10112359550561797,0.019662921348314606,0.09550561797752809,0.03932584269662921,0.06741573033707865,0.033707865168539325,0.03932584269662921,0.05337078651685393,0.056179775280898875,0.0449438202247191,0.09831460674157304,0.0702247191011236,0.05337078651685393,0.0028089887640449437,0.014044943820224719,0.2631578947368421,0.3157894736842105,0.23684210526315788,0.18421052631578946,22,28
"RNCMPT00186,max,CCCAACC,RBD_v3_051431",94,1,356,38,0.08707865168539326,0.025280898876404494,0.03089887640449438,0.056179775280898875,0.011235955056179775,0.10112359550561797,0.019662921348314606,0.09550561797752809,0.03932584269662921,0.06741573033707865,0.033707865168539325,0.03932584269662921,0.05337078651685393,0.056179775280898875,0.0449438202247191,0.09831460674157304,0.0702247191011236,0.05337078651685393,0.0028089887640449437,0.014044943820224719,0.3684210526315789,0.39473684210526316,0.13157894736842105,0.10526315789473684,4,10
"RNCMPT00186,min,GGGCGGG,RBD_v3_198448",94,0,356,38,0.08707865168539326,0.025280898876404494,0.03089887640449438,0.056179775280898875,0.011235955056179775,0.10112359550561797,0.019662921348314606,0.09550561797752809,0.03932584269662921,0.06741573033707865,0.033707865168539325,0.03932584269662921,0.05337078651685393,0.056179775280898875,0.0449438202247191,0.09831460674157304,0.0702247191011236,0.05337078651685393,0.0028089887640449437,0.014044943820224719,0.21052631578947367,0.13157894736842105,0.3684210526315789,0.2894736842105263,24,30
"RNCMPT00186,min,GGGGGUG,RBD_v3_037768",94,0,356,38,0.08707865168539326,0.025280898876404494,0.03089887640449438,0.056179775280898875,0.011235955056179775,0.10112359550561797,0.019662921348314606,0.09550561797752809,0.03932584269662921,0.06741573033707865,0.033707865168539325,0.03932584269662921,0.05337078651685393,0.056179775280898875,0.0449438202247191,0.09831460674157304,0.0702247191011236,0.05337078651685393,0.0028089887640449437,0.014044943820224719,0.2894736842105263,0.15789473684210525,0.2894736842105263,0.2631578947368421,29,35
"RNCMPT00186,min,GGGGGUG,RBD_v3_097391",94,0,356,38,0.08707865168539326,0.025280898876404494,0.03089887640449438,0.056179775280898875,0.011235955056179775,0.10112359550561797,0.019662921348314606,0.09550561797752809,0.03932584269662921,0.06741573033707865,0.033707865168539325,0.03932584269662921,0.05337078651685393,0.056179775280898875,0.0449438202247191,0.09831460674157304,0.0702247191011236,0.05337078651685393,0.0028089887640449437,0.014044943820224719,0.3157894736842105,0.21052631578947367,0.23684210526315788,0.23684210526315788,12,18
"RNCMPT00187,max,GUGUUGU,RBD_v3_123072",12,1,481,38,0.13721413721413722,0.014553014553014554,0.037422037422037424,0.035343035343035345,0.04781704781704782,0.11226611226611227,0.02494802494802495,0.02494802494802495,0.0395010395010395,0.09355509355509356,0.02494802494802495,0.02494802494802495,0.09355509355509356,0.07276507276507277,0.04573804573804574,0.056133056133056136,0.04158004158004158,0.0498960498960499,0.0,0.02286902286902287,0.18421052631578946,0.18421052631578946,0.3684210526315789,0.2631578947368421,11,17
"RNCMPT00187,max,GUGUUGU,RBD_v3_162301",12,1,481,35,0.13721413721413722,0.014553014553014554,0.037422037422037424,0.035343035343035345,0.04781704781704782,0.11226611226611227,0.02494802494802495,0.02494802494802495,0.0395010395010395,0.09355509355509356,0.02494802494802495,0.02494802494802495,0.09355509355509356,0.07276507276507277,0.04573804573804574,0.056133056133056136,0.04158004158004158,0.0498960498960499,0.0,0.02286902286902287,0.2,0.17142857142857143,0.3142857142857143,0.3142857142857143,10,16
"RNCMPT00187,max,UGUGAUG,RBD_v3_160013",12,1,481,38,0.13721413721413722,0.014553014553014554,0.037422037422037424,0.035343035343035345,0.04781704781704782,0.11226611226611227,0.02494802494802495,0.02494802494802495,0.0395010395010395,0.09355509355509356,0.02494802494802495,0.02494802494802495,0.09355509355509356,0.07276507276507277,0.04573804573804574,0.056133056133056136,0.04158004158004158,0.0498960498960499,0.0,0.02286902286902287,0.21052631578947367,0.15789473684210525,0.2894736842105263,0.34210526315789475,7,13
"RNCMPT00187,min,CACUUUC,RBD_v3_094467",12,0,481,38,0.13721413721413722,0.014553014553014554,0.037422037422037424,0.035343035343035345,0.04781704781704782,0.11226611226611227,0.02494802494802495,0.02494802494802495,0.0395010395010395,0.09355509355509356,0.02494802494802495,0.02494802494802495,0.09355509355509356,0.07276507276507277,0.04573804573804574,0.056133056133056136,0.04158004158004158,0.0498960498960499,0.0,0.02286902286902287,0.23684210526315788,0.2894736842105263,0.23684210526315788,0.23684210526315788,4,10
"RNCMPT00187,min,CUUUAUA,RBD_v3_128849",12,0,481,35,0.13721413721413722,0.014553014553014554,0.037422037422037424,0.035343035343035345,0.04781704781704782,0.11226611226611227,0.02494802494802495,0.02494802494802495,0.0395010395010395,0.09355509355509356,0.02494802494802495,0.02494802494802495,0.09355509355509356,0.07276507276507277,0.04573804573804574,0.056133056133056136,0.04158004158004158,0.0498960498960499,0.0,0.02286902286902287,0.34285714285714286,0.2571428571428571,0.17142857142857143,0.22857142857142856,25,31
"RNCMPT00187,min,CUUUAUA,RBD_v3_135807",12,0,481,38,0.13721413721413722,0.014553014553014554,0.037422037422037424,0.035343035343035345,0.04781704781704782,0.11226611226611227,0.02494802494802495,0.02494802494802495,0.0395010395010395,0.09355509355509356,0.02494802494802495,0.02494802494802495,0.09355509355509356,0.07276507276507277,0.04573804573804574,0.056133056133056136,0.04158004158004158,0.0498960498960499,0.0,0.02286902286902287,0.21052631578947367,0.15789473684210525,0.15789473684210525,0.47368421052631576,25,31
"RNCMPT00197,max,AUACAUG,RBD_v3_011896",70,1,271,38,0.07011070110701106,0.0036900369003690036,0.025830258302583026,0.04797047970479705,0.04797047970479705,0.08118081180811808,0.04797047970479705,0.04059040590405904,0.06642066420664207,0.04059040590405904,0.02952029520295203,0.06273062730627306,0.07011070110701106,0.06642066420664207,0.025830258302583026,0.07380073800738007,0.055350553505535055,0.05904059040590406,0.014760147601476014,0.07011070110701106,0.23684210526315788,0.18421052631578946,0.21052631578947367,0.3684210526315789,28,34
"RNCMPT00197,max,AUACAUG,RBD_v3_119805",70,1,271,38,0.07011070110701106,0.0036900369003690036,0.025830258302583026,0.04797047970479705,0.04797047970479705,0.08118081180811808,0.04797047970479705,0.04059040590405904,0.06642066420664207,0.04059040590405904,0.02952029520295203,0.06273062730627306,0.07011070110701106,0.06642066420664207,0.025830258302583026,0.07380073800738007,0.055350553505535055,0.05904059040590406,0.014760147601476014,0.07011070110701106,0.23684210526315788,0.18421052631578946,0.21052631578947367,0.3684210526315789,28,34
"RNCMPT00197,max,UACAUGA,RBD_v3_212656",70,1,271,38,0.07011070110701106,0.0036900369003690036,0.025830258302583026,0.04797047970479705,0.04797047970479705,0.08118081180811808,0.04797047970479705,0.04059040590405904,0.06642066420664207,0.04059040590405904,0.02952029520295203,0.06273062730627306,0.07011070110701106,0.06642066420664207,0.025830258302583026,0.07380073800738007,0.055350553505535055,0.05904059040590406,0.014760147601476014,0.07011070110701106,0.3157894736842105,0.18421052631578946,0.23684210526315788,0.2631578947368421,15,21
"RNCMPT00197,min,GACGGGG,RBD_v3_110709",70,0,271,38,0.07011070110701106,0.0036900369003690036,0.025830258302583026,0.04797047970479705,0.04797047970479705,0.08118081180811808,0.04797047970479705,0.04059040590405904,0.06642066420664207,0.04059040590405904,0.02952029520295203,0.06273062730627306,0.07011070110701106,0.06642066420664207,0.025830258302583026,0.07380073800738007,0.055350553505535055,0.05904059040590406,0.014760147601476014,0.07011070110701106,0.2631578947368421,0.23684210526315788,0.34210526315789475,0.15789473684210525,27,33
"RNCMPT00197,min,GGGGGAC,RBD_v3_173629",70,0,271,30,0.07011070110701106,0.0036900369003690036,0.025830258302583026,0.04797047970479705,0.04797047970479705,0.08118081180811808,0.04797047970479705,0.04059040590405904,0.06642066420664207,0.04059040590405904,0.02952029520295203,0.06273062730627306,0.07011070110701106,0.06642066420664207,0.025830258302583026,0.07380073800738007,0.055350553505535055,0.05904059040590406,0.014760147601476014,0.07011070110701106,0.26666666666666666,0.2,0.4666666666666667,0.06666666666666667,5,11
"RNCMPT00197,min,GGGGGAC,RBD_v3_177821",70,0,271,38,0.07011070110701106,0.0036900369003690036,0.025830258302583026,0.04797047970479705,0.04797047970479705,0.08118081180811808,0.04797047970479705,0.04059040590405904,0.06642066420664207,0.04059040590405904,0.02952029520295203,0.06273062730627306,0.07011070110701106,0.06642066420664207,0.025830258302583026,0.07380073800738007,0.055350553505535055,0.05904059040590406,0.014760147601476014,0.07011070110701106,0.2894736842105263,0.18421052631578946,0.3684210526315789,0.15789473684210525,3,9
"RNCMPT00199,max,GGAGGAA,RBD_v3_150109",97,1,246,38,0.032520325203252036,0.016260162601626018,0.08130081300813008,0.1016260162601626,0.052845528455284556,0.06504065040650407,0.008130081300813009,0.04065040650406504,0.08130081300813008,0.052845528455284556,0.016260162601626018,0.08130081300813008,0.02032520325203252,0.012195121951219513,0.13414634146341464,0.052845528455284556,0.02032520325203252,0.06504065040650407,0.012195121951219513,0.052845528455284556,0.3684210526315789,0.02631578947368421,0.34210526315789475,0.2631578947368421,2,8
"RNCMPT00199,max,GGAGGAA,RBD_v3_191993",97,1,246,38,0.032520325203252036,0.016260162601626018,0.08130081300813008,0.1016260162601626,0.052845528455284556,0.06504065040650407,0.008130081300813009,0.04065040650406504,0.08130081300813008,0.052845528455284556,0.016260162601626018,0.08130081300813008,0.02032520325203252,0.012195121951219513,0.13414634146341464,0.052845528455284556,0.02032520325203252,0.06504065040650407,0.012195121951219513,0.052845528455284556,0.3157894736842105,0.13157894736842105,0.34210526315789475,0.21052631578947367,23,29
"RNCMPT00199,max,GGAGGAA,RBD_v3_211512",97,1,246,38,0.032520325203252036,0.016260162601626018,0.08130081300813008,0.1016260162601626,0.052845528455284556,0.06504065040650407,0.008130081300813009,0.04065040650406504,0.08130081300813008,0.052845528455284556,0.016260162601626018,0.08130081300813008,0.02032520325203252,0.012195121951219513,0.13414634146341464,0.052845528455284556,0.02032520325203252,0.06504065040650407,0.012195121951219513,0.052845528455284556,0.3157894736842105,0.13157894736842105,0.42105263157894735,0.13157894736842105,27,33
"RNCMPT00199,min,AGACCCG,RBD_v3_028790",97,0,246,38,0.032520325203252036,0.016260162601626018,0.08130081300813008,0.1016260162601626,0.052845528455284556,0.06504065040650407,0.008130081300813009,0.04065040650406504,0.08130081300813008,0.052845528455284556,0.016260162601626018,0.08130081300813008,0.02032520325203252,0.012195121951219513,0.13414634146341464,0.052845528455284556,0.02032520325203252,0.06504065040650407,0.012195121951219513,0.052845528455284556,0.42105263157894735,0.2894736842105263,0.15789473684210525,0.13157894736842105,21,27
"RNCMPT00199,min,CCCAUUU,RBD_v3_014474",97,0,246,35,0.032520325203252036,0.016260162601626018,0.08130081300813008,0.1016260162601626,0.052845528455284556,0.06504065040650407,0.008130081300813009,0.04065040650406504,0.08130081300813008,0.052845528455284556,0.016260162601626018,0.08130081300813008,0.02032520325203252,0.012195121951219513,0.13414634146341464,0.052845528455284556,0.02032520325203252,0.06504065040650407,0.012195121951219513,0.052845528455284556,0.3142857142857143,0.14285714285714285,0.2571428571428571,0.2857142857142857,7,13
"RNCMPT00199,min,CUGGCCU,RBD_v3_156157",97,0,246,35,0.032520325203252036,0.016260162601626018,0.08130081300813008,0.1016260162601626,0.052845528455284556,0.06504065040650407,0.008130081300813009,0.04065040650406504,0.08130081300813008,0.052845528455284556,0.016260162601626018,0.08130081300813008,0.02032520325203252,0.012195121951219513,0.13414634146341464,0.052845528455284556,0.02032520325203252,0.06504065040650407,0.012195121951219513,0.052845528455284556,0.34285714285714286,0.2,0.17142857142857143,0.2857142857142857,6,12
"RNCMPT00200,max,GUUACAU,RBD_v3_029622",99,1,455,38,0.06153846153846154,0.006593406593406593,0.035164835164835165,0.07692307692307693,0.05054945054945055,0.06153846153846154,0.013186813186813187,0.05714285714285714,0.08131868131868132,0.06153846153846154,0.026373626373626374,0.0967032967032967,0.07252747252747253,0.05934065934065934,0.026373626373626374,0.08131868131868132,0.03956043956043956,0.05274725274725275,0.006593406593406593,0.03296703296703297,0.21052631578947367,0.15789473684210525,0.2894736842105263,0.34210526315789475,10,16
"RNCMPT00200,max,GUUACAU,RBD_v3_109106",99,1,455,38,0.06153846153846154,0.006593406593406593,0.035164835164835165,0.07692307692307693,0.05054945054945055,0.06153846153846154,0.013186813186813187,0.05714285714285714,0.08131868131868132,0.06153846153846154,0.026373626373626374,0.0967032967032967,0.07252747252747253,0.05934065934065934,0.026373626373626374,0.08131868131868132,0.03956043956043956,0.05274725274725275,0.006593406593406593,0.03296703296703297,0.34210526315789475,0.13157894736842105,0.18421052631578946,0.34210526315789475,17,23
"RNCMPT00200,max,UUACAUG,RBD_v3_016235",99,1,455,38,0.06153846153846154,0.006593406593406593,0.035164835164835165,0.07692307692307693,0.05054945054945055,0.06153846153846154,0.013186813186813187,0.05714285714285714,0.08131868131868132,0.06153846153846154,0.026373626373626374,0.0967032967032967,0.07252747252747253,0.05934065934065934,0.026373626373626374,0.08131868131868132,0.03956043956043956,0.05274725274725275,0.006593406593406593,0.03296703296703297,0.2631578947368421,0.18421052631578946,0.21052631578947367,0.34210526315789475,23,29
"RNCMPT00200,min,GACGGGG,RBD_v3_075374",99,0,455,35,0.06153846153846154,0.006593406593406593,0.035164835164835165,0.07692307692307693,0.05054945054945055,0.06153846153846154,0.013186813186813187,0.05714285714285714,0.08131868131868132,0.06153846153846154,0.026373626373626374,0.0967032967032967,0.07252747252747253,0.05934065934065934,0.026373626373626374,0.08131868131868132,0.03956043956043956,0.05274725274725275,0.006593406593406593,0.03296703296703297,0.3142857142857143,0.11428571428571428,0.34285714285714286,0.22857142857142856,2,8
"RNCMPT00200,min,GGGGCAC,RBD_v3_002802",99,0,455,30,0.06153846153846154,0.006593406593406593,0.035164835164835165,0.07692307692307693,0.05054945054945055,0.06153846153846154,0.013186813186813187,0.05714285714285714,0.08131868131868132,0.06153846153846154,0.026373626373626374,0.0967032967032967,0.07252747252747253,0.05934065934065934,0.026373626373626374,0.08131868131868132,0.03956043956043956,0.05274725274725275,0.006593406593406593,0.03296703296703297,0.43333333333333335,0.1,0.3,0.16666666666666666,9,15
"RNCMPT00200,min,GGGGCGA,RBD_v3_146099",99,0,455,38,0.06153846153846154,0.006593406593406593,0.035164835164835165,0.07692307692307693,0.05054945054945055,0.06153846153846154,0.013186813186813187,0.05714285714285714,0.08131868131868132,0.06153846153846154,0.026373626373626374,0.0967032967032967,0.07252747252747253,0.05934065934065934,0.026373626373626374,0.08131868131868132,0.03956043956043956,0.05274725274725275,0.006593406593406593,0.03296703296703297,0.34210526315789475,0.18421052631578946,0.23684210526315788,0.23684210526315788,15,21
"RNCMPT00202,max,GUUUUUU,RBD_v3_010930",101,1,289,30,0.03806228373702422,0.006920415224913495,0.05536332179930796,0.04844290657439446,0.04152249134948097,0.02768166089965398,0.01730103806228374,0.10726643598615918,0.11418685121107267,0.04498269896193772,0.04498269896193772,0.17993079584775087,0.03460207612456748,0.02422145328719723,0.01730103806228374,0.04844290657439446,0.05536332179930796,0.03806228373702422,0.0,0.05536332179930796,0.1,0.13333333333333333,0.26666666666666666,0.5,24,30
"RNCMPT00202,max,UUUUUUU,RBD_v3_042895",101,1,289,38,0.03806228373702422,0.006920415224913495,0.05536332179930796,0.04844290657439446,0.04152249134948097,0.02768166089965398,0.01730103806228374,0.10726643598615918,0.11418685121107267,0.04498269896193772,0.04498269896193772,0.17993079584775087,0.03460207612456748,0.02422145328719723,0.01730103806228374,0.04844290657439446,0.05536332179930796,0.03806228373702422,0.0,0.05536332179930796,0.21052631578947367,0.21052631578947367,0.21052631578947367,0.3684210526315789,13,19
"RNCMPT00202,max,UUUUUUU,RBD_v3_086894",101,1,289,38,0.03806228373702422,0.006920415224913495,0.05536332179930796,0.04844290657439446,0.04152249134948097,0.02768166089965398,0.01730103806228374,0.10726643598615918,0.11418685121107267,0.04498269896193772,0.04498269896193772,0.17993079584775087,0.03460207612456748,0.02422145328719723,0.01730103806228374,0.04844290657439446,0.05536332179930796,0.03806228373702422,0.0,0.05536332179930796,0.15789473684210525,0.21052631578947367,0.18421052631578946,0.4473684210526316,26,32
"RNCMPT00202,min,AGAAGAA,RBD_v3_005677",101,0,289,38,0.03806228373702422,0.006920415224913495,0.05536332179930796,0.04844290657439446,0.04152249134948097,0.02768166089965398,0.01730103806228374,0.10726643598615918,0.11418685121107267,0.04498269896193772,0.04498269896193772,0.17993079584775087,0.03460207612456748,0.02422145328719723,0.01730103806228374,0.04844290657439446,0.05536332179930796,0.03806228373702422,0.0,0.05536332179930796,0.3684210526315789,0.23684210526315788,0.23684210526315788,0.15789473684210525,1,7
"RNCMPT00202,min,AGAAGAA,RBD_v3_041899",101,0,289,38,0.03806228373702422,0.006920415224913495,0.05536332179930796,0.04844290657439446,0.04152249134948097,0.02768166089965398,0.01730103806228374,0.10726643598615918,0.11418685121107267,0.04498269896193772,0.04498269896193772,0.17993079584775087,0.03460207612456748,0.02422145328719723,0.01730103806228374,0.04844290657439446,0.05536332179930796,0.03806228373702422,0.0,0.05536332179930796,0.2894736842105263,0.21052631578947367,0.15789473684210525,0.34210526315789475,1,7
"RNCMPT00202,min,AGAAUGA,RBD_v3_177204",101,0,289,35,0.03806228373702422,0.006920415224913495,0.05536332179930796,0.04844290657439446,0.04152249134948097,0.02768166089965398,0.01730103806228374,0.10726643598615918,0.11418685121107267,0.04498269896193772,0.04498269896193772,0.17993079584775087,0.03460207612456748,0.02422145328719723,0.01730103806228374,0.04844290657439446,0.05536332179930796,0.03806228373702422,0.0,0.05536332179930796,0.37142857142857144,0.2571428571428571,0.2,0.17142857142857143,1,7
"RNCMPT00203,max,CCAUCAC,RBD_v3_095283",102,1,193,35,0.046632124352331605,0.0051813471502590676,0.03626943005181347,0.046632124352331605,0.05699481865284974,0.04145077720207254,0.025906735751295335,0.11398963730569948,0.10362694300518134,0.08808290155440414,0.02072538860103627,0.12435233160621761,0.046632124352331605,0.03626943005181347,0.010362694300518135,0.04145077720207254,0.05181347150259067,0.04145077720207254,0.0051813471502590676,0.05699481865284974,0.3142857142857143,0.22857142857142856,0.22857142857142856,0.22857142857142856,6,12
"RNCMPT00203,max,CCAUCAC,RBD_v3_139521",102,1,193,30,0.046632124352331605,0.0051813471502590676,0.03626943005181347,0.046632124352331605,0.05699481865284974,0.04145077720207254,0.025906735751295335,0.11398963730569948,0.10362694300518134,0.08808290155440414,0.02072538860103627,0.12435233160621761,0.046632124352331605,0.03626943005181347,0.010362694300518135,0.04145077720207254,0.05181347150259067,0.04145077720207254,0.0051813471502590676,0.05699481865284974,0.23333333333333334,0.3,0.26666666666666666,0.2,12,18
"RNCMPT00203,max,CCUUCAC,RBD_v3_080514",102,1,193,38,0.046632124352331605,0.0051813471502590676,0.03626943005181347,0.046632124352331605,0.05699481865284974,0.04145077720207254,0.025906735751295335,0.11398963730569948,0.10362694300518134,0.08808290155440414,0.02072538860103627,0.12435233160621761,0.046632124352331605,0.03626943005181347,0.010362694300518135,0.04145077720207254,0.05181347150259067,0.04145077720207254,0.0051813471502590676,0.05699481865284974,0.21052631578947367,0.39473684210526316,0.23684210526315788,0.15789473684210525,11,17
"RNCMPT00203,min,AGUGGGU,RBD_v3_040948",102,0,193,30,0.046632124352331605,0.0051813471502590676,0.03626943005181347,0.046632124352331605,0.05699481865284974,0.04145077720207254,0.025906735751295335,0.11398963730569948,0.10362694300518134,0.08808290155440414,0.02072538860103627,0.12435233160621761,0.046632124352331605,0.03626943005181347,0.010362694300518135,0.04145077720207254,0.05181347150259067,0.04145077720207254,0.0051813471502590676,0.05699481865284974,0.23333333333333334,0.16666666666666666,0.43333333333333335,0.16666666666666666,4,10
"RNCMPT00203,min,GAGUGUG,RBD_v3_065157",102,0,193,35,0.046632124352331605,0.0051813471502590676,0.03626943005181347,0.046632124352331605,0.05699481865284974,0.04145077720207254,0.025906735751295335,0.11398963730569948,0.10362694300518134,0.08808290155440414,0.02072538860103627,0.12435233160621761,0.046632124352331605,0.03626943005181347,0.010362694300518135,0.04145077720207254,0.05181347150259067,0.04145077720207254,0.0051813471502590676,0.05699481865284974,0.14285714285714285,0.2571428571428571,0.34285714285714286,0.2571428571428571,23,29
"RNCMPT00203,min,GUGUGUG,RBD_v3_076723",102,0,193,38,0.046632124352331605,0.0051813471502590676,0.03626943005181347,0.046632124352331605,0.05699481865284974,0.04145077720207254,0.025906735751295335,0.11398963730569948,0.10362694300518134,0.08808290155440414,0.02072538860103627,0.12435233160621761,0.046632124352331605,0.03626943005181347,0.010362694300518135,0.04145077720207254,0.05181347150259067,0.04145077720207254,0.0051813471502590676,0.05699481865284974,0.10526315789473684,0.3157894736842105,0.21052631578947367,0.3684210526315789,14,20
"RNCMPT00205,max,AGGGGAA,RBD_v3_062797",137,1,238,38,0.09243697478991597,0.012605042016806723,0.08823529411764706,0.12605042016806722,0.05042016806722689,0.11764705882352941,0.008403361344537815,0.058823529411764705,0.07142857142857142,0.029411764705882353,0.008403361344537815,0.046218487394957986,0.02100840336134454,0.01680672268907563,0.07563025210084033,0.0546218487394958,0.058823529411764705,0.04201680672268908,0.004201680672268907,0.01680672268907563,0.3684210526315789,0.15789473684210525,0.3157894736842105,0.15789473684210525,1,7
"RNCMPT00205,max,AGGGGAA,RBD_v3_143144",137,1,238,38,0.09243697478991597,0.012605042016806723,0.08823529411764706,0.12605042016806722,0.05042016806722689,0.11764705882352941,0.008403361344537815,0.058823529411764705,0.07142857142857142,0.029411764705882353,0.008403361344537815,0.046218487394957986,0.02100840336134454,0.01680672268907563,0.07563025210084033,0.0546218487394958,0.058823529411764705,0.04201680672268908,0.004201680672268907,0.01680672268907563,0.3157894736842105,0.10526315789473684,0.3684210526315789,0.21052631578947367,1,7
"RNCMPT00205,max,AGGGGAA,RBD_v3_224891",137,1,238,35,0.09243697478991597,0.012605042016806723,0.08823529411764706,0.12605042016806722,0.05042016806722689,0.11764705882352941,0.008403361344537815,0.058823529411764705,0.07142857142857142,0.029411764705882353,0.008403361344537815,0.046218487394957986,0.02100840336134454,0.01680672268907563,0.07563025210084033,0.0546218487394958,0.058823529411764705,0.04201680672268908,0.004201680672268907,0.01680672268907563,0.42857142857142855,0.14285714285714285,0.34285714285714286,0.08571428571428572,1,7
"RNCMPT00205,min,AGACCCU,RBD_v3_063406",137,0,238,38,0.09243697478991597,0.012605042016806723,0.08823529411764706,0.12605042016806722,0.05042016806722689,0.11764705882352941,0.008403361344537815,0.058823529411764705,0.07142857142857142,0.029411764705882353,0.008403361344537815,0.046218487394957986,0.02100840336134454,0.01680672268907563,0.07563025210084033,0.0546218487394958,0.058823529411764705,0.04201680672268908,0.004201680672268907,0.01680672268907563,0.2894736842105263,0.3157894736842105,0.18421052631578946,0.21052631578947367,1,7
"RNCMPT00205,min,AGACCCU,RBD_v3_184058",137,0,238,38,0.09243697478991597,0.012605042016806723,0.08823529411764706,0.12605042016806722,0.05042016806722689,0.11764705882352941,0.008403361344537815,0.058823529411764705,0.07142857142857142,0.029411764705882353,0.008403361344537815,0.046218487394957986,0.02100840336134454,0.01680672268907563,0.07563025210084033,0.0546218487394958,0.058823529411764705,0.04201680672268908,0.004201680672268907,0.01680672268907563,0.2894736842105263,0.2894736842105263,0.21052631578947367,0.21052631578947367,1,7
"RNCMPT00205,min,AGACCCU,RBD_v3_215163",137,0,238,38,0.09243697478991597,0.012605042016806723,0.08823529411764706,0.12605042016806722,0.05042016806722689,0.11764705882352941,0.008403361344537815,0.058823529411764705,0.07142857142857142,0.029411764705882353,0.008403361344537815,0.046218487394957986,0.02100840336134454,0.01680672268907563,0.07563025210084033,0.0546218487394958,0.058823529411764705,0.04201680672268908,0.004201680672268907,0.01680672268907563,0.3684210526315789,0.23684210526315788,0.15789473684210525,0.23684210526315788,1,7
"RNCMPT00206,max,UGCGACA,RBD_v3_014129",107,1,352,30,0.09090909090909091,0.014204545454545454,0.045454545454545456,0.05113636363636364,0.05397727272727273,0.0625,0.03409090909090909,0.045454545454545456,0.04261363636363636,0.07386363636363637,0.008522727272727272,0.05397727272727273,0.056818181818181816,0.05113636363636364,0.03977272727272727,0.09375,0.045454545454545456,0.09659090909090909,0.002840909090909091,0.036931818181818184,0.36666666666666664,0.2,0.26666666666666666,0.16666666666666666,5,11
"RNCMPT00206,max,UGCGACA,RBD_v3_037630",107,1,352,38,0.09090909090909091,0.014204545454545454,0.045454545454545456,0.05113636363636364,0.05397727272727273,0.0625,0.03409090909090909,0.045454545454545456,0.04261363636363636,0.07386363636363637,0.008522727272727272,0.05397727272727273,0.056818181818181816,0.05113636363636364,0.03977272727272727,0.09375,0.045454545454545456,0.09659090909090909,0.002840909090909091,0.036931818181818184,0.34210526315789475,0.23684210526315788,0.23684210526315788,0.18421052631578946,11,17
"RNCMPT00206,max,UGCGACA,RBD_v3_110167",107,1,352,30,0.09090909090909091,0.014204545454545454,0.045454545454545456,0.05113636363636364,0.05397727272727273,0.0625,0.03409090909090909,0.045454545454545456,0.04261363636363636,0.07386363636363637,0.008522727272727272,0.05397727272727273,0.056818181818181816,0.05113636363636364,0.03977272727272727,0.09375,0.045454545454545456,0.09659090909090909,0.002840909090909091,0.036931818181818184,0.36666666666666664,0.2,0.26666666666666666,0.16666666666666666,5,11
"RNCMPT00206,min,GGGUGGU,RBD_v3_213602",107,0,352,30,0.09090909090909091,0.014204545454545454,0.045454545454545456,0.05113636363636364,0.05397727272727273,0.0625,0.03409090909090909,0.045454545454545456,0.04261363636363636,0.07386363636363637,0.008522727272727272,0.05397727272727273,0.056818181818181816,0.05113636363636364,0.03977272727272727,0.09375,0.045454545454545456,0.09659090909090909,0.002840909090909091,0.036931818181818184,0.1,0.2,0.5,0.2,18,24
"RNCMPT00206,min,GGGUUGA,RBD_v3_016359",107,0,352,38,0.09090909090909091,0.014204545454545454,0.045454545454545456,0.05113636363636364,0.05397727272727273,0.0625,0.03409090909090909,0.045454545454545456,0.04261363636363636,0.07386363636363637,0.008522727272727272,0.05397727272727273,0.056818181818181816,0.05113636363636364,0.03977272727272727,0.09375,0.045454545454545456,0.09659090909090909,0.002840909090909091,0.036931818181818184,0.23684210526315788,0.10526315789473684,0.47368421052631576,0.18421052631578946,4,10
"RNCMPT00206,min,GGGUUGA,RBD_v3_062466",107,0,352,35,0.09090909090909091,0.014204545454545454,0.045454545454545456,0.05113636363636364,0.05397727272727273,0.0625,0.03409090909090909,0.045454545454545456,0.04261363636363636,0.07386363636363637,0.008522727272727272,0.05397727272727273,0.056818181818181816,0.05113636363636364,0.03977272727272727,0.09375,0.045454545454545456,0.09659090909090909,0.002840909090909091,0.036931818181818184,0.2,0.17142857142857143,0.37142857142857144,0.2571428571428571,8,14
"RNCMPT00209,max,AUUGCAC,RBD_v3_006938",80,1,247,38,0.12550607287449392,0.0,0.05668016194331984,0.08502024291497975,0.048582995951417005,0.06477732793522267,0.004048582995951417,0.048582995951417005,0.07692307692307693,0.06477732793522267,0.016194331983805668,0.04048582995951417,0.05668016194331984,0.05668016194331984,0.07692307692307693,0.024291497975708502,0.06072874493927125,0.0728744939271255,0.0,0.020242914979757085,0.34210526315789475,0.23684210526315788,0.18421052631578946,0.23684210526315788,7,13
"RNCMPT00209,max,AUUGCAC,RBD_v3_028293",80,1,247,35,0.12550607287449392,0.0,0.05668016194331984,0.08502024291497975,0.048582995951417005,0.06477732793522267,0.004048582995951417,0.048582995951417005,0.07692307692307693,0.06477732793522267,0.016194331983805668,0.04048582995951417,0.05668016194331984,0.05668016194331984,0.07692307692307693,0.024291497975708502,0.06072874493927125,0.0728744939271255,0.0,0.020242914979757085,0.2571428571428571,0.22857142857142856,0.3142857142857143,0.2,12,18
"RNCMPT00209,max,AUUGCAC,RBD_v3_130306",80,1,247,35,0.12550607287449392,0.0,0.05668016194331984,0.08502024291497975,0.048582995951417005,0.06477732793522267,0.004048582995951417,0.048582995951417005,0.07692307692307693,0.06477732793522267,0.016194331983805668,0.04048582995951417,0.05668016194331984,0.05668016194331984,0.07692307692307693,0.024291497975708502,0.06072874493927125,0.0728744939271255,0.0,0.020242914979757085,0.2571428571428571,0.2857142857142857,0.2857142857142857,0.17142857142857143,7,13
"RNCMPT00209,min,AGAGUCG,RBD_v3_218768",80,0,247,35,0.12550607287449392,0.0,0.05668016194331984,0.08502024291497975,0.048582995951417005,0.06477732793522267,0.004048582995951417,0.048582995951417005,0.07692307692307693,0.06477732793522267,0.016194331983805668,0.04048582995951417,0.05668016194331984,0.05668016194331984,0.07692307692307693,0.024291497975708502,0.06072874493927125,0.0728744939271255,0.0,0.020242914979757085,0.2571428571428571,0.2571428571428571,0.22857142857142856,0.2571428571428571,16,22
"RNCMPT00209,min,GUGUGUC,RBD_v3_064330",80,0,247,35,0.12550607287449392,0.0,0.05668016194331984,0.08502024291497975,0.048582995951417005,0.06477732793522267,0.004048582995951417,0.048582995951417005,0.07692307692307693,0.06477732793522267,0.016194331983805668,0.04048582995951417,0.05668016194331984,0.05668016194331984,0.07692307692307693,0.024291497975708502,0.06072874493927125,0.0728744939271255,0.0,0.020242914979757085,0.22857142857142856,0.2,0.22857142857142856,0.34285714285714286,10,16
"RNCMPT00209,min,GUGUGUC,RBD_v3_162052",80,0,247,30,0.12550607287449392,0.0,0.05668016194331984,0.08502024291497975,0.048582995951417005,0.06477732793522267,0.004048582995951417,0.048582995951417005,0.07692307692307693,0.06477732793522267,0.016194331983805668,0.04048582995951417,0.05668016194331984,0.05668016194331984,0.07692307692307693,0.024291497975708502,0.06072874493927125,0.0728744939271255,0.0,0.020242914979757085,0.26666666666666666,0.13333333333333333,0.3,0.3,20,26
"RNCMPT00212,max,ACAUUUU,RBD_v3_225797",65,1,235,38,0.08936170212765958,0.01276595744680851,0.0425531914893617,0.06382978723404255,0.03829787234042553,0.05106382978723404,0.03829787234042553,0.03404255319148936,0.05531914893617021,0.07659574468085106,0.029787234042553193,0.029787234042553193,0.04680851063829787,0.0425531914893617,0.08936170212765958,0.09361702127659574,0.06808510638297872,0.06382978723404255,0.00425531914893617,0.029787234042553193,0.21052631578947367,0.15789473684210525,0.23684210526315788,0.39473684210526316,22,28
"RNCMPT00212,max,CAUUUUU,RBD_v3_004994",65,1,235,35,0.08936170212765958,0.01276595744680851,0.0425531914893617,0.06382978723404255,0.03829787234042553,0.05106382978723404,0.03829787234042553,0.03404255319148936,0.05531914893617021,0.07659574468085106,0.029787234042553193,0.029787234042553193,0.04680851063829787,0.0425531914893617,0.08936170212765958,0.09361702127659574,0.06808510638297872,0.06382978723404255,0.00425531914893617,0.029787234042553193,0.34285714285714286,0.2571428571428571,0.17142857142857143,0.22857142857142856,10,16
"RNCMPT00212,max,CAUUUUU,RBD_v3_115850",65,1,235,35,0.08936170212765958,0.01276595744680851,0.0425531914893617,0.06382978723404255,0.03829787234042553,0.05106382978723404,0.03829787234042553,0.03404255319148936,0.05531914893617021,0.07659574468085106,0.029787234042553193,0.029787234042553193,0.04680851063829787,0.0425531914893617,0.08936170212765958,0.09361702127659574,0.06808510638297872,0.06382978723404255,0.00425531914893617,0.029787234042553193,0.34285714285714286,0.2571428571428571,0.17142857142857143,0.22857142857142856,10,16
"RNCMPT00212,min,AGAAUGU,RBD_v3_138214",65,0,235,35,0.08936170212765958,0.01276595744680851,0.0425531914893617,0.06382978723404255,0.03829787234042553,0.05106382978723404,0.03829787234042553,0.03404255319148936,0.05531914893617021,0.07659574468085106,0.029787234042553193,0.029787234042553193,0.04680851063829787,0.0425531914893617,0.08936170212765958,0.09361702127659574,0.06808510638297872,0.06382978723404255,0.00425531914893617,0.029787234042553193,0.2,0.2,0.2571428571428571,0.34285714285714286,1,7
"RNCMPT00212,min,AGAUGUU,RBD_v3_157779",65,0,235,35,0.08936170212765958,0.01276595744680851,0.0425531914893617,0.06382978723404255,0.03829787234042553,0.05106382978723404,0.03829787234042553,0.03404255319148936,0.05531914893617021,0.07659574468085106,0.029787234042553193,0.029787234042553193,0.04680851063829787,0.0425531914893617,0.08936170212765958,0.09361702127659574,0.06808510638297872,0.06382978723404255,0.00425531914893617,0.029787234042553193,0.2571428571428571,0.2571428571428571,0.22857142857142856,0.2571428571428571,11,17
"RNCMPT00212,min,AGAUGUU,RBD_v3_217823",65,0,235,35,0.08936170212765958,0.01276595744680851,0.0425531914893617,0.06382978723404255,0.03829787234042553,0.05106382978723404,0.03829787234042553,0.03404255319148936,0.05531914893617021,0.07659574468085106,0.029787234042553193,0.029787234042553193,0.04680851063829787,0.0425531914893617,0.08936170212765958,0.09361702127659574,0.06808510638297872,0.06382978723404255,0.00425531914893617,0.029787234042553193,0.2857142857142857,0.2571428571428571,0.11428571428571428,0.34285714285714286,1,7
"RNCMPT00215,max,AACCCUU,RBD_v3_074098",96,1,339,38,0.08259587020648967,0.014749262536873156,0.02064896755162242,0.06489675516224189,0.017699115044247787,0.0943952802359882,0.014749262536873156,0.10029498525073746,0.05604719764011799,0.06784660766961652,0.032448377581120944,0.038348082595870206,0.07669616519174041,0.058997050147492625,0.035398230088495575,0.08259587020648967,0.07964601769911504,0.0471976401179941,0.0,0.014749262536873156,0.23684210526315788,0.2894736842105263,0.18421052631578946,0.2894736842105263,10,16
"RNCMPT00215,max,AACCCUU,RBD_v3_099314",96,1,339,38,0.08259587020648967,0.014749262536873156,0.02064896755162242,0.06489675516224189,0.017699115044247787,0.0943952802359882,0.014749262536873156,0.10029498525073746,0.05604719764011799,0.06784660766961652,0.032448377581120944,0.038348082595870206,0.07669616519174041,0.058997050147492625,0.035398230088495575,0.08259587020648967,0.07964601769911504,0.0471976401179941,0.0,0.014749262536873156,0.2894736842105263,0.21052631578947367,0.13157894736842105,0.3684210526315789,8,14
"RNCMPT00215,max,UUUCCCU,RBD_v3_036176",96,1,339,38,0.08259587020648967,0.014749262536873156,0.02064896755162242,0.06489675516224189,0.017699115044247787,0.0943952802359882,0.014749262536873156,0.10029498525073746,0.05604719764011799,0.06784660766961652,0.032448377581120944,0.038348082595870206,0.07669616519174041,0.058997050147492625,0.035398230088495575,0.08259587020648967,0.07964601769911504,0.0471976401179941,0.0,0.014749262536873156,0.3157894736842105,0.2894736842105263,0.15789473684210525,0.23684210526315788,32,38
"RNCMPT00215,min,AGGGUGG,RBD_v3_006832",96,0,339,38,0.08259587020648967,0.014749262536873156,0.02064896755162242,0.06489675516224189,0.017699115044247787,0.0943952802359882,0.014749262536873156,0.10029498525073746,0.05604719764011799,0.06784660766961652,0.032448377581120944,0.038348082595870206,0.07669616519174041,0.058997050147492625,0.035398230088495575,0.08259587020648967,0.07964601769911504,0.0471976401179941,0.0,0.014749262536873156,0.2631578947368421,0.21052631578947367,0.34210526315789475,0.18421052631578946,1,7
"RNCMPT00215,min,GGAGGGG,RBD_v3_103948",96,0,339,38,0.08259587020648967,0.014749262536873156,0.02064896755162242,0.06489675516224189,0.017699115044247787,0.0943952802359882,0.014749262536873156,0.10029498525073746,0.05604719764011799,0.06784660766961652,0.032448377581120944,0.038348082595870206,0.07669616519174041,0.058997050147492625,0.035398230088495575,0.08259587020648967,0.07964601769911504,0.0471976401179941,0.0,0.014749262536873156,0.3157894736842105,0.10526315789473684,0.42105263157894735,0.15789473684210525,27,33
"RNCMPT00215,min,GGAGGGG,RBD_v3_201499",96,0,339,38,0.08259587020648967,0.014749262536873156,0.02064896755162242,0.06489675516224189,0.017699115044247787,0.0943952802359882,0.014749262536873156,0.10029498525073746,0.05604719764011799,0.06784660766961652,0.032448377581120944,0.038348082595870206,0.07669616519174041,0.058997050147492625,0.035398230088495575,0.08259587020648967,0.07964601769911504,0.0471976401179941,0.0,0.014749262536873156,0.2894736842105263,0.13157894736842105,0.42105263157894735,0.15789473684210525,2,8
"RNCMPT00216,max,ACAUUGU,RBD_v3_062243",173,1,270,38,0.0962962962962963,0.014814814814814815,0.037037037037037035,0.05925925925925926,0.037037037037037035,0.07037037037037037,0.037037037037037035,0.03333333333333333,0.037037037037037035,0.06666666666666667,0.014814814814814815,0.040740740740740744,0.06296296296296296,0.03333333333333333,0.10740740740740741,0.09259259259259259,0.06666666666666667,0.08518518518518518,0.003703703703703704,0.003703703703703704,0.3684210526315789,0.15789473684210525,0.2631578947368421,0.21052631578947367,20,26
"RNCMPT00216,max,ACAUUGU,RBD_v3_127730",173,1,270,30,0.0962962962962963,0.014814814814814815,0.037037037037037035,0.05925925925925926,0.037037037037037035,0.07037037037037037,0.037037037037037035,0.03333333333333333,0.037037037037037035,0.06666666666666667,0.014814814814814815,0.040740740740740744,0.06296296296296296,0.03333333333333333,0.10740740740740741,0.09259259259259259,0.06666666666666667,0.08518518518518518,0.003703703703703704,0.003703703703703704,0.36666666666666664,0.23333333333333334,0.23333333333333334,0.16666666666666666,9,15
"RNCMPT00216,max,CAUUGUA,RBD_v3_147322",173,1,270,38,0.0962962962962963,0.014814814814814815,0.037037037037037035,0.05925925925925926,0.037037037037037035,0.07037037037037037,0.037037037037037035,0.03333333333333333,0.037037037037037035,0.06666666666666667,0.014814814814814815,0.040740740740740744,0.06296296296296296,0.03333333333333333,0.10740740740740741,0.09259259259259259,0.06666666666666667,0.08518518518518518,0.003703703703703704,0.003703703703703704,0.2631578947368421,0.2631578947368421,0.18421052631578946,0.2894736842105263,21,27
"RNCMPT00216,min,AGGGGGG,RBD_v3_056948",173,0,270,38,0.0962962962962963,0.014814814814814815,0.037037037037037035,0.05925925925925926,0.037037037037037035,0.07037037037037037,0.037037037037037035,0.03333333333333333,0.037037037037037035,0.06666666666666667,0.014814814814814815,0.040740740740740744,0.06296296296296296,0.03333333333333333,0.10740740740740741,0.09259259259259259,0.06666666666666667,0.08518518518518518,0.003703703703703704,0.003703703703703704,0.3157894736842105,0.18421052631578946,0.2894736842105263,0.21052631578947367,1,7
"RNCMPT00216,min,GGGGGGC,RBD_v3_006108",173,0,270,35,0.0962962962962963,0.014814814814814815,0.037037037037037035,0.05925925925925926,0.037037037037037035,0.07037037037037037,0.037037037037037035,0.03333333333333333,0.037037037037037035,0.06666666666666667,0.014814814814814815,0.040740740740740744,0.06296296296296296,0.03333333333333333,0.10740740740740741,0.09259259259259259,0.06666666666666667,0.08518518518518518,0.003703703703703704,0.003703703703703704,0.2571428571428571,0.14285714285714285,0.4,0.2,8,14
"RNCMPT00216,min,GGGGGGG,RBD_v3_105870",173,0,270,38,0.0962962962962963,0.014814814814814815,0.037037037037037035,0.05925925925925926,0.037037037037037035,0.07037037037037037,0.037037037037037035,0.03333333333333333,0.037037037037037035,0.06666666666666667,0.014814814814814815,0.040740740740740744,0.06296296296296296,0.03333333333333333,0.10740740740740741,0.09259259259259259,0.06666666666666667,0.08518518518518518,0.003703703703703704,0.003703703703703704,0.23684210526315788,0.13157894736842105,0.34210526315789475,0.2894736842105263,2,8
"RNCMPT00217,max,ACUGUUG,RBD_v3_179778",174,1,386,38,0.07512953367875648,0.012953367875647668,0.05699481865284974,0.08290155440414508,0.05181347150259067,0.09326424870466321,0.031088082901554404,0.04145077720207254,0.02072538860103627,0.05699481865284974,0.023316062176165803,0.05181347150259067,0.06476683937823834,0.03626943005181347,0.09844559585492228,0.05958549222797927,0.04922279792746114,0.06217616580310881,0.0051813471502590676,0.025906735751295335,0.21052631578947367,0.23684210526315788,0.21052631578947367,0.34210526315789475,21,27
"RNCMPT00217,max,CUUGUUU,RBD_v3_177206",174,1,386,38,0.07512953367875648,0.012953367875647668,0.05699481865284974,0.08290155440414508,0.05181347150259067,0.09326424870466321,0.031088082901554404,0.04145077720207254,0.02072538860103627,0.05699481865284974,0.023316062176165803,0.05181347150259067,0.06476683937823834,0.03626943005181347,0.09844559585492228,0.05958549222797927,0.04922279792746114,0.06217616580310881,0.0051813471502590676,0.025906735751295335,0.21052631578947367,0.21052631578947367,0.18421052631578946,0.39473684210526316,9,15
"RNCMPT00217,max,UGUUUGU,RBD_v3_004768",174,1,386,38,0.07512953367875648,0.012953367875647668,0.05699481865284974,0.08290155440414508,0.05181347150259067,0.09326424870466321,0.031088082901554404,0.04145077720207254,0.02072538860103627,0.05699481865284974,0.023316062176165803,0.05181347150259067,0.06476683937823834,0.03626943005181347,0.09844559585492228,0.05958549222797927,0.04922279792746114,0.06217616580310881,0.0051813471502590676,0.025906735751295335,0.18421052631578946,0.15789473684210525,0.2631578947368421,0.39473684210526316,8,14
"RNCMPT00217,min,AGGGGGG,RBD_v3_177821",174,0,386,38,0.07512953367875648,0.012953367875647668,0.05699481865284974,0.08290155440414508,0.05181347150259067,0.09326424870466321,0.031088082901554404,0.04145077720207254,0.02072538860103627,0.05699481865284974,0.023316062176165803,0.05181347150259067,0.06476683937823834,0.03626943005181347,0.09844559585492228,0.05958549222797927,0.04922279792746114,0.06217616580310881,0.0051813471502590676,0.025906735751295335,0.2894736842105263,0.18421052631578946,0.3684210526315789,0.15789473684210525,1,7
"RNCMPT00217,min,AGGGGGG,RBD_v3_239751",174,0,386,30,0.07512953367875648,0.012953367875647668,0.05699481865284974,0.08290155440414508,0.05181347150259067,0.09326424870466321,0.031088082901554404,0.04145077720207254,0.02072538860103627,0.05699481865284974,0.023316062176165803,0.05181347150259067,0.06476683937823834,0.03626943005181347,0.09844559585492228,0.05958549222797927,0.04922279792746114,0.06217616580310881,0.0051813471502590676,0.025906735751295335,0.36666666666666664,0.13333333333333333,0.43333333333333335,0.06666666666666667,1,7
"RNCMPT00217,min,GGGGGGG,RBD_v3_145005",174,0,386,30,0.07512953367875648,0.012953367875647668,0.05699481865284974,0.08290155440414508,0.05181347150259067,0.09326424870466321,0.031088082901554404,0.04145077720207254,0.02072538860103627,0.05699481865284974,0.023316062176165803,0.05181347150259067,0.06476683937823834,0.03626943005181347,0.09844559585492228,0.05958549222797927,0.04922279792746114,0.06217616580310881,0.0051813471502590676,0.025906735751295335,0.2,0.23333333333333334,0.43333333333333335,0.13333333333333333,10,16
"RNCMPT00218,max,CAGUUAU,RBD_v3_123178",175,1,323,38,0.07120743034055728,0.030959752321981424,0.04024767801857585,0.04953560371517028,0.043343653250773995,0.07430340557275542,0.02476780185758514,0.015479876160990712,0.043343653250773995,0.08668730650154799,0.02476780185758514,0.05263157894736842,0.06811145510835913,0.034055727554179564,0.07120743034055728,0.11145510835913312,0.07430340557275542,0.06811145510835913,0.009287925696594427,0.006191950464396285,0.23684210526315788,0.23684210526315788,0.18421052631578946,0.34210526315789475,12,18
"RNCMPT00218,max,CAGUUAU,RBD_v3_185385",175,1,323,38,0.07120743034055728,0.030959752321981424,0.04024767801857585,0.04953560371517028,0.043343653250773995,0.07430340557275542,0.02476780185758514,0.015479876160990712,0.043343653250773995,0.08668730650154799,0.02476780185758514,0.05263157894736842,0.06811145510835913,0.034055727554179564,0.07120743034055728,0.11145510835913312,0.07430340557275542,0.06811145510835913,0.009287925696594427,0.006191950464396285,0.21052631578947367,0.18421052631578946,0.23684210526315788,0.3684210526315789,17,23
"RNCMPT00218,max,CAGUUAU,RBD_v3_235495",175,1,323,38,0.07120743034055728,0.030959752321981424,0.04024767801857585,0.04953560371517028,0.043343653250773995,0.07430340557275542,0.02476780185758514,0.015479876160990712,0.043343653250773995,0.08668730650154799,0.02476780185758514,0.05263157894736842,0.06811145510835913,0.034055727554179564,0.07120743034055728,0.11145510835913312,0.07430340557275542,0.06811145510835913,0.009287925696594427,0.006191950464396285,0.23684210526315788,0.23684210526315788,0.18421052631578946,0.34210526315789475,12,18
"RNCMPT00218,min,GAUGAAC,RBD_v3_084224",175,0,323,38,0.07120743034055728,0.030959752321981424,0.04024767801857585,0.04953560371517028,0.043343653250773995,0.07430340557275542,0.02476780185758514,0.015479876160990712,0.043343653250773995,0.08668730650154799,0.02476780185758514,0.05263157894736842,0.06811145510835913,0.034055727554179564,0.07120743034055728,0.11145510835913312,0.07430340557275542,0.06811145510835913,0.009287925696594427,0.006191950464396285,0.2894736842105263,0.3157894736842105,0.21052631578947367,0.18421052631578946,30,36
"RNCMPT00218,min,GAUGAAC,RBD_v3_153878",175,0,323,35,0.07120743034055728,0.030959752321981424,0.04024767801857585,0.04953560371517028,0.043343653250773995,0.07430340557275542,0.02476780185758514,0.015479876160990712,0.043343653250773995,0.08668730650154799,0.02476780185758514,0.05263157894736842,0.06811145510835913,0.034055727554179564,0.07120743034055728,0.11145510835913312,0.07430340557275542,0.06811145510835913,0.009287925696594427,0.006191950464396285,0.37142857142857144,0.22857142857142856,0.2,0.2,2,8
"RNCMPT00218,min,GAUGAAC,RBD_v3_220109",175,0,323,38,0.07120743034055728,0.030959752321981424,0.04024767801857585,0.04953560371517028,0.043343653250773995,0.07430340557275542,0.02476780185758514,0.015479876160990712,0.043343653250773995,0.08668730650154799,0.02476780185758514,0.05263157894736842,0.06811145510835913,0.034055727554179564,0.07120743034055728,0.11145510835913312,0.07430340557275542,0.06811145510835913,0.009287925696594427,0.006191950464396285,0.3157894736842105,0.18421052631578946,0.2894736842105263,0.21052631578947367,11,17
"RNCMPT00219,max,UAUACUG,RBD_v3_138908",176,1,262,38,0.09541984732824428,0.022900763358778626,0.04961832061068702,0.04580152671755725,0.03816793893129771,0.0648854961832061,0.04580152671755725,0.04198473282442748,0.061068702290076333,0.05725190839694656,0.011450381679389313,0.03816793893129771,0.05725190839694656,0.04961832061068702,0.05725190839694656,0.10305343511450382,0.06870229007633588,0.07633587786259542,0.003816793893129771,0.011450381679389313,0.2631578947368421,0.2894736842105263,0.18421052631578946,0.2631578947368421,22,28
"RNCMPT00219,max,UUAUACU,RBD_v3_095756",176,1,262,38,0.09541984732824428,0.022900763358778626,0.04961832061068702,0.04580152671755725,0.03816793893129771,0.0648854961832061,0.04580152671755725,0.04198473282442748,0.061068702290076333,0.05725190839694656,0.011450381679389313,0.03816793893129771,0.05725190839694656,0.04961832061068702,0.05725190839694656,0.10305343511450382,0.06870229007633588,0.07633587786259542,0.003816793893129771,0.011450381679389313,0.23684210526315788,0.2894736842105263,0.21052631578947367,0.2631578947368421,14,20
"RNCMPT00219,max,UUAUACU,RBD_v3_100509",176,1,262,38,0.09541984732824428,0.022900763358778626,0.04961832061068702,0.04580152671755725,0.03816793893129771,0.0648854961832061,0.04580152671755725,0.04198473282442748,0.061068702290076333,0.05725190839694656,0.011450381679389313,0.03816793893129771,0.05725190839694656,0.04961832061068702,0.05725190839694656,0.10305343511450382,0.06870229007633588,0.07633587786259542,0.003816793893129771,0.011450381679389313,0.3157894736842105,0.2631578947368421,0.18421052631578946,0.23684210526315788,9,15
"RNCMPT00219,min,GAUGGGG,RBD_v3_032469",176,0,262,35,0.09541984732824428,0.022900763358778626,0.04961832061068702,0.04580152671755725,0.03816793893129771,0.0648854961832061,0.04580152671755725,0.04198473282442748,0.061068702290076333,0.05725190839694656,0.011450381679389313,0.03816793893129771,0.05725190839694656,0.04961832061068702,0.05725190839694656,0.10305343511450382,0.06870229007633588,0.07633587786259542,0.003816793893129771,0.011450381679389313,0.3142857142857143,0.2,0.34285714285714286,0.14285714285714285,11,17
"RNCMPT00219,min,GAUGGGG,RBD_v3_055042",176,0,262,35,0.09541984732824428,0.022900763358778626,0.04961832061068702,0.04580152671755725,0.03816793893129771,0.0648854961832061,0.04580152671755725,0.04198473282442748,0.061068702290076333,0.05725190839694656,0.011450381679389313,0.03816793893129771,0.05725190839694656,0.04961832061068702,0.05725190839694656,0.10305343511450382,0.06870229007633588,0.07633587786259542,0.003816793893129771,0.011450381679389313,0.3142857142857143,0.17142857142857143,0.34285714285714286,0.17142857142857143,2,8
"RNCMPT00219,min,GGGGUGG,RBD_v3_131253",176,0,262,35,0.09541984732824428,0.022900763358778626,0.04961832061068702,0.04580152671755725,0.03816793893129771,0.0648854961832061,0.04580152671755725,0.04198473282442748,0.061068702290076333,0.05725190839694656,0.011450381679389313,0.03816793893129771,0.05725190839694656,0.04961832061068702,0.05725190839694656,0.10305343511450382,0.06870229007633588,0.07633587786259542,0.003816793893129771,0.011450381679389313,0.2571428571428571,0.22857142857142856,0.4,0.11428571428571428,26,32
"RNCMPT00220,max,CCUUUCU,RBD_v3_138430",177,1,264,30,0.04924242424242424,0.003787878787878788,0.030303030303030304,0.041666666666666664,0.03409090909090909,0.056818181818181816,0.01893939393939394,0.06818181818181818,0.03409090909090909,0.05303030303030303,0.03787878787878788,0.07954545454545454,0.06818181818181818,0.13257575757575757,0.056818181818181816,0.056818181818181816,0.06439393939393939,0.08712121212121213,0.0,0.026515151515151516,0.2,0.3,0.26666666666666666,0.23333333333333334,6,12
"RNCMPT00220,max,CCUUUCU,RBD_v3_143065",177,1,264,38,0.04924242424242424,0.003787878787878788,0.030303030303030304,0.041666666666666664,0.03409090909090909,0.056818181818181816,0.01893939393939394,0.06818181818181818,0.03409090909090909,0.05303030303030303,0.03787878787878788,0.07954545454545454,0.06818181818181818,0.13257575757575757,0.056818181818181816,0.056818181818181816,0.06439393939393939,0.08712121212121213,0.0,0.026515151515151516,0.21052631578947367,0.23684210526315788,0.21052631578947367,0.34210526315789475,7,13
"RNCMPT00220,max,CUUUCUU,RBD_v3_077686",177,1,264,35,0.04924242424242424,0.003787878787878788,0.030303030303030304,0.041666666666666664,0.03409090909090909,0.056818181818181816,0.01893939393939394,0.06818181818181818,0.03409090909090909,0.05303030303030303,0.03787878787878788,0.07954545454545454,0.06818181818181818,0.13257575757575757,0.056818181818181816,0.056818181818181816,0.06439393939393939,0.08712121212121213,0.0,0.026515151515151516,0.17142857142857143,0.17142857142857143,0.2857142857142857,0.37142857142857144,20,26
"RNCMPT00220,min,GGGAGGG,RBD_v3_008082",177,0,264,38,0.04924242424242424,0.003787878787878788,0.030303030303030304,0.041666666666666664,0.03409090909090909,0.056818181818181816,0.01893939393939394,0.06818181818181818,0.03409090909090909,0.05303030303030303,0.03787878787878788,0.07954545454545454,0.06818181818181818,0.13257575757575757,0.056818181818181816,0.056818181818181816,0.06439393939393939,0.08712121212121213,0.0,0.026515151515151516,0.34210526315789475,0.07894736842105263,0.2631578947368421,0.3157894736842105,21,27
"RNCMPT00220,min,GGGAGGG,RBD_v3_079475",177,0,264,35,0.04924242424242424,0.003787878787878788,0.030303030303030304,0.041666666666666664,0.03409090909090909,0.056818181818181816,0.01893939393939394,0.06818181818181818,0.03409090909090909,0.05303030303030303,0.03787878787878788,0.07954545454545454,0.06818181818181818,0.13257575757575757,0.056818181818181816,0.056818181818181816,0.06439393939393939,0.08712121212121213,0.0,0.026515151515151516,0.37142857142857144,0.14285714285714285,0.34285714285714286,0.14285714285714285,29,35
"RNCMPT00220,min,GGGAGGG,RBD_v3_221493",177,0,264,35,0.04924242424242424,0.003787878787878788,0.030303030303030304,0.041666666666666664,0.03409090909090909,0.056818181818181816,0.01893939393939394,0.06818181818181818,0.03409090909090909,0.05303030303030303,0.03787878787878788,0.07954545454545454,0.06818181818181818,0.13257575757575757,0.056818181818181816,0.056818181818181816,0.06439393939393939,0.08712121212121213,0.0,0.026515151515151516,0.2857142857142857,0.08571428571428572,0.42857142857142855,0.2,15,21
"RNCMPT00223,max,GUACACG,RBD_v3_026817",66,1,217,38,0.1889400921658986,0.004608294930875576,0.018433179723502304,0.05069124423963134,0.04608294930875576,0.041474654377880185,0.02304147465437788,0.018433179723502304,0.10138248847926268,0.05069124423963134,0.009216589861751152,0.04608294930875576,0.059907834101382486,0.03225806451612903,0.06912442396313365,0.06451612903225806,0.03686635944700461,0.10599078341013825,0.004608294930875576,0.027649769585253458,0.2894736842105263,0.2631578947368421,0.21052631578947367,0.23684210526315788,12,18
"RNCMPT00223,max,UUUCACG,RBD_v3_087181",66,1,217,35,0.1889400921658986,0.004608294930875576,0.018433179723502304,0.05069124423963134,0.04608294930875576,0.041474654377880185,0.02304147465437788,0.018433179723502304,0.10138248847926268,0.05069124423963134,0.009216589861751152,0.04608294930875576,0.059907834101382486,0.03225806451612903,0.06912442396313365,0.06451612903225806,0.03686635944700461,0.10599078341013825,0.004608294930875576,0.027649769585253458,0.22857142857142856,0.2571428571428571,0.2571428571428571,0.2571428571428571,10,16
"RNCMPT00223,max,UUUCACG,RBD_v3_197022",66,1,217,38,0.1889400921658986,0.004608294930875576,0.018433179723502304,0.05069124423963134,0.04608294930875576,0.041474654377880185,0.02304147465437788,0.018433179723502304,0.10138248847926268,0.05069124423963134,0.009216589861751152,0.04608294930875576,0.059907834101382486,0.03225806451612903,0.06912442396313365,0.06451612903225806,0.03686635944700461,0.10599078341013825,0.004608294930875576,0.027649769585253458,0.34210526315789475,0.21052631578947367,0.23684210526315788,0.21052631578947367,9,15
"RNCMPT00223,min,AGUGAGU,RBD_v3_137169",66,0,217,30,0.1889400921658986,0.004608294930875576,0.018433179723502304,0.05069124423963134,0.04608294930875576,0.041474654377880185,0.02304147465437788,0.018433179723502304,0.10138248847926268,0.05069124423963134,0.009216589861751152,0.04608294930875576,0.059907834101382486,0.03225806451612903,0.06912442396313365,0.06451612903225806,0.03686635944700461,0.10599078341013825,0.004608294930875576,0.027649769585253458,0.3333333333333333,0.23333333333333334,0.26666666666666666,0.16666666666666666,20,26
"RNCMPT00223,min,AGUGAGU,RBD_v3_208306",66,0,217,35,0.1889400921658986,0.004608294930875576,0.018433179723502304,0.05069124423963134,0.04608294930875576,0.041474654377880185,0.02304147465437788,0.018433179723502304,0.10138248847926268,0.05069124423963134,0.009216589861751152,0.04608294930875576,0.059907834101382486,0.03225806451612903,0.06912442396313365,0.06451612903225806,0.03686635944700461,0.10599078341013825,0.004608294930875576,0.027649769585253458,0.2571428571428571,0.17142857142857143,0.34285714285714286,0.22857142857142856,3,9
"RNCMPT00223,min,GAGUCGU,RBD_v3_154372",66,0,217,38,0.1889400921658986,0.004608294930875576,0.018433179723502304,0.05069124423963134,0.04608294930875576,0.041474654377880185,0.02304147465437788,0.018433179723502304,0.10138248847926268,0.05069124423963134,0.009216589861751152,0.04608294930875576,0.059907834101382486,0.03225806451612903,0.06912442396313365,0.06451612903225806,0.03686635944700461,0.10599078341013825,0.004608294930875576,0.027649769585253458,0.34210526315789475,0.21052631578947367,0.2894736842105263,0.15789473684210525,10,16
"RNCMPT00224,max,ACAAAAG,RBD_v3_089827",164,1,212,38,0.10377358490566038,0.0047169811320754715,0.07547169811320754,0.05188679245283019,0.05188679245283019,0.07075471698113207,0.02358490566037736,0.05660377358490566,0.06132075471698113,0.08018867924528301,0.02830188679245283,0.05660377358490566,0.07547169811320754,0.03773584905660377,0.0330188679245283,0.05660377358490566,0.03773584905660377,0.05188679245283019,0.0047169811320754715,0.03773584905660377,0.39473684210526316,0.21052631578947367,0.21052631578947367,0.18421052631578946,19,25
"RNCMPT00224,max,ACAAAAG,RBD_v3_101581",164,1,212,38,0.10377358490566038,0.0047169811320754715,0.07547169811320754,0.05188679245283019,0.05188679245283019,0.07075471698113207,0.02358490566037736,0.05660377358490566,0.06132075471698113,0.08018867924528301,0.02830188679245283,0.05660377358490566,0.07547169811320754,0.03773584905660377,0.0330188679245283,0.05660377358490566,0.03773584905660377,0.05188679245283019,0.0047169811320754715,0.03773584905660377,0.4473684210526316,0.13157894736842105,0.21052631578947367,0.21052631578947367,26,32
"RNCMPT00224,max,UCAAAAG,RBD_v3_190853",164,1,212,38,0.10377358490566038,0.0047169811320754715,0.07547169811320754,0.05188679245283019,0.05188679245283019,0.07075471698113207,0.02358490566037736,0.05660377358490566,0.06132075471698113,0.08018867924528301,0.02830188679245283,0.05660377358490566,0.07547169811320754,0.03773584905660377,0.0330188679245283,0.05660377358490566,0.03773584905660377,0.05188679245283019,0.0047169811320754715,0.03773584905660377,0.3684210526315789,0.18421052631578946,0.3157894736842105,0.13157894736842105,11,17
"RNCMPT00224,min,GGGGGGC,RBD_v3_131114",164,0,212,30,0.10377358490566038,0.0047169811320754715,0.07547169811320754,0.05188679245283019,0.05188679245283019,0.07075471698113207,0.02358490566037736,0.05660377358490566,0.06132075471698113,0.08018867924528301,0.02830188679245283,0.05660377358490566,0.07547169811320754,0.03773584905660377,0.0330188679245283,0.05660377358490566,0.03773584905660377,0.05188679245283019,0.0047169811320754715,0.03773584905660377,0.16666666666666666,0.3,0.36666666666666664,0.16666666666666666,19,25
"RNCMPT00224,min,UGGGGGG,RBD_v3_063403",164,0,212,35,0.10377358490566038,0.0047169811320754715,0.07547169811320754,0.05188679245283019,0.05188679245283019,0.07075471698113207,0.02358490566037736,0.05660377358490566,0.06132075471698113,0.08018867924528301,0.02830188679245283,0.05660377358490566,0.07547169811320754,0.03773584905660377,0.0330188679245283,0.05660377358490566,0.03773584905660377,0.05188679245283019,0.0047169811320754715,0.03773584905660377,0.2857142857142857,0.17142857142857143,0.42857142857142855,0.11428571428571428,15,21
"RNCMPT00224,min,UGGGGGG,RBD_v3_179499",164,0,212,30,0.10377358490566038,0.0047169811320754715,0.07547169811320754,0.05188679245283019,0.05188679245283019,0.07075471698113207,0.02358490566037736,0.05660377358490566,0.06132075471698113,0.08018867924528301,0.02830188679245283,0.05660377358490566,0.07547169811320754,0.03773584905660377,0.0330188679245283,0.05660377358490566,0.03773584905660377,0.05188679245283019,0.0047169811320754715,0.03773584905660377,0.2,0.2,0.4666666666666667,0.13333333333333333,15,21
"RNCMPT00225,max,ACACGCA,RBD_v3_014987",182,1,267,38,0.10486891385767791,0.00749063670411985,0.0599250936329588,0.03745318352059925,0.0299625468164794,0.08614232209737828,0.00749063670411985,0.03745318352059925,0.08614232209737828,0.10112359550561797,0.026217228464419477,0.0299625468164794,0.0449438202247191,0.0299625468164794,0.04868913857677903,0.0898876404494382,0.0898876404494382,0.052434456928838954,0.00749063670411985,0.02247191011235955,0.47368421052631576,0.23684210526315788,0.18421052631578946,0.10526315789473684,14,20
"RNCMPT00225,max,ACACGCA,RBD_v3_198606",182,1,267,38,0.10486891385767791,0.00749063670411985,0.0599250936329588,0.03745318352059925,0.0299625468164794,0.08614232209737828,0.00749063670411985,0.03745318352059925,0.08614232209737828,0.10112359550561797,0.026217228464419477,0.0299625468164794,0.0449438202247191,0.0299625468164794,0.04868913857677903,0.0898876404494382,0.0898876404494382,0.052434456928838954,0.00749063670411985,0.02247191011235955,0.2894736842105263,0.21052631578947367,0.2894736842105263,0.21052631578947367,10,16
"RNCMPT00225,max,ACACGCA,RBD_v3_213163",182,1,267,38,0.10486891385767791,0.00749063670411985,0.0599250936329588,0.03745318352059925,0.0299625468164794,0.08614232209737828,0.00749063670411985,0.03745318352059925,0.08614232209737828,0.10112359550561797,0.026217228464419477,0.0299625468164794,0.0449438202247191,0.0299625468164794,0.04868913857677903,0.0898876404494382,0.0898876404494382,0.052434456928838954,0.00749063670411985,0.02247191011235955,0.3157894736842105,0.21052631578947367,0.34210526315789475,0.13157894736842105,11,17
"RNCMPT00225,min,GGGGGCC,RBD_v3_136946",182,0,267,38,0.10486891385767791,0.00749063670411985,0.0599250936329588,0.03745318352059925,0.0299625468164794,0.08614232209737828,0.00749063670411985,0.03745318352059925,0.08614232209737828,0.10112359550561797,0.026217228464419477,0.0299625468164794,0.0449438202247191,0.0299625468164794,0.04868913857677903,0.0898876404494382,0.0898876404494382,0.052434456928838954,0.00749063670411985,0.02247191011235955,0.2894736842105263,0.21052631578947367,0.34210526315789475,0.15789473684210525,12,18
"RNCMPT00225,min,GGGGGCC,RBD_v3_156860",182,0,267,38,0.10486891385767791,0.00749063670411985,0.0599250936329588,0.03745318352059925,0.0299625468164794,0.08614232209737828,0.00749063670411985,0.03745318352059925,0.08614232209737828,0.10112359550561797,0.026217228464419477,0.0299625468164794,0.0449438202247191,0.0299625468164794,0.04868913857677903,0.0898876404494382,0.0898876404494382,0.052434456928838954,0.00749063670411985,0.02247191011235955,0.3157894736842105,0.3157894736842105,0.2631578947368421,0.10526315789473684,18,24
"RNCMPT00225,min,GGGGGCC,RBD_v3_207323",182,0,267,30,0.10486891385767791,0.00749063670411985,0.0599250936329588,0.03745318352059925,0.0299625468164794,0.08614232209737828,0.00749063670411985,0.03745318352059925,0.08614232209737828,0.10112359550561797,0.026217228464419477,0.0299625468164794,0.0449438202247191,0.0299625468164794,0.04868913857677903,0.0898876404494382,0.0898876404494382,0.052434456928838954,0.00749063670411985,0.02247191011235955,0.13333333333333333,0.13333333333333333,0.5,0.23333333333333334,11,17
"RNCMPT00226,max,CAAUAAG,RBD_v3_129759",183,1,203,38,0.04433497536945813,0.024630541871921183,0.024630541871921183,0.054187192118226604,0.04433497536945813,0.06403940886699508,0.009852216748768473,0.08866995073891626,0.06403940886699508,0.04926108374384237,0.009852216748768473,0.08866995073891626,0.024630541871921183,0.059113300492610835,0.054187192118226604,0.08374384236453201,0.034482758620689655,0.11822660098522167,0.0,0.059113300492610835,0.3157894736842105,0.21052631578947367,0.2894736842105263,0.18421052631578946,12,18
"RNCMPT00226,max,CCAAUAA,RBD_v3_035596",183,1,203,38,0.04433497536945813,0.024630541871921183,0.024630541871921183,0.054187192118226604,0.04433497536945813,0.06403940886699508,0.009852216748768473,0.08866995073891626,0.06403940886699508,0.04926108374384237,0.009852216748768473,0.08866995073891626,0.024630541871921183,0.059113300492610835,0.054187192118226604,0.08374384236453201,0.034482758620689655,0.11822660098522167,0.0,0.059113300492610835,0.42105263157894735,0.15789473684210525,0.2631578947368421,0.15789473684210525,5,11
"RNCMPT00226,max,CCAAUAA,RBD_v3_061593",183,1,203,35,0.04433497536945813,0.024630541871921183,0.024630541871921183,0.054187192118226604,0.04433497536945813,0.06403940886699508,0.009852216748768473,0.08866995073891626,0.06403940886699508,0.04926108374384237,0.009852216748768473,0.08866995073891626,0.024630541871921183,0.059113300492610835,0.054187192118226604,0.08374384236453201,0.034482758620689655,0.11822660098522167,0.0,0.059113300492610835,0.34285714285714286,0.2857142857142857,0.22857142857142856,0.14285714285714285,7,13
"RNCMPT00226,min,UGUUUGU,RBD_v3_003265",183,0,203,30,0.04433497536945813,0.024630541871921183,0.024630541871921183,0.054187192118226604,0.04433497536945813,0.06403940886699508,0.009852216748768473,0.08866995073891626,0.06403940886699508,0.04926108374384237,0.009852216748768473,0.08866995073891626,0.024630541871921183,0.059113300492610835,0.054187192118226604,0.08374384236453201,0.034482758620689655,0.11822660098522167,0.0,0.059113300492610835,0.23333333333333334,0.1,0.3,0.36666666666666664,19,25
"RNCMPT00226,min,UGUUUGU,RBD_v3_034402",183,0,203,39,0.04433497536945813,0.024630541871921183,0.024630541871921183,0.054187192118226604,0.04433497536945813,0.06403940886699508,0.009852216748768473,0.08866995073891626,0.06403940886699508,0.04926108374384237,0.009852216748768473,0.08866995073891626,0.024630541871921183,0.059113300492610835,0.054187192118226604,0.08374384236453201,0.034482758620689655,0.11822660098522167,0.0,0.059113300492610835,0.15384615384615385,0.1794871794871795,0.3076923076923077,0.358974358974359,25,31
"RNCMPT00226,min,UUGUAUG,RBD_v3_042316",183,0,203,38,0.04433497536945813,0.024630541871921183,0.024630541871921183,0.054187192118226604,0.04433497536945813,0.06403940886699508,0.009852216748768473,0.08866995073891626,0.06403940886699508,0.04926108374384237,0.009852216748768473,0.08866995073891626,0.024630541871921183,0.059113300492610835,0.054187192118226604,0.08374384236453201,0.034482758620689655,0.11822660098522167,0.0,0.059113300492610835,0.21052631578947367,0.21052631578947367,0.2894736842105263,0.2894736842105263,6,12
"RNCMPT00228,max,UUUUUUU,RBD_v3_029559",108,1,386,38,0.08549222797927461,0.02072538860103627,0.04145077720207254,0.04922279792746114,0.03367875647668394,0.10362694300518134,0.025906735751295335,0.02849740932642487,0.03367875647668394,0.08031088082901554,0.018134715025906734,0.05181347150259067,0.05699481865284974,0.05958549222797927,0.046632124352331605,0.09067357512953368,0.04922279792746114,0.07253886010362694,0.015544041450777202,0.03626943005181347,0.18421052631578946,0.18421052631578946,0.23684210526315788,0.39473684210526316,30,36
"RNCMPT00228,max,UUUUUUU,RBD_v3_159452",108,1,386,38,0.08549222797927461,0.02072538860103627,0.04145077720207254,0.04922279792746114,0.03367875647668394,0.10362694300518134,0.025906735751295335,0.02849740932642487,0.03367875647668394,0.08031088082901554,0.018134715025906734,0.05181347150259067,0.05699481865284974,0.05958549222797927,0.046632124352331605,0.09067357512953368,0.04922279792746114,0.07253886010362694,0.015544041450777202,0.03626943005181347,0.21052631578947367,0.18421052631578946,0.23684210526315788,0.3684210526315789,31,37
"RNCMPT00228,max,UUUUUUU,RBD_v3_234488",108,1,386,30,0.08549222797927461,0.02072538860103627,0.04145077720207254,0.04922279792746114,0.03367875647668394,0.10362694300518134,0.025906735751295335,0.02849740932642487,0.03367875647668394,0.08031088082901554,0.018134715025906734,0.05181347150259067,0.05699481865284974,0.05958549222797927,0.046632124352331605,0.09067357512953368,0.04922279792746114,0.07253886010362694,0.015544041450777202,0.03626943005181347,0.13333333333333333,0.13333333333333333,0.26666666666666666,0.4666666666666667,20,26
"RNCMPT00228,min,AAACAGC,RBD_v3_127048",108,0,386,30,0.08549222797927461,0.02072538860103627,0.04145077720207254,0.04922279792746114,0.03367875647668394,0.10362694300518134,0.025906735751295335,0.02849740932642487,0.03367875647668394,0.08031088082901554,0.018134715025906734,0.05181347150259067,0.05699481865284974,0.05958549222797927,0.046632124352331605,0.09067357512953368,0.04922279792746114,0.07253886010362694,0.015544041450777202,0.03626943005181347,0.3333333333333333,0.26666666666666666,0.16666666666666666,0.23333333333333334,12,18
"RNCMPT00228,min,AAACAGC,RBD_v3_241049",108,0,386,30,0.08549222797927461,0.02072538860103627,0.04145077720207254,0.04922279792746114,0.03367875647668394,0.10362694300518134,0.025906735751295335,0.02849740932642487,0.03367875647668394,0.08031088082901554,0.018134715025906734,0.05181347150259067,0.05699481865284974,0.05958549222797927,0.046632124352331605,0.09067357512953368,0.04922279792746114,0.07253886010362694,0.015544041450777202,0.03626943005181347,0.36666666666666664,0.23333333333333334,0.16666666666666666,0.23333333333333334,8,14
"RNCMPT00228,min,AAGUCGC,RBD_v3_022427",108,0,386,30,0.08549222797927461,0.02072538860103627,0.04145077720207254,0.04922279792746114,0.03367875647668394,0.10362694300518134,0.025906735751295335,0.02849740932642487,0.03367875647668394,0.08031088082901554,0.018134715025906734,0.05181347150259067,0.05699481865284974,0.05958549222797927,0.046632124352331605,0.09067357512953368,0.04922279792746114,0.07253886010362694,0.015544041450777202,0.03626943005181347,0.4,0.23333333333333334,0.23333333333333334,0.13333333333333333,4,10
"RNCMPT00229,max,GUGUUUU,RBD_v3_106697",109,1,337,38,0.08902077151335312,0.008902077151335312,0.04451038575667656,0.05637982195845697,0.04451038575667656,0.10682492581602374,0.02373887240356083,0.026706231454005934,0.03857566765578635,0.04451038575667656,0.020771513353115726,0.04747774480712166,0.0712166172106825,0.0712166172106825,0.050445103857566766,0.050445103857566766,0.05637982195845697,0.0771513353115727,0.017804154302670624,0.05341246290801187,0.18421052631578946,0.23684210526315788,0.21052631578947367,0.3684210526315789,5,11
"RNCMPT00229,max,UGUUUUG,RBD_v3_071774",109,1,337,38,0.08902077151335312,0.008902077151335312,0.04451038575667656,0.05637982195845697,0.04451038575667656,0.10682492581602374,0.02373887240356083,0.026706231454005934,0.03857566765578635,0.04451038575667656,0.020771513353115726,0.04747774480712166,0.0712166172106825,0.0712166172106825,0.050445103857566766,0.050445103857566766,0.05637982195845697,0.0771513353115727,0.017804154302670624,0.05341246290801187,0.2894736842105263,0.21052631578947367,0.15789473684210525,0.34210526315789475,27,33
"RNCMPT00229,max,UGUUUUG,RBD_v3_108076",109,1,337,39,0.08902077151335312,0.008902077151335312,0.04451038575667656,0.05637982195845697,0.04451038575667656,0.10682492581602374,0.02373887240356083,0.026706231454005934,0.03857566765578635,0.04451038575667656,0.020771513353115726,0.04747774480712166,0.0712166172106825,0.0712166172106825,0.050445103857566766,0.050445103857566766,0.05637982195845697,0.0771513353115727,0.017804154302670624,0.05341246290801187,0.1794871794871795,0.07692307692307693,0.28205128205128205,0.46153846153846156,17,23
"RNCMPT00229,min,GACGGAC,RBD_v3_018982",109,0,337,38,0.08902077151335312,0.008902077151335312,0.04451038575667656,0.05637982195845697,0.04451038575667656,0.10682492581602374,0.02373887240356083,0.026706231454005934,0.03857566765578635,0.04451038575667656,0.020771513353115726,0.04747774480712166,0.0712166172106825,0.0712166172106825,0.050445103857566766,0.050445103857566766,0.05637982195845697,0.0771513353115727,0.017804154302670624,0.05341246290801187,0.2894736842105263,0.2631578947368421,0.23684210526315788,0.21052631578947367,2,8
"RNCMPT00229,min,GACGGAC,RBD_v3_099342",109,0,337,38,0.08902077151335312,0.008902077151335312,0.04451038575667656,0.05637982195845697,0.04451038575667656,0.10682492581602374,0.02373887240356083,0.026706231454005934,0.03857566765578635,0.04451038575667656,0.020771513353115726,0.04747774480712166,0.0712166172106825,0.0712166172106825,0.050445103857566766,0.050445103857566766,0.05637982195845697,0.0771513353115727,0.017804154302670624,0.05341246290801187,0.23684210526315788,0.23684210526315788,0.34210526315789475,0.18421052631578946,2,8
"RNCMPT00229,min,GACGGAC,RBD_v3_114462",109,0,337,38,0.08902077151335312,0.008902077151335312,0.04451038575667656,0.05637982195845697,0.04451038575667656,0.10682492581602374,0.02373887240356083,0.026706231454005934,0.03857566765578635,0.04451038575667656,0.020771513353115726,0.04747774480712166,0.0712166172106825,0.0712166172106825,0.050445103857566766,0.050445103857566766,0.05637982195845697,0.0771513353115727,0.017804154302670624,0.05341246290801187,0.2894736842105263,0.23684210526315788,0.34210526315789475,0.13157894736842105,26,32
"RNCMPT00230,max,GAAGGAC,RBD_v3_017741",178,1,419,38,0.09785202863961814,0.00954653937947494,0.05250596658711217,0.07875894988066826,0.0405727923627685,0.08591885441527446,0.01909307875894988,0.03818615751789976,0.07398568019093078,0.08353221957040573,0.01909307875894988,0.0405727923627685,0.06205250596658711,0.02386634844868735,0.05250596658711217,0.06682577565632458,0.03818615751789976,0.09307875894988067,0.002386634844868735,0.021479713603818614,0.3157894736842105,0.21052631578947367,0.2894736842105263,0.18421052631578946,25,31
"RNCMPT00230,max,GAAGGAC,RBD_v3_021219",178,1,419,35,0.09785202863961814,0.00954653937947494,0.05250596658711217,0.07875894988066826,0.0405727923627685,0.08591885441527446,0.01909307875894988,0.03818615751789976,0.07398568019093078,0.08353221957040573,0.01909307875894988,0.0405727923627685,0.06205250596658711,0.02386634844868735,0.05250596658711217,0.06682577565632458,0.03818615751789976,0.09307875894988067,0.002386634844868735,0.021479713603818614,0.3142857142857143,0.2,0.2571428571428571,0.22857142857142856,27,33
"RNCMPT00230,max,GAAGGAC,RBD_v3_237177",178,1,419,35,0.09785202863961814,0.00954653937947494,0.05250596658711217,0.07875894988066826,0.0405727923627685,0.08591885441527446,0.01909307875894988,0.03818615751789976,0.07398568019093078,0.08353221957040573,0.01909307875894988,0.0405727923627685,0.06205250596658711,0.02386634844868735,0.05250596658711217,0.06682577565632458,0.03818615751789976,0.09307875894988067,0.002386634844868735,0.021479713603818614,0.3142857142857143,0.2571428571428571,0.2857142857142857,0.14285714285714285,2,8
"RNCMPT00230,min,CCUUUUC,RBD_v3_095164",178,0,419,30,0.09785202863961814,0.00954653937947494,0.05250596658711217,0.07875894988066826,0.0405727923627685,0.08591885441527446,0.01909307875894988,0.03818615751789976,0.07398568019093078,0.08353221957040573,0.01909307875894988,0.0405727923627685,0.06205250596658711,0.02386634844868735,0.05250596658711217,0.06682577565632458,0.03818615751789976,0.09307875894988067,0.002386634844868735,0.021479713603818614,0.2,0.36666666666666664,0.26666666666666666,0.16666666666666666,12,18
"RNCMPT00230,min,UUUGCUU,RBD_v3_045133",178,0,419,38,0.09785202863961814,0.00954653937947494,0.05250596658711217,0.07875894988066826,0.0405727923627685,0.08591885441527446,0.01909307875894988,0.03818615751789976,0.07398568019093078,0.08353221957040573,0.01909307875894988,0.0405727923627685,0.06205250596658711,0.02386634844868735,0.05250596658711217,0.06682577565632458,0.03818615751789976,0.09307875894988067,0.002386634844868735,0.021479713603818614,0.2631578947368421,0.2894736842105263,0.13157894736842105,0.3157894736842105,21,27
"RNCMPT00230,min,UUUUCUC,RBD_v3_237889",178,0,419,35,0.09785202863961814,0.00954653937947494,0.05250596658711217,0.07875894988066826,0.0405727923627685,0.08591885441527446,0.01909307875894988,0.03818615751789976,0.07398568019093078,0.08353221957040573,0.01909307875894988,0.0405727923627685,0.06205250596658711,0.02386634844868735,0.05250596658711217,0.06682577565632458,0.03818615751789976,0.09307875894988067,0.002386634844868735,0.021479713603818614,0.14285714285714285,0.37142857142857144,0.17142857142857143,0.3142857142857143,26,32
"RNCMPT00232,max,AUUUUUU,RBD_v3_056008",165,1,223,38,0.1031390134529148,0.004484304932735426,0.05829596412556054,0.07174887892376682,0.04932735426008968,0.06726457399103139,0.017937219730941704,0.07174887892376682,0.053811659192825115,0.06726457399103139,0.04484304932735426,0.06278026905829596,0.07623318385650224,0.04484304932735426,0.04035874439461883,0.04932735426008968,0.03139013452914798,0.04484304932735426,0.004484304932735426,0.03587443946188341,0.21052631578947367,0.07894736842105263,0.2894736842105263,0.42105263157894735,15,21
"RNCMPT00232,max,AUUUUUU,RBD_v3_119555",165,1,223,38,0.1031390134529148,0.004484304932735426,0.05829596412556054,0.07174887892376682,0.04932735426008968,0.06726457399103139,0.017937219730941704,0.07174887892376682,0.053811659192825115,0.06726457399103139,0.04484304932735426,0.06278026905829596,0.07623318385650224,0.04484304932735426,0.04035874439461883,0.04932735426008968,0.03139013452914798,0.04484304932735426,0.004484304932735426,0.03587443946188341,0.15789473684210525,0.18421052631578946,0.18421052631578946,0.47368421052631576,30,36
"RNCMPT00232,max,UUUUUUU,RBD_v3_152449",165,1,223,38,0.1031390134529148,0.004484304932735426,0.05829596412556054,0.07174887892376682,0.04932735426008968,0.06726457399103139,0.017937219730941704,0.07174887892376682,0.053811659192825115,0.06726457399103139,0.04484304932735426,0.06278026905829596,0.07623318385650224,0.04484304932735426,0.04035874439461883,0.04932735426008968,0.03139013452914798,0.04484304932735426,0.004484304932735426,0.03587443946188341,0.21052631578947367,0.10526315789473684,0.23684210526315788,0.4473684210526316,27,33
"RNCMPT00232,min,AGAGUCG,RBD_v3_016813",165,0,223,38,0.1031390134529148,0.004484304932735426,0.05829596412556054,0.07174887892376682,0.04932735426008968,0.06726457399103139,0.017937219730941704,0.07174887892376682,0.053811659192825115,0.06726457399103139,0.04484304932735426,0.06278026905829596,0.07623318385650224,0.04484304932735426,0.04035874439461883,0.04932735426008968,0.03139013452914798,0.04484304932735426,0.004484304932735426,0.03587443946188341,0.2894736842105263,0.23684210526315788,0.21052631578947367,0.2631578947368421,28,34
"RNCMPT00232,min,GAGUCGU,RBD_v3_210386",165,0,223,38,0.1031390134529148,0.004484304932735426,0.05829596412556054,0.07174887892376682,0.04932735426008968,0.06726457399103139,0.017937219730941704,0.07174887892376682,0.053811659192825115,0.06726457399103139,0.04484304932735426,0.06278026905829596,0.07623318385650224,0.04484304932735426,0.04035874439461883,0.04932735426008968,0.03139013452914798,0.04484304932735426,0.004484304932735426,0.03587443946188341,0.23684210526315788,0.2631578947368421,0.3157894736842105,0.18421052631578946,14,20
"RNCMPT00232,min,GUGAGUC,RBD_v3_029833",165,0,223,38,0.1031390134529148,0.004484304932735426,0.05829596412556054,0.07174887892376682,0.04932735426008968,0.06726457399103139,0.017937219730941704,0.07174887892376682,0.053811659192825115,0.06726457399103139,0.04484304932735426,0.06278026905829596,0.07623318385650224,0.04484304932735426,0.04035874439461883,0.04932735426008968,0.03139013452914798,0.04484304932735426,0.004484304932735426,0.03587443946188341,0.23684210526315788,0.3157894736842105,0.21052631578947367,0.23684210526315788,29,35
"RNCMPT00234,max,AUUGCAC,RBD_v3_006938",69,1,323,38,0.058823529411764705,0.0030959752321981426,0.04953560371517028,0.06501547987616099,0.04953560371517028,0.02476780185758514,0.015479876160990712,0.07120743034055728,0.1238390092879257,0.06191950464396285,0.04024767801857585,0.10835913312693499,0.04643962848297214,0.05263157894736842,0.02786377708978328,0.034055727554179564,0.04953560371517028,0.058823529411764705,0.006191950464396285,0.05263157894736842,0.34210526315789475,0.23684210526315788,0.18421052631578946,0.23684210526315788,7,13
"RNCMPT00234,max,AUUGCAC,RBD_v3_035412",69,1,323,38,0.058823529411764705,0.0030959752321981426,0.04953560371517028,0.06501547987616099,0.04953560371517028,0.02476780185758514,0.015479876160990712,0.07120743034055728,0.1238390092879257,0.06191950464396285,0.04024767801857585,0.10835913312693499,0.04643962848297214,0.05263157894736842,0.02786377708978328,0.034055727554179564,0.04953560371517028,0.058823529411764705,0.006191950464396285,0.05263157894736842,0.2631578947368421,0.2894736842105263,0.21052631578947367,0.23684210526315788,32,38
"RNCMPT00234,max,AUUGCAC,RBD_v3_130306",69,1,323,35,0.058823529411764705,0.0030959752321981426,0.04953560371517028,0.06501547987616099,0.04953560371517028,0.02476780185758514,0.015479876160990712,0.07120743034055728,0.1238390092879257,0.06191950464396285,0.04024767801857585,0.10835913312693499,0.04643962848297214,0.05263157894736842,0.02786377708978328,0.034055727554179564,0.04953560371517028,0.058823529411764705,0.006191950464396285,0.05263157894736842,0.2571428571428571,0.2857142857142857,0.2857142857142857,0.17142857142857143,7,13
"RNCMPT00234,min,GGGGGGC,RBD_v3_141495",69,0,323,38,0.058823529411764705,0.0030959752321981426,0.04953560371517028,0.06501547987616099,0.04953560371517028,0.02476780185758514,0.015479876160990712,0.07120743034055728,0.1238390092879257,0.06191950464396285,0.04024767801857585,0.10835913312693499,0.04643962848297214,0.05263157894736842,0.02786377708978328,0.034055727554179564,0.04953560371517028,0.058823529411764705,0.006191950464396285,0.05263157894736842,0.3157894736842105,0.15789473684210525,0.34210526315789475,0.18421052631578946,29,35
"RNCMPT00234,min,GGGGGGG,RBD_v3_169117",69,0,323,38,0.058823529411764705,0.0030959752321981426,0.04953560371517028,0.06501547987616099,0.04953560371517028,0.02476780185758514,0.015479876160990712,0.07120743034055728,0.1238390092879257,0.06191950464396285,0.04024767801857585,0.10835913312693499,0.04643962848297214,0.05263157894736842,0.02786377708978328,0.034055727554179564,0.04953560371517028,0.058823529411764705,0.006191950464396285,0.05263157894736842,0.2894736842105263,0.10526315789473684,0.4473684210526316,0.15789473684210525,2,8
"RNCMPT00234,min,GGGGGGG,RBD_v3_218264",69,0,323,38,0.058823529411764705,0.0030959752321981426,0.04953560371517028,0.06501547987616099,0.04953560371517028,0.02476780185758514,0.015479876160990712,0.07120743034055728,0.1238390092879257,0.06191950464396285,0.04024767801857585,0.10835913312693499,0.04643962848297214,0.05263157894736842,0.02786377708978328,0.034055727554179564,0.04953560371517028,0.058823529411764705,0.006191950464396285,0.05263157894736842,0.21052631578947367,0.10526315789473684,0.4473684210526316,0.23684210526315788,28,34
"RNCMPT00235,max,CUAAACU,RBD_v3_005450",100,1,534,35,0.02247191011235955,0.016853932584269662,0.05056179775280899,0.05805243445692884,0.0449438202247191,0.024344569288389514,0.02247191011235955,0.07865168539325842,0.09550561797752809,0.08239700374531835,0.016853932584269662,0.1348314606741573,0.031835205992509365,0.033707865168539325,0.035580524344569285,0.0898876404494382,0.04307116104868914,0.05805243445692884,0.0018726591760299626,0.05805243445692884,0.37142857142857144,0.2571428571428571,0.22857142857142856,0.14285714285714285,17,23
"RNCMPT00235,max,CUAAACU,RBD_v3_116458",100,1,534,35,0.02247191011235955,0.016853932584269662,0.05056179775280899,0.05805243445692884,0.0449438202247191,0.024344569288389514,0.02247191011235955,0.07865168539325842,0.09550561797752809,0.08239700374531835,0.016853932584269662,0.1348314606741573,0.031835205992509365,0.033707865168539325,0.035580524344569285,0.0898876404494382,0.04307116104868914,0.05805243445692884,0.0018726591760299626,0.05805243445692884,0.37142857142857144,0.2571428571428571,0.22857142857142856,0.14285714285714285,17,23
"RNCMPT00235,max,CUAAACU,RBD_v3_203043",100,1,534,38,0.02247191011235955,0.016853932584269662,0.05056179775280899,0.05805243445692884,0.0449438202247191,0.024344569288389514,0.02247191011235955,0.07865168539325842,0.09550561797752809,0.08239700374531835,0.016853932584269662,0.1348314606741573,0.031835205992509365,0.033707865168539325,0.035580524344569285,0.0898876404494382,0.04307116104868914,0.05805243445692884,0.0018726591760299626,0.05805243445692884,0.34210526315789475,0.2894736842105263,0.15789473684210525,0.21052631578947367,12,18
"RNCMPT00235,min,AGGGGGG,RBD_v3_014874",100,0,534,38,0.02247191011235955,0.016853932584269662,0.05056179775280899,0.05805243445692884,0.0449438202247191,0.024344569288389514,0.02247191011235955,0.07865168539325842,0.09550561797752809,0.08239700374531835,0.016853932584269662,0.1348314606741573,0.031835205992509365,0.033707865168539325,0.035580524344569285,0.0898876404494382,0.04307116104868914,0.05805243445692884,0.0018726591760299626,0.05805243445692884,0.3157894736842105,0.18421052631578946,0.2631578947368421,0.23684210526315788,12,18
"RNCMPT00235,min,AGGGGGG,RBD_v3_102568",100,0,534,38,0.02247191011235955,0.016853932584269662,0.05056179775280899,0.05805243445692884,0.0449438202247191,0.024344569288389514,0.02247191011235955,0.07865168539325842,0.09550561797752809,0.08239700374531835,0.016853932584269662,0.1348314606741573,0.031835205992509365,0.033707865168539325,0.035580524344569285,0.0898876404494382,0.04307116104868914,0.05805243445692884,0.0018726591760299626,0.05805243445692884,0.34210526315789475,0.15789473684210525,0.34210526315789475,0.15789473684210525,1,7
"RNCMPT00235,min,GGGGGGG,RBD_v3_011032",100,0,534,38,0.02247191011235955,0.016853932584269662,0.05056179775280899,0.05805243445692884,0.0449438202247191,0.024344569288389514,0.02247191011235955,0.07865168539325842,0.09550561797752809,0.08239700374531835,0.016853932584269662,0.1348314606741573,0.031835205992509365,0.033707865168539325,0.035580524344569285,0.0898876404494382,0.04307116104868914,0.05805243445692884,0.0018726591760299626,0.05805243445692884,0.21052631578947367,0.18421052631578946,0.47368421052631576,0.13157894736842105,2,8
"RNCMPT00236,max,CUUUUUU,RBD_v3_138040",184,1,310,38,0.07096774193548387,0.0064516129032258064,0.05161290322580645,0.06129032258064516,0.04516129032258064,0.06451612903225806,0.00967741935483871,0.08387096774193549,0.06451612903225806,0.06129032258064516,0.025806451612903226,0.1,0.03225806451612903,0.02258064516129032,0.054838709677419356,0.08064516129032258,0.04838709677419355,0.05806451612903226,0.016129032258064516,0.041935483870967745,0.15789473684210525,0.18421052631578946,0.18421052631578946,0.47368421052631576,28,34
"RNCMPT00236,max,UUUUUUU,RBD_v3_126980",184,1,310,30,0.07096774193548387,0.0064516129032258064,0.05161290322580645,0.06129032258064516,0.04516129032258064,0.06451612903225806,0.00967741935483871,0.08387096774193549,0.06451612903225806,0.06129032258064516,0.025806451612903226,0.1,0.03225806451612903,0.02258064516129032,0.054838709677419356,0.08064516129032258,0.04838709677419355,0.05806451612903226,0.016129032258064516,0.041935483870967745,0.13333333333333333,0.13333333333333333,0.26666666666666666,0.4666666666666667,20,26
"RNCMPT00236,max,UUUUUUU,RBD_v3_234488",184,1,310,30,0.07096774193548387,0.0064516129032258064,0.05161290322580645,0.06129032258064516,0.04516129032258064,0.06451612903225806,0.00967741935483871,0.08387096774193549,0.06451612903225806,0.06129032258064516,0.025806451612903226,0.1,0.03225806451612903,0.02258064516129032,0.054838709677419356,0.08064516129032258,0.04838709677419355,0.05806451612903226,0.016129032258064516,0.041935483870967745,0.13333333333333333,0.13333333333333333,0.26666666666666666,0.4666666666666667,20,26
"RNCMPT00236,min,AGAAUGA,RBD_v3_083674",184,0,310,38,0.07096774193548387,0.0064516129032258064,0.05161290322580645,0.06129032258064516,0.04516129032258064,0.06451612903225806,0.00967741935483871,0.08387096774193549,0.06451612903225806,0.06129032258064516,0.025806451612903226,0.1,0.03225806451612903,0.02258064516129032,0.054838709677419356,0.08064516129032258,0.04838709677419355,0.05806451612903226,0.016129032258064516,0.041935483870967745,0.34210526315789475,0.18421052631578946,0.21052631578947367,0.2631578947368421,23,29
"RNCMPT00236,min,GAGAAAG,RBD_v3_021458",184,0,310,35,0.07096774193548387,0.0064516129032258064,0.05161290322580645,0.06129032258064516,0.04516129032258064,0.06451612903225806,0.00967741935483871,0.08387096774193549,0.06451612903225806,0.06129032258064516,0.025806451612903226,0.1,0.03225806451612903,0.02258064516129032,0.054838709677419356,0.08064516129032258,0.04838709677419355,0.05806451612903226,0.016129032258064516,0.041935483870967745,0.3142857142857143,0.14285714285714285,0.2857142857142857,0.2571428571428571,2,8
"RNCMPT00236,min,GAGAAAG,RBD_v3_054403",184,0,310,38,0.07096774193548387,0.0064516129032258064,0.05161290322580645,0.06129032258064516,0.04516129032258064,0.06451612903225806,0.00967741935483871,0.08387096774193549,0.06451612903225806,0.06129032258064516,0.025806451612903226,0.1,0.03225806451612903,0.02258064516129032,0.054838709677419356,0.08064516129032258,0.04838709677419355,0.05806451612903226,0.016129032258064516,0.041935483870967745,0.3157894736842105,0.18421052631578946,0.3157894736842105,0.18421052631578946,27,33
"RNCMPT00237,max,AUGGAGU,RBD_v3_069009",110,1,235,38,0.08085106382978724,0.00425531914893617,0.07234042553191489,0.04680851063829787,0.0425531914893617,0.08085106382978724,0.01702127659574468,0.04680851063829787,0.05531914893617021,0.08085106382978724,0.02127659574468085,0.06382978723404255,0.05531914893617021,0.03404255319148936,0.04680851063829787,0.07659574468085106,0.05531914893617021,0.07234042553191489,0.00425531914893617,0.0425531914893617,0.34210526315789475,0.05263157894736842,0.3157894736842105,0.2894736842105263,6,12
"RNCMPT00237,max,AUGGAGU,RBD_v3_144898",110,1,235,30,0.08085106382978724,0.00425531914893617,0.07234042553191489,0.04680851063829787,0.0425531914893617,0.08085106382978724,0.01702127659574468,0.04680851063829787,0.05531914893617021,0.08085106382978724,0.02127659574468085,0.06382978723404255,0.05531914893617021,0.03404255319148936,0.04680851063829787,0.07659574468085106,0.05531914893617021,0.07234042553191489,0.00425531914893617,0.0425531914893617,0.26666666666666666,0.23333333333333334,0.36666666666666664,0.13333333333333333,3,9
"RNCMPT00237,max,UGGAGUU,RBD_v3_144567",110,1,235,35,0.08085106382978724,0.00425531914893617,0.07234042553191489,0.04680851063829787,0.0425531914893617,0.08085106382978724,0.01702127659574468,0.04680851063829787,0.05531914893617021,0.08085106382978724,0.02127659574468085,0.06382978723404255,0.05531914893617021,0.03404255319148936,0.04680851063829787,0.07659574468085106,0.05531914893617021,0.07234042553191489,0.00425531914893617,0.0425531914893617,0.17142857142857143,0.14285714285714285,0.34285714285714286,0.34285714285714286,7,13
"RNCMPT00237,min,AGACCAC,RBD_v3_052573",110,0,235,38,0.08085106382978724,0.00425531914893617,0.07234042553191489,0.04680851063829787,0.0425531914893617,0.08085106382978724,0.01702127659574468,0.04680851063829787,0.05531914893617021,0.08085106382978724,0.02127659574468085,0.06382978723404255,0.05531914893617021,0.03404255319148936,0.04680851063829787,0.07659574468085106,0.05531914893617021,0.07234042553191489,0.00425531914893617,0.0425531914893617,0.2631578947368421,0.34210526315789475,0.21052631578947367,0.18421052631578946,25,31
"RNCMPT00237,min,AGACCAC,RBD_v3_200824",110,0,235,35,0.08085106382978724,0.00425531914893617,0.07234042553191489,0.04680851063829787,0.0425531914893617,0.08085106382978724,0.01702127659574468,0.04680851063829787,0.05531914893617021,0.08085106382978724,0.02127659574468085,0.06382978723404255,0.05531914893617021,0.03404255319148936,0.04680851063829787,0.07659574468085106,0.05531914893617021,0.07234042553191489,0.00425531914893617,0.0425531914893617,0.34285714285714286,0.22857142857142856,0.2571428571428571,0.17142857142857143,1,7
"RNCMPT00237,min,GACUCAC,RBD_v3_101693",110,0,235,35,0.08085106382978724,0.00425531914893617,0.07234042553191489,0.04680851063829787,0.0425531914893617,0.08085106382978724,0.01702127659574468,0.04680851063829787,0.05531914893617021,0.08085106382978724,0.02127659574468085,0.06382978723404255,0.05531914893617021,0.03404255319148936,0.04680851063829787,0.07659574468085106,0.05531914893617021,0.07234042553191489,0.00425531914893617,0.0425531914893617,0.2571428571428571,0.37142857142857144,0.2571428571428571,0.11428571428571428,4,10
"RNCMPT00238,max,GGAGGAA,RBD_v3_150109",79,1,438,38,0.07534246575342465,0.00228310502283105,0.0547945205479452,0.04337899543378995,0.0547945205479452,0.2100456621004566,0.01598173515981735,0.0319634703196347,0.0182648401826484,0.045662100456621,0.02511415525114155,0.04794520547945205,0.0639269406392694,0.0547945205479452,0.0776255707762557,0.0410958904109589,0.03881278538812785,0.0547945205479452,0.0091324200913242,0.03424657534246575,0.3684210526315789,0.02631578947368421,0.34210526315789475,0.2631578947368421,2,8
"RNCMPT00238,max,GGAGGAA,RBD_v3_167934",79,1,438,30,0.07534246575342465,0.00228310502283105,0.0547945205479452,0.04337899543378995,0.0547945205479452,0.2100456621004566,0.01598173515981735,0.0319634703196347,0.0182648401826484,0.045662100456621,0.02511415525114155,0.04794520547945205,0.0639269406392694,0.0547945205479452,0.0776255707762557,0.0410958904109589,0.03881278538812785,0.0547945205479452,0.0091324200913242,0.03424657534246575,0.36666666666666664,0.06666666666666667,0.3333333333333333,0.23333333333333334,8,14
"RNCMPT00238,max,GGAGGAA,RBD_v3_224941",79,1,438,30,0.07534246575342465,0.00228310502283105,0.0547945205479452,0.04337899543378995,0.0547945205479452,0.2100456621004566,0.01598173515981735,0.0319634703196347,0.0182648401826484,0.045662100456621,0.02511415525114155,0.04794520547945205,0.0639269406392694,0.0547945205479452,0.0776255707762557,0.0410958904109589,0.03881278538812785,0.0547945205479452,0.0091324200913242,0.03424657534246575,0.26666666666666666,0.13333333333333333,0.3333333333333333,0.26666666666666666,19,25
"RNCMPT00238,min,AGACCCU,RBD_v3_038773",79,0,438,38,0.07534246575342465,0.00228310502283105,0.0547945205479452,0.04337899543378995,0.0547945205479452,0.2100456621004566,0.01598173515981735,0.0319634703196347,0.0182648401826484,0.045662100456621,0.02511415525114155,0.04794520547945205,0.0639269406392694,0.0547945205479452,0.0776255707762557,0.0410958904109589,0.03881278538812785,0.0547945205479452,0.0091324200913242,0.03424657534246575,0.3157894736842105,0.2894736842105263,0.21052631578947367,0.18421052631578946,1,7
"RNCMPT00238,min,AGACCCU,RBD_v3_051760",79,0,438,30,0.07534246575342465,0.00228310502283105,0.0547945205479452,0.04337899543378995,0.0547945205479452,0.2100456621004566,0.01598173515981735,0.0319634703196347,0.0182648401826484,0.045662100456621,0.02511415525114155,0.04794520547945205,0.0639269406392694,0.0547945205479452,0.0776255707762557,0.0410958904109589,0.03881278538812785,0.0547945205479452,0.0091324200913242,0.03424657534246575,0.3,0.3,0.2,0.2,1,7
"RNCMPT00238,min,AGACCCU,RBD_v3_123814",79,0,438,35,0.07534246575342465,0.00228310502283105,0.0547945205479452,0.04337899543378995,0.0547945205479452,0.2100456621004566,0.01598173515981735,0.0319634703196347,0.0182648401826484,0.045662100456621,0.02511415525114155,0.04794520547945205,0.0639269406392694,0.0547945205479452,0.0776255707762557,0.0410958904109589,0.03881278538812785,0.0547945205479452,0.0091324200913242,0.03424657534246575,0.2571428571428571,0.22857142857142856,0.22857142857142856,0.2857142857142857,3,9
"RNCMPT00239,max,AACCCUU,RBD_v3_164995",94,1,356,38,0.08707865168539326,0.025280898876404494,0.03089887640449438,0.056179775280898875,0.011235955056179775,0.10112359550561797,0.019662921348314606,0.09550561797752809,0.03932584269662921,0.06741573033707865,0.033707865168539325,0.03932584269662921,0.05337078651685393,0.056179775280898875,0.0449438202247191,0.09831460674157304,0.0702247191011236,0.05337078651685393,0.0028089887640449437,0.014044943820224719,0.3157894736842105,0.34210526315789475,0.13157894736842105,0.21052631578947367,19,25
"RNCMPT00239,max,AUUUCCC,RBD_v3_119948",94,1,356,30,0.08707865168539326,0.025280898876404494,0.03089887640449438,0.056179775280898875,0.011235955056179775,0.10112359550561797,0.019662921348314606,0.09550561797752809,0.03932584269662921,0.06741573033707865,0.033707865168539325,0.03932584269662921,0.05337078651685393,0.056179775280898875,0.0449438202247191,0.09831460674157304,0.0702247191011236,0.05337078651685393,0.0028089887640449437,0.014044943820224719,0.3,0.4,0.16666666666666666,0.13333333333333333,11,17
"RNCMPT00239,max,CCUUUCC,RBD_v3_002282",94,1,356,30,0.08707865168539326,0.025280898876404494,0.03089887640449438,0.056179775280898875,0.011235955056179775,0.10112359550561797,0.019662921348314606,0.09550561797752809,0.03932584269662921,0.06741573033707865,0.033707865168539325,0.03932584269662921,0.05337078651685393,0.056179775280898875,0.0449438202247191,0.09831460674157304,0.0702247191011236,0.05337078651685393,0.0028089887640449437,0.014044943820224719,0.26666666666666666,0.36666666666666664,0.16666666666666666,0.2,9,15
"RNCMPT00239,min,GGGUGAG,RBD_v3_117076",94,0,356,30,0.08707865168539326,0.025280898876404494,0.03089887640449438,0.056179775280898875,0.011235955056179775,0.10112359550561797,0.019662921348314606,0.09550561797752809,0.03932584269662921,0.06741573033707865,0.033707865168539325,0.03932584269662921,0.05337078651685393,0.056179775280898875,0.0449438202247191,0.09831460674157304,0.0702247191011236,0.05337078651685393,0.0028089887640449437,0.014044943820224719,0.3,0.2,0.3333333333333333,0.16666666666666666,19,25
"RNCMPT00239,min,GGGUGAG,RBD_v3_159977",94,0,356,38,0.08707865168539326,0.025280898876404494,0.03089887640449438,0.056179775280898875,0.011235955056179775,0.10112359550561797,0.019662921348314606,0.09550561797752809,0.03932584269662921,0.06741573033707865,0.033707865168539325,0.03932584269662921,0.05337078651685393,0.056179775280898875,0.0449438202247191,0.09831460674157304,0.0702247191011236,0.05337078651685393,0.0028089887640449437,0.014044943820224719,0.21052631578947367,0.15789473684210525,0.34210526315789475,0.2894736842105263,14,20
"RNCMPT00239,min,GGGUGAG,RBD_v3_207160",94,0,356,35,0.08707865168539326,0.025280898876404494,0.03089887640449438,0.056179775280898875,0.011235955056179775,0.10112359550561797,0.019662921348314606,0.09550561797752809,0.03932584269662921,0.06741573033707865,0.033707865168539325,0.03932584269662921,0.05337078651685393,0.056179775280898875,0.0449438202247191,0.09831460674157304,0.0702247191011236,0.05337078651685393,0.0028089887640449437,0.014044943820224719,0.37142857142857144,0.22857142857142856,0.22857142857142856,0.17142857142857143,11,17
"RNCMPT00240,max,AUUCCGA,RBD_v3_012219",98,1,279,38,0.03225806451612903,0.007168458781362007,0.035842293906810034,0.06810035842293907,0.06093189964157706,0.04659498207885305,0.02867383512544803,0.0931899641577061,0.12544802867383512,0.08960573476702509,0.010752688172043012,0.12544802867383512,0.035842293906810034,0.02867383512544803,0.010752688172043012,0.04659498207885305,0.03942652329749104,0.053763440860215055,0.010752688172043012,0.05017921146953405,0.23684210526315788,0.2631578947368421,0.18421052631578946,0.3157894736842105,13,19
"RNCMPT00240,max,AUUCCGA,RBD_v3_149717",98,1,279,38,0.03225806451612903,0.007168458781362007,0.035842293906810034,0.06810035842293907,0.06093189964157706,0.04659498207885305,0.02867383512544803,0.0931899641577061,0.12544802867383512,0.08960573476702509,0.010752688172043012,0.12544802867383512,0.035842293906810034,0.02867383512544803,0.010752688172043012,0.04659498207885305,0.03942652329749104,0.053763440860215055,0.010752688172043012,0.05017921146953405,0.2894736842105263,0.18421052631578946,0.2894736842105263,0.23684210526315788,12,18
"RNCMPT00240,max,AUUCCGA,RBD_v3_193698",98,1,279,38,0.03225806451612903,0.007168458781362007,0.035842293906810034,0.06810035842293907,0.06093189964157706,0.04659498207885305,0.02867383512544803,0.0931899641577061,0.12544802867383512,0.08960573476702509,0.010752688172043012,0.12544802867383512,0.035842293906810034,0.02867383512544803,0.010752688172043012,0.04659498207885305,0.03942652329749104,0.053763440860215055,0.010752688172043012,0.05017921146953405,0.34210526315789475,0.21052631578947367,0.2631578947368421,0.18421052631578946,16,22
"RNCMPT00240,min,ACACGGA,RBD_v3_008850",98,0,279,35,0.03225806451612903,0.007168458781362007,0.035842293906810034,0.06810035842293907,0.06093189964157706,0.04659498207885305,0.02867383512544803,0.0931899641577061,0.12544802867383512,0.08960573476702509,0.010752688172043012,0.12544802867383512,0.035842293906810034,0.02867383512544803,0.010752688172043012,0.04659498207885305,0.03942652329749104,0.053763440860215055,0.010752688172043012,0.05017921146953405,0.3142857142857143,0.22857142857142856,0.34285714285714286,0.11428571428571428,3,9
"RNCMPT00240,min,ACACGGA,RBD_v3_228694",98,0,279,38,0.03225806451612903,0.007168458781362007,0.035842293906810034,0.06810035842293907,0.06093189964157706,0.04659498207885305,0.02867383512544803,0.0931899641577061,0.12544802867383512,0.08960573476702509,0.010752688172043012,0.12544802867383512,0.035842293906810034,0.02867383512544803,0.010752688172043012,0.04659498207885305,0.03942652329749104,0.053763440860215055,0.010752688172043012,0.05017921146953405,0.3157894736842105,0.21052631578947367,0.2631578947368421,0.21052631578947367,8,14
"RNCMPT00240,min,ACACGGU,RBD_v3_024389",98,0,279,35,0.03225806451612903,0.007168458781362007,0.035842293906810034,0.06810035842293907,0.06093189964157706,0.04659498207885305,0.02867383512544803,0.0931899641577061,0.12544802867383512,0.08960573476702509,0.010752688172043012,0.12544802867383512,0.035842293906810034,0.02867383512544803,0.010752688172043012,0.04659498207885305,0.03942652329749104,0.053763440860215055,0.010752688172043012,0.05017921146953405,0.2857142857142857,0.2571428571428571,0.11428571428571428,0.34285714285714286,3,9
"RNCMPT00241,max,GACGACG,RBD_v3_044367",123,1,476,38,0.06092436974789916,0.014705882352941176,0.0546218487394958,0.07142857142857142,0.052521008403361345,0.07142857142857142,0.01680672268907563,0.046218487394957986,0.06722689075630252,0.06932773109243698,0.018907563025210083,0.03361344537815126,0.05672268907563025,0.052521008403361345,0.06092436974789916,0.09033613445378151,0.03571428571428571,0.08403361344537816,0.004201680672268907,0.037815126050420166,0.3157894736842105,0.15789473684210525,0.34210526315789475,0.18421052631578946,17,23
"RNCMPT00241,max,GACGACG,RBD_v3_045602",123,1,476,38,0.06092436974789916,0.014705882352941176,0.0546218487394958,0.07142857142857142,0.052521008403361345,0.07142857142857142,0.01680672268907563,0.046218487394957986,0.06722689075630252,0.06932773109243698,0.018907563025210083,0.03361344537815126,0.05672268907563025,0.052521008403361345,0.06092436974789916,0.09033613445378151,0.03571428571428571,0.08403361344537816,0.004201680672268907,0.037815126050420166,0.3157894736842105,0.23684210526315788,0.21052631578947367,0.23684210526315788,17,23
"RNCMPT00241,max,GACGGAC,RBD_v3_229876",123,1,476,35,0.06092436974789916,0.014705882352941176,0.0546218487394958,0.07142857142857142,0.052521008403361345,0.07142857142857142,0.01680672268907563,0.046218487394957986,0.06722689075630252,0.06932773109243698,0.018907563025210083,0.03361344537815126,0.05672268907563025,0.052521008403361345,0.06092436974789916,0.09033613445378151,0.03571428571428571,0.08403361344537816,0.004201680672268907,0.037815126050420166,0.2857142857142857,0.17142857142857143,0.3142857142857143,0.22857142857142856,19,25
"RNCMPT00241,min,GAGUCGU,RBD_v3_148992",123,0,476,38,0.06092436974789916,0.014705882352941176,0.0546218487394958,0.07142857142857142,0.052521008403361345,0.07142857142857142,0.01680672268907563,0.046218487394957986,0.06722689075630252,0.06932773109243698,0.018907563025210083,0.03361344537815126,0.05672268907563025,0.052521008403361345,0.06092436974789916,0.09033613445378151,0.03571428571428571,0.08403361344537816,0.004201680672268907,0.037815126050420166,0.15789473684210525,0.2631578947368421,0.2631578947368421,0.3157894736842105,27,33
"RNCMPT00241,min,GUCGUCU,RBD_v3_105738",123,0,476,38,0.06092436974789916,0.014705882352941176,0.0546218487394958,0.07142857142857142,0.052521008403361345,0.07142857142857142,0.01680672268907563,0.046218487394957986,0.06722689075630252,0.06932773109243698,0.018907563025210083,0.03361344537815126,0.05672268907563025,0.052521008403361345,0.06092436974789916,0.09033613445378151,0.03571428571428571,0.08403361344537816,0.004201680672268907,0.037815126050420166,0.23684210526315788,0.21052631578947367,0.23684210526315788,0.3157894736842105,15,21
"RNCMPT00241,min,UCGUCUA,RBD_v3_152008",123,0,476,38,0.06092436974789916,0.014705882352941176,0.0546218487394958,0.07142857142857142,0.052521008403361345,0.07142857142857142,0.01680672268907563,0.046218487394957986,0.06722689075630252,0.06932773109243698,0.018907563025210083,0.03361344537815126,0.05672268907563025,0.052521008403361345,0.06092436974789916,0.09033613445378151,0.03571428571428571,0.08403361344537816,0.004201680672268907,0.037815126050420166,0.23684210526315788,0.3157894736842105,0.23684210526315788,0.21052631578947367,14,20
"RNCMPT00245,max,AGAUAGA,RBD_v3_038492",43,1,205,38,0.02926829268292683,0.014634146341463415,0.05365853658536585,0.08292682926829269,0.05853658536585366,0.11219512195121951,0.01951219512195122,0.04390243902439024,0.12195121951219512,0.04390243902439024,0.014634146341463415,0.05365853658536585,0.03414634146341464,0.06341463414634146,0.04878048780487805,0.03414634146341464,0.04390243902439024,0.06341463414634146,0.014634146341463415,0.04878048780487805,0.2631578947368421,0.15789473684210525,0.2894736842105263,0.2894736842105263,1,7
"RNCMPT00245,max,AGAUAGA,RBD_v3_052373",43,1,205,38,0.02926829268292683,0.014634146341463415,0.05365853658536585,0.08292682926829269,0.05853658536585366,0.11219512195121951,0.01951219512195122,0.04390243902439024,0.12195121951219512,0.04390243902439024,0.014634146341463415,0.05365853658536585,0.03414634146341464,0.06341463414634146,0.04878048780487805,0.03414634146341464,0.04390243902439024,0.06341463414634146,0.014634146341463415,0.04878048780487805,0.2894736842105263,0.13157894736842105,0.34210526315789475,0.23684210526315788,17,23
"RNCMPT00245,max,AGAUAGA,RBD_v3_063948",43,1,205,38,0.02926829268292683,0.014634146341463415,0.05365853658536585,0.08292682926829269,0.05853658536585366,0.11219512195121951,0.01951219512195122,0.04390243902439024,0.12195121951219512,0.04390243902439024,0.014634146341463415,0.05365853658536585,0.03414634146341464,0.06341463414634146,0.04878048780487805,0.03414634146341464,0.04390243902439024,0.06341463414634146,0.014634146341463415,0.04878048780487805,0.2631578947368421,0.21052631578947367,0.2894736842105263,0.23684210526315788,20,26
"RNCMPT00245,min,UCGUCUU,RBD_v3_113357",43,0,205,35,0.02926829268292683,0.014634146341463415,0.05365853658536585,0.08292682926829269,0.05853658536585366,0.11219512195121951,0.01951219512195122,0.04390243902439024,0.12195121951219512,0.04390243902439024,0.014634146341463415,0.05365853658536585,0.03414634146341464,0.06341463414634146,0.04878048780487805,0.03414634146341464,0.04390243902439024,0.06341463414634146,0.014634146341463415,0.04878048780487805,0.3142857142857143,0.2571428571428571,0.2,0.22857142857142856,15,21
"RNCMPT00245,min,UCGUCUU,RBD_v3_201482",43,0,205,38,0.02926829268292683,0.014634146341463415,0.05365853658536585,0.08292682926829269,0.05853658536585366,0.11219512195121951,0.01951219512195122,0.04390243902439024,0.12195121951219512,0.04390243902439024,0.014634146341463415,0.05365853658536585,0.03414634146341464,0.06341463414634146,0.04878048780487805,0.03414634146341464,0.04390243902439024,0.06341463414634146,0.014634146341463415,0.04878048780487805,0.34210526315789475,0.23684210526315788,0.23684210526315788,0.18421052631578946,16,22
"RNCMPT00245,min,UCUGUUC,RBD_v3_010608",43,0,205,30,0.02926829268292683,0.014634146341463415,0.05365853658536585,0.08292682926829269,0.05853658536585366,0.11219512195121951,0.01951219512195122,0.04390243902439024,0.12195121951219512,0.04390243902439024,0.014634146341463415,0.05365853658536585,0.03414634146341464,0.06341463414634146,0.04878048780487805,0.03414634146341464,0.04390243902439024,0.06341463414634146,0.014634146341463415,0.04878048780487805,0.13333333333333333,0.3333333333333333,0.3333333333333333,0.2,8,14
"RNCMPT00246,max,AUUUCCC,RBD_v3_026905",106,1,318,38,0.0880503144654088,0.018867924528301886,0.0220125786163522,0.06289308176100629,0.015723270440251572,0.10062893081761007,0.012578616352201259,0.11006289308176101,0.05345911949685535,0.06289308176100629,0.03459119496855346,0.031446540880503145,0.0660377358490566,0.05345911949685535,0.03773584905660377,0.10377358490566038,0.06289308176100629,0.05345911949685535,0.0,0.009433962264150943,0.3157894736842105,0.2894736842105263,0.15789473684210525,0.23684210526315788,31,37
"RNCMPT00246,max,CCUUUCC,RBD_v3_122167",106,1,318,30,0.0880503144654088,0.018867924528301886,0.0220125786163522,0.06289308176100629,0.015723270440251572,0.10062893081761007,0.012578616352201259,0.11006289308176101,0.05345911949685535,0.06289308176100629,0.03459119496855346,0.031446540880503145,0.0660377358490566,0.05345911949685535,0.03773584905660377,0.10377358490566038,0.06289308176100629,0.05345911949685535,0.0,0.009433962264150943,0.26666666666666666,0.26666666666666666,0.2,0.26666666666666666,14,20
"RNCMPT00246,max,UUUCCCU,RBD_v3_036176",106,1,318,38,0.0880503144654088,0.018867924528301886,0.0220125786163522,0.06289308176100629,0.015723270440251572,0.10062893081761007,0.012578616352201259,0.11006289308176101,0.05345911949685535,0.06289308176100629,0.03459119496855346,0.031446540880503145,0.0660377358490566,0.05345911949685535,0.03773584905660377,0.10377358490566038,0.06289308176100629,0.05345911949685535,0.0,0.009433962264150943,0.3157894736842105,0.2894736842105263,0.15789473684210525,0.23684210526315788,32,38
"RNCMPT00246,min,AGGGGGG,RBD_v3_071168",106,0,318,30,0.0880503144654088,0.018867924528301886,0.0220125786163522,0.06289308176100629,0.015723270440251572,0.10062893081761007,0.012578616352201259,0.11006289308176101,0.05345911949685535,0.06289308176100629,0.03459119496855346,0.031446540880503145,0.0660377358490566,0.05345911949685535,0.03773584905660377,0.10377358490566038,0.06289308176100629,0.05345911949685535,0.0,0.009433962264150943,0.13333333333333333,0.2,0.5666666666666667,0.1,17,23
"RNCMPT00246,min,AGGGGUG,RBD_v3_099688",106,0,318,38,0.0880503144654088,0.018867924528301886,0.0220125786163522,0.06289308176100629,0.015723270440251572,0.10062893081761007,0.012578616352201259,0.11006289308176101,0.05345911949685535,0.06289308176100629,0.03459119496855346,0.031446540880503145,0.0660377358490566,0.05345911949685535,0.03773584905660377,0.10377358490566038,0.06289308176100629,0.05345911949685535,0.0,0.009433962264150943,0.23684210526315788,0.15789473684210525,0.47368421052631576,0.13157894736842105,20,26
"RNCMPT00246,min,AGGGGUG,RBD_v3_227496",106,0,318,38,0.0880503144654088,0.018867924528301886,0.0220125786163522,0.06289308176100629,0.015723270440251572,0.10062893081761007,0.012578616352201259,0.11006289308176101,0.05345911949685535,0.06289308176100629,0.03459119496855346,0.031446540880503145,0.0660377358490566,0.05345911949685535,0.03773584905660377,0.10377358490566038,0.06289308176100629,0.05345911949685535,0.0,0.009433962264150943,0.23684210526315788,0.13157894736842105,0.4473684210526316,0.18421052631578946,23,29
"RNCMPT00248,max,ACGACGA,RBD_v3_043086",142,1,191,38,0.07329842931937172,0.010471204188481676,0.06282722513089005,0.07329842931937172,0.041884816753926704,0.08900523560209424,0.03664921465968586,0.05759162303664921,0.07329842931937172,0.05235602094240838,0.020942408376963352,0.05235602094240838,0.08900523560209424,0.031413612565445025,0.05235602094240838,0.03664921465968586,0.03664921465968586,0.05759162303664921,0.005235602094240838,0.04712041884816754,0.2894736842105263,0.2631578947368421,0.2631578947368421,0.18421052631578946,27,33
"RNCMPT00248,max,ACGACGA,RBD_v3_212621",142,1,191,30,0.07329842931937172,0.010471204188481676,0.06282722513089005,0.07329842931937172,0.041884816753926704,0.08900523560209424,0.03664921465968586,0.05759162303664921,0.07329842931937172,0.05235602094240838,0.020942408376963352,0.05235602094240838,0.08900523560209424,0.031413612565445025,0.05235602094240838,0.03664921465968586,0.03664921465968586,0.05759162303664921,0.005235602094240838,0.04712041884816754,0.3,0.16666666666666666,0.36666666666666664,0.16666666666666666,3,9
"RNCMPT00248,max,GACGACG,RBD_v3_046492",142,1,191,38,0.07329842931937172,0.010471204188481676,0.06282722513089005,0.07329842931937172,0.041884816753926704,0.08900523560209424,0.03664921465968586,0.05759162303664921,0.07329842931937172,0.05235602094240838,0.020942408376963352,0.05235602094240838,0.08900523560209424,0.031413612565445025,0.05235602094240838,0.03664921465968586,0.03664921465968586,0.05759162303664921,0.005235602094240838,0.04712041884816754,0.2631578947368421,0.21052631578947367,0.34210526315789475,0.18421052631578946,2,8
"RNCMPT00248,min,AAGAUGU,RBD_v3_117268",142,0,191,35,0.07329842931937172,0.010471204188481676,0.06282722513089005,0.07329842931937172,0.041884816753926704,0.08900523560209424,0.03664921465968586,0.05759162303664921,0.07329842931937172,0.05235602094240838,0.020942408376963352,0.05235602094240838,0.08900523560209424,0.031413612565445025,0.05235602094240838,0.03664921465968586,0.03664921465968586,0.05759162303664921,0.005235602094240838,0.04712041884816754,0.37142857142857144,0.14285714285714285,0.2857142857142857,0.2,11,17
"RNCMPT00248,min,AGUGUUG,RBD_v3_044344",142,0,191,38,0.07329842931937172,0.010471204188481676,0.06282722513089005,0.07329842931937172,0.041884816753926704,0.08900523560209424,0.03664921465968586,0.05759162303664921,0.07329842931937172,0.05235602094240838,0.020942408376963352,0.05235602094240838,0.08900523560209424,0.031413612565445025,0.05235602094240838,0.03664921465968586,0.03664921465968586,0.05759162303664921,0.005235602094240838,0.04712041884816754,0.3157894736842105,0.13157894736842105,0.34210526315789475,0.21052631578947367,17,23
"RNCMPT00248,min,AGUGUUG,RBD_v3_084691",142,0,191,38,0.07329842931937172,0.010471204188481676,0.06282722513089005,0.07329842931937172,0.041884816753926704,0.08900523560209424,0.03664921465968586,0.05759162303664921,0.07329842931937172,0.05235602094240838,0.020942408376963352,0.05235602094240838,0.08900523560209424,0.031413612565445025,0.05235602094240838,0.03664921465968586,0.03664921465968586,0.05759162303664921,0.005235602094240838,0.04712041884816754,0.2894736842105263,0.15789473684210525,0.34210526315789475,0.21052631578947367,11,17
"RNCMPT00249,max,AUUGCAC,RBD_v3_028293",111,1,228,35,0.14035087719298245,0.0043859649122807015,0.04824561403508772,0.04824561403508772,0.05263157894736842,0.05701754385964912,0.008771929824561403,0.02631578947368421,0.09210526315789473,0.08771929824561403,0.021929824561403508,0.043859649122807015,0.07456140350877193,0.06140350877192982,0.05701754385964912,0.04824561403508772,0.03508771929824561,0.07456140350877193,0.0043859649122807015,0.013157894736842105,0.2571428571428571,0.22857142857142856,0.3142857142857143,0.2,12,18
"RNCMPT00249,max,AUUGCAC,RBD_v3_049638",111,1,228,35,0.14035087719298245,0.0043859649122807015,0.04824561403508772,0.04824561403508772,0.05263157894736842,0.05701754385964912,0.008771929824561403,0.02631578947368421,0.09210526315789473,0.08771929824561403,0.021929824561403508,0.043859649122807015,0.07456140350877193,0.06140350877192982,0.05701754385964912,0.04824561403508772,0.03508771929824561,0.07456140350877193,0.0043859649122807015,0.013157894736842105,0.34285714285714286,0.2571428571428571,0.2857142857142857,0.11428571428571428,16,22
"RNCMPT00249,max,AUUGCAC,RBD_v3_130306",111,1,228,35,0.14035087719298245,0.0043859649122807015,0.04824561403508772,0.04824561403508772,0.05263157894736842,0.05701754385964912,0.008771929824561403,0.02631578947368421,0.09210526315789473,0.08771929824561403,0.021929824561403508,0.043859649122807015,0.07456140350877193,0.06140350877192982,0.05701754385964912,0.04824561403508772,0.03508771929824561,0.07456140350877193,0.0043859649122807015,0.013157894736842105,0.2571428571428571,0.2857142857142857,0.2857142857142857,0.17142857142857143,7,13
"RNCMPT00249,min,GGGGGGG,RBD_v3_055167",111,0,228,38,0.14035087719298245,0.0043859649122807015,0.04824561403508772,0.04824561403508772,0.05263157894736842,0.05701754385964912,0.008771929824561403,0.02631578947368421,0.09210526315789473,0.08771929824561403,0.021929824561403508,0.043859649122807015,0.07456140350877193,0.06140350877192982,0.05701754385964912,0.04824561403508772,0.03508771929824561,0.07456140350877193,0.0043859649122807015,0.013157894736842105,0.21052631578947367,0.13157894736842105,0.5263157894736842,0.13157894736842105,4,10
"RNCMPT00249,min,GGGGGGG,RBD_v3_092948",111,0,228,38,0.14035087719298245,0.0043859649122807015,0.04824561403508772,0.04824561403508772,0.05263157894736842,0.05701754385964912,0.008771929824561403,0.02631578947368421,0.09210526315789473,0.08771929824561403,0.021929824561403508,0.043859649122807015,0.07456140350877193,0.06140350877192982,0.05701754385964912,0.04824561403508772,0.03508771929824561,0.07456140350877193,0.0043859649122807015,0.013157894736842105,0.23684210526315788,0.07894736842105263,0.47368421052631576,0.21052631578947367,6,12
"RNCMPT00249,min,GGGGGGG,RBD_v3_131335",111,0,228,38,0.14035087719298245,0.0043859649122807015,0.04824561403508772,0.04824561403508772,0.05263157894736842,0.05701754385964912,0.008771929824561403,0.02631578947368421,0.09210526315789473,0.08771929824561403,0.021929824561403508,0.043859649122807015,0.07456140350877193,0.06140350877192982,0.05701754385964912,0.04824561403508772,0.03508771929824561,0.07456140350877193,0.0043859649122807015,0.013157894736842105,0.3157894736842105,0.15789473684210525,0.3684210526315789,0.15789473684210525,11,17
"RNCMPT00251,max,AUUCACA,RBD_v3_129200",179,1,457,38,0.10284463894967177,0.030634573304157548,0.05470459518599562,0.04814004376367615,0.0525164113785558,0.06783369803063458,0.024070021881838075,0.0437636761487965,0.030634573304157548,0.09190371991247265,0.028446389496717725,0.03282275711159737,0.045951859956236324,0.037199124726477024,0.06345733041575492,0.08533916849015317,0.05470459518599562,0.0787746170678337,0.006564551422319475,0.019693654266958426,0.3157894736842105,0.3684210526315789,0.15789473684210525,0.15789473684210525,21,27
"RNCMPT00251,max,AUUCACA,RBD_v3_203299",179,1,457,35,0.10284463894967177,0.030634573304157548,0.05470459518599562,0.04814004376367615,0.0525164113785558,0.06783369803063458,0.024070021881838075,0.0437636761487965,0.030634573304157548,0.09190371991247265,0.028446389496717725,0.03282275711159737,0.045951859956236324,0.037199124726477024,0.06345733041575492,0.08533916849015317,0.05470459518599562,0.0787746170678337,0.006564551422319475,0.019693654266958426,0.2571428571428571,0.17142857142857143,0.37142857142857144,0.2,12,18
"RNCMPT00251,max,AUUCACA,RBD_v3_237707",179,1,457,38,0.10284463894967177,0.030634573304157548,0.05470459518599562,0.04814004376367615,0.0525164113785558,0.06783369803063458,0.024070021881838075,0.0437636761487965,0.030634573304157548,0.09190371991247265,0.028446389496717725,0.03282275711159737,0.045951859956236324,0.037199124726477024,0.06345733041575492,0.08533916849015317,0.05470459518599562,0.0787746170678337,0.006564551422319475,0.019693654266958426,0.3157894736842105,0.3684210526315789,0.15789473684210525,0.15789473684210525,21,27
"RNCMPT00251,min,CGUGAGU,RBD_v3_208907",179,0,457,38,0.10284463894967177,0.030634573304157548,0.05470459518599562,0.04814004376367615,0.0525164113785558,0.06783369803063458,0.024070021881838075,0.0437636761487965,0.030634573304157548,0.09190371991247265,0.028446389496717725,0.03282275711159737,0.045951859956236324,0.037199124726477024,0.06345733041575492,0.08533916849015317,0.05470459518599562,0.0787746170678337,0.006564551422319475,0.019693654266958426,0.2631578947368421,0.13157894736842105,0.23684210526315788,0.3684210526315789,22,28
"RNCMPT00251,min,GAGUGGU,RBD_v3_068788",179,0,457,30,0.10284463894967177,0.030634573304157548,0.05470459518599562,0.04814004376367615,0.0525164113785558,0.06783369803063458,0.024070021881838075,0.0437636761487965,0.030634573304157548,0.09190371991247265,0.028446389496717725,0.03282275711159737,0.045951859956236324,0.037199124726477024,0.06345733041575492,0.08533916849015317,0.05470459518599562,0.0787746170678337,0.006564551422319475,0.019693654266958426,0.23333333333333334,0.16666666666666666,0.3,0.3,10,16
"RNCMPT00251,min,GAGUGGU,RBD_v3_240778",179,0,457,30,0.10284463894967177,0.030634573304157548,0.05470459518599562,0.04814004376367615,0.0525164113785558,0.06783369803063458,0.024070021881838075,0.0437636761487965,0.030634573304157548,0.09190371991247265,0.028446389496717725,0.03282275711159737,0.045951859956236324,0.037199124726477024,0.06345733041575492,0.08533916849015317,0.05470459518599562,0.0787746170678337,0.006564551422319475,0.019693654266958426,0.3333333333333333,0.13333333333333333,0.3,0.23333333333333334,2,8
"RNCMPT00252,max,GUAGAUA,RBD_v3_003163",180,1,377,35,0.07427055702917772,0.005305039787798408,0.07161803713527852,0.07161803713527852,0.04774535809018567,0.03978779840848806,0.03183023872679045,0.03183023872679045,0.08488063660477453,0.10875331564986737,0.013262599469496022,0.058355437665782495,0.03183023872679045,0.03713527851458886,0.10875331564986737,0.058355437665782495,0.058355437665782495,0.04774535809018567,0.005305039787798408,0.013262599469496022,0.37142857142857144,0.14285714285714285,0.3142857142857143,0.17142857142857143,12,18
"RNCMPT00252,max,GUAGAUA,RBD_v3_114558",180,1,377,35,0.07427055702917772,0.005305039787798408,0.07161803713527852,0.07161803713527852,0.04774535809018567,0.03978779840848806,0.03183023872679045,0.03183023872679045,0.08488063660477453,0.10875331564986737,0.013262599469496022,0.058355437665782495,0.03183023872679045,0.03713527851458886,0.10875331564986737,0.058355437665782495,0.058355437665782495,0.04774535809018567,0.005305039787798408,0.013262599469496022,0.37142857142857144,0.14285714285714285,0.3142857142857143,0.17142857142857143,12,18
"RNCMPT00252,max,GUAGAUA,RBD_v3_122927",180,1,377,38,0.07427055702917772,0.005305039787798408,0.07161803713527852,0.07161803713527852,0.04774535809018567,0.03978779840848806,0.03183023872679045,0.03183023872679045,0.08488063660477453,0.10875331564986737,0.013262599469496022,0.058355437665782495,0.03183023872679045,0.03713527851458886,0.10875331564986737,0.058355437665782495,0.058355437665782495,0.04774535809018567,0.005305039787798408,0.013262599469496022,0.3157894736842105,0.2631578947368421,0.15789473684210525,0.2631578947368421,13,19
"RNCMPT00252,min,AGGGGGG,RBD_v3_152400",180,0,377,38,0.07427055702917772,0.005305039787798408,0.07161803713527852,0.07161803713527852,0.04774535809018567,0.03978779840848806,0.03183023872679045,0.03183023872679045,0.08488063660477453,0.10875331564986737,0.013262599469496022,0.058355437665782495,0.03183023872679045,0.03713527851458886,0.10875331564986737,0.058355437665782495,0.058355437665782495,0.04774535809018567,0.005305039787798408,0.013262599469496022,0.39473684210526316,0.10526315789473684,0.2894736842105263,0.21052631578947367,1,7
"RNCMPT00252,min,GGGGGGC,RBD_v3_131114",180,0,377,30,0.07427055702917772,0.005305039787798408,0.07161803713527852,0.07161803713527852,0.04774535809018567,0.03978779840848806,0.03183023872679045,0.03183023872679045,0.08488063660477453,0.10875331564986737,0.013262599469496022,0.058355437665782495,0.03183023872679045,0.03713527851458886,0.10875331564986737,0.058355437665782495,0.058355437665782495,0.04774535809018567,0.005305039787798408,0.013262599469496022,0.16666666666666666,0.3,0.36666666666666664,0.16666666666666666,19,25
"RNCMPT00252,min,GGGGGGC,RBD_v3_195000",180,0,377,30,0.07427055702917772,0.005305039787798408,0.07161803713527852,0.07161803713527852,0.04774535809018567,0.03978779840848806,0.03183023872679045,0.03183023872679045,0.08488063660477453,0.10875331564986737,0.013262599469496022,0.058355437665782495,0.03183023872679045,0.03713527851458886,0.10875331564986737,0.058355437665782495,0.058355437665782495,0.04774535809018567,0.005305039787798408,0.013262599469496022,0.1,0.26666666666666666,0.4,0.23333333333333334,10,16
"RNCMPT00253,max,AGAAAAA,RBD_v3_100829",181,1,424,35,0.08962264150943396,0.01650943396226415,0.06367924528301887,0.05660377358490566,0.05188679245283019,0.07075471698113207,0.018867924528301886,0.05188679245283019,0.07075471698113207,0.07783018867924528,0.03537735849056604,0.0589622641509434,0.03773584905660377,0.05188679245283019,0.07075471698113207,0.05188679245283019,0.025943396226415096,0.0660377358490566,0.0023584905660377358,0.030660377358490566,0.45714285714285713,0.2,0.2,0.14285714285714285,1,7
"RNCMPT00253,max,AGAAAAA,RBD_v3_217452",181,1,424,35,0.08962264150943396,0.01650943396226415,0.06367924528301887,0.05660377358490566,0.05188679245283019,0.07075471698113207,0.018867924528301886,0.05188679245283019,0.07075471698113207,0.07783018867924528,0.03537735849056604,0.0589622641509434,0.03773584905660377,0.05188679245283019,0.07075471698113207,0.05188679245283019,0.025943396226415096,0.0660377358490566,0.0023584905660377358,0.030660377358490566,0.2857142857142857,0.2571428571428571,0.2857142857142857,0.17142857142857143,1,7
"RNCMPT00253,max,AGAAAUA,RBD_v3_020310",181,1,424,30,0.08962264150943396,0.01650943396226415,0.06367924528301887,0.05660377358490566,0.05188679245283019,0.07075471698113207,0.018867924528301886,0.05188679245283019,0.07075471698113207,0.07783018867924528,0.03537735849056604,0.0589622641509434,0.03773584905660377,0.05188679245283019,0.07075471698113207,0.05188679245283019,0.025943396226415096,0.0660377358490566,0.0023584905660377358,0.030660377358490566,0.43333333333333335,0.16666666666666666,0.26666666666666666,0.13333333333333333,1,7
"RNCMPT00253,min,GGUGUUU,RBD_v3_108561",181,0,424,38,0.08962264150943396,0.01650943396226415,0.06367924528301887,0.05660377358490566,0.05188679245283019,0.07075471698113207,0.018867924528301886,0.05188679245283019,0.07075471698113207,0.07783018867924528,0.03537735849056604,0.0589622641509434,0.03773584905660377,0.05188679245283019,0.07075471698113207,0.05188679245283019,0.025943396226415096,0.0660377358490566,0.0023584905660377358,0.030660377358490566,0.23684210526315788,0.23684210526315788,0.23684210526315788,0.2894736842105263,11,17
"RNCMPT00253,min,GGUGUUU,RBD_v3_134312",181,0,424,30,0.08962264150943396,0.01650943396226415,0.06367924528301887,0.05660377358490566,0.05188679245283019,0.07075471698113207,0.018867924528301886,0.05188679245283019,0.07075471698113207,0.07783018867924528,0.03537735849056604,0.0589622641509434,0.03773584905660377,0.05188679245283019,0.07075471698113207,0.05188679245283019,0.025943396226415096,0.0660377358490566,0.0023584905660377358,0.030660377358490566,0.2,0.16666666666666666,0.4,0.23333333333333334,9,15
"RNCMPT00253,min,GGUGUUU,RBD_v3_206245",181,0,424,30,0.08962264150943396,0.01650943396226415,0.06367924528301887,0.05660377358490566,0.05188679245283019,0.07075471698113207,0.018867924528301886,0.05188679245283019,0.07075471698113207,0.07783018867924528,0.03537735849056604,0.0589622641509434,0.03773584905660377,0.05188679245283019,0.07075471698113207,0.05188679245283019,0.025943396226415096,0.0660377358490566,0.0023584905660377358,0.030660377358490566,0.1,0.2,0.4,0.3,8,14
"RNCMPT00254,max,GAACGCA,RBD_v3_198270",67,1,281,38,0.07829181494661921,0.014234875444839857,0.05338078291814947,0.09608540925266904,0.03914590747330961,0.07829181494661921,0.03558718861209965,0.042704626334519574,0.08896797153024912,0.05338078291814947,0.010676156583629894,0.03558718861209965,0.014234875444839857,0.02491103202846975,0.10320284697508897,0.07473309608540925,0.0498220640569395,0.08540925266903915,0.0035587188612099642,0.017793594306049824,0.4473684210526316,0.15789473684210525,0.21052631578947367,0.18421052631578946,10,16
"RNCMPT00254,max,UUGAACG,RBD_v3_000201",67,1,281,38,0.07829181494661921,0.014234875444839857,0.05338078291814947,0.09608540925266904,0.03914590747330961,0.07829181494661921,0.03558718861209965,0.042704626334519574,0.08896797153024912,0.05338078291814947,0.010676156583629894,0.03558718861209965,0.014234875444839857,0.02491103202846975,0.10320284697508897,0.07473309608540925,0.0498220640569395,0.08540925266903915,0.0035587188612099642,0.017793594306049824,0.3157894736842105,0.23684210526315788,0.2894736842105263,0.15789473684210525,13,19
"RNCMPT00254,max,UUGAACG,RBD_v3_198859",67,1,281,35,0.07829181494661921,0.014234875444839857,0.05338078291814947,0.09608540925266904,0.03914590747330961,0.07829181494661921,0.03558718861209965,0.042704626334519574,0.08896797153024912,0.05338078291814947,0.010676156583629894,0.03558718861209965,0.014234875444839857,0.02491103202846975,0.10320284697508897,0.07473309608540925,0.0498220640569395,0.08540925266903915,0.0035587188612099642,0.017793594306049824,0.3142857142857143,0.17142857142857143,0.22857142857142856,0.2857142857142857,10,16
"RNCMPT00254,min,UUUUUAU,RBD_v3_036100",67,0,281,35,0.07829181494661921,0.014234875444839857,0.05338078291814947,0.09608540925266904,0.03914590747330961,0.07829181494661921,0.03558718861209965,0.042704626334519574,0.08896797153024912,0.05338078291814947,0.010676156583629894,0.03558718861209965,0.014234875444839857,0.02491103202846975,0.10320284697508897,0.07473309608540925,0.0498220640569395,0.08540925266903915,0.0035587188612099642,0.017793594306049824,0.4,0.2,0.08571428571428572,0.3142857142857143,6,12
"RNCMPT00254,min,UUUUUAU,RBD_v3_157599",67,0,281,30,0.07829181494661921,0.014234875444839857,0.05338078291814947,0.09608540925266904,0.03914590747330961,0.07829181494661921,0.03558718861209965,0.042704626334519574,0.08896797153024912,0.05338078291814947,0.010676156583629894,0.03558718861209965,0.014234875444839857,0.02491103202846975,0.10320284697508897,0.07473309608540925,0.0498220640569395,0.08540925266903915,0.0035587188612099642,0.017793594306049824,0.2,0.13333333333333333,0.23333333333333334,0.43333333333333335,24,30
"RNCMPT00254,min,UUUUUUU,RBD_v3_002291",67,0,281,30,0.07829181494661921,0.014234875444839857,0.05338078291814947,0.09608540925266904,0.03914590747330961,0.07829181494661921,0.03558718861209965,0.042704626334519574,0.08896797153024912,0.05338078291814947,0.010676156583629894,0.03558718861209965,0.014234875444839857,0.02491103202846975,0.10320284697508897,0.07473309608540925,0.0498220640569395,0.08540925266903915,0.0035587188612099642,0.017793594306049824,0.13333333333333333,0.26666666666666666,0.16666666666666666,0.43333333333333335,22,28
"RNCMPT00255,max,AAAACAA,RBD_v3_020726",68,1,409,38,0.08557457212713937,0.009779951100244499,0.05867970660146699,0.07823960880195599,0.0488997555012225,0.07823960880195599,0.007334963325183374,0.02689486552567237,0.06356968215158924,0.07090464547677261,0.03178484107579462,0.034229828850855744,0.04156479217603912,0.05867970660146699,0.09046454767726161,0.06845965770171149,0.034229828850855744,0.07334963325183375,0.0024449877750611247,0.03667481662591687,0.39473684210526316,0.15789473684210525,0.21052631578947367,0.23684210526315788,23,29
"RNCMPT00255,max,AAAACAA,RBD_v3_179146",68,1,409,38,0.08557457212713937,0.009779951100244499,0.05867970660146699,0.07823960880195599,0.0488997555012225,0.07823960880195599,0.007334963325183374,0.02689486552567237,0.06356968215158924,0.07090464547677261,0.03178484107579462,0.034229828850855744,0.04156479217603912,0.05867970660146699,0.09046454767726161,0.06845965770171149,0.034229828850855744,0.07334963325183375,0.0024449877750611247,0.03667481662591687,0.34210526315789475,0.23684210526315788,0.23684210526315788,0.18421052631578946,6,12
"RNCMPT00255,max,AAAACAA,RBD_v3_225575",68,1,409,38,0.08557457212713937,0.009779951100244499,0.05867970660146699,0.07823960880195599,0.0488997555012225,0.07823960880195599,0.007334963325183374,0.02689486552567237,0.06356968215158924,0.07090464547677261,0.03178484107579462,0.034229828850855744,0.04156479217603912,0.05867970660146699,0.09046454767726161,0.06845965770171149,0.034229828850855744,0.07334963325183375,0.0024449877750611247,0.03667481662591687,0.4473684210526316,0.18421052631578946,0.23684210526315788,0.13157894736842105,5,11
"RNCMPT00255,min,GGGGGGC,RBD_v3_122622",68,0,409,38,0.08557457212713937,0.009779951100244499,0.05867970660146699,0.07823960880195599,0.0488997555012225,0.07823960880195599,0.007334963325183374,0.02689486552567237,0.06356968215158924,0.07090464547677261,0.03178484107579462,0.034229828850855744,0.04156479217603912,0.05867970660146699,0.09046454767726161,0.06845965770171149,0.034229828850855744,0.07334963325183375,0.0024449877750611247,0.03667481662591687,0.34210526315789475,0.10526315789473684,0.2894736842105263,0.2631578947368421,4,10
"RNCMPT00255,min,GGGGGGC,RBD_v3_145005",68,0,409,30,0.08557457212713937,0.009779951100244499,0.05867970660146699,0.07823960880195599,0.0488997555012225,0.07823960880195599,0.007334963325183374,0.02689486552567237,0.06356968215158924,0.07090464547677261,0.03178484107579462,0.034229828850855744,0.04156479217603912,0.05867970660146699,0.09046454767726161,0.06845965770171149,0.034229828850855744,0.07334963325183375,0.0024449877750611247,0.03667481662591687,0.2,0.23333333333333334,0.43333333333333335,0.13333333333333333,12,18
"RNCMPT00255,min,GGGGGGC,RBD_v3_148767",68,0,409,39,0.08557457212713937,0.009779951100244499,0.05867970660146699,0.07823960880195599,0.0488997555012225,0.07823960880195599,0.007334963325183374,0.02689486552567237,0.06356968215158924,0.07090464547677261,0.03178484107579462,0.034229828850855744,0.04156479217603912,0.05867970660146699,0.09046454767726161,0.06845965770171149,0.034229828850855744,0.07334963325183375,0.0024449877750611247,0.03667481662591687,0.10256410256410256,0.1794871794871795,0.38461538461538464,0.3333333333333333,29,35
"RNCMPT00256,max,UUUUUUG,RBD_v3_045178",169,1,356,35,0.05898876404494382,0.0028089887640449437,0.06460674157303371,0.05337078651685393,0.05056179775280899,0.12921348314606743,0.019662921348314606,0.03651685393258427,0.056179775280898875,0.03932584269662921,0.019662921348314606,0.0702247191011236,0.03089887640449438,0.056179775280898875,0.05056179775280899,0.07865168539325842,0.06460674157303371,0.05898876404494382,0.011235955056179775,0.047752808988764044,0.2,0.17142857142857143,0.22857142857142856,0.4,26,32
"RNCMPT00256,max,UUUUUUG,RBD_v3_119555",169,1,356,38,0.05898876404494382,0.0028089887640449437,0.06460674157303371,0.05337078651685393,0.05056179775280899,0.12921348314606743,0.019662921348314606,0.03651685393258427,0.056179775280898875,0.03932584269662921,0.019662921348314606,0.0702247191011236,0.03089887640449438,0.056179775280898875,0.05056179775280899,0.07865168539325842,0.06460674157303371,0.05898876404494382,0.011235955056179775,0.047752808988764044,0.15789473684210525,0.18421052631578946,0.18421052631578946,0.47368421052631576,31,37
"RNCMPT00256,max,UUUUUUU,RBD_v3_029559",169,1,356,38,0.05898876404494382,0.0028089887640449437,0.06460674157303371,0.05337078651685393,0.05056179775280899,0.12921348314606743,0.019662921348314606,0.03651685393258427,0.056179775280898875,0.03932584269662921,0.019662921348314606,0.0702247191011236,0.03089887640449438,0.056179775280898875,0.05056179775280899,0.07865168539325842,0.06460674157303371,0.05898876404494382,0.011235955056179775,0.047752808988764044,0.18421052631578946,0.18421052631578946,0.23684210526315788,0.39473684210526316,30,36
"RNCMPT00256,min,GAGUCGA,RBD_v3_237980",169,0,356,38,0.05898876404494382,0.0028089887640449437,0.06460674157303371,0.05337078651685393,0.05056179775280899,0.12921348314606743,0.019662921348314606,0.03651685393258427,0.056179775280898875,0.03932584269662921,0.019662921348314606,0.0702247191011236,0.03089887640449438,0.056179775280898875,0.05056179775280899,0.07865168539325842,0.06460674157303371,0.05898876404494382,0.011235955056179775,0.047752808988764044,0.42105263157894735,0.15789473684210525,0.3157894736842105,0.10526315789473684,3,9
"RNCMPT00256,min,GAGUGAG,RBD_v3_096874",169,0,356,35,0.05898876404494382,0.0028089887640449437,0.06460674157303371,0.05337078651685393,0.05056179775280899,0.12921348314606743,0.019662921348314606,0.03651685393258427,0.056179775280898875,0.03932584269662921,0.019662921348314606,0.0702247191011236,0.03089887640449438,0.056179775280898875,0.05056179775280899,0.07865168539325842,0.06460674157303371,0.05898876404494382,0.011235955056179775,0.047752808988764044,0.3142857142857143,0.2,0.3142857142857143,0.17142857142857143,25,31
"RNCMPT00256,min,GAGUGAG,RBD_v3_125025",169,0,356,35,0.05898876404494382,0.0028089887640449437,0.06460674157303371,0.05337078651685393,0.05056179775280899,0.12921348314606743,0.019662921348314606,0.03651685393258427,0.056179775280898875,0.03932584269662921,0.019662921348314606,0.0702247191011236,0.03089887640449438,0.056179775280898875,0.05056179775280899,0.07865168539325842,0.06460674157303371,0.05898876404494382,0.011235955056179775,0.047752808988764044,0.22857142857142856,0.2571428571428571,0.34285714285714286,0.17142857142857143,24,30
"RNCMPT00257,max,AAAAAAG,RBD_v3_100829",185,1,307,35,0.06840390879478828,0.016286644951140065,0.035830618892508145,0.09446254071661238,0.05211726384364821,0.05863192182410423,0.019543973941368076,0.0781758957654723,0.048859934853420196,0.07166123778501629,0.029315960912052116,0.0781758957654723,0.05863192182410423,0.03257328990228013,0.05863192182410423,0.06514657980456026,0.05211726384364821,0.06188925081433225,0.0,0.019543973941368076,0.45714285714285713,0.2,0.2,0.14285714285714285,3,9
"RNCMPT00257,max,AGAAAAC,RBD_v3_208855",185,1,307,38,0.06840390879478828,0.016286644951140065,0.035830618892508145,0.09446254071661238,0.05211726384364821,0.05863192182410423,0.019543973941368076,0.0781758957654723,0.048859934853420196,0.07166123778501629,0.029315960912052116,0.0781758957654723,0.05863192182410423,0.03257328990228013,0.05863192182410423,0.06514657980456026,0.05211726384364821,0.06188925081433225,0.0,0.019543973941368076,0.4473684210526316,0.13157894736842105,0.23684210526315788,0.18421052631578946,20,26
"RNCMPT00257,max,AGAAAAG,RBD_v3_224849",185,1,307,35,0.06840390879478828,0.016286644951140065,0.035830618892508145,0.09446254071661238,0.05211726384364821,0.05863192182410423,0.019543973941368076,0.0781758957654723,0.048859934853420196,0.07166123778501629,0.029315960912052116,0.0781758957654723,0.05863192182410423,0.03257328990228013,0.05863192182410423,0.06514657980456026,0.05211726384364821,0.06188925081433225,0.0,0.019543973941368076,0.42857142857142855,0.17142857142857143,0.2571428571428571,0.14285714285714285,1,7
"RNCMPT00257,min,AGGGGGG,RBD_v3_030948",185,0,307,38,0.06840390879478828,0.016286644951140065,0.035830618892508145,0.09446254071661238,0.05211726384364821,0.05863192182410423,0.019543973941368076,0.0781758957654723,0.048859934853420196,0.07166123778501629,0.029315960912052116,0.0781758957654723,0.05863192182410423,0.03257328990228013,0.05863192182410423,0.06514657980456026,0.05211726384364821,0.06188925081433225,0.0,0.019543973941368076,0.18421052631578946,0.23684210526315788,0.39473684210526316,0.18421052631578946,31,37
"RNCMPT00257,min,AGGGGGG,RBD_v3_102729",185,0,307,38,0.06840390879478828,0.016286644951140065,0.035830618892508145,0.09446254071661238,0.05211726384364821,0.05863192182410423,0.019543973941368076,0.0781758957654723,0.048859934853420196,0.07166123778501629,0.029315960912052116,0.0781758957654723,0.05863192182410423,0.03257328990228013,0.05863192182410423,0.06514657980456026,0.05211726384364821,0.06188925081433225,0.0,0.019543973941368076,0.3684210526315789,0.10526315789473684,0.39473684210526316,0.13157894736842105,1,7
"RNCMPT00257,min,AGGGGGG,RBD_v3_233807",185,0,307,38,0.06840390879478828,0.016286644951140065,0.035830618892508145,0.09446254071661238,0.05211726384364821,0.05863192182410423,0.019543973941368076,0.0781758957654723,0.048859934853420196,0.07166123778501629,0.029315960912052116,0.0781758957654723,0.05863192182410423,0.03257328990228013,0.05863192182410423,0.06514657980456026,0.05211726384364821,0.06188925081433225,0.0,0.019543973941368076,0.21052631578947367,0.15789473684210525,0.3684210526315789,0.2631578947368421,1,7
"RNCMPT00258,max,CUGUUUG,RBD_v3_004404",186,1,230,30,0.04782608695652174,0.008695652173913044,0.12608695652173912,0.08695652173913043,0.05652173913043478,0.06086956521739131,0.013043478260869565,0.034782608695652174,0.09130434782608696,0.02608695652173913,0.004347826086956522,0.0391304347826087,0.02608695652173913,0.030434782608695653,0.13478260869565217,0.06956521739130435,0.013043478260869565,0.06956521739130435,0.0,0.06086956521739131,0.13333333333333333,0.23333333333333334,0.26666666666666666,0.36666666666666664,20,26
"RNCMPT00258,max,CUGUUUG,RBD_v3_111325",186,1,230,30,0.04782608695652174,0.008695652173913044,0.12608695652173912,0.08695652173913043,0.05652173913043478,0.06086956521739131,0.013043478260869565,0.034782608695652174,0.09130434782608696,0.02608695652173913,0.004347826086956522,0.0391304347826087,0.02608695652173913,0.030434782608695653,0.13478260869565217,0.06956521739130435,0.013043478260869565,0.06956521739130435,0.0,0.06086956521739131,0.13333333333333333,0.23333333333333334,0.26666666666666666,0.36666666666666664,20,26
"RNCMPT00258,max,UGUUUGU,RBD_v3_125733",186,1,230,30,0.04782608695652174,0.008695652173913044,0.12608695652173912,0.08695652173913043,0.05652173913043478,0.06086956521739131,0.013043478260869565,0.034782608695652174,0.09130434782608696,0.02608695652173913,0.004347826086956522,0.0391304347826087,0.02608695652173913,0.030434782608695653,0.13478260869565217,0.06956521739130435,0.013043478260869565,0.06956521739130435,0.0,0.06086956521739131,0.1,0.13333333333333333,0.3333333333333333,0.43333333333333335,18,24
"RNCMPT00258,min,ACAGGAC,RBD_v3_116467",186,0,230,38,0.04782608695652174,0.008695652173913044,0.12608695652173912,0.08695652173913043,0.05652173913043478,0.06086956521739131,0.013043478260869565,0.034782608695652174,0.09130434782608696,0.02608695652173913,0.004347826086956522,0.0391304347826087,0.02608695652173913,0.030434782608695653,0.13478260869565217,0.06956521739130435,0.013043478260869565,0.06956521739130435,0.0,0.06086956521739131,0.42105263157894735,0.15789473684210525,0.23684210526315788,0.18421052631578946,5,11
"RNCMPT00258,min,ACAGGAC,RBD_v3_144560",186,0,230,38,0.04782608695652174,0.008695652173913044,0.12608695652173912,0.08695652173913043,0.05652173913043478,0.06086956521739131,0.013043478260869565,0.034782608695652174,0.09130434782608696,0.02608695652173913,0.004347826086956522,0.0391304347826087,0.02608695652173913,0.030434782608695653,0.13478260869565217,0.06956521739130435,0.013043478260869565,0.06956521739130435,0.0,0.06086956521739131,0.2894736842105263,0.21052631578947367,0.13157894736842105,0.3684210526315789,3,9
"RNCMPT00258,min,CAGACAC,RBD_v3_084426",186,0,230,38,0.04782608695652174,0.008695652173913044,0.12608695652173912,0.08695652173913043,0.05652173913043478,0.06086956521739131,0.013043478260869565,0.034782608695652174,0.09130434782608696,0.02608695652173913,0.004347826086956522,0.0391304347826087,0.02608695652173913,0.030434782608695653,0.13478260869565217,0.06956521739130435,0.013043478260869565,0.06956521739130435,0.0,0.06086956521739131,0.3157894736842105,0.2894736842105263,0.23684210526315788,0.15789473684210525,24,30
"RNCMPT00259,max,UACCAUG,RBD_v3_068322",187,1,248,30,0.06854838709677419,0.012096774193548387,0.028225806451612902,0.06048387096774194,0.056451612903225805,0.04838709677419355,0.024193548387096774,0.07258064516129033,0.04032258064516129,0.056451612903225805,0.024193548387096774,0.04838709677419355,0.08064516129032258,0.07258064516129033,0.07258064516129033,0.10080645161290322,0.05241935483870968,0.04435483870967742,0.004032258064516129,0.03225806451612903,0.26666666666666666,0.23333333333333334,0.3,0.2,8,14
"RNCMPT00259,max,UACCAUG,RBD_v3_170171",187,1,248,35,0.06854838709677419,0.012096774193548387,0.028225806451612902,0.06048387096774194,0.056451612903225805,0.04838709677419355,0.024193548387096774,0.07258064516129033,0.04032258064516129,0.056451612903225805,0.024193548387096774,0.04838709677419355,0.08064516129032258,0.07258064516129033,0.07258064516129033,0.10080645161290322,0.05241935483870968,0.04435483870967742,0.004032258064516129,0.03225806451612903,0.37142857142857144,0.2571428571428571,0.22857142857142856,0.14285714285714285,13,19
"RNCMPT00259,max,UACCAUG,RBD_v3_176587",187,1,248,38,0.06854838709677419,0.012096774193548387,0.028225806451612902,0.06048387096774194,0.056451612903225805,0.04838709677419355,0.024193548387096774,0.07258064516129033,0.04032258064516129,0.056451612903225805,0.024193548387096774,0.04838709677419355,0.08064516129032258,0.07258064516129033,0.07258064516129033,0.10080645161290322,0.05241935483870968,0.04435483870967742,0.004032258064516129,0.03225806451612903,0.2894736842105263,0.2894736842105263,0.21052631578947367,0.21052631578947367,16,22
"RNCMPT00259,min,GGGUGGG,RBD_v3_235371",187,0,248,30,0.06854838709677419,0.012096774193548387,0.028225806451612902,0.06048387096774194,0.056451612903225805,0.04838709677419355,0.024193548387096774,0.07258064516129033,0.04032258064516129,0.056451612903225805,0.024193548387096774,0.04838709677419355,0.08064516129032258,0.07258064516129033,0.07258064516129033,0.10080645161290322,0.05241935483870968,0.04435483870967742,0.004032258064516129,0.03225806451612903,0.16666666666666666,0.2,0.5,0.13333333333333333,21,27
"RNCMPT00259,min,GUGGGGC,RBD_v3_011158",187,0,248,35,0.06854838709677419,0.012096774193548387,0.028225806451612902,0.06048387096774194,0.056451612903225805,0.04838709677419355,0.024193548387096774,0.07258064516129033,0.04032258064516129,0.056451612903225805,0.024193548387096774,0.04838709677419355,0.08064516129032258,0.07258064516129033,0.07258064516129033,0.10080645161290322,0.05241935483870968,0.04435483870967742,0.004032258064516129,0.03225806451612903,0.2571428571428571,0.2,0.37142857142857144,0.17142857142857143,11,17
"RNCMPT00259,min,GUGGGGC,RBD_v3_085327",187,0,248,35,0.06854838709677419,0.012096774193548387,0.028225806451612902,0.06048387096774194,0.056451612903225805,0.04838709677419355,0.024193548387096774,0.07258064516129033,0.04032258064516129,0.056451612903225805,0.024193548387096774,0.04838709677419355,0.08064516129032258,0.07258064516129033,0.07258064516129033,0.10080645161290322,0.05241935483870968,0.04435483870967742,0.004032258064516129,0.03225806451612903,0.2571428571428571,0.11428571428571428,0.5142857142857142,0.11428571428571428,14,20
"RNCMPT00261,max,AAUUUUG,RBD_v3_062401",82,1,407,35,0.0343980343980344,0.0171990171990172,0.05896805896805897,0.07616707616707617,0.06142506142506143,0.04668304668304668,0.0171990171990172,0.07616707616707617,0.10073710073710074,0.0687960687960688,0.014742014742014743,0.07125307125307126,0.05896805896805897,0.04176904176904177,0.05405405405405406,0.0687960687960688,0.06142506142506143,0.036855036855036855,0.002457002457002457,0.03194103194103194,0.22857142857142856,0.2571428571428571,0.2857142857142857,0.22857142857142856,8,14
"RNCMPT00261,max,AAUUUUG,RBD_v3_126280",82,1,407,38,0.0343980343980344,0.0171990171990172,0.05896805896805897,0.07616707616707617,0.06142506142506143,0.04668304668304668,0.0171990171990172,0.07616707616707617,0.10073710073710074,0.0687960687960688,0.014742014742014743,0.07125307125307126,0.05896805896805897,0.04176904176904177,0.05405405405405406,0.0687960687960688,0.06142506142506143,0.036855036855036855,0.002457002457002457,0.03194103194103194,0.2631578947368421,0.23684210526315788,0.2631578947368421,0.23684210526315788,16,22
"RNCMPT00261,max,AAUUUUG,RBD_v3_230896",82,1,407,38,0.0343980343980344,0.0171990171990172,0.05896805896805897,0.07616707616707617,0.06142506142506143,0.04668304668304668,0.0171990171990172,0.07616707616707617,0.10073710073710074,0.0687960687960688,0.014742014742014743,0.07125307125307126,0.05896805896805897,0.04176904176904177,0.05405405405405406,0.0687960687960688,0.06142506142506143,0.036855036855036855,0.002457002457002457,0.03194103194103194,0.2631578947368421,0.23684210526315788,0.2631578947368421,0.23684210526315788,16,22
"RNCMPT00261,min,GGGGGGC,RBD_v3_207323",82,0,407,30,0.0343980343980344,0.0171990171990172,0.05896805896805897,0.07616707616707617,0.06142506142506143,0.04668304668304668,0.0171990171990172,0.07616707616707617,0.10073710073710074,0.0687960687960688,0.014742014742014743,0.07125307125307126,0.05896805896805897,0.04176904176904177,0.05405405405405406,0.0687960687960688,0.06142506142506143,0.036855036855036855,0.002457002457002457,0.03194103194103194,0.13333333333333333,0.13333333333333333,0.5,0.23333333333333334,10,16
"RNCMPT00261,min,GGGGGGC,RBD_v3_221155",82,0,407,30,0.0343980343980344,0.0171990171990172,0.05896805896805897,0.07616707616707617,0.06142506142506143,0.04668304668304668,0.0171990171990172,0.07616707616707617,0.10073710073710074,0.0687960687960688,0.014742014742014743,0.07125307125307126,0.05896805896805897,0.04176904176904177,0.05405405405405406,0.0687960687960688,0.06142506142506143,0.036855036855036855,0.002457002457002457,0.03194103194103194,0.26666666666666666,0.3333333333333333,0.3333333333333333,0.06666666666666667,19,25
"RNCMPT00261,min,GGGGGGG,RBD_v3_148566",82,0,407,30,0.0343980343980344,0.0171990171990172,0.05896805896805897,0.07616707616707617,0.06142506142506143,0.04668304668304668,0.0171990171990172,0.07616707616707617,0.10073710073710074,0.0687960687960688,0.014742014742014743,0.07125307125307126,0.05896805896805897,0.04176904176904177,0.05405405405405406,0.0687960687960688,0.06142506142506143,0.036855036855036855,0.002457002457002457,0.03194103194103194,0.3333333333333333,0.16666666666666666,0.43333333333333335,0.06666666666666667,2,8
"RNCMPT00262,max,UUUUUUC,RBD_v3_138040",85,1,347,38,0.0893371757925072,0.011527377521613832,0.04899135446685879,0.0893371757925072,0.04899135446685879,0.0893371757925072,0.002881844380403458,0.06340057636887608,0.03170028818443804,0.06340057636887608,0.023054755043227664,0.05763688760806916,0.06340057636887608,0.040345821325648415,0.05763688760806916,0.06340057636887608,0.05187319884726225,0.07780979827089338,0.0,0.025936599423631124,0.15789473684210525,0.18421052631578946,0.18421052631578946,0.47368421052631576,29,35
"RNCMPT00262,max,UUUUUUG,RBD_v3_094016",85,1,347,38,0.0893371757925072,0.011527377521613832,0.04899135446685879,0.0893371757925072,0.04899135446685879,0.0893371757925072,0.002881844380403458,0.06340057636887608,0.03170028818443804,0.06340057636887608,0.023054755043227664,0.05763688760806916,0.06340057636887608,0.040345821325648415,0.05763688760806916,0.06340057636887608,0.05187319884726225,0.07780979827089338,0.0,0.025936599423631124,0.15789473684210525,0.18421052631578946,0.18421052631578946,0.47368421052631576,31,37
"RNCMPT00262,max,UUUUUUG,RBD_v3_119555",85,1,347,38,0.0893371757925072,0.011527377521613832,0.04899135446685879,0.0893371757925072,0.04899135446685879,0.0893371757925072,0.002881844380403458,0.06340057636887608,0.03170028818443804,0.06340057636887608,0.023054755043227664,0.05763688760806916,0.06340057636887608,0.040345821325648415,0.05763688760806916,0.06340057636887608,0.05187319884726225,0.07780979827089338,0.0,0.025936599423631124,0.15789473684210525,0.18421052631578946,0.18421052631578946,0.47368421052631576,31,37
"RNCMPT00262,min,AAGAGUC,RBD_v3_005651",85,0,347,35,0.0893371757925072,0.011527377521613832,0.04899135446685879,0.0893371757925072,0.04899135446685879,0.0893371757925072,0.002881844380403458,0.06340057636887608,0.03170028818443804,0.06340057636887608,0.023054755043227664,0.05763688760806916,0.06340057636887608,0.040345821325648415,0.05763688760806916,0.06340057636887608,0.05187319884726225,0.07780979827089338,0.0,0.025936599423631124,0.42857142857142855,0.22857142857142856,0.2,0.14285714285714285,29,35
"RNCMPT00262,min,AAGAGUC,RBD_v3_055586",85,0,347,35,0.0893371757925072,0.011527377521613832,0.04899135446685879,0.0893371757925072,0.04899135446685879,0.0893371757925072,0.002881844380403458,0.06340057636887608,0.03170028818443804,0.06340057636887608,0.023054755043227664,0.05763688760806916,0.06340057636887608,0.040345821325648415,0.05763688760806916,0.06340057636887608,0.05187319884726225,0.07780979827089338,0.0,0.025936599423631124,0.34285714285714286,0.2571428571428571,0.2571428571428571,0.14285714285714285,22,28
"RNCMPT00262,min,AGAGUCG,RBD_v3_101143",85,0,347,38,0.0893371757925072,0.011527377521613832,0.04899135446685879,0.0893371757925072,0.04899135446685879,0.0893371757925072,0.002881844380403458,0.06340057636887608,0.03170028818443804,0.06340057636887608,0.023054755043227664,0.05763688760806916,0.06340057636887608,0.040345821325648415,0.05763688760806916,0.06340057636887608,0.05187319884726225,0.07780979827089338,0.0,0.025936599423631124,0.3684210526315789,0.23684210526315788,0.2631578947368421,0.13157894736842105,9,15
"RNCMPT00263,max,AGAACAA,RBD_v3_125311",86,1,210,35,0.08095238095238096,0.004761904761904762,0.09523809523809523,0.09047619047619047,0.047619047619047616,0.10952380952380952,0.004761904761904762,0.009523809523809525,0.014285714285714285,0.05714285714285714,0.03333333333333333,0.04285714285714286,0.009523809523809525,0.047619047619047616,0.11904761904761904,0.0761904761904762,0.0380952380952381,0.09523809523809523,0.009523809523809525,0.014285714285714285,0.3142857142857143,0.22857142857142856,0.2571428571428571,0.2,1,7
"RNCMPT00263,max,AGAACAG,RBD_v3_207589",86,1,210,38,0.08095238095238096,0.004761904761904762,0.09523809523809523,0.09047619047619047,0.047619047619047616,0.10952380952380952,0.004761904761904762,0.009523809523809525,0.014285714285714285,0.05714285714285714,0.03333333333333333,0.04285714285714286,0.009523809523809525,0.047619047619047616,0.11904761904761904,0.0761904761904762,0.0380952380952381,0.09523809523809523,0.009523809523809525,0.014285714285714285,0.3157894736842105,0.18421052631578946,0.2894736842105263,0.21052631578947367,1,7
"RNCMPT00263,max,AGAACAU,RBD_v3_047807",86,1,210,35,0.08095238095238096,0.004761904761904762,0.09523809523809523,0.09047619047619047,0.047619047619047616,0.10952380952380952,0.004761904761904762,0.009523809523809525,0.014285714285714285,0.05714285714285714,0.03333333333333333,0.04285714285714286,0.009523809523809525,0.047619047619047616,0.11904761904761904,0.0761904761904762,0.0380952380952381,0.09523809523809523,0.009523809523809525,0.014285714285714285,0.2857142857142857,0.17142857142857143,0.3142857142857143,0.22857142857142856,1,7
"RNCMPT00263,min,AGACCCU,RBD_v3_032104",86,0,210,38,0.08095238095238096,0.004761904761904762,0.09523809523809523,0.09047619047619047,0.047619047619047616,0.10952380952380952,0.004761904761904762,0.009523809523809525,0.014285714285714285,0.05714285714285714,0.03333333333333333,0.04285714285714286,0.009523809523809525,0.047619047619047616,0.11904761904761904,0.0761904761904762,0.0380952380952381,0.09523809523809523,0.009523809523809525,0.014285714285714285,0.18421052631578946,0.2894736842105263,0.2631578947368421,0.2631578947368421,1,7
"RNCMPT00263,min,AGACCCU,RBD_v3_051760",86,0,210,30,0.08095238095238096,0.004761904761904762,0.09523809523809523,0.09047619047619047,0.047619047619047616,0.10952380952380952,0.004761904761904762,0.009523809523809525,0.014285714285714285,0.05714285714285714,0.03333333333333333,0.04285714285714286,0.009523809523809525,0.047619047619047616,0.11904761904761904,0.0761904761904762,0.0380952380952381,0.09523809523809523,0.009523809523809525,0.014285714285714285,0.3,0.3,0.2,0.2,1,7
"RNCMPT00263,min,AGACCCU,RBD_v3_119267",86,0,210,30,0.08095238095238096,0.004761904761904762,0.09523809523809523,0.09047619047619047,0.047619047619047616,0.10952380952380952,0.004761904761904762,0.009523809523809525,0.014285714285714285,0.05714285714285714,0.03333333333333333,0.04285714285714286,0.009523809523809525,0.047619047619047616,0.11904761904761904,0.0761904761904762,0.0380952380952381,0.09523809523809523,0.009523809523809525,0.014285714285714285,0.1,0.26666666666666666,0.36666666666666664,0.26666666666666666,1,7
"RNCMPT00265,max,AACCUAA,RBD_v3_091053",5,1,365,38,0.07671232876712329,0.005479452054794521,0.052054794520547946,0.07671232876712329,0.005479452054794521,0.1178082191780822,0.019178082191780823,0.07945205479452055,0.04657534246575343,0.06301369863013699,0.030136986301369864,0.04657534246575343,0.038356164383561646,0.043835616438356165,0.06027397260273973,0.07123287671232877,0.07397260273972603,0.06301369863013699,0.005479452054794521,0.024657534246575342,0.3157894736842105,0.2894736842105263,0.18421052631578946,0.21052631578947367,25,31
"RNCMPT00265,max,AACCUAA,RBD_v3_104267",5,1,365,35,0.07671232876712329,0.005479452054794521,0.052054794520547946,0.07671232876712329,0.005479452054794521,0.1178082191780822,0.019178082191780823,0.07945205479452055,0.04657534246575343,0.06301369863013699,0.030136986301369864,0.04657534246575343,0.038356164383561646,0.043835616438356165,0.06027397260273973,0.07123287671232877,0.07397260273972603,0.06301369863013699,0.005479452054794521,0.024657534246575342,0.34285714285714286,0.34285714285714286,0.14285714285714285,0.17142857142857143,19,25
"RNCMPT00265,max,AACCUAA,RBD_v3_145030",5,1,365,38,0.07671232876712329,0.005479452054794521,0.052054794520547946,0.07671232876712329,0.005479452054794521,0.1178082191780822,0.019178082191780823,0.07945205479452055,0.04657534246575343,0.06301369863013699,0.030136986301369864,0.04657534246575343,0.038356164383561646,0.043835616438356165,0.06027397260273973,0.07123287671232877,0.07397260273972603,0.06301369863013699,0.005479452054794521,0.024657534246575342,0.39473684210526316,0.3157894736842105,0.10526315789473684,0.18421052631578946,3,9
"RNCMPT00265,min,GAGUGGG,RBD_v3_013053",5,0,365,35,0.07671232876712329,0.005479452054794521,0.052054794520547946,0.07671232876712329,0.005479452054794521,0.1178082191780822,0.019178082191780823,0.07945205479452055,0.04657534246575343,0.06301369863013699,0.030136986301369864,0.04657534246575343,0.038356164383561646,0.043835616438356165,0.06027397260273973,0.07123287671232877,0.07397260273972603,0.06301369863013699,0.005479452054794521,0.024657534246575342,0.22857142857142856,0.11428571428571428,0.34285714285714286,0.3142857142857143,2,8
"RNCMPT00265,min,GAGUGGG,RBD_v3_034129",5,0,365,38,0.07671232876712329,0.005479452054794521,0.052054794520547946,0.07671232876712329,0.005479452054794521,0.1178082191780822,0.019178082191780823,0.07945205479452055,0.04657534246575343,0.06301369863013699,0.030136986301369864,0.04657534246575343,0.038356164383561646,0.043835616438356165,0.06027397260273973,0.07123287671232877,0.07397260273972603,0.06301369863013699,0.005479452054794521,0.024657534246575342,0.23684210526315788,0.15789473684210525,0.2894736842105263,0.3157894736842105,3,9
"RNCMPT00265,min,GUGGGUG,RBD_v3_048639",5,0,365,39,0.07671232876712329,0.005479452054794521,0.052054794520547946,0.07671232876712329,0.005479452054794521,0.1178082191780822,0.019178082191780823,0.07945205479452055,0.04657534246575343,0.06301369863013699,0.030136986301369864,0.04657534246575343,0.038356164383561646,0.043835616438356165,0.06027397260273973,0.07123287671232877,0.07397260273972603,0.06301369863013699,0.005479452054794521,0.024657534246575342,0.10256410256410256,0.1282051282051282,0.4358974358974359,0.3333333333333333,21,27
"RNCMPT00268,max,CUUUUUC,RBD_v3_033728",104,1,530,38,0.09811320754716982,0.005660377358490566,0.04716981132075472,0.03207547169811321,0.045283018867924525,0.07169811320754717,0.02830188679245283,0.052830188679245285,0.062264150943396226,0.1,0.022641509433962263,0.06981132075471698,0.052830188679245285,0.05471698113207547,0.033962264150943396,0.08867924528301886,0.04339622641509434,0.07169811320754717,0.0,0.018867924528301886,0.34210526315789475,0.15789473684210525,0.21052631578947367,0.2894736842105263,14,20
"RNCMPT00268,max,CUUUUUC,RBD_v3_221609",104,1,530,38,0.09811320754716982,0.005660377358490566,0.04716981132075472,0.03207547169811321,0.045283018867924525,0.07169811320754717,0.02830188679245283,0.052830188679245285,0.062264150943396226,0.1,0.022641509433962263,0.06981132075471698,0.052830188679245285,0.05471698113207547,0.033962264150943396,0.08867924528301886,0.04339622641509434,0.07169811320754717,0.0,0.018867924528301886,0.21052631578947367,0.15789473684210525,0.23684210526315788,0.39473684210526316,27,33
"RNCMPT00268,max,UUUUUCU,RBD_v3_081079",104,1,530,38,0.09811320754716982,0.005660377358490566,0.04716981132075472,0.03207547169811321,0.045283018867924525,0.07169811320754717,0.02830188679245283,0.052830188679245285,0.062264150943396226,0.1,0.022641509433962263,0.06981132075471698,0.052830188679245285,0.05471698113207547,0.033962264150943396,0.08867924528301886,0.04339622641509434,0.07169811320754717,0.0,0.018867924528301886,0.2631578947368421,0.21052631578947367,0.15789473684210525,0.3684210526315789,25,31
"RNCMPT00268,min,AGGGGGG,RBD_v3_000276",104,0,530,38,0.09811320754716982,0.005660377358490566,0.04716981132075472,0.03207547169811321,0.045283018867924525,0.07169811320754717,0.02830188679245283,0.052830188679245285,0.062264150943396226,0.1,0.022641509433962263,0.06981132075471698,0.052830188679245285,0.05471698113207547,0.033962264150943396,0.08867924528301886,0.04339622641509434,0.07169811320754717,0.0,0.018867924528301886,0.2631578947368421,0.07894736842105263,0.42105263157894735,0.23684210526315788,1,7
"RNCMPT00268,min,AGGGGGG,RBD_v3_021242",104,0,530,30,0.09811320754716982,0.005660377358490566,0.04716981132075472,0.03207547169811321,0.045283018867924525,0.07169811320754717,0.02830188679245283,0.052830188679245285,0.062264150943396226,0.1,0.022641509433962263,0.06981132075471698,0.052830188679245285,0.05471698113207547,0.033962264150943396,0.08867924528301886,0.04339622641509434,0.07169811320754717,0.0,0.018867924528301886,0.23333333333333334,0.3,0.36666666666666664,0.1,18,24
"RNCMPT00268,min,AGGGGGG,RBD_v3_169706",104,0,530,38,0.09811320754716982,0.005660377358490566,0.04716981132075472,0.03207547169811321,0.045283018867924525,0.07169811320754717,0.02830188679245283,0.052830188679245285,0.062264150943396226,0.1,0.022641509433962263,0.06981132075471698,0.052830188679245285,0.05471698113207547,0.033962264150943396,0.08867924528301886,0.04339622641509434,0.07169811320754717,0.0,0.018867924528301886,0.39473684210526316,0.13157894736842105,0.4473684210526316,0.02631578947368421,1,7
"RNCMPT00269,max,AACUUUC,RBD_v3_076223",104,1,530,38,0.09811320754716982,0.005660377358490566,0.04716981132075472,0.03207547169811321,0.045283018867924525,0.07169811320754717,0.02830188679245283,0.052830188679245285,0.062264150943396226,0.1,0.022641509433962263,0.06981132075471698,0.052830188679245285,0.05471698113207547,0.033962264150943396,0.08867924528301886,0.04339622641509434,0.07169811320754717,0.0,0.018867924528301886,0.2894736842105263,0.21052631578947367,0.18421052631578946,0.3157894736842105,29,35
"RNCMPT00269,max,AACUUUC,RBD_v3_079823",104,1,530,38,0.09811320754716982,0.005660377358490566,0.04716981132075472,0.03207547169811321,0.045283018867924525,0.07169811320754717,0.02830188679245283,0.052830188679245285,0.062264150943396226,0.1,0.022641509433962263,0.06981132075471698,0.052830188679245285,0.05471698113207547,0.033962264150943396,0.08867924528301886,0.04339622641509434,0.07169811320754717,0.0,0.018867924528301886,0.2631578947368421,0.23684210526315788,0.18421052631578946,0.3157894736842105,21,27
"RNCMPT00269,max,AACUUUC,RBD_v3_120993",104,1,530,38,0.09811320754716982,0.005660377358490566,0.04716981132075472,0.03207547169811321,0.045283018867924525,0.07169811320754717,0.02830188679245283,0.052830188679245285,0.062264150943396226,0.1,0.022641509433962263,0.06981132075471698,0.052830188679245285,0.05471698113207547,0.033962264150943396,0.08867924528301886,0.04339622641509434,0.07169811320754717,0.0,0.018867924528301886,0.2894736842105263,0.18421052631578946,0.18421052631578946,0.34210526315789475,19,25
"RNCMPT00269,min,AGGGGGG,RBD_v3_010140",104,0,530,38,0.09811320754716982,0.005660377358490566,0.04716981132075472,0.03207547169811321,0.045283018867924525,0.07169811320754717,0.02830188679245283,0.052830188679245285,0.062264150943396226,0.1,0.022641509433962263,0.06981132075471698,0.052830188679245285,0.05471698113207547,0.033962264150943396,0.08867924528301886,0.04339622641509434,0.07169811320754717,0.0,0.018867924528301886,0.23684210526315788,0.18421052631578946,0.3684210526315789,0.21052631578947367,1,7
"RNCMPT00269,min,AGGGGGG,RBD_v3_049782",104,0,530,38,0.09811320754716982,0.005660377358490566,0.04716981132075472,0.03207547169811321,0.045283018867924525,0.07169811320754717,0.02830188679245283,0.052830188679245285,0.062264150943396226,0.1,0.022641509433962263,0.06981132075471698,0.052830188679245285,0.05471698113207547,0.033962264150943396,0.08867924528301886,0.04339622641509434,0.07169811320754717,0.0,0.018867924528301886,0.2631578947368421,0.10526315789473684,0.4473684210526316,0.18421052631578946,1,7
"RNCMPT00269,min,GGGGGGG,RBD_v3_230270",104,0,530,30,0.09811320754716982,0.005660377358490566,0.04716981132075472,0.03207547169811321,0.045283018867924525,0.07169811320754717,0.02830188679245283,0.052830188679245285,0.062264150943396226,0.1,0.022641509433962263,0.06981132075471698,0.052830188679245285,0.05471698113207547,0.033962264150943396,0.08867924528301886,0.04339622641509434,0.07169811320754717,0.0,0.018867924528301886,0.23333333333333334,0.23333333333333334,0.4666666666666667,0.06666666666666667,9,15
"RNCMPT00270,max,UGUGUGU,RBD_v3_033655",3,1,98,38,0.09183673469387756,0.02040816326530612,0.061224489795918366,0.030612244897959183,0.09183673469387756,0.07142857142857142,0.01020408163265306,0.05102040816326531,0.11224489795918367,0.07142857142857142,0.01020408163265306,0.04081632653061224,0.061224489795918366,0.061224489795918366,0.01020408163265306,0.07142857142857142,0.05102040816326531,0.061224489795918366,0.0,0.02040816326530612,0.15789473684210525,0.18421052631578946,0.34210526315789475,0.3157894736842105,28,34
"RNCMPT00270,max,UUUGUGU,RBD_v3_096772",3,1,98,38,0.09183673469387756,0.02040816326530612,0.061224489795918366,0.030612244897959183,0.09183673469387756,0.07142857142857142,0.01020408163265306,0.05102040816326531,0.11224489795918367,0.07142857142857142,0.01020408163265306,0.04081632653061224,0.061224489795918366,0.061224489795918366,0.01020408163265306,0.07142857142857142,0.05102040816326531,0.061224489795918366,0.0,0.02040816326530612,0.21052631578947367,0.07894736842105263,0.2631578947368421,0.4473684210526316,22,28
"RNCMPT00270,max,UUUGUGU,RBD_v3_146939",3,1,98,39,0.09183673469387756,0.02040816326530612,0.061224489795918366,0.030612244897959183,0.09183673469387756,0.07142857142857142,0.01020408163265306,0.05102040816326531,0.11224489795918367,0.07142857142857142,0.01020408163265306,0.04081632653061224,0.061224489795918366,0.061224489795918366,0.01020408163265306,0.07142857142857142,0.05102040816326531,0.061224489795918366,0.0,0.02040816326530612,0.1282051282051282,0.20512820512820512,0.28205128205128205,0.38461538461538464,21,27
"RNCMPT00270,min,AGGGGGG,RBD_v3_149509",3,0,98,35,0.09183673469387756,0.02040816326530612,0.061224489795918366,0.030612244897959183,0.09183673469387756,0.07142857142857142,0.01020408163265306,0.05102040816326531,0.11224489795918367,0.07142857142857142,0.01020408163265306,0.04081632653061224,0.061224489795918366,0.061224489795918366,0.01020408163265306,0.07142857142857142,0.05102040816326531,0.061224489795918366,0.0,0.02040816326530612,0.2857142857142857,0.22857142857142856,0.34285714285714286,0.14285714285714285,6,12
"RNCMPT00270,min,AGGGGGG,RBD_v3_234509",3,0,98,38,0.09183673469387756,0.02040816326530612,0.061224489795918366,0.030612244897959183,0.09183673469387756,0.07142857142857142,0.01020408163265306,0.05102040816326531,0.11224489795918367,0.07142857142857142,0.01020408163265306,0.04081632653061224,0.061224489795918366,0.061224489795918366,0.01020408163265306,0.07142857142857142,0.05102040816326531,0.061224489795918366,0.0,0.02040816326530612,0.23684210526315788,0.15789473684210525,0.3684210526315789,0.23684210526315788,11,17
"RNCMPT00270,min,GGGGGGG,RBD_v3_201706",3,0,98,38,0.09183673469387756,0.02040816326530612,0.061224489795918366,0.030612244897959183,0.09183673469387756,0.07142857142857142,0.01020408163265306,0.05102040816326531,0.11224489795918367,0.07142857142857142,0.01020408163265306,0.04081632653061224,0.061224489795918366,0.061224489795918366,0.01020408163265306,0.07142857142857142,0.05102040816326531,0.061224489795918366,0.0,0.02040816326530612,0.2894736842105263,0.07894736842105263,0.4473684210526316,0.18421052631578946,17,23
"RNCMPT00272,max,UAGGUAG,RBD_v3_239404",156,1,240,38,0.058333333333333334,0.008333333333333333,0.07916666666666666,0.075,0.041666666666666664,0.075,0.020833333333333332,0.04583333333333333,0.1,0.08333333333333333,0.016666666666666666,0.041666666666666664,0.0375,0.0625,0.058333333333333334,0.0375,0.041666666666666664,0.08333333333333333,0.004166666666666667,0.029166666666666667,0.23684210526315788,0.15789473684210525,0.3684210526315789,0.23684210526315788,7,13
"RNCMPT00272,max,UAGGUAU,RBD_v3_133197",156,1,240,38,0.058333333333333334,0.008333333333333333,0.07916666666666666,0.075,0.041666666666666664,0.075,0.020833333333333332,0.04583333333333333,0.1,0.08333333333333333,0.016666666666666666,0.041666666666666664,0.0375,0.0625,0.058333333333333334,0.0375,0.041666666666666664,0.08333333333333333,0.004166666666666667,0.029166666666666667,0.3684210526315789,0.10526315789473684,0.3684210526315789,0.15789473684210525,22,28
"RNCMPT00272,max,UAGGUAU,RBD_v3_145165",156,1,240,38,0.058333333333333334,0.008333333333333333,0.07916666666666666,0.075,0.041666666666666664,0.075,0.020833333333333332,0.04583333333333333,0.1,0.08333333333333333,0.016666666666666666,0.041666666666666664,0.0375,0.0625,0.058333333333333334,0.0375,0.041666666666666664,0.08333333333333333,0.004166666666666667,0.029166666666666667,0.2631578947368421,0.07894736842105263,0.39473684210526316,0.2631578947368421,16,22
"RNCMPT00272,min,GAGUCGU,RBD_v3_213055",156,0,240,38,0.058333333333333334,0.008333333333333333,0.07916666666666666,0.075,0.041666666666666664,0.075,0.020833333333333332,0.04583333333333333,0.1,0.08333333333333333,0.016666666666666666,0.041666666666666664,0.0375,0.0625,0.058333333333333334,0.0375,0.041666666666666664,0.08333333333333333,0.004166666666666667,0.029166666666666667,0.2631578947368421,0.21052631578947367,0.23684210526315788,0.2894736842105263,29,35
"RNCMPT00272,min,GAGUCGU,RBD_v3_235136",156,0,240,35,0.058333333333333334,0.008333333333333333,0.07916666666666666,0.075,0.041666666666666664,0.075,0.020833333333333332,0.04583333333333333,0.1,0.08333333333333333,0.016666666666666666,0.041666666666666664,0.0375,0.0625,0.058333333333333334,0.0375,0.041666666666666664,0.08333333333333333,0.004166666666666667,0.029166666666666667,0.2857142857142857,0.22857142857142856,0.2571428571428571,0.22857142857142856,26,32
"RNCMPT00272,min,GUGAGUC,RBD_v3_036460",156,0,240,35,0.058333333333333334,0.008333333333333333,0.07916666666666666,0.075,0.041666666666666664,0.075,0.020833333333333332,0.04583333333333333,0.1,0.08333333333333333,0.016666666666666666,0.041666666666666664,0.0375,0.0625,0.058333333333333334,0.0375,0.041666666666666664,0.08333333333333333,0.004166666666666667,0.029166666666666667,0.22857142857142856,0.14285714285714285,0.37142857142857144,0.2571428571428571,5,11
"RNCMPT00273,max,AGCAUGC,RBD_v3_039751",27,1,341,38,0.07917888563049853,0.011730205278592375,0.06744868035190615,0.13196480938416422,0.026392961876832845,0.04985337243401759,0.01466275659824047,0.06744868035190615,0.08211143695014662,0.08504398826979472,0.020527859237536656,0.04398826979472141,0.03225806451612903,0.01466275659824047,0.05865102639296188,0.04985337243401759,0.05278592375366569,0.07331378299120235,0.002932551319648094,0.03519061583577713,0.3157894736842105,0.23684210526315788,0.2894736842105263,0.15789473684210525,20,26
"RNCMPT00273,max,GAGCAUG,RBD_v3_125465",27,1,341,35,0.07917888563049853,0.011730205278592375,0.06744868035190615,0.13196480938416422,0.026392961876832845,0.04985337243401759,0.01466275659824047,0.06744868035190615,0.08211143695014662,0.08504398826979472,0.020527859237536656,0.04398826979472141,0.03225806451612903,0.01466275659824047,0.05865102639296188,0.04985337243401759,0.05278592375366569,0.07331378299120235,0.002932551319648094,0.03519061583577713,0.3142857142857143,0.11428571428571428,0.42857142857142855,0.14285714285714285,2,8
"RNCMPT00273,max,GCAUGGG,RBD_v3_059221",27,1,341,30,0.07917888563049853,0.011730205278592375,0.06744868035190615,0.13196480938416422,0.026392961876832845,0.04985337243401759,0.01466275659824047,0.06744868035190615,0.08211143695014662,0.08504398826979472,0.020527859237536656,0.04398826979472141,0.03225806451612903,0.01466275659824047,0.05865102639296188,0.04985337243401759,0.05278592375366569,0.07331378299120235,0.002932551319648094,0.03519061583577713,0.16666666666666666,0.2,0.3333333333333333,0.3,13,19
"RNCMPT00273,min,UUUAGAA,RBD_v3_006166",27,0,341,38,0.07917888563049853,0.011730205278592375,0.06744868035190615,0.13196480938416422,0.026392961876832845,0.04985337243401759,0.01466275659824047,0.06744868035190615,0.08211143695014662,0.08504398826979472,0.020527859237536656,0.04398826979472141,0.03225806451612903,0.01466275659824047,0.05865102639296188,0.04985337243401759,0.05278592375366569,0.07331378299120235,0.002932551319648094,0.03519061583577713,0.2631578947368421,0.3157894736842105,0.15789473684210525,0.2631578947368421,8,14
"RNCMPT00273,min,UUUAGAA,RBD_v3_061524",27,0,341,38,0.07917888563049853,0.011730205278592375,0.06744868035190615,0.13196480938416422,0.026392961876832845,0.04985337243401759,0.01466275659824047,0.06744868035190615,0.08211143695014662,0.08504398826979472,0.020527859237536656,0.04398826979472141,0.03225806451612903,0.01466275659824047,0.05865102639296188,0.04985337243401759,0.05278592375366569,0.07331378299120235,0.002932551319648094,0.03519061583577713,0.2894736842105263,0.23684210526315788,0.18421052631578946,0.2894736842105263,24,30
"RNCMPT00273,min,UUUAGAA,RBD_v3_096047",27,0,341,38,0.07917888563049853,0.011730205278592375,0.06744868035190615,0.13196480938416422,0.026392961876832845,0.04985337243401759,0.01466275659824047,0.06744868035190615,0.08211143695014662,0.08504398826979472,0.020527859237536656,0.04398826979472141,0.03225806451612903,0.01466275659824047,0.05865102639296188,0.04985337243401759,0.05278592375366569,0.07331378299120235,0.002932551319648094,0.03519061583577713,0.39473684210526316,0.15789473684210525,0.13157894736842105,0.3157894736842105,29,35
"RNCMPT00274,max,UUUUUUU,RBD_v3_004513",57,1,325,35,0.07076923076923076,0.009230769230769232,0.04923076923076923,0.046153846153846156,0.055384615384615386,0.08923076923076922,0.024615384615384615,0.05846153846153846,0.052307692307692305,0.06769230769230769,0.03076923076923077,0.07076923076923076,0.036923076923076927,0.036923076923076927,0.06153846153846154,0.08615384615384615,0.04923076923076923,0.06769230769230769,0.006153846153846154,0.03076923076923077,0.14285714285714285,0.17142857142857143,0.2857142857142857,0.4,18,24
"RNCMPT00274,max,UUUUUUU,RBD_v3_029559",57,1,325,38,0.07076923076923076,0.009230769230769232,0.04923076923076923,0.046153846153846156,0.055384615384615386,0.08923076923076922,0.024615384615384615,0.05846153846153846,0.052307692307692305,0.06769230769230769,0.03076923076923077,0.07076923076923076,0.036923076923076927,0.036923076923076927,0.06153846153846154,0.08615384615384615,0.04923076923076923,0.06769230769230769,0.006153846153846154,0.03076923076923077,0.18421052631578946,0.18421052631578946,0.23684210526315788,0.39473684210526316,30,36
"RNCMPT00274,max,UUUUUUU,RBD_v3_225797",57,1,325,38,0.07076923076923076,0.009230769230769232,0.04923076923076923,0.046153846153846156,0.055384615384615386,0.08923076923076922,0.024615384615384615,0.05846153846153846,0.052307692307692305,0.06769230769230769,0.03076923076923077,0.07076923076923076,0.036923076923076927,0.036923076923076927,0.06153846153846154,0.08615384615384615,0.04923076923076923,0.06769230769230769,0.006153846153846154,0.03076923076923077,0.21052631578947367,0.15789473684210525,0.23684210526315788,0.39473684210526316,25,31
"RNCMPT00274,min,GAUGAGA,RBD_v3_062734",57,0,325,35,0.07076923076923076,0.009230769230769232,0.04923076923076923,0.046153846153846156,0.055384615384615386,0.08923076923076922,0.024615384615384615,0.05846153846153846,0.052307692307692305,0.06769230769230769,0.03076923076923077,0.07076923076923076,0.036923076923076927,0.036923076923076927,0.06153846153846154,0.08615384615384615,0.04923076923076923,0.06769230769230769,0.006153846153846154,0.03076923076923077,0.2571428571428571,0.34285714285714286,0.3142857142857143,0.08571428571428572,23,29
"RNCMPT00274,min,GAUGAGA,RBD_v3_070712",57,0,325,35,0.07076923076923076,0.009230769230769232,0.04923076923076923,0.046153846153846156,0.055384615384615386,0.08923076923076922,0.024615384615384615,0.05846153846153846,0.052307692307692305,0.06769230769230769,0.03076923076923077,0.07076923076923076,0.036923076923076927,0.036923076923076927,0.06153846153846154,0.08615384615384615,0.04923076923076923,0.06769230769230769,0.006153846153846154,0.03076923076923077,0.34285714285714286,0.2,0.34285714285714286,0.11428571428571428,7,13
"RNCMPT00274,min,GAUGAGA,RBD_v3_213462",57,0,325,38,0.07076923076923076,0.009230769230769232,0.04923076923076923,0.046153846153846156,0.055384615384615386,0.08923076923076922,0.024615384615384615,0.05846153846153846,0.052307692307692305,0.06769230769230769,0.03076923076923077,0.07076923076923076,0.036923076923076927,0.036923076923076927,0.06153846153846154,0.08615384615384615,0.04923076923076923,0.06769230769230769,0.006153846153846154,0.03076923076923077,0.34210526315789475,0.18421052631578946,0.3157894736842105,0.15789473684210525,11,17
"RNCMPT00278,max,AGACACA,RBD_v3_036156",83,1,177,38,0.07344632768361582,0.022598870056497175,0.04519774011299435,0.07344632768361582,0.03954802259887006,0.05084745762711865,0.02824858757062147,0.05084745762711865,0.096045197740113,0.07909604519774012,0.011299435028248588,0.05084745762711865,0.05084745762711865,0.05084745762711865,0.05084745762711865,0.05649717514124294,0.062146892655367235,0.05649717514124294,0.0,0.05084745762711865,0.47368421052631576,0.21052631578947367,0.21052631578947367,0.10526315789473684,1,7
"RNCMPT00278,max,AGACACA,RBD_v3_054602",83,1,177,35,0.07344632768361582,0.022598870056497175,0.04519774011299435,0.07344632768361582,0.03954802259887006,0.05084745762711865,0.02824858757062147,0.05084745762711865,0.096045197740113,0.07909604519774012,0.011299435028248588,0.05084745762711865,0.05084745762711865,0.05084745762711865,0.05084745762711865,0.05649717514124294,0.062146892655367235,0.05649717514124294,0.0,0.05084745762711865,0.2571428571428571,0.2,0.2571428571428571,0.2857142857142857,1,7
"RNCMPT00278,max,AGACAGA,RBD_v3_128657",83,1,177,30,0.07344632768361582,0.022598870056497175,0.04519774011299435,0.07344632768361582,0.03954802259887006,0.05084745762711865,0.02824858757062147,0.05084745762711865,0.096045197740113,0.07909604519774012,0.011299435028248588,0.05084745762711865,0.05084745762711865,0.05084745762711865,0.05084745762711865,0.05649717514124294,0.062146892655367235,0.05649717514124294,0.0,0.05084745762711865,0.3333333333333333,0.3333333333333333,0.23333333333333334,0.1,1,7
"RNCMPT00278,min,GAUUUGA,RBD_v3_049324",83,0,177,35,0.07344632768361582,0.022598870056497175,0.04519774011299435,0.07344632768361582,0.03954802259887006,0.05084745762711865,0.02824858757062147,0.05084745762711865,0.096045197740113,0.07909604519774012,0.011299435028248588,0.05084745762711865,0.05084745762711865,0.05084745762711865,0.05084745762711865,0.05649717514124294,0.062146892655367235,0.05649717514124294,0.0,0.05084745762711865,0.2857142857142857,0.11428571428571428,0.37142857142857144,0.22857142857142856,2,8
"RNCMPT00278,min,GAUUUGA,RBD_v3_078948",83,0,177,38,0.07344632768361582,0.022598870056497175,0.04519774011299435,0.07344632768361582,0.03954802259887006,0.05084745762711865,0.02824858757062147,0.05084745762711865,0.096045197740113,0.07909604519774012,0.011299435028248588,0.05084745762711865,0.05084745762711865,0.05084745762711865,0.05084745762711865,0.05649717514124294,0.062146892655367235,0.05649717514124294,0.0,0.05084745762711865,0.2631578947368421,0.15789473684210525,0.3684210526315789,0.21052631578947367,17,23
"RNCMPT00278,min,GAUUUGA,RBD_v3_240867",83,0,177,38,0.07344632768361582,0.022598870056497175,0.04519774011299435,0.07344632768361582,0.03954802259887006,0.05084745762711865,0.02824858757062147,0.05084745762711865,0.096045197740113,0.07909604519774012,0.011299435028248588,0.05084745762711865,0.05084745762711865,0.05084745762711865,0.05084745762711865,0.05649717514124294,0.062146892655367235,0.05649717514124294,0.0,0.05084745762711865,0.21052631578947367,0.2631578947368421,0.21052631578947367,0.3157894736842105,31,37
"RNCMPT00279,max,AGAUGAA,RBD_v3_148299",125,1,340,35,0.08529411764705883,0.020588235294117647,0.05,0.09411764705882353,0.03235294117647059,0.08235294117647059,0.01764705882352941,0.05,0.061764705882352944,0.061764705882352944,0.03823529411764706,0.03823529411764706,0.05588235294117647,0.029411764705882353,0.06764705882352941,0.020588235294117647,0.041176470588235294,0.08823529411764706,0.008823529411764706,0.05588235294117647,0.4,0.17142857142857143,0.2857142857142857,0.14285714285714285,1,7
"RNCMPT00279,max,AGAUGAA,RBD_v3_207447",125,1,340,38,0.08529411764705883,0.020588235294117647,0.05,0.09411764705882353,0.03235294117647059,0.08235294117647059,0.01764705882352941,0.05,0.061764705882352944,0.061764705882352944,0.03823529411764706,0.03823529411764706,0.05588235294117647,0.029411764705882353,0.06764705882352941,0.020588235294117647,0.041176470588235294,0.08823529411764706,0.008823529411764706,0.05588235294117647,0.42105263157894735,0.18421052631578946,0.18421052631578946,0.21052631578947367,1,7
"RNCMPT00279,max,AGAUGAU,RBD_v3_067771",125,1,340,38,0.08529411764705883,0.020588235294117647,0.05,0.09411764705882353,0.03235294117647059,0.08235294117647059,0.01764705882352941,0.05,0.061764705882352944,0.061764705882352944,0.03823529411764706,0.03823529411764706,0.05588235294117647,0.029411764705882353,0.06764705882352941,0.020588235294117647,0.041176470588235294,0.08823529411764706,0.008823529411764706,0.05588235294117647,0.42105263157894735,0.05263157894736842,0.2894736842105263,0.23684210526315788,17,23
"RNCMPT00279,min,GUUCGUC,RBD_v3_148666",125,0,340,35,0.08529411764705883,0.020588235294117647,0.05,0.09411764705882353,0.03235294117647059,0.08235294117647059,0.01764705882352941,0.05,0.061764705882352944,0.061764705882352944,0.03823529411764706,0.03823529411764706,0.05588235294117647,0.029411764705882353,0.06764705882352941,0.020588235294117647,0.041176470588235294,0.08823529411764706,0.008823529411764706,0.05588235294117647,0.17142857142857143,0.3142857142857143,0.2857142857142857,0.22857142857142856,20,26
"RNCMPT00279,min,GUUGUGU,RBD_v3_209914",125,0,340,30,0.08529411764705883,0.020588235294117647,0.05,0.09411764705882353,0.03235294117647059,0.08235294117647059,0.01764705882352941,0.05,0.061764705882352944,0.061764705882352944,0.03823529411764706,0.03823529411764706,0.05588235294117647,0.029411764705882353,0.06764705882352941,0.020588235294117647,0.041176470588235294,0.08823529411764706,0.008823529411764706,0.05588235294117647,0.16666666666666666,0.13333333333333333,0.3333333333333333,0.36666666666666664,20,26
"RNCMPT00279,min,UGUUCGU,RBD_v3_031083",125,0,340,35,0.08529411764705883,0.020588235294117647,0.05,0.09411764705882353,0.03235294117647059,0.08235294117647059,0.01764705882352941,0.05,0.061764705882352944,0.061764705882352944,0.03823529411764706,0.03823529411764706,0.05588235294117647,0.029411764705882353,0.06764705882352941,0.020588235294117647,0.041176470588235294,0.08823529411764706,0.008823529411764706,0.05588235294117647,0.2571428571428571,0.34285714285714286,0.17142857142857143,0.22857142857142856,11,17
"RNCMPT00280,max,AGAUGAA,RBD_v3_207447",144,1,340,38,0.08235294117647059,0.020588235294117647,0.047058823529411764,0.09705882352941177,0.03823529411764706,0.08235294117647059,0.011764705882352941,0.05588235294117647,0.06764705882352941,0.052941176470588235,0.03823529411764706,0.03529411764705882,0.05588235294117647,0.029411764705882353,0.06764705882352941,0.03529411764705882,0.04411764705882353,0.08235294117647059,0.008823529411764706,0.047058823529411764,0.42105263157894735,0.18421052631578946,0.18421052631578946,0.21052631578947367,1,7
"RNCMPT00280,max,AGAUGAA,RBD_v3_219699",144,1,340,38,0.08235294117647059,0.020588235294117647,0.047058823529411764,0.09705882352941177,0.03823529411764706,0.08235294117647059,0.011764705882352941,0.05588235294117647,0.06764705882352941,0.052941176470588235,0.03823529411764706,0.03529411764705882,0.05588235294117647,0.029411764705882353,0.06764705882352941,0.03529411764705882,0.04411764705882353,0.08235294117647059,0.008823529411764706,0.047058823529411764,0.34210526315789475,0.21052631578947367,0.2631578947368421,0.18421052631578946,8,14
"RNCMPT00280,max,AUGAUUA,RBD_v3_206741",144,1,340,38,0.08235294117647059,0.020588235294117647,0.047058823529411764,0.09705882352941177,0.03823529411764706,0.08235294117647059,0.011764705882352941,0.05588235294117647,0.06764705882352941,0.052941176470588235,0.03823529411764706,0.03529411764705882,0.05588235294117647,0.029411764705882353,0.06764705882352941,0.03529411764705882,0.04411764705882353,0.08235294117647059,0.008823529411764706,0.047058823529411764,0.4473684210526316,0.21052631578947367,0.21052631578947367,0.13157894736842105,21,27
"RNCMPT00280,min,GUGAGGU,RBD_v3_100832",144,0,340,30,0.08235294117647059,0.020588235294117647,0.047058823529411764,0.09705882352941177,0.03823529411764706,0.08235294117647059,0.011764705882352941,0.05588235294117647,0.06764705882352941,0.052941176470588235,0.03823529411764706,0.03529411764705882,0.05588235294117647,0.029411764705882353,0.06764705882352941,0.03529411764705882,0.04411764705882353,0.08235294117647059,0.008823529411764706,0.047058823529411764,0.26666666666666666,0.16666666666666666,0.23333333333333334,0.3333333333333333,20,26
"RNCMPT00280,min,GUGAGUC,RBD_v3_160122",144,0,340,35,0.08235294117647059,0.020588235294117647,0.047058823529411764,0.09705882352941177,0.03823529411764706,0.08235294117647059,0.011764705882352941,0.05588235294117647,0.06764705882352941,0.052941176470588235,0.03823529411764706,0.03529411764705882,0.05588235294117647,0.029411764705882353,0.06764705882352941,0.03529411764705882,0.04411764705882353,0.08235294117647059,0.008823529411764706,0.047058823529411764,0.22857142857142856,0.22857142857142856,0.34285714285714286,0.2,15,21
"RNCMPT00280,min,GUGAGUU,RBD_v3_176940",144,0,340,30,0.08235294117647059,0.020588235294117647,0.047058823529411764,0.09705882352941177,0.03823529411764706,0.08235294117647059,0.011764705882352941,0.05588235294117647,0.06764705882352941,0.052941176470588235,0.03823529411764706,0.03529411764705882,0.05588235294117647,0.029411764705882353,0.06764705882352941,0.03529411764705882,0.04411764705882353,0.08235294117647059,0.008823529411764706,0.047058823529411764,0.23333333333333334,0.16666666666666666,0.36666666666666664,0.23333333333333334,12,18
"RNCMPT00281,max,AAAAAAG,RBD_v3_047412",166,1,339,38,0.061946902654867256,0.008849557522123894,0.05604719764011799,0.09144542772861357,0.0471976401179941,0.08849557522123894,0.02064896755162242,0.04424778761061947,0.09734513274336283,0.06489675516224189,0.02359882005899705,0.035398230088495575,0.058997050147492625,0.035398230088495575,0.061946902654867256,0.032448377581120944,0.0471976401179941,0.07964601769911504,0.008849557522123894,0.035398230088495575,0.39473684210526316,0.21052631578947367,0.18421052631578946,0.21052631578947367,8,14
"RNCMPT00281,max,AAAAAAG,RBD_v3_203897",166,1,339,35,0.061946902654867256,0.008849557522123894,0.05604719764011799,0.09144542772861357,0.0471976401179941,0.08849557522123894,0.02064896755162242,0.04424778761061947,0.09734513274336283,0.06489675516224189,0.02359882005899705,0.035398230088495575,0.058997050147492625,0.035398230088495575,0.061946902654867256,0.032448377581120944,0.0471976401179941,0.07964601769911504,0.008849557522123894,0.035398230088495575,0.45714285714285713,0.2,0.2,0.14285714285714285,23,29
"RNCMPT00281,max,AAAAAGC,RBD_v3_017848",166,1,339,38,0.061946902654867256,0.008849557522123894,0.05604719764011799,0.09144542772861357,0.0471976401179941,0.08849557522123894,0.02064896755162242,0.04424778761061947,0.09734513274336283,0.06489675516224189,0.02359882005899705,0.035398230088495575,0.058997050147492625,0.035398230088495575,0.061946902654867256,0.032448377581120944,0.0471976401179941,0.07964601769911504,0.008849557522123894,0.035398230088495575,0.4473684210526316,0.13157894736842105,0.21052631578947367,0.21052631578947367,28,34
"RNCMPT00281,min,CCCCCCG,RBD_v3_203917",166,0,339,38,0.061946902654867256,0.008849557522123894,0.05604719764011799,0.09144542772861357,0.0471976401179941,0.08849557522123894,0.02064896755162242,0.04424778761061947,0.09734513274336283,0.06489675516224189,0.02359882005899705,0.035398230088495575,0.058997050147492625,0.035398230088495575,0.061946902654867256,0.032448377581120944,0.0471976401179941,0.07964601769911504,0.008849557522123894,0.035398230088495575,0.2894736842105263,0.3684210526315789,0.21052631578947367,0.13157894736842105,13,19
"RNCMPT00281,min,CCCCCCU,RBD_v3_169715",166,0,339,38,0.061946902654867256,0.008849557522123894,0.05604719764011799,0.09144542772861357,0.0471976401179941,0.08849557522123894,0.02064896755162242,0.04424778761061947,0.09734513274336283,0.06489675516224189,0.02359882005899705,0.035398230088495575,0.058997050147492625,0.035398230088495575,0.061946902654867256,0.032448377581120944,0.0471976401179941,0.07964601769911504,0.008849557522123894,0.035398230088495575,0.23684210526315788,0.2894736842105263,0.21052631578947367,0.2631578947368421,21,27
"RNCMPT00281,min,CCCCCCU,RBD_v3_210390",166,0,339,35,0.061946902654867256,0.008849557522123894,0.05604719764011799,0.09144542772861357,0.0471976401179941,0.08849557522123894,0.02064896755162242,0.04424778761061947,0.09734513274336283,0.06489675516224189,0.02359882005899705,0.035398230088495575,0.058997050147492625,0.035398230088495575,0.061946902654867256,0.032448377581120944,0.0471976401179941,0.07964601769911504,0.008849557522123894,0.035398230088495575,0.2571428571428571,0.42857142857142855,0.17142857142857143,0.14285714285714285,17,23
"RNCMPT00282,max,CAACUAC,RBD_v3_204796",143,1,148,38,0.04054054054054054,0.013513513513513514,0.08108108108108109,0.07432432432432433,0.04054054054054054,0.060810810810810814,0.0,0.033783783783783786,0.13513513513513514,0.06756756756756757,0.02027027027027027,0.033783783783783786,0.0472972972972973,0.033783783783783786,0.10810810810810811,0.05405405405405406,0.033783783783783786,0.07432432432432433,0.02027027027027027,0.02702702702702703,0.2631578947368421,0.34210526315789475,0.21052631578947367,0.18421052631578946,13,19
"RNCMPT00282,max,CCAACUA,RBD_v3_148644",143,1,148,38,0.04054054054054054,0.013513513513513514,0.08108108108108109,0.07432432432432433,0.04054054054054054,0.060810810810810814,0.0,0.033783783783783786,0.13513513513513514,0.06756756756756757,0.02027027027027027,0.033783783783783786,0.0472972972972973,0.033783783783783786,0.10810810810810811,0.05405405405405406,0.033783783783783786,0.07432432432432433,0.02027027027027027,0.02702702702702703,0.34210526315789475,0.15789473684210525,0.2894736842105263,0.21052631578947367,17,23
"RNCMPT00282,max,CCAACUA,RBD_v3_151425",143,1,148,38,0.04054054054054054,0.013513513513513514,0.08108108108108109,0.07432432432432433,0.04054054054054054,0.060810810810810814,0.0,0.033783783783783786,0.13513513513513514,0.06756756756756757,0.02027027027027027,0.033783783783783786,0.0472972972972973,0.033783783783783786,0.10810810810810811,0.05405405405405406,0.033783783783783786,0.07432432432432433,0.02027027027027027,0.02702702702702703,0.23684210526315788,0.2894736842105263,0.23684210526315788,0.23684210526315788,17,23
"RNCMPT00282,min,AGAGUCG,RBD_v3_059864",143,0,148,30,0.04054054054054054,0.013513513513513514,0.08108108108108109,0.07432432432432433,0.04054054054054054,0.060810810810810814,0.0,0.033783783783783786,0.13513513513513514,0.06756756756756757,0.02027027027027027,0.033783783783783786,0.0472972972972973,0.033783783783783786,0.10810810810810811,0.05405405405405406,0.033783783783783786,0.07432432432432433,0.02027027027027027,0.02702702702702703,0.26666666666666666,0.23333333333333334,0.26666666666666666,0.23333333333333334,1,7
"RNCMPT00282,min,GAGUCGU,RBD_v3_223071",143,0,148,38,0.04054054054054054,0.013513513513513514,0.08108108108108109,0.07432432432432433,0.04054054054054054,0.060810810810810814,0.0,0.033783783783783786,0.13513513513513514,0.06756756756756757,0.02027027027027027,0.033783783783783786,0.0472972972972973,0.033783783783783786,0.10810810810810811,0.05405405405405406,0.033783783783783786,0.07432432432432433,0.02027027027027027,0.02702702702702703,0.34210526315789475,0.23684210526315788,0.15789473684210525,0.2631578947368421,14,20
"RNCMPT00282,min,GUGAGUC,RBD_v3_218560",143,0,148,38,0.04054054054054054,0.013513513513513514,0.08108108108108109,0.07432432432432433,0.04054054054054054,0.060810810810810814,0.0,0.033783783783783786,0.13513513513513514,0.06756756756756757,0.02027027027027027,0.033783783783783786,0.0472972972972973,0.033783783783783786,0.10810810810810811,0.05405405405405406,0.033783783783783786,0.07432432432432433,0.02027027027027027,0.02702702702702703,0.34210526315789475,0.23684210526315788,0.2631578947368421,0.15789473684210525,8,14
"RNCMPT00283,max,GAGUGUG,RBD_v3_031640",141,1,145,38,0.06206896551724138,0.006896551724137931,0.05517241379310345,0.027586206896551724,0.041379310344827586,0.08275862068965517,0.020689655172413793,0.04827586206896552,0.05517241379310345,0.07586206896551724,0.027586206896551724,0.027586206896551724,0.06896551724137931,0.06896551724137931,0.04827586206896552,0.05517241379310345,0.09655172413793103,0.06896551724137931,0.0,0.06206896551724138,0.23684210526315788,0.18421052631578946,0.2894736842105263,0.2894736842105263,2,8
"RNCMPT00283,max,GUGUGUG,RBD_v3_104995",141,1,145,30,0.06206896551724138,0.006896551724137931,0.05517241379310345,0.027586206896551724,0.041379310344827586,0.08275862068965517,0.020689655172413793,0.04827586206896552,0.05517241379310345,0.07586206896551724,0.027586206896551724,0.027586206896551724,0.06896551724137931,0.06896551724137931,0.04827586206896552,0.05517241379310345,0.09655172413793103,0.06896551724137931,0.0,0.06206896551724138,0.23333333333333334,0.16666666666666666,0.3333333333333333,0.26666666666666666,11,17
"RNCMPT00283,max,GUGUGUG,RBD_v3_138402",141,1,145,35,0.06206896551724138,0.006896551724137931,0.05517241379310345,0.027586206896551724,0.041379310344827586,0.08275862068965517,0.020689655172413793,0.04827586206896552,0.05517241379310345,0.07586206896551724,0.027586206896551724,0.027586206896551724,0.06896551724137931,0.06896551724137931,0.04827586206896552,0.05517241379310345,0.09655172413793103,0.06896551724137931,0.0,0.06206896551724138,0.2857142857142857,0.17142857142857143,0.2857142857142857,0.2571428571428571,14,20
"RNCMPT00283,min,CACAAUU,RBD_v3_235880",141,0,145,38,0.06206896551724138,0.006896551724137931,0.05517241379310345,0.027586206896551724,0.041379310344827586,0.08275862068965517,0.020689655172413793,0.04827586206896552,0.05517241379310345,0.07586206896551724,0.027586206896551724,0.027586206896551724,0.06896551724137931,0.06896551724137931,0.04827586206896552,0.05517241379310345,0.09655172413793103,0.06896551724137931,0.0,0.06206896551724138,0.34210526315789475,0.21052631578947367,0.34210526315789475,0.10526315789473684,7,13
"RNCMPT00283,min,CCAAAUU,RBD_v3_188499",141,0,145,38,0.06206896551724138,0.006896551724137931,0.05517241379310345,0.027586206896551724,0.041379310344827586,0.08275862068965517,0.020689655172413793,0.04827586206896552,0.05517241379310345,0.07586206896551724,0.027586206896551724,0.027586206896551724,0.06896551724137931,0.06896551724137931,0.04827586206896552,0.05517241379310345,0.09655172413793103,0.06896551724137931,0.0,0.06206896551724138,0.34210526315789475,0.15789473684210525,0.2631578947368421,0.23684210526315788,5,11
"RNCMPT00283,min,GACUCAC,RBD_v3_078845",141,0,145,35,0.06206896551724138,0.006896551724137931,0.05517241379310345,0.027586206896551724,0.041379310344827586,0.08275862068965517,0.020689655172413793,0.04827586206896552,0.05517241379310345,0.07586206896551724,0.027586206896551724,0.027586206896551724,0.06896551724137931,0.06896551724137931,0.04827586206896552,0.05517241379310345,0.09655172413793103,0.06896551724137931,0.0,0.06206896551724138,0.2857142857142857,0.2857142857142857,0.2,0.22857142857142856,4,10
"RNCMPT00284,max,AGUGUGA,RBD_v3_006597",7,1,143,35,0.08391608391608392,0.013986013986013986,0.03496503496503497,0.04195804195804196,0.04895104895104895,0.11188811188811189,0.013986013986013986,0.04895104895104895,0.02097902097902098,0.06293706293706294,0.013986013986013986,0.04895104895104895,0.11188811188811189,0.03496503496503497,0.08391608391608392,0.04895104895104895,0.055944055944055944,0.055944055944055944,0.006993006993006993,0.055944055944055944,0.34285714285714286,0.11428571428571428,0.37142857142857144,0.17142857142857143,3,9
"RNCMPT00284,max,AGUGUGA,RBD_v3_040660",7,1,143,35,0.08391608391608392,0.013986013986013986,0.03496503496503497,0.04195804195804196,0.04895104895104895,0.11188811188811189,0.013986013986013986,0.04895104895104895,0.02097902097902098,0.06293706293706294,0.013986013986013986,0.04895104895104895,0.11188811188811189,0.03496503496503497,0.08391608391608392,0.04895104895104895,0.055944055944055944,0.055944055944055944,0.006993006993006993,0.055944055944055944,0.37142857142857144,0.11428571428571428,0.37142857142857144,0.14285714285714285,12,18
"RNCMPT00284,max,GAGUGUG,RBD_v3_031640",7,1,143,38,0.08391608391608392,0.013986013986013986,0.03496503496503497,0.04195804195804196,0.04895104895104895,0.11188811188811189,0.013986013986013986,0.04895104895104895,0.02097902097902098,0.06293706293706294,0.013986013986013986,0.04895104895104895,0.11188811188811189,0.03496503496503497,0.08391608391608392,0.04895104895104895,0.055944055944055944,0.055944055944055944,0.006993006993006993,0.055944055944055944,0.23684210526315788,0.18421052631578946,0.2894736842105263,0.2894736842105263,2,8
"RNCMPT00284,min,CACAAUU,RBD_v3_051256",7,0,143,38,0.08391608391608392,0.013986013986013986,0.03496503496503497,0.04195804195804196,0.04895104895104895,0.11188811188811189,0.013986013986013986,0.04895104895104895,0.02097902097902098,0.06293706293706294,0.013986013986013986,0.04895104895104895,0.11188811188811189,0.03496503496503497,0.08391608391608392,0.04895104895104895,0.055944055944055944,0.055944055944055944,0.006993006993006993,0.055944055944055944,0.18421052631578946,0.34210526315789475,0.21052631578947367,0.2631578947368421,16,22
"RNCMPT00284,min,CACAAUU,RBD_v3_169820",7,0,143,30,0.08391608391608392,0.013986013986013986,0.03496503496503497,0.04195804195804196,0.04895104895104895,0.11188811188811189,0.013986013986013986,0.04895104895104895,0.02097902097902098,0.06293706293706294,0.013986013986013986,0.04895104895104895,0.11188811188811189,0.03496503496503497,0.08391608391608392,0.04895104895104895,0.055944055944055944,0.055944055944055944,0.006993006993006993,0.055944055944055944,0.36666666666666664,0.13333333333333333,0.2,0.3,8,14
"RNCMPT00284,min,CAUUUCU,RBD_v3_108576",7,0,143,35,0.08391608391608392,0.013986013986013986,0.03496503496503497,0.04195804195804196,0.04895104895104895,0.11188811188811189,0.013986013986013986,0.04895104895104895,0.02097902097902098,0.06293706293706294,0.013986013986013986,0.04895104895104895,0.11188811188811189,0.03496503496503497,0.08391608391608392,0.04895104895104895,0.055944055944055944,0.055944055944055944,0.006993006993006993,0.055944055944055944,0.2,0.2571428571428571,0.2,0.34285714285714286,19,25
"RNCMPT00285,max,GAGUGUG,RBD_v3_031640",140,1,131,38,0.08396946564885496,0.007633587786259542,0.05343511450381679,0.030534351145038167,0.061068702290076333,0.08396946564885496,0.030534351145038167,0.06870229007633588,0.05343511450381679,0.030534351145038167,0.022900763358778626,0.022900763358778626,0.08396946564885496,0.05343511450381679,0.061068702290076333,0.03816793893129771,0.08396946564885496,0.06870229007633588,0.0,0.061068702290076333,0.23684210526315788,0.18421052631578946,0.2894736842105263,0.2894736842105263,2,8
"RNCMPT00285,max,GAGUGUG,RBD_v3_064069",140,1,131,38,0.08396946564885496,0.007633587786259542,0.05343511450381679,0.030534351145038167,0.061068702290076333,0.08396946564885496,0.030534351145038167,0.06870229007633588,0.05343511450381679,0.030534351145038167,0.022900763358778626,0.022900763358778626,0.08396946564885496,0.05343511450381679,0.061068702290076333,0.03816793893129771,0.08396946564885496,0.06870229007633588,0.0,0.061068702290076333,0.2894736842105263,0.15789473684210525,0.34210526315789475,0.21052631578947367,2,8
"RNCMPT00285,max,GUGUGUG,RBD_v3_138402",140,1,131,35,0.08396946564885496,0.007633587786259542,0.05343511450381679,0.030534351145038167,0.061068702290076333,0.08396946564885496,0.030534351145038167,0.06870229007633588,0.05343511450381679,0.030534351145038167,0.022900763358778626,0.022900763358778626,0.08396946564885496,0.05343511450381679,0.061068702290076333,0.03816793893129771,0.08396946564885496,0.06870229007633588,0.0,0.061068702290076333,0.2857142857142857,0.17142857142857143,0.2857142857142857,0.2571428571428571,14,20
"RNCMPT00285,min,AGGCACA,RBD_v3_178988",140,0,131,38,0.08396946564885496,0.007633587786259542,0.05343511450381679,0.030534351145038167,0.061068702290076333,0.08396946564885496,0.030534351145038167,0.06870229007633588,0.05343511450381679,0.030534351145038167,0.022900763358778626,0.022900763358778626,0.08396946564885496,0.05343511450381679,0.061068702290076333,0.03816793893129771,0.08396946564885496,0.06870229007633588,0.0,0.061068702290076333,0.3684210526315789,0.2631578947368421,0.13157894736842105,0.23684210526315788,1,7
"RNCMPT00285,min,AGGCACA,RBD_v3_189773",140,0,131,38,0.08396946564885496,0.007633587786259542,0.05343511450381679,0.030534351145038167,0.061068702290076333,0.08396946564885496,0.030534351145038167,0.06870229007633588,0.05343511450381679,0.030534351145038167,0.022900763358778626,0.022900763358778626,0.08396946564885496,0.05343511450381679,0.061068702290076333,0.03816793893129771,0.08396946564885496,0.06870229007633588,0.0,0.061068702290076333,0.3157894736842105,0.21052631578947367,0.2894736842105263,0.18421052631578946,1,7
"RNCMPT00285,min,CACUCAA,RBD_v3_035610",140,0,131,30,0.08396946564885496,0.007633587786259542,0.05343511450381679,0.030534351145038167,0.061068702290076333,0.08396946564885496,0.030534351145038167,0.06870229007633588,0.05343511450381679,0.030534351145038167,0.022900763358778626,0.022900763358778626,0.08396946564885496,0.05343511450381679,0.061068702290076333,0.03816793893129771,0.08396946564885496,0.06870229007633588,0.0,0.061068702290076333,0.4,0.3333333333333333,0.03333333333333333,0.23333333333333334,8,14
"RNCMPT00287,max,CUACUAC,RBD_v3_035199",6,1,171,38,0.07017543859649122,0.0,0.05263157894736842,0.029239766081871343,0.04093567251461988,0.13450292397660818,0.017543859649122806,0.017543859649122806,0.10526315789473684,0.04678362573099415,0.005847953216374269,0.03508771929824561,0.04093567251461988,0.03508771929824561,0.05847953216374269,0.08187134502923976,0.1111111111111111,0.07602339181286549,0.011695906432748537,0.029239766081871343,0.23684210526315788,0.2631578947368421,0.18421052631578946,0.3157894736842105,25,31
"RNCMPT00287,max,CUACUAC,RBD_v3_154173",6,1,171,35,0.07017543859649122,0.0,0.05263157894736842,0.029239766081871343,0.04093567251461988,0.13450292397660818,0.017543859649122806,0.017543859649122806,0.10526315789473684,0.04678362573099415,0.005847953216374269,0.03508771929824561,0.04093567251461988,0.03508771929824561,0.05847953216374269,0.08187134502923976,0.1111111111111111,0.07602339181286549,0.011695906432748537,0.029239766081871343,0.2,0.34285714285714286,0.17142857142857143,0.2857142857142857,6,12
"RNCMPT00287,max,CUACUAC,RBD_v3_197552",6,1,171,38,0.07017543859649122,0.0,0.05263157894736842,0.029239766081871343,0.04093567251461988,0.13450292397660818,0.017543859649122806,0.017543859649122806,0.10526315789473684,0.04678362573099415,0.005847953216374269,0.03508771929824561,0.04093567251461988,0.03508771929824561,0.05847953216374269,0.08187134502923976,0.1111111111111111,0.07602339181286549,0.011695906432748537,0.029239766081871343,0.2631578947368421,0.34210526315789475,0.15789473684210525,0.23684210526315788,5,11
"RNCMPT00287,min,AGAAUGA,RBD_v3_215633",6,0,171,38,0.07017543859649122,0.0,0.05263157894736842,0.029239766081871343,0.04093567251461988,0.13450292397660818,0.017543859649122806,0.017543859649122806,0.10526315789473684,0.04678362573099415,0.005847953216374269,0.03508771929824561,0.04093567251461988,0.03508771929824561,0.05847953216374269,0.08187134502923976,0.1111111111111111,0.07602339181286549,0.011695906432748537,0.029239766081871343,0.39473684210526316,0.15789473684210525,0.23684210526315788,0.21052631578947367,29,35
"RNCMPT00287,min,AGAUUAG,RBD_v3_107604",6,0,171,35,0.07017543859649122,0.0,0.05263157894736842,0.029239766081871343,0.04093567251461988,0.13450292397660818,0.017543859649122806,0.017543859649122806,0.10526315789473684,0.04678362573099415,0.005847953216374269,0.03508771929824561,0.04093567251461988,0.03508771929824561,0.05847953216374269,0.08187134502923976,0.1111111111111111,0.07602339181286549,0.011695906432748537,0.029239766081871343,0.3142857142857143,0.2571428571428571,0.22857142857142856,0.2,1,7
"RNCMPT00287,min,AGAUUAG,RBD_v3_122053",6,0,171,30,0.07017543859649122,0.0,0.05263157894736842,0.029239766081871343,0.04093567251461988,0.13450292397660818,0.017543859649122806,0.017543859649122806,0.10526315789473684,0.04678362573099415,0.005847953216374269,0.03508771929824561,0.04093567251461988,0.03508771929824561,0.05847953216374269,0.08187134502923976,0.1111111111111111,0.07602339181286549,0.011695906432748537,0.029239766081871343,0.1,0.26666666666666666,0.3,0.3333333333333333,1,7
"RNCMPT00288,max,CAAAAUU,RBD_v3_183842",49,1,339,38,0.06784660766961652,0.011799410029498525,0.05604719764011799,0.09734513274336283,0.038348082595870206,0.08259587020648967,0.011799410029498525,0.04424778761061947,0.0943952802359882,0.06784660766961652,0.02064896755162242,0.035398230088495575,0.06784660766961652,0.02359882005899705,0.06784660766961652,0.035398230088495575,0.04424778761061947,0.08259587020648967,0.008849557522123894,0.04129793510324484,0.47368421052631576,0.18421052631578946,0.18421052631578946,0.15789473684210525,27,33
"RNCMPT00288,max,CCAAAUU,RBD_v3_063930",49,1,339,38,0.06784660766961652,0.011799410029498525,0.05604719764011799,0.09734513274336283,0.038348082595870206,0.08259587020648967,0.011799410029498525,0.04424778761061947,0.0943952802359882,0.06784660766961652,0.02064896755162242,0.035398230088495575,0.06784660766961652,0.02359882005899705,0.06784660766961652,0.035398230088495575,0.04424778761061947,0.08259587020648967,0.008849557522123894,0.04129793510324484,0.3684210526315789,0.2894736842105263,0.15789473684210525,0.18421052631578946,18,24
"RNCMPT00288,max,CCAAAUU,RBD_v3_137219",49,1,339,38,0.06784660766961652,0.011799410029498525,0.05604719764011799,0.09734513274336283,0.038348082595870206,0.08259587020648967,0.011799410029498525,0.04424778761061947,0.0943952802359882,0.06784660766961652,0.02064896755162242,0.035398230088495575,0.06784660766961652,0.02359882005899705,0.06784660766961652,0.035398230088495575,0.04424778761061947,0.08259587020648967,0.008849557522123894,0.04129793510324484,0.3684210526315789,0.18421052631578946,0.18421052631578946,0.2631578947368421,14,20
"RNCMPT00288,min,GAGUGGG,RBD_v3_107212",49,0,339,38,0.06784660766961652,0.011799410029498525,0.05604719764011799,0.09734513274336283,0.038348082595870206,0.08259587020648967,0.011799410029498525,0.04424778761061947,0.0943952802359882,0.06784660766961652,0.02064896755162242,0.035398230088495575,0.06784660766961652,0.02359882005899705,0.06784660766961652,0.035398230088495575,0.04424778761061947,0.08259587020648967,0.008849557522123894,0.04129793510324484,0.2631578947368421,0.15789473684210525,0.39473684210526316,0.18421052631578946,13,19
"RNCMPT00288,min,GGGUGGG,RBD_v3_163493",49,0,339,30,0.06784660766961652,0.011799410029498525,0.05604719764011799,0.09734513274336283,0.038348082595870206,0.08259587020648967,0.011799410029498525,0.04424778761061947,0.0943952802359882,0.06784660766961652,0.02064896755162242,0.035398230088495575,0.06784660766961652,0.02359882005899705,0.06784660766961652,0.035398230088495575,0.04424778761061947,0.08259587020648967,0.008849557522123894,0.04129793510324484,0.36666666666666664,0.1,0.3333333333333333,0.2,14,20
"RNCMPT00288,min,GGGUGGG,RBD_v3_188363",49,0,339,35,0.06784660766961652,0.011799410029498525,0.05604719764011799,0.09734513274336283,0.038348082595870206,0.08259587020648967,0.011799410029498525,0.04424778761061947,0.0943952802359882,0.06784660766961652,0.02064896755162242,0.035398230088495575,0.06784660766961652,0.02359882005899705,0.06784660766961652,0.035398230088495575,0.04424778761061947,0.08259587020648967,0.008849557522123894,0.04129793510324484,0.2571428571428571,0.14285714285714285,0.34285714285714286,0.2571428571428571,8,14
"RNCMPT00289,max,AAAAAAG,RBD_v3_203897",55,1,339,35,0.07374631268436578,0.011799410029498525,0.058997050147492625,0.09734513274336283,0.04129793510324484,0.08259587020648967,0.011799410029498525,0.04424778761061947,0.08849557522123894,0.06784660766961652,0.02064896755162242,0.032448377581120944,0.06784660766961652,0.02359882005899705,0.07079646017699115,0.04424778761061947,0.038348082595870206,0.07964601769911504,0.008849557522123894,0.035398230088495575,0.45714285714285713,0.2,0.2,0.14285714285714285,23,29
"RNCMPT00289,max,AAAAACG,RBD_v3_206741",55,1,339,38,0.07374631268436578,0.011799410029498525,0.058997050147492625,0.09734513274336283,0.04129793510324484,0.08259587020648967,0.011799410029498525,0.04424778761061947,0.08849557522123894,0.06784660766961652,0.02064896755162242,0.032448377581120944,0.06784660766961652,0.02359882005899705,0.07079646017699115,0.04424778761061947,0.038348082595870206,0.07964601769911504,0.008849557522123894,0.035398230088495575,0.4473684210526316,0.21052631578947367,0.21052631578947367,0.13157894736842105,4,10
"RNCMPT00289,max,AAAAAGC,RBD_v3_017848",55,1,339,38,0.07374631268436578,0.011799410029498525,0.058997050147492625,0.09734513274336283,0.04129793510324484,0.08259587020648967,0.011799410029498525,0.04424778761061947,0.08849557522123894,0.06784660766961652,0.02064896755162242,0.032448377581120944,0.06784660766961652,0.02359882005899705,0.07079646017699115,0.04424778761061947,0.038348082595870206,0.07964601769911504,0.008849557522123894,0.035398230088495575,0.4473684210526316,0.13157894736842105,0.21052631578947367,0.21052631578947367,28,34
"RNCMPT00289,min,GGGGGGG,RBD_v3_068209",55,0,339,38,0.07374631268436578,0.011799410029498525,0.058997050147492625,0.09734513274336283,0.04129793510324484,0.08259587020648967,0.011799410029498525,0.04424778761061947,0.08849557522123894,0.06784660766961652,0.02064896755162242,0.032448377581120944,0.06784660766961652,0.02359882005899705,0.07079646017699115,0.04424778761061947,0.038348082595870206,0.07964601769911504,0.008849557522123894,0.035398230088495575,0.15789473684210525,0.13157894736842105,0.47368421052631576,0.23684210526315788,32,38
"RNCMPT00289,min,GGGGGGG,RBD_v3_085759",55,0,339,38,0.07374631268436578,0.011799410029498525,0.058997050147492625,0.09734513274336283,0.04129793510324484,0.08259587020648967,0.011799410029498525,0.04424778761061947,0.08849557522123894,0.06784660766961652,0.02064896755162242,0.032448377581120944,0.06784660766961652,0.02359882005899705,0.07079646017699115,0.04424778761061947,0.038348082595870206,0.07964601769911504,0.008849557522123894,0.035398230088495575,0.3157894736842105,0.18421052631578946,0.3157894736842105,0.18421052631578946,2,8
"RNCMPT00289,min,GGUUUGG,RBD_v3_190178",55,0,339,30,0.07374631268436578,0.011799410029498525,0.058997050147492625,0.09734513274336283,0.04129793510324484,0.08259587020648967,0.011799410029498525,0.04424778761061947,0.08849557522123894,0.06784660766961652,0.02064896755162242,0.032448377581120944,0.06784660766961652,0.02359882005899705,0.07079646017699115,0.04424778761061947,0.038348082595870206,0.07964601769911504,0.008849557522123894,0.035398230088495575,0.23333333333333334,0.26666666666666666,0.3,0.2,11,17
"RNCMPT00291,max,GUAAUUG,RBD_v3_092283",0,1,340,30,0.08235294117647059,0.011764705882352941,0.052941176470588235,0.07941176470588235,0.03823529411764706,0.09411764705882353,0.014705882352941176,0.05588235294117647,0.07352941176470588,0.07058823529411765,0.026470588235294117,0.05,0.05,0.026470588235294117,0.07058823529411765,0.026470588235294117,0.047058823529411764,0.07647058823529412,0.008823529411764706,0.04411764705882353,0.3333333333333333,0.16666666666666666,0.3,0.2,21,27
"RNCMPT00291,max,UAAUUGG,RBD_v3_001695",0,1,340,38,0.08235294117647059,0.011764705882352941,0.052941176470588235,0.07941176470588235,0.03823529411764706,0.09411764705882353,0.014705882352941176,0.05588235294117647,0.07352941176470588,0.07058823529411765,0.026470588235294117,0.05,0.05,0.026470588235294117,0.07058823529411765,0.026470588235294117,0.047058823529411764,0.07647058823529412,0.008823529411764706,0.04411764705882353,0.2631578947368421,0.21052631578947367,0.21052631578947367,0.3157894736842105,9,15
"RNCMPT00291,max,UAAUUGG,RBD_v3_019822",0,1,340,30,0.08235294117647059,0.011764705882352941,0.052941176470588235,0.07941176470588235,0.03823529411764706,0.09411764705882353,0.014705882352941176,0.05588235294117647,0.07352941176470588,0.07058823529411765,0.026470588235294117,0.05,0.05,0.026470588235294117,0.07058823529411765,0.026470588235294117,0.047058823529411764,0.07647058823529412,0.008823529411764706,0.04411764705882353,0.26666666666666666,0.2,0.3,0.23333333333333334,22,28
"RNCMPT00291,min,GAGUCGU,RBD_v3_237122",0,0,340,38,0.08235294117647059,0.011764705882352941,0.052941176470588235,0.07941176470588235,0.03823529411764706,0.09411764705882353,0.014705882352941176,0.05588235294117647,0.07352941176470588,0.07058823529411765,0.026470588235294117,0.05,0.05,0.026470588235294117,0.07058823529411765,0.026470588235294117,0.047058823529411764,0.07647058823529412,0.008823529411764706,0.04411764705882353,0.21052631578947367,0.23684210526315788,0.23684210526315788,0.3157894736842105,31,37
"RNCMPT00291,min,GUUCGUC,RBD_v3_148666",0,0,340,35,0.08235294117647059,0.011764705882352941,0.052941176470588235,0.07941176470588235,0.03823529411764706,0.09411764705882353,0.014705882352941176,0.05588235294117647,0.07352941176470588,0.07058823529411765,0.026470588235294117,0.05,0.05,0.026470588235294117,0.07058823529411765,0.026470588235294117,0.047058823529411764,0.07647058823529412,0.008823529411764706,0.04411764705882353,0.17142857142857143,0.3142857142857143,0.2857142857142857,0.22857142857142856,20,26
"RNCMPT00291,min,UUUUUUU,RBD_v3_004513",0,0,340,35,0.08235294117647059,0.011764705882352941,0.052941176470588235,0.07941176470588235,0.03823529411764706,0.09411764705882353,0.014705882352941176,0.05588235294117647,0.07352941176470588,0.07058823529411765,0.026470588235294117,0.05,0.05,0.026470588235294117,0.07058823529411765,0.026470588235294117,0.047058823529411764,0.07647058823529412,0.008823529411764706,0.04411764705882353,0.14285714285714285,0.17142857142857143,0.2857142857142857,0.4,18,24
